id,target
25174,47.8162380952381
38453,67.21497619047618
29013,60.75067857142857
57463,67.60692586580087
51264,39.99096031746032
38911,66.28401785714284
1229,52.44300992063493
96000,60.1617361111111
10270,21.38912896825398
64513,43.585004509379516
102534,55.309931096681105
59037,36.03333730158731
34298,72.17111904761904
82669,27.90071428571429
100687,85.15541666666668
73522,51.959637515262514
48734,38.99854960317459
56168,56.0
84658,28.093818542568542
50646,35.05179761904763
1360,75.71955278570758
52095,52.10960461760464
65633,49.993182539682564
28205,46.56939051226552
57218,44.6790037878788
2601,52.789433982683974
85520,59.813775793650784
45402,66.94544696969697
93231,48.819749278499266
39300,68.27565386002887
67877,35.10489484126984
33330,69.87022451159952
79050,36.93403174603175
5081,43.6539562104562
13231,41.04465620490619
17628,37.45448885836385
80388,83.98392261904763
76808,41.85967225829726
100234,71.94067857142858
81256,56.16810912698413
57152,47.9340119047619
67477,67.94992482517482
74377,84.59216666666667
88292,74.59063308913309
102460,72.23388492063494
72878,14.27970995670995
77878,46.82941468253969
90885,41.5086797785548
5562,34.46356227106226
85283,75.9234199134199
66509,40.124419552669565
90296,78.23791666666666
4503,86.545
58293,30.67395833333333
64079,36.14820743145744
50451,47.48154166666665
77648,67.89150595238095
91697,44.873305763680726
28935,80.68386363636364
51809,44.94619642857142
57691,41.655123015873
23043,33.73262698412698
98788,38.236663059163064
46943,37.57069354256854
34807,56.369474206349224
50520,31.770698412698408
92943,81.07746703296704
75909,32.30716865079364
78218,71.9303888888889
13225,66.80975883838384
30514,49.10838708513709
82053,72.8442619047619
3112,73.16390873015875
75999,47.79005862193363
58460,72.33793253968255
90475,55.83636309523809
33888,38.64583658008658
9299,72.64958333333333
90094,44.79665043290042
35904,69.49377976190476
97149,35.58150198412699
86693,28.522654761904754
99331,47.03958571983572
83095,45.75363632201136
100329,37.154065476190475
93056,41.67836507936508
30873,51.90871031746031
28579,36.33860173160174
20217,70.98163308913308
67433,71.050947945845
56104,74.31258459595959
25681,36.933996031746034
10891,85.77068181818181
86004,41.120716422466415
36851,68.41142880485529
87094,43.02311785436785
12066,54.53058878621378
93555,37.585089285714275
79483,56.135218984962414
90391,74.25427380952381
85580,54.477669261294274
61181,39.01394642857143
98828,35.98975
36626,83.56623151629074
13846,56.36384722222223
55091,47.921670634920666
46425,52.156993284493254
1363,54.842390873015866
70646,45.706208333333315
86481,50.10451190476193
6316,61.71598023953172
37261,56.53709722222222
51903,57.18462179487179
68887,46.324942343604114
3893,59.89514069264069
29502,23.576605158730167
56572,48.10801785714282
18999,54.45166035353536
2587,72.8121349206349
7854,67.70351587301587
29378,44.19298412698412
2036,69.71313185425684
384,27.83825090187588
9674,29.86758531746032
66574,32.71065873015873
48355,47.11011507936508
51730,49.58303373015871
37643,49.80570436507934
51348,51.1293998917749
21597,63.509620018869974
9240,48.987746031746035
79816,77.881
93877,62.980897186147196
39407,40.65202182539683
86751,60.93089682539682
59338,67.76900793650796
56405,33.82820170107671
17866,45.038157647907646
64569,68.92591666666668
90600,51.71019751082251
25963,54.735090007215014
7961,26.710486111111116
39127,48.41672023809525
81991,68.42294642857144
52426,53.40049837662336
93850,60.16542460317461
83904,24.824038489288487
76946,28.916111471861463
55666,55.845476190476184
44289,62.825388888888895
8845,28.873117063492064
73107,55.23130735930735
96428,56.77876984126981
52052,66.29740674603175
100865,51.09474133249792
17457,54.394102425352415
61472,60.653705516705514
95172,43.56139989177491
93006,55.421956848706856
94581,60.42012500000001
43719,64.90315873015874
101570,56.069827380952376
56333,38.454652777777774
80782,53.86503431372548
28561,24.295778011204476
7871,69.48072527472529
14948,66.9048705648926
73653,33.92568181818182
57372,72.9519734563682
12414,47.76880212842713
61951,52.40759361471863
30372,40.822170634920624
28909,61.70523229548231
7009,36.496082611832605
101554,56.44250072150071
26085,50.22995634920636
100443,69.91672222222222
23262,71.77324420024422
97587,64.74687103174602
58705,53.031781746031754
21825,54.593922619047625
67844,38.843799603174595
64146,38.16922853535354
16120,60.80384908963586
23555,66.44859523809522
65554,51.86354761904763
70589,46.1426604090354
18725,60.99086111111114
99419,57.061282356532345
33451,40.887482142857145
67912,66.81800468975467
101073,43.307607323232325
39319,69.57612615373046
101711,43.814804043179045
23149,68.60583333333335
84451,77.7013235930736
47784,66.84936309523809
61553,66.03439231601733
37353,46.82446428571428
53168,89.93892857142855
90985,35.25785302197801
28546,40.94311652236654
94706,58.29522709235211
23231,70.5219123376623
34618,52.69113492063492
29137,55.09181746031745
31660,72.19756872294373
54047,52.261748015873025
93037,32.76103739316239
83173,48.344319624819626
32113,69.29040903540904
14395,32.65818156843156
67820,35.39794615107114
67040,51.8939483225108
83797,48.16174801587301
66231,43.39170093795093
49705,61.68962193362192
66764,57.08613849965823
72603,79.10055212842711
12468,24.905774531024527
54914,50.147482142857136
25137,69.96601007326008
59287,73.59301831501831
97008,69.71164392551891
29927,68.65664285714286
29356,53.92720634920633
68914,85.50142857142859
34806,51.354769674769656
47948,80.07908103351127
17065,63.99625
87547,35.09973863636363
37608,41.639827380952376
73001,60.13316132478632
77299,57.04938220551379
16735,59.63631547619047
18155,69.86490476190477
46480,66.62435912698413
8278,56.417817557442575
20781,33.01414592352092
3365,66.22405357142857
40100,70.37610239760237
55431,29.30791046453546
61484,45.135753968253965
70277,51.01190277777778
76867,69.84323830409356
24955,37.150628427128424
60828,33.820958333333344
22397,63.40155753968254
45920,66.0007281052281
76307,71.71588559969443
23948,81.38333333333334
53542,44.882464743589765
53625,40.366292929292946
72657,31.10196230158728
12093,45.136761002886
27991,41.709954609116366
29171,68.28895455932955
27844,80.985
36260,40.1799226190476
18861,39.87268722943722
69954,58.57688568376069
96138,72.12534902597403
21307,37.68397312409812
561,45.123468697968704
77051,48.29157301273605
16909,72.35647619047619
53517,35.42358928571427
56650,65.20376605339106
86556,52.506236111111114
50889,62.534075757575756
20658,43.524936507936516
42039,41.76419462481966
2936,33.44641573704074
94511,52.11393253968254
41830,40.33068253968254
15269,60.217277625152626
40190,52.77829761904761
88469,56.43541255966255
88531,22.38390151515151
5062,32.89790945165945
39591,45.95961904761907
93947,66.39573809523809
74130,48.43483694083694
69128,80.18439112398323
88896,37.92828456265957
42765,35.40833531746031
20325,42.02039484126985
66746,64.14107088744589
79642,43.73008333333333
67563,47.01362716450219
51951,60.29465476190475
20540,43.45068876262625
57913,63.9009790372671
20016,66.81506709956707
52745,43.68315476190475
66425,38.76240476190476
37685,69.6228706709957
80473,63.87102380952381
15919,80.25467113095239
56921,58.42720238095239
7392,59.337554945054954
79670,33.89793632756133
69266,43.62540025252523
65573,52.22782738095239
73198,43.27257647907649
23034,57.867226190476174
3495,46.26275183150182
1522,46.27410317460317
88656,57.048805985680985
89420,72.89308333333334
6168,60.326817460317464
26638,55.61613492063492
33248,42.32091486291486
43637,46.2515734126984
97437,68.19102115531528
96250,31.43274007936509
29856,48.153473665223665
27846,52.12601825396824
68876,69.48616125541125
17429,77.5376372180451
86647,56.25960119047619
23334,66.49913492063493
32234,72.05494597069598
71801,22.991454365079363
95706,26.753199023199027
41845,34.35530857949241
74067,37.72274404761905
28960,62.9013611111111
21442,72.6689880952381
69263,64.5032043650794
20470,37.800817987567996
99015,26.68855898268398
7204,35.15126172438674
72926,73.39203373015873
102030,64.55737994685055
16605,36.85464790764791
16632,47.04590873015873
25543,57.52950595238093
66480,73.86584766214177
92866,63.888607142857154
1766,37.041968253968264
51495,48.776724511599504
37839,44.603990620490606
28978,50.222376984126996
102258,42.97976028138526
95105,46.87802380952383
40118,45.143970238095235
39698,73.80068452380952
37594,61.98302777777778
64025,64.03254761904762
59992,77.60866666666668
44050,57.462674062049075
27523,75.89017857142856
11505,41.23906457431458
40413,55.21154166666669
20076,63.964941277472526
102136,66.77551839826842
65139,65.0378832972583
23407,27.882828504828503
37464,54.20149007936509
59916,60.09267388167389
12042,70.66967765567765
64577,47.03657738095236
81331,69.21203805916306
61920,34.4211865079365
39099,71.04077777777779
78166,47.46593109668107
73131,63.48594642857142
64995,41.679746031746056
43278,48.01588852813854
15509,76.41782418132418
99611,65.00011904761905
67257,57.94343253968253
96245,38.53827777777778
52205,53.270758116883115
67084,49.96051388888888
60524,43.391639430014436
76518,21.42275992063492
50679,73.76082020099896
1038,40.88448520923522
55932,61.583327960927946
82634,33.38565223665225
79774,41.36685840548343
35445,57.999658140470665
66283,70.2985579004329
37874,55.754882034632026
1129,46.662406746031756
44255,53.55565178571428
26531,55.0606197691198
67720,58.352103174603165
43546,56.903523809523804
86304,76.24500134587633
54034,34.466422258297264
23102,48.30069444444445
75085,39.914545995671
89886,71.80348244810745
80597,34.38903571428571
68422,72.11456746031745
89966,33.04628571428571
41867,66.91477976190477
86966,72.64314102564103
53117,54.12202453102453
34227,42.77581998556999
24411,83.19211904761903
44985,37.51401190476189
18292,43.964937950937944
62252,74.27770355204164
3776,62.819464285714304
8155,60.986720980258134
44643,37.31763492063491
85819,65.75510119047618
18926,52.335708333333315
15051,58.71512863933452
21057,49.26317622655123
67219,77.43934722222221
85931,73.77269101731603
67760,40.097028499278494
56298,81.89790476190477
99579,47.18817261904762
56522,70.6754107142857
65348,37.66740169552669
22855,69.01005555555555
64814,39.018124819624816
64759,33.254123015873
79136,60.85366666666667
18683,62.057062049062054
88070,68.74320833333333
19704,61.547299963925
77265,26.822660894660885
32378,74.13773326898328
31652,66.27513665479687
69355,64.16653520254255
74731,38.925333333333334
56810,34.06752182539681
52075,41.72895544733043
68203,67.07769444444446
100238,69.46609992784994
52796,33.46069642857144
24678,37.79767135642135
58568,63.01126388888889
84344,67.38990873015874
80066,77.97586688311691
78648,63.65046138583639
7840,76.47140476190478
56387,69.99621031746032
7102,72.72139069264067
53235,57.04693380230879
92914,52.19671625759861
15197,31.341629578754564
67686,40.59409325396826
74333,51.697908730158716
72818,51.45519173881673
80826,37.796285714285716
99341,58.15828968253969
6895,37.13126190476191
81241,42.91041865079364
34998,72.5183795093795
15001,33.17287500000002
65601,48.436101712614864
801,59.67266326361546
23401,33.75766468253969
48766,39.26609523809523
7512,69.07332242063494
72238,39.01473701298701
24405,39.52180862193363
41046,43.79090584415585
30040,61.560568181818184
4331,56.16135515873018
90802,65.59385330261138
19690,64.76896482683985
28920,45.810108766233746
63849,31.924066919191915
53012,53.8022633028736
14970,72.315662989788
100686,46.264631673881674
29119,62.16031944444445
47898,73.91997619047619
86388,42.35247619047618
100259,68.88673214285714
25668,52.46931349206348
48509,67.4624365079365
17366,54.93816468253967
63991,55.00949675324676
100528,56.44068253968253
27299,85.26811567599069
74367,34.31578571428572
35579,38.978380772005785
8470,30.728874458874458
32785,71.15447619047617
89832,43.397465007215004
29223,47.364107683982674
76819,68.64953571428572
35319,39.60991161616162
67683,52.22400288600289
10462,29.52325198412699
99150,32.55717225829727
44618,41.62237481962481
71516,45.281545815295814
452,64.05332142857142
32070,53.58269537815127
85512,33.87196699134199
40581,44.55274801587303
70287,34.482337301587314
102544,35.539223665223666
35374,36.41047420634921
31083,67.90095238095239
63328,52.119957722832744
79069,60.2910575396825
82381,56.38137734487732
82000,44.278446428571435
17444,69.91661507936509
75006,21.50479166666667
1625,46.02431457431456
15732,72.16381926406928
85953,78.98373015873015
12170,41.405199855699856
65872,57.2592269119769
61894,64.29778342490843
37250,51.970833333333346
95582,73.54751292322604
23003,84.90441666666666
43905,46.835998015873045
60297,77.93996938368649
17578,80.64205555555556
20622,70.51408549783551
42469,49.50842153679653
84521,55.813283369408374
58464,70.47225274725274
3597,29.84484722222222
72504,58.44900865800867
29935,75.935375
10116,60.15639682539681
61776,62.79785515873015
57839,43.30166702741704
88219,36.209059523809515
25064,40.018690476190486
39513,35.45803526334777
64340,73.48691666666667
18742,36.175148809523805
66223,71.72913095238096
62850,31.887503607503596
28207,28.265976551226544
40526,74.00388888888888
15675,64.97878646353647
35341,74.69445238095238
53141,53.29179960317459
84607,36.536951118326115
31501,38.017956890331895
97590,79.71857395382392
44023,67.42835894660897
36759,71.46524486697513
18375,67.44634523809523
21506,68.83286904761904
22575,53.417887820512824
455,40.66311544011544
91307,38.38399875124874
52359,69.17100595238095
29992,63.7008585858586
48316,27.850785714285724
97178,60.24009126984128
86109,61.71904859029859
26754,31.907500721500725
13057,45.43730339105341
71514,56.707325396825375
48221,37.83913347763348
29415,54.87119047619049
47330,52.13539040616243
89770,57.96075883838384
94732,69.41099108567415
21854,74.12588095238095
39596,38.101223665223664
86092,68.906237012987
64233,61.66665151515153
6707,76.6435992063492
78814,79.60952777777777
92921,68.55705555555555
14193,41.25368650793649
3609,46.925515151515135
77919,37.951902777777775
32986,42.868031746031754
18820,42.64111507936509
44107,70.78535155122655
17605,58.7692857142857
34198,50.96122817460318
23081,53.6100458152958
62176,80.36523809523808
1518,42.30341035353536
35627,39.64827182539683
96457,69.06450944480358
89918,45.60644246031746
31104,68.86301352813852
30635,36.356610028860025
100756,58.58223412698413
102126,42.29924877899877
44220,43.18967784992785
8151,68.59425254647313
51491,60.27505262792763
87051,52.89008008658006
102064,22.846254884004875
35132,57.55871969696968
85544,80.91550000000001
1862,78.04631364468864
72547,80.54347023809524
4609,91.30425
67065,48.54802380952379
11132,52.4940560966811
85339,47.628287698412684
63229,56.24991865079365
94647,56.30306746031744
83455,49.18295802808302
83426,57.66291865079364
66470,56.24620526695528
65669,68.6991130952381
57896,42.20035624098123
34420,36.78186706349205
91764,40.14257685335882
102281,36.15847817460319
40432,42.99371525533291
98977,70.64062499999999
22628,49.565532106782115
92800,37.31264087301587
8675,56.74282765151516
47199,66.16478226817043
41078,46.08079166666671
19695,40.62363870851371
18070,40.89975992063492
39482,85.81049999999999
45065,53.23324675324677
98251,44.22473045010543
17289,44.28834523809523
19934,64.280883912656
9613,65.59649458874459
68870,36.27904816017317
99778,50.78057539682538
9883,81.28543774136926
3296,63.69936580086583
86826,67.43254563492061
26206,70.94975396825396
45821,43.68313492063493
56965,56.14918849206349
46920,66.93585515873015
13746,55.16363546176048
14868,48.14055753968253
79773,79.9837537878788
54097,15.143805555555565
71196,37.76727777777777
100249,79.99780952380952
20072,39.81189682539682
90728,48.40164087301588
52102,58.908305555555565
74490,63.01952344877344
8408,37.3756547757798
15067,50.70759240759241
39798,45.04534325396824
60048,44.1554181096681
83248,68.59292444442812
88686,59.90297961760462
43133,75.93358333333335
31403,65.11840097402596
16834,81.065130479944
90112,64.015722041847
54038,44.88847907647908
34403,52.919538419913394
91436,74.99457738095239
96135,68.68080303030303
37827,41.898389971139956
56531,73.99791666666667
95916,74.18677427637722
33480,58.79361056998557
30845,41.81718632756133
79388,51.40279563492062
41312,48.75856150793652
48060,51.104535714285724
27162,64.04781410746119
57264,65.69831944444444
13098,45.5177352092352
39589,66.8378392857143
61008,35.38835624098123
47089,65.29074224386726
60353,37.495926587301575
5900,66.21924603174604
66676,30.495592185592187
6469,70.1190119047619
85917,78.85481547619048
87704,32.8521011904762
70145,40.55891504329006
30943,51.07247817460318
99732,25.98755375180377
72283,62.669515873015854
32564,47.84143879731379
6356,56.360512626262626
25941,55.627949494949505
57142,31.83415079365079
61388,27.264339826839837
12718,44.50282449494949
15043,37.40515413752913
68526,70.83100088800087
9591,60.82897817460317
17682,34.85750992063491
20350,72.72396509302102
89910,70.9046925158175
65826,66.17878981106612
85088,36.57024296536798
34483,73.38825483091787
84180,44.56718482905983
59576,44.8476376262626
55966,64.6468392857143
18007,62.38220526695525
86346,49.41170673770675
79880,83.97559126984127
45518,41.79903445165945
55165,80.0
58700,32.67824113386614
71706,36.116999458874474
23078,52.24362393162392
5087,55.517285894660915
94829,62.48199007936507
73932,24.522944444444448
83640,61.80367528305027
66612,77.41785341095687
94205,84.5765
12296,57.47130753968255
52798,31.767126082251092
99200,39.757210858585836
45384,38.3217757936508
95283,47.53297817460319
42204,55.03014628427129
88726,29.39544444444445
96480,84.01446428571427
66870,60.91404097985349
16406,42.22265277777776
1062,44.22055952380953
70332,57.261094017093995
19742,61.610482142857144
21111,83.54680952380953
34769,62.82080639097744
22842,68.11071626984125
30137,21.62146410533911
87363,25.0415892857143
8650,73.5971240981241
13708,58.38062524975027
59063,51.134888888888874
58276,44.20212692862694
76904,42.83541468253968
46445,51.9816746031746
30302,64.7328630952381
100980,59.30141620879121
49108,71.74171212121213
41241,32.8917177960928
5680,58.25529960317459
29965,32.017623015873006
88144,49.414498015872994
87500,39.73190728715727
73360,62.24842045454546
100316,58.43836814574314
63608,38.57083621933621
63567,57.776223845598835
17161,60.43950743006994
2590,53.885656371406384
7919,44.307295634920635
99375,54.302666125541116
99299,73.96526587301588
23630,33.6595211038961
407,36.282740259740265
17719,67.02432142857143
7343,39.691198412698405
40481,37.292845238095225
84424,60.61999603174605
95827,22.99929256854257
44848,76.76218180512298
19167,55.67978625541124
63970,30.221223665223658
97377,44.23557709447416
62196,72.38729166666667
86464,78.8269237012987
94468,69.78447639933165
91423,42.18455802530802
88647,30.084226190476183
317,52.586671092796095
81066,33.24699007936509
18410,99.695
95287,47.344688630813636
62919,59.69568723893067
38879,61.693671120546135
8207,37.06179365079365
26307,38.28724007936506
20943,56.20217460317462
53299,79.16549664224662
51425,45.677840367965366
23662,54.586132215007204
80520,54.93506746031748
8090,63.51978968253971
43706,58.32867063492063
27994,66.52078968253969
39168,42.12108423520924
62839,81.89954545454546
83696,51.082628968253985
90637,41.13824007936506
78069,65.0199101013403
68153,28.71114790764791
5392,56.27448824786324
26744,40.14714538239539
57414,55.73550144300143
57561,43.53791305916306
55106,56.08967748917748
76352,50.79482638888888
79885,39.14537590187589
40188,35.914850378787875
49298,28.240817460317462
86049,33.682124545711424
31401,69.86741666666667
84610,53.2646884920635
85508,46.43703780284043
89128,69.78605158730159
58432,59.829601190476176
69636,39.575007936507944
61674,59.86510317460316
94488,63.781024808524805
3626,66.52491071428571
19281,68.09553210678209
72049,39.878894692725574
85164,37.9407361111111
48216,62.398663059163056
37808,70.87448809523809
43359,42.571142496392525
60675,63.699087301587305
52113,75.10098730951714
47830,42.68022222222222
99157,62.5531378066378
1012,67.99062347374849
10581,69.49092784992783
34333,39.649061868686864
54115,29.839549603174586
67553,33.82403066378065
88080,41.15084758297258
98557,30.38164574314575
101902,67.74708333333334
71221,11.3948079004329
72193,80.69879166666668
8032,66.4418207070707
88116,72.57720054945055
56289,59.477722222222226
95159,31.701438492063495
10195,57.729429764679765
1620,23.19990677378179
53001,65.54524206349207
926,39.6997003968254
76290,37.3571765873016
16650,48.72291161616162
39737,53.67535912698412
1926,58.67967965367964
81097,34.04484702286019
14258,55.53395634920635
33035,72.61993253968254
99228,77.79238690476191
40609,45.86935515873016
87484,33.42338797313796
36755,40.27594967532467
1248,69.7323869047619
92100,69.94051465201464
84331,32.48820797258297
61605,25.44263059163059
33749,71.37856746031746
53469,50.40077747252747
18391,54.542870129870124
57426,47.40195797258298
77444,44.899498917748915
54878,40.576295634920626
31675,22.226989454989457
99312,77.21504463347111
97996,50.69565097402597
95770,61.2618373015873
85059,38.285154761904764
5985,41.252976190476204
51465,69.59589285714286
35144,47.629289682539685
33390,31.786574134199117
88366,63.32858658008658
34364,58.22416010378511
55239,56.97550854700855
99816,39.54691865079364
17546,97.01226803751803
7833,41.41916937229436
69664,65.9725651154401
85578,70.908125
36489,31.558558080808066
61137,73.19849292615596
23842,35.90249206349206
61511,59.44577976190475
48807,53.43689627039629
1192,30.94094372294372
63628,36.30033658008658
11383,44.97938246965452
85497,27.876980158730156
3043,69.79344047619048
15364,47.799954887218036
47407,40.00320634920635
50421,57.16231457431457
45990,66.41823015873015
56882,69.24573015873015
67276,45.61597420634921
97062,41.71391865079366
59954,65.40995634920635
14906,63.312717948717946
22519,62.46852976190475
3801,37.195979437229454
4523,58.01272023809524
50150,40.657464826839835
86240,60.87291468253969
73111,65.6874642857143
90354,51.227501984126974
21469,86.0
85978,18.381969516594516
36698,39.79767766955266
45761,45.3030138888889
64112,27.94448412698413
63234,68.33339339826841
23994,59.05123971861469
63648,74.34602857142858
53249,26.98978589466089
18758,38.1177335858586
85050,53.609561008436
48440,34.64057814407815
67791,50.06907251082252
18924,53.86268362193362
76419,81.47666666666667
31179,72.71642261904762
88387,75.25882142857141
87240,41.387295634920626
6417,49.76106547619048
90091,53.96527380952384
39967,43.97751984126984
19492,69.97462499999999
15745,68.64746428571428
41829,32.954073953823965
4276,43.54612012987013
55621,42.18971500721501
46194,37.46016652791653
34114,49.39223611111112
63700,32.0205067155067
98786,38.36093253968253
84316,37.76562121212121
31175,63.928360209235215
25437,73.02319047619048
73036,45.217136599511605
94543,38.87166504329005
57198,67.70201388888889
34067,40.32780463980465
60025,79.77403846153844
1705,57.41517171717172
11061,32.70519444444446
4711,65.31118253968253
68347,65.09985317460317
53326,43.900001984126966
21441,46.009451381951365
9359,42.649082972582974
75236,78.17822402597402
4844,43.01183531746032
5578,58.831490079365075
97777,29.82230465367966
80253,57.95535119047618
75298,70.85324404761906
73495,96.692875
59708,31.94483629528366
21503,64.82898412698412
95525,37.3228650793651
53409,34.19566829004329
28592,54.90598593073591
22076,63.50434523809525
61609,50.93477110389608
73081,48.26720274170274
44158,58.51483333333333
85458,66.12749404761905
58361,30.971271720969085
49907,56.657513157894726
64029,17.722454365079365
98730,51.457230158730155
60439,39.78859523809525
8130,51.90546194083695
93625,39.35184884559885
5519,42.63234632034631
36858,36.73611027861026
15883,46.90086706349206
22069,73.86405971040455
90829,81.82
60075,48.876818394024255
91097,67.45599999999999
32583,51.44352579365081
102038,63.999113858363856
26560,73.06172789929369
25609,65.24255414030416
38845,39.683708333333335
68566,43.554146103896095
16038,32.91379334554333
53584,43.11809722222223
83759,47.88461507936509
29102,74.00833333333333
60977,70.35868326118326
67874,39.175343253968265
28764,59.210535714285726
90667,52.87451587301588
34484,48.48532647907649
39246,57.09878697691198
79402,70.93119230769231
25533,55.45452254689756
29723,37.232823412698416
65912,45.8043630952381
36450,80.84620833333334
11219,86.72
66863,18.365458826304415
71105,71.93
2341,72.0030238095238
87791,76.86151388888888
75522,57.13088744588745
78108,58.96310276529026
39835,62.76795505883005
89377,58.33241378066377
95542,77.96066666666665
1162,62.449723484848484
73603,67.74681944444443
94171,40.30781944444443
78235,55.2612766955267
21408,38.940101190476184
6120,81.39299242424244
33638,67.1791302308802
67184,31.101616647241652
75407,33.61740873015874
35467,37.941650793650794
31889,44.680816378066375
55463,38.2269365079365
74554,12.225000000000001
58279,14.796579365079365
70661,33.836906385281374
8475,49.103208333333335
27820,56.2811111111111
52048,48.739984126984154
83350,44.39125505050505
34624,36.37761904761904
99045,45.04815674603174
57991,25.831462842712845
91623,56.668115297713975
100652,62.1155689033189
3979,39.5721388888889
91961,82.75125
53443,39.09835425685426
51355,66.80664880952381
44856,64.63121991978608
51713,56.00995274170275
81922,37.788293650793634
72924,62.228068001443006
59127,59.09956042568543
27708,67.90654220779224
14484,11.21304166666667
13188,81.5259761904762
75813,40.14566666666666
34413,67.23856222943722
8478,63.225425144300154
94525,55.331795634920645
90182,59.28266450216451
42554,48.315420634920635
68690,100.0
73345,43.3375515873016
79808,36.09038528138529
99140,72.37906790023702
84181,47.1953988095238
24966,63.23316071428572
58858,40.81551695526694
43031,55.81985146103896
18003,72.7615892857143
72601,62.37349514374514
34223,38.52452182539683
57669,62.648814942002446
38472,76.8281728554013
94140,43.87243668831168
78779,44.658303391053394
40584,53.89748809523809
57675,44.3642235958486
59810,58.27890710678209
72124,70.95803138528137
69980,74.83135557644111
14769,77.23013345864662
13683,40.055550505050505
56022,51.79546771284271
71569,65.61720238095239
67667,36.311313131313135
68050,70.29639285714285
39664,35.733311507936506
33607,47.81437337662338
11772,72.16338446275945
4010,68.61302182539683
55761,38.0679439033189
101074,50.300911886724386
26576,70.81600595238098
93258,28.40714953102453
4315,35.57686507936509
82225,68.21037193362194
48446,37.379019841269844
33602,66.8239457070707
71976,40.995585317460325
69460,49.0210119047619
17336,67.78643055555557
80447,56.44906168831167
65691,55.162602272727284
102372,78.23124999999999
26753,40.396755591630594
35209,27.84008982683983
42524,64.5506031746032
5681,36.96250414862916
58354,91.84835887831508
71571,81.12272420634919
6395,35.71841865079367
44386,67.98238311688311
68344,67.26103174603176
9530,36.05415277777779
68440,54.97496646409146
27292,52.85185317460318
85047,73.7409880952381
67817,69.91347665732961
13656,62.70090476190475
32600,68.43551803751802
44663,67.02767604617603
100326,77.08424941724942
9831,49.93639953102453
28202,59.327687590187594
4833,26.972376984126985
4179,53.71028769841271
2401,34.37974603174604
23226,64.7427896825397
97103,37.76731691919192
18631,63.508109126984166
85279,74.0650477022977
99425,30.13873323898325
72201,31.51684577922078
30119,70.05784577922078
49837,48.172959383753515
84093,72.5579897047397
57645,25.459903499278493
80594,67.54701984126982
14077,71.97166666666666
24294,40.73733134920636
2099,40.283081349206334
59391,74.64416666666666
97925,65.42494047619047
52936,78.39798464912282
75629,39.67814484126985
90707,70.49524033401238
36871,40.544516788766785
44192,45.74859523809522
47349,40.84795328282825
2034,50.45161904761904
4242,70.15445833333334
27266,61.169923605805934
5902,41.94212409812408
57988,54.58882142857142
32007,70.6727742404654
9813,60.44158134920635
88202,59.446969336219325
66051,58.4634900793651
10798,65.34456257631258
33775,37.703529761904754
55741,76.04426423395444
96846,58.32540836940836
99538,59.70207851067061
94682,60.60590659340659
70895,36.62154365079364
70418,55.30156547619047
13280,76.6766282051282
55923,91.52075
4544,68.71746897546898
60522,45.40068001443003
19869,72.46137121212121
69412,46.17332251082251
50393,74.69208333333334
68912,54.31499007936506
34233,73.06455221167722
51613,32.449867063492064
22034,53.215386544011544
99207,63.425050420168056
80076,72.15366025641026
62024,78.34760714285716
36684,48.511320707070716
3161,73.6985015956266
31879,61.20588492063494
94391,57.88495129870131
43586,72.58458036115931
79954,64.61761147186147
46422,80.59144799498746
71751,76.7726323953824
1815,45.443583333333336
71490,62.866873015873026
16232,71.96704761904762
1040,50.364194444444436
60068,76.10077564102565
39169,32.28476785714285
94891,75.91327029914531
53094,68.9143532913165
67009,59.236654581529585
36752,56.27048809523811
44372,60.7344938949939
54813,73.87549390886892
66682,29.504956349206346
13277,68.47513293650793
90976,33.00426244588744
84462,63.81405952380955
95096,77.03264285714286
59291,42.4870937950938
82260,64.04993139969764
65891,75.2775
69989,45.012880952380954
54801,71.36892857142858
16262,60.21435966810966
35700,45.56583152958151
58863,45.171264430014425
39688,52.43716254578756
78722,46.464927849927875
36563,35.27397204184704
47019,67.36063690476189
48082,35.220599747474736
15492,62.3228273809524
74982,26.49120634920634
41279,56.49135561660563
16453,36.49001316738816
81368,57.8957353896104
29925,39.35832160894659
44212,69.96407738095239
101942,40.068259920634915
88594,53.6649466089466
55830,55.89546915584415
25674,63.33800595238095
79149,35.63858406432748
44244,37.36387499999999
40898,66.99792857142859
44774,60.51119108669108
68534,49.02275396825396
16730,45.64075270562771
43614,77.7648628301523
33183,61.78995725108224
47848,82.66895833333332
56416,55.40884625994919
46458,23.759193362193372
4229,57.69836634199133
27926,52.909274711399746
23325,62.361557539682536
49472,73.04583333333333
1306,57.839121753246765
97762,40.90539303751803
48467,54.835123196248226
19244,48.32559487734488
101903,41.97535912698413
86173,72.42228581871345
27594,17.86972817460317
71173,41.91582539682542
49216,44.83100488400488
46169,42.370248015873024
58751,27.982697691197686
62795,58.989358798064686
57916,66.64878601953603
15408,70.71585317460318
45360,63.235876984126996
33275,45.090628607503604
73331,46.63929960317459
30813,34.80473935786438
15502,33.11559126984127
93716,32.6633189033189
11214,52.51802380952381
87270,47.03127777777776
20471,83.03375
61848,37.34185010822509
60791,50.7268869047619
61802,54.84430645743145
65465,53.52023611111111
26027,65.13466666666666
41067,52.49142803030301
22677,51.9711240981241
12651,50.83878427128428
5301,53.04124664224664
19531,55.7115813492064
4773,66.17736760461761
54667,70.05228373015873
52728,36.74580050505049
12917,49.20030790043288
71245,47.13586412198914
60555,61.51005303030303
63577,48.24997080697079
44186,81.96463636363636
34757,48.360360569985566
4597,67.16644083694084
7895,43.652386904761904
3131,73.13299145299146
65145,40.274418650793635
58850,31.097936507936506
71257,72.37038095238096
44493,52.92259126984125
97335,42.303864357864356
78609,85.49159523809526
51926,73.88104761904762
96819,43.88595562770561
102261,39.86176785714285
57547,38.35223340548342
53794,42.550372044622044
74056,52.61002380952379
18213,34.17630266955268
17492,82.83068452380952
1545,49.16439249639248
9282,56.99818181818182
80556,34.473847763347756
171,44.8267003968254
8223,42.005937049062034
95496,47.37730952380953
15764,73.92256944444443
23976,58.51019734432235
97050,69.47122637085138
85817,57.233706709956714
56464,53.695913059163075
69862,67.87481186868686
17104,39.03294246031745
93169,53.16650854700857
62370,51.49468831168827
24061,71.97040476190476
18373,45.9767361111111
35696,67.40659325396825
81948,39.728016233766226
76631,74.48305086580086
78971,59.547421176046164
7545,43.59086949161949
76435,67.98992482517482
75478,53.62723502886004
6248,61.865826641414145
90680,47.623356421356426
20746,27.084271825396822
47269,69.84801948051948
80846,36.812519119769114
31313,61.567777319902326
14376,51.14006262939957
81621,75.57279700854703
26601,76.29029761904762
64370,52.578830266955265
10162,42.036882034632036
8424,36.75875577200576
11220,66.89318253968254
48804,26.20396031746031
61305,37.0031884920635
1796,41.23076984126983
41419,64.60944392684608
50673,51.40666047024872
72053,57.05876315789474
91087,45.99395093795094
33584,22.432098901098897
26720,53.55969444444444
54713,38.30223214285715
67681,72.72496482683984
2138,62.66046753246753
29871,26.685832264957252
59969,39.69353373015872
63178,62.95028711484594
65667,49.903381493506494
995,36.77307341269841
26341,39.14489484126984
39161,40.53016865079366
35659,73.45988890572794
14346,51.97341269841269
85629,35.584871031746026
76618,69.03565037593984
100136,30.40001678876679
96748,61.05192029539086
54835,34.51488582251081
67182,60.47457142857144
23990,64.08490873015874
55129,77.95400000000001
8392,68.80994047619048
35114,32.45413521303257
76168,72.63457792207792
13700,51.81007287157289
36029,53.75348260073257
35730,39.67281259018759
31898,23.08517676767677
52011,46.019243742368765
21171,52.10414484126986
9349,48.356480339105346
61629,76.96578983516483
94329,42.26805508870215
37215,42.96676064213566
19507,57.43524404761907
52432,59.91994047619046
8538,45.76212355699853
47053,58.17781583694081
65675,67.91226785714284
41588,46.668377289377304
78086,44.01044246031744
28433,45.012924603174596
19581,40.15726169663668
12424,80.42169047619046
60072,39.278698232323244
24206,31.86979761904762
60938,46.377157321844834
47389,37.482829906204884
61790,37.144732142857144
7626,42.994191683316686
1243,71.43792857142857
97864,35.68528102453102
40862,47.633466450216446
101493,34.39087500000001
19905,45.543886002886026
39878,64.77128571428571
76674,62.368106393606396
28733,41.39807070707071
100378,31.008055555555575
27578,41.408810425685424
22134,71.97219047619048
30388,73.4593005050505
96920,61.12111309523811
56613,54.93527940115441
12410,74.47282738095237
69826,30.071707667332657
34187,68.59478466386555
2239,30.340631868131865
53902,46.39031547619047
55663,69.97122838345865
54578,77.85053571428571
76842,15.582392857142857
24600,59.49728968253969
24913,58.24508333333334
8608,61.856616300366305
12415,53.82261904761904
755,71.85078174603176
31800,38.027410714285715
79706,29.075862914862906
23007,60.73276984126985
90633,41.945266414141415
14444,35.29989285714285
76055,40.88591630591631
33196,32.094994949494954
47421,47.60223464035965
100773,54.05212896825397
14822,40.41490133477635
20486,72.2731865079365
74730,50.42696031746034
51316,56.104549603174625
25843,36.537986111111124
73844,68.68532288748831
93149,48.16289880952381
33475,70.87410173160173
87222,51.74066071428567
82097,40.24395761183259
65610,26.006161796536798
9536,30.500166666666658
25024,51.98943650793652
66608,71.14865259740259
69059,43.62115914640917
38202,74.6282738095238
32220,48.03521735209234
101556,60.036814713064715
33844,57.01661309523811
75075,68.74328571428572
45615,69.66163748832867
101891,51.506690476190485
12904,63.761154761904784
58405,68.45783928571431
93974,65.06039384920633
77019,53.28918488455987
74027,57.28972637085135
33619,76.2310615079365
60386,30.573123015873033
68637,54.474462301587295
78272,44.589152777777784
14373,68.77299404761905
25119,34.28118253968253
61144,54.894940476190484
61422,41.707759920634935
18842,27.83810209235209
51997,30.242728535353546
10081,56.38080735930736
4413,37.1089851953602
10590,55.02354166666667
88315,44.673683441558424
91998,59.83490873015875
95056,58.46160195360195
50215,50.77434920634921
73215,67.57710360962567
71908,51.16922023809526
77329,70.96470833333333
48968,39.02884848484849
91486,41.94875045787545
67254,37.34205627705626
45419,44.129623015873015
98450,52.529889804639836
29298,37.782748737373744
79028,70.07279563492062
25290,48.20659072871574
3062,30.950006493506486
23548,40.2403115079365
75696,30.79368650793651
42429,43.22706944444446
93335,69.21989730921254
23296,64.03830898268399
66305,78.80433333333333
75605,36.24781619769119
17186,57.92532694592989
92483,46.29614682539685
73949,74.17338636363635
11199,68.48772481684982
77687,63.26758405483406
30454,50.307380952380974
66176,46.79552489177488
52338,30.23881367243866
93959,44.79751497113996
60125,42.77650432900432
96045,71.53944444444444
28351,74.40119207181706
33255,75.57415476190475
67673,36.93295725108225
75594,64.67422186147186
48220,45.638068722943714
14384,29.863547258297253
101243,74.30200518925521
93521,52.75674404761904
58096,30.832255050505037
79815,70.58156709956712
69478,26.040412878787865
60756,64.27113492063492
66714,38.00155988455987
40952,40.23585847485848
34767,30.00376785714286
32017,60.9288392857143
15912,73.88052380952381
39812,61.46667764914825
17635,39.900015873015874
82317,12.100154761904761
55824,49.23705573593075
49145,42.09914682539682
17828,38.99722222222222
28002,71.47958667313081
18560,61.613906746031745
57648,55.784049339549355
68563,60.57041125541124
56934,31.316115079365076
17297,37.14579166666665
37945,65.01178373015875
62612,49.093686507936496
16839,64.97920027195026
28105,68.73334523809521
83663,59.845090728715725
28168,38.819116883116884
28231,82.97168452380953
46085,57.22606028693529
37805,72.51014285714288
21766,59.668406399156396
2302,57.4699623015873
35265,42.07119660894659
50240,37.50586472922501
80862,50.58683333333332
5924,22.049873015873015
75239,82.0
9682,48.85889898989899
49666,38.49653174603175
88278,69.37035714285713
80585,61.87684054834054
92228,80.07585791925464
90513,51.207725108225084
98933,38.4905384199134
85226,51.10745310245309
77557,50.515850649350654
88043,61.49471733821736
15455,49.300341269841255
80876,73.04502435064934
79394,37.243739538239545
74049,57.40276262626263
30638,58.025249999999986
32945,60.95714177489177
21601,35.899269841269835
96493,71.8493988095238
47411,70.00301435406698
82648,45.21190949328448
81859,58.76110165732958
45771,43.28667063492064
43560,40.16064357864357
47316,42.7328869047619
101158,52.84342460317462
56472,32.25167929292931
65848,76.86149999999999
55540,50.53211832611832
72323,35.28944047619048
19730,43.66486904761905
80918,42.754333333333335
81287,64.1448141025641
70994,73.60251984126984
95268,74.70689285714285
10161,92.97167651490281
57209,58.540087301587306
53340,55.93586584249085
15597,66.3720595238095
604,38.343168650793636
36352,75.5061012190424
98089,75.11206944444444
32379,42.52966089466089
35727,75.3255773809524
29681,64.4359761904762
82259,69.57755973266501
25690,65.94152128427129
65820,48.24773304473305
58798,70.12951828808447
90988,72.48408333333333
52216,61.5191224481358
46067,49.62956746031746
23979,83.16276785714287
8247,46.47472023809525
95506,77.49487868700932
63160,54.81309523809525
82007,57.89794841269841
8366,75.64890262515263
44811,70.92512576312578
5620,49.09317117604617
14954,77.26961403955522
53152,40.68282085969585
22454,56.79781034243536
49158,76.32242857142859
38774,64.08586255411252
102462,36.6998373015873
69579,65.05801515151515
74543,52.008631715506716
88178,44.201427489177476
19420,28.04743253968254
51001,68.04367478354979
38424,77.9445
99260,23.413446248196255
79625,54.31989026251526
95039,65.12196825396828
52328,48.64682485569987
9037,50.93843055555557
24512,70.33283333333334
46264,29.55449025974026
12712,68.801991501554
44841,74.17783928571428
10101,85.75352380952383
3855,46.80761273448774
48430,66.93139880952378
50320,64.5262510822511
34004,72.4159880952381
54610,76.97925000000001
59308,65.21444047619049
19536,69.3972614107614
30130,52.26183401320902
21901,66.8564732142857
48794,51.05803431372546
37693,52.30932598039214
96961,29.26817117604618
43691,78.54141666666665
50692,28.05051713564213
9730,69.90260119047618
25576,74.32784661172161
45822,39.41160119047618
47121,56.41041687887276
64764,57.168625180375166
39191,25.859639249639248
57570,75.95797132034632
11334,42.162610028860016
93765,43.48088888888888
34095,54.65069119769119
18208,35.12147420634923
32224,77.79154958507675
78242,78.26275595238094
10228,14.653226856476856
62701,33.21071626984126
12118,50.60729950604952
100566,74.78230388902894
50749,43.31640187590188
21640,43.34180112942614
23090,61.2547011183261
29661,48.85814148351649
44581,36.655368899074766
69306,46.934428104575154
36102,75.50127930402931
45160,45.00778625541124
70462,37.065607295482295
28157,43.75083621933622
101810,58.74244552669554
71159,36.4132756132756
82136,33.711878787878796
69824,76.995
53784,60.137621572871566
71701,59.30334812409812
74025,62.99825
29060,20.07541269841269
16560,65.26711075036076
81759,42.7062361111111
46114,52.86358424908427
50261,25.827016955266956
52377,73.60996428571428
7781,42.30015602453103
30189,65.13370781971297
96767,47.79815685045949
6139,64.48092857142856
51138,50.59998232323232
19864,45.86919841269842
88211,53.4784464285714
19588,76.3854690751715
100539,54.87800523088023
34583,40.03533730158731
89296,60.85839484126981
4363,35.83783583083582
71531,34.25958838383839
74424,49.173881132756144
26019,75.71324561403507
94754,42.722060286935275
42793,50.869503871128884
95504,73.72321428571428
22305,51.051894841269856
13722,80.91872222222223
14309,43.899926046176034
85660,55.56586954711955
85782,29.385865981240983
95205,34.380208513708496
95116,34.17861832611833
79357,44.746126984126974
26488,35.80282593795092
53271,42.99442408326964
30665,48.96194696969697
75858,80.99433333333333
41649,31.86587319624818
88490,48.530846861471865
56733,54.61255916305916
93051,72.61235162060161
51900,32.698216269841275
20667,59.45288066508654
96841,56.093106601731606
70662,26.944924603174613
4631,31.94657954545455
68730,47.777568362193364
56869,64.23955645743146
56206,62.18176785714286
29592,71.85167730880231
101350,62.012511904761915
48175,52.464766774891785
93973,51.66538690476188
46963,59.19693813131314
87812,50.42734776334778
23674,47.45102777777778
52182,58.79401029526029
66204,28.84758405483406
91075,45.458950396825415
23113,62.82385064935062
86097,68.49165927128428
12680,44.01213492063493
77408,31.67415728715728
6046,61.895486111111104
59539,60.831498270520335
38596,37.96597745310246
31937,46.355196428571425
37982,33.47436345598845
77209,62.68355525030523
98091,70.81284307359307
72282,42.35848250360751
29134,81.68588095238094
13987,66.73774435286936
97136,61.393842532467524
38703,78.97416666666668
82222,63.45853403540904
36172,78.99277949681897
91178,63.18411764705883
60455,66.7876186868687
97786,58.39681313131313
75238,76.27778571428571
8597,36.91114484126983
95851,63.24505112044817
49884,24.09510335497835
34091,65.79320616883116
14803,68.01374567099566
26294,46.25735281385283
1884,48.37219496658314
62382,29.402804473304478
84999,75.30706980519481
11758,34.78178968253969
60674,68.46682485569985
76509,53.86449843783667
29347,69.65089880952381
52966,76.9925
97920,37.87516810966813
169,54.933859126984125
7955,46.264111111111106
14978,70.41331991129786
61138,71.73024025974026
95047,76.1173988095238
40990,42.29686904761904
2342,36.9166626984127
25496,47.47359523809525
86463,62.78616269841271
42830,34.3909641053391
24457,62.04169787157287
57394,43.691450396825395
54456,77.15178968253969
74846,38.217814935064915
20427,43.307842171717155
4175,46.33142875180376
42108,66.0406884920635
75717,60.59238582251082
86231,27.647573412698407
56889,46.929400793650764
4191,48.34818109668107
62205,58.277592893217886
6270,73.40983730158729
9244,32.09933278709594
33576,32.50841937229438
12757,41.10453571428571
75811,62.70312973137973
35200,20.885275793650802
102634,67.58200526556776
82880,32.013869408369395
89114,29.14881944444445
97874,23.153359848484843
101690,55.278975108225104
8759,46.48636291486292
42798,66.56577002164504
59001,41.349817002442016
13978,65.06422023809525
69923,37.03648214285716
40243,74.7639696969697
92740,64.2880873015873
68223,35.76661507936507
78470,47.792138888888886
10254,70.90440079365081
49185,62.619787698412686
30124,65.37149684321098
70146,58.18214285714287
34438,68.72643452380952
40022,35.58546194083694
69995,65.1289345238095
3061,27.96768650793651
8494,71.0557380952381
46138,55.52326835664336
26946,50.671380591630594
17826,43.3041388888889
59387,59.478958333333324
86771,63.10102579365079
13672,71.45574404761905
19174,27.10736507936508
28762,67.97702777777778
86191,68.41895707070708
70316,44.47163888888889
21004,42.202033730158725
47206,40.51811401098903
50219,68.63972777222777
20863,77.99944444444445
100569,31.412097222222222
101927,94.0114575376463
922,57.27680230880231
69503,54.712891233766214
77180,63.00799801587303
23288,51.473355158730136
52541,74.63980941264808
21555,79.37318654574092
92493,74.16240758145365
53839,49.811942821067824
23774,53.74768055555555
73923,63.31329166666666
56149,52.443974025974036
46467,51.48867694805196
37294,61.05027793040294
102645,62.87399007936508
69782,27.260617063492067
71424,76.64978298022066
99058,58.36484018759017
14437,33.09886904761905
16609,41.48033134920636
64804,64.313341991342
99019,24.716927849927856
40892,72.9720892857143
92457,46.90906746031746
82147,62.84100793650794
81171,54.63430525030527
194,39.77915927128427
58980,40.168243090243095
22509,45.04547745310244
82827,97.14791666666666
25037,76.07260822510823
7013,69.50652229057492
45773,35.07626419413919
100503,44.27054761904761
39209,79.88549783549783
97094,29.9888961038961
84956,85.46696428571427
82218,55.5274458180708
42166,42.90910533910534
69213,72.14118849206346
12019,77.71651355670474
15942,81.68883075258074
42906,41.68073214285715
61519,57.618819444444426
58497,77.6737738095238
84949,36.68152344877344
26492,51.78716666666669
49846,75.68740873015872
43287,56.93941197691198
54355,48.59004960317461
55019,56.96677976190476
68560,55.17090079365078
31794,83.5602619047619
6232,77.53658333333333
17677,68.97433333333333
51423,48.96403012265511
56021,39.55610786435785
667,59.69685930735931
39719,38.60476388888891
57022,34.57728932178933
3638,65.46323412698412
40478,80.3899099025974
87203,46.02193788156288
30530,63.86733928571429
10144,65.80190313852813
92787,70.48915216689745
45314,60.78628805916306
19892,54.744343253968246
64907,25.704670995670995
63655,57.47669642857143
94136,31.998922009569377
86455,37.71488293650794
9023,72.27411327561326
70506,81.04672023809525
63127,37.20404881229881
72008,41.56962805250305
84636,38.923253968253974
11528,67.21002056277057
55470,22.56010245310245
23665,36.77311978299478
77308,75.18908982683983
57964,36.0566194083694
102395,64.78191407203907
26752,46.375166666666665
74663,53.44837157287157
24481,32.91782202111614
20271,69.25090295815298
68536,47.656624514374506
47037,46.52346825396824
31367,72.54058333333333
31715,68.51206517094018
32714,45.23030083805084
55204,51.33502994227995
101156,36.866045634920646
71358,39.123210317460334
71214,53.6090769230769
7773,51.147283910533915
83997,56.30859632034634
70689,71.18140674603175
2813,70.84076262626263
54998,59.22366774891775
53433,69.81422222222223
57067,81.99642857142857
80098,34.53038419913419
20246,56.74882402319904
4826,18.892367784992786
43791,40.22721031746033
1499,72.27265588578086
51937,71.6063392857143
38781,64.23014375901876
52293,35.291124999999994
73794,39.4945606060606
53922,41.44304761904762
8112,85.83
27321,64.14750076312576
77383,52.57700198412697
39612,79.00571428571429
57494,38.30941865079366
101710,49.87050595238095
37656,27.184691738816742
19127,60.42720039682539
1668,60.10688077200578
80783,61.83910876623376
20503,28.510607142857143
32686,63.53673917748916
38861,65.83768452380951
20916,46.794194264069226
93990,36.25242171717173
33237,31.32901476301477
80031,33.392231532356526
33397,29.705115079365072
66069,46.555287698412684
100437,32.43362518037518
55413,52.39045039682541
7089,33.3108354978355
22464,75.19731399957587
81128,60.98809776334777
95051,36.3716607142857
12283,56.931644841269815
58622,40.91136111111111
59744,91.96
36825,78.99821699134199
72659,49.60659523809525
15347,38.415367784992796
77251,48.54360912698413
26498,80.0
49776,65.94509902597405
67900,68.72033333333334
94534,43.499913419913426
14695,41.98950595238096
46028,69.83517513736265
81901,50.09440909090908
73582,38.08289319014318
19774,50.65711904761904
35825,68.87525000000001
24844,68.06011616161616
70540,62.604416666666665
50229,65.49329067990833
94990,70.3272860983103
90737,66.95589583333333
51468,37.302748015873014
80866,40.27134199134198
56291,51.70085714285714
76956,54.45367658730157
3411,61.85333928571427
14138,74.46110714285716
63058,47.72259884559885
53157,69.47956293377676
48938,54.600823412698404
29385,60.941396395271404
66753,41.090930014430015
97828,54.09869444444445
6267,57.91750396825397
8285,46.304259920634934
38644,43.40170400432899
79570,59.966680555555556
49201,54.03644383394383
25522,35.95853661616163
70697,56.914439671439666
10481,64.21821230158731
22044,38.850545815295824
6877,43.96341071428571
97371,63.59952442002441
31289,55.63369791319789
17994,48.120642857142855
45643,53.04957738095237
76100,54.14375577200576
73242,46.355303571428585
4936,36.677132936507924
24655,69.91727380952382
54266,73.16839285714285
93280,43.330864177489204
21440,55.44787637362636
56305,71.95125396825397
96785,66.11828174603174
16317,29.70599927849927
78495,32.59519769119769
29817,30.061833333333333
50180,35.67448414657238
34347,55.42333785005845
64484,34.40129365079365
81235,30.326650613275625
26849,72.22391666666667
85674,70.85163095238096
57760,68.96993000034021
70061,73.6669880952381
48254,58.7351099439776
93351,41.597780663780675
16370,37.54635710123212
53233,60.36690832778333
1479,35.01857341269842
57800,51.99057088744589
38962,67.79894642857144
25661,75.79841666666665
21133,21.429494047619052
102661,42.69420670995672
1024,77.96709523809524
44957,46.37798412698413
640,53.58916468253969
22985,20.760587301587304
28559,34.67156150793651
9174,38.188922638635866
26695,83.8225
37241,48.647188492063485
96526,49.80673397435897
80182,37.09723611111112
14183,34.17701157176157
74838,39.593456349206356
96880,52.86195436507935
28233,48.646585317460314
90027,54.69585119047616
69537,74.88375
96028,83.32644047619047
21666,51.889706349206335
69561,46.995581168831166
98366,28.0821313131313
17160,55.97605753968252
78746,73.94037337662338
82414,82.45116666666667
79955,37.81397619047619
74101,47.16027579365079
9800,75.377125
90529,79.0
32717,59.30564835164836
82356,53.9585146103896
33192,79.5398237179487
53000,36.63427579365079
25270,55.37642063492066
74005,48.598994047619016
37372,45.09995652958154
68332,38.039168831168816
67470,49.40561165223666
36292,39.22850595238094
27347,33.536011904761914
30359,60.22441439116441
45417,20.019321428571438
78368,41.376445346320345
18402,74.84119230769231
88874,35.4210496031746
90887,53.94567261904759
63671,66.68522023809524
33532,68.26619444444445
12106,58.80276053113555
93827,64.76792933455432
46225,41.416539321789315
81424,39.4531884920635
85749,58.12258982683982
83321,68.01940404040405
50471,39.28463762626262
48847,29.339341450216466
11017,43.31799206349209
72594,79.59685179293055
21195,57.116537698412714
101324,58.74373737373737
66201,39.55078896103896
49588,59.415079073704085
60818,37.93403968253969
75949,67.69917752100841
5449,23.88087878787878
63080,56.51133802308801
39807,37.156180555555565
11750,48.10411922799424
63337,66.45519246031748
40019,42.905529761904766
25789,56.552846611721606
44653,53.21635317460317
93680,39.121484126984136
18351,40.08436020923521
88846,42.78498340548341
63183,47.56404166666669
8343,38.88985460372959
50377,67.90947634310136
507,70.82849603174606
14545,78.03816071428574
4353,68.59340963203462
90221,68.61195238095239
63824,48.352832792207785
35694,56.9270874819625
40069,45.70354347041846
25272,62.46232131800086
21540,71.42585622710622
30457,63.42266071428571
11389,75.92541228070176
66100,46.91411742424241
49688,68.97732422969187
477,44.14855952380952
36948,42.50557485569988
95213,29.739531926406926
83518,96.65750793650794
98970,76.6206369047619
58300,57.56627793040294
78553,43.392615440115435
70794,42.036900793650794
32772,66.58321825396825
88903,44.76465277777781
62819,68.73367261904761
42238,39.47070436507937
49880,24.09052687590188
71636,53.602061008436
69673,74.17688492063492
76154,54.7027361111111
78082,51.70628769841269
66306,56.0263630952381
93552,33.41624098124098
27378,80.2865238095238
70192,50.80585607448107
87777,69.94811904761904
86478,48.57165599678101
8863,57.6376507936508
21842,66.67303586691087
69885,40.93125000000001
29960,43.3118777056277
54975,39.14247294372294
25392,45.03118412143414
49643,34.83407178932177
86996,35.59462698412697
20608,34.94894841269842
27700,67.71881850459485
37082,68.66025087983911
3699,64.01746536796537
5627,32.67698322510823
83060,46.65773962842714
37454,44.66665079365079
62492,32.35093650793651
21434,40.54166666666666
22233,19.980553751803747
59365,47.08770833333333
5914,82.63574599501803
33279,45.166178571428546
87534,61.8199769119769
14860,47.72957449494951
79247,74.85041025641026
46681,61.31699571262072
79890,56.58504991413816
86305,32.940976370851374
95874,34.42669444444443
52591,50.179135281385285
87116,64.9836293290043
31245,36.07348214285715
59953,60.03168299755799
100029,64.75646482683982
89577,43.900932539682515
102391,43.24524404761905
74975,70.60136580086582
60877,64.32657106782106
88130,68.464875
52772,83.80742124738671
37889,48.0708656204906
35883,45.00790710678209
74742,22.88474206349206
75663,36.429935966810966
14375,73.00371428571428
82520,48.65845021645022
6911,72.55091666666667
76017,63.5304861111111
32316,71.76289035087719
68964,51.45971825396827
100753,60.64852182539684
56323,65.79624603174604
74257,61.94242279942279
101488,35.7235882936508
66479,55.9235387945388
68119,46.46760317460317
64117,72.06735361452272
38635,33.11752597402598
51583,68.91272023809525
81777,49.61431024531023
85122,31.102859126984132
8711,48.99858766233768
13183,60.51654689754692
12663,44.510239177489176
79841,29.467156746031755
29403,54.75037337662339
31184,35.36777308802308
3381,78.639
58151,77.72262301587301
72543,81.00081578947368
21535,64.521
26889,43.192357142857134
82209,47.56051347263848
51689,72.77132142857143
91791,42.847983946608956
29439,56.92409090909092
10252,50.5477756132756
5986,24.875373556998557
24917,38.4401452020202
99955,62.9919687950938
86089,48.82323214285712
37721,33.44356746031745
11767,51.45511435786436
45504,26.228994047619054
39652,34.424501984126984
27724,62.25349765512267
40672,44.53035209235209
54542,67.6360238095238
78179,49.17721626984125
86747,73.87077380952381
202,63.32089177489178
82900,52.69789682539682
48423,66.80991892548455
10860,56.67899007936506
48505,56.45273214285713
73191,66.69516788766788
57722,41.33903968253967
34462,46.6161277056277
27118,44.78644895382395
41258,62.11466774891775
84619,53.46375641025641
50226,53.6181397907648
4372,36.95709126984127
50141,30.628264249639255
60837,74.90611111111112
34545,51.9993371212121
95527,70.83510606060607
98147,64.08828373015872
33906,43.5827821067821
9315,56.971577380952404
32029,66.42483531746032
66455,57.988325603318245
44010,48.679336940836926
47250,47.70498015873014
33083,48.47241666666667
60505,46.36417347929847
44604,59.38738095238095
80165,64.83393498168499
100073,58.19491911764705
51553,38.45600396825395
39181,68.09884253246753
92785,82.0
96695,72.631623015873
27811,49.04607539682539
101983,65.6341865079365
92467,57.52479761904764
17281,52.861797619047614
93805,40.66837481962481
30620,55.79140548340549
85526,36.736660714285705
67419,31.359117063492068
49864,79.63344444444446
77906,41.00761994949493
89458,39.63725685425686
49082,34.33811868686868
24697,67.83463095238093
39931,46.14648484848483
24633,49.099960317460294
31450,53.193667124542124
83026,36.295296176046186
57151,56.84373824786326
7805,43.90763293650794
51897,75.74991993464053
91550,58.49656349206349
44491,67.7418492063492
53603,74.42285714285714
8959,44.20893055555557
11806,42.22145512820512
45403,69.95426190476189
79914,47.91192135642136
92645,62.261983724608726
46240,69.6775
53174,80.74658134920634
60714,48.54021626984129
37489,72.4711514041514
74962,73.68537499999998
87475,66.45565115440115
79971,63.31177026559612
67809,62.182818389943385
10403,60.76510371572872
7946,66.90515331890333
89202,45.65481186868688
54178,39.911148809523795
75919,39.43926262626262
70089,27.562550976800978
65431,71.24809722222223
84407,62.68411904761905
23729,50.146807720057716
7893,34.34078769841269
59543,71.3922142857143
52272,56.33241035353532
56384,52.620144841269855
101392,72.87560425685426
21495,63.53178937728938
101165,54.444226370851354
99601,39.556260101010096
24075,36.96364682539683
50097,58.1251708152958
14452,65.51730194805194
1469,63.928782287157276
36543,60.145676240426255
18304,43.883121392496385
89923,24.90702426739925
34131,66.58699754901961
13127,45.075980158730154
57472,73.18029761904762
96549,57.46336976911975
61599,58.21140476190477
60584,73.14273565323566
28011,65.32425685425683
90873,41.97573809523809
11524,38.14778174603174
7823,35.04273124098125
99077,38.98163077200577
74480,43.60429365079365
59900,50.28024969474967
33513,40.21819062881562
42344,56.55944246031745
38977,82.946625
47264,73.3637694724866
21113,37.57637518037519
34614,60.88367784992783
48490,45.034763888888875
89902,68.62008333333333
65427,57.18679761904763
18426,73.1406645021645
30690,77.04869199346405
83420,82.14646825396825
9876,74.8089492481203
92140,81.37275851028056
96377,66.74823214285715
71067,58.90876785714285
32666,45.224124999999994
76265,74.25190656565657
100167,28.41967712842714
72271,56.76424145299147
92768,42.735015873015875
15244,53.56621320346319
97029,54.10900216450215
89466,52.19516883116882
96324,37.6099007936508
82547,54.37447745310243
54785,49.83523863636363
4577,70.90107142857143
22074,57.12224404761904
99569,69.93233297258297
53232,63.373210317460305
42659,58.27123328754578
39024,35.25473647186148
29516,45.31152182539681
25583,83.94166666666666
11835,36.916316336441334
85234,50.36633134920635
20053,66.03236904761906
89826,50.83750595238097
6785,67.75957814407813
101478,79.37097252747253
90686,68.30914285714287
23540,78.21974999999999
62866,58.848628607503585
29732,28.246184884559884
93063,64.02057215007214
18328,75.99608660130718
81425,32.357326388888886
87906,35.87006547619048
73390,39.4398253968254
92620,41.38107738095238
64797,36.90010515873016
10350,61.60100595238096
3681,49.33412698412697
38217,62.715168650793636
84246,73.200625
69986,70.50478571428572
99512,52.05004725829725
80351,63.946161172161155
50376,41.60563034188035
64745,44.73184312909312
5333,45.477777014652
71855,43.878351648351654
63196,71.47899585137084
78852,74.02021699134198
14540,28.234025974025972
92281,48.756972222222224
43319,38.5019145021645
53183,59.2314990981241
99914,47.7347784992785
53765,47.10166269841268
9281,74.87475992063492
9142,39.83740674603174
48123,67.43589484126984
77655,68.91561431623933
96937,59.74522773408222
63421,37.03118452380952
78104,83.8315615079365
11101,75.55149999999999
32080,70.45004761904765
9193,55.567583333333324
76304,79.005
77956,58.058808802308796
102612,72.06714285714285
44438,45.631172077922095
94486,26.876507936507952
18852,26.77904395604396
86801,39.34019474969473
15957,35.70872470584971
1407,44.28074407944997
69772,43.98571626984127
3201,64.61322005772007
68052,79.53037499999998
47817,30.0784126984127
30947,71.24699126853538
54285,71.00950108225108
50550,47.733384920634926
67895,30.55795039682539
97507,71.03619047619048
73037,34.041271825396805
93645,64.36175793650791
13597,37.87095797258296
4802,47.00984821428571
8875,62.972634823509814
74764,65.27547564935064
11638,32.051186507936514
2250,38.04914484126983
73073,30.605066197691198
76905,74.10491071428572
31237,65.68237121212121
54137,58.46822619047618
44824,58.676289682539675
83494,56.204354437229455
97079,36.49670283882783
24569,67.83238528138527
7038,70.33079781248165
38228,69.39627074314575
11268,30.35318722943722
86987,44.85998015873014
56006,25.140380411255414
43812,39.62393308080809
37510,45.484262987013
28172,53.32622406066157
27530,47.89356150793651
25927,37.81989141414143
23137,65.74225
39977,61.82857287157288
44726,78.74316666666667
74120,30.07019282106783
96181,68.41419940476189
154,42.62886507936507
79370,32.286273809523806
78623,48.49866955266957
62910,68.55318326118324
25717,65.02160732323232
31328,65.77136904761906
94316,71.73914255189256
89965,66.25312698412698
5894,54.74466666666666
34400,57.59096230158732
72280,76.8685992063492
40339,60.865811868686876
69755,38.235429473304464
35032,58.78430397380395
42823,68.44775162337662
98740,26.505622766122766
96562,44.992634559884564
99370,41.66012103174604
9989,61.54414697802197
101209,51.247152777777785
66288,26.662285714285723
41267,47.44325000000001
96081,46.830217171717194
24800,66.84885894660896
19312,68.75594444444442
46014,67.93693001443002
37766,44.80510475635476
275,70.77711507936506
7918,70.77333333333333
65160,54.72235317460316
78996,61.05304761904763
70486,49.14202107614607
47814,47.506021825396836
52172,30.583443903318898
73864,51.12859920634923
67077,32.86919444444447
27783,40.79805672268908
66724,48.01174207736708
11463,39.36417857142857
70148,43.28999206349206
21968,58.97502281746032
55405,72.53897185861526
82397,61.84570238095239
15724,72.65112499999998
58247,39.769869047619046
5502,24.70353787878787
29031,70.91662301587301
43732,63.26990746753248
12438,39.1259861111111
87372,82.00897023809524
12860,54.46905204517706
13039,33.511678571428554
72993,35.98996843434343
8288,66.83389448051945
26830,53.927616071428574
29487,33.49953535353535
74771,61.61887218380174
95574,46.163442307692314
34184,73.73210173160172
66886,57.427251984127
11786,68.96882407407408
40838,57.18789285714283
93180,55.341244769119754
86912,45.08648885836386
52427,57.739125
84716,67.46939087301587
2423,72.6081423992674
38695,63.520099206349215
413,40.0482222222222
62518,55.47535509056161
38061,44.276548160173164
92773,70.76398465481888
35645,46.3062103174603
37113,53.852571067821074
27752,72.50960606060606
71737,65.93679612872079
23082,74.58182738095238
8498,74.33134722222222
15360,39.570635822510816
25127,50.78300766594516
36598,65.3092913059163
62998,48.38708098845602
12168,40.647028860028875
11526,73.29868452380953
24743,50.847894841269856
15555,46.927583513708505
10881,32.637832070707056
69315,34.375398448773446
3577,43.23395222832723
23450,74.14197298534799
39770,71.80282034632035
33626,65.80202976190478
24632,38.86237301587301
15588,33.18222009343855
76519,53.17445634920634
18792,44.5932496947497
27153,44.99139448051948
46972,62.340119047619076
42497,60.954671550671556
27201,41.63001587301587
101595,62.41686904761906
62368,47.58748015873013
72914,60.21099220142602
23771,30.280469696969703
100812,51.14676479076479
97383,54.55122510822509
86065,23.01777543290043
67714,52.10263735569984
45450,31.96060010822511
33009,29.716105699855717
69470,48.32294444444443
22731,70.20192460317462
65882,34.683883116883116
45392,42.30570074696545
47989,42.988698593073615
42245,28.803212662337675
81340,41.17485317460318
2075,62.690490079365084
15698,64.98598845598845
98263,38.58331150793651
54057,53.46883820346321
2372,35.51215945165945
26723,53.33116702741703
87638,22.49715277777777
46775,59.84203030303033
1487,52.73465891053392
53964,78.64775
80855,78.85119047619048
70808,54.33160569985569
71512,39.260570494864616
34704,29.7293446969697
65390,72.36585714285712
93740,58.347075396825375
87752,37.39046031746032
73869,38.98142857142857
32186,54.563288239538224
97806,40.37255772005773
49733,73.99954022988506
11712,52.367534812409815
45378,45.460489718614724
5109,38.867940476190476
81184,65.32688827838828
102542,56.55197222222221
64790,46.65732142857145
86348,32.97392261904761
41953,44.5482196969697
67151,47.63598809523809
40587,36.6859505772006
94103,70.82347222222222
34895,60.801982142857135
33224,71.75098717948718
63630,41.19041558441559
13181,69.11053300865802
18463,33.766080377955376
39088,74.83368253968256
34532,68.95812044817927
39938,39.09977489177491
357,39.08043650793652
72322,38.78048953823955
101343,75.4281746031746
53711,56.7400734126984
3,28.104425685425696
31044,59.69103571428572
30618,77.9195920148692
11301,59.76822330447329
15427,40.05629563492065
56509,61.21550470118119
22831,48.51716991341993
54624,39.00019246031745
79192,29.63007936507936
100595,69.45264285714285
67945,50.0842593795094
72224,69.26865945165947
91025,39.514424603174604
92434,48.00604888167386
17114,29.715160464535465
3204,59.684648809523814
87373,67.92033222904544
27604,31.360216269841267
1007,65.94996313980137
41952,64.75137316849815
57365,33.04121176046175
28844,39.31511255411255
66575,52.18690476190474
35288,58.52667803030303
53557,86.0
83407,36.00151893939395
7619,49.3464025974026
9157,61.384098839069445
28397,74.98168073593074
30271,81.42855952380953
17019,52.77113311688313
13524,65.01365681540683
33338,45.30810606060605
9348,26.083474206349198
31768,44.56782738095237
22264,59.04751877289378
55929,66.9929326923077
85489,48.395672619047616
62318,34.18782539682539
97503,55.49673412698411
58068,39.90690620490621
99860,37.564344710844715
6335,26.224407647907643
32358,49.10162157287159
50051,73.9423492063492
73854,48.45053860028859
59746,64.65422348484849
2807,49.401751262626256
66987,41.25519841269842
89850,70.05995851370852
8119,32.931136904761885
42730,66.36941666666667
76980,44.471422619047615
24363,36.4441406926407
40334,46.347893620268614
71585,62.350549019607854
73509,27.028470085470087
19442,36.7180781024531
14643,48.33722997835498
88222,99.87666666666667
33507,68.73147321428571
54615,31.089271825396814
59283,70.69748076923076
61929,42.81797817460315
44395,55.11827164502162
70613,47.16369696969698
94745,78.75870833333333
2489,46.595529761904764
83116,60.21901144688646
77430,52.9405714285714
7693,27.049685966810966
86469,73.21090476190476
50762,55.35526984126981
88286,66.72069312169313
71353,40.139250000000004
36860,70.93627976190476
82368,47.182853715728726
62079,62.41307539682539
86682,50.18710335497836
10999,28.832837842712834
66571,36.53762626262625
3943,66.04109451659453
97895,53.99977759740259
54062,45.6367757936508
2945,37.312113095238104
70741,65.00103517316018
63273,87.367351010101
37000,56.997236291486296
86280,46.972698051948065
60187,48.771839285714314
18632,64.17511904761905
7776,65.57447438672439
9133,72.85303787878789
508,53.756229603729615
97182,56.0194583333333
75762,49.035172258297244
85258,43.51898015873016
84276,71.08934203296704
66698,80.99138888888889
30621,35.57030753968253
60546,29.132712051837053
75559,41.03935299422799
86926,58.33934794372295
93937,73.77921212121213
95895,70.13272222222223
44942,54.2558253968254
83675,70.1585736673457
22944,34.61700793650793
34702,61.39615201465199
37747,39.794739080364074
66976,50.43488293650794
98368,70.73410317460316
4964,69.95489285714285
24203,38.133964466089466
715,51.25336610611611
27685,73.44504166666667
97400,85.76158603896103
57350,31.264876984126982
15781,40.562632395382394
32177,60.33058098845598
19799,77.26490476190476
37067,63.29525
55564,33.68293903318902
69447,40.90294570707071
61257,26.311737554112547
30336,84.91630952380952
52214,67.32646428571428
59721,62.460621031746015
85408,35.216680555555556
42452,70.3690477994228
52750,50.16609722222223
56883,66.56378571428571
14186,44.169107142857136
34600,44.20704258241758
12561,45.36848863636364
47716,71.56567261904763
48382,48.13463582251081
99715,61.0834090909091
31359,79.33826984126985
70368,61.38216269841269
15610,46.2665238095238
95867,51.70006168831169
55481,49.20769913419915
11643,74.3359146825397
73524,47.35549440836942
80766,58.56684415584416
27226,91.66
67225,33.874650793650794
71882,82.0
6918,42.60020985060691
97245,38.81877182539684
7302,48.43083333333334
52834,57.29312500000002
38463,45.34176569264069
56253,62.99158874458875
98848,80.74221399636048
21001,41.98548835886336
26349,43.33140422077921
41555,69.90055555555556
97385,31.84337629037628
60175,55.108507936507905
3431,77.52342418546365
14817,68.75238095238095
51358,41.88357539682539
15950,33.328751984126995
48584,59.70204304029305
55286,38.41483218170719
84232,36.12748809523809
73272,25.16524206349207
17503,29.296422979797963
47271,31.55413437950939
1124,73.83707341269842
65956,49.63891666666665
79160,51.18499422799423
34676,63.712380952380926
92550,64.51692231379731
40808,67.79712301587301
102639,48.57884469696968
62045,63.094822012138174
83046,77.27058333333332
10099,41.23792424242424
12758,78.64839015151514
95357,40.167571428571435
101670,34.85879094516595
77194,63.75670436507933
38464,57.8064861111111
68465,54.48534307359306
2215,63.80074801587301
52812,48.81028373015871
56928,77.69461634199133
47131,68.85681746031746
94445,71.05762103174604
70799,54.335465187590195
15367,54.25470346320347
35184,58.372770299145294
74094,26.88513161838161
43468,40.5810358946609
8565,43.6181047008547
21926,70.1827673160173
87739,43.74276027077497
15337,40.96727904040406
20946,71.19908333333335
17869,51.34729743867244
88964,47.65686453823955
17094,38.70435191197693
88604,55.456523809523794
88427,79.34969047619047
83012,34.148114357864365
81550,51.258751984126995
26699,65.63486904761905
67212,57.09211630036628
45559,50.52003769841267
54312,67.90383749875012
87385,55.8711066017316
68801,46.15207142857143
43134,78.18252777777779
13367,52.16228075396827
94192,71.94029220779221
2276,37.85832377344877
76740,70.38328037240538
66941,68.6779484126984
100370,75.79043969046948
72821,38.712966089466086
102104,42.63749603174603
66704,43.9942876984127
27736,53.757202380952414
18125,35.09936435786437
29396,53.52906547619049
46828,52.2024191919192
92597,32.945400793650805
26990,80.77720833333333
94949,35.968428571428575
72279,40.75420797258298
14693,58.78742352092351
65537,81.1695
20366,46.37769841269839
98796,43.945342309651124
55650,52.83097869674185
85516,54.45666865079364
86499,75.76402976190475
21703,60.523152777777774
24227,59.57400955988455
42454,63.740170634920645
90479,59.68891071428571
65653,71.90297619047618
888,56.21866738816741
43568,74.19010593573095
67074,40.43606944444445
72683,48.72584156121655
101077,68.86572023809525
63170,55.285783730158734
5544,44.84376739028944
45603,74.90930357142857
102088,54.217037698412696
68673,69.40209523809526
44467,29.2261645021645
2501,44.8153823953824
37596,25.48258796758798
58689,39.262455447330424
2531,39.670426587301606
65337,70.055
102269,50.89238492063491
11329,40.92058134920635
2651,45.38529166666666
73457,64.99017586580088
32631,38.64891071428572
74674,42.40436904761905
102050,65.5193658008658
10893,57.985676587301576
89212,44.94363293650793
90467,53.77645093795093
65472,54.029212301587314
92385,54.7950813492063
42380,51.62355357142857
83269,42.9229164862915
58040,67.73329258241758
16789,31.848483225108215
24152,64.67889808802308
37976,80.75885964912281
64582,49.7131736694678
65485,29.0731369047619
15538,44.41976857864359
29141,45.84065476190476
97742,41.591980158730166
70103,30.071369047619022
2594,73.53577085414585
33392,65.99797817460318
4656,45.057956349206336
69855,57.58901465201461
2962,50.73453804528806
100742,76.71741025641026
33171,74.3085238095238
56099,81.8608869047619
93276,49.27525775613276
58609,50.28440566378065
89575,59.03800703463205
67807,70.00227272727273
100987,73.8927380952381
40883,45.67078968253967
73068,61.27449422799427
67379,60.81235394868288
16180,40.77487085137086
35968,79.89086242085642
79363,71.60921428571426
40981,37.57511904761905
23438,69.21860606060605
5692,70.91757598039216
15186,67.04315277777776
35330,66.92850297619049
1316,44.26396626984127
47774,38.30884794372295
67750,78.96751292428439
72150,55.11676388888889
17152,32.20494742063492
75657,43.68178174603173
521,27.643474206349197
4064,50.6525083805084
89847,31.637917568542566
42590,74.16205716587332
26309,63.69704960317463
75009,36.30472420634922
22915,69.51495238095237
53418,45.14937427849929
74905,36.10966702741703
46411,39.21925423187923
33466,71.90508730158729
6008,60.069957972583
47658,53.8164136002886
68729,66.04380284992786
75044,40.73912499999999
84926,32.0912922077922
46093,40.18662012987015
95743,41.73206457431457
47813,44.71990349927851
93735,51.56569444444443
76536,18.496863997113998
94367,46.789480463980475
69129,31.10593127705628
73262,71.77777525252525
85448,62.59552453102451
95488,61.45441414835163
9239,19.77214411976912
41575,29.138940476190474
27636,66.39231746031746
21864,53.07723611111111
60753,61.04469444444444
18588,68.08461813186813
66826,51.53853174603174
43462,42.17923033910533
6912,48.58047619047618
25642,58.70546987734491
31542,70.17686904761905
5026,57.76836075036076
48236,70.14955114330114
48603,54.2131237789988
7097,75.86066804029305
73898,72.91805032467532
87758,69.07250613275615
63846,36.17070436507937
9379,53.43296067821069
31174,36.578417929292925
45668,60.35570256132759
72427,62.1498234126984
33138,57.37313888888889
92125,28.09391865079366
6224,50.43436507936508
82824,47.9336607142857
18851,55.564206349206344
60167,68.23744779693487
68921,37.71915873015871
8125,59.92659722222223
99429,52.81859325396823
41362,64.5530817099567
42856,49.61590638528138
22444,38.350468253968245
31361,44.55814808802308
37199,67.30030647130648
48750,96.05875
48258,47.22276984126986
100522,28.930172077922084
18330,42.91322619047618
37463,26.86925793650794
11114,64.57470400432899
79530,47.910442460317434
60619,75.13116666666667
60137,58.62866269841271
75150,61.72294642857144
24709,59.30308748196248
53717,17.405074494949496
43396,91.17008333333334
13264,53.60740386002886
73330,57.867871212121216
44944,40.707587662337666
40615,18.971632228882235
81418,70.63990476190476
45413,29.320841269841253
51194,30.820888888888888
87596,47.958684523809524
44057,52.90538492063491
99631,45.75187770562772
2175,51.35527647352648
32886,47.72326839826841
99989,71.87419047619046
13041,22.650931096681084
58731,40.92851984126983
49769,36.66196031746033
39032,65.48232711038962
93093,56.08511345306741
25552,79.91327182539683
29251,39.10140277777778
88696,70.0186150793651
51292,74.55190043290044
63148,46.14700213675214
70422,45.00078174603176
64375,75.32890873015874
72195,50.66976085434171
95288,79.90905952380952
81702,40.12271807359307
97841,68.38682972582971
31945,65.79005248917748
83220,72.94997345636821
37086,47.12580140692639
73060,50.4164007936508
79466,38.23079761904764
76480,49.22041684704187
26072,27.40059036796536
58166,88.44916666666666
10533,64.13576623376622
98271,66.7309761904762
34701,73.55229304029304
88900,37.1484880952381
93273,42.7222555916306
48955,55.346034812409805
44003,52.181605158730164
33866,36.08417658730156
30910,35.08639448051947
79843,45.19518452380953
2272,64.10156547619049
96344,45.463232683982696
9758,53.83077687590188
13959,39.68401587301587
102362,53.14137393162393
14572,53.90586309523811
48842,39.18570407370408
6791,81.98083333333332
69135,84.68366666666665
25296,50.27795183982682
53374,57.80654166666665
87875,70.44002976190478
20557,75.025
422,40.41581974969475
8844,69.28370833333337
33657,35.043728715728705
64547,72.88626406926409
66695,30.217103354978363
55791,52.67142658730158
71765,47.71015638528138
100817,29.927666486291464
32966,54.99078053830228
55153,43.221567460317445
98378,45.19761507936507
81727,78.92745833333332
69406,58.14521753246756
81263,64.36766666666668
34258,42.620571303696295
87458,79.56145833333333
34792,54.86267911255413
15398,55.884770817417866
74991,45.208456168831184
69093,73.9263154761905
93882,32.32920436507936
39523,48.38364844877345
71301,59.55114112276615
74851,51.60270364357864
32543,53.33348809523811
100376,34.09315476190477
11860,75.71957142857141
31248,68.75590750915751
71662,46.00328535353535
4702,63.40171500721502
36997,72.94183549783548
65617,38.82901785714285
26459,41.6489402958153
88825,49.66409253246754
75595,62.56564087301587
24134,44.60119715007216
24426,36.37997222222222
34084,41.19458333333333
29866,41.37302398989898
101264,45.197318001443
19857,44.02574408924409
12413,43.75105411255411
414,48.13088293650796
21205,75.0500376984127
21420,36.56939880952381
69265,52.45241865079366
77856,47.74291666666668
91219,43.90064880952381
54836,46.82518217893218
74292,48.30088149350647
87895,68.97224999999999
610,61.53270332363716
24723,41.96898575036074
101168,38.20934036796536
73230,44.240337301587296
38470,33.489994047619064
29848,32.71937753912754
63112,63.40195833333333
66787,64.31197294372296
74434,65.63216684704186
87725,56.81868849206352
33746,55.1868021006771
12869,52.567095238095256
47211,48.91679527417028
1251,60.24835714285716
45171,56.72948214285712
88467,36.52661309523808
26466,41.948825396825384
83496,56.46875000000001
58504,44.441619047619035
83883,37.23768650793651
16039,78.80563345864662
20909,63.73546217671217
2325,81.97182142857142
83310,46.28766865079365
19513,59.990382395382404
62240,43.79201064213563
3380,53.084710137085125
92707,48.75582611832612
14011,60.36889186507937
53311,40.62639682539682
49325,71.6031804029304
8740,57.65146230158729
14786,82.71342857142855
29625,72.95266666666667
8477,42.30216666666667
101638,70.9038576839827
88239,30.440946789321785
52520,84.0
92471,37.88579617604618
45330,60.25948268398269
98655,48.39251911976912
39918,41.278139166389174
55962,40.291126984126976
41127,72.22966680432144
48520,33.64846518759019
62875,51.69200595238095
62883,66.17870238095239
80487,43.3134900793651
52854,62.9107507908758
93939,31.621640331890333
6603,47.08086904761905
31835,66.08443650793653
20584,64.47593414918416
43445,50.87648214285715
6820,58.369019841269846
60280,50.98672298534799
70296,76.38479761904763
91354,73.58308441558442
92692,80.83728870604278
34166,40.94371807359307
63833,33.30111507936508
48646,50.92594642857142
15144,67.49669967532468
1861,54.491476190476185
58015,63.118708333333345
74235,67.7872976190476
38812,81.92083333333332
70965,62.22141504329004
64485,54.29335317460318
38067,71.88216666666666
54087,54.31538214563215
86718,50.80620670995671
45408,53.08656944444443
41814,29.542064033189014
10583,64.78061435786437
96895,81.7479761904762
25713,32.35780158730158
88327,42.282527777777766
45924,40.804045634920634
16926,71.26188095238095
33340,54.63011724386723
78414,41.52571626984126
88989,47.63602973415473
15537,54.0585396825397
97915,52.27828571428575
87369,37.331613997114
2884,29.52688690476191
25021,57.26688918026418
75200,67.59434218559218
28563,50.31563492063492
19,54.90243452380952
40489,79.0005
100094,72.06002326839827
13218,39.42364682539683
29217,49.4683115079365
67761,35.96050108225109
37019,72.5205340301461
39511,47.93070833333332
32015,42.68628225940727
76398,67.78164705882352
30531,46.84585714285713
87460,48.030299603174605
34718,28.156037698412693
27438,35.74039285714285
3716,36.779795634920646
60510,62.588944444444444
13279,31.972896284271286
59351,95.40623809523811
98732,59.044986582861554
36150,69.39595833333335
82187,67.88015674603174
1050,71.36810033022532
99782,52.916099206349244
41578,29.36116107503607
22897,32.30609325396827
21774,74.68559036796539
61728,45.49446840659343
48455,49.58682774170277
16671,56.189023809523825
39756,64.9505634920635
71534,53.544444444444444
68641,25.574769841269845
80137,72.77789393939393
95993,39.555029595404605
36970,53.59337110112111
13056,61.76857399267399
68264,55.285988275613256
98048,30.604482683982678
41089,25.397570346320343
63135,32.59590873015873
87698,67.80317424242425
36214,33.24738780663781
24693,36.83095472582972
91139,85.61555672191584
83698,68.355125
20046,31.3081718975469
62500,46.926982142857135
15311,48.95890692640695
54474,78.72527830013127
27038,62.49212169551295
60450,74.17918253968253
65810,67.75742719780219
981,43.172590007215014
20509,37.56914321789321
74501,36.29776587301588
90876,78.69653571428572
100206,33.26758637196138
55420,75.87993452380952
20848,74.50887499999999
33670,33.88202665506148
27505,68.39774296536797
12087,68.6401507936508
80541,55.857666666666645
37497,50.25330086580087
49965,34.49482936507938
80209,43.54400018037518
14501,40.79425396825397
2018,68.539409992785
71630,57.18824206349206
91412,71.75265151515151
60213,57.71078347578346
58951,58.08248484848487
3278,63.93078300865801
77735,50.115878996004014
25591,32.51480053280053
33791,68.999375
26522,61.6394097014097
14002,47.39739610389611
2921,59.05408333333335
84131,36.99439285714286
85383,55.553093795093794
56860,23.71747456709958
93606,42.02955357142856
58854,70.22540476190476
54282,62.551057345432326
94212,79.0
20324,58.03566269841271
102635,87.31466666666665
11811,69.07703571428573
101996,30.838406746031765
49314,55.43393066655569
88452,57.96579761904763
82324,31.39542261904761
66467,52.962499999999984
8769,37.720393037518036
28929,38.318356240981245
58416,57.90123989898988
45948,64.85251875901876
89610,74.00125
41638,60.815486842105294
8575,27.474906385281397
25234,57.45813636363634
25180,29.503421536796527
45762,42.8160992063492
81560,38.296744047619065
78282,77.93805555555555
43927,54.399047258297244
21037,57.1865969030969
27528,57.90248214285713
59897,41.477544733044745
49890,70.0031349206349
10523,54.57697222222224
76523,63.40077254689757
100666,62.12713913984569
64622,46.777617604617596
28806,27.249632936507943
5378,34.14530753968253
81881,51.096382936507936
52892,30.09505357142856
14989,42.585819805194824
1707,42.78151352813851
41196,54.95720238095236
43593,73.29069444444445
29752,41.340392316017315
38848,57.86301082251082
63754,76.31253354978355
64201,53.719936147186154
54389,85.8116
11273,38.898325396825385
94579,59.14311706349207
20283,68.7463035714286
95596,71.87666666666667
80603,47.6124274891775
76855,52.28782631257631
89103,55.89305952380951
77918,53.473351134976134
34759,72.77814986902044
101751,64.43532864357867
89112,51.69084163059163
17556,72.94246626984128
14774,57.068767857142824
41385,77.0
85334,61.156080787676395
95154,44.90846527777778
45239,47.370532287157275
28987,69.70802380952381
38468,66.0364880952381
59438,37.14334830447329
84806,34.69112608225109
75891,40.92827587853324
36036,73.7740396825397
43123,29.156807900432906
29175,46.939929473304474
13092,65.6967612942613
2293,31.41096500721501
26017,74.77994047619049
7037,33.3669106824548
16339,69.1513988095238
20086,31.2560637001887
59005,44.62658026695528
15489,45.165567460317455
17488,53.31294624819627
43437,29.395261724386717
91497,38.58597023809523
50668,44.4432858946609
72032,39.20392063492064
38356,34.131543650793645
53036,61.27982611832615
28881,69.56193452380953
102089,51.04555422355422
35407,66.99194444444443
67637,63.94351785714285
42199,22.235263708513706
77128,53.226426587301596
7952,71.54923412698413
46461,40.86554256854255
25953,55.854007756132795
91147,54.18943795093796
25525,82.94120238095238
77037,58.79628373015873
26199,61.11443253968253
32663,26.691140873015858
46366,60.24232738095235
25099,34.397486111111114
29656,73.54325
49569,85.6197619047619
11894,50.2770948773449
99449,61.44215798825359
15688,54.729325757575765
99573,63.94265789473684
17581,42.55124801587303
54777,64.65957142857141
5870,51.01537698412699
82630,63.46646843434343
95799,52.42208134920636
91299,43.87120111832612
72348,65.00166010378511
18427,52.76595238095239
11462,54.69768127705629
70410,47.573040223665224
86385,52.500227106227115
9857,48.51775595238096
65401,35.853303571428576
93218,38.99416468253968
76711,27.03948412698413
7133,36.18913113275613
33850,66.56546292596292
46217,79.9135
85987,60.60499007936506
70972,50.55474927849927
36230,57.06180753968255
66218,78.28015476190475
39402,63.45123015873017
28097,57.990338231213244
19478,65.30346428571426
15351,48.95792730880231
9811,67.82703174603174
2629,61.80144805194804
54609,34.06763185425687
24054,55.712433621933606
24781,70.69910829156224
86680,46.124047619047644
14355,52.291545634920624
45443,63.76217857142859
72709,69.5608839869281
79829,51.273445970695974
15258,44.28850396825396
33930,47.25613537851035
6812,34.59025992063491
10436,55.94911345306741
24316,34.073878306878306
82775,57.14483982683983
67130,50.45577344877343
78486,47.190748015873005
22156,69.61073611111111
79624,46.18288690476191
82745,79.71798809523808
54616,47.362975198412705
62765,37.48745634920635
58547,78.47097222222223
47625,41.75402904040405
86241,32.54858134920634
62699,68.06374244751663
74472,71.7205815018315
90842,71.63425559163058
63334,72.78955555555555
25253,65.58706782106783
23596,48.040133297258286
75105,55.89489484126985
81946,45.40518253968255
20675,70.23511309523809
57962,38.09823322510823
77626,45.59924585137085
18975,74.6219945887446
75590,66.34078571428572
71135,68.8977142857143
50039,50.30158103008105
23240,31.43842099567101
91020,52.14341666666668
92163,44.229671953046925
46359,53.09414087301587
32326,66.55335912698412
76355,64.5452896825397
95084,66.13628642483248
101607,66.9170138888889
56274,75.83336904761904
63733,64.8616388888889
20250,37.18025
890,64.32389880952381
82458,95.18394444444444
16664,70.45236010435642
86431,67.89202777777778
36044,53.30963293650793
23148,38.6376507936508
56956,44.83331547619049
19318,56.50602344877344
80933,52.08491504329003
90710,45.19725018037518
67778,28.271386904761908
87854,61.744463744588735
65270,55.72905952380952
34140,27.7831553030303
72916,36.65907142857143
27949,63.67407196969696
57474,35.438882936507916
34108,65.72825234487735
19676,45.78207196969697
14230,45.76844087856587
41220,67.33784072871572
87220,92.20369047619047
101574,56.866780122655115
82937,43.29708549783549
24662,41.38339051226551
63011,51.267197899322916
13078,46.892261002885995
18932,44.94055062992564
97756,68.78409036796538
42068,67.59199404761905
96345,50.59907774170274
36817,74.94610683760683
83284,38.65135696248195
60305,29.468458333333334
18203,36.669926601176606
8904,65.39421428571428
89156,64.05669642857143
86619,59.69570634920632
4429,55.14530230880232
17724,68.99957575757576
97261,32.5696488095238
6541,36.71516468253967
72768,68.62777380952382
90973,61.22852238039738
87413,14.59466865079365
86904,39.046351551226586
89050,51.81187103174605
81051,48.10922895100069
53416,85.875
72903,69.01336421911422
79892,50.75993958818955
93829,40.9249265873016
55189,49.14807954545455
81618,41.75142460317461
101709,62.65304022366526
6779,25.328397852147862
33374,46.400865440115425
40796,66.4750138888889
36067,31.69947222222222
2566,38.00262698412697
31407,60.170158730158725
19032,67.59471590909091
68731,68.10443107769423
86060,52.82330357142859
30419,66.82405525846703
16750,50.06747184759686
18573,50.340740079365084
45248,36.27651424963925
10962,40.65192658730159
91621,69.76994863469864
69856,72.44348809523807
66343,59.5924191919192
25479,57.17848809523809
67584,56.528741522366516
52600,55.929337301587296
89790,54.21016071428572
84600,66.47377236652238
32436,71.33535637498467
99028,68.39917676767678
38368,65.23457936507937
97436,57.19087265512264
55799,69.68505357142858
82300,38.74877579365081
66931,34.400371031746026
75428,48.10650198412699
81369,35.59375432900435
71843,31.776590548340547
87103,56.36247763347762
36710,63.939222582972576
83335,41.27234595959596
100229,52.69013762626263
27394,62.07139682539683
65205,61.29571121933622
6370,43.88419906482407
49512,69.14684523809522
96598,82.50616071428573
52173,70.0275
7267,45.855246316548936
47215,41.70356547619049
10108,46.96184090909092
13833,49.26917893217892
86427,52.86421626984127
10027,61.9673204087579
12728,56.12865506715505
67345,64.93460497835498
84129,49.07833387445888
94363,46.05368452380952
78342,57.19481349206349
4432,51.168957251082226
55422,69.58966558441558
57632,77.85847222222223
4632,35.94471825396826
22491,39.6936202963703
15203,52.900206890331894
38851,91.5086648219428
13008,67.07161358739302
83539,43.105194837025714
56282,60.808441849816845
76658,64.5514890873016
70608,72.35573809523808
68994,59.55838095238096
83154,39.41515591353093
97921,54.20185461760461
72763,39.46533470695972
14413,64.95355769230768
45058,63.9076359011359
54999,85.93666666666667
3918,34.23900775613277
33423,49.928553932178936
32730,72.40026984126985
91514,46.217396825396825
58042,33.956665945165945
26772,60.096437409812395
43256,27.172570165945164
1892,73.50793215118215
73630,57.39692694805196
18740,73.4960119047619
16765,36.69682521645022
84286,36.706472041847036
62032,35.49375937950941
71240,79.75467261904762
32480,35.46555952380953
68343,72.43655952380952
14564,34.56677182539682
97019,35.218301587301575
27040,41.67520256132755
73076,61.98723484848485
87393,44.905463578088586
59056,57.62243481518482
74086,25.057585248085246
66369,73.78200877192982
35347,37.29365277777779
69237,72.12663095238094
85332,99.37616666666666
4489,72.59644246031746
1279,39.998875901875905
101606,60.03131457431457
34245,64.42117063492066
7394,67.99109090909091
31354,67.99616071428572
5149,34.97312355699855
55253,59.58228354978354
48987,40.57187067099566
61255,53.63002777777776
3327,44.212555555555554
81422,64.650125
43318,79.34354563492064
90159,76.26818452380952
79861,25.201543650793653
19485,30.553972222222225
77143,24.558987734487733
60126,30.606290584415582
41431,42.38224007936508
76724,43.698939213564216
101235,51.842979797979794
50041,69.6207554112554
80930,66.95644345238094
13511,65.01044047619047
102004,70.9112380952381
30540,54.661063492063484
50805,25.274862637362638
42277,63.027666666666676
33556,53.798287337662344
92874,66.49900992063493
81888,69.89733740769037
13614,62.87075396825396
6623,54.863119047619065
10768,80.32705443944941
65943,72.00272727272727
12031,71.49808673271174
77118,39.74883134920635
79744,47.71725883838382
52057,50.92452367077369
14352,64.18948443223444
23229,41.059494769119766
55851,73.48073809523811
74339,64.34577380952382
99503,32.63899080086579
19146,44.67544444444446
92264,20.077728354978348
51499,44.322694805194786
92539,49.337864898989885
17431,74.86557738095237
45915,45.60389880952382
39858,39.40476641414142
90843,50.29825739538241
73769,80.7311011904762
67835,71.95774999999999
70239,47.91392027417028
70776,49.266207722832704
25161,40.27459325396826
28150,58.29957142857143
67003,43.53873448773447
78016,86.0
50446,45.22453427128428
67525,51.41067322954824
24275,37.41058531746032
11865,58.697216269841256
4525,65.89742261904762
68267,33.89265873015874
64875,65.815
22426,63.63026190476191
40454,68.29816071428571
39047,67.43109888804005
47628,36.94075416250418
4108,70.96511904761904
60486,78.97966666666667
74088,25.91788095238095
39733,66.16234325396825
95254,27.478442460317464
91146,48.77516397491395
77717,50.14567225829726
6692,80.5505562398558
2635,29.297511363636367
65495,68.09636309523809
16114,63.508361577964536
75319,27.9525477994228
30422,70.20726190476192
93780,58.237074938949945
19276,27.159220779220796
75458,42.01968844268477
82626,47.04114484126983
13922,68.44886767399265
31123,53.35078373015875
30930,58.77416666666668
25967,43.22881150793649
88201,60.87318742368743
40533,55.18332092907092
53607,28.87403679653681
51207,54.81023840048841
22456,73.73477976190479
89749,14.945974206349208
91661,67.43570726495724
31277,53.03096158008657
45984,60.605658577533596
45350,75.30754365079366
45177,75.4248484848485
74651,85.37918181818182
19517,64.03753571428571
27931,70.83547619047619
51132,74.86860683760683
32934,61.10395039682541
80975,53.854614385614404
85739,83.52833333333332
90991,57.228446428571424
32023,45.03260912698411
57382,73.1048852813853
36031,22.888801046176045
72112,43.81678373015873
31783,29.595734126984127
26274,69.43241684704185
28197,77.49003968253967
31523,55.0940138888889
6908,69.57791127934065
62516,62.77772222222223
51642,74.45534173669468
90705,79.43195833333333
36495,88.08933333333333
24661,33.47423629148628
78994,48.82428391053389
16739,40.36233062770562
16570,36.52349332611832
41774,57.64338215950716
43713,82.63283333333332
52320,46.88935497835499
29852,61.10723593073595
43170,70.46253571428572
72382,47.14648033910534
56633,68.39461915204679
97599,65.01355952380953
50658,48.048579670329644
33823,23.610814033189023
74173,72.77333333333334
26286,43.09092494493809
79224,71.56364285714284
11699,62.020610375735394
76571,35.12293163780663
56330,50.78882539682539
4958,43.311164502164495
18416,75.46332478632479
84737,56.53342784992783
16837,40.40907792207792
55279,74.47747619047617
42356,71.01600883838384
96370,50.05841040903542
11213,74.93
7899,68.02082738095238
72234,58.11618650793652
58646,42.38019787157286
97324,36.39794155844155
2599,56.03072655122653
26645,42.759302267177276
79159,52.91616865079365
6726,72.67175672109484
50342,36.06848962148964
54695,38.78056150793652
14823,60.815056956115775
72930,32.9575782134532
14087,50.78191522366521
58572,55.73515934065935
100531,81.69579166666666
79252,64.68434469696969
3515,61.933954059829055
61332,52.44748397435897
75637,43.42413221500721
45737,50.96578769841269
35064,66.36337698412696
67618,30.83923556998557
68193,45.75145480499893
9518,41.4634632034632
99319,40.833448412698424
65266,34.55922191697192
77824,41.16038293650792
88987,53.615513528138514
67066,55.15910378510378
38956,53.952440476190475
15358,42.99817334054833
779,59.70365133477633
74535,74.65654135312946
94437,65.00611363636364
82494,53.90606583694083
62836,30.05895869408368
50708,69.6030364774115
51453,61.431386904761894
12634,71.4462883089133
70692,47.45892171717171
65900,52.68348376623378
86774,35.87213149350649
62745,62.82643452380954
59083,35.72281637806638
11453,52.56597619047619
72498,57.61662499999999
88354,22.113260101010113
12483,51.21606944444445
100141,32.170070165945155
97760,36.824144841269835
95277,65.19073473748473
98682,50.724364621489606
48786,29.68527976190477
405,67.81265800865803
18902,78.70249603174604
35092,68.54529365079365
52507,63.566747863247876
6378,51.24959325396828
87442,66.51315293040294
3209,47.87391035353535
44645,85.51834523809522
59473,36.024633297258305
43271,56.306477813852844
49823,71.43461904761905
36456,60.626440476190474
5034,35.218311674436684
57194,32.75931493506494
14654,74.9031055764411
62868,68.22484523809524
83657,51.04600198412698
65940,56.7598638167388
34969,63.89756424621132
93554,33.88934136696635
97321,51.09233658008659
46647,41.414167374292376
16908,34.787289682539694
57491,65.6211965811966
2168,41.944353174603194
72636,76.16430786245917
17871,35.397226086048455
59104,55.10837770562769
22053,39.8699623015873
33249,42.869418109668096
20061,39.960913239538236
84971,64.00233098845598
76978,38.493597527472524
51547,63.36072725885225
41383,41.30337896825395
61643,37.72978066378067
86531,53.23325595238097
46406,73.87201731601732
6236,62.153498490544536
55769,44.50090097402599
30513,34.609558913308916
73182,39.310686507936495
63924,59.56171879509381
23333,54.28291666666668
21505,67.8525459770115
63964,79.87771428571428
32978,27.85087888500389
18507,62.020418650793665
29057,69.29701785714286
30588,35.96620039682541
43937,58.30887662337663
27473,62.55426587301587
23666,53.7368495115995
3814,51.23162878787879
97506,55.306943191311596
91415,50.720728174603146
29884,59.33680797062413
1313,66.69786796536799
99265,32.93548412698413
13541,34.39404166666668
37781,47.04805357142859
82968,69.44783333333334
32089,32.17114407814408
60834,35.031284992784975
40425,35.04777002164503
101127,72.1636098901099
39175,64.35189880952383
6619,43.392420634920626
49545,28.78623015873014
95434,48.27302701465202
31855,73.57426190476191
4271,65.48079942279942
81475,51.025864982239995
841,49.82634199134201
11,56.72646897546899
16252,72.33761580086579
42292,29.73943163780664
33366,42.42578012265513
101016,62.02210836385835
80374,59.16434992784994
31587,51.90488149350648
85843,36.237944444444445
57907,48.6619603174603
7702,52.27093650793651
17259,39.36987499999998
38195,54.70793163780667
47290,50.801459595959585
6861,47.530325396825404
14434,60.026992063492074
29855,43.97019137806638
29921,51.866770562770554
22402,63.99614606227105
100137,58.84701343101344
26729,70.98149476911978
76822,66.09214439645321
5390,34.81188582251082
24538,58.657849567099554
7314,42.40169047619046
55710,55.217309523809526
52731,52.65923953823953
98399,32.444945887445876
9397,59.433540945165944
10781,86.78077398989899
84212,47.59472582972581
63429,63.116101190476186
73721,46.712031204906204
4749,57.02470163170162
23794,60.27322519841271
35541,63.24178769841269
99381,37.76938834776335
48158,31.405565476190482
67341,40.74254899267399
92463,24.196209970584974
36716,46.80791468253966
99513,38.53240115440115
84111,53.405218975468976
57751,52.97659866522368
67555,59.545173361210516
78042,74.25668452380953
58614,49.37717045454548
44099,42.82735119047617
55438,32.10222528860028
53497,25.32837445887446
61169,48.195521978021986
60453,70.84118769343401
17088,26.884198051948054
91526,72.85465476190475
46772,68.01189636752137
18029,38.29246194083694
82734,49.122856782106766
102081,34.413732142857135
79803,40.247057539682544
84446,65.82780753968254
8673,72.12333433111004
2916,41.8442729076479
41645,77.96820833333334
68894,40.05638492063491
98517,42.68793055555557
96645,64.44441437728938
97367,68.94361111111111
3476,69.63079483629116
68592,82.0
7094,63.7674718527087
1465,73.1247738095238
97501,48.21233810633812
78984,35.73448430735931
10137,44.81481962481963
21042,29.004590909090908
47055,65.75483658008656
89587,75.9289734848485
80948,68.00524999999999
62953,67.82645833333333
56517,55.816874320124306
30238,50.0704834054834
898,37.13345310245309
15908,47.66221428571429
53867,29.072841630591633
34825,84.26345238095237
66615,66.76838315850814
29654,78.51341666666667
88480,77.24727182539684
5030,50.94151226551227
14463,49.590496031746035
86954,77.57653968253967
13304,75.93139052994218
3698,47.0368539862915
34207,32.971055555555566
5476,35.00218506493506
44679,65.20649496336996
51745,53.700952838827824
5154,62.939980158730165
100936,59.5632738095238
102253,51.503669011544005
74143,45.627296897546884
52282,75.00365522671773
93417,42.6336607142857
35657,45.14153373015872
74451,15.690382936507937
56541,40.0551130952381
44052,41.31592803030302
73702,67.2589972943723
37187,63.70533766233766
34285,45.05510912698413
96019,49.68334974747475
73165,35.24529166666667
72186,62.582582341269834
5413,77.9735
55061,77.94347957375376
21206,42.409746753246765
28873,37.17413171550672
16806,32.501872211122226
7887,34.6054861111111
66526,73.94602236652236
34500,40.17895833333333
19891,45.20589682539683
72843,47.118142857142836
65830,76.584625
77283,36.272775432900445
31565,40.79157413419914
16831,61.16070634920635
1015,48.73845183982685
21271,51.199764971139984
2767,75.06924206349207
94209,38.42016323953824
39376,40.68602380952381
51059,67.99226984126985
76803,38.959553571428565
17196,80.57266666666665
40207,56.624593795093816
79008,28.12296346872082
54278,42.69098088023088
11311,81.50035714285714
79449,27.535277417027434
80650,55.49069246031746
68150,65.91195238095237
29721,52.02911688311688
67946,48.82547240259743
72217,79.06927218614719
55983,38.12711507936509
57023,63.319059523809536
89817,63.691035714285725
68384,71.08708333333334
76792,42.804055555555536
72516,55.015767857142855
72973,72.36029824342324
82588,33.44255393217894
29730,78.75847619047617
76526,48.63049404761901
100430,51.314459595959576
32033,55.99255576441099
19995,31.78689402264402
19867,76.43732539682541
50827,43.55461904761904
83804,31.159969155844166
61330,60.691087912087895
28504,73.03960134310132
68660,64.39004220779222
103,51.536367216117206
64566,36.457686507936494
17903,48.97694841269841
46061,50.559174270904535
66502,29.35591865079365
35954,47.86950342712843
28845,57.046924013486525
58128,37.56946230158731
83721,63.363824279886764
46950,38.17915043290045
57400,42.73705952380953
68530,75.09355555555555
81082,59.18126418026418
52218,62.47912946428569
36312,40.58942779442779
63572,44.740662859801034
90528,44.53288131313133
51931,69.8328134920635
10327,71.73424404761906
98596,35.750817460317464
36802,39.84867857142856
51994,41.55665277777779
84040,71.62153571428571
29652,42.392185786435775
70279,49.29372763347763
51941,32.82667352092352
80713,62.05437590187592
23544,67.43804761904762
33505,71.53345906585247
55530,42.410202380952384
47419,37.26310768398268
40303,44.88883044733045
22461,65.48931403318905
98949,51.077676587301575
12148,39.018369047619046
19050,20.628560901108695
93463,42.63561706349205
81200,54.68020039682541
4522,78.37897619047618
66749,39.509426088209196
57795,75.21903427128426
64555,69.97606944444445
82698,81.0
16508,69.58116140109888
71865,48.26311435786436
94503,46.24485750360749
38657,40.54027182539683
74711,45.022817307692314
83325,60.82398611111113
65173,69.030545995671
93211,72.79800793650794
7436,79.24898611111114
1415,45.83945959595959
32340,66.96263222888223
13087,60.39433531746032
72386,75.077
8455,34.66775992063493
40928,32.494310245310245
34393,37.99500396825396
44986,64.84655753968255
26937,32.269061507936506
49592,40.55165268065268
36451,62.63981587418431
86365,70.88952423511302
93162,34.99903607503609
35078,15.019311507936504
23798,78.1642619047619
92442,40.425224206349206
43675,52.641657106782105
31201,64.84820044987693
66438,44.60407034632034
90456,55.40678373015872
83203,71.25894047619049
57545,62.1248071026196
61651,40.761573870573876
78222,60.233841630591634
76418,99.3125
6951,69.28811854811855
7138,65.46675180375179
90506,35.36690277777779
36771,73.49484085213034
91237,49.556783730158735
29707,46.81942261904763
52875,81.92745815295814
38503,41.72260897435896
4555,58.76583333333332
28146,70.94979323308272
3183,25.337847222222216
14443,40.323934412809415
100665,48.77672817460318
29276,70.73092460317459
82058,70.67585227272731
5395,64.24948809523808
30666,27.591386002886
72706,65.7150726911977
40668,43.76773168498168
51433,68.1292619047619
55984,58.01548538961037
32746,51.001398809523806
63369,40.996626984126976
99324,26.853682844932845
44449,47.01404527417029
84461,66.8389705988456
6532,61.734058982683976
22383,42.491948412698406
21584,70.04579411764703
29829,66.05637698412698
93995,36.01112896825396
81894,42.938150793650784
73529,48.77864121989121
26719,40.26731673881676
51071,86.2430415001665
83783,52.19408134920636
61326,64.8880238095238
64465,76.65872812604063
45195,65.69340814982118
78935,65.93573809523808
21072,62.994819444444445
86990,64.0278032106782
21941,53.79016179653678
84652,60.2645708874459
102188,34.71927128427128
21003,47.236405122655135
17743,81.86286111111113
45738,56.325057900432896
20656,43.324740079365085
41938,46.10813492063492
45430,78.0
22725,47.58799118936619
10439,54.252538239538225
62921,47.166112487658545
77830,44.677396825396826
64012,53.5019623015873
99716,66.32792857142857
41746,59.711920454545435
78021,40.90492546342546
30763,43.07944017094018
82312,55.420541666666665
86204,68.79810714285715
64090,61.57857611832615
37115,40.053817279942294
7052,57.86559722222222
100422,41.805101010101026
29989,47.744884920634924
24974,61.28301388888888
6422,49.3164702380952
70193,62.43185307176484
92995,70.56982341269843
58627,39.82732954545454
338,56.08385119047617
66697,45.6956989856549
38623,48.32396753246754
11272,57.80972222222223
83028,66.56294841269842
97774,61.106922619047616
19410,50.98825595238097
97444,68.23178835978837
83009,79.50483990598185
4629,36.31805341880342
61909,72.49920238095237
86408,76.06340201465201
98756,76.71112719298247
56694,52.17885515873016
66353,63.28192460317461
71092,62.79691973304473
89008,40.6413965389186
46561,31.702588203463193
100520,69.2045972222222
5474,64.62905393217893
96411,63.80928357753356
17445,67.85495238095238
2392,38.73183008658009
22889,36.65865836940836
81322,50.23705952380949
23827,59.939446428571436
53049,45.4520376984127
45340,35.10969462481962
70571,66.54684523809524
91682,44.94119078144079
40745,48.166107142857165
48890,50.368581349206345
42271,54.83716033966034
35220,18.477380230880232
99555,65.06112881562882
47609,69.74946466973887
30288,34.53765277777777
77358,28.855150793650783
101962,64.19351803751805
100434,68.20724801587302
8487,81.03818452380952
7210,39.85456150793651
9678,35.107720029970025
13040,61.55585660173159
67281,50.4960496031746
54487,48.45291865079367
7071,40.79044678932177
89794,46.23638888888889
12175,75.29454166666666
92979,48.61335407647909
99245,80.42145634920635
26437,73.24001785714286
36676,44.27317658730158
102130,58.76675793650793
78615,36.168398809523794
41236,49.20955357142858
27970,35.50817857142857
88685,71.03094749694749
58277,53.89208964646466
17723,74.86559523809524
41613,68.20341071428571
21458,64.92821031746031
40308,46.260317460317445
84780,83.11393116802162
33339,66.13904408581615
20337,59.193327929423525
43627,51.66573538961038
19073,48.529043539793555
27531,65.90083333333332
6074,84.0
86373,35.52673304473306
56636,66.52603030303031
98153,34.64454563492063
99096,50.870636904761916
73609,48.05765476190475
70533,71.69377182539682
79559,51.15726406926408
57213,48.71836111111111
14072,38.30486291486292
30804,42.29300126262627
25564,65.56589545177044
61089,39.468077380952394
25439,45.35302218614718
55826,67.15472835497836
36889,70.39029130591632
4873,41.01554581529581
55705,75.88378968253966
17646,73.56620346320345
18440,64.69023484848483
28523,66.58133333333335
83642,77.6638474025974
85452,69.74295454545455
52460,84.10817279942279
51839,56.971429029304005
72214,26.85460678210677
10696,51.85140674603176
70712,55.71996103896104
8308,59.74589321789323
58918,43.751059523809545
26982,77.13367766955267
86524,58.98076659451658
76210,81.07675793650795
92641,43.364644536019526
76344,38.669821428571424
74757,42.15164844877344
95566,70.06168661403957
21188,44.737298618048605
4178,72.48546428571427
62552,70.07590476190477
8248,46.81802344877344
40263,44.76102976190476
77787,52.24445833333334
102489,48.29192261904761
93811,83.32288095238094
58604,75.08163293650793
74970,50.71384632034633
81396,40.81141125541125
13359,63.87531944444444
16629,66.67942857142857
9089,42.03083333333331
4187,40.433145923520925
58341,31.548505952380946
44584,51.058807539682554
72338,51.80353968253968
88206,43.28375595238098
38293,43.31681547619048
1278,79.91194047619048
27039,79.77666666666666
32568,61.440031746031735
6329,35.82876695526696
43409,43.599157287157276
74108,44.62871031746031
50253,55.66159274059279
93108,53.581119047619076
31252,62.304595238095224
27748,40.524817099567095
99193,29.83495436507935
62730,62.36106944444444
5374,49.56525198412701
19330,57.78893635531135
81956,51.40332738095237
101636,79.99222619047619
23234,57.66806764069264
2844,52.82375595238094
72110,66.85972240259738
29775,63.67539880952382
88344,47.50909210526315
98659,39.7656322150072
87684,51.78544462481961
80334,60.56499603174601
45495,52.82235479797981
46987,71.98493102240897
57807,58.29915766178267
35989,64.11522619047619
91376,52.54097003873318
35075,64.24847903726709
32644,54.827938221500716
81891,72.10542063492063
75388,29.125008477633497
30991,42.165360197851676
75161,71.6481985930736
22421,75.93900000000001
2394,72.31
13238,44.957988164613155
63851,58.736198412698414
20737,43.97336111111112
24106,71.91785245310246
93442,31.70941852591851
102625,32.58250992063493
25869,49.88776695526698
87279,69.61172438672438
10969,24.698880952380954
83775,73.13586111111114
26916,52.86427002164501
58406,31.788206709956725
32208,38.64323412698412
22568,45.89426587301587
91866,72.29535081585081
35486,61.73330049852111
48881,43.827668650793655
12862,35.714767496392504
54632,31.236135822510818
90442,52.4928079004329
49801,66.38517186979684
81115,68.91780952380951
20442,46.83343116605615
91052,38.82349404761906
100533,46.04728105228104
61863,21.449479797979798
88882,65.38931367243869
4074,47.733477339181285
67171,73.00570117382618
71545,55.10874794770446
89775,56.15217839105338
86306,51.71741883116885
26540,69.86740497076022
59771,81.5655
9972,72.15489880952381
39466,74.9955
8573,60.7477914862915
80505,67.11702976190476
2476,36.170500000000004
32010,48.89262680375178
47820,65.96450487012986
69239,48.59771230158731
3174,62.696128501400565
62083,43.41352380952381
96983,59.85870238095237
18650,70.77828571428572
83957,56.068226495726485
24011,58.3798124098124
95833,47.68806547619049
35342,41.52099242424243
98042,22.61079924242426
63732,46.06220639083143
50260,51.66928860028861
3036,49.044466269841266
36283,19.17512301587302
23340,46.95870238095238
27836,43.47645436507936
87104,41.51867811355309
40483,45.763722943722925
16529,68.72974336080586
9182,60.6061950704524
22980,45.09858856421357
29735,54.58860912698412
65833,47.305349206349184
40777,38.46855591630592
36409,49.211607142857126
50747,70.59068070818071
56973,64.06179333960668
75204,72.70338095238094
52862,73.05544642857143
59446,67.99725806451613
5246,63.52215079365078
40089,64.20627308802308
14924,34.869669733044745
32629,61.33709361471863
96430,38.189969336219335
4354,34.493001984126984
53855,29.97588492063491
97801,35.987996031746036
38621,47.99781349206351
36754,39.41634325396825
37450,58.846513888888886
50794,47.138871031746056
32376,75.09969444444445
52955,41.11890674603173
56559,81.74291666666667
4475,34.966001068376066
43917,65.45697484378367
59587,57.796970057720046
15964,53.58525396825396
99634,39.178976190476185
59880,58.73924614274614
21915,71.99056286360698
27215,48.59324801587302
41208,60.298474206349184
24790,67.19683261183263
22175,37.16929617604617
61263,59.90906684981685
24323,71.22602168664667
102077,49.090948315573335
75752,83.73159956709956
54660,47.62060876623378
99851,61.932011904761914
75220,71.93078354978354
11755,73.58688763185074
98678,38.72703544372294
7375,71.37330555555556
96817,38.361419361684064
62688,40.44063293650794
79022,65.18610069179186
29746,60.2871071428571
22710,68.47073412698414
51187,42.8952876984127
14012,46.01466468253967
8309,76.31359126984128
65951,41.91561507936508
48435,49.510065858161454
672,31.764902777777774
3092,65.45446565934064
21474,48.13464249639249
16203,40.024119047619045
5750,42.74594859307357
51299,61.57333603896103
88827,43.82021428571426
37100,69.19024999999999
54370,34.52581908369408
31788,41.19323214285715
94317,68.61602777777776
91350,40.8967442002442
57476,28.42400432900433
67001,37.69236760461761
101107,74.77745512820513
36668,31.432715007215002
83255,52.708190476190474
2133,43.067836746586764
26374,63.350036477411486
56017,77.99463414634145
84720,37.630316946941946
85151,47.56103932178933
30833,67.02004942279943
51158,53.25797750860252
96723,67.86236507936508
72340,63.11269336219337
67698,61.57201984126985
16323,46.3988051948052
48139,53.20733134920637
3474,38.55860046897547
53550,67.5847757936508
37012,44.44520310245311
14760,52.27976713564215
58586,41.01752454489954
6332,71.52458333333331
55846,51.43524999999999
30254,49.32463293650793
24189,71.36239087301584
109,71.99198214285714
81220,72.92475
57904,50.05713997113996
18348,37.698104437229425
13877,32.07227115939616
43915,61.29209163059167
45991,42.12502254689755
35680,47.14798061660561
37446,46.89491071428571
66484,41.69959343434343
57121,36.58164935064934
14291,44.89538329725831
91502,59.02838095238094
12766,67.52699835796386
99790,27.509918650793647
5178,51.20292225829729
70065,26.936956349206362
68680,53.056420634920634
80961,33.93635476190476
62258,25.836867063492058
83268,68.65277275910366
96316,56.16682936507936
72166,68.81077020202021
43492,62.59706150793652
43446,67.21205357142858
17808,80.45670238095238
68849,68.9072473874165
19187,38.1546985930736
13971,39.94842907092907
70136,40.296161255411256
13650,55.22293055555553
95658,69.57965430402929
8093,35.32802777777779
11790,35.6867196969697
31150,61.67434523809525
9162,39.66250198412699
46498,34.68558152958154
83664,62.50615873015873
6360,66.83294258832566
84657,36.312275793650784
75883,37.32723268398268
66091,42.63393452380953
60356,53.58082738095237
85631,65.31357936507938
95048,23.30932936507936
12755,69.30028174603176
78653,38.922448412698415
89190,39.170351731601734
15292,64.06009722222221
53787,66.29226479076479
10930,34.58244444444445
5673,65.32130357142856
71003,69.97748015873016
34799,45.26222637085138
76395,56.74484722222221
83693,53.59585515873015
72985,74.24566228070175
55030,28.392085678210673
50122,38.74812139249639
92729,75.36560851648352
75349,55.15045977633483
3775,65.08706222943725
46179,50.717799963924946
44929,65.50585515873017
63284,74.73200732600733
38235,46.9703273809524
56121,85.48210227272726
30787,61.36126543595294
3177,40.92584920634919
20520,88.23265733814769
29915,46.201511544011545
38340,50.995986111111115
27869,38.015636904761905
79268,40.54734920634921
69433,65.94069246031746
21340,43.09055555555557
12077,67.0868402194211
102187,27.668355158730172
77377,54.04218452380954
53702,59.81747817460316
15228,50.088490079365094
58554,72.54333928571428
52143,70.23731547619047
25164,34.59381349206351
7592,43.781994408369435
1616,28.152009920634907
60886,59.967642676767674
43508,25.797864926739926
72288,40.443845238095236
14361,46.847982864357846
5574,30.58657539682539
38204,60.62164682539683
59425,32.80365891053391
17806,55.644335317460325
44124,73.86166666666666
100694,58.071883505383504
39745,42.83470436507937
84279,78.43181746031745
68217,66.92958773772666
35221,71.98931818181818
70517,28.00634541847041
37947,42.84044336219336
44981,53.659148088023066
59772,69.7015982767233
18676,52.695150974025964
62923,19.166636904761898
97931,80.0
37032,60.46804960317461
86199,50.49615602453099
19979,33.8694585137085
39953,46.216462301587306
33673,72.4222434640523
88599,67.7871791125541
2498,51.864621933621926
90625,40.772811507936495
8810,49.823674603174574
31280,37.13851190476189
26911,66.25425631313131
34219,55.893476190476186
93170,76.358
92663,61.72211778499279
20202,46.22719155844154
83493,53.32621645021645
73706,71.78010119047617
69635,25.136088924963918
5859,65.54643807581307
56368,59.09583585858586
78607,53.45319967532468
43858,76.74841666666666
76239,55.4655568181818
63782,51.33819108669108
46897,44.282886904761924
26891,41.38212301587302
29741,50.40357395382396
37646,37.67420543345544
4988,51.49543740981241
9990,53.09655898268398
4863,33.09306288156288
89168,55.34446445629535
74039,37.67629960317459
75578,56.776789682539665
48853,38.805358585858585
94111,67.2366360930736
82380,55.38740782828283
56424,53.397270382395384
12613,40.22933098845599
62764,45.174082070707065
46345,37.534811327561336
35403,43.474126984126976
100606,45.230700216450224
101925,42.27444705294707
46186,59.19102569652569
36477,47.20282539682539
14904,77.66865782828282
32278,34.78400180375179
512,54.838557539682526
46149,36.299742424242424
47690,64.20591522366523
65329,41.21717868814192
90656,45.230230158730144
34612,47.40107165057164
9597,35.30696428571427
5965,41.03046626984124
23713,47.305156385281386
8,35.00019913419914
28702,56.440603174603176
38645,60.27928769841269
24033,79.50361706349207
90310,33.431003968253975
59710,58.430681637806636
71299,54.61346645021646
42763,50.769632034632025
83751,55.83397023809523
31082,60.75104960317462
80660,42.21227182539682
4305,54.34427092352089
522,46.614033730158724
83986,41.6639623015873
55386,63.10087326562328
83069,45.52300216450217
28686,66.7025339105339
59264,49.46422420634921
74253,45.77222727272727
1523,61.131118686868675
17253,53.92700091575092
100403,64.3502222222222
82541,37.94838077200577
30674,71.59885254803675
97573,83.68898809523809
18231,20.91785897435898
32587,57.78205952380954
27275,53.37179365079365
38047,58.79005609668111
45186,33.34248106060606
87709,23.530502525252523
5532,31.849841880341874
25875,76.65074999999999
35059,48.062045815295804
99272,52.18765277777779
82,59.194365800865796
40916,30.942556998557002
18263,54.09481876091746
1957,40.53494642857145
45129,68.67142948717948
58488,60.451811507936526
14284,33.93501911976913
72423,56.59537774725274
96584,96.23933333333332
14675,34.85827218614719
82642,68.87998391885891
44151,99.13619047619046
86853,50.66800180375181
57311,63.042968253968276
56421,75.72967627401839
5602,47.88583892496393
2867,73.96098746867168
37230,56.59454563492066
2077,63.46408928571429
76689,56.76259661172162
94200,50.821111111111094
50886,63.51068452380952
24994,46.604965201465184
44965,63.89097222222222
62428,66.50674404761907
48327,69.02275
89088,13.123557178932174
100634,51.535492063492065
41855,66.87017682072829
55048,49.86644108669109
88323,75.51148214285715
69599,36.31547204184704
56908,85.52309523809522
20709,35.122222222222206
15487,26.20311688311689
34468,42.946207264957245
64342,63.39823611111111
20300,44.05475992063494
87852,62.507043159369005
72663,72.36069688644689
42683,46.19876984126984
81190,72.69409801587302
91437,54.52064033189035
97956,59.913868339993336
17829,69.99392442279942
34146,66.00396897546898
43751,54.30220833333331
7839,71.4670752164502
63,59.85739393939393
44911,32.13157575757577
85908,32.291806457431456
70695,46.68034559884558
78363,43.288064213564205
9886,33.73824404761905
92362,45.19151139546729
100785,60.89566452991453
86547,51.456856240981224
49661,49.120933802308826
98923,59.265668290043294
82500,53.10234478021978
8307,55.92582557720058
86059,66.98527777777777
43371,48.514415542790545
42127,56.04079166666667
55837,33.83387716450218
3024,64.33915476190475
6600,31.59469047619047
26572,77.3083409090909
85868,59.755236111111124
95943,52.13359529645192
19659,65.80582242063491
59087,29.094829365079374
63260,74.72967803030302
67933,62.46825
4412,50.53211111111113
37882,45.4286327838828
89338,66.32456684981683
61354,70.27870238095238
20536,74.4952053546299
67376,62.90954960317461
25111,41.25120454545454
57080,49.969417282064335
60836,31.712351911976906
64449,74.97427272727273
79698,48.335382950382964
49757,57.61145030133265
52123,76.94756746031744
88798,48.23623809523811
47216,43.51516865079362
19748,56.84313503163503
40978,58.25948322510821
101443,35.77312842712844
57137,75.81561742424243
73717,48.896775613275615
44564,18.14355158730159
71434,70.88167640692642
85316,58.85168650793651
42612,37.393099206349206
17197,67.86034956709956
14388,54.758910714285705
77977,65.96266041666667
28883,51.93340964590964
55317,56.703152236652244
91894,46.94684821428572
49283,55.83069047619047
46021,83.80220238095238
90903,64.81803102453102
78624,62.98607747113998
10200,48.677714285714295
100948,52.330562590187604
22416,86.88633531746032
15543,57.62166666666665
68002,34.370990079365086
260,75.47808928571428
91298,73.99985714285715
4329,25.731791666666673
49505,65.7381349206349
50266,47.22297871572871
50176,43.05743452380954
72113,40.07872763347764
41135,54.31194047619045
67197,69.59883441558442
98700,75.29431944444444
32720,59.96487445887445
53707,35.83363232600731
48143,66.89972718253969
83789,39.46017514430013
20879,46.477628968253946
41629,56.85070403615993
55121,64.39226636517078
95431,78.48016666666666
51415,53.18796626984128
61216,73.1017103174603
76459,54.80239664502164
27086,39.846101190476205
41747,33.57277380952382
40477,54.05418055555555
95275,62.66524999999999
86730,35.5144116161616
59828,26.37885912698412
69618,60.86140873015873
5728,46.34306511544011
73847,49.48964764239029
94800,48.60551821789322
9717,75.08390043290045
85536,37.779592893217895
23766,38.829311868686865
52061,44.87306295093796
35501,36.839190295815285
19722,36.59364213564213
86080,57.51997637085137
98903,76.5535625
98322,42.37424116161615
55148,43.90609487734488
99550,68.57128571428572
100093,64.94501785714286
96708,42.86776461038961
18776,71.64377243589742
48141,46.65379960317458
83744,43.63596230158728
96054,43.122222513597514
7687,24.03370183982684
96926,70.95194047619047
7718,50.67314177489177
8116,31.979285714285716
64417,67.24604992923743
54246,57.28652326839827
97855,29.91038888888889
79376,35.08172222222223
92698,41.90655896880898
48354,58.57254816017316
92487,57.84879365079366
52226,36.04299877899878
73835,35.65084487734487
39358,41.047261904761896
15784,51.72047943722946
59653,81.54096278721279
14686,43.456966269841274
53089,66.4458369047619
8653,64.49580438842204
19777,58.093412698412706
22316,66.89937488899987
69231,67.66362716450217
30746,77.27442261904761
48518,71.0026923076923
17119,66.5673611111111
32041,54.84711904761903
38640,65.18228769841271
44129,10.56274603174603
83983,34.82639285714285
80126,71.87154761904763
18697,66.64928075798473
59379,46.5404438909044
25209,41.75455303030303
80424,56.135948953823956
54702,67.69160786435786
1291,85.91404761904761
45653,50.64607936507937
66512,68.29295833333332
92932,60.19101984126983
31240,84.91915277777778
88312,38.10720238095237
100898,45.434508838383834
99993,72.76123493581585
71576,52.26140854978354
43731,68.31738185425685
26795,63.59349801587303
9837,21.243432539682534
666,43.96235912698412
66417,34.854365259740256
2911,65.32747348484848
13094,37.43097402597403
22446,68.80177083333334
2383,63.42731150793651
26914,46.899670634920646
74505,31.865230158730142
87685,42.88603968253969
10932,58.49031055056055
50666,33.67587788600288
80156,70.8895
78118,64.68178968253969
649,48.41401587301586
54309,30.14226190476189
32536,67.62085371572871
87568,50.745223057644104
70921,40.759987373737374
29442,57.05797739760239
60573,66.03251803751805
89425,50.29232954545455
97238,65.14703625541125
8551,38.78840295815296
78144,45.79940710678211
1387,45.48094462481963
91175,78.14609722222222
39544,35.95990079365079
30963,29.77361291486291
58369,74.33027819548872
9782,47.19338870851371
45467,42.416708624708626
75542,41.24415873015872
8646,81.97755434782609
26809,81.943
89368,34.20385772385509
24561,49.21553373015873
113,58.67597817460318
95643,51.55597420634922
51649,69.96949837417483
87204,47.4933196941947
37406,38.958601190476195
86221,78.40653282828282
32672,78.47083333333335
1795,39.30407593795094
51692,42.75537103174605
23811,37.11982023809523
50454,39.98409776334776
81070,27.370978535353544
1807,27.582164682539698
55951,38.42856464368966
59011,56.540485209235214
36090,45.49820833333334
62005,33.047027398040555
26256,56.770338023088016
84962,66.20135057471266
31692,64.7092876984127
19298,74.12971935447594
8728,41.29497817460319
31804,69.391970821662
61134,69.17680952380952
1602,68.48633109924131
95558,40.14897402597404
20067,63.16536525974026
84003,64.93734848484848
76142,78.88670833333333
4113,78.54936904761904
1901,38.47418253968254
79299,48.61905555555554
61439,68.79431547619048
87766,68.10437301587301
40472,39.40149603174602
46880,31.66047781385282
62021,82.95100000000001
62157,30.035503968253966
34874,51.66479906204908
12781,67.34119047619046
46125,68.69131349206351
35927,81.74328373015875
38790,31.594666486291484
29714,42.58215277777777
81370,81.98166666666668
16762,63.19515079365079
63351,66.51473412698414
19066,65.93735714285714
48895,74.46714285714285
6711,76.93753792266293
21528,82.71336840039042
29368,99.63928571428572
2792,73.18360912698412
29407,39.522335168916044
57160,47.90759992784992
80090,42.0590073953824
45474,61.4433234126984
2482,72.15477124183006
6342,43.236944624819635
93142,22.21871302308802
33743,43.54589316239317
75142,47.61756646825399
10579,58.1600853174603
66666,48.772488095238096
87307,61.07187337662337
32132,48.55027254689755
36333,42.76066558441558
64050,68.3178555194805
88670,78.22701648351648
22141,76.03178571428572
92643,46.5777664835165
71332,66.53720634920636
32444,60.952232142857156
61312,26.493986111111102
79853,55.83662988400487
75754,35.33164123376622
99501,50.63206898656902
92387,33.64479996392495
67347,48.272081349206346
64226,66.96851190476191
91556,94.61859523809524
97497,57.46095039682542
87705,82.81045833333333
70664,49.24478264790766
95195,41.9636222943723
2082,23.130510822510825
81320,43.81940526140528
25238,59.4244366883117
2242,44.68295003607504
12252,67.32782851067061
47441,49.783789502164524
66025,40.42699603174603
64434,50.84926010101009
11988,49.22498214285712
15135,73.60668452380952
38250,51.02293925518924
79729,56.13116666666668
47718,71.47184126984128
55563,36.39104166666665
9560,35.02444047619046
100841,35.56743055555554
63201,39.79258730158731
101672,41.78822817460318
38535,43.6710238095238
55553,64.65937879767291
66593,42.42013528138527
2890,60.475055916305934
808,49.29154166666666
86341,80.57357142857144
30887,34.491809523809515
53924,36.23395815295816
33771,60.20293037518036
28294,65.26892460317461
43919,43.311399531024534
100958,48.632138888888896
32253,65.6376778221778
13540,70.33579365079365
62613,62.01931114718615
3637,62.90633333333333
96005,59.15303769841268
50123,30.77572907647907
59014,50.395356421356425
3299,62.64908211233211
47615,46.20507280219778
20991,63.16269841269841
30824,43.39900234487734
64699,78.991
31904,65.43742658730159
78964,38.3385238095238
102181,74.22678497248795
77909,69.08857112332113
8020,60.83067748917752
66281,43.89501587301588
6002,26.460398809523813
43290,54.25751785714286
77989,56.45958928571427
71350,37.93743199855701
37465,19.85008621933622
81364,45.44273556998558
73644,35.86902696608947
68387,53.16719246031746
35750,35.095079004328994
14659,81.67804761904762
87993,73.94401599789099
87062,55.42012103174604
21948,50.92886442723943
56084,60.514356601731585
1844,49.1885257936508
77467,79.59688888888888
65626,73.13421428571428
86101,30.321650335775338
22620,34.99945256132757
65945,68.78457738095238
16026,43.65683134920634
93548,54.27298051655947
51738,27.362332223332217
17153,71.58979761904762
68900,29.026456890331886
41304,33.64662499999999
74169,67.65801118326118
27825,71.53366666666666
15511,68.38333531746031
15339,50.66424657287159
11003,55.97368253968255
33240,56.09130393217891
17514,48.10319742757243
17539,48.070092712842715
94921,71.74656944444446
70759,42.31655555555557
28725,44.11278679653681
19928,46.30324044011546
42988,37.92980752580752
24153,30.17776190476191
55140,62.9209977326595
74830,79.68214285714285
12315,78.2941923076923
84707,80.09170238095238
47861,53.31277289377288
52071,66.77640476190477
89331,36.27939862914864
72971,76.37786740274261
28611,64.039531024531
30755,53.986494047619054
24906,61.53235180016063
65640,78.92625
30313,45.724611111111116
77269,82.67953769841272
97614,46.96274131424132
65099,49.52049512987012
99719,77.13702380952382
92193,70.29310714285714
68102,50.58671230158732
100831,51.16913888888891
64560,36.94827561327563
14009,54.24117063492062
29549,31.645558621933638
51386,45.846688492063485
100247,37.5599603174603
50615,42.71198214285715
59575,37.80464087301588
58152,50.35918806485912
42510,53.616862373737355
62498,40.93440259740258
13988,63.2190634920635
6624,65.56020909645908
6379,51.32057142857141
32827,66.38548414820474
8596,74.5301623848755
25655,46.965448412698414
53100,53.7254861111111
5697,55.75272745310244
1478,47.84912337662338
11636,36.00192658730159
46946,46.18263856976355
6715,47.829751984126986
77870,34.50300793650795
82030,35.33803896103897
92654,53.214632756132744
59578,58.9599301948052
38632,65.53660738566987
60722,56.10648989898989
24382,41.66641071428571
70363,51.23965476190474
31373,65.73245238095237
99275,40.15716699966699
86045,34.82893813131314
78670,35.4545615079365
3469,53.94748809523811
95499,66.832795943304
57009,57.37595526695525
59803,32.87986904761903
6582,39.77615800865801
76889,64.910625
79128,44.98249296536795
95604,49.51101388888888
67766,35.20143362193363
76635,75.1319358974359
96506,53.867800685425706
41445,59.250327332389816
20881,35.58438095238096
97369,43.62898953823953
101877,46.547599927849944
36309,93.511401674729
4661,40.99265656565655
96041,70.9025
88904,49.01883261183261
9319,52.887230721076314
69991,44.604285714285695
46623,47.45876785714287
47428,38.86957016594516
61808,29.007755050505057
83475,76.57208730158729
31941,52.41446169108669
3621,41.58844615977704
12199,63.55212011599512
83453,42.16580357142857
64104,73.24055921855921
39606,46.565357281607284
25391,56.242067460317436
18215,39.58727904040404
2104,57.14325793650791
8823,56.63195112781955
1538,62.09657377344876
49306,64.23486255411257
87621,33.27624096225412
6482,45.958027666777646
46654,38.77404166666667
23249,74.73260264297105
30229,40.290993867243884
30384,45.42155357142856
11099,68.5646750381971
54750,90.20008333333334
69160,49.741192460317464
26471,35.14545932539682
76616,59.81936093073592
87759,52.84583230658231
84638,38.90148556998557
20546,36.50338492063493
38348,67.98764705882353
23924,59.71538419913417
43761,68.31671428571427
23419,56.646696428571424
49341,75.73430494505493
35135,67.1667813852814
51411,33.20814700577201
90065,55.70825000000001
23975,37.93135335497835
80284,39.31154166666667
50659,61.037861832611824
50019,32.90477759740259
24221,77.44997222222221
83773,57.989343434343446
80495,38.11807936507937
90098,52.18071031746031
72965,51.84134884559885
74667,65.14436778499277
39361,45.08942352092352
23927,35.87854906204905
21229,72.0
57998,29.66736616161615
93220,76.88645454545454
71465,60.40946897546896
27246,55.01110714285713
27914,62.77625
31348,76.53961507936509
12496,42.15055357142856
97728,47.88557178932179
85155,61.07141666666667
91708,41.41890062715061
10799,49.107992354867335
65105,32.64049963924965
16206,63.51078174603176
93596,78.0
96576,53.19669246031745
32498,72.38804761904761
65320,70.38729761904762
51602,47.13201857864358
83879,72.98910588023087
19027,55.513371031746026
50370,78.67545833333334
35435,52.56295887445887
54951,52.16630844155847
44384,28.14892261904761
49181,69.30769805194805
37527,74.85047619047619
7136,60.801054313591465
64919,44.681067640692646
100232,36.31823881673883
77331,38.00630086580088
30242,75.33261940836941
89289,45.11179653679654
58929,51.123932539682535
70118,78.756
97364,62.607958333333364
23467,57.32509126984129
77205,27.29918208180708
15481,71.82022619047619
33665,48.54987301587301
47299,58.844808982683986
22673,65.18505753968253
44094,58.926701479076456
15404,26.746831349206346
12025,39.65858531746032
90089,53.94488293650796
99981,64.75534325396826
81279,51.28749314574315
19783,69.80527380952381
14436,65.69489321789321
67850,48.8587003968254
33000,56.142972943722945
44982,49.34631547619047
69044,72.79863761238762
84000,31.973968253968255
99616,74.36723611111113
73243,100.0
35928,77.0025
99911,75.78051028138529
66911,73.46660714285714
49386,27.981093253968243
32285,56.39443308080809
49953,63.661716365334016
68132,52.205068452380964
70116,57.84835159285159
88912,35.53218253968254
43404,53.709020382395366
9572,69.01727777777778
17548,48.62399206349207
3662,30.918642857142867
90148,73.94212950937951
29262,38.381537878787874
21963,59.07185912698413
48843,40.5106314935065
21011,39.796830266955254
72454,53.580832070707054
13810,71.60660137085138
12082,50.67259523809525
85011,56.34654563492065
722,45.75106854256855
22685,11.593954365079364
61732,34.54697763347764
21098,21.492364357864357
68604,42.587730519480516
8790,33.17348051948054
46927,32.39804365079364
8567,38.52868109668109
45528,30.970645202020197
84763,51.830022366522364
11411,90.81269841269842
40676,73.6133869047619
36686,43.80603968253967
63916,42.76074801587301
2251,36.67758928571427
60363,23.663840367965367
72090,41.61534920634921
101956,24.705202922077916
65521,58.05787896825395
36530,42.77026749639248
91959,32.809732142857136
36158,58.92467171717171
28419,50.750411796536774
16865,32.44662536075036
55556,22.93645274170274
38393,50.89099999999998
26269,47.100345238095244
40153,38.909857142857135
50464,76.42033333333333
34301,54.250696428571416
45966,65.19818650793648
12356,36.522048520923526
1657,69.73214362026862
18983,30.583180735930725
41934,39.27331547619049
65392,61.326178932178934
73092,47.29482539682539
7374,80.29191666666667
54022,43.75107936507935
52342,61.788674603174606
82921,75.10294642857143
20810,40.05302525252526
75277,68.2695
12668,49.80990032190033
98533,33.551593253968264
48709,48.960012626262625
59237,48.106678571428574
76686,28.28568055555555
33956,51.071710784313716
24268,41.051661574536574
35521,55.828426587301564
31088,67.1940183982684
12590,43.4514126984127
66330,55.144357142857146
57818,46.565626803751826
10879,44.509875
26845,68.09065773809525
28540,85.61833333333334
91174,50.47684523809523
9888,72.56938095238097
16597,76.9875
69344,66.47366829004329
43851,47.49883333333336
1228,44.21056096681098
88002,81.92397619047618
17204,68.48467384698633
2358,42.018257936507936
80610,40.98481547619047
26326,51.00026713564213
47305,92.65672720840155
89649,57.97011868686869
44408,71.89002457264958
68134,51.688810064935076
49000,41.012658730158726
62414,73.47474222427898
65706,52.777889069264056
44793,66.61778968253967
87128,67.51792261904761
70456,76.99175
50102,72.08571428571429
87548,36.01130624930625
27795,51.23226190476193
37746,28.791966089466097
27212,72.36963827838825
99711,59.808525793650794
69171,38.35567857142857
44403,63.84216666666667
34850,74.65755882352943
35096,41.30402285214787
82987,65.88330952380952
28494,74.35138690476191
89287,29.371638888888896
80521,40.96498412698413
24981,42.746426406926396
58477,62.230259920634914
12686,54.84021424408925
54154,71.99625
17802,53.52527380952379
90793,40.477159090909076
99023,50.40637644300145
28754,54.79714556277058
9751,55.80235317460318
3113,38.67638690476191
2096,45.1132895021645
78412,44.077052489177504
48396,74.96902777777777
39449,46.755318362193364
15042,63.456653860028844
44276,77.71529570413438
75068,42.43323611111111
84855,51.96685984848486
81228,74.84583333333335
27812,58.14635281385281
37009,68.1408299062049
29869,57.42888690476191
11330,38.07460164835166
84502,19.757436507936507
46046,37.65404563492063
92934,78.98575000000001
22899,50.82797925685426
38815,62.93508333333334
8272,64.77471428571431
13047,29.131486291486297
12057,71.85797368421052
58248,34.04760443722943
60056,52.87927704678362
6361,36.120490079365084
9104,53.72095797258298
83848,36.73121153846153
36521,79.69232936507937
6031,38.71222637085138
64062,37.673749098124084
3349,31.743317460317456
55229,65.38423214285714
85550,81.69487172188315
34013,46.61169246031746
50172,60.365033730158736
49943,38.32312505550005
27470,30.778291125541113
41513,67.9260554029304
14060,64.26789610389609
47940,43.36767857142856
50811,75.34466993464052
56461,65.27604761904762
33238,31.68711111111111
47373,44.825123196248185
15229,40.870415945165966
73686,30.57182142857144
92894,38.77968452380951
27375,72.9632738095238
74229,84.97494173310348
65274,76.78769444444445
44588,47.042472402597376
65066,73.10428409090909
93577,66.65852579365078
88149,44.52710068118156
49331,28.963208333333338
71591,65.57869047619047
44947,66.94644078144078
67909,47.917474728487875
83161,47.86952121781727
23672,34.90297878510381
87177,30.181493728493734
48946,44.78286306748808
78896,37.29720761183259
50958,61.01774587203304
24128,84.53048015873017
62108,61.5042952047952
57227,52.59637500000001
19204,43.62762211399711
74002,30.670833152958142
45277,48.63497582972584
90087,26.54018543956043
82108,61.491027777777816
45523,76.51211990823617
27735,84.19177579365079
63378,46.197393759018745
27144,42.69275432900431
50674,45.83332088744587
97854,53.57780654761904
93991,46.17455235042735
30188,30.201358460983453
97689,86.33966666666667
61454,44.74499130036633
55539,68.64957738095237
102112,59.082230339105315
4199,71.43491666666667
95410,62.700865079365094
98706,37.525978174603146
33348,45.26768253968255
76446,45.03617658730162
15448,49.584930319680325
13207,66.17449999999998
53649,65.91064171122994
8217,37.353362103174604
29155,45.54344444444444
27504,54.094646825396836
72342,42.029025613275614
64468,63.65414484126985
66106,68.99442307692307
30198,47.698327380952385
86935,70.3027152014652
7422,79.49002856804441
26838,46.73147871572872
12136,46.98660424297922
82033,36.567011904761884
78064,42.73403625541125
65122,42.66485678210678
44172,37.62365079365079
78040,29.90373178210676
25694,27.969157287157273
11981,40.93945634920636
55738,38.56029761904763
18695,36.72001388888889
64598,43.10304545454545
31669,54.142636904761915
3726,69.59165476190475
90097,43.317496031746025
99446,33.334074675324665
22546,49.32318686868687
88378,45.64728264790766
7041,31.402976190476203
12219,71.82011111111113
78463,30.857209415584407
24310,60.89209126984129
80883,73.9638354978355
28443,59.61153823953825
58970,30.42781349206348
49405,32.414668650793644
64980,23.712220238095238
45435,24.24651497113998
84310,56.08511345306741
27903,53.70514087301588
4407,66.24007395382395
64106,47.84638510101012
62169,69.06655952380954
2632,45.38897456709957
66763,31.51801352813852
46620,38.93634938672437
57536,38.14926388888889
22494,49.37294047619048
63936,53.988842261904765
7870,67.35791865079365
66344,59.70069702519703
91886,74.03901975108226
11552,51.84128371628371
20796,48.941390692640695
17095,41.73729365079366
62386,68.61111904761904
88334,42.81259126984127
33600,41.34057142857143
71941,31.472452380952376
2664,38.147346153846144
7423,44.24806980519483
48083,60.19668253968254
68040,26.334472763347765
77246,57.05902380952382
74160,40.50674549062049
92151,71.8123355263158
72863,41.99869444444444
9650,56.097900793650794
23529,54.15821428571427
35588,35.84340656565657
32560,46.144422619047624
100466,50.8570698190698
78954,56.95936630036629
6641,35.69905014430014
87835,62.66166666666667
38663,53.90304166666665
102192,68.64434623015873
36892,40.3107361111111
48824,39.880644841269834
50587,34.109569264069265
19807,31.53063979076478
84376,38.88383116883117
42073,75.25675297619047
55639,62.99228560371515
101596,35.91587789987789
57850,55.77961711972241
88933,44.951009920634945
20967,66.05450137362637
14199,78.674826007326
98221,69.99365883626179
1681,44.678355699855686
90406,38.86971266233767
74121,82.55905952380952
81478,47.085529761904766
59339,42.044222666222666
81813,81.225375
34960,65.80227232142857
48580,73.9271257076257
79499,53.23482918470418
87545,46.500389971139946
72690,59.86437103174603
92052,77.78345862470862
21616,73.47788408521302
39215,52.203910714285705
76667,51.22978102453105
23559,65.72030692918193
70572,49.34080176767677
46203,45.041307178932165
42394,77.47433807858809
41388,49.67647168109669
12357,60.657148809523825
101814,64.99758333333334
10591,62.103818573583304
79965,69.75602040197651
36513,34.88419444444445
64604,33.07559325396826
66812,26.645609307359308
90423,70.05105681818183
2902,32.72580114111035
3753,27.01212500000001
13711,62.51878138528138
10124,53.15253833666331
29637,51.706803571428566
45728,25.213294913419908
9756,29.367005050505046
96772,44.798549603174614
61873,59.62872512210015
48119,27.943007936507932
41116,50.48886904761903
26065,38.130687940327654
46966,67.24084798534797
38200,35.62838492063492
62292,81.61923214285713
24556,73.78833333333334
95703,62.51848852813853
24551,57.7452003968254
18945,39.37687608225108
38440,61.61569785116846
95842,70.7291388888889
47837,65.21456807081807
62011,34.038281746031764
4467,55.97934523809523
12288,69.69265277777778
29315,50.807893939393935
101653,66.37328479853481
4431,69.1293823953824
94478,43.501752705627695
78892,43.20196230158731
98791,71.51143668831169
14478,71.997
53459,53.98670529878618
24371,79.65439104260263
83774,41.85064285714286
17818,35.875979617604614
94435,56.93750288600288
69836,44.089056308887194
86369,63.46048076923077
7335,73.04508333333332
71371,52.8993531746032
10543,79.10336538461539
64463,47.25529166666667
30681,36.310634379509374
92408,48.12406637806637
79565,45.78266973304472
343,76.0170608974359
69922,24.20343055555556
26311,64.41505627705625
34352,64.32141269841273
73377,43.30161638361639
15505,54.38889682539682
84282,63.403653235653216
58167,34.44895833333332
88388,48.447763888888865
99003,60.793033189033174
60114,42.79370418470421
69310,67.10198092185591
23261,48.07361309523809
89585,53.43925793650796
9149,28.60287103174604
38229,25.704114177489178
41904,42.86939549339549
102383,84.90603174603174
37017,74.90097222222222
70806,40.70715079365082
82903,47.905773809523836
80051,72.67559340659339
5895,60.554324494949505
41091,39.65388744588745
58144,49.05790873015871
99095,65.4595119047619
19194,68.4023152958153
87524,74.97253128353131
13777,47.04537716450215
31415,40.69137950937952
72882,72.94387499999999
91088,73.95933874458873
75600,32.10496031746034
54763,83.92071428571427
51047,71.37845634920635
102531,45.64916666666667
97687,78.62345021645022
7191,49.44512500000005
39880,57.50797557997556
58737,70.0594797008547
78311,27.640457070707086
31406,68.37161706349204
33684,38.44662500000001
90190,44.374086399711395
40951,27.052012445887435
47343,78.32933333333334
27167,50.54166755466752
34407,22.769759920634915
30865,72.94565476190475
28167,69.82696825396827
79644,76.4822777777778
16156,28.578551948051945
20317,20.590046176046172
13542,70.40177380952379
79308,57.34250378787878
41097,47.56686138167388
99297,35.579044025419
94257,40.26543055555555
85097,76.49636111111111
37484,61.62314285714286
79404,39.50333730158729
43914,69.66418127705629
9720,33.64284523809524
72315,37.39692658730159
19143,33.35277182539682
7743,62.01449846150581
54918,97.916
95201,29.889124007936502
13491,47.51783333333332
12008,71.85824725829725
3244,81.666
10047,56.17055158730155
62846,18.64659176281235
45890,44.30614556277058
44213,61.07248412698413
60901,59.63345795870794
80236,38.39111824286824
33425,72.31796103896102
24339,62.36557402319902
31600,73.48250595238098
26915,41.43948033910534
91593,39.66000126262627
81542,34.27894047619047
20956,38.4399744977245
36730,97.015
9117,39.33152074314575
98141,61.764759018759015
98597,56.86712025474526
87004,33.62595797258297
41425,42.045696428571425
85946,43.607388888888885
42136,38.42377777777779
48937,65.12232936507938
23315,45.845635101010096
41919,31.738119047619037
20394,43.75646860900537
83597,73.95032513100934
81093,81.38913690476191
37824,75.72221245421245
19388,70.56193452380953
1776,48.99367604617601
42801,18.65832595182595
31021,37.973869949494954
34795,48.42905555555556
46451,75.24744805194806
12576,76.60385119047619
65423,68.26920562770562
29920,32.65502426739927
1351,64.1457777777778
60300,40.31470833333334
23734,62.000947377295915
19284,63.66304948646126
35076,71.52722759550392
59480,80.33834523809524
73964,51.29571091408591
19081,37.63199981962482
75665,46.61968055555554
38007,51.32610699023202
83275,47.46656150793651
93272,33.12512391774892
22318,70.74838906926408
68646,58.51189285714287
100575,48.67769642857144
80484,71.00110567210567
25436,54.04255459817959
91726,80.07248595535012
98359,34.021263888888896
44176,38.19157016594515
5096,52.02278300865801
96290,29.02093253968254
49397,40.7687023809524
87593,51.88950793650793
32669,73.24767857142858
86805,42.24874025974026
4691,69.22830158730159
26575,32.310105992253355
27077,44.98145743145742
70997,44.266654040404056
73526,52.8842325036075
15013,38.11598502886003
55727,63.187509379509365
62478,68.69204617604618
65517,54.14194423558897
81837,44.521325937950934
20734,45.50578968253967
374,78.19887237128182
42513,47.99866269841273
15630,41.26490873015873
99533,65.41184348984349
62198,80.9830216651477
61264,72.39047023809523
61177,57.90010624098124
72783,54.37969841269844
51601,64.03118686868686
67091,65.87977849927849
39988,85.61283449969362
32049,69.29902380952382
23135,56.29818127705626
4693,81.60209523809523
32328,21.494799422799424
1317,50.402918650793616
97953,64.55541071428573
54555,34.38817658730158
48897,59.23779388374782
37178,32.81202867965368
14184,72.70157080200502
16053,45.165259920634924
74654,34.942951479076484
48449,62.604555555555535
82024,78.4822617063492
12787,57.833880230880226
52073,65.54531998556998
46100,47.98967063492062
19944,58.7166063034188
7122,39.58856746031745
46171,85.94416666666666
14765,45.48932142857143
94686,58.71689682539684
58428,82.44928571428572
95270,56.85152630702632
46244,46.7602866161616
1780,39.99036111111111
3790,41.883625152625164
86655,62.896222222222235
84460,52.330893037518024
54729,33.822112734487746
72760,50.53744859307358
28062,48.33899206349207
49464,78.36423412698412
11770,33.00439880952379
4947,65.1057426046176
25052,76.62229166666668
81782,57.821899572649556
40038,65.70486309523808
17505,40.656325396825395
52553,49.79994029581527
53730,58.5132381695102
87414,31.905511904761898
15230,43.02069660894662
53096,45.05353373015871
6509,73.57079914529915
37973,52.71217207792207
25476,59.81251984126983
44238,28.303892857142873
39302,28.335398809523813
78522,50.60390972915971
58997,53.89560714285715
68723,72.22209035409034
40927,59.85832142857143
39406,72.94745833333333
56257,45.38086507936507
9146,51.33214705882352
43222,65.04134054834054
101134,36.206375000000016
45241,39.32616576479077
24518,71.25229166666665
79392,35.502349206349194
58249,73.60784711779449
70214,37.42208134920636
34143,50.66987301587301
26367,79.22746565934065
16420,32.61182287157288
29671,68.13507738095238
93374,35.788203282828285
66890,57.86013059163059
14658,75.74443253968255
22296,31.94926911976912
62349,74.35454238816739
52674,40.52422130647131
5575,58.556538263615465
83941,69.67920833333335
75685,36.50498611111111
11290,40.88552272727272
83575,47.72117676767677
70008,67.9687803030303
7480,45.74369841269841
38532,55.15242153679654
36975,45.40649855699855
76563,38.80673719336219
73944,66.74965178571429
46415,43.367956349206345
46443,38.67685119047619
85885,62.48236581035924
3791,52.3552721861472
86195,51.18947023809522
8197,56.462954365079355
29676,72.96376406926407
68148,74.96369444444444
85879,68.74432178932179
79945,69.67611378205127
52254,61.52843170426065
7978,32.774072330447325
99767,41.32963095238096
31334,47.61128769841271
23177,35.99886309523808
18665,52.536496031746026
80048,75.38454761904762
101528,77.71550474525476
31290,32.08631295093795
42222,49.71181024531023
37602,69.51757781709175
51302,55.09271825396826
45264,67.13245238095237
40882,32.32263293650794
42402,35.33422023809524
308,25.146543650793646
10170,24.858124278499268
64214,42.00980158730159
39398,65.00187229437229
26839,61.75714148351649
92958,49.25559523809524
96089,83.96625
64095,73.63150532800533
44860,67.17371428571428
2868,37.305007936507934
12853,78.90467216117217
67628,38.93480235042736
4795,72.74522619047622
59047,52.50631457431454
8304,24.524701090576094
97892,51.824434974747476
82251,55.266508658008625
8773,50.93322847985349
37860,72.68949783549785
59942,46.22154581529581
50195,67.69001996927804
82184,74.55190476190477
86336,41.04251190476192
81553,44.821534000721506
31276,49.742378066378095
20551,57.19490800865801
69607,71.96710583778966
70443,72.25875
31417,30.58690710678211
46686,37.15473809523807
3046,63.895576479076475
92210,57.06872222222219
68386,61.38964484126985
47532,60.79978991841494
72397,32.74333748196248
94610,60.36403264790764
73334,82.73789285714287
15315,59.5699523809524
41895,67.34629166666667
20130,63.38098917748919
78897,51.38385786435787
58693,63.70910966810967
56112,47.055352050727066
10707,29.53229545454545
63799,70.67384782608696
46781,42.250486111111094
62432,67.95771645021644
85494,40.66605357142856
93320,68.95498412698413
17380,81.1190265151515
81334,77.24509920634922
12769,52.37540764790767
71142,45.610962301587314
38398,39.064887404262386
91772,42.974577380952375
25030,45.96487301587302
16109,35.12706836219336
49897,59.59618055555555
55212,64.75792586580086
9714,57.91786309523807
88253,72.07942261904762
65546,26.583865079365086
27893,44.3208373015873
71557,62.126325396825415
1898,70.42704166666667
40144,69.07210302197802
84192,58.5838701159951
43479,42.99214880952381
15099,39.379830086580085
38482,65.96505339627693
55911,65.86470833333335
15270,48.612077741702734
15514,39.80088888888888
91184,34.36344823232323
1339,32.36515836940838
98006,45.478471500721504
34433,69.04935119047619
1647,36.68126785714287
54535,33.43605952380951
97086,76.57607123015872
56037,73.80857539682539
15920,82.00130434782608
53941,41.547148809523804
13400,44.02403210678209
80163,49.53552597402598
36473,44.42314180672269
23,72.46128571428571
102615,27.70890277777777
56539,63.483763275943474
37125,44.833377997003
83502,63.22459163059164
62513,62.03288083845979
82023,34.30015223665225
71806,34.35483982683982
48488,53.55651785714288
101529,40.11546392496394
73785,35.77595905483404
101081,37.050420454545446
55455,25.553138888888874
37933,68.27258531746034
74048,65.90871861471861
50248,79.53641666666667
60876,42.24751388888888
9713,43.99467694805197
65398,52.178747835497816
84522,72.59834415584416
88856,31.961227813852805
13814,40.18767063492063
70590,73.61191710658622
40248,48.10652831890333
68806,44.599023629148604
102560,48.31369751082254
30927,71.05742658730159
9670,65.52453472222223
77244,66.65251388888888
93147,62.45525595238096
88012,58.38586525974025
5541,62.55067261904762
54114,69.62116666666665
80055,55.22264213564213
84066,67.82863409303116
64893,75.45209073820915
84644,65.31531673881672
1164,71.37714393939393
36482,52.875728021978055
1579,24.162834235209218
23908,73.92174603174604
68977,73.57683008658009
69894,79.0
92691,42.044951659451684
56833,42.720621031746035
90690,77.38464285714285
88873,54.668658369408384
69708,45.659444444444446
73698,50.201891955266944
100237,30.432700757575745
25551,61.71854761904761
14641,74.94565522671773
64349,40.22744047619047
59436,45.8977224025974
64537,67.41460223475354
64015,56.62400198412697
39864,33.58753174603174
92472,52.80368650793649
201,59.073422619047626
21485,38.34588492063491
44883,81.79009523809523
37526,82.46929166666666
59209,47.262963924963906
66758,46.88290277777778
65836,51.84107539682538
51392,48.08058928571427
52508,41.37055173992675
40513,39.06671717171718
81722,73.302375
45703,54.661966269841265
52400,52.697099206349186
52157,74.0
73347,30.219582972582963
37107,70.9578409090909
19649,78.50246688034187
48620,65.82363379917184
37742,57.553371794871794
42336,50.50514285714287
44121,45.89203968253968
44242,72.42602681168161
44877,36.812706709956714
65933,49.176554473304485
58159,70.02350396825398
30819,48.449315476190456
66254,39.982757215007204
40945,72.60689410671026
44259,54.56146392496392
6217,46.61508562271061
30496,39.478398088023084
80326,43.60299675324674
96205,44.655690476190486
14194,35.48717586580086
49927,51.55297792485295
49406,72.68420876345877
66139,84.73410839977015
21396,42.354110197851675
87348,41.45918253968255
54909,40.55731475468975
5050,53.436789682539676
29061,69.10102208004413
59910,72.89783928571428
69010,51.800831349206334
67201,37.355277777777786
10282,56.35767982456141
75465,60.39547817460317
43350,48.12195562770563
21230,45.86761706349208
57948,53.06622691197694
69610,28.52128174603173
37216,46.107390331890336
34580,42.322854437229424
91949,30.172444444444437
81407,33.234668650793665
52250,76.60409523809523
58887,43.76420436507934
39836,78.56045833333333
63017,68.30479166666665
79448,44.20219047619049
2685,37.87097817460317
29635,59.05281277056276
45799,56.8010689033189
84185,35.681585317460325
37246,43.91204563492065
50627,38.40219047619049
42651,61.924678571428565
2297,59.36349810606059
5919,66.3758606442577
50699,75.89353934506353
83406,67.9009247311828
23013,39.29244119769119
68456,63.08595274170271
67142,56.92449603174603
46384,27.24196031746033
41558,59.90445634920635
67962,53.7678611111111
42437,74.86955952380953
59599,35.67607738095238
5180,55.33754166666666
79598,75.21136309523807
75843,74.86064013845632
10513,35.95081031468532
45951,45.41179709179709
101014,37.98497853535354
20620,79.92533333333333
18221,61.6896111111111
83596,40.405196058327654
41103,44.83405808080807
53468,61.37279761904763
19467,45.92344101731601
86057,38.13387103174604
61970,61.53213834776336
11496,64.49123051948051
1120,33.20596428571429
47243,53.020954545454536
46653,20.651530094905098
77895,64.03445833333335
77443,47.51900763125761
17162,89.26290476190479
31187,32.19459523809523
68535,46.6705339105339
48395,27.109042929292926
33920,70.37466684704185
32168,52.37127113164611
69963,49.76473015873015
50298,33.73343073593074
63533,53.612629509379495
10211,35.992821428571425
10208,58.19965750915749
64077,44.446426406926406
16712,65.48675595238095
55906,62.11244534632037
43814,41.71679679311916
47287,24.242409992784996
34977,58.960694444444435
8099,33.097315476190495
19908,78.35458333333334
1516,49.46155086580085
16717,60.74575865800866
95550,43.35315766178266
71590,75.46970833333336
5507,59.84237499999998
37842,57.201528499278496
88306,75.67855058830058
70032,26.414069444444443
55545,39.65380945443445
68595,78.51819047619048
100559,35.010162698412685
80510,50.25746626984129
86851,77.82128084415584
50389,38.17175162337664
79907,53.219136904761896
43299,52.380663600288614
12867,32.61537103174602
77306,77.00747727272729
84472,43.27439484126985
100469,44.410591117216136
19303,73.88180631868131
34214,64.57953535353535
7943,71.31188435577582
94439,78.73334559884562
68874,32.19010714285716
39081,67.37520436507936
84227,38.05785119047619
39502,43.75823142135645
81772,33.910254148629136
83791,64.2487857142857
46337,21.481607864357855
71427,59.11867063492066
46097,62.6905
42089,41.440970543345536
53508,55.182216269841284
69683,52.372157467532446
52602,28.32376785714285
15734,36.70804202741704
41378,32.18017305574542
98702,61.405277347652344
26618,74.21972619047618
60716,53.42533964646464
92730,33.97733603896103
55624,32.353397546897554
62576,39.47825091575091
86640,80.26801785714287
60750,58.60020454545455
80449,87.32192857142859
7260,70.18115367965368
8937,54.568480880230865
6258,29.139809343434344
59849,50.11413708513708
34470,39.51795598845598
23516,32.92532052669553
90348,60.02284722222221
8398,50.70074999999999
77853,35.90944642857142
52185,69.63876999389498
28283,39.56975488400489
22649,64.96675324675324
645,36.057312950937956
23182,41.47158225108224
79170,64.70123160173158
61752,52.20212373737373
59263,60.4735396825397
88785,57.42201146973941
57616,33.55980681818181
78938,81.0638894993895
53520,50.71689880952382
62741,36.39975901875903
54327,41.10242911255411
95426,69.56378282828283
99509,37.75351803751805
34677,63.01755952380952
9647,63.094531746031734
54464,64.95605862193362
59457,75.87583234126984
31980,29.047716269841274
62982,68.57656421356421
81879,39.70076713564214
73764,56.40740193140192
66650,36.640029761904756
1824,35.63940277777779
26555,37.087261904761895
76126,51.77543410755913
27030,62.69126154401157
31883,23.77577110389611
21692,64.61645761183262
40371,72.43513293650793
72432,65.84727766106442
24470,56.38060714285715
31572,58.93575248362748
58346,54.629493922743926
36014,36.42219498556998
76440,35.21402579365079
34055,71.42727643761465
5999,76.82417857142856
71156,47.57196987734486
13494,36.21153463203463
33278,73.68757142857143
81187,38.596030122655115
15268,28.676607142857137
89609,53.48215494227994
67873,58.3948276029526
89743,44.889355519480524
73359,50.169946428571436
66858,77.29176341697709
29346,36.22410642135642
88063,24.471940115440123
61086,80.75841666666666
92390,47.40911525974025
99992,65.10035678210677
75320,36.39325992063491
47016,47.32511721611722
28076,43.583573412698414
12139,60.045399406149414
64096,38.93588455988454
57662,32.521461580086594
87991,44.98816468253968
96834,55.875371031746035
11258,72.42067495004993
32225,52.329249278499255
39832,43.772878968253956
47840,72.98827697302697
36007,40.927923520923514
79090,75.88966666666666
53347,29.212836038961036
28713,62.499118686868684
10057,53.694766865079366
41668,49.23356547619048
96134,42.67642901542902
36859,72.14835912698415
9865,61.5591646825397
93912,52.80970436507937
24584,58.02972330447333
51971,42.06998611111111
35025,74.98856593406593
81100,33.584148809523796
6468,43.45750595238096
66570,61.171165979853484
54026,59.06185335497834
46635,50.14349368686868
4111,91.81718856282141
79148,68.11321626984126
52478,52.031155663780666
21855,59.61298376623375
76680,39.403833513708506
43176,52.86067155067156
47014,69.00355470114681
5324,40.033504870129875
35492,55.24160660173159
30325,48.302210678210656
29742,37.624676587301586
11658,72.6819145021645
68375,46.94706547619045
28840,34.49839195526695
53838,41.81472889610389
35821,80.05064170994126
22957,35.91039087301588
14951,71.4734932900433
78530,45.80013293650794
87356,65.06067117604618
33871,67.62285256410257
19743,77.27813888888888
99061,29.416551587301587
68822,35.228806818181816
56354,53.349775793650785
100638,74.09930952380951
16682,38.47725396825396
5332,38.96837409812409
98392,39.132181818181834
76611,71.5634603174603
99498,61.68895400432902
87761,66.39737698412694
87417,68.28438095238096
59009,34.93125595238097
70452,52.691904942279955
16792,43.55857711732713
51118,69.01844444444446
78448,53.483553571428565
15369,57.41519047619045
18025,46.1585
81501,41.05814303751805
94116,46.63402741702745
2512,43.965790616246494
63026,74.96
48506,35.60900198412697
1191,36.158523989898974
32507,74.2068392857143
89185,29.644411935286943
37280,73.17810119047618
66892,65.71633928571428
31070,45.841390151515164
51049,45.10716666666667
8349,81.867
40576,77.2707619047619
74307,35.51409938672439
14980,71.37509126984126
40465,46.04718308080808
40329,34.258152777777774
24451,60.5358444333444
11562,78.82602631578948
70710,27.21783333333333
39193,46.97245634920636
38694,54.377182539682536
65808,61.810154761904776
1559,79.44111904761904
99186,41.225488997114
42080,56.577803760894284
99094,47.4731011904762
75747,87.44541666666666
77520,42.02696374458874
71671,71.53803138528139
65467,69.52344606782108
50194,54.67958748196247
98568,39.71893650793651
75859,69.13928643578643
82640,76.44930952380953
36038,67.1410119047619
94011,63.03886904761905
7540,45.91154437229437
95880,51.70890422077923
14065,57.31525144300147
23793,75.57066666666668
48000,45.67259559884561
84392,47.75668452380951
30916,45.242410714285754
13161,47.57407738095239
23584,73.19291666666668
7834,63.28561111111112
28527,43.81687301587301
62855,81.48107142857143
97562,50.98813961038962
20522,64.83920039682538
43040,70.4758134920635
57042,40.92383531746032
45879,81.57443831168831
38839,55.26741341991341
64961,69.11318055555556
48659,51.17957341269839
11525,48.11974404761905
64007,76.16299569426988
6996,68.75511507936508
79806,40.33248755411256
8644,56.883544372294374
66404,29.878952922077925
70817,33.342676587301575
96515,53.20535173160173
22940,49.84272613497614
30068,77.19882142857142
43336,25.997404761904765
57687,34.77715313852814
85799,61.94954166666666
49749,58.613107323232356
38254,53.70755555555553
14916,30.7123492063492
57710,56.18315476190478
71008,66.93233333333333
71309,54.82181894494394
40401,81.85875
42363,69.13755357142857
56514,39.378486111111116
46398,41.58639971139968
49809,45.18082611832613
5201,61.67471987734487
55435,45.83595634920634
19462,58.906722222222236
52794,63.50468118401207
11461,57.5241130952381
89696,36.65014393939396
79222,23.51224671162172
38499,56.38692640692639
33640,43.63042676767678
73072,75.20148647186149
20017,61.39164303751806
95340,59.94257005494508
84339,50.49564105339106
64922,75.86606829573935
67445,34.416052489177495
91926,64.36015476190478
3105,34.3551093073593
51739,34.529382936507936
86445,38.400327922077906
96621,69.24401587301587
24356,41.03800685425687
36749,78.91916666666667
85873,74.99058333333335
73621,49.234200757575785
98030,37.71923809523809
62650,39.38531349206349
27197,68.48783730158729
46522,27.970966269841274
53021,39.17583134920635
74404,59.33906746031746
50493,38.17334397546897
97084,62.692347222222224
71059,61.6922215007215
31583,44.39820634920634
53014,45.81693055555556
4894,68.83983748196246
5618,42.08659325396826
70964,59.95168650793651
37690,57.6228813131313
43103,20.706143661893666
66702,28.591373015873028
92038,48.459400072150075
5940,33.264581890331876
44895,14.582189935064932
25006,69.00385416666667
75403,53.12284325396825
44016,39.081085317460314
13159,68.73679166666668
34085,36.24813437950937
37416,68.55104761904762
38820,66.64743452380952
42045,81.6320773320428
36790,73.80809794372294
43178,39.946732142857165
26696,66.35425728347066
7388,63.416243434673625
28602,34.38910317460317
43190,53.52173466810967
67948,41.542160173160184
39282,36.242227092352095
87794,50.019118326118324
102602,46.60338591269843
93530,62.801968253968255
3700,80.22565476190476
24727,65.34646713648316
97837,55.252546536796544
17872,53.36823336385834
52719,71.45195833333334
83352,37.22182972582972
94309,47.474886904761895
89561,37.15371626984126
32147,43.48716865079368
90219,53.59224424698109
96934,36.5939769119769
60822,73.25298917748916
98639,48.796354256854244
75195,34.02718055555555
9850,38.27257990620492
19497,37.19692272629772
86788,71.7808228021978
45418,57.07163492063491
47990,46.94674603174603
1690,51.18800292397662
78223,66.34656926406927
56466,40.875712454212454
48286,58.93319516594515
62155,60.56184848484849
12720,69.06822062211984
53182,40.1560781024531
24679,46.36004112554116
80221,43.34623214285716
93695,62.98302182539682
90970,34.56248881673881
90892,68.41735714285714
83598,35.700572150072155
55303,34.50321825396825
37625,51.234428724053735
92723,48.44013708513707
7802,72.10014682539682
62210,56.53078481240983
24829,61.97564880952381
47486,70.11381043956042
74176,68.63484802697303
78421,30.706688492063495
63899,61.823651515151504
29481,63.124324314574324
70429,56.35922023809523
89658,70.66758928571429
87793,38.73574512987013
98201,40.110166666666665
69208,53.55813636363636
10991,32.495712301587304
83900,52.94322222222224
74004,49.661031926406935
45292,59.24544927294927
76766,53.12295905483405
33172,65.95184325396825
68198,44.41067042679541
15735,61.17083928571428
23217,71.1979010989011
21259,29.936073593073612
7589,68.97076333367355
65212,43.54223611111111
19311,75.06541666666665
12588,53.65940873015873
58182,45.45476785714286
55779,32.609689574314565
29683,55.79417153679654
75493,38.32914285714287
71252,68.622
4490,49.975438492063496
85435,65.07679700610221
29312,78.93641666666667
99532,72.7478134920635
69984,67.9037801226551
67755,42.47101857864358
61505,24.420773809523812
69185,48.86363690476192
9140,50.93320238095238
62667,57.162940476190485
3764,39.810196428571416
45508,68.69607142857143
68764,44.943705169830174
99012,46.44595609945609
20239,74.69897222222222
90772,36.54702398989899
86500,74.80309523809524
50861,36.08986976911976
39613,57.98976825951825
19183,65.0415119047619
3770,43.00804365079365
83032,42.907561868686884
64197,34.550903318903316
29987,68.35704761904762
88929,38.98956150793652
44831,34.48754852092352
99655,73.53915476190474
16052,63.260524891774885
67963,45.369813852813856
20439,29.93627793040293
53135,38.564055555555534
76468,64.98832142857144
12944,60.910963744588756
31291,26.161688616938633
77788,69.53005165667668
13828,27.959276515151515
58058,69.87325
61154,43.3690817099567
85528,69.89319642857144
57997,49.8018611111111
73845,39.634738095238106
48257,59.899896303258174
30339,46.9193234126984
92352,54.858974386724384
90001,62.0907203760292
14836,84.84930836524588
22823,54.794611111111095
49339,77.75818759018759
76019,47.569615079365065
71894,52.193186507936495
11181,27.453896714396706
84533,36.853167429792414
48458,72.30249358974359
67886,51.78617841880341
800,79.70055952380952
15380,31.954192501942497
43307,43.51595021645023
91795,46.93366179653682
56516,70.70573684934345
39839,60.29230357142858
71044,36.02687301587301
58587,73.14124603174602
62206,46.70852777777778
45433,71.02253571428571
97639,64.8779365079365
99259,53.70525595238099
40769,55.805007936507934
83613,33.66089502164502
46476,81.10000000000001
41521,27.068317460317452
16277,32.08875346320346
58450,55.89589195526696
34911,53.97305032467531
79350,40.400235209235206
15568,60.8251195887446
85127,47.535983211233216
19754,46.574797619047615
92099,25.895780663780666
75599,82.0932857142857
27120,71.99
3914,49.383443598068595
100616,35.784293650793664
7934,40.19603264790764
24244,26.81141684704184
16393,39.69483928571428
44633,61.003685265972415
87313,72.76675956733754
63014,50.22141774891776
74888,74.9965
60487,37.14181150793652
80266,37.407136904761906
29201,80.35900294352444
56115,41.82652976190475
26515,18.845440115440113
80322,51.63078968253969
49906,36.018545995671005
75521,74.88868788156289
66225,37.31264087301587
77150,39.66894588744589
24389,74.10229166666667
63240,78.60283882783884
63386,33.184480519480516
75064,52.8095135281385
96685,45.671727411477406
45795,71.40244047619048
207,43.789928030303024
89006,43.98908441558442
56960,48.91752380952381
57852,50.352408730158714
4279,23.90403482628484
48961,50.3556527777778
55965,52.66748015873018
57790,39.36687103174603
53003,70.37076785714288
55918,49.93147023809524
82307,33.393208333333334
96814,73.72266865079365
50773,44.28293849206349
38656,41.90316107503608
90808,45.992839257234
85240,59.750359487734485
50730,63.25574044011543
94019,33.86190873015872
41226,54.63529761904763
52088,69.74757142857143
70408,40.621047619047616
76682,69.56921428571428
13473,58.258375721500734
23305,66.22827380952381
80301,63.46278787878788
31418,58.40732142857143
23710,44.18358531746031
5495,78.18340883398479
71334,71.84420238095238
97857,62.94703914141415
92728,29.95702976190476
78836,41.71147835497838
73872,32.069650252525264
100263,69.81969345238096
64783,50.510464285714285
80325,51.06714177489177
88871,72.87079238816739
38214,51.72770689033188
18678,50.924920995670966
57703,43.39593740981241
73212,64.77457483203072
19771,63.95988082750581
18015,61.075501984126966
32329,35.74585732323231
20380,66.35325
57118,40.10725793650794
86623,46.52942658730161
31984,37.46916486291488
56657,38.415521825396816
84453,52.2591305916306
29265,71.64642857142857
54116,67.13506980519483
85007,25.83338924963925
12183,46.09588394938394
92541,45.966321428571426
94916,39.521822649572634
61385,86.0
71883,58.32446158008657
80565,30.099569444444437
10923,38.61191468253968
43772,43.94421428571429
35049,52.71378751803754
27135,72.00024062049062
58558,37.85344840208811
4685,39.1451829004329
1149,59.28062283549785
21979,49.6406865079365
6662,34.34968272005772
6728,44.66459686147186
12935,76.24084386446886
95633,63.3495099206349
27413,32.55813654401156
98432,46.873948412698425
32793,64.27861904761905
31172,41.646373015873024
30866,76.02758684371186
60465,70.42721428571429
14789,62.74391655609612
96283,41.26077976190476
49912,65.27568055555557
52292,40.8235615079365
94827,69.01493000034021
86799,74.74457142857142
91777,62.53141071428572
35607,39.56015429015429
32616,72.14134108946608
92840,65.04928095238095
84309,32.488368117993126
26762,45.14014556277057
58993,26.42113888888888
33294,35.75092460317461
52060,57.31974007936508
80206,60.272342893217875
61798,73.6089503968254
63829,56.448125811688314
92589,37.09028138528139
35380,36.25794567523979
61884,50.845481240981236
44330,68.81660461760461
18083,49.699148989898994
30033,62.33980194805196
88949,52.98993072643734
79290,50.11575206737707
82760,58.87698448773449
52879,44.447287698412694
19212,43.53883134920635
97236,42.00927795815295
96213,66.13497817460318
99618,72.54390476190477
44034,67.61922804972805
61583,63.42366071428571
80426,29.87962914862913
10903,58.21515873015872
3596,44.74666089466089
35704,53.618140873015875
15847,55.618482142857154
97790,44.73542063492063
18366,65.4808131868132
85566,50.72505357142855
65562,62.91952922077924
65358,47.13390369352867
14164,40.72909523809525
51009,72.20048575036077
12725,69.29819534632034
55184,61.64576352813854
20565,66.07530357142856
25654,36.53019246031745
15541,9.309670634920632
11821,57.205940670440675
14589,41.14230158730159
11853,55.08621572871574
98800,44.154186507936494
33694,33.25755357142857
16055,62.332497432306255
6015,93.14086904761903
51153,69.16504761904761
51134,65.42229058441558
22795,46.74614285714285
74062,58.29573840048839
4540,40.365786976911984
24196,41.41952742763773
47972,57.95727777777777
84058,68.33797132034634
28459,68.69024170274172
94874,34.93794444444444
6806,71.95613553113553
51375,74.22130265567766
8842,53.95102119883041
82315,51.63235714285716
665,40.5825604256854
3738,65.06579401154403
16363,74.01350000000001
73235,67.73953968253967
74354,42.33326938339439
56485,48.61743281718282
77139,73.49213904151404
34017,48.13570868347338
93613,73.59166298978799
101632,78.17777178638545
20650,37.46302958152958
74556,32.83034974747474
26330,69.96851435406698
28512,37.273517857142856
76047,43.99783058608059
33783,35.40654501784764
82839,82.96333333333332
59945,75.53217408532329
48894,74.68663095238095
93562,39.121688492063484
41923,68.0013373015873
21192,69.44002272727273
49149,22.01359555722056
71936,12.520882326007325
31654,69.33282142857144
42932,39.51926767676767
30210,54.191847402597396
45339,58.553863761238766
4469,55.68794805194805
50089,45.70500108225106
60697,55.96009752747253
95982,54.65663852813852
51109,44.03813744588745
22373,65.62790115440117
43411,48.01239935064936
94734,61.95713293650794
75732,60.73737842712844
76031,52.45581132756132
13433,72.65696101048076
86418,42.095650072150065
83356,37.808624098124085
35365,33.10426893939394
75529,56.04224044011545
26251,41.06033802308804
94828,41.005465367965364
11082,39.14694627594628
42288,65.11465476190476
79379,60.084575918964056
78019,65.7494779040404
50086,43.515347222222246
3927,44.630587301587305
53848,27.405748917748898
48933,35.59307142857144
30639,39.350001984126976
69157,75.00423809523812
80577,27.75595833333333
66596,67.48131547619049
59952,46.51534830447332
97284,42.61615656565655
9447,28.132682539682552
74269,40.10453557553557
69987,44.32925108225108
59646,58.61194173881674
80226,43.84812896825399
56294,41.00056547619046
9495,61.25668831168832
85074,35.82138888888889
10469,65.98706060606061
21861,80.89567521367522
49889,37.672282647907664
92247,32.60742063492065
99985,45.21070165945166
101451,70.77252164502164
67860,54.453388888888924
25169,57.36488762626264
36779,37.11828373015874
1237,51.82540506715506
46164,42.20544184414657
24028,54.85958134920633
84653,50.58601889695273
61227,33.30149025974028
80602,69.58511156898658
72666,45.77775306637806
25850,43.160929112554115
95460,44.54549837662336
85773,61.82816908212561
17533,58.348357337107345
12484,68.12535851648352
97572,49.54534956709959
4830,70.96075
24867,62.24325824175824
71772,56.56909325396822
44572,52.23995909645909
37613,74.74936904761904
16170,54.504981240981245
87211,42.1821130952381
51597,26.85399999999998
44758,77.82812698412698
102481,49.36214718614717
87922,57.433462121212095
24169,67.29852777777778
15040,73.9576038961039
96959,65.697
81662,71.35766666666667
68898,39.04684722222222
39095,55.471954365079384
82081,62.121077380952386
28116,39.81191468253969
98536,55.697537157287144
33287,66.92564430014433
52515,37.29841865079365
71398,36.83871848984348
6514,40.2922518037518
46667,76.31304761904762
21437,56.408705086580085
88617,41.316293650793654
8404,54.23000974025977
80770,65.81549007936508
48508,45.550430000555004
20249,72.74489446664445
92797,46.89930645743146
64330,47.844775613275594
46580,31.074307539682536
15666,44.41150582750583
39114,34.33335912698413
8377,31.23789105339106
70760,57.39077417027418
97283,28.71040839715839
50407,55.44654960317461
18132,39.900433621933615
20081,49.57281403318903
12885,26.225837662337657
73346,39.87729527417028
33863,40.76817099567099
75987,80.5103548722519
42511,78.26528066378066
32421,31.805543650793656
81011,72.93347677404293
93456,57.97941796398046
59716,56.998143578643585
43128,35.77774215367965
51145,65.36257106782107
16030,36.64051911976912
84830,41.72417676767677
98658,65.46188690476188
76410,37.40508297258295
28671,84.56648809523809
52318,20.73674512987013
49195,49.596393578643585
68521,73.92106408916754
65028,79.81050910364145
21691,47.19061111111111
42191,39.67498069985569
32366,68.95104166666668
22634,40.45886553724054
77509,30.8792876984127
89983,66.25171428571429
38748,76.07787301587301
1753,68.14042478354979
86389,36.064313112326275
70729,53.50440041902543
86790,49.781059523809525
49385,63.54311778499277
33386,39.813738095238094
9209,36.922850108225106
73090,44.54597294372294
59909,78.89913095238094
28350,52.45472023809521
27182,25.93016666666667
23546,53.72651984126985
34606,52.73837301587302
16463,41.39277182539684
63979,59.878906898656915
58411,68.75915476190475
10561,63.65467857142857
21489,43.67304592221503
1793,74.62
102587,67.45518811050061
93499,53.71368650793651
60738,49.885990079365094
42299,45.566684523809556
29764,58.54581852869352
79602,74.04558134920636
100353,65.61224862637363
25304,67.45873425499232
72999,42.06158134920634
33538,51.09549679487177
20920,59.93002274114776
31693,60.262640151515164
80002,66.52535588023089
70156,57.66657738095238
17835,52.446607142857154
99779,49.201044982794976
51755,44.749320887445876
5904,76.49097222222221
12987,79.62155434782608
31772,46.49322492784993
72563,30.5706507936508
73204,30.621934523809518
9532,67.47472893772894
37213,42.16119264069263
79040,37.353531746031756
90081,55.4611883116883
49617,36.492578643578646
57170,36.06756403318903
14734,80.08024404761905
53470,78.85433333333333
30808,41.174111832611835
13520,29.195977272727276
9773,25.75647619047618
18951,59.579278693528714
42427,53.083842352092326
64538,66.68038492063494
86985,31.842590187590186
56849,37.34380158730156
56241,63.68482251082251
58116,35.474112914862914
2643,68.77291666666666
97417,80.91292640692642
31221,39.2690496031746
34546,37.41648412698414
92216,40.18900613275612
91847,43.295071428571426
44028,51.39675198412701
55449,44.18374531024531
89400,47.29871076839828
62742,25.314938492063508
12979,58.03966468253966
91869,34.22193470418469
40779,43.76683928571428
87878,36.44067712842714
66711,73.24753174603174
18082,44.85707213619711
84846,41.39601154401154
54054,56.722023809523826
40291,44.02059722222223
13206,32.603563492063486
25631,76.28250000000001
66251,61.8688501082251
4565,52.65471338383836
17675,31.357611111111108
7016,77.16711111111111
4230,73.58908784893269
60109,59.26118488455989
61965,66.44505158730158
49938,74.00120689655172
28237,60.41579166666666
65512,54.932069305694306
42478,38.826447871572874
72730,59.69119588744589
55678,80.25248076923076
64866,55.54891163003663
24865,27.662876984126974
65884,52.217517857142845
68079,68.29637716450218
2379,46.60305122655122
82832,58.22150000000001
27888,58.880427808302805
91853,53.918268379281535
28975,66.43294444444446
14859,55.5389788961039
20778,82.21463030515235
68559,65.0024101013403
34988,73.58009159429322
69681,49.91278138528138
76544,27.811758297258283
26044,69.22109523809523
33991,53.604938672438685
70624,32.958902958152976
15580,46.238755230880244
69997,69.22311729936732
42717,35.171131854256856
94929,77.47142857142856
53481,67.3277132034632
91828,36.45001785714286
9357,60.366267857142866
78524,45.39307738095237
99189,31.835982142857137
84320,75.19949999999999
18111,70.51272105672105
43674,34.91322817460318
37622,35.16667622655124
27065,42.792657647907646
93845,46.84850511988011
4048,70.41788679376181
82801,66.59289736652237
30590,33.0196801948052
44887,54.648910714285705
71931,53.21677182539683
85511,79.65825000000001
71120,41.59578733766235
80187,49.762172619047625
28072,31.0336194083694
57893,66.10258333333334
27327,40.432392857142865
45672,70.54118452380952
25757,25.440704545454537
43990,55.51388834776335
31907,61.861252164502154
7524,68.83538690476192
65946,43.7385426322044
10337,31.291285714285724
68029,68.48313156288157
89781,76.02639942002442
44909,57.55958574481075
49930,71.06378533966034
25268,65.80446230158732
65964,44.18819642857144
66862,43.62899765512266
59602,42.18212626262626
3180,46.52267002442004
97863,25.54195041070041
52785,70.90402083333332
52648,39.29811814574314
53429,55.92660836385833
66041,63.75701082251085
87496,42.434623376623385
90596,86.79483333333333
48667,73.53659523809525
83985,74.53894444444444
61768,10.456350649350652
59200,44.23768759018762
28783,64.00489583333334
47183,63.49487698412699
23449,47.21236141636142
76957,49.24233134920633
61016,60.591845238095246
11661,45.5541130952381
88552,65.43393777056276
80106,56.958515512265514
32305,63.27690187590188
67397,66.29574206349206
97379,45.94977579365079
70107,39.491408730158724
81852,77.09578571428573
35013,70.59767843137256
90617,38.899819444444454
92344,56.80687301587301
4284,74.80457692307692
1735,33.73207341269842
73836,63.68386038961039
49970,48.855135836385834
50033,31.23064285714286
83566,63.27577236652236
18197,52.883569444444454
72073,60.85333225108227
18798,44.81641810966812
61512,74.69711634199133
13033,68.37303896103896
21991,38.84859523809524
13431,35.94575992063492
89756,52.72441301672185
89853,51.43244155844156
39990,66.69678571428571
72938,31.061186147186145
91855,61.1955496031746
19482,61.69280645743147
55252,74.33075198412699
11267,36.6126998001998
93636,65.33204761904764
40115,27.660645021645024
57582,36.9701452020202
23215,53.33592124542123
98849,82.67738888888888
40400,74.4833253968254
76213,30.43585660173161
19065,64.6856314102564
25379,62.83186706349206
41648,43.95821121933622
2705,32.79931746031746
68841,41.613898629148615
57312,71.8622844932845
1527,41.067211580086585
81179,56.891724025974035
52651,45.538204725829694
37471,60.118674603174604
41913,33.11941765873016
57018,34.50474471361971
16575,62.88567352092352
58845,48.58184126984127
93679,46.11102804359384
94615,63.836863095238094
99494,61.48988834776336
87520,38.03828506216005
61108,81.62036904761904
82658,62.48783531746031
47142,62.818902494564256
5354,48.65553896103897
76261,53.17837499999999
22197,61.656093253968265
96590,50.852476676101666
80312,76.99651434530381
30921,65.45582142857144
3498,40.7532738095238
43151,48.54430248917748
53084,67.38877801120451
67650,47.22410876623377
92788,45.39299188311689
35230,60.07362301587301
74290,50.93305753968253
21191,30.079556998557
68358,57.081948051948075
80058,76.9949126984127
24121,41.32616858141857
37508,82.70011904761904
5103,65.9350568181818
24765,36.332646187146196
9526,84.16908333333333
14990,46.55152463268155
89512,38.45003481240981
18279,46.51910912698412
19152,51.61361507936508
559,41.54144498556999
92603,40.661240079365086
86670,31.126035714285713
47231,71.40341666666669
73775,71.22307867132868
3965,70.31800637009192
49500,63.27062896825395
27138,30.514141594516612
101685,76.5577142857143
25116,61.35463676601177
11483,33.42312283549782
26201,41.95021825396825
5534,57.06473015873017
35768,54.537664682539706
100976,40.55199801587302
55267,26.839850108225114
56678,43.96282665945166
27878,37.8419742063492
81090,43.624343253968284
67861,52.511738440303674
34802,34.52348953823955
14981,72.53835714285714
20107,53.423432539682544
100399,37.056940781440765
40821,99.5075
75067,34.86409523809524
55950,22.7613594877345
36103,35.475149260461755
85906,79.97745833333333
39192,36.55173809523811
51430,46.255672771672764
99870,45.98905357142857
43538,32.181982142857144
59506,55.56960515873015
57339,36.879574675324676
26813,40.38077038239538
78943,25.786190115440114
24653,76.67100541125542
83323,72.78285912698414
86311,36.521876984126976
73757,77.90953104780525
26007,41.54599999999999
38027,71.47988095238094
49871,68.07764285714285
86257,60.32147142857142
72052,75.98183333333333
43286,70.42333615689867
101092,55.3580624098124
34036,75.03501134734829
97345,37.530232323232326
54613,36.9220753968254
53989,49.10248412698413
79936,47.51487499999999
70468,61.63757936507938
43554,60.67028891451686
23589,45.49669047619048
32156,34.88803571428573
44554,35.696355158730164
13795,64.76002976190475
79677,57.946374098124096
23846,44.90534126984128
91121,28.931351190476178
9352,61.260803571428575
73461,75.45863095238096
53438,71.81809523809525
53166,54.75016468253968
11706,48.182944444444445
81277,66.96044047619048
22772,43.930491300366285
9166,52.690493686868685
277,34.11554004329003
17195,28.151061507936493
74100,39.35951984126984
16781,51.28748809523809
18160,67.96251215940921
77315,59.42181150793648
75266,45.440550463425446
100318,71.61615450399272
98316,65.8612281746032
27689,77.7645238095238
48679,41.878408730158725
45819,87.86113911192952
20275,49.0246020923521
46886,42.25900793650794
102189,34.66626190476188
51576,42.93318849206352
9917,44.76646067821068
86433,58.088324463118596
79096,58.762560134310135
96617,69.22781196581195
66775,64.56660642135643
53308,56.851416666666665
84162,45.52557503607504
92048,33.16943253968255
49062,69.7014191919192
13336,96.27142857142857
90980,59.07505645743146
1390,63.398515567765564
16326,42.43252543902177
31435,65.90700162337662
55197,84.40378333333334
70996,26.84607685370186
96382,59.85190283327785
70140,34.29661507936506
49120,44.18997023809525
50950,79.73333333333333
20680,40.82099404761907
8837,47.75882323232321
24420,59.51598809523811
3956,75.44281196581196
49021,57.594587866790064
48238,78.99166666666667
90803,70.33864285714286
102493,61.91942857142859
55472,47.22354996392495
68130,66.0199071821711
38353,30.411826479076485
36279,44.153394841269844
30660,62.09578174603173
53491,52.68982738095237
83899,59.045783730158725
18784,34.84149206349206
74699,59.2533933982684
25822,66.6506825396825
74452,70.91425099206349
84918,62.73246825396824
8995,32.51881421356421
4783,53.550196428571425
76097,50.41222298534799
87157,46.90713293650796
35219,34.48689579864579
64496,38.35411778499278
58940,56.766164072039075
102401,30.860022186147194
44145,39.10993091630591
101108,55.78409325396825
67992,38.62362103174603
71269,70.85520663650077
36317,47.21099007936508
93357,44.68170851370849
47846,75.90004411764706
101961,63.44216071428571
41890,75.61019805194806
52784,62.02698015873017
16297,34.39310339485076
87542,77.22906547619048
99075,41.74455447330447
30693,46.40864484126983
70105,70.17272098734597
65282,27.524345779220766
92827,52.09086219336219
5408,38.169506493506496
42361,56.6160404040404
52476,42.30810714285713
70009,35.82859401709401
16696,46.46721464646466
70961,61.62871978185211
71255,71.92303968253968
56619,67.32033134920634
41863,69.61038095238095
34726,82.22733333333333
26426,68.25474845201238
23475,72.3292874231032
64815,42.93793686868689
81924,75.87408333333333
45868,66.60662885154062
53869,76.9804603174603
82705,36.57255465367966
36999,33.981371572871566
39301,67.23858423520923
36009,30.033596292596293
74262,82.9604880585101
58230,58.216042145053024
20410,45.26266630591629
91910,41.32572680097679
59582,26.025939935064933
28520,14.430705808080809
69325,46.55910714285713
94605,48.885663419913406
81617,43.75906042568542
27204,56.74529329004327
16090,65.91426352813853
70709,45.04183603896104
44740,33.61735912698413
2338,66.79828571428573
25176,60.82811904761905
15556,76.45667261904761
2721,41.515388347763334
101739,68.94716666666667
1135,60.083754329004314
78636,43.87025595238095
74795,51.45832665945166
52040,72.78625667388168
27821,38.61159181096681
93985,32.54381547619049
55740,38.56025180375181
82382,43.79066269841268
66316,44.803049603174614
10295,77.23601785714285
71182,79.89420725108226
79549,35.32433730158728
85143,59.105722180597205
60919,71.77645093795094
84596,34.880136904761905
74782,36.59144642857142
54452,40.89832951770451
100069,75.6400147907648
83753,44.729494047619056
73255,44.98888763575604
3063,59.18256654456654
53037,65.11479581529578
38909,60.76233531746032
20004,44.84134595959595
62771,79.39564296178537
11234,65.12137103174604
62556,38.10687499999998
53732,30.589075396825393
88760,52.90477200577202
89725,72.48615914786969
91255,45.716831349206366
62237,69.031875
77758,49.08590277777776
46763,77.43044444444445
22904,67.79596978241058
64129,68.27276954418129
68170,77.08147410307559
89900,27.847204365079378
70256,73.76108333333333
57013,66.29102777777778
82206,67.96297288359787
33651,62.532149658777755
84132,70.4762416774402
42669,77.42658730158729
44047,58.51673809523808
45560,58.311232323232325
27579,39.24897601010102
49093,67.86241941391941
98426,51.589210858585865
94566,34.83076388888888
26151,33.340369047619056
31915,48.014209776334766
79720,36.812785714285724
51440,49.70643416305915
22803,58.5707638888889
73826,61.02606060606059
25754,33.38034126984128
97910,32.680888139638135
64451,62.076777777777735
65383,66.70311002886004
1208,48.26587103174606
45517,79.68829166666666
32896,33.3275036075036
41977,47.10196428571427
102624,58.433622655122655
17252,66.90152380952381
24576,30.47719985569986
83129,59.29544354256855
18446,47.2530892857143
63663,49.222894841269856
80909,72.06746212121209
46233,19.230001984126986
75094,43.17920526695527
57754,49.78376388888889
17150,50.191533008658006
2488,81.11091666666667
18472,37.6841752504032
77875,31.96649242424241
47245,38.411929834054824
75519,36.43127182539683
71188,87.35525
67049,64.06332142857143
67372,60.86826148851148
66293,39.99305862193363
73095,54.686203102453106
74739,35.37366612554112
91856,51.07641865079365
98115,41.846233766233766
49224,37.697545634920644
94028,64.92164285714286
40125,38.50536544011541
14414,77.94675567113629
63600,46.65085378510379
87770,61.37314087301589
89507,64.27603876678876
94114,37.80643650793651
61745,36.88674594155843
4311,35.79761904761906
98801,14.249763347763347
42415,39.59327777777778
27333,58.04091666666666
9982,37.65646302308803
29632,73.05376587301588
71244,43.753670995671
43660,29.078139430014435
28545,71.09790873015875
55866,29.284380591630583
23399,35.60856872294372
93114,50.037074758574754
58865,48.05067225829726
18940,45.458248015873025
23849,36.705660714285706
73935,20.34877955377955
43480,63.72955753968254
72658,35.60386237373736
85919,49.14876497113997
35926,58.97213852813853
66472,34.93977472527473
18177,70.28722997835499
93976,71.37018650793651
46994,32.48419047619048
94408,38.71053571428572
96552,35.075313492063486
45404,66.22073214285712
46847,32.99150811688312
29454,39.78195229076478
65458,50.00143326118326
93025,64.97181944444442
17154,67.42326068376069
17812,55.65001785714285
34587,42.2066525974026
81014,36.87439484126983
93284,28.697381854256854
90789,55.74814078282828
20355,44.092442640692646
66795,64.24813492063493
82247,40.177234126984125
81321,71.27110714285715
87055,71.59
58387,54.890053932178915
26605,60.66227098595848
100313,63.921376984126994
71200,13.386358585858584
41914,54.03598015873016
15748,38.106215187590195
32684,82.00298484848484
67018,54.305902777777774
39060,57.17989903152404
91461,35.27035010822511
66725,72.87758333333333
83740,57.595012085137085
5548,78.72776785714287
33273,30.710225649350637
46076,61.032480297480305
93341,23.56684126984127
73145,52.70415105727605
4157,32.04532142857143
42939,35.2766645021645
31081,34.34644552669555
41194,62.76663293650794
78908,60.926214285714295
92929,78.79361143513346
11095,59.9909265873016
18040,21.98252380952381
74872,62.96363816738815
101476,68.84959523809522
8030,57.439077200577195
49892,20.330842893217888
96806,45.97894624819625
46373,56.022182359307365
1470,49.75344444444445
69342,61.44164296814298
45647,54.646310245310254
46091,71.3864551004551
66647,48.82473015873018
35320,43.241316197691184
18897,22.27863690476191
5037,85.05542857142856
95926,37.7402941919192
22994,56.683212301587325
24418,85.97318181818181
49275,59.0650488095238
2761,61.03225595238095
102111,60.88881836219335
71012,51.73605952380951
26333,36.13379491341991
12636,50.62354478854478
1033,58.20089573335161
39354,58.54367460317459
35105,54.073327339327335
26941,37.594769841269866
19406,26.84057629870129
100706,46.922167027417025
5654,74.8767216117216
78564,49.61228589466089
8204,79.82375
14953,40.683059523809504
10745,18.12085259919819
42455,56.20797911810411
3502,61.69492460317461
8919,53.84157936507936
71111,66.52142857142856
54148,38.58432707570208
42778,82.08586304632853
92928,67.46727182539682
83631,48.20325793650793
48835,36.13470973389356
2345,59.242996753246736
65435,58.744998237873226
101224,47.95760515873018
1808,66.16476923076924
19703,37.49283621933622
60924,70.17412067099568
31166,51.73603769841271
58974,21.044002525252516
67377,45.21607703407703
6843,52.753793831168835
49675,83.1170782828283
32810,54.265375000000006
98233,70.45088303975436
66823,42.58208316683318
58434,47.49421535409036
87384,65.89386904761902
29258,42.6135799062049
45243,38.672055555555566
101005,44.9409898777693
77799,71.89936507936507
37281,39.63499098124097
52428,41.79450018037518
28628,36.96605942668444
83658,49.62859650072151
96254,38.80954166666669
61631,45.878486875053014
14893,60.21562500000001
28862,79.67853921568627
39230,70.4528134920635
90711,45.6723006854257
102290,42.303611111111124
49046,63.8215264874015
28327,81.39655303030302
5003,52.412300595238094
21821,51.43789682539684
58299,36.19857936507937
60103,79.72364285714286
93461,50.62866666666667
15335,80.2357278138528
51729,59.212662296037294
31223,60.28355934343435
31224,34.66534920634921
2170,68.04911904761904
58045,32.657926406926414
58200,43.40095238095238
10984,52.70946971084469
48146,39.346222763347775
54798,34.21128968253969
29205,58.42806547619047
34932,41.158407814407816
98694,42.09838528138527
52160,61.615750000000006
64694,69.89299206349206
66346,58.74875685425683
20168,67.32075378787879
94267,47.08190476190478
97308,69.77033928571429
36582,53.88766648629148
76694,56.54230952380951
80619,50.036263888888925
50916,26.382852994228003
53128,58.91793344155845
94414,39.79824007936508
64905,45.345981435231444
48627,65.33019444444443
96996,36.569545634920644
65849,57.4627647907648
87682,55.94208856421355
17034,74.96137103174604
66128,82.84336904761903
59199,45.78741973304473
98573,66.50940097402597
57195,37.79651653901653
35984,58.44163059163056
101267,35.23318037518039
15829,34.80987103174602
37368,45.05538708513709
76206,41.647130952380955
73366,19.612107864357863
89659,69.04405952380954
75945,38.3064478021978
99079,29.803359279609282
44452,47.89827849927851
41984,69.08259956709955
96037,58.228300976800995
7948,57.59847817460315
68689,60.60974404761906
43155,33.457611416361416
8677,43.35743253968255
82042,47.01053174603176
38021,45.03763293650793
41699,75.21858730158732
84125,45.630398088023085
55388,45.214134199134214
23921,47.38625036075035
83533,52.35783333333332
20853,34.27139682539684
70345,32.067699481074484
97797,25.21726785714286
18763,54.29348015873017
5268,50.551873015873014
63857,56.799723665223674
88611,54.16039285714287
6230,44.39215205627705
35963,48.990464826839826
43430,39.86702795815295
19501,68.63117857142855
6534,43.98369155844154
69641,55.25715161227661
6448,58.047548160173136
17240,50.66543452380951
67654,43.14666666666667
97098,77.92241666666666
24985,72.27426465201465
79456,36.65306132756133
102644,77.97021031746031
63756,47.01361004273505
73514,49.275826839826834
82641,34.420825396825386
78290,48.96145039682539
89098,59.214331890331906
33419,52.62112103174602
89809,52.226414682539684
70072,39.83349007936508
99120,49.74176388888887
82689,70.2527738095238
52607,57.56524765512265
19418,53.694064754689755
12915,28.389867604617606
18418,40.33795238095237
49142,78.93053571428571
94393,52.416627886002885
18138,34.124639750299586
93818,65.46184199134201
78585,66.99970588235294
98286,44.241208513708514
71864,81.05448214285713
48575,74.57777876984127
48103,45.027362193362194
98878,38.98256601731602
73133,48.879924603174615
40107,45.89974242424242
95160,76.12133509546011
53350,54.97820238095241
52170,35.10871626984128
55173,75.0
28656,77.00083333333333
77699,27.42132251082251
37750,57.64525360750359
87774,44.93382575757576
25267,29.708138528138534
71508,29.055313492063497
96329,60.45191285103789
11799,61.050857503607496
41981,74.7375087301587
66134,58.55126984126984
10615,40.66297107059606
39367,48.88698360484545
652,69.14043849206351
48531,41.799399170274164
59116,64.8762857142857
7176,38.53041468253971
97368,76.03072222222222
15933,33.49618831168832
66635,77.48861111111113
27171,44.81475008325008
90752,43.26221212121213
24991,41.37739484126984
21161,38.82485840548341
67365,66.17877260974319
17888,67.54293804112555
9645,60.833674603174615
1153,62.715226911976906
62232,61.080200868575865
91878,57.75016147741147
101381,42.0291774891775
4862,78.80196428571429
68101,47.7032951330071
42267,73.9313735632184
61254,74.62768099547512
70690,41.263057720057716
9881,20.91038077200577
42343,49.23710443722941
100891,27.24156211843712
11145,34.859216991341995
79213,65.53797546897546
83200,56.434973845598854
24431,54.88753950216449
5676,35.929412698412705
62940,36.492637445887446
54035,55.47208676046175
39423,70.18749999999999
26571,60.360371031746034
96670,39.66568253968255
99081,71.96332188644689
29559,38.436915861915864
81259,68.0616461038961
96720,50.919444444444444
54434,70.9659107142857
26900,58.58788618326119
5702,54.13853715728717
2698,58.08793452380953
50864,31.627785533910536
87795,74.18886904761905
51130,41.09700976800977
24419,34.78548809523809
25705,57.50112770562772
10412,51.99259722222223
5499,60.177977564102584
32620,68.75288492063494
16729,71.68931746031747
28406,50.36911309523807
95637,35.647520451770454
76184,42.844567099567115
40593,56.37169462481963
22319,35.45386904761904
63456,50.79133134920636
94931,70.05691591986445
96682,72.63270876345877
102272,50.75528589466093
44379,21.21586706349207
30421,48.399019841269855
52575,71.4805634920635
29879,49.11243055555556
5396,37.48203373015875
89640,59.87529365079366
37591,70.24839339826842
40349,77.26176369463869
101232,39.55297763347762
99126,63.35704761904764
2136,74.85999999999999
96614,73.944115355233
17645,32.190427489177495
73138,70.37874404761904
72826,44.84662103174599
79668,35.26246031746032
46033,62.27550000000001
42158,31.24758287545788
56119,63.35054993617495
10232,33.6189549062049
49742,62.00521044233544
90284,32.16865476190476
43644,53.873776515151505
75664,73.167
87606,40.608316197691195
38929,51.41907469654529
79147,37.030703643578654
13297,46.46412355699856
93761,65.1319797979798
99202,78.44188095238094
59638,48.30735191197691
86911,38.45236093073594
96035,55.09804166666667
26831,27.41332341269841
31089,29.36274603174603
35304,53.35002561327561
68818,65.3646607142857
73048,65.44726785714286
77762,48.81365530303029
24868,65.07653192640693
62820,47.699745310245305
10987,54.77591514041514
95675,58.225799584918015
16033,58.38333588266309
78659,47.66789808802307
64693,62.41682124819622
51626,54.6946753940504
36615,66.6724126984127
33695,61.15049801587303
93389,76.81176785714285
18556,67.65172023809522
94016,31.50445779220781
1272,79.68569047619047
61992,72.63871031746031
7036,47.791469155844176
7494,34.351377886002886
94146,31.7045275974026
50566,53.4156765873016
45451,48.18512103174605
88099,40.34419246031745
43522,50.53517857142859
54473,60.4729751082251
93861,48.83918650793652
9810,52.527488095238105
24204,44.002676767676775
87840,33.80390165506149
86726,50.749863455988454
59453,78.21993055555555
59350,53.20306060606061
34406,65.98683035714286
38126,71.94189393939394
42442,61.16981349206348
4340,48.31530555555554
33527,62.93355357142858
24539,73.99378202189968
85025,43.52378102453102
34945,69.32328084415585
2983,53.26851190476191
68685,45.66328373015872
84852,71.98064393939394
29685,56.50679184704183
3983,52.849081349206365
67680,43.89094318181819
86610,40.64526605339106
62416,67.27175228937728
57478,40.95435836385836
50724,52.71102380952383
101995,70.18183424908425
74172,62.243969696969714
12123,54.97872023809523
51209,38.473734487734525
101610,74.51442407154246
15044,69.35395093795094
61210,37.33451190476191
55584,29.015737734487733
56587,64.3243270895771
11493,50.462653554778555
83498,68.59798476523477
72743,36.450639041514044
44142,55.14698214285717
16485,30.605117063492056
88226,43.077801767676775
41262,29.23312211399712
39461,66.09499999999998
38795,69.9923511904762
55630,23.89281547619048
3032,50.405456349206354
79429,35.03633225108227
51773,77.23612315952022
80543,70.9418943001443
21875,63.230558293830356
76466,24.73830753968256
62283,41.31304004329004
93467,43.82987103174602
42682,59.97385256410255
55878,67.5366820220842
25649,65.74319749694749
78765,22.048748584748584
62364,42.383956349206336
17816,64.72891758241757
98334,36.473533730158735
58816,40.865315476190474
39724,79.03267857142856
95616,65.7885477716728
5047,66.10299693362195
53479,65.71600360750362
84107,58.700912337662345
30096,34.37255158730161
91629,53.12463095238094
55723,62.1753392857143
22032,73.55937499999999
49577,48.198527958152965
58728,60.306296356421356
66256,46.507323412698405
81627,24.76596194083693
9402,41.871364898989896
81841,57.64500992063494
87800,82.97625
49049,45.33351133588635
49083,69.47568253968252
88974,53.74020238095239
54396,40.561428571428586
29264,44.23491071428572
93954,55.46411033655884
98077,72.84730043859649
17963,37.951357142857155
48909,44.883345238095245
48197,31.55133928571429
38647,78.4662023809524
97669,46.05863636363635
71861,64.99539285714286
81384,40.53801461038962
102565,68.42531868131867
28014,40.02741637529138
82656,44.97275162337662
6846,46.302202672327674
56280,57.55491323953824
1075,41.471276695526704
82619,71.98411111111112
17423,49.67432341269841
9333,42.15131547619048
61936,55.864455294705294
43635,39.54565476190475
26742,72.67726966089465
28240,48.07118452380951
96280,31.52851713564212
10130,85.01660131947517
44435,36.96229743867245
85562,48.682848930481306
35256,66.06838618326117
47112,45.64333838383837
37347,38.698420634920645
65944,67.31554563492064
58056,37.304041486291496
46433,79.31307081807081
31074,68.1148603896104
43420,66.80594697591681
45895,41.66551190476191
82663,45.48080880230879
68106,58.66532377344878
59304,59.109874999999995
80838,41.05545039682539
86879,39.900948232323245
3219,32.879975108225096
337,56.96612007437009
93952,65.50166594516594
1693,63.22981601731602
16595,71.86928613053612
37303,42.837836219336225
18241,73.03303174603175
93762,54.70090548340545
32565,81.87988095238096
19654,24.969117063492053
78073,25.567559523809532
20516,53.41833207070706
65822,26.379293650793638
8617,45.348184523809515
5854,28.489809523809537
89033,27.694440656565654
22696,42.902994227994206
99950,38.48021065046067
95533,63.35741937229436
97700,36.52716666666666
69487,49.49945815295817
76862,85.37119318181819
25120,79.83329166666667
36762,82.13032424475168
22033,44.0353253968254
74213,49.11795833333333
30169,36.533679237429254
21290,32.706020923520924
79353,63.61120263070265
17352,67.20495093795094
89858,69.86468939393941
84210,48.12684523809525
67198,74.01249293353705
68336,60.24051190476191
51556,75.02058333333333
93686,33.241117063492055
44054,48.18593650793651
1868,62.48975198412697
76921,75.51645238095239
31535,30.308894300144303
66790,74.61756746031747
39000,62.95182738095237
35916,64.19493452380954
50302,63.78602976190477
21024,75.57139880952381
94739,16.775950396825394
101238,79.99512254901961
90929,77.65005359999479
30195,57.4652286255411
63742,47.020762321012334
32056,67.80008486652237
7863,78.26322619047619
5473,44.82570634920636
14288,74.17594047619048
82279,53.21309722222222
76491,46.545199855699856
36828,33.702440476190475
20758,33.065734432234436
100077,42.76055266955269
11135,52.31577705627706
20347,35.458166285103786
24301,57.13858585858586
74400,74.46996367521369
12486,76.05977333761203
101268,24.116169191919187
68609,54.6181810966811
18068,44.028656746031736
98985,64.45500595238096
96233,69.44477472527473
58075,64.49975757575757
18934,63.744541666666684
67754,67.52667550505052
12041,34.6579742063492
87830,67.69352976190477
36602,63.26766269841268
9235,59.87025198412699
23093,68.61360317460317
88484,49.209177447552456
81533,61.42724007936509
9345,46.005923520923524
88403,48.14662139249639
45994,37.0639898989899
77680,38.59401497113999
65200,56.66877471139972
102072,42.15757539682538
77449,27.03159208152957
94184,72.59020562770561
102433,68.44153869047618
21889,58.07162103174602
37607,74.56832844932843
28154,60.2104007936508
84933,67.51536525974026
13289,38.08820436507938
34211,49.67647168109669
27857,67.30181266445972
85612,53.299376984126965
74859,57.62454004329005
98035,71.02423214285714
19351,53.74271230158731
73806,71.90742392366947
76455,57.574695526695535
87225,70.04075324675323
8496,65.08140079365079
16403,45.35867712842715
928,50.62023731823733
23571,31.234844155844165
57737,62.72168055555556
63692,45.153678571428564
69593,38.1872334054834
59670,28.467213924963925
43477,51.56230624930626
102179,65.15060485347985
44275,62.031408730158745
89566,98.49566666666665
49206,81.88829981891747
33836,44.703238095238106
14529,43.866249278499275
78052,46.753899531024516
34829,62.71875198412698
64240,65.82305158730159
35479,64.90709523809524
1565,72.5221293259978
22418,37.96007611832612
17326,69.46592045454547
16035,32.46192748917749
44423,44.93471031746033
73991,57.35466360028861
16973,62.63014321789322
86326,75.61103030303029
9045,58.54318813131313
71795,41.653607611832584
60268,54.63086309523808
45236,33.49775829725828
80087,83.73849852231102
94687,46.5192103174603
10540,70.7175753968254
72256,77.82836528822055
81825,66.43978299550373
86490,62.48069426406927
1740,76.51044642857143
29341,69.94608170750817
2172,30.214190295815296
53428,27.595652777777772
70458,43.53622902097904
18464,41.716213383838365
46851,69.58485678210678
54398,70.03719204406703
40660,37.420111832611845
91179,60.808316738816735
75499,64.02417803030303
22671,58.43967261904764
25028,77.1897897897898
15992,55.31582453416149
9201,30.43542063492063
24341,41.03691269841268
42781,69.21777313024948
87866,24.20872546897548
15475,49.336812229437236
48832,9.01561111111111
10765,31.28033676046176
85067,52.28180555555556
82048,51.769739316239345
68830,53.56112103174601
70409,37.57755573593074
98673,49.00059722222221
9480,38.79303896103895
34328,37.47742658730158
77804,27.349623015873004
3202,75.8657904279698
25905,69.05689231601731
79253,66.64599422799424
25877,39.9558115079365
7451,52.76594101731602
27381,31.95277132034632
89997,38.84846067821068
34052,76.96416666666666
37070,40.43970634920635
91542,48.36856547619047
56624,51.11283793290042
13787,72.77452380952381
4537,48.99379563492066
37641,69.17452272727273
50375,58.27890710678209
101303,26.712876678876686
59027,55.61771554834054
17836,34.65219480519482
73045,47.915347222222216
43564,77.89409339049259
75139,61.60127759740262
51269,47.17425
97316,39.78853571428569
18991,43.88921230158729
1573,37.901650793650795
15385,59.24434126984125
68792,64.40956349206348
90440,70.35363095238094
73481,69.7859246031746
76207,28.534584595959597
79,74.17214808802309
3630,71.28721374458875
87005,45.71979310966812
86382,83.76535714285714
59032,38.838672619047614
84729,47.093151366607245
8411,29.318537337662338
20648,73.72149296536797
78829,85.5
61507,47.294507665945176
17785,71.67792893217894
46457,45.15066865079365
61490,72.95874298483108
98488,49.874759920634915
72430,75.84820467032966
22626,34.785735569985576
99181,74.18929166666666
13407,76.38113716769985
60702,60.95707005494507
96055,64.59827442002442
61404,44.88070833333333
101152,60.74728571428572
29317,58.70728571428571
4347,63.89390873015872
42260,45.36739285714283
79726,63.411756313131306
56759,43.780848484848505
77062,46.54146031746031
22728,65.75078174603175
66217,39.01302741702741
13773,68.92998953823954
22932,48.36820833333332
69771,44.70126388888891
45525,50.92045003607502
41536,46.62318382352941
33481,42.15563095238095
58623,72.95027697302697
81807,45.94486904761903
15500,39.57524042624041
78582,27.792781204906195
47706,27.817532523032515
85706,47.77272763347764
42541,49.322021825396824
1446,74.38182230947348
60093,78.73733766233767
37762,72.99603246753247
3171,55.73760714285715
18959,51.39320725108223
22750,40.66402254689754
11167,43.026599567099574
100772,64.00776587301588
4168,78.24419642857143
58206,62.15957142857141
68886,63.71823809523809
13305,66.28864583333333
55674,36.8266810966811
65414,73.59267559523809
50364,45.26312103174603
74072,57.733790445665456
84311,38.27798376623377
49381,65.49248187229438
18133,52.78526388888885
5464,53.69814466089464
52265,36.26007900432901
71567,33.79374565200881
81705,55.39212957875456
73779,49.76349693362193
64105,34.03733333333334
107,62.637237628384675
56033,51.38949801587302
80153,49.36393001443
92412,38.73675432900432
96904,52.793892857142865
33320,27.294735209235228
620,37.58722655122655
61338,36.824284992785
77300,43.49778896103895
27721,63.17886993123835
83678,35.866174603174606
26075,55.53291035353536
59411,70.86880952380952
101028,76.51468055555556
32352,41.42549747474746
81704,62.89177777777777
31314,64.67571753246753
48514,42.3548870851371
68897,56.42209343434345
35036,43.293630952380944
35943,69.12000595238095
17351,64.68918253968253
90060,69.66105039682542
1048,75.69244047619048
16140,62.278474206349195
45238,31.24896825396826
58291,63.97703787878789
67354,49.05477578304048
17147,35.692446428571444
30472,36.54038492063493
75331,50.852952020202025
38094,42.949359640359646
82975,38.344718253968246
21225,50.253985569985595
87038,53.80032215007216
11377,30.772688492063477
26516,32.93065476190476
62532,59.14858531746034
49941,31.77062164224664
40531,52.03349404761905
81058,34.71558261183261
57592,56.3584246864247
59455,62.451382936507954
48357,63.952089285714294
4621,63.991922619047635
102235,62.3643134920635
46103,50.94142261904763
3192,47.11896626984126
58894,41.13150198412699
87815,27.744752344877348
630,31.557749999999977
13447,45.016960164835155
7408,75.8042738095238
41377,43.86591848429348
100270,54.66178968253966
62950,35.5471213924964
76020,73.57875000000001
31962,44.71055404317904
99904,40.80937651727358
40902,96.4242857142857
24218,32.331427669552674
77907,61.76323611111111
25048,45.56315241702741
20018,77.96230830830831
66385,67.60944841269841
56477,51.60485149572651
63640,43.328428571428596
66934,66.72653571428572
49586,81.23966666666666
58628,40.1729624819625
101892,54.050261183261185
4138,44.435884920634905
41543,62.955115981240986
13997,66.6062380952381
46116,45.95203537149125
55702,36.836087301587305
9202,42.487336760461766
64473,61.180668650793656
8000,48.01740716228213
8736,76.47767615942615
49322,70.4377103174603
91884,70.91120085470085
61539,70.4131829004329
13934,63.16612644300144
63532,32.97828445165945
22529,57.50748717948718
22726,30.818650793650797
91099,27.151337301587283
96855,39.67324585137086
101285,39.88838095238094
79516,40.95166468253967
64338,50.86257142857141
26573,63.359661255411275
17697,36.77164466089468
95216,40.27260317460318
55136,62.2876626827279
83385,37.8121735070485
32179,40.49584613997113
41293,55.36202777777778
56662,67.3265905067155
17776,40.63003607503608
51551,41.84068253968253
68368,44.877249278499264
61771,68.3587023809524
60212,57.08757918470418
37096,70.98935625404008
63828,53.01562500000001
80094,51.986357503607515
49633,48.77253373015873
64239,52.862938492063485
24945,32.632396103896106
119,64.64929365079367
51512,75.90745833333334
14965,67.24178306007718
1816,51.787524170274175
52493,81.68270833333332
82178,13.500484126984132
92546,23.63251767676767
76555,49.06266071428571
74326,73.92629166666667
54360,73.68814484126985
57695,39.17279671717172
61267,62.87186507936508
52425,66.3696637806638
67966,52.96228282828285
96027,32.85288690476191
43481,75.9200255022755
17236,77.01202380952381
97916,77.70370833333334
101944,66.90393253968251
42248,65.67593344155844
62843,73.77858333333333
22250,35.896714285714296
102666,58.97129761904762
7242,38.972874098124116
86922,37.396502594627606
49015,78.97976298701298
62805,29.04565873015873
85216,61.4548142274392
30488,40.47591847041846
18065,68.0214742063492
36911,49.99656746031744
51305,47.607753968253945
8506,41.19721284271286
93914,40.86151388888889
94243,56.51480753968254
19942,51.47988275613274
42862,63.18200436507937
63613,65.04205194878222
84148,41.97827813852814
26032,68.97826298701301
25959,25.455796897546907
42010,25.424631313131304
38593,49.28821825396825
65301,73.78310714285713
64970,65.61281130759934
55045,57.07550793650794
5438,64.9219107142857
101310,43.148598124098136
88959,68.98196753246752
24202,47.938547348484846
57036,59.556893217893254
54335,60.93878999676794
92458,61.40088095238096
40993,73.43098214285715
31025,56.04277976190477
21009,45.79710515873015
12516,30.05355591630591
92101,38.204374999999985
80695,37.93365445665447
9370,29.124988095238106
10384,67.72857142857144
73753,39.53977597402598
8854,34.673604076479066
80890,70.11547619047619
22067,44.25572750860248
19093,45.44007738095238
3152,61.888223845598866
77025,48.683248015873026
94142,61.145419719169716
23532,82.91609523809522
39100,41.999808080808094
34878,78.42623809523809
30082,47.93858928571428
72515,53.313305555555544
84386,32.16175808913308
33785,33.814402417027424
31682,75.551125
13909,49.752095238095244
18880,48.61208459595959
47502,26.339152777777777
22589,37.653656746031736
49061,55.11824999999998
62225,29.745051587301592
7420,61.7455642135642
44492,44.09288293650794
9845,44.030716991342004
41801,26.71252164502164
60540,45.9070367965368
4552,31.75754906204905
22601,66.64021428571428
32512,65.75084523809524
92270,41.79083243145744
29788,76.96481331168832
91278,42.47831730769231
25138,52.48267207792207
35642,50.08026345876345
92049,59.928567266067276
65018,74.24873563936065
28698,58.10523719336223
24188,32.37195238095237
46728,40.85226984126984
98741,57.46181475468974
11954,53.434488095238066
91451,59.05913762626262
2273,33.47765873015872
6327,44.110091269841284
56601,53.939198412698424
35073,46.05161381673886
81363,49.07334163059164
31095,43.37743344155845
90917,34.0148878066378
22657,39.705962481962494
90083,72.7399769119769
39057,38.2460901875902
57782,48.81653914141414
80341,33.29517594905096
35130,47.51513888888887
94301,37.92028174603174
37939,54.8955984848485
12051,53.07862500000002
74391,55.00581854256855
11104,61.14189105339106
11856,37.715843253968266
73238,30.85374791144528
89859,46.95631331168832
16423,71.11704992762655
38032,30.77725541125541
25101,34.52986399711399
2589,38.30470238095239
51768,57.76859090909091
10354,33.20262319624818
34516,73.11132080200503
65149,67.60918055555555
101413,44.450118686868684
82513,50.087527777777794
48237,33.1804126984127
16829,76.69260119047618
34291,52.758480158730144
3121,48.62651803751803
49429,52.98020238095234
22187,74.62309145021645
90223,63.077953434723185
33230,42.46114718614718
84576,69.35255357142857
76996,44.16787301587302
18616,59.31632936507936
51117,59.19558924408925
32382,56.4023042929293
48876,67.67677901265401
53490,19.4510133314398
50309,55.0938924825175
94809,67.33852940115443
80362,77.25125228937729
31844,39.637857295482306
6025,69.57577777777777
33817,70.69457181259601
36123,63.61083558802309
89312,62.29394931457431
45757,70.83036744592809
80056,55.15331944444446
48072,22.114955447330445
3056,30.720250360750367
12233,45.92185461760462
90006,57.488292568542576
51280,35.33253174603176
14160,41.18443127705628
33904,42.02551388888889
78650,49.435716269841265
33376,61.67620436507936
29253,78.725
65821,45.92042490842491
86222,75.05337745098039
31463,67.74845239482737
17686,33.166657828282816
12075,68.54999206349207
7760,49.21927272727271
22580,78.9575
35606,41.260582792207806
84752,75.86646832334333
10664,48.7009081890332
35188,59.98670060331825
10119,39.93567063492064
97328,69.84120833333333
79335,38.0788658008658
99390,49.953938797313796
67482,71.56509523809524
40639,56.317724678099694
82252,49.52504960317462
101342,52.09379563492063
22405,48.079817460317464
95651,36.63377994227996
79342,41.26693470418471
65785,31.63410912698412
43119,40.47410912698413
67885,38.104446248196254
96604,33.94249603174604
10142,52.480749278499296
37708,43.90239543935597
101932,49.31122871572871
74286,34.46667658730159
52543,38.424248917748926
50271,52.684379329004315
15888,39.36478336940837
66675,43.32175054112554
90062,61.41366125541124
47536,31.624968609606753
94487,43.567146825396804
48510,74.02903174603175
34172,57.90270436507936
36645,46.3770156926407
78349,56.36741973304473
81459,49.90799981962481
101577,35.877722222222204
18721,42.5858492063492
77926,72.65501243201243
95958,55.63646825396826
5988,36.05001785714287
33549,35.0398650793651
23213,45.59503373015872
76484,38.75118704906206
7901,72.0
32930,15.112434884559882
90169,68.39434523809524
79957,89.51130952380953
96048,77.99568176538907
24358,54.42709415584417
91048,73.05065268624077
6176,43.966698412698406
32251,49.169690476190475
27883,50.676033730158736
10656,85.78404761904761
72828,78.63969047619047
25486,48.3540853174603
62297,30.54789028944911
11370,74.57208333333332
70659,43.543271825396815
59995,51.84584758297257
27017,45.72202525252524
79444,59.81832485569986
76653,59.41884172771674
93103,74.0005
30774,51.75159126984126
65780,68.54603174603174
6053,75.20718253968255
67717,49.257091269841254
68135,66.30248611111111
45101,48.23665873015873
100825,70.0412398989899
53829,38.19541468253969
100085,61.535250721500724
51814,79.006
71499,38.62354960317461
5946,30.22147528860031
43756,70.47427272727273
3350,41.06335245310245
7708,31.306168650793662
3396,43.72480194233871
9923,46.33158473470974
57316,68.6911750381971
26077,32.17084722222222
67290,68.1125568181818
36515,25.44364664502164
82608,56.14688492063491
82863,44.39046031746034
72688,71.70960482858644
36816,37.16056872294373
98640,51.98124999999999
90960,26.34999206349206
16117,55.40443452380955
96348,45.7361974969475
60325,52.368337301587296
73829,74.64791666666666
50786,66.26876948051948
76782,73.41564087301587
74555,63.038331349206345
68757,45.48877182539682
27837,40.60771338383839
36811,70.94883333333333
84684,67.61735831054911
65947,59.534827380952386
11728,59.07101100288602
24562,41.01247294372295
35532,64.89857088744589
17463,30.220892857142843
21233,66.10228643578643
38443,74.55266758241758
89672,20.387501984126985
75433,66.18670833333334
40479,70.50054761904762
71934,38.49398214285714
87706,74.21582020757022
64808,54.252887265512264
27256,82.34886904761905
79769,49.29230357142856
46526,74.42968722943723
72086,74.6361512605042
29318,34.65191071428571
8988,32.73056637806638
91758,80.99888888888889
53376,33.04722222222223
55896,38.38834920634921
15395,33.39298341935842
5007,79.96622349178601
33449,47.85899350649349
47011,74.18259722222223
58827,59.35879761904761
36040,60.66012698412696
63975,45.44576136363635
23664,39.49858333333333
42979,80.80509523809523
59472,69.55739285714287
54338,42.17405357142856
97154,50.229541847041844
74370,60.291202533577525
47039,63.490738095238086
98193,49.58520003607504
28438,45.65719047619049
25417,73.74069642857143
73276,19.100122835497828
10176,75.89089317042607
24658,35.63432106782106
9882,79.1083653846154
77845,67.65340313852815
79854,76.57787698412697
102409,63.82395761183263
15115,43.65606303418804
22252,39.48537133699635
80969,65.15776984126984
96960,69.74764935064935
101947,53.565156746031754
82080,41.82718957431457
83374,39.49007341269843
49590,41.28782020757022
64938,36.09303679653681
70848,63.3609700854701
80623,62.51749411699412
70900,33.23663311688312
70552,45.621696969696956
74117,51.19871291208793
101603,66.81862957875454
6893,37.59698845598845
75619,74.04282142857143
101210,43.605396464646475
94277,37.18265476190476
79195,70.9903143939394
57099,70.44651406926407
44461,54.080640061327564
83424,53.0456031746032
29904,44.71957142857144
32026,44.01074801587302
93714,28.19209722222221
74314,78.19502182539684
50750,34.385420454545454
50920,52.31622384559885
37861,71.26966642818188
54503,71.5110321859513
68783,36.16674999999999
17009,63.887242063492096
10849,46.85996103896104
67292,43.79617784992785
44859,49.517250180375186
20019,67.58182936507937
268,70.46095580808081
16234,72.4078383838384
67759,32.736623015873015
19740,56.93109451659452
59398,56.65682611832614
101126,55.43744354256856
48498,17.163995129870134
61978,61.197373626373626
77253,58.36967155067155
95635,63.26485836385836
19072,55.13561850649349
4676,35.720814393939406
72872,81.86251785714285
9879,42.94669047619047
14416,79.14991666666666
77653,43.40876875901877
74780,47.26712572150073
35571,41.56588943001443
8433,34.845593073593065
98311,45.836708333333334
74998,41.86377777777778
67428,21.731923160173164
95273,69.77587878787878
69674,48.93555357142857
41360,61.47952474323061
14178,46.04291666666664
20567,27.13107341269841
71051,59.08676789876791
84934,77.38782492997197
19412,61.36942673992674
102274,37.370252622377635
36546,36.38509328579917
80732,31.922568903318908
77838,30.50548881673883
86075,42.10059920634921
75976,23.96740151515152
81027,38.637214285714265
96799,67.58767059329563
94680,34.830438672438675
55067,58.432247655122666
15877,67.02475595238096
23870,46.30443315018316
50853,58.3621646825397
71174,49.14394011544012
77461,73.66619642857144
21362,37.728095238095236
67937,29.9875
94491,44.34062698412698
58379,37.07146031746032
9564,40.02853373015875
44214,76.54148214285715
74491,57.30753354978355
88160,67.69338935406698
83679,68.5212738095238
4360,23.685583333333348
15562,74.22805753968254
28215,73.47051587301587
19154,58.673384740259735
5389,43.566544955044954
74627,75.97204436280093
58357,60.767648809523806
40317,32.31266504329003
40161,35.95423214285715
64553,41.346807539682544
4751,60.02606547619047
3279,56.51041594516595
29794,60.179175921300924
3668,46.34362445887446
20783,36.57999603174603
67099,43.07913888888889
78510,33.7662619047619
7761,36.073457681207685
22364,47.96196789321791
96310,72.86391666666667
66956,43.59662301587301
69147,54.24687500000001
18489,73.65467568542569
42607,58.761408730158735
33335,79.97982738095237
99166,63.83940934065932
102161,67.37341233766234
38913,33.87837896825396
62610,36.594620310245304
21895,49.271392857142864
70320,42.84172377622376
35269,66.17373683261181
13523,54.70796194083695
45600,73.89023033910534
43354,76.41141666666667
65559,46.07328733766234
44702,40.44626370851371
9789,68.64442658730158
57880,31.732096681096678
28143,59.61205844155845
31923,29.625754689754682
72625,55.10157269119772
62695,85.79400000000001
20497,35.45995220057721
59838,43.12399765512265
1223,68.3634861111111
29644,31.470972222222215
41983,75.31196428571428
76164,71.95262500000001
7463,19.685023448773446
65063,76.49842460317461
51865,39.90183531746031
34316,41.31851984126985
18189,62.0005515873016
21794,46.965049429779896
7846,53.97192532467531
78316,51.3336488095238
68698,61.93413492063492
3818,37.39354365079365
68388,33.87525595238095
64821,31.35202831890331
29531,50.26663221500723
28688,13.668647727272731
20039,65.51930718954247
24760,21.352233405483407
19584,59.88749044011543
66781,56.02277182539686
39804,54.69411038961038
1899,33.95207936507936
85495,40.88088888888888
91289,42.304134920634915
27318,56.74048538961038
98881,43.30080934343436
57994,40.4450873015873
60190,65.67018253968254
36940,36.91571428571429
17972,63.24048214285715
72275,10.398625
48243,77.29162500000001
32377,46.84951785714283
32090,63.458052350427344
58600,82.29985119047619
36329,66.2693823953824
59143,67.81937103174602
68243,32.619423881673896
78652,27.910218253968246
2109,87.94714285714286
54978,73.50772619047622
57028,18.63341056533336
30461,36.13380952380951
16773,65.76075
37834,59.09997283272284
19812,38.90724007936509
20435,38.808142857142855
74423,50.07320634920632
17487,52.277872023809515
75850,69.57634539969833
81456,50.09199765512267
56273,46.16853120490619
89266,47.12074206349205
92811,39.44901388888888
26683,56.502859487734476
61097,41.994742063492055
24972,35.66341251803752
79258,42.41641071428572
33559,55.292770451770465
88313,75.1858106060606
99137,61.505817099567096
43369,30.42968127705627
67238,56.44236904761906
9764,38.17080465367968
42788,29.35369642857143
81625,44.044907647907664
95414,71.76425
48051,27.56312228049727
40751,67.68807088744589
34360,28.818839466089457
79130,50.84339682539682
51782,77.47941926129425
84500,52.502461760461756
74559,64.68766071428571
93204,73.40519444444445
53952,46.78300396825398
49713,30.201444264069274
99451,43.62377104023429
68346,51.696686868686875
98448,34.701005952380946
80738,46.68260443722945
12349,81.97416666666668
30045,39.413275974025986
58988,74.00120689655172
85547,67.95291607142858
11775,75.62175
72599,69.7259396812338
1975,28.28439087301588
17145,45.941248737373726
92450,54.707032467532464
11899,46.816190746753236
81622,52.39024116161617
57375,66.73356562881563
47872,66.183
36732,65.06813711361737
63965,40.56272113997114
100766,43.368974206349186
48100,69.12896158008661
15533,46.76439574314574
75872,58.00369841269842
20425,44.94382738095239
33523,66.31891285103785
70968,44.145061507936504
60631,39.759023448773455
15768,40.53288186813187
35682,68.9567271825397
60521,37.605231962481966
41556,28.092049603174605
12043,66.2740734126984
35643,44.39454406850461
90462,47.291271825396834
25721,42.68212373737373
89631,70.90723930507163
83653,73.95685349905513
47085,29.129992243867235
94557,71.94701691729323
11417,32.825164682539686
91042,40.885623015873016
50027,47.14396504884
80847,62.63286706349205
73097,68.99916666666667
44264,64.75862896825396
70397,84.42386904761905
65207,81.16630753968253
65117,28.6522177960928
2588,54.893607004107
57079,49.519152777777784
96745,53.2706417748918
87398,39.50943272005772
35385,54.55045238095239
54042,34.61596626984129
82970,39.33706746031746
36764,42.61500342712844
286,70.40566217627402
33869,45.39117872405372
70216,66.88917596292598
20237,49.467638597513606
51938,52.060692460317476
1567,70.10599999999998
28089,66.79686525974027
43699,66.40181547619048
56144,74.89079782790309
54029,63.987980769230774
29614,56.490473484848515
22503,49.35770627983127
33843,41.16976713564213
20483,34.09008531746033
49009,64.43941269841271
64138,63.70353769841273
38237,56.776863095238085
41200,43.245747655122656
11050,75.41119047619047
65684,72.5315817099567
27397,73.93779532967032
71147,61.75729166666667
66390,49.67085912698413
91995,57.16613347763347
9637,62.073031669719164
66363,44.06993452380952
49002,77.3600476190476
32201,58.76877798427063
20554,64.55683928571429
62680,71.1533611111111
90177,53.766391053391025
58976,53.979186022311026
28005,34.845755952380955
67380,36.56626388888889
24338,36.63165259740259
9669,51.581065947940964
101978,79.93158333333334
86792,51.71259126984126
13251,61.69714026251525
86756,53.63634956709955
79538,60.84720111832612
100217,57.563708333333324
57935,63.73295436507936
24233,41.09465277777778
13086,39.732791666666664
39373,35.917332431457424
5710,27.254420995670998
31281,32.62770183982684
43061,56.393795634920636
86006,34.78519408369408
69259,60.34710317460317
93452,46.967873765123805
51454,35.51271013708514
10445,66.33200396825397
19126,56.192706279831256
100230,37.929130952380945
63555,31.68266116011182
68734,39.950494047619046
69319,44.84493722943723
70385,38.16329238816738
63920,56.216569444444445
40418,75.30031244778611
4162,70.28987179487177
6349,65.45634523809522
59279,68.28920421245421
89628,64.88488095238097
78221,36.38553661616163
56252,47.7571764069264
64886,45.389118347338915
67703,76.464454004329
18928,48.751134920634925
22956,70.7818437881563
75804,80.45603968253968
81678,39.883321428571435
47692,49.67881890331893
26487,52.57185173160174
58233,68.04762499999998
59133,24.363849927849934
62117,72.10309379509381
44365,48.68298881673883
17096,36.61287265512266
47885,44.97001058908411
84542,36.97840277777779
64736,60.311210317460315
85107,76.88750000000002
56610,42.28310714285714
10218,70.42700041587781
69282,52.13888888888886
22176,26.361269841269856
29710,62.61345995670996
84511,78.3794761904762
25150,60.51106501831502
83175,37.4771591880342
20560,64.55894047619049
33687,76.50075793650792
83770,72.598715007215
18900,56.335253649128646
41428,53.425394841269835
73065,41.125176587301574
7713,66.60677182539683
18871,72.93698809523808
89860,69.86592261904761
53269,80.98625
16427,71.28885515873017
62957,56.0426459235209
65861,48.78818849206352
12701,53.39375992063495
36863,34.219767857142834
40004,81.002
41213,61.3119606227106
83471,62.92303174603175
35238,41.00627651515152
26829,50.503765873015865
52324,45.750248917748934
31724,72.95592203548087
10506,25.67181349206349
46086,56.154202380952356
37911,81.97400000000002
66242,46.63690512265512
31037,44.04112301587301
37095,63.82145436507938
38386,51.488013888888894
80459,39.20999819624819
90085,36.55991468253967
78933,38.67297420634921
83841,43.357892316017306
26582,15.450066634754137
46294,17.954339285714283
40888,44.57898611111113
19491,38.61458423520922
60620,49.24575360750362
339,69.67793235930735
525,29.298381826506816
43595,38.035736832611825
43191,64.56315800865801
67328,61.25538455988454
9320,36.30309523809523
10015,39.538012265512286
45877,64.5640496031746
8500,35.32211237373738
83085,46.56037103174603
10602,28.183898809523804
93254,70.30396381886086
101111,42.965317460317465
46670,43.74967905705405
100715,47.8960515873016
84223,66.60465842490844
67447,41.55787193362192
74647,62.22447619047617
61596,57.66987499999999
15133,51.46516883116883
91000,62.3562492784993
7770,52.03842640692641
7002,34.383847222222215
37253,63.948312500000014
77439,69.19836904761904
59356,46.37118524531025
90174,68.84127579365078
17809,70.03915032679738
91535,45.95461507936508
60188,84.25316666666666
4320,70.6412554112554
81591,39.52575487012986
79041,80.23371428571427
83158,71.14901984126985
47677,37.96453810078808
85372,62.42202478365288
20454,51.33529563492065
60853,42.0260698051948
72142,58.274053571428574
48971,73.87480158730159
16183,38.833354992229985
63904,70.29075713053285
73851,84.66433333333335
82533,66.82339682539683
73,74.89307936507937
69074,21.695769841269854
76890,58.80869201979651
1439,65.99820238095238
1455,58.23553373015875
85981,43.418029761904755
95070,57.30986263736267
98698,63.852898989898996
36139,67.5339777999778
69539,69.17238988095238
31028,49.87280555555556
54106,42.41925000000001
81794,46.46248845598844
12218,50.52829960317462
89390,32.73654779942281
611,46.0446544011544
69205,42.895406926406935
38692,55.60004166666667
48075,85.63839285714286
6578,52.80984325396823
12160,41.82413474025973
70382,34.47030014430015
66351,80.98908333333333
4454,29.387482323232312
53569,46.68740109890109
96676,71.44545833333333
44507,64.99032964339581
56152,28.066426948051944
4870,57.58428373015873
61761,56.92416612554112
8621,78.12184523809523
71025,48.6078392857143
3233,27.440729617604635
13834,49.12128571428573
102477,38.8397619047619
97721,34.02569137806639
33452,70.90840277777777
6783,43.6161130952381
18626,47.20281746031745
48823,37.81434988622489
27414,40.11908134920636
49599,41.32839682539683
87247,71.7751832056832
688,74.36542332667332
19520,65.246224025974
11544,38.43374999999999
77411,77.41792063492063
26318,37.54536056998559
34904,32.51598412698413
94248,61.62808315295816
92395,35.470288961038975
67330,66.11663131313132
50282,39.30115873015873
60461,70.3025
80390,77.59587301587301
58703,73.86509325396827
17617,68.3590122887865
6094,73.29721062271062
17090,41.53078787878787
32136,56.47019642857143
84732,69.55587698412698
98946,63.477015109890125
65052,54.36783207070708
34002,74.39109325955634
26052,28.43899458874458
26806,60.68741161616162
81139,68.40787301587301
63900,37.30597420634923
62823,72.13897023809524
78798,39.578753968253984
21911,44.592379329004345
74723,47.3960753968254
69379,74.88560557644111
85330,61.94527940115443
97766,73.37892803030303
60375,50.05125505050505
51944,61.811597222222225
54919,35.96714123376624
91180,44.71335317460317
42119,46.4804265873016
63605,55.00081811244312
44045,71.91031926406926
64744,76.44622619047618
70722,36.862224206349204
80336,64.92598376623377
30625,45.08776046176045
56048,51.95850992063493
76683,81.32110337288685
57157,63.921208638583636
50303,37.7807922077922
2795,62.37571969696968
57649,42.13382918470418
36364,46.66311183261182
19019,68.85193107769423
28957,28.451293109668114
65439,28.07981024531025
8949,44.87440800865801
8045,52.66254866332499
58122,53.771537240537235
62507,65.01009334996695
90032,45.652717532467534
43622,47.731934523809535
15963,41.32548611111111
99714,68.77449443164363
58315,29.701407647907654
43024,66.80269047619048
26245,33.366670634920645
76580,35.74899755799756
68992,41.22067063492064
43314,51.51689556277057
94352,27.429954365079354
40233,40.476386671335206
70007,54.834896103896114
53406,31.58309279609279
23778,64.95465476190476
77189,36.43020436507936
79704,76.8625357142857
41880,83.0
87459,71.60343995624802
75820,50.81674801587301
15799,44.645616883116894
46529,66.63768650793651
66085,31.15060515873016
53719,76.88266025641026
94347,34.566255952380956
68328,41.93840692640691
75111,59.25093055555554
50842,51.316053876678886
93361,44.298128968254
32339,78.23653571428572
25324,32.69097222222224
9838,70.3188991935484
50487,94.01831941964824
70569,64.47261111111112
57919,35.31277038239538
12839,26.681719696969704
74036,97.53724120082816
85896,32.675214285714276
100002,54.78760714285715
54970,35.89726552614053
5976,43.531131673881674
50322,62.728809523809524
18510,26.027713744588738
32579,46.341077741702726
98890,39.16145111832611
40195,57.07778968253968
32535,50.07407142857144
79288,71.71229960317461
30159,77.7680054112554
9704,69.37810752688172
85963,59.479117063492055
60698,34.382720820845805
98969,82.49035714285714
83289,41.60049404761906
41146,35.252293650793646
73677,65.23361507936507
20297,27.742417027417023
16515,50.87856565656566
32967,25.250498626373634
73613,31.491458333333334
32602,34.884270382395385
43447,21.04013383838384
56660,59.1787599206349
32173,79.7164420995671
31888,74.75121710526317
56830,52.100749759499756
33774,61.293773809523834
7216,39.80591865079366
95373,41.634224386724384
17688,28.6899237012987
44801,53.24506926406927
85079,55.146238997113976
99891,72.69026190476191
1212,49.981245039682534
55541,67.90147276334777
77798,73.38231746031747
45732,50.428061507936555
21253,31.024644480519477
93318,61.99744047619048
16176,30.117144383394372
69206,62.909825216450216
58797,73.30014682539681
56080,69.8999007936508
24247,26.83064339826838
35833,54.90453318903321
71428,32.80925793650795
24630,60.08527777777779
97785,51.76530357142857
98058,49.66761797924296
72050,61.528858999334
60106,68.72664880952381
98523,52.262186507936505
100921,32.98774206349207
28174,53.11232224556489
86738,54.671971320346294
15172,44.20282104007106
71634,49.85179979742478
27779,59.22751785714285
27928,67.89090079365079
12778,42.54762211399712
58818,40.98911020923521
16000,43.520899711399714
938,43.223148809523806
99829,39.007444153069144
23342,36.165244769119774
78008,55.30756547619049
36641,61.763196428571426
101276,64.1236436529157
49284,65.74891305916307
41584,42.16340476190478
29073,26.380226190476183
29657,39.74283784271285
7635,73.07478202189968
1601,43.09301424963925
76432,71.65215187590186
55645,29.94684253246754
355,75.36088324175824
93587,29.35052182539682
7886,38.15924314574315
93368,76.15913827838827
67742,61.89805266955266
91466,44.53802777777777
39380,63.34719246031748
46668,50.740521825396826
31475,68.85773827561329
3438,39.60971275946277
75002,37.009978896103895
24645,38.9489485930736
61647,73.46869172494172
64802,77.1579080919081
1511,47.38233928571428
51954,77.961
101314,73.91096825396826
88079,61.34136507936506
4536,51.00700487012988
5031,46.72310624098125
80885,39.11299603174602
85733,54.379817918192906
61119,53.1443436147186
79758,54.70614321789321
97376,73.27192550505052
57605,40.43690476190475
24524,49.25093650793652
2974,68.68552976190476
11839,43.37985930735933
42679,76.9925
4903,37.51741468253968
99799,57.52047524697527
40992,70.69322402597402
89724,58.53485639360639
26383,49.235640873015875
34984,30.358041666666658
88569,63.2513411172161
74293,64.05541865079365
40879,77.30724392274392
21416,59.695098484848494
101883,46.9542682178932
63844,33.642867604617614
10908,62.676640873015884
22535,37.8421111111111
37628,62.603625
101851,40.62591865079364
65272,74.47708333333335
51121,34.47707936507937
71400,31.630518037518026
55598,73.47074969474968
74995,29.124678030303027
100187,65.83110714285714
46353,48.69968217893218
65251,33.069862373737394
102171,68.24012554112554
17471,42.08658477633476
91838,48.01378769841269
34537,74.10131818181817
71216,34.52091666666667
16126,21.41988888888888
71680,69.3906193806194
44530,50.4751627261627
98266,41.405434523809525
40799,36.14110912698413
77675,40.28707395382395
56581,69.49741208791208
67841,43.810391053391044
54315,69.64429761904762
92713,62.07174603174603
30073,50.297101190476184
36893,55.02996638084138
11184,47.18012283549784
90005,51.67108766233765
64147,52.2772274114774
53742,33.74450919913422
11682,42.826438492063495
69283,34.220375541125534
94890,65.91897691197688
98358,60.087812451437465
24285,40.881549603174605
83660,35.176119047619046
65597,74.24016937229436
54446,41.091305555555536
68036,72.19266666666667
56689,67.1412023809524
89532,58.83109386446887
63481,63.08170120157621
20574,68.20368722943725
27620,85.09754166666666
61126,59.181575396825394
88138,40.579771825396826
20248,58.40621428571428
48106,49.39097889610391
81399,62.46738798701303
87933,44.242652777777764
4115,33.665720959595944
23046,71.79896428571428
61244,63.86636111111112
86902,37.50383549783551
24749,77.23936431623933
51044,27.864547619047617
20596,50.032673160173175
60606,59.39453663003664
43747,49.17170436507936
31193,100.0
85384,51.47569985569986
61896,58.19258263958264
53251,56.602652056277066
79272,51.767162698412704
21218,38.83170238095239
36763,36.819005952380955
74492,35.58022763347763
84571,65.70976984126982
10008,81.08989880952382
87860,72.26258150183148
400,66.0192002164502
81828,66.54145833333332
13432,64.98872023809523
22801,47.09176785714285
3009,31.84615064102564
39695,83.75107142857144
84561,71.29363095238097
69880,38.567619588744584
47714,96.95625
7410,36.34638474025975
71083,65.96333333333332
88361,38.86493849206351
84313,52.278962301587306
65948,36.71391991341991
6060,33.21063095238096
92211,38.66643849206349
21244,74.72916666666667
101988,20.831508838383844
73129,36.40099404761906
85714,49.89247222222224
70595,39.65589736652238
9734,33.185526334776334
59223,43.96175289987789
26082,65.09570054945054
63570,56.10262896825397
81743,59.60196500721502
35709,37.075376984127004
15767,27.78372979797978
91161,45.708141594516604
57736,40.67452343047452
22891,35.4695715811966
49068,43.15904563492065
100862,45.859561507936526
76632,39.18376827339327
47844,61.61097222222222
77713,47.763000541125535
18006,59.56329491341994
99789,48.335003607503616
73178,76.15810714285713
14701,77.7542756132756
101044,71.62315205627704
16738,74.63124702380952
9880,62.01400983738485
64661,48.091527777777785
36013,67.04529166666666
101933,91.7270853174603
72769,74.3479880952381
62308,39.62698214285714
71314,32.42547168109668
96615,43.829970238095235
60915,46.08736309523807
11735,72.46739285714284
71047,59.3314401154401
81112,58.997623015872996
91130,54.22635173160174
39888,92.02680962139667
53610,25.025378968253964
22302,46.630613095238076
71920,61.58021861471859
51747,37.487669733044726
91074,64.9654844877345
44334,53.05887500000001
98443,75.93283059995561
63390,61.95749224386724
15060,69.43608333333333
101178,35.85244372294375
37511,65.80213095238096
81974,41.697106240981256
37983,41.86134536297039
47765,35.26544047619046
89951,41.79672528860027
41520,48.29913293650794
93159,59.9887619047619
27476,68.41291071428574
67169,54.69928138528138
19305,10.619865079365079
39123,42.24241109513089
23745,36.29411949855701
65281,52.94302543290044
13550,57.18123647186147
50318,55.04716666666666
39529,27.524529761904745
21248,62.393053571428574
92011,55.528240065490074
22913,13.13580357142857
64263,32.13366666666666
90209,50.98036507936511
61319,51.26352380952381
19594,71.82681746031747
89573,67.79841666666668
48805,41.05288888888888
1505,42.571021825396826
74449,57.97901587301587
19629,59.73594372294373
32028,68.35446626984127
1524,37.583682539682535
82109,72.19040854978353
95968,67.24561845238097
24309,34.48561706349208
71407,61.62730952380953
65536,72.83975877192982
75649,31.21325955988455
2441,47.2886744227994
75443,47.224605392156874
14418,70.43737447786131
35814,35.24291774891774
80455,47.29313546176045
45541,75.9985
28627,21.64120761183262
96556,65.12976388888889
15460,55.44469791319791
94108,41.90674260461762
23799,39.653617063492064
40450,75.58780357142855
18157,56.5985681818182
74552,72.997744512432
95494,47.03940963203461
54577,52.96520183982684
90648,62.79620332080199
94069,80.70400000000001
51955,64.10303571428571
48201,48.180407828282824
55038,65.53559294871795
35869,58.91929365079364
95949,57.47794120718462
53913,32.176791666666674
80364,49.77493452380953
90478,49.76234433621934
3078,65.32456349206348
76815,36.14001893939396
32411,41.78055573593074
39790,57.6170634920635
8022,60.79963243006994
35691,66.46146428571427
71731,42.8086405122655
100176,54.3945036075036
86182,62.19713095238096
81961,58.96880347267113
74156,53.89133134920635
21168,60.49746428571429
58506,54.5486920995671
87695,68.76669101731602
29760,65.42704136904761
98708,62.24482539682539
71559,69.0
31477,67.02549773837274
45446,77.97369444444445
50638,71.93
9697,55.71472059884561
31519,42.21454797979796
81815,72.35780952380954
85467,74.5933710872461
23828,49.43053174603174
28246,64.7447329598506
17662,35.1489232850483
87140,41.9634853896104
99024,55.896666167166174
57974,55.430702020202
95815,62.380904651334205
83979,62.78057485569987
56936,48.58946428571429
86194,37.695911255411254
87321,52.601374236874236
38558,51.52201984126984
48117,29.820157828282824
79518,60.69343953268954
24212,78.39952593729798
40876,38.54654960317461
53760,37.446890096015096
40353,67.86915790255496
68053,40.52475288600289
54898,62.38717460317461
84261,58.60734806859808
85606,35.20278075396825
21593,77.35376996839351
21155,50.23597294372293
8562,61.741941877566866
50769,60.936226814851814
12898,34.08194746919747
2271,60.71630645743146
9779,56.61525883838386
55659,79.70583333333333
87127,36.86638888888887
12279,56.56659361471861
21975,37.844248015873006
1095,37.2191746031746
2021,43.928988095238104
37893,41.60093326118326
34820,77.35936111111113
97096,36.20183928571428
93621,70.8466876873127
100328,56.23068479911901
78616,34.697826298701294
19624,74.39283730158729
56200,38.498748015873005
28404,62.645599163908
84123,31.839678571428564
42882,35.57501677489177
81970,32.567029761904756
74389,45.12456125737009
35582,50.379943903318896
21949,40.61036832611831
62340,41.365484668109666
21496,62.70122107351713
25925,44.98584966422466
87750,66.6407142857143
86561,44.190658730158745
3739,62.152078463203445
43743,45.87900216450217
87214,80.94
61042,29.321095168720166
19809,70.574875
70436,64.97889141414143
66846,75.7362380952381
19515,67.16646240601503
57520,45.97168650793653
37813,57.95970233932734
41759,69.22859523809524
46523,40.235972582972586
16345,77.6788588101088
66430,51.24793488455988
57450,51.374180014430024
20461,62.99280952380953
95261,45.66942215219421
59058,68.80578084415585
55270,55.91718488163883
97936,63.5623817016317
66153,36.287249278499274
47134,45.12168650793651
45041,64.08742929292931
51341,24.250966269841275
78113,33.310349567099564
77820,33.28638095238094
3573,63.82921753246753
46084,56.84583134920636
88637,58.55846031746033
41387,47.68080357142858
36659,72.42605248917748
70263,52.56767893217894
11091,76.1784556146468
9374,67.49749206349205
94455,41.55142063492062
54143,67.03660839160841
98132,77.56902612746731
63162,56.10624603174604
58060,44.46015818903321
63530,41.1017269119769
81977,44.904933302808296
19180,52.08198214285716
92585,46.74968560606061
46918,28.53896428571427
68706,84.13825595238094
1160,29.65738726551227
63393,25.58463888888888
74332,63.07297141053392
76128,37.42187932900431
71495,58.409301587301606
55233,42.061216991342
22081,32.87105466755466
62595,32.41623971861472
55788,37.93111309523809
55304,30.308783202908202
79396,76.8107996031746
26710,45.36151388888888
71359,60.629377705627704
31842,60.504451312576315
36654,50.02579960317458
42657,47.916538558663554
12326,66.04198593073593
81035,67.94396645021645
94064,54.22838095238093
34533,73.80513578088579
83536,86.56189006607427
29914,43.6996976911977
89129,44.42395984753551
56265,49.67096749084248
64045,75.86745512820512
16863,39.73927380952382
90805,29.27176767676769
83859,67.21712896825397
70084,74.22565852130326
74800,47.02246133033633
27532,21.22730158730159
56376,41.8795946969697
32472,63.84823124098123
28417,68.84234722222223
78721,56.2064816017316
189,46.77234361471862
26989,42.85800559163059
18709,46.128767857142876
48780,36.092439033189024
8859,68.7105586080586
18242,69.88834126984128
20652,39.668892857142865
71716,29.361303571428564
18760,47.98149386724386
40532,72.42562356321838
52963,36.942759920634906
92891,78.17665476190476
65857,56.29601605339103
54084,51.462738095238095
27398,43.44425178987681
30265,82.12661172357718
8907,77.50163492063491
9088,75.2511578144078
41571,51.85416738816737
36737,77.42258333333334
96071,72.9221944212899
6855,59.854462301587326
25050,36.188811507936514
88332,38.34106150793651
33236,66.75734523809524
66177,32.19271764346765
57124,55.61687450049949
29684,59.04643223443224
27781,32.16887987012987
94289,68.83433333333335
51678,45.00058134920633
28871,9.187275974025976
66653,44.38771699134199
59176,56.645017857142854
86393,46.277378607503614
32146,58.25574783549783
50106,70.51981746031747
96398,67.22372222222221
59111,67.1120827922078
25723,27.83753769841269
93601,69.75741880341883
50394,60.26458333333332
18815,65.34467063492062
62991,72.8625696532999
102079,28.895119047619048
75541,47.858148809523826
70746,69.62260338345864
39109,61.567240079365085
39948,61.2187400793651
22222,36.16683712121213
19264,78.55107142857143
45396,43.658602827727854
5105,23.372831168831166
49850,56.854029401154406
42450,47.65790460927961
91844,70.38048701298702
69590,41.50454004329004
40669,59.291929112554115
75645,30.138585137085144
59608,34.467943722943716
4716,58.11873286435785
62704,42.28349145299146
99458,43.527700396825395
66562,83.82641926325972
13006,69.27344256642051
44071,33.853819749694765
18298,68.97240231092438
3076,52.40574603174601
60206,54.81632413419915
12021,43.898117063492066
40935,72.95861706349207
44377,50.250393981018966
68523,61.01383333333334
82295,70.71103968253969
25764,60.575210317460325
17385,59.93169498556998
70606,71.95071345029238
58352,41.56733441558442
21757,61.00413888888889
26190,34.76844877344879
28308,70.18302218614718
96838,48.47547420634921
64172,36.90127380952383
30434,31.79067857142856
61307,31.76548412698412
28821,66.68213690476189
81867,27.998200549450548
32586,57.60565548340549
53811,23.71050505050506
50115,75.98633928571428
55223,48.90182432844933
14583,42.449890873015875
74044,60.940287931366875
95754,29.982402056277063
95422,74.38069300144302
62990,42.982966269841285
43590,51.164033730158714
55593,46.19534859584858
88645,58.56383134920636
50954,28.739769024276374
36783,62.22020198412697
61953,64.06720421245423
42187,43.64250126262627
21038,55.61114335664335
4515,73.08122893772892
1430,72.166947996448
100333,55.3578115079365
82466,46.24732142857141
54382,45.06567658730157
65762,71.88394696969698
74826,57.866453781512604
41936,49.70685804473305
48304,42.88402579365079
19129,34.652202380952374
18332,83.59797023809523
25660,67.61940525405967
12195,40.31007196969697
3765,37.92352777777778
1459,46.03622619047622
59228,56.93048591686092
76850,75.68296212121211
57655,49.04316269841268
31641,32.81233012820513
74057,34.63731331168831
100507,61.5806782106782
1928,54.310829365079364
54030,49.57770526695529
46604,26.531246933621937
83444,76.19270833333331
25648,46.31346230158729
54377,42.25858513708513
30340,65.10466022917569
12957,47.506520757020745
56673,52.58041116522365
36690,42.647330447330475
92396,44.94468813131314
99285,35.03550775613276
26496,68.03548809523811
83367,27.20351388888889
73273,55.05852182539682
20082,44.58145238095238
93704,43.90253174603175
67260,27.932758241758247
87205,63.662638888888885
72689,37.18374404761904
68459,46.557887896825385
72321,56.76170436507937
17660,44.48305753968255
98317,55.27442478354978
83780,46.60537373737373
54107,38.98282395382396
73175,36.796827380952394
45045,49.576307387057376
73577,70.73443452380951
64408,35.27681538600289
49683,53.09387932900433
43376,72.066375
60038,43.08460317460316
35359,77.23216397053237
79532,56.134072510822506
70816,45.16580122655123
24649,46.69651992615226
8084,41.54205591630593
102364,52.94125396825397
94023,23.526095238095227
95390,57.29029761904762
21613,37.90923809523811
66599,33.03895851370852
5540,38.122828643578636
34423,38.81533531746031
77056,62.124851262626265
2707,59.17826190476188
102659,41.61604635642135
65037,42.67755357142857
57796,41.44827489177488
59689,61.28232178932177
24690,23.59785744810745
21115,65.18516919191917
36173,76.75566666666667
4652,68.35937500000001
32407,64.18176388888888
32861,60.319471681096694
89179,51.91178769841271
92167,80.31346994868542
5423,48.273712481962484
97395,78.38012499999999
22118,58.68547438672437
40809,58.83509979318067
48299,47.71818650793651
32304,43.45876821789322
66553,45.58410912698413
42161,66.1181810966811
46126,62.09874945887447
68156,63.31486298131692
80394,37.562759920634925
83543,60.30026587301588
42093,61.959310202869034
86210,44.92502182539682
22289,53.1147876984127
36992,30.25940476190475
67854,22.688994047619047
33737,37.00438564213564
27207,42.893131132756146
92805,72.99385714285714
23989,65.03179202741703
92482,43.381605339105334
52676,54.188505799755774
64580,64.24126704545456
49343,75.72592543077837
58855,54.63508333333331
66443,57.74069683094684
94656,58.353109126984116
73822,49.33031042568543
44358,43.958331349206354
86786,42.91458333333335
76481,52.01113293650794
15188,45.99273137973139
38559,71.93108333333333
22812,73.0240818070818
73017,59.765993145743124
76167,56.388971509971526
39061,56.57568831168832
18656,44.850724206349206
23427,34.416710317460314
94742,39.201827020202025
4989,55.65090458152957
97063,45.549333333333344
72587,45.92682810245308
62037,69.63000000000001
74893,33.15589682539681
71722,49.30775793650793
31586,65.93409307359308
93086,38.604269841269826
52631,35.63624440836941
29106,55.64115476190475
20655,51.233113275613285
48437,38.25614285714287
93903,45.36889239926741
81457,67.46470634920635
38375,31.740936341436335
15471,65.56859772172271
12623,54.893416847041834
24059,39.57173992673993
69014,41.20662806637806
51390,38.023932539682534
97667,72.22122252747253
26725,55.78902777777778
56230,69.54228625541126
12302,47.37736868686868
88554,43.129919413919424
4380,51.3777023809524
2598,57.34335714285715
99076,47.47188293650795
50753,87.65108333333332
77877,32.39774404761906
69497,37.65098701298701
13882,69.98126984126984
74288,52.988496753246764
89708,39.28257377344876
6844,46.303386904761894
31882,38.89280375180375
59550,60.368303571428584
65373,36.64858387445888
90068,55.36311453823954
70175,31.569052045177042
93682,50.5547012987013
72717,46.96530266955268
58438,70.19631709956708
80653,39.57863095238096
22785,58.48648196248194
97419,53.06717316017314
97608,43.97829483016982
72177,29.06038546176046
80612,39.339244408369424
42297,29.669725801975797
50096,72.64802543290044
92250,58.31427380952382
43502,41.52964375901875
75143,26.69364010989009
2747,59.27819613719615
80839,46.08486706349206
44139,70.94145833333333
49352,84.80829761904762
23316,66.13770725108225
20925,46.03099044011543
44498,75.9963579114829
23211,41.02294246031745
82179,68.46509722222223
42062,49.178472943722966
9014,44.729485569985584
53485,68.35753281440785
150,73.18384341475519
44804,33.817015873015876
47364,43.623965367965354
11571,37.16035714285716
85892,41.60146590909091
61889,29.85377182539682
52705,37.49921807359308
476,37.23428823953825
67692,59.15363636363636
62912,51.43927373525169
29570,28.97880753968253
87156,53.54896897546895
27445,37.25642027417027
1738,53.215547619047626
80052,82.9375
92094,46.67440277777778
42038,67.8757746449457
92677,33.81105876068376
75492,56.807259199134194
85171,57.74632570207571
52274,68.99326333367355
48538,43.199726190476206
80307,74.54756547619048
102026,54.93083696858697
34454,39.823897893772894
66861,50.004803571428546
30,44.475905483405484
38169,12.619847943722942
889,43.40782936507937
25480,53.814916888666886
80078,45.48176767676767
86439,57.71523888888889
6735,66.00202380952379
61612,49.69212676212678
69448,32.75984027777778
98414,76.56069751082251
52343,43.899541847041846
14129,46.927871794871805
35950,66.56550396825396
41056,39.25866576479075
80464,44.77833369408369
56875,32.47140097402599
17571,52.22312103174604
7535,39.17496897546896
43890,81.66448341473343
40415,77.38017316017316
97743,42.43798953823954
19595,34.21314506151742
19881,62.12519215506716
98872,71.8800231810673
84553,82.0
93977,73.88033547008548
73793,46.08598214285712
56861,63.60670039682539
28532,55.87498351648352
70128,46.733049603174614
57815,32.996682539682546
76133,80.2733897981187
64099,44.443700757575755
99628,69.63309981684982
778,50.4523308080808
57219,54.39198538961038
99014,61.688321428571435
88729,51.188206349206354
88659,58.53043711843713
101043,36.5925
90847,45.240966269841245
83139,24.586771825396823
77258,42.478418650793664
53614,80.9393988095238
37311,46.596446428571426
49258,42.656876984127
35957,39.93614865689865
47179,43.20769444444444
95509,63.573482142857145
79102,45.52268269271577
44660,38.88256798245615
68197,66.34415476190478
44137,77.0685576923077
35753,48.92170797258297
63914,72.45090439829782
20460,64.33779166666667
23923,46.809920135420136
63097,37.78948611111112
46820,67.91153571428572
69524,24.44768055555557
42794,39.09615079365081
15059,42.51074358974359
17742,80.80735714285714
88703,52.40614285714284
40515,30.645238095238096
39266,59.953477994227995
82599,39.19762031024531
95742,71.06190097402597
89776,62.2518269230769
40267,79.60747619047618
77923,40.71917857142857
85427,60.63737896825396
880,33.91681655844156
8060,60.98772222222223
43238,50.39721951659451
18550,73.67051893939393
54894,31.810055153180155
100157,42.52234325396826
5804,52.34028769841267
76629,57.4289126984127
90088,72.46580357142857
29236,57.639440476190494
13224,45.409638888888864
84270,52.164326839826835
31466,35.94793055555554
68788,81.03563905375673
96420,45.893623015873025
59255,26.059891233766244
55827,43.94512698412699
24029,98.14233333333334
100956,50.456423881673885
54427,71.29221302308801
53909,46.675595057720045
42891,67.17671049783553
72170,51.62876190476192
47638,76.72804166666666
8877,63.0214503968254
97489,40.73597889610391
49355,58.83881060606061
54592,70.45534262551173
5318,39.41210515873016
15391,35.09027254689755
2717,43.325277777777785
6869,37.50090079365078
5912,43.78626633089133
25428,28.373299603174598
80190,40.782453463203474
67017,48.23533134920633
42631,55.50141872016873
61163,48.17512698412701
80111,66.09718975468975
91385,52.34173117731942
20772,34.89727597402596
58498,75.58730357142858
30544,75.95214285714286
76788,37.29495075757577
92338,66.39911507936507
21175,45.96500523088022
53343,67.08489844877346
97270,42.86944047619047
97227,52.0835746753247
101411,55.681793109668114
30431,72.7638492063492
43062,51.47365602453102
14449,32.886966269841274
85824,32.51524361749361
56334,74.05808429118774
58213,40.82608333333333
19976,61.74613509448071
87135,33.45841865079363
85897,76.65798232323233
59711,68.79952631578948
70265,40.314736111111124
88007,38.33072817460315
51805,35.0939270647653
28252,66.38405627705629
26686,64.60398412698412
39121,36.051311507936504
14728,28.27888347763348
125,43.65050793650795
80327,67.64626190476191
63428,63.23725
60302,41.47099007936507
18170,46.20471832334333
39389,83.97922344322346
85716,53.57396307858808
9984,67.08100595238096
68769,39.04456944444445
50982,38.05578914141414
33094,52.05467875180373
77837,68.78721245421247
11107,81.0241923076923
53882,45.105995310245326
69512,24.17905627705629
37619,51.29644609557107
70479,52.82625829725829
1739,32.03197023809523
100303,40.48479777167277
47812,73.99116025641025
10657,66.2515873015873
101515,57.67314256576758
81687,52.250827380952366
60637,53.233534951159946
31846,34.6975744949495
20747,36.982521825396816
16249,32.04974383949384
95377,76.88326677489178
940,34.5312702020202
69302,49.60017406204907
85793,40.15931150793651
7247,71.12833333333333
36958,49.66507341269841
44967,55.839854437229434
37007,65.69493677156176
18635,64.19142532467531
36322,45.90206222943723
100134,34.77206944444444
29430,50.515945165945176
42879,24.673407828282826
54202,28.627809523809525
58557,69.03828571428572
41780,55.970376984126986
54626,69.89593892820285
14918,51.21524614845939
76860,70.36208225108226
68201,34.75596031746032
97616,41.51911994949495
37071,36.13324801587301
67601,69.90558178534572
59341,61.339810425685435
88120,42.407187590187604
28331,38.56089790764791
86381,58.18140476190478
52290,31.535863095238092
66944,29.94609523809525
77736,43.21666233766235
75609,59.88731944444443
7035,39.891378968253974
25105,34.168968253968266
91122,71.33061652236653
97053,36.394821608946614
64986,67.6723151848152
49832,45.03501388888889
38339,17.676843087468093
92956,29.484626984126972
76778,43.39996031746033
100934,42.221882173382184
41113,48.333612012987004
669,73.75591666666668
94979,35.06019660894662
4492,71.18876524455936
82779,47.79929166666666
4034,14.871769168331673
46072,64.80348024198024
76011,39.5944503968254
12978,54.99614718614719
98224,85.87958333333334
57875,39.424702903091045
68982,29.7294365079365
91543,34.34983531746032
53804,51.33455357142855
9066,33.779370670995675
70453,50.95829373404374
36907,44.65499404761905
45197,58.40981493506493
45587,97.679
91356,62.258801587301576
92198,48.91529365079366
29759,63.69376190476191
43113,21.888480158730168
56762,57.00359649122807
39147,75.15650000000001
5613,42.83780501443
59980,46.864507936507934
61157,36.414042027417025
34444,40.170053571428554
84754,42.07041576479076
43448,64.27584325396825
100621,45.9831571067821
48790,42.278353535353524
102323,52.38701785714287
71543,39.017291666666665
19912,71.20461172161173
21283,29.125083333333336
96115,65.35696825396823
66872,42.15721067821067
27668,81.16645833333332
87480,51.75840674603173
89686,33.32556962481962
54850,44.438494047619045
44490,54.21814087301587
68082,58.19864790764792
65871,71.12347741366128
89116,33.44146031746031
62166,47.12767694805192
62967,39.479346139971156
59193,32.14168055555555
97890,66.70672634310137
71681,66.98968452380953
74876,36.56040107115106
62213,50.817138888888884
78818,49.17734650072151
70934,46.328448412698414
69704,67.64683333333333
71715,34.99529166666665
87806,49.97420761183261
44540,78.79816666666666
56360,34.48265445665445
36047,81.26302061225671
49543,60.50542124542123
89318,30.448108766233776
38746,71.7921451048951
14119,24.73028373015873
30744,53.958607142857126
44178,44.09903693528694
70509,40.16060912698413
34568,59.366687590187595
37604,25.827004870129848
15076,41.91536309523812
244,61.340625
16931,32.36816269841271
90241,57.96241369047617
19277,36.83073737373737
29485,39.21493452380952
66083,56.31075000000001
2515,79.432
81376,49.255571428571436
57668,37.13944246031747
66786,68.7575622808564
39498,48.71047420634921
7305,72.49229064039409
58335,46.46558531746031
76,53.45133432539682
93313,74.98768333333334
55397,33.185972041847045
35174,38.82077687590186
58536,42.53672420634925
10442,36.98151443001443
10551,62.334737364243956
69726,49.07215602453104
90341,45.824117063492075
74882,30.446232142857138
80332,29.771337301587305
88365,42.089002705627706
68458,69.93916666666667
54844,48.40158134920634
90736,34.12825829725829
25998,41.36434523809524
33610,51.4359226190476
3041,57.41114015151516
9192,81.84338095238095
68120,53.76117857142857
45842,27.077871031746028
66853,66.63149242424241
43840,43.19976605339106
54983,51.88268272005771
88852,55.91712716450215
34058,66.03565760869566
65728,64.38997564935065
48845,51.0813106060606
46414,60.67487499999999
50474,45.26341300366299
13980,59.78794642857143
23883,53.50746428571429
26865,73.64294540229885
2228,46.66411309523808
85101,63.14014087301588
44830,43.956761395467275
24992,46.08004689754688
2688,60.80024327061828
100868,73.78625
2433,55.34152976190476
29633,73.25304761904762
50386,81.95833333333334
9617,62.11440476190477
31560,17.249672077922078
39961,85.3898253968254
79485,56.8148849206349
28897,52.43429748029748
80463,41.06283440170941
32604,54.63164610389613
62078,68.17099603174603
11466,49.760801587301586
63473,27.195932678432687
42270,42.75960840548341
73809,51.466241452991454
91917,47.30315061327562
28613,36.80060769785771
28299,55.866824314574345
10734,67.67500883838383
55486,54.06293055555553
39632,37.04688347763346
69106,40.84601641414142
22247,40.76450703463202
88200,68.00047015402897
31305,50.57976046176045
102470,26.756454365079367
88408,51.00620548895549
63712,46.63955753968253
3066,61.41249404761905
29131,74.36541071428572
44132,69.03328431372549
13245,40.907795634920625
73842,40.60000703463204
25493,51.28693253968257
87949,66.76734523809525
86009,50.16065079365078
85787,70.615
68366,62.46189772727273
469,76.47910714285713
27583,23.990765512265522
20494,38.93139285714285
44436,37.32563293650793
89870,41.80820995670995
12970,47.34338888888888
84187,47.63383225108226
66115,53.33718757631258
65749,79.57914880952382
53046,39.68940476190478
75584,54.48813149350651
49460,48.195081043956016
91711,52.47945725108225
83766,71.68323366013072
6871,66.67440476190477
55683,74.15980211747316
64678,62.30239718614719
38076,35.07105321067822
346,28.41679960317461
32678,54.19270728291317
73578,41.83465097402596
73332,46.26233928571427
44525,38.17451172438674
22462,78.1275
5917,56.89585839598997
49626,35.20609965034965
93978,82.33801190476191
95990,46.33283845321348
6540,56.39543650793648
19433,41.45084830447331
80544,36.93355573593074
79960,46.135214466089465
49954,60.4251726190476
18319,41.65941269841269
12942,68.48019209956709
31496,24.853255952380945
40116,79.85179816017316
6210,24.097391414141413
64969,42.0283060966811
4248,63.841172619047626
1273,48.68426587301588
3324,54.782984890109894
5731,36.06164249639251
67934,77.644123015873
61410,56.57523611111112
98122,73.4198908730159
25416,34.880128968253985
31264,29.71008928571428
77362,43.16022510822511
88331,48.595255952380946
25473,81.28794696969697
8326,59.71707280219779
13530,57.68030230880232
60322,62.86219678932181
2926,48.08104722222222
26202,39.561393037518044
56214,74.67652716727716
58363,54.884744824016565
76678,53.62574999999996
49839,42.5547729076479
33178,53.98848466810967
77149,45.50834722222221
71834,61.81370833333333
6939,46.017926531801514
75562,50.03542826617827
5297,63.682187950937916
17299,69.64796428571427
38367,59.61448901098902
97170,12.044805194805194
31250,33.23758719715956
76943,15.417731421356423
99791,35.390291666666656
100626,38.700029761904766
37654,71.77091666666666
87130,72.114375
90441,57.43347984544698
24469,77.45151190476192
86876,72.55021031746031
38969,38.24371302308802
98547,38.141552669552674
57356,61.50011706349207
76052,48.91774251443001
11760,56.333107004106985
70555,70.26378571428572
52636,45.71884415584415
65557,35.28627813852815
100650,37.47272943722941
37269,39.87956962481963
55581,75.98329411764706
86855,41.014877819548886
30080,52.410099206349216
20562,36.748967352092365
24255,34.27969137806638
19941,36.2856369047619
92519,30.337668290043275
77120,56.59077417027418
11833,42.515411630036624
75544,46.728095238095236
29561,68.83463095238096
52816,58.16600865800868
6873,40.80741937229436
53419,96.23933333333332
27454,58.388337301587306
76500,71.50214285714286
19035,50.29939682539686
84034,59.6848115079365
68252,63.515440809190814
6227,33.80077762515261
4484,33.33081746031744
80183,47.79450883838383
79001,72.65448809523811
92905,44.28679166666665
18687,58.581083333333346
31664,33.964191057188415
6993,42.23550396825397
56052,53.011713023088014
100703,39.49776785714286
41245,34.94942063492065
16941,69.01877976190477
67226,72.10053968253968
43458,68.94914296814297
84578,66.81550470907568
89049,49.33559866522367
13947,46.70660714285713
60021,38.778851190476196
8753,56.67500396825397
83448,29.929883838383834
45686,44.38882761682762
7683,40.19445057720057
8182,60.46812463924962
78043,45.065549353424366
37109,72.69987698412699
93407,74.11804932786512
7227,32.18589375901875
33961,44.94733730158731
64976,52.44715476190475
57376,34.51433820346321
85241,34.183741369741384
71899,32.34818253968255
44359,47.97092825230324
47860,34.82610475635476
89404,64.48336634199136
31750,52.060459325396806
74076,32.27135750360751
35178,71.59540883740883
55137,39.19449042950515
86829,48.37355627705628
3687,39.594279761904765
85538,46.77368885281381
87043,36.1055099206349
19706,43.778946428571444
66945,33.54465478477921
51849,65.86462283549785
22827,67.83293867243867
96578,54.856541666666665
93604,32.415996031746026
40074,52.98731565656564
75096,54.33853174603171
46737,63.85237499999998
67303,52.98082913165267
9639,56.9974060150376
55367,39.675492965367965
6070,37.87600396825398
93933,33.7019406010656
33732,57.30367460317461
41564,47.79857792207792
34027,46.3827142857143
11218,70.18021031746032
1763,75.34555357142857
98913,49.75779996392495
33907,52.76233152958153
85179,80.85610393772895
52378,71.30666666666667
86694,51.83623809523809
45936,56.751542919799505
68986,85.73863095238096
38038,79.92211441798946
91644,44.716071969696976
39338,36.28923935786436
64539,66.42496778711485
80089,69.79198412698412
50555,41.2989227994228
19090,74.01851190476192
99020,30.66333423520923
22182,63.35360792606515
85130,34.86180627705628
73528,40.10320436507936
98352,55.53352020202016
4442,40.10656475468975
96649,68.49298214285713
90518,36.82169967532467
23264,47.455417929292935
44714,33.841646825396836
18978,68.74116071428571
27677,73.19001406926408
39469,66.1009375
33257,42.389066072816064
17860,78.97232371794871
9644,31.177711038961046
20556,70.30478084415586
65520,74.8800119047619
53673,63.758313492063515
42293,47.97098484848486
10411,57.65835418747918
33543,53.95516522366522
58869,41.605652777777784
78644,71.32225
29103,71.62010998964803
67949,31.093712301587303
11286,33.75648971861474
82616,51.07933973665224
63171,59.98411706349208
57280,33.26903769841269
55348,33.41250414862914
41709,40.673382575757564
20085,59.89075270562768
18190,66.75966541353382
80315,26.812673340548354
4409,66.62746428571431
92177,50.92872420634921
28489,44.584657287157306
69250,35.14998102014085
66805,45.29036796536795
102289,64.51399232118068
15680,38.77516269841269
43475,56.57410389610391
66023,65.5219484126984
1058,35.88213437950938
61993,43.55621753246753
56859,62.28602521008403
99499,63.15608735708735
23657,70.04209967320261
66921,65.13477579365077
16900,39.88305328005327
98102,56.458394841269836
29647,29.79216305916306
15010,28.570659271284267
91800,64.41779761904762
46578,56.08886742424244
70728,49.729216630591615
97213,40.33328571428572
95567,42.03737716450217
3385,85.11408333333333
59073,23.650400793650796
96042,55.87638690476187
14985,44.335655303030286
16512,47.746777597402605
1659,41.4813859710551
43925,67.10264682539683
70696,35.54144841269841
23916,40.53562556887556
21662,64.1010340909091
4630,47.83098611111109
23348,70.927271978022
7722,67.3525396825397
95950,45.88147673160174
90283,75.19877867965369
23100,50.936140873015844
100608,42.42495337301588
41210,56.344630952380946
75864,40.95530753968255
14705,42.80362139249638
65664,55.748388888888904
9048,31.63968254917595
23323,65.59548809523808
26281,46.587283730158724
28678,74.33531547619049
19425,48.88210714285714
73612,84.2996488095238
88014,44.459093434343465
90204,52.331363247863244
50820,52.9107400793651
92023,61.690966269841276
40972,67.87885819327731
47770,34.99512301587301
21265,50.480142857142845
56590,58.44540927128427
14579,40.60238041125542
8580,91.68894660894661
84866,68.2350744631186
24007,56.128361111111104
95724,64.74854563492065
67551,36.47950992063492
39364,50.91828968253972
37897,36.75021861471861
19498,30.226880411255408
54259,47.45489682539684
32338,63.037707327802906
85128,59.77708134920635
66350,58.81449206349206
93257,86.0
35051,54.49217857142856
101414,30.063601190476188
69276,68.99757918552037
14068,71.6844523809524
70676,33.91144751082251
72616,49.925166847041844
38234,60.40949080086582
6929,48.65405284992784
36000,29.935086580086594
77310,59.03133297258296
29409,43.868340097402594
76204,56.13472853535353
93121,48.03846428571429
46346,54.14949228549228
76348,33.40906746031746
36243,38.346037545787546
83302,64.47473593073593
19220,33.532321248196254
55490,38.905750000000005
67811,64.67333333333333
26639,72.23249007936508
65094,67.00683333333335
10343,50.204150613275615
67723,44.65798214285713
11223,69.27211210719105
78596,41.77214105339106
13209,76.3064935897436
102463,45.26154473304473
23594,52.540549603174576
50434,40.79884000721501
42115,25.815115079365082
78045,33.5865753968254
90788,65.39010714285715
86261,58.680892857142865
32887,41.054854617604605
20013,66.2607757936508
96333,68.90312896825395
87353,35.89581349206348
84741,69.21840025252526
65287,36.48560714285715
8590,44.74275396825397
78664,72.36894715007216
23307,81.96966666666667
34186,52.706633458646614
74137,76.54494444444444
52391,64.21894957819958
46809,56.94492658730159
96158,42.86831417193916
15215,59.48173033910533
62775,65.96647222222222
82671,30.84836273448773
25858,72.54779743867245
96360,70.41191758241757
39196,35.02997727272728
51787,36.792875
47612,46.284279040404044
10906,28.927079184704183
97989,37.05664051226549
90757,58.22263293650795
63889,32.58720887445885
100763,41.09729960317461
99252,46.97235633116884
14180,56.85778932178931
45972,43.591191919191914
20398,76.05220238095238
50208,78.0
19049,70.53821855921855
25110,35.63996942640692
72928,74.63872619047619
37595,53.238298881673906
47353,73.15270634920634
34604,28.93725793650793
43091,61.18971428571429
63954,44.528371031746026
59122,32.96081024531024
41081,31.178827380952374
23679,59.96103968253968
49140,52.92901785714285
24953,42.505452380952384
24332,50.22980284992784
89451,81.46577380952381
36854,23.43668650793651
69234,60.12973949579831
83920,26.557735750360763
69977,41.468126984126975
56983,52.9777617243867
85380,67.00456746031746
54131,72.2590871212121
49718,81.27217857142858
73085,62.436569250194246
63319,42.48528968253969
81729,31.40518614718615
7532,72.92691695804196
31058,57.689736111111124
50002,65.16283333333332
64502,42.846351010101024
15707,54.51729166666668
78362,53.93415476190477
42475,55.64799747474747
80506,42.75454978354979
85641,55.27486172161172
97472,29.818901695526698
97039,46.11490949328449
84985,55.93140873015876
78426,62.841247041847055
89766,42.38795634920635
30036,56.49924145299145
14530,35.234679126429135
66328,33.20617947330446
38655,47.96629707792209
23415,65.51809325396826
53986,63.053845238095235
80149,59.98658279220779
85794,47.20271392496393
46385,47.169181457431435
26418,67.69389599779305
69806,50.29453535353536
55617,48.518214285714265
40601,26.487077380952396
81932,50.687930555555525
51577,45.264004870129874
44730,53.451521825396824
100267,32.314996947496944
4646,49.65817658730159
45999,56.127012721755364
62642,82.69594267606031
17438,41.03299080086581
97205,39.09472817460317
40355,36.586855533355546
16429,76.36913095238096
85696,57.57426695526696
8126,46.05800595238095
2759,83.27061904761904
19969,70.54916865079366
80792,64.84140440115439
22166,59.005192640692606
14839,74.06540389961344
98325,59.16468301143303
57799,54.92375074925075
33857,50.084143217893214
63132,29.739776848151852
41582,57.27198124098124
19795,66.09837896825398
45037,56.36519877344877
27997,62.66764808802308
44138,25.20021318958819
82106,80.23511749346193
13626,66.00829365079363
13806,40.679570665445674
80718,77.1595979020979
76825,27.03908766233767
1504,68.69369047619048
75420,43.248860028860044
55686,55.50325
35444,60.3241893939394
98442,62.66694246031746
83049,51.607920634920646
73409,30.724759920634938
36929,61.47104761904761
3212,64.23963744588745
16638,64.5799440836941
100115,52.158803571428564
31484,45.2044696969697
5774,53.74010137085137
35099,50.54211111111112
94855,38.83229419191919
327,63.37450871971596
100988,53.19594011544014
21432,46.13107331557331
53386,62.86682864357865
48605,44.67833333333334
13259,52.0551645021645
73673,47.33915112665114
72105,61.00003373015872
74032,43.144958333333335
62057,72.59671212121211
66190,62.10211598124098
59321,30.334931457431445
28914,48.19354274891773
7838,46.28026785714285
87608,50.45541666666662
44075,51.67988888888888
24667,68.42572222222223
90584,42.466140873015874
78773,62.565972582972584
70885,34.50802579365079
100113,32.16145833333333
29372,62.74918055555555
22631,62.5432520951271
1472,74.81333333333333
84278,44.155778531109426
100848,46.00897619047617
97294,74.59619124481624
83333,36.7775892857143
1829,78.18306870743636
78654,70.12751388888888
11499,38.21118253968254
43038,62.62773214285717
78299,79.88817797017799
97747,52.06067536630037
12816,35.83542787767787
32821,47.88717857142855
75781,81.26358333333333
21076,62.99513982259568
10621,35.46593362193362
50696,36.11179761904763
68103,72.02833802308801
34616,70.72818900543899
36809,58.89229130591632
38160,69.38415674603173
68552,65.39970833333335
64157,59.71356242368743
95327,79.6700813940961
46534,75.85811904761906
95053,44.65502056277057
17041,52.31681277056275
47599,35.691987193362195
43788,57.61561778499277
76458,55.88660317460317
44339,47.59484523809521
90646,76.1913988095238
8434,65.55404391441894
60014,34.97363278388278
89922,65.36611507936509
89653,76.18376172683529
89606,23.810393217893225
11522,68.55057738095239
71518,47.51112500000002
80359,62.280264751552785
77600,44.9933208874459
96269,50.95386363636362
41469,46.203011904761915
68389,42.23837518037518
90393,60.2792173104673
32949,66.4927857142857
83334,36.62129563492064
26682,37.96866558441556
87888,46.06136846486847
31036,73.59573809523809
55288,84.461875
31815,49.48913943001443
23965,61.3909345238095
48693,57.47960714285714
87091,43.74489520202021
69847,48.808942460317475
74736,39.90937049062048
47234,71.6653463203463
87513,45.71710028860028
88449,34.94066035353536
34887,37.07579292929292
67843,79.36850945378151
65540,68.75870734528627
31900,56.81218584193587
16398,78.84711904761903
33450,37.75145634920636
73729,59.13062896825395
88011,66.0571049820063
32852,57.476740079365115
246,77.27114770629886
16029,42.61680591630593
21343,70.0814743997832
20528,57.085351190476196
64760,61.0544710550887
92770,66.52813041125542
46198,73.41761401098903
97818,36.81295273109243
58238,69.22108333333335
99915,56.52199152236653
89002,49.400545634920626
41962,31.673221139971144
19445,37.2803897907648
31478,46.62842352092352
73641,30.7451626984127
76975,73.85060668498168
70401,62.26597695360195
89622,61.96112698412699
28106,72.40924999999999
70333,74.3353988095238
60295,41.57153174603175
84296,37.39789466089468
14646,38.06106890331889
53147,37.668070707070704
94044,70.13626068376068
22623,62.59516666666669
39112,45.45928823953824
2294,49.17293774281273
4929,42.13059523809524
3786,67.17554166666667
21180,58.314315476190465
101782,73.70258333333334
66398,72.16506076684753
90014,38.40951785714285
40461,78.87022619047619
91034,57.088309523809514
59134,65.19035984848485
35961,42.959095238095244
18184,38.020872655122666
51823,33.346062950937956
79457,40.58254166666667
37582,34.3309734848485
93381,39.1694962121212
54948,40.622801837051846
35097,42.216190656565644
70328,64.77775559163058
101123,35.8655854978355
34416,52.43505952380952
40839,74.70597937450084
3014,44.69625559163058
91218,41.516126984127
77314,62.19698871390048
82027,62.56041666666666
48134,36.55835714285713
100757,57.16149404761907
1484,52.061394841269845
48231,41.64258080808081
40538,72.99532679738563
78526,65.93567640692642
45564,76.17898214285712
94153,37.35749999999999
3452,74.70703571428572
38522,61.50679004329004
39517,31.770664238539233
42526,64.52957341269841
46395,34.97355122655123
58781,53.954554505135384
85410,77.88813414634146
29498,40.245022005772
50826,36.36965277777778
47562,46.593869047619066
27517,37.199816197691206
50867,53.13606277056276
17588,75.67839285714285
19200,29.573442099567096
82163,61.548335317460335
63731,78.00952380952381
6668,70.47424531024531
23139,54.05591666666668
47679,69.41984949364361
95844,65.74869805194804
94717,33.89426244588745
99780,63.66462049062047
61441,71.15647492784993
96425,47.91687950937951
64749,41.24377976190476
40300,57.96833773171274
77936,63.17227182539684
3995,43.933934884559896
45412,36.897880866940085
36418,33.53840476190475
3403,46.45048214285715
98183,29.118360930735932
95063,32.004468975468974
87883,79.23542261904763
55343,49.05310479797979
58113,61.47398484848484
97200,64.09988852813852
70556,41.91527533577531
19811,47.80051264013764
94332,30.04182142857144
8178,49.30620390720391
96497,59.27926984126982
71103,33.90337103174601
76066,63.61832726703121
28591,76.01722435897436
24545,74.28871073517126
39304,33.33750656288156
71913,31.887842352092353
40620,33.928960317460316
77429,34.075535714285714
64004,44.9263253968254
60798,55.208976551226534
57282,34.418645202020194
70122,67.29078571428572
88956,72.44852973342448
41212,43.12592460317461
9589,67.8635
101251,39.55145767195767
23937,52.601891053391036
49403,48.534253968253935
55027,31.32984203296705
85232,68.08363095238096
55240,43.17475919913419
62311,43.192455697080696
82990,64.03434676434676
31207,62.052953781512585
16,73.07641774891775
92016,72.02948412698412
30029,78.22791666666667
95263,45.64870544733044
94473,36.10847601010101
57153,26.82228373015873
85500,69.95828846153846
95279,27.10476352813852
31131,66.0160718864469
81911,47.534517857142845
102548,71.75099116161616
70504,59.810119588744584
62104,32.35116432178931
67190,61.17582936507939
6709,63.87249404761905
6350,37.069473304473306
61491,33.01872040459541
9297,50.37810714285713
38804,40.445422619047605
50460,36.699607142857154
37855,73.13728571428571
92671,48.1037904040404
22460,50.85964177489177
47324,64.33757539682541
58290,80.03086964129781
36310,62.82666330891332
49873,68.213625
78657,43.36972222222221
48788,62.52543496557622
84177,59.82767857142856
67746,26.01385930735931
9155,69.72287698412698
5060,35.02610804473303
20126,54.78132864357863
19135,25.440477022977024
22528,67.34988762626264
90192,31.831013888888894
15189,50.352552128427135
88938,50.127996031746044
32889,76.86574603174604
76121,68.67133333333334
40328,55.715865079365095
78051,53.92638005050506
27471,56.10262056489263
25492,60.524090548340524
21329,60.028705808080794
20501,39.722932359307364
81527,52.81662645687645
27682,69.19594246031745
100794,65.21198376623379
48672,49.45379563492065
52261,27.271838924963927
90067,48.572442460317454
49240,31.443700091575096
67106,35.01304664779664
73080,58.83899957313927
26580,58.8689107142857
38337,70.93660606060605
87191,53.040245129870165
23684,59.16770039682538
40546,60.77071807359305
72123,34.68518452380952
85922,55.96089484126983
34439,34.54133870296371
30936,62.0288353174603
99837,63.354469017094026
47778,67.20885317460319
95497,56.61769624819627
95942,59.99466002747253
15546,52.78263113275612
75978,51.66188690476189
89627,46.90550667388165
32050,46.86172059884558
52126,42.837609126984134
25715,45.64825234487735
56513,53.513368686868695
14741,45.25694246031747
80742,80.84204572197237
97780,62.5960119047619
101665,56.13323748473749
75244,44.698869047619056
1123,57.21056150793651
1514,45.32179491341991
26557,51.79399893162394
68561,72.71447619047618
16840,29.493113553113545
87131,36.41260317460318
59791,62.57565201465202
73950,64.04204761904762
6547,61.872393217893226
79961,36.42435804473305
59914,69.57991233766235
46372,37.11104996392497
10262,47.22206944444447
39035,28.59198484848484
41688,30.661668470418466
42594,21.838217643467633
9189,41.80469047619048
14468,64.07832323232321
67641,58.140502525252515
31925,57.434539321789295
263,40.51422040459542
4247,42.40737157287157
79761,58.82606349206348
7371,38.843601010101004
5839,62.572575396825385
68913,64.92119318181818
28447,68.75734460963874
1889,39.16820802808303
4142,72.48541666666668
15012,59.34864754689757
47114,78.99888888888889
4152,44.87575198412701
74458,56.97447902097902
9512,30.97683531746033
37606,41.71305753968253
64121,63.478960317460334
74485,55.598303571428566
16272,78.19324999999999
16344,85.6877514985015
49184,46.35082738095239
1710,39.598119408369406
2627,54.78821275538187
37310,61.732623015873024
66626,46.136155122655126
37864,30.658871031746017
70541,32.693916125541115
23725,41.10409523809523
65595,59.483827922077914
55375,49.42444322344321
46564,31.844303571428576
31465,33.14270598845598
79355,47.34791666666667
62649,67.86769444444445
34077,53.1193401875902
76930,66.57191269841269
94599,50.733984307359314
13175,48.02662824675324
65418,50.272502886002876
38838,76.72964285714285
24103,53.26445833333332
44687,28.051208333333342
26919,74.65909523809523
32236,54.06409815592905
9141,44.89291648629149
4981,65.61782341269841
78545,43.22475793650795
99179,66.35243037518038
49870,81.31836788973555
44098,72.35936940836939
52735,16.74963492063492
58738,79.26780952380953
92386,54.36387031024531
95691,62.94044047619047
8906,75.96810714285715
51338,53.265669372294376
23045,54.76024206349204
67402,34.130049603174605
50293,40.420943001443014
9054,51.89582792207793
54233,80.51342857142856
16960,58.17730357142855
93607,59.020765040515045
67972,78.47492857142858
43259,28.54220472582971
38068,52.72482936507938
69808,46.35421031746032
61632,32.43069787157287
11804,42.03497637085138
93306,53.41276807914307
47291,71.62318253968253
32284,45.04608333333334
98079,55.99551327349121
3150,48.35394895382398
5524,46.45449101921473
28859,66.08966666666667
65354,39.38675595238096
68602,40.551974206349215
27898,27.14531222943724
68365,52.08371626984127
23633,69.93661904761905
100963,67.05985714285714
8425,37.7881498917749
60893,63.14038095238094
95789,54.50607539682538
97,58.92362301587303
86928,72.46976642036125
72613,64.75645833333334
10776,41.85361255411255
32388,63.99636550369136
24025,52.87853571428572
99521,54.44290773809524
5099,51.520305097680094
64583,62.9464511183261
26909,28.39408712121212
40360,80.40187337662337
13929,79.65569444444445
48858,46.28787698412698
7123,65.10288852813854
30234,44.663714105339125
86399,48.624522727272705
52643,37.933966991342004
74138,61.305022720743324
99224,52.8005099206349
56967,44.38252380952382
52269,64.90217694805193
53836,48.301159451659466
34867,34.422162698412706
24359,54.837413239538236
50871,42.026091450216434
98922,59.48656150793649
13261,31.43694552669553
18750,27.15387680375181
36003,33.4860487012987
1563,48.86432541070043
22451,45.40948913586412
51351,53.60891630591631
16324,77.28927303523034
1615,53.046946428571445
89604,37.733676587301595
4810,57.78607124819625
11742,55.199972222222215
63179,37.37420039682541
37345,41.232753968253974
86067,44.02424945887446
52492,52.61318416305917
87730,47.379846320346324
27988,68.87338095238096
89700,26.53031222943723
59337,50.319457972582974
88305,36.97519209956709
11585,45.73712373737372
25228,42.829562950937955
47150,71.93108333333333
14982,65.0869913694965
43126,45.72137500000001
35684,37.66961616161616
18031,68.4030213585434
88547,82.98
23714,42.086826479076464
15342,57.72655119880118
17781,41.02741215728715
52220,31.133690760220166
67639,48.96410615079364
1822,44.212841991341996
14966,72.82402777777779
39046,50.05757575757575
22256,72.12192857142855
69823,74.60105906593407
57255,58.41722835497836
47880,43.92140205627706
28125,37.29084722222222
2264,28.538400793650794
12063,57.00354166666666
34165,42.82582280219779
4719,38.09558547008548
69978,40.674828643578664
14548,61.301594877344876
65226,43.662385822510835
91261,42.20713095238096
64302,75.52997467320262
29557,68.66000000000001
16157,68.02072883597884
20377,72.2544903846154
27655,25.665655122655107
44136,61.105919372294366
86763,42.09029563492065
8321,46.60972420634921
98566,63.27782359307359
96825,28.64376388888888
91132,62.370248015873024
59035,63.26997817460317
70376,52.51534981684982
101025,68.83112259816207
101201,74.52698214285714
7503,41.0296388888889
78576,77.95840476190477
78611,61.36740873015874
15006,39.65157178932179
61934,38.849994047619035
99590,44.804851190476185
38147,74.719875
82392,59.086081349206324
35281,62.68820938800621
46201,46.22001785714285
48345,38.22938417138417
18540,57.701099206349205
77899,63.27233928571429
14124,36.464527597402586
31171,61.715446067821055
35165,30.699869047619046
21918,72.38187878787878
11481,59.96686111111109
38486,44.621355158730175
72624,76.47797041847042
38100,30.9905
49323,59.43698611111112
54319,29.14080952380953
44884,54.61657600732601
65916,55.27774025974027
7498,43.04946699134197
5027,91.93314285714287
2596,31.24154949874686
86003,38.94105284992786
80818,63.5426807081807
24409,54.07074801587303
82607,42.0292323232323
75534,51.56561309523809
77749,45.019829365079346
66029,95.89299999999999
63919,87.8974761904762
70851,55.96944047619048
58121,36.552632936507955
2605,42.49753751803753
76837,62.188145285270295
98552,53.535258671883696
22633,38.822142857142836
65880,32.20149999999999
34970,39.459083333333346
66462,78.32340422077921
8128,58.238113095238084
67203,52.0269867216117
37222,44.238172619047624
83360,27.689466269841276
25462,39.450536616161614
64774,43.6510165945166
78641,46.147827380952386
17508,39.23885515873018
8990,43.314801587301574
72138,38.775034812409814
41001,37.78621951659453
17367,59.460794642857124
2998,69.4064126984127
72564,63.57239484126984
38349,36.36744913419912
53335,49.22135660173162
18488,82.00130434782608
67586,77.26225
44332,43.80580681818181
48836,80.16769047619047
91576,27.380519119769115
93797,47.61422637085136
1013,47.16851587301589
90891,48.814202561327555
96791,37.10948214285714
72004,52.48518885281386
55064,62.760897186147176
50408,54.24330880230882
30495,41.733101190476184
9474,65.80338629997452
64314,58.23577910977909
9454,33.11372023809524
62494,64.04641865079365
27541,39.7063759018759
90486,39.2159724025974
88147,37.68509956709957
3761,29.483476190476207
44180,23.29076587301587
44014,23.693479256854246
99511,40.679386183261165
8785,37.11454256854257
65594,76.82671881590632
47062,59.84901938339437
89866,75.8327844041923
17988,68.49903174603175
49292,47.36027886002888
32006,38.23472023809526
79606,66.24632341269842
1920,63.03533333333332
98757,67.36997321428571
91162,40.89753986291486
15902,37.85586111111111
84070,44.183674783549776
72389,43.54353571428572
48142,33.05854166666667
80698,69.58666865079365
4211,26.92108495670997
62328,51.891982503607494
83137,81.92498076923076
73447,67.24486347926269
22730,73.81013095238094
87009,49.12640656565656
31537,40.3598722943723
4246,34.149191919191914
38347,63.56453373015873
60865,32.83465476190476
30459,62.814780303030304
45897,47.20339682539683
42625,62.986048701298714
74801,32.5765422077922
56029,38.67227200577201
78499,34.71451388888888
19207,50.780761544011504
25171,67.42072817460317
46392,38.2033142135642
9509,44.7883257101086
50334,42.54068650793651
80422,78.21907142857144
11582,61.81528030303029
29650,49.560095057720055
1151,62.225283772599944
12052,36.012007936507956
89457,36.86651984126983
76577,41.44977254689755
46585,81.70495833333332
22331,77.5636822066822
93581,47.135422008547
101032,69.45126984126983
80329,73.22195238095237
87661,24.64643813131313
66045,76.76662499999999
65203,67.23301948051949
94306,54.47157142857141
62332,62.03897835497835
51439,48.5337945665446
91885,64.01049422799424
65176,35.50064087301585
87364,55.791314033189046
84965,41.300579365079365
57821,46.46329960317462
97355,31.28984325396825
59224,79.53046428571427
8441,70.98311904761906
28839,55.08970274170276
11182,70.40828679653679
41995,44.00857539682538
92542,64.28735912698413
29639,46.757562742812745
61659,41.18321230158729
80386,47.765202922077926
94467,57.91683333333332
30046,69.22980555555554
32047,34.7680918109668
62827,54.77192586580086
46205,43.216443181818164
43152,78.97378205128206
12655,74.45011904761905
76084,35.084144300144295
42933,47.14104725829725
77974,48.21449007936508
98105,53.91511507936511
25778,46.74540674603175
20517,32.97494841269839
75907,51.70448906648907
43582,71.22750595238095
61536,69.66651984126983
19002,70.99227272727273
99196,66.83152014652013
28729,47.89956114718612
67424,67.12525523088021
93744,41.867136100011095
28311,36.03165079365079
55711,56.17399206349205
47574,43.40426875901877
56367,58.654105339105335
58667,54.18348466810966
28814,23.03925523088023
55478,45.55861165223664
62617,50.766581349206355
76263,60.40080952380954
47321,41.96359142246642
78280,34.435189560439575
91152,72.92922020961495
30573,65.94169047619046
61176,31.74169246031746
42395,69.70453968253968
19922,58.17727626540127
72263,69.45991280451577
27357,62.172752899877906
68147,33.339537698412684
5561,65.66856944444447
59132,78.80166666666666
49993,51.224297619047604
97642,44.60008116883117
91561,16.409976370851375
8884,32.64196572871574
79925,68.27628968253968
13925,64.95844841269842
17452,52.49520916583417
51810,36.64808261183262
21701,38.86040927128428
50999,73.0336114024864
59336,53.91573549367298
89097,63.34547059884559
76000,65.55997817460316
7433,35.36755357142859
5514,32.10101785714286
79599,63.035384920634925
47887,54.97637896825395
29009,80.87733333333333
57844,65.88467370129871
25801,54.18467334054834
50341,68.93686764705882
13170,72.08646825396825
68683,75.60419013871433
4874,67.15316468253968
22690,61.297842796092816
34562,93.69145187621196
63346,70.71850366300366
3181,70.40299716949717
32950,48.9665138888889
83842,46.78693452380952
63335,74.41107142857143
41560,68.62651785714286
48573,61.78360119047618
74649,54.45783676046176
102306,40.92199404761905
83714,54.600072150072144
70905,55.530332833832844
67408,36.806871031746034
42053,75.75324618437119
98957,59.85752579365081
35783,66.23422619047618
51795,28.23904076479076
22635,55.43974523809523
87280,61.736210317460326
71762,39.88955753968253
35233,40.657184523809526
12594,41.595934884559895
85027,28.60616269841269
58871,55.892311865765805
74756,71.01916666666666
41712,14.749152236652233
28955,41.26899404761905
100377,21.754716450216446
92310,60.094446428571416
57014,59.127336309523805
19932,45.222623015873005
27482,43.26160443722944
60953,79.20733333333334
47787,39.52854162504164
92727,70.00833333333333
99327,57.516322954822975
71225,37.21894246031745
5605,50.99426587301586
86532,49.22584418359417
77614,36.543713203463206
19819,38.70637247474747
18929,39.33502579365081
7051,71.17086904761905
100479,57.267199633699626
19622,34.666082792207796
46176,77.03225396825397
29950,53.30948611111109
12749,36.133787698412696
70969,45.15044588744588
74268,66.04421302308802
23263,34.199146603396606
93710,74.48087499999998
17283,61.06326852314353
23744,78.40453571428571
31801,85.66791666666668
95179,59.561863095238095
53724,47.033928571428575
21826,45.50660714285715
87151,34.92849206349206
25970,46.8413915945166
79919,31.62575396825396
85809,84.49894991532375
64127,10.328883116883116
65452,44.56882900432901
73516,47.51718542568545
56113,35.94549567099567
25216,67.26119047619049
92878,55.60050763125764
35084,36.04751118326119
90609,46.77069751082252
69877,54.17414499389499
16200,75.01169047619048
26811,60.00804227716725
72293,50.08507479557479
12026,67.33189300976802
22052,61.2400954184704
2304,29.608869047619045
93163,43.65294222444224
85985,55.751611471861494
4970,70.94080586080585
5586,54.480249528249544
57166,36.65242063492064
30145,71.0120101010101
56456,37.14374404761904
86849,38.59963221500721
25086,82.21326785714285
16173,58.413485958485964
92803,64.53245833333331
82263,59.219766414141404
37414,34.55492261904761
93252,79.82205952380953
48725,49.38619047619046
17183,60.73936904761905
84850,45.83213329725831
15917,47.569774711399695
36578,54.271553071928075
68998,42.23581204906205
100049,32.15943217893217
29781,49.14024711399712
7795,81.45004761904762
72157,45.40344246031745
82337,31.309717352092353
35299,69.02929563492063
89501,65.54653643578644
61871,41.152468253968244
96815,69.39886832611833
82800,62.969299603174605
63905,78.96085897435897
5950,72.11053571428573
9391,52.837944444444446
48711,65.09544841269839
20225,50.65946807359306
38927,69.92052006327006
94746,81.2031111111111
91313,68.10171083959898
70502,31.889703373015863
92591,42.18095634920633
38225,39.44639880952382
453,39.236751984127
58866,32.56572601010102
101041,63.791089826839816
93898,40.82381836219336
79374,48.13858602508601
75210,40.82968253968253
27222,36.18422402597403
87565,60.45050992063489
10389,37.06409329967418
80096,77.23556547619047
60387,78.64676190476189
79320,34.63710025676937
19543,32.88825703463204
46154,71.11999404761904
9655,50.14003481240983
45680,75.71842857142856
21490,36.19626352813853
49614,70.0
32591,53.71295238095238
4990,56.05230248917749
67995,40.338776515151515
48795,37.111772546897534
74129,56.882434523809515
94012,34.81704313741815
16364,44.25764087301587
19534,71.31703742310322
102392,64.29118921356422
71660,39.44116468253967
16937,52.19339989177489
83135,54.461402777777764
93426,41.795036075036066
95586,28.719426587301584
10386,44.05057864357863
69029,32.04022023809525
69383,37.76319642857143
55108,51.31969367015099
67913,87.10108712121213
82884,61.546190476190475
4860,54.37832539682541
81795,35.1156349206349
91909,55.4404556277056
91907,77.5409642857143
17,50.92749224386723
100054,40.80967424242424
8570,37.44051208513709
23680,77.99430753968255
7561,37.864861111111125
98535,40.93446825396824
33044,71.77073809523809
57046,60.72441351540617
30262,54.83529166666667
31695,46.86419642857143
73619,38.075497710622706
52287,62.09695833333334
26679,49.69806457431458
31472,33.083578643578655
63039,32.23985804473302
18992,43.71540277777777
81153,45.53960858585859
44639,61.98082061688311
38744,41.72762103174603
11393,53.12692261904762
80032,85.03319561080474
18557,65.85825703463202
21686,68.82908694083694
7688,37.079664682539686
21796,41.870539682539665
7627,71.40352976190475
59817,51.15214664502163
82644,40.5820367965368
31274,38.94907864357864
77693,59.40194246031745
15054,70.94345238095238
64224,46.92368650793651
48924,82.27276866150187
66265,46.220089285714266
53064,53.064186507936505
25435,77.48608333333333
99771,64.5785
60312,43.26631471306471
5397,47.12316865079366
70796,38.15437572150074
6296,31.95604635642136
15143,47.263150252525236
98629,40.133460317460326
71326,54.73777862415364
23324,30.29712499999999
49285,62.3285035103785
49326,63.60998884938591
28064,60.809484848484864
53623,61.53579913632118
12456,73.3106287878788
30052,50.41431998557001
83080,79.99759523809523
21641,81.93566666666666
27859,51.134547619047616
41763,68.90848015873019
10934,75.09591742979245
50571,63.891464105339125
75921,59.646916666666655
50583,70.55922252747254
90682,44.038865981240995
96881,45.30059451659452
66260,68.4717896825397
90905,80.96748015873015
17436,38.6967380952381
18716,65.50830183705182
99698,35.90966738816738
9006,74.32434523809523
2783,66.70192261904761
83157,35.85829888167389
49475,34.64285515873016
3532,64.26427380952381
48637,76.73879166666667
3541,35.84817676767679
33531,36.30045111832611
13310,64.64551388888889
47091,41.66003571428571
29082,77.7405
15700,68.69396645021646
30942,70.76872206959708
92553,58.24129485791987
76087,50.42225541125542
87511,38.166125
82074,56.58396933621933
82883,40.36156746031745
36923,47.663744769119795
98790,43.87880212842714
37231,74.73808333333332
38875,60.90251927239427
28963,63.00427192088957
10504,42.20442424242424
45047,80.90144307278354
58575,33.56910750360749
58962,34.18560912698412
10917,31.1641111111111
59346,48.52612301587301
29348,40.28207142857145
9280,66.57603571428571
28616,60.64032016594517
92863,42.08381944444442
8015,33.86210912698411
42488,32.0258465007215
11150,31.3157638888889
48019,62.750413600288596
46393,46.97061631424131
12386,55.538053571428584
1451,74.89252339181286
92111,39.66345202020203
95813,63.18595344932844
41211,51.57469444444445
64595,28.692025432900447
11197,76.62194444444445
83430,40.074588744588745
90884,18.1643630952381
93641,30.662834956709958
21298,52.54128481240981
23852,41.816192821067816
84654,30.2775257936508
36538,77.93703457653459
54969,52.38637211399711
4400,17.009114538239533
80796,15.62034416971918
55349,61.82649314574314
79982,54.5885367965368
50349,48.69726190476192
60704,44.79670786647992
88634,43.220259379509386
18275,61.90695238095237
89349,42.57399404761904
60715,41.10613293650795
26547,32.18309523809523
23166,62.059772817460356
7042,55.200937298812306
22637,61.31707341269841
2091,38.029456654456645
41485,63.73920057720059
7904,70.17216114522734
17148,26.462226731601717
44066,78.34125
69438,42.47082233044733
35454,66.80279408581615
34976,67.99842482517482
7282,71.48951190476191
27615,31.988184523809533
67005,77.07182142857143
14930,76.83431613756612
39126,36.9416563852814
34552,72.26575
50128,73.87114610389611
86955,53.491238095238096
40991,79.39173076923078
11296,39.359387085137094
91107,43.92551984126985
95752,47.84856078643578
8146,61.17058243145743
75078,32.95911170773672
25328,62.70806953993717
27608,42.546474206349195
58921,52.837633838383816
60501,25.79091175491176
82463,44.82830555555556
91837,73.83004914529914
35122,44.6116617965368
23881,77.93428571428572
13108,76.96557643745143
38161,67.1479126984127
21814,60.988698412698426
34399,41.85764556277055
15823,43.412412518037506
64933,71.54375
40969,39.93017857142857
63807,61.90805753968255
43958,44.0379805194805
36305,62.54704960317462
32794,64.56493571993882
82398,58.76117063492064
444,63.306648809523814
48867,83.94
37935,54.45310515873014
28038,66.67965003052505
36897,65.71805294705295
34918,37.6584770923521
87746,49.28199999999999
48962,62.12720526695525
78951,36.1274075091575
8737,61.98531684981686
87971,62.44715277777778
57253,14.965539321789322
34594,51.9021011904762
61249,44.06596077533579
95911,43.79013690476189
36213,53.159970238095255
31863,69.78094065656565
38728,18.383024531024528
72792,69.35921536796538
55873,56.39534188034186
28756,40.05915764790766
49033,96.83006944444445
62451,97.90166666666666
18910,71.99923076923078
48859,80.8480476190476
99519,66.05429662698411
102236,38.871059190809184
38429,29.0815791847042
101418,72.24975893258788
25488,52.24705753968253
14038,61.07086111111111
48061,81.14457936507937
70119,46.68705465367966
64273,63.576722646548504
11917,80.98652202589807
78212,42.185440476190486
63922,20.91739448051948
65592,65.9678611111111
41065,38.02549909812411
87256,62.26782124819626
52190,81.60854545454545
77681,38.16771085858586
41761,77.05808333333333
2116,53.61084027777776
75903,67.47857641102418
28170,57.2031875715281
43833,69.62553535353535
41329,67.7259898989899
46380,81.06643509328202
61466,60.746567640692646
45487,42.24157341269843
82840,36.365305555555544
56995,47.088121031746056
4493,35.5697142857143
93315,51.677456529581534
34348,37.36904599567099
51831,75.32244047619047
91665,58.14718849206352
19562,43.157106060606054
97351,47.95783730158732
82710,51.88496663059163
88924,46.44912373737374
61034,24.214350108225116
8484,31.30581547619049
30821,43.52644047619048
12364,55.10872258297256
5303,27.582957251082238
25458,42.08158802308801
12974,41.52391086691088
48452,66.1884880952381
50528,33.092519841269855
91975,44.175385822510805
44603,36.45121825396826
60408,69.48518297062415
82448,71.98433333333334
45288,35.226837301587295
9373,61.487168883747835
101847,63.4807996031746
39694,53.78080357142858
35176,52.41096143892338
50237,65.47006288156291
84448,60.08336852036852
16058,50.62973971861473
60274,51.9278988095238
51507,48.94340945165943
22933,52.94441522366521
41515,57.16646504884002
88501,61.25981421356424
19084,40.89998881673881
81908,35.71687572150069
82130,46.29353092903829
84680,75.04874404761904
31129,56.876244588744555
89083,31.217870413899824
25809,77.4684302743109
88418,39.75191179653681
9422,63.9840625
17973,54.8444995004995
43978,73.0
36422,34.180829365079354
14599,27.29137391774891
97727,63.48697023809524
84423,39.16497619047619
25638,40.96892460317461
66951,43.92052528435618
48686,61.16088095238096
22007,73.20544642857143
2799,76.09100198412699
82774,47.51520833333334
80353,46.86946085858585
7445,71.38429202741703
45476,47.33840277777778
16580,62.78286949463582
30925,31.883621212121213
99907,73.82754761904762
51623,51.247724206349204
86470,61.95616251803749
39610,29.642405122655113
14275,52.348170634920635
102655,29.180736111111123
45555,51.2727379148629
73119,68.91051785714286
9011,34.434402777777784
89496,60.109073953823966
88481,83.98696428571428
49908,48.684494227994236
27562,65.53748201798201
79438,62.32051424963924
31527,36.932299963924976
28234,35.14864484126983
64506,62.474404761904765
95259,78.39329197994986
94365,72.46433333333333
45556,68.88435317460318
3517,79.93613553113553
65351,56.41642750305251
38432,48.54165097402596
95505,78.25885080891332
78156,68.08217460317461
77105,45.55865151515152
41266,46.03245104895106
46840,47.49602380952382
57910,44.078917832167846
41809,70.03225190781438
94533,60.61651443001443
49568,62.53577623765124
50910,71.67910714285715
30253,47.26477182539682
22158,65.50518055555557
41731,68.06557341269841
78269,42.37976443001442
75670,69.7714880952381
92816,79.86451636904762
60004,54.549220598845594
62167,73.91056746031747
73727,60.55248692973692
61954,72.27837500000001
38148,42.72297222222223
82854,44.12624786324787
62665,72.52632167546507
72875,64.0011038961039
26143,67.84617063492064
71717,59.36648946886447
76753,56.34309591797091
42182,55.91822420634923
55006,66.81632936507937
21673,44.945482142857145
87664,78.97399999999999
49244,33.18915115440116
6192,30.89061056998557
45550,41.532064935064916
42986,55.244833694083674
69886,42.60896825396827
88373,39.862501221001224
99456,81.04169642857143
14890,39.17211706349207
42054,47.11238888888888
74656,42.321444388944386
92516,41.20851406926406
42025,35.064991341991366
43557,71.69376785714286
73284,32.3912380952381
66268,74.01828314485219
9967,48.631712962962965
26105,61.571870851370825
13802,51.90830555555554
92734,41.862365079365084
88999,65.34236291486292
66461,77.54272222222221
30696,36.75694282106784
38109,61.995091450216435
64008,74.9675
98686,62.34593452380952
100867,67.43810119047619
79552,38.235056457431455
92875,60.45785768398268
24952,53.35260299422799
10578,52.58338095238095
3118,40.54484786741037
75482,36.905041666666676
63589,74.10594444444445
7876,46.21767460317459
45916,41.43386453823953
78979,69.95547438672438
7486,45.61608531746031
3729,71.90958333333333
61690,49.50633172383171
21276,68.1551984126984
32053,77.57850595238095
17792,56.50675649350648
54267,61.263209621261076
27952,53.841437950937944
82810,43.52247456709954
42104,71.99011904761906
29224,28.969740079365074
29153,40.984753968253955
3963,52.6103878066378
64356,43.26803183621932
75134,70.9525
82985,38.84496230158729
68786,38.29415169552668
88911,36.054969877344895
79267,70.79133982683982
1214,69.00692307692307
1025,65.68699116161616
19375,35.08741558441559
48548,79.49433387445887
58267,57.272026221001234
51293,69.11467771342771
8910,77.968
72526,73.22945833333333
12070,53.29864592352091
18746,39.30721645021646
46749,44.7694484126984
16889,63.024189102564094
70581,71.46681419968921
27344,71.23310948773448
36411,71.82630303030304
70199,81.42002380952381
17971,33.813674422799416
21578,61.365614538239534
9944,31.13421825396826
26148,57.864049168152114
97326,77.89946747967478
42061,42.856968559218565
83091,42.076138422035484
6518,61.55870833333333
5418,20.28898748841028
19656,44.071367243867265
3888,64.74086457986455
5102,19.857153922466434
44219,43.59363690476191
85746,42.41543055555555
80399,41.91483653846154
14925,17.368689574314576
61099,34.459541847041855
17832,46.94535678210677
73917,61.63833333333334
46253,54.70375595238097
31486,78.9625
36623,38.00623611111112
32350,74.19383333333333
101904,26.561450396825403
24055,58.819786181139136
53053,42.37426551226552
21953,46.36752844377844
80474,70.91057949482291
27141,81.90434523809523
88435,63.798051587301586
83348,71.85797294372293
87926,52.25358351370852
93274,36.13279166666668
86013,38.584914682539676
66710,62.184618437118445
39480,39.07083928571427
54961,21.640359126984137
10062,55.631532051282065
77215,27.992964466089465
24078,46.59338961038959
62640,62.64624358974359
74923,42.47163293650793
97770,61.85770761183263
8686,32.45990440115441
29897,64.36542153679653
3832,35.7809826839827
53889,38.16108333333334
79153,79.44911013986012
28908,37.97179166666666
19597,56.03755357142855
89970,47.16452579365079
69692,39.70255339105338
88970,65.28450595238095
4203,41.75184554334555
34629,53.64881349206348
78766,72.28526495726496
26499,78.16557692307691
96223,53.83258134920638
12887,54.751989177489165
86625,77.04101785714286
96498,53.631090007215
101186,69.19810782967032
59128,54.076385989011015
19096,81.2670422077922
37390,36.95856204906203
18265,81.58438095238097
20479,75.63088095238096
27942,69.85930952380953
39562,39.72556944444444
57440,46.2929246031746
88747,74.97329866032345
39651,77.55693452380953
11545,71.72800000000001
30353,37.323126082251086
24051,42.730672619047624
54758,57.08192460317462
11056,77.8397380952381
96072,76.1329642857143
90824,64.23828571428571
28186,51.26455140692643
1682,40.66700793650793
92945,56.89341468253971
49928,32.035446969696984
51245,63.53630357142859
18762,67.62262500000001
60518,69.27497023809524
22849,42.35469552669553
91279,44.786626984127
80874,41.440491536241545
64855,44.341723443223444
36844,71.80613751526252
50624,71.52483333333333
90318,70.93686507936508
22892,29.892
14957,39.36152385114885
67856,62.415856060606075
92041,33.905015873015884
95891,41.089779761904765
24430,73.00851699689197
78692,41.35226190476191
43184,33.36308243145744
49708,33.638636904761896
31585,33.44138766788767
5560,75.41690277777779
30926,45.24542063492062
35355,69.69110317460319
20448,47.40479058441559
61637,57.200751984126974
16581,51.64254365079366
21728,55.52392378454877
96641,81.69298809523809
33242,75.20662797367753
14214,47.186225649350675
19966,48.70439821289821
70229,38.35476334776334
5783,44.15380223942724
83944,40.487915840738204
4304,79.44610714285714
101526,65.56324007936507
33413,41.246679473304475
98540,46.068115079365086
24965,39.48740476190476
10961,49.91019913419912
75640,71.61157142857141
21085,72.05354365079366
59697,29.399222222222214
59807,43.8011984126984
33416,57.84233531746032
101895,46.02466244376542
45511,65.48074404761904
42559,34.7020257936508
23625,50.80917460317457
97966,71.06971657509158
79295,36.708946428571416
94008,78.8244761904762
62769,57.48819444444443
14820,54.430525793650794
77277,43.43141865079364
6377,41.40476533189034
13189,33.710047619047614
63288,64.89359523809527
34957,69.9645606060606
71168,53.97069444444443
34814,67.65853571428572
24521,39.937739163614154
98074,73.12947619047618
98926,45.27210714285714
22605,54.7799503968254
80687,77.88781959706961
52132,35.95230266955266
2152,38.64678805916307
93398,76.89933928571429
61162,32.821978174603174
35764,66.44184623015872
14719,65.54289844877344
99251,69.74548809523809
7303,42.743394841269826
41610,70.0061939033189
67973,23.49229960317461
46767,78.44644047619049
10494,55.98879040404042
56726,48.839886002886026
36001,31.053367895992903
37076,30.85368253968254
85994,53.95439553502053
91016,54.46170741758243
16634,29.787093253968237
70870,29.236371031746035
31972,39.225756132756125
4672,53.71416071428572
69729,43.159962662337655
88496,64.76891233766233
52206,42.51244990875141
33986,57.812126984127
18646,47.87375793650796
86428,52.586870490620456
38614,70.11549374236876
96226,69.42270472582973
19707,64.72061363636367
51012,41.95018849206349
52601,70.57689924046542
79836,39.52197312409813
78726,47.40459217171717
22210,62.668527701465216
71208,46.14423214285713
54075,65.80360876623376
70627,48.8693410894661
32213,53.26775595238095
90460,61.57116666666668
24090,45.67533874458874
92130,54.7647958152958
43580,69.6595395021645
26848,45.253071428571445
85966,71.86207142857141
81830,70.1625165945166
60565,59.581592171717155
45841,67.31856746031747
7621,42.55588147451962
98425,48.88973214285715
69740,48.413224927849924
31262,54.021406669719156
39080,56.8760516983017
66018,39.605393939393934
25187,69.1021646825397
12298,63.71039743589744
44727,37.79328012265512
94381,76.96008928571428
1869,33.77295624209382
11437,36.22031349206348
100992,71.16854761904759
78730,66.71257341269843
10319,73.30377976190476
22958,38.893880772005794
102680,45.76569642857141
9515,68.72487716450216
78705,29.44089357864357
22030,39.7900753968254
6878,71.22705555555557
91841,64.95347664835165
49342,68.51558134920636
92131,29.83404563492064
32989,62.01879761904762
74925,46.321437229437244
57740,65.29292712842715
98621,52.45375595238096
6767,25.953464285714286
72059,44.74441486291484
65634,44.221376526251504
62352,38.56585750360752
7529,70.69709523809526
62602,41.372228715728724
68411,67.06120634920637
82285,57.954569083694075
35675,37.441236111111095
14356,69.77214484126985
10194,47.3575128066378
31114,46.621194444444434
51122,27.058146284271285
97860,79.19477579365079
2889,66.03573412698412
52136,63.23796428571428
18372,60.59605219780221
56473,63.265771520146515
8409,70.51184821830218
78446,41.62973286435785
101202,58.49858928571427
26152,46.28271001221002
49690,48.4332996031746
62264,60.09750595238094
15297,28.234563200688193
50107,51.186073232323224
24384,65.66160195360196
98133,64.69518181818182
63840,52.423505078255104
78407,36.010434343434355
100449,60.743200216450234
38035,64.08427741702742
66819,50.770229437229425
12309,75.40414285714286
29536,79.00375
64834,52.28749981962482
47327,63.75621713250517
90063,67.71340873015873
52382,63.474818542568535
63228,51.572287698412694
59631,31.41595544733044
29984,76.16327838827839
20031,32.82408730158729
100258,63.110226190476205
59558,44.27563528138528
5184,66.98242679615706
77353,62.63663023088024
16503,41.379626984126986
57652,48.14544570707071
51924,62.36263451825952
42761,37.663362269309644
83532,40.850847582972584
32561,52.89052777777778
20896,56.02403571428571
15875,39.764867063492055
97554,52.68366666666665
101568,56.148775488400496
70743,54.82102633477635
55602,52.465795634920624
82842,55.43883531746031
32453,49.13204437229437
93981,63.93714682539681
77000,36.87250000000002
100526,76.84348886137737
81355,58.28396428571425
1338,77.1348206533963
57732,48.46938690476188
8659,47.17067277167277
58817,33.47972469197471
27938,37.93394264069265
68607,57.27293416305916
35497,73.96410349905511
102412,58.88652849927849
60458,44.88171825396826
100762,52.42228080618212
86553,34.75978617216117
2842,60.6029722222222
49519,60.24808531746033
94774,27.812424422799424
92445,58.00343993506492
7185,74.93066153364178
36888,69.4182619047619
53877,67.96538141025641
69530,46.07747619047618
95969,68.32742803030304
8571,63.887148809523815
71602,74.96027777777778
64777,37.902249639249625
15015,47.520351712614854
21914,57.85726309801309
85291,36.09131547619046
77705,59.814797979797994
100737,68.8779871933622
86602,26.295219530469527
64051,60.64556547619047
81413,41.42899891774891
50588,50.648170537795544
84740,33.66751984126983
88512,42.154634920634905
75718,79.41433333333333
65330,31.675583694083695
76463,52.72231246531246
74187,50.85095057720057
9486,73.99472222222222
63771,61.309452380952386
81244,38.33736309523809
30784,67.27475595238096
36703,43.16177976190476
30662,44.80561724386724
83748,62.75758333333334
99242,63.48466684704185
84333,39.63725914363417
10263,63.863416666666666
582,66.77622150072152
84681,39.62626082251083
16057,37.97988922188921
47458,71.75265476190476
87708,59.604349567099554
88981,60.421116161616176
29612,39.577944444444455
20632,60.94465764790767
44678,51.73716468253968
94284,75.47040505328006
40699,37.14725865800867
56903,64.88241468253969
37849,66.1670376984127
97192,40.74897023809523
2616,35.66222222222223
10512,41.737053571428575
14555,41.185994047619054
31580,28.838198593073606
92420,46.385903860028876
16699,58.538682539682526
62191,70.11428810690944
63224,53.11026569264067
76514,82.49480952380952
95508,71.35647619047617
96281,64.39055500055503
54402,74.25345375457876
62929,52.62489682539686
21507,49.05719859307358
60019,57.25838217338219
77952,53.64469101731599
70935,50.685142857142864
40689,62.984553391053375
16020,46.146051226551215
91691,32.25601388888888
3331,68.54136904761904
98158,61.58384181096682
70791,31.826222832722824
213,64.64902002164503
77491,52.72213329725829
29164,77.3651332972583
97934,45.08237453314659
25039,39.850306277056276
61217,60.323980158730166
99750,32.43368055555557
50687,29.86133928571428
33667,37.55831006493506
35001,63.52469715007212
91006,52.84039303751804
57583,37.18863005050506
10474,37.43907251082253
100158,31.84379563492065
94308,68.19691071428574
62326,72.95549999999999
55505,73.20778679653678
46435,69.45824206349205
39912,65.22749702380952
98393,59.396087301587315
35398,43.9052361111111
299,46.21793972693974
44181,46.2298795093795
45901,61.90255591630593
18606,73.44101785714287
35241,64.78047619047621
22040,58.71358241758243
82127,41.02392388167388
68758,41.35952579365079
57538,45.4761507936508
68650,65.32736904761904
34827,82.65375
101854,47.90785912698414
29386,71.58904166666667
34947,45.32555158730158
47367,93.43234052724124
54557,63.49203452103451
96699,91.05539285714285
16369,44.16933134920637
42318,72.93947474747475
14945,62.16326495726496
33612,49.69050396825395
52330,63.85582449494951
67708,46.72658928571429
89345,37.31275978188477
56010,47.60392532467533
68973,30.571636183261194
73474,34.49877146464647
68963,71.43067090548341
53142,66.54411904761905
65655,53.186416722166726
24535,35.221103174603165
38242,33.49573412698413
20492,31.91617261904761
43423,17.683845238095238
42236,63.244603896103875
56127,79.57642857142856
22662,58.24935533910532
45536,67.22400837264732
83425,57.946900793650805
69623,32.943521464646444
70273,44.6305708874459
48234,61.29287500000002
74994,43.48327579365078
13223,48.75297402597402
62761,51.85262698412699
3222,54.50769871794874
23949,75.5976845238095
78240,17.49222222222223
20392,59.6925612026862
27905,68.80265674603177
26689,54.55074765512264
78443,32.03886786824286
6103,48.76422853535354
21562,34.534934759684745
4316,59.3050595238095
96404,73.79820689655173
1759,41.014749999999985
102321,42.53675306637809
9339,46.70690646853147
34451,70.8604007936508
96338,33.96808531746032
51801,26.540331709956707
99925,33.32890873015872
47709,29.994158480408483
45522,67.49362500000001
40331,53.29496924603175
96088,32.63351190476191
33022,67.63945081307581
63263,41.58927777777779
11480,85.97541666666667
51197,60.92456349206349
60860,27.989855158730148
53744,35.22528821178821
63601,38.75254960317461
33851,78.65344047619047
73227,31.820290404040417
41246,56.73950324675323
82747,59.14087788600289
18658,39.930620726495725
62845,65.74879091986445
94526,52.32776785714286
43095,68.59739285714285
80837,68.94395238095238
57402,37.53493253968253
87200,35.310952380952386
101466,70.23580494505494
79399,73.0075
3905,68.31456004901962
97811,64.87132034632036
13518,38.39516973304473
93822,34.52718849206349
84701,54.62313492063493
29342,36.49547023809525
26777,47.36140584415584
86947,48.57559126984129
745,53.580549783549785
48733,73.06748015873016
25422,68.4753611111111
31566,44.14741666666666
8118,52.967376984126986
50392,57.60124783549784
100488,25.799795815295816
82678,43.85207918470417
78756,62.90719841269842
30161,43.913340452847805
28394,68.66743686868685
70723,57.475066489066485
67623,51.89889473026976
61700,67.54959735878157
44809,53.80526533189033
86485,70.03619444444445
90850,76.33144642857141
95652,27.6579549062049
35886,34.74166666666666
716,59.96656199356202
34149,66.32007051282051
64836,72.67933333333333
22804,74.75275108225108
51368,34.21571031746032
84943,76.57333333333334
62777,47.38150595238097
42466,77.83168055555556
56272,42.97047023809523
2361,76.42475793650792
73312,29.421189213564208
34824,42.573875360750364
80803,43.98238798701302
40912,64.32123412698412
34109,53.321462301587296
4925,26.74466305916306
16264,47.75908892496393
16893,66.18098115773115
30851,77.96239357864357
29838,38.713125
34849,45.940100829725836
21575,29.714659271284273
30920,49.51298319327731
100408,63.75995833333334
22436,39.003615259740265
6584,79.99328921568627
94453,55.73110912698413
84771,73.26758226495727
47342,49.63985912698413
54359,75.27683333333334
19773,77.14760714285714
11287,67.53644805194804
80960,40.70038722307104
21819,35.4545754107004
89601,43.14995003607504
31741,52.81440186202687
86616,66.32294606782108
96294,40.02543055555556
68352,40.913090354090365
83288,62.949712454212474
94261,50.9883106060606
83849,55.31376406926407
94062,66.49828282828283
74816,48.83454545454545
38291,39.03123214285714
27019,47.471716269841274
17226,67.87102205882354
48492,80.83325
4644,39.77550072150073
84864,66.21222569179187
8199,64.79367216117217
97686,56.16377886002886
18478,35.795013347763344
82363,48.503754745254746
35734,56.7544752886003
58571,57.76526892551893
10968,61.62014484126987
43010,35.35094047619045
20749,40.03289484126984
66549,82.60907367870779
1028,26.25166865079364
94532,48.24782936507937
66990,37.52282287157286
41921,61.89171694971694
17404,59.65912905313638
75182,64.80540140415141
92489,60.049315476190465
31452,70.42330169172934
93849,43.98614087301586
45176,67.63770558608059
22015,34.41410064935065
81024,53.45190079365082
99600,52.70337211399711
71454,62.59004536435786
58064,71.04858333333334
29043,72.62846428571429
77065,53.08793488455989
49596,38.053168290043295
84022,57.05287355699858
54048,49.20679635642137
89370,38.34788461538461
44446,36.90528571428571
64541,52.882805555555535
97405,57.19482738095239
61412,67.23441468253968
80343,33.54399837662338
56025,63.43451984126984
60369,53.46079797979799
81134,74.21266666666666
64507,35.28490367965369
62976,69.25266666666667
24751,52.690244047619025
58194,32.13297817460319
52002,85.78399999999999
25530,61.821134920634925
61221,47.4825396825397
22846,74.9955
55633,74.09036507936507
55094,70.10213365800865
87169,40.05494570707072
71340,75.41540476190475
96218,80.4036011904762
66664,61.53307037815125
84738,55.951499999999996
101747,60.874412883169455
7938,48.78143362193363
42124,31.947868506493514
31045,57.40708928571432
16240,40.342091089466074
65645,53.74168055555555
21923,77.40301190476191
38518,50.1033502886003
21705,75.2611507936508
41413,65.97111594202899
85801,72.851
96731,45.960132936507925
58220,45.77455934343435
30112,65.09843759018761
32074,35.63007251082252
94506,29.993308621933615
12714,73.47108333333334
4416,68.84235119047621
74786,20.027864898989897
36677,28.794357864357856
28994,55.65922817460319
90077,64.81588329725828
58331,32.34086111111112
45393,64.31013329798857
48080,63.59793849206347
1695,33.894557539682545
11457,68.4907916666667
96579,59.35435714285713
6560,32.69595111832612
66337,63.38225207961972
91081,46.762314393939405
26061,33.19660765623266
29804,53.636619047619064
78769,37.29291347541348
60454,31.13905537518037
25440,45.234673520923515
62031,56.4113327922078
72489,34.29942965367964
94290,77.1387123015873
35504,36.38664285714286
2680,45.591130799755796
1665,62.15793484581293
73022,71.60262075643655
32941,68.66896031746032
30476,41.96104166666667
84938,48.767271645021644
95631,51.278406746031735
95532,56.40524908424908
90919,47.369208561175654
52561,67.46911345598845
50257,46.79578571428572
59190,41.46748283660784
90210,40.91566071428572
84081,36.90703409090909
41023,48.65873484848485
95280,42.83904184704184
18615,49.45910515873015
61671,38.533503968253974
12312,74.4785394587297
28387,36.46870995670997
70485,72.0045
98302,60.07830303030303
97392,62.9115
74154,36.117812094767984
57836,35.78075937950937
10396,50.45811187423685
7721,67.23142135642135
31912,49.188363178488174
45911,63.81996329365078
69812,60.24853300865802
65406,60.06724801587302
75129,61.62018546731046
36568,73.27448214285714
82436,40.2433475274725
74012,63.540966269841256
66171,52.36774080086581
55763,51.619261904761935
77466,63.26814195526696
196,76.03054411764705
68449,56.559295634920645
8429,59.684400793650795
81458,67.8946507936508
7235,47.08940873015872
14475,59.50820100732601
73246,51.73582142857143
48227,39.26120851370851
87164,43.06752777777777
50346,48.97219877344876
39572,61.318145382395386
68063,45.80300793650794
26101,75.40673809523808
58006,77.60348809523808
19593,45.5399107142857
9828,36.4017400793651
11110,55.84029981203009
64544,34.43431222943723
13119,70.00301435406698
31598,53.83196230158732
51591,46.98746536796538
73955,75.72430664271198
51858,27.435981338106334
33204,49.59995887445889
55443,32.00414682539683
74861,67.20086507936509
77382,35.170827380952375
43467,51.832498015873014
37767,46.89651984126986
58351,41.60130357142859
41479,64.72627319657839
26550,26.695345238095232
16726,37.624123196248185
9109,44.36535714285716
90870,41.58568849206348
93392,72.40668849206348
55432,30.755045634920645
42566,64.09100000000001
699,65.57228260869567
67412,76.0124613095238
12722,56.15598412698414
81878,49.84304166666666
94431,44.894890873015854
22835,50.53750703463203
5970,59.37179906204904
65647,37.93316468253968
61127,32.99267857142856
20424,42.888442460317464
13005,69.43063507326005
59294,54.79279410866911
24888,45.80116531385283
75449,48.99303174603175
2897,59.65561904761903
76407,68.10854655067155
43531,57.603178454715234
11512,98.0
78149,64.37030459817962
19711,53.40284776334777
12645,37.018438492063495
82558,60.62923745861981
42031,58.768499999999996
6449,64.1127049062049
58720,76.47950595238095
37094,31.15845436507937
3352,79.07885714285715
70936,23.337445887445888
4214,40.336061632811614
73487,80.76632034632034
32539,37.30208424908425
27165,36.9829484126984
54932,43.34342277167275
9108,77.3665984848485
74940,71.96924937154348
8789,74.92671052631579
58095,21.64829365079363
96044,69.59312499999999
11485,52.404934981684974
70260,41.10191468253968
98176,39.18488582251083
87646,57.08428174603173
19592,27.144136002885993
57599,45.504174422799416
91812,46.224398989898994
5787,42.07805357142858
18571,58.99096646409145
56772,59.98015728715731
12044,70.0
42209,68.74291834554334
95487,40.86728373015874
35011,36.87925198412699
102326,23.551365440115443
56204,45.241084235209236
65683,50.487948412698394
67489,59.602192640692664
74794,34.338268398268404
34303,51.073847041847046
50207,59.39648809523811
3260,32.35602335164835
61701,68.68294696969697
75894,40.87801641414142
83465,47.427891955266944
44440,74.76897573260072
89950,42.807761183261164
36687,65.006081232493
90052,36.00047582972583
76786,30.720183691308677
44808,76.68737301587302
84875,34.639863095238084
30257,44.54702380952383
78821,66.7138112002377
44505,77.820375
60809,61.40276190476191
8364,47.44687427849929
64221,33.36081150793651
30063,22.889063492063492
11738,40.798873015873006
64440,48.173480339105346
56643,79.10931926406927
26454,42.28885515873015
53693,42.091831890331875
16289,65.64609677128425
92846,40.197237554112554
85266,22.780980033855034
1877,76.83220238095238
8779,45.2743973665224
67890,38.2074858891109
22952,76.16374386724388
106,50.811849206349216
13705,59.337852813852784
84492,55.5436607142857
62455,26.58717225829725
59898,72.498
57320,48.03007900432901
31358,60.08656547619047
2713,95.96715277777777
14222,64.77841408730158
12703,55.57974603174606
35401,62.8274853896104
54135,58.11016792929294
58518,32.38512319624818
9260,69.93543253968254
12322,37.35966847041847
43030,41.39355681818181
81197,44.626696608946595
56594,58.188918858918875
98088,45.65094642857143
97413,51.50582341269839
51060,40.87878840603841
35524,47.704865689865684
14433,68.37629761904762
45852,73.94613984674329
53171,67.64450198412699
87090,51.507878968253955
63325,74.10990476190476
21646,66.53744907407409
48039,65.06586843467363
13939,57.921176587301595
91442,68.84508134920635
54194,72.99842094017094
6438,68.77190705128206
44516,61.909154761904766
19120,68.87391666666666
41398,51.23794047619046
40470,67.03975216450218
98874,57.454696969696954
89665,61.52075595238094
96375,50.728934523809514
60370,72.5637527056277
48700,45.506265873015884
72884,52.07801226551227
76936,39.724204365079366
71999,56.82039901764901
49639,55.51374404761905
85317,82.54391198812746
62246,52.951648809523796
8946,48.10640692640695
56134,51.794958333333355
30398,61.15297210550886
59901,78.0844861111111
12822,34.47746031746031
61841,36.64013401875901
80009,67.63922914585416
45209,61.03212637362637
61387,44.09358348595847
32334,50.80910409035408
47350,65.73262500000001
797,69.01684722222222
44352,41.877662698412685
63959,85.93353333333333
87124,61.31621825396825
47127,56.65886507936506
28441,60.46058982683983
83857,50.28423908036407
83372,45.77599614845938
79155,73.13546428571429
50937,35.587988095238096
89516,43.14538888888891
46491,70.95325
29095,52.43765584415583
40544,60.40454761904762
24775,52.12875595238094
74037,67.89705555555557
29345,54.38944047619049
100497,35.87276190476191
27591,73.21429761904761
96268,74.49304167225476
84420,39.30464502164502
88986,65.62976190476192
12886,29.687959401709403
8860,35.73916810966811
4385,50.23734890109892
35548,80.99052631578948
17583,63.73366937229437
13419,40.6409246031746
43628,69.4195119047619
30150,35.39831206293705
31115,42.96244154456653
57814,55.14369047619047
75938,57.738188991563966
27974,62.4331408730159
5048,62.7555163476874
23894,28.81330737318238
14941,32.59058369408369
79123,99.87966666666667
76874,74.53008333333332
319,76.00996078431372
93105,69.44607817182816
30713,32.74475505050505
19105,62.99047222222222
88972,43.82340476190475
9491,31.023356060606044
99010,34.18172005772006
68008,74.69279260651629
38456,42.84591071428572
85437,71.57573214285715
90264,33.617981601731614
52617,77.94120238095238
22357,63.47246321733824
39594,69.75169047619048
43351,50.047559523809525
22162,30.16471139971142
41214,77.97252356202357
99238,72.89411940836939
96898,28.64072222222222
6611,63.245966269841276
63354,55.98826785714288
56408,61.807006805286235
13573,79.60253709796649
1550,49.40549206349205
47304,49.39814736652235
57442,36.207317460317455
2335,46.43812662337661
3191,51.66103174603176
65925,76.91816666666666
63485,54.113664682539664
23959,31.745374390521757
88364,42.19463389388389
27249,69.87923257379876
81736,47.97294949494951
37315,43.25278088578088
26874,50.17570292207792
72851,43.86554761904761
23601,64.51369612332111
88271,43.59870634920634
3246,34.15897095959595
77750,78.27123015873016
50578,31.121222222222215
11727,42.47913293650793
93298,28.10083928571427
43449,67.77260119047621
71179,59.0578492063492
10265,53.569062499999994
70637,77.04665476190478
85341,37.38853823953826
68700,61.07341071428571
15164,67.80519570707072
44798,61.402848776223784
68151,31.466160173160166
63120,69.12642261904762
91832,31.10107738095239
2414,49.058250000000015
31956,31.37327579365077
81930,65.58767316017317
13761,27.046625
45658,36.21986111111109
42752,47.94015476190477
53703,58.697574952824965
3006,47.43350595238095
35158,47.16706349206349
51981,44.66903174603176
68657,44.31698629148628
85850,68.50381259018756
102656,72.73182852965749
67767,66.68282398579568
98073,35.44990566378066
90339,33.52052525252525
44304,38.53225180375181
100907,50.95980158730157
100501,73.08433963667056
63149,37.80854779942278
92400,32.50679166666666
94312,48.114373015873014
65525,38.443661976911976
49444,62.948684523809554
7447,56.2365211038961
73804,46.06209325396827
56453,63.591365079365076
41601,41.32982738095238
35210,65.24234325396824
61357,24.673557539682548
26404,60.47666706539076
83615,32.84484523809526
27760,62.476224816849815
20340,22.919563492063492
62409,53.30043795093793
31934,71.58998015873016
34029,64.97529599567098
2046,42.177094246031736
20105,49.08884516178267
18343,57.48249007936508
12679,55.457015565317036
3151,64.02838005050506
88428,51.01020725108226
79831,27.16739880952381
20265,48.314111291486284
54629,68.58178968253968
92218,18.302382034632036
54945,46.01341478696742
99537,45.90036233211233
25499,38.97936904761906
15692,46.799977508602524
48391,66.77533333333332
48785,66.18515079365082
24779,40.11889357864357
41439,36.340715548340555
34028,39.64277922077922
34765,61.5731784188034
70999,35.66841666666669
101534,61.51536706349204
17222,32.62514303751804
60227,20.5663777056277
17639,40.40113095238095
87517,48.3071195887446
56216,48.2172752109002
28182,29.788271825396826
102432,79.0125
60241,65.79144841269841
70391,50.348659645909635
30154,59.33804365079366
69101,74.29508333333334
21433,43.328474567099555
56158,49.02252029914528
90101,44.655391233766224
101076,42.649450937950945
88709,77.985
10032,60.7077467948718
47497,75.74062500000001
3833,72.90248214285714
32363,41.40635714285716
9428,74.56716865079365
22652,33.6572896825397
21073,40.780418650793656
15440,50.6203706709957
57791,74.99934210526315
37895,60.04420436507936
69570,58.10277110389611
62080,62.49399314574313
14218,69.53677777777779
24333,78.14646078921079
64139,46.7213225108225
60005,32.840990079365085
62821,73.40630952380953
63352,63.28475839438341
91481,63.89329209679211
49189,38.502611111111115
77649,48.098318362193346
24074,69.05975
49797,63.577978174603196
6261,66.17851280663781
68632,44.68191468253967
29239,58.72236131760396
47077,53.726926406926395
14848,56.15383128103779
75644,48.411145743145745
11113,61.78427480158728
85086,56.145359432234436
61614,41.95779725829725
30269,72.6445476190476
25310,39.01740115440114
48411,68.76860606060606
94640,62.25472420634923
83779,34.1355257936508
8892,44.496860569985564
74829,65.3124033189033
70616,52.420651875901875
40959,32.101591269841265
2967,71.55588690476189
83667,28.48054310966812
14429,63.05319247419247
50590,72.20809340659339
44383,56.46463827838827
49227,62.184874278499265
87676,74.85522222222222
73690,32.45803679653681
14491,32.43239772727272
16525,48.36234704184705
67352,48.38719911521227
41176,79.34711507936508
66295,42.629978174603174
87000,36.55989790764791
10092,45.45869372294373
31052,56.72330158730158
45039,82.38199107142856
40474,55.319065476190474
13529,41.63458315295815
7518,64.77789213564215
8158,79.81125
61076,73.29811904761904
73011,63.546605519480536
56599,44.64116666666665
100657,52.82564285714288
83036,35.161910714285725
30685,31.443444444444427
3991,60.694240079365066
45554,16.693003968253965
28646,25.061833694083692
15665,60.303206349206384
58998,56.073861111111135
99809,61.44282936507936
44053,34.59271978021979
45372,41.38884740259739
26328,56.814820887445855
41579,57.27774159174159
35609,53.92286507936508
29367,78.1866130952381
81851,65.61624206349205
91446,35.52668632756133
48010,66.59542063492061
32648,47.05023214285714
65357,31.770263888888895
9701,46.797452131202114
4778,70.75202380952379
47694,38.13128427128425
32655,49.367100288600284
12263,41.903553391053386
10335,31.215981823731838
75734,70.74755835830837
40025,67.1595028860029
2915,76.58925108225108
26680,56.348786033411045
93618,48.73728986291488
27213,59.40436706349205
74028,33.66393849206348
24406,45.17701659451659
58030,63.92641773504273
91206,39.258521825396826
77507,44.0333253968254
56842,27.011670634920634
42624,42.09520436507935
54142,28.664968795093795
78098,32.27959126984127
92321,35.85176388888888
86551,34.071859126984116
43129,53.61103174603175
61737,69.07336634199135
18759,65.86388278388276
11015,25.09159433621934
84928,49.93122420634921
58173,41.90603138528139
67053,39.1264404761905
11904,57.27502777777775
66841,64.74950671550673
59652,54.87391901154401
18737,45.6981430930181
61514,45.668376984126965
54039,42.639609487734496
39091,19.545596861471875
8257,54.91238598901098
64584,43.04059913697415
57096,51.039920815295815
100491,98.56991666666667
4922,54.21711688311689
84692,36.7574384920635
84427,54.940448412698395
42689,76.30246428571428
92821,42.71422619047618
99123,39.7854365079365
11177,59.55442261904761
7774,51.59316666666667
91274,71.00698946886445
24252,20.150213369963367
90654,45.24381060606063
33541,69.50295442057943
34521,55.764033008658004
93371,60.998079212454215
87463,43.86459487734487
55514,41.580376789876794
41637,45.93547348484848
5172,53.14233676046176
14733,66.08985714285714
75254,58.575149114774106
16228,72.50033784893267
33943,34.115606962481955
74538,57.93213961038961
45335,46.3903695887446
16225,52.12512103174604
7752,42.24504960317459
39305,32.7693427128427
21262,56.50508856421357
82189,32.97816125541125
61411,62.96972619047619
4006,23.3840992063492
91357,54.05875595238097
101437,42.32552886002888
43904,46.33804816017316
67381,53.838163780663756
6932,50.3817261904762
80008,44.70884075646577
9920,79.42526046176046
70288,39.27357539682539
71838,45.375134920634935
36200,76.17276903204323
80458,73.70314835164835
43406,32.17520634920635
50754,78.87459126984126
97789,19.84108838383838
49415,47.81479816017316
31947,78.0004218975469
89594,55.924188492063486
21986,42.36973863636362
13869,42.085550324675324
42818,64.15964880952383
81669,35.5644603174603
97781,35.68933152958152
42242,59.92164795008911
63834,71.1082296580054
94223,43.58596753246754
47495,53.67284541847039
101213,57.7431388888889
10542,44.22249621212122
47036,74.29488888888888
42942,68.27470833333332
2781,61.95499837662339
71496,72.02950595238094
51644,63.559994047619035
91120,51.059583062770564
81223,32.14887806637805
39182,32.98279256854257
83725,51.35773755411259
40819,35.322737193362194
59062,53.360447871572866
75876,55.21166666666666
64260,53.86844642857143
14657,38.88625245587743
102262,44.78830104617606
12198,68.68183333333333
48034,39.715426587301586
28070,41.65259523809524
43221,53.66269390331889
52942,38.04459325396826
94977,59.82958694083695
8163,37.047444444444444
41225,79.92094841269842
83365,56.66752326839827
24015,64.001375
96172,51.051626984127
81121,60.57608125208126
40199,62.31859235209237
73581,67.23907936507939
52031,37.47973286435788
36424,73.29738095238095
55289,55.91338229825731
34479,36.73568650793652
89712,67.05014357864358
83852,80.61441666666666
69495,47.7522234848485
66393,47.17679563492064
6036,72.17903571428572
47374,71.62898088023088
931,45.77353841991342
60243,65.29530555555556
48161,68.77049084249084
64270,71.84633333333333
78468,52.94589862914863
3232,35.63277651515154
14207,76.97693893231956
34770,30.159511363636383
252,46.716084054834035
13219,59.22256385281385
13017,69.93624999999999
84370,70.39479166666668
90720,26.551581890331885
69852,51.5505505050505
5632,51.70980627705628
80508,72.69143849206348
24814,40.750389790764785
89842,58.51888401875901
43559,75.69911904761905
21621,51.419187770562786
101177,61.4418061815635
56401,68.99944444444445
88965,70.85552380952382
84745,75.52087231559291
72203,41.99446825396825
29722,64.6871894576012
39909,81.60018055555557
33459,69.77191558441558
101885,74.32735851648351
80767,31.54799909812409
12661,80.9187857142857
87942,66.23472023809524
92587,36.904711580086584
16811,33.53571554834055
63606,39.37310964035963
54842,43.239178571428575
60428,56.01164285714285
63660,44.52873015873015
41614,46.3922813852814
10020,61.28924007936508
67442,23.003916125541117
25285,68.02550000000001
21097,53.3517341269841
26603,70.9071776826115
71769,71.99625
64640,47.24212896825397
53047,58.643263053466995
77346,51.79414992646243
28046,79.93375
73801,49.39333459595959
24516,71.17763492063493
19005,49.11245075757574
78230,37.96876948051948
52023,76.33243849206352
101423,49.43093605006104
76534,48.93060088522589
4202,66.40599404761902
69309,46.99775396825398
2997,37.38063476148035
99597,33.244337662337664
13682,47.28684126984128
29389,38.86202579365078
24113,56.3272261904762
99072,52.56351731601733
47124,44.46156852869353
87577,43.883458430458425
72849,38.16707289932288
8286,34.24031547619046
101886,57.752331307581315
14391,69.18407842522976
13531,31.61094830827067
41392,35.12706349206349
93614,37.65161446886446
69944,45.53529960317458
88471,36.95588888888889
91636,55.44830952380954
94502,50.0462481962482
96569,55.71328968253969
67853,68.40737499999999
9116,47.16309920634919
55548,38.560090506715504
17717,25.50987896825397
75655,46.34640494227995
92279,45.11027922077922
12448,47.74632269119771
30560,44.4605
69787,53.0280404040404
3792,48.30967225829724
94034,72.44028327228328
57294,40.43897601010102
83794,55.24311922799423
98653,35.38101190476192
98986,41.97971825396826
17589,28.360944805194805
30018,79.78483928571428
34440,44.08881547619048
42562,50.19961020923522
17285,53.22395634920634
102185,53.597849206349196
57598,56.51069444444445
25444,40.02334126984126
84898,44.43922240259741
6612,64.54700541125541
39153,69.2523567821068
37244,84.07209145021646
99856,68.88185714285714
74579,22.685078296703296
78555,39.95717445463032
50120,60.92586974136975
24171,65.70573621553885
33076,34.7648943001443
77259,43.013999999999996
99650,63.43381313131313
33225,55.41519913419912
57186,35.74140927128427
69784,36.98527289377289
95638,36.58513257575758
55407,70.48638507326007
50631,78.684
25763,59.995097527472524
206,68.05936507936507
43013,47.737648088023086
52739,84.96729166666668
26485,30.46902579365079
19057,68.58636904761904
24299,70.48793131868132
5551,78.27114285714286
101934,42.057038961038934
59426,35.02225992063492
25470,52.91136219336217
16045,21.438198246198255
94376,69.02394841269842
14969,51.41304797979801
9250,60.710807256469025
26611,66.92664285714284
59731,83.24931944444444
69971,60.90558333333333
53250,44.417599927849935
85899,58.21181417193919
34754,49.036605158730154
42718,35.64006547619048
34925,38.78709126984127
7399,40.74981746031745
90273,59.45888437950939
17059,48.186769841269864
74181,70.52629184704183
35751,53.46436183261183
66856,39.52626641414142
9272,68.26149963924965
48426,24.083382936507956
35846,71.75243145743147
14785,69.20021948884448
69295,44.38631547619048
68467,78.16504761904761
29357,78.85783333333333
78820,30.307940476190492
63118,57.69311706349208
31994,45.051083333333324
54343,44.26091468253968
22553,50.25820238095239
11826,46.41905862193364
82118,28.2738108974359
14517,66.85860714285714
83537,51.56964484126985
9985,49.55140674603174
53842,46.22566889483066
79512,38.395261252636246
4444,66.95332287157287
97553,36.9602003968254
87201,80.99722222222222
83509,40.192025793650785
95685,29.271232142857144
92964,61.932040945165944
99401,52.74520021645023
47822,38.731341269841266
47331,67.06113690476191
67970,41.461944444444455
29680,42.96569408369409
102147,32.77066468253968
94539,61.95338408521303
32415,38.10581944444444
82442,39.191102994228
6947,59.557519008769006
14349,60.63362108642992
64294,56.08674206349205
24893,68.97433333333333
60744,66.00566279131495
51548,67.48363340168603
13332,63.49239033189033
44662,46.25415491452992
4865,31.861989357864363
69314,50.507577020202014
50556,72.24290079365079
44915,68.68414745196327
93329,71.9425
67668,65.990855006105
12376,47.69202976190476
53065,54.062323412698426
5239,38.92177633477634
4784,42.74615404040404
55971,75.97395634920636
20511,67.34456150793652
94764,52.866474206349196
44354,72.87953048340549
90652,38.03455753968255
87636,70.53289602676735
37139,68.52272265724471
34565,34.00465476190477
10758,43.6496952075702
56665,26.884152264402257
65415,44.75413437950938
6164,72.89347466422467
97654,42.739490981241005
52375,66.41604960317459
19745,56.578262626262614
25385,71.07529631398015
36045,66.23186850649351
88193,22.012880605505607
2149,67.12826785714286
56131,40.88970634920635
59030,40.26205393217892
49210,40.833889069264075
1960,48.567204004328985
95433,25.91733134920634
57391,57.88259126984128
44457,56.4408373015873
39815,46.731815295815295
98955,50.83550080475081
61881,48.044720238095245
48595,48.30221825396825
22754,58.296036630036625
19512,45.842111111111116
69450,78.10765008336554
13216,37.430811507936525
20926,39.78069841269841
24257,67.04452741702737
13970,67.78046031746032
61508,43.34345833333334
62371,55.9005376984127
47270,50.00996428571427
74935,56.28803769841271
48984,51.276750000000014
76835,48.6987077922078
64321,56.83438834776335
9666,65.75320238095239
55792,87.0888888888889
7992,71.36349711399711
16887,59.76147222222224
80679,53.20750198412696
61339,43.23548412698412
75852,66.15450577200579
46141,38.32259126984129
18634,47.076197871572866
66449,51.24002777777778
7067,68.33111116332499
19414,28.292228896103893
63267,59.82808062770564
12301,63.84898338649654
11225,44.62598989898992
10785,73.32840476190478
27126,25.075982142857132
53664,30.441369047619045
88439,32.78988217338217
21216,52.93952633477634
67967,28.491196428571424
10451,78.00194444444445
31271,46.265188644688635
12479,31.904894641907784
47308,37.981158008658014
54739,65.30217893217893
35662,40.82694594440647
33936,58.966843004218006
26986,73.87436538461537
32032,60.051073232323226
14454,54.89197265234765
63367,40.6022518037518
916,40.511536976911955
911,48.6415235875236
73519,69.18756547619047
64819,33.35986201298702
35043,79.01926190476189
8905,44.28717947330448
62888,42.28607171994671
29766,50.688696581196574
8373,24.678149711399705
63996,63.724798160173165
49789,48.444572420634934
63373,53.024087301587315
59730,74.99012541771096
83222,47.453926587301574
41874,32.38436309523809
83259,49.583779220779235
36326,26.526557539682535
73026,71.32364387491592
92775,61.130090354090356
17643,38.89649260461761
62470,13.426184163059164
37589,57.957136544011554
33725,35.73079506604506
57766,37.836578823953815
39346,68.46132936507937
70400,68.95335515873015
27671,72.1927398989899
40697,55.66053663003664
90551,73.63829365079366
45904,93.0310476190476
43469,38.42013275613276
5772,38.0583988095238
83390,49.086500000000015
54256,42.89546649184151
47928,42.14214484126984
66750,34.520170274170276
87940,39.95144449994448
43223,63.77763095238096
91240,50.18246951659453
81078,28.375856782106794
56667,33.725591089466086
9016,66.95699977106227
49265,65.62872023809524
5111,58.113399891774904
80754,32.82299224386725
27356,61.0459566912972
47217,41.01155537518038
78751,42.76503968253965
96073,80.67683333333333
6724,63.129249708624705
53624,49.354978174603175
11773,49.89264754689755
4593,69.6289963924964
32274,81.76031944444445
72525,30.796289682539673
31080,63.03825396825397
85499,46.01353463203463
84190,37.00661111111111
30768,55.59839610389608
83584,47.70304256854254
59242,62.56145238095237
70351,62.66130934343436
92847,38.657849206349205
57150,53.11576190476193
12776,38.53825346875346
65013,27.871920995671008
72889,35.961625721500724
87825,47.151158730158734
93557,45.2910496031746
23302,71.3412911255411
63366,42.71185497835496
73994,32.3696691919192
90170,40.29756186868687
32977,35.60327904040404
26095,64.97045995670993
34269,68.80918438140806
39343,50.58158748196247
34527,33.311667568542575
18609,49.1588455988456
95999,71.80663003663003
65206,54.79227777777777
12210,46.51365873015871
99380,49.45659974747477
18442,61.58554335317461
66696,43.87566071428573
37092,44.27824603174602
78329,75.64155555555556
5880,47.938955266955276
81415,36.5552709235209
7959,75.08826984126985
98717,35.30809487734487
1622,93.9377491734534
46766,73.60876785714287
60717,69.99333333333334
66321,36.704930555555556
79082,39.3833869047619
56982,35.14353205128206
27727,49.07877380952381
73253,37.54759794372295
102225,71.36113970588235
80795,70.02548989898989
88565,76.00697467320262
63489,44.70920797258296
5463,68.47101334776333
100062,71.76177777777777
35590,34.3925661976912
13977,54.44410403485403
608,53.52387499999999
44067,62.6870230880231
19673,33.031342893217904
4494,40.73949404761906
64367,68.89943895724157
30933,54.384168470418444
83369,74.641625
65593,36.341290223665204
73456,67.99975793650795
53668,72.65805213464697
57733,79.64082142857144
93678,29.14783477633479
709,32.28747438672439
15730,73.56189664502165
54686,50.5613888888889
8762,42.86830555555555
60630,63.85260298035298
78861,37.29223286435788
91049,20.985676767676765
77664,26.873567821067823
41818,68.58686507936508
96001,64.74788690476188
75575,65.76493253968252
75253,41.90947222222222
80481,66.94635416666667
59313,63.183533730158736
265,67.34213095238096
60069,79.0
55209,67.53103273809525
64227,52.259794372294365
87566,47.3550681818182
55430,74.35977579365078
40922,78.58866666666667
29895,70.21604166666665
31810,63.479897380397375
19017,72.0
52697,35.15936706349207
24114,28.924245851370856
18611,16.289288239538234
58521,65.09053246753247
35487,42.52633658008659
49648,34.36312734487735
23896,81.0810636209721
5150,38.868494047619045
47616,34.779195165945154
100920,65.61308134920634
8203,47.76065584415586
32076,45.62019065656566
48050,30.81861904761904
7382,48.08671131646133
17536,46.48385515873017
34617,55.21273565323565
96262,24.65729288766789
11270,66.57161706349207
33286,75.03036706349206
49359,32.93239285714285
69285,33.830111111111115
6442,19.736994949494953
93011,47.96311994949496
19121,50.731321608946594
43742,43.6469505772006
85655,46.24814213564216
101406,39.15380952380953
95282,67.22538149350646
95848,85.0075
69196,74.23073214285714
98851,54.93291468253969
68367,62.55285064935066
43684,52.7009587912088
21795,37.554178571428565
77550,31.733235139860135
5022,50.41108333333332
96690,69.97179166666665
23692,71.24807774170276
50979,41.20198459873462
18502,48.84418740981241
13312,65.16394101731602
100248,36.606996031746036
99932,79.77807557337995
95183,42.15319083694084
8701,66.48671764346764
31503,71.61008928571428
6604,41.96530050505052
45949,53.37318488455987
40984,28.22490566378066
49565,74.94798652882206
89764,44.16976984126983
57336,78.1880238095238
54444,32.02175198412697
67478,58.945630772005764
60589,65.72705952380952
76579,69.62878428515927
31087,36.46555375180376
30702,61.50796428571428
100975,65.95478280070465
70299,47.88910876623377
92584,35.866148351648356
52853,77.67095634920635
82116,48.02456349206353
4518,66.05530537518037
39270,57.99678174603175
92153,39.086708333333334
59951,69.8392261904762
56787,73.3838869047619
66273,29.901585317460327
9947,37.096136904761906
51965,46.84633026695528
58750,45.53431944444443
10596,33.33378174603175
68364,22.877824508824503
31928,42.667298334835095
73327,38.67352308802309
87236,45.3898418109668
20934,45.20196755858518
47225,38.32792857142857
14503,56.21599927849928
55272,43.4702397186147
4174,63.43936616161616
18390,27.48459740259741
7179,35.35918464052288
35160,64.359648989899
22365,42.800744047619055
51234,48.779928571428556
46826,71.2181011904762
32927,59.94350865800867
61516,32.38908600288601
25426,40.22522619047621
18649,45.240343614718626
71777,60.44301388888889
62112,20.690259920634915
70185,41.873698773448766
33832,61.49335714285714
63049,64.56046987734489
75247,70.86024603174604
20938,61.95655176767677
72388,67.32119696969697
25738,40.60502128427128
23955,46.27962626262626
52787,69.86003159340659
71990,35.560593253968264
40264,54.18880645743145
8290,74.56070115995117
49536,37.840133658008654
47721,45.280948593073596
7595,40.94364700577202
92551,46.79207539682538
82556,36.40435714285715
31601,42.64119570707071
66681,58.78724261849261
28807,44.715725108225094
33988,31.44178769841269
57778,81.85026342082747
40405,29.861932539682535
71780,63.150092712842714
49623,39.27933225108225
43671,47.701394841269824
30539,66.49676388888892
44676,58.17923061660563
32303,41.376871553884705
5412,65.99267153679654
26711,43.30199603174605
28420,54.209091450216455
100770,69.5544418767507
16791,56.297587301587306
8106,84.88980952380953
75875,42.99100396825397
84917,23.767803751803754
61989,75.81106349206348
44888,69.55090476190477
5729,61.9786123737374
696,70.05872222222224
29019,45.69981150793653
80016,78.17083333333333
40980,45.914959235209245
101663,54.82994895382396
101170,40.07952525252526
16843,49.59821572871572
20148,76.69497607947609
77597,65.94028559634809
67979,33.17192460317461
44867,62.681561105561116
100803,73.42755952380952
83160,63.01022727272727
77301,63.6581053946054
29077,60.52980357142858
9198,68.19599206349204
88434,46.93917352092354
16049,36.9647858946609
90587,79.08634188034189
89765,64.20977777777777
12268,28.135939144189148
37961,36.07078174603174
2727,67.18811904761905
4086,29.471032828282834
90579,50.442373015873045
57199,41.00314285714285
16405,44.14179059829059
53114,33.16925342712843
24205,64.98951373626373
97948,42.97753373015872
3840,38.79706547619047
97189,65.52105189908131
27956,45.978751443001435
48233,68.71729166666665
29156,61.77781547619047
23951,54.374154761904755
10368,75.51890079365081
46025,62.231365079365084
85548,52.95622817460317
36850,57.80876825951827
55203,31.212361111111104
73089,46.34634397546899
94761,35.21738095238095
48335,52.35506800144301
8805,49.60907178932178
33218,69.91598611111111
17357,61.63587932900431
9741,48.43007738095239
91964,77.00922402597402
90675,43.597619047619055
58174,35.49266558441558
38483,55.15698991286491
32551,80.67719047619048
72068,82.9314523809524
39570,50.33693073593073
73466,68.15056249999999
6896,40.54551875901877
101159,63.370845695970694
8916,57.15602579365081
53281,38.268249999999995
64067,71.06039682539682
30902,48.58661598124098
46953,34.8671884920635
88039,69.61355158730159
29801,33.44927083333333
28254,46.202853715728686
81856,56.244052849927854
92106,67.53245292207791
73899,48.31008032245531
27850,72.89360760971056
19665,45.44965277777779
99712,31.004758116883117
24685,67.89215331890331
73831,41.85773822011323
37468,48.52575000000001
49646,42.598078282828276
61120,56.376291666666674
98645,81.94833333333334
90771,43.1979816017316
22168,39.06555555555556
3834,17.912797466422468
81420,76.44871969696968
19684,66.57700322776638
45567,31.761729076479078
84006,49.37001046176045
17545,52.70919642857141
2499,42.88211201298701
51306,56.98922294372295
92087,39.27721897546897
69012,28.622922619047618
16145,70.8777617647059
96874,52.219145382395396
68929,46.80805339105339
56753,68.69312103174603
22949,63.21146861471861
33759,56.64044642857143
25414,63.48482170326231
47979,39.79461309523809
85742,80.70174404761904
10184,75.00166666666667
68250,38.51221907259406
99969,43.18774873737376
40058,66.7612232142857
40885,65.59640476190475
23319,41.13149701687201
95674,74.77180753968254
98205,70.99591666666667
34099,30.310742063492086
39386,64.2599851814852
28514,44.145805555555555
36612,48.52531944444445
49530,21.75279888167389
7272,72.95037301587301
30541,35.67923809523809
99536,35.46938293650793
45316,27.131019841269836
46442,48.975346861471856
102221,32.51691865079365
16991,74.35358134920635
74082,38.37345436507937
16469,60.51304563492063
28499,69.87802380952381
6925,64.97207936507938
40113,55.61100793650794
79755,78.44890476190476
34764,33.54447745310245
32741,42.14541269841269
71322,21.33640295815296
5609,32.53221446608946
6425,29.255734668109685
90815,54.45397997835497
41705,68.68774404761905
46293,32.678287157287144
18449,56.190919191919214
70567,61.989663937369826
74823,77.96016666666667
95629,40.37628733766234
92548,39.586834956709964
55232,51.531622488622496
56161,45.19075306637806
37120,42.56969504253058
51664,46.33545838193882
37328,9.04436111111111
18379,46.56825649350648
48043,82.69608333333333
60787,59.25026877289379
82749,73.51847817460317
74139,58.491769841269864
45266,64.08154761904761
10182,74.19272573260074
29583,39.861682539682555
1436,46.242677336552326
62228,50.05137914862919
62257,52.8255340909091
50593,31.350061507936502
20221,68.86264682539682
62948,38.007872655122654
36977,40.92411147186147
51,31.256771825396807
38425,46.23421248196246
30950,46.94623015873016
1347,56.15930158730156
98458,36.1455946969697
78326,55.12009892884894
87805,36.9302573953824
45992,48.75401190476191
70319,68.87316720779222
79098,56.298126678876685
14190,56.22747023809525
73938,58.938532329598495
3734,13.990678210678212
60610,66.47252919302919
1653,57.26831277056278
101542,65.66432233044732
26925,57.50226623376622
36367,30.751202561327556
50628,34.70183134920634
90417,60.720323686547374
10394,59.451311507936516
49010,53.29971428571428
2777,58.857408730158724
44224,25.954913419913424
100300,38.46215674603175
58849,52.7212011183261
51505,63.708190934065925
18383,45.30383806471306
74796,45.8424235209235
82645,58.80292460317462
40411,43.05111165223665
69911,63.42838095238095
69304,48.992328823953805
89701,26.249309523809533
72325,37.3492555916306
68748,68.99548412698412
11148,73.82727777777775
57388,60.888115079365086
13808,76.17054797979799
44060,49.476325216450185
14053,43.8143547979798
71343,60.0613501082251
27535,38.97471428571429
21014,53.38203120490621
66957,31.590646645021657
31060,53.0436562049062
10466,77.52608062770564
26502,56.04041749639249
39117,41.59807440476191
60588,67.22606349206352
82105,52.917003787878784
77945,40.87339880952384
14802,41.475759920634935
58193,46.988940836940834
17027,39.782099206349216
70133,60.90819678932179
33139,64.5059107142857
95555,32.75247222222222
85949,41.446860805860815
92616,70.265003010878
66148,73.0275
19218,50.55307269119769
84298,76.24889285714286
17698,24.59905952380953
8103,36.01253571428572
84336,78.70971428571428
28619,55.48573412698413
66799,70.33284722222221
94956,26.76025992063491
5619,37.43935930735929
55475,57.89830812488165
27809,64.74264285714284
68360,64.35070851370851
94214,34.26941612554111
92159,35.803220959595976
68961,25.596902236652237
72159,36.488349206349206
84557,62.8220643939394
73558,73.58301984126985
83972,43.6787123015873
18277,77.19894140654668
60797,48.803591269841284
84428,75.04019354256855
64549,40.30065295815295
50295,48.95631022408962
74087,43.68566684704186
42799,45.682753510378525
32619,45.882406746031755
41199,34.34899801587303
33755,39.13631349206351
51509,69.39274873737374
70161,38.78230279442782
1107,94.02005698339708
69505,50.451353174603184
91182,30.79016468253969
54163,63.425015873015866
39447,47.63652579365079
57659,74.39905952380951
84354,34.887483974358986
48899,91.50933333333333
86287,52.38553144078145
1045,64.3333088023088
39356,40.553277000777015
52530,43.147268009768
4683,70.55353488178487
82957,33.50608928571428
99586,73.85411309523812
48599,51.308057539682544
17007,61.4122232142857
96784,39.82605681818181
30521,50.55912698412699
40917,61.29575198412698
26216,50.74985149572652
55096,59.44065018315018
40,45.06233062770562
52969,56.064195707070674
19053,44.24110497835499
48537,57.68404978354978
41060,39.237675505050504
50963,34.932138888888886
1187,52.02009884559885
3756,56.036405701754376
45279,47.26162301587301
16594,51.25435515873017
92477,42.511591089466094
81337,43.59410335497837
93900,69.94929365079365
80895,34.3437358058608
37974,41.547698412698416
88608,46.35137878787879
80295,41.904114177489184
48066,62.8313179181929
82653,73.1097777777778
73724,73.69238095238096
44745,27.198787698412694
101042,65.16529670329666
2055,30.03043253968253
27918,68.16316666666668
15862,34.60215313852813
64372,20.205702380952378
53030,36.03808134920636
6774,63.61352218614719
192,59.1672242063492
7278,57.27370580808079
87087,65.07507427536233
12855,71.47454166666667
75946,70.58629686979687
49554,54.35409325396824
92531,83.10360714285714
25129,44.41739731102231
17937,54.12605808080808
9605,38.80439230540702
30252,41.922820707070706
6740,56.497928571428574
67792,50.149349206349214
4447,36.63619032356534
62686,41.45757756132756
75725,65.67636904761905
10052,51.330081168831185
60653,57.55675396825396
18651,43.17224356974725
54403,68.96116184400395
52159,21.057555555555545
43810,45.68926984126984
81768,53.15037283549784
18657,39.554463744588745
57559,34.979150793650795
101839,66.31914736652237
75017,64.83193668831169
12492,48.00871092796092
39352,51.049090673215666
3077,36.06826984126981
85590,66.72748380867499
40487,51.532270562770535
80381,25.837933372183365
88478,56.890623015873025
53106,57.62213293650795
42092,75.15415079365081
41454,64.48905825894948
48543,67.92481746031746
53488,29.607017496392505
16380,72.82059523809524
76557,73.828248015873
99794,62.83948063340167
22687,47.97274368686868
87326,47.77567062104562
18765,51.89787896825397
2575,11.54947023809524
60459,74.20202056277057
89784,41.09226785714288
45590,32.11895833333332
67810,45.33118055555559
658,37.69565873015873
6994,52.24570472582972
49060,59.667408272283275
14964,41.454215728715724
3168,37.36462752525254
15780,70.93138293650793
49550,46.55910082972582
96127,51.90864682539683
44069,35.14989337051838
99053,16.667679112554104
74988,28.505543650793644
72791,53.24022023809523
102650,37.5300441919192
1312,31.6610367063492
102211,67.18419863469862
75667,58.403621031746034
94262,62.97158333333333
22495,44.510514069264076
69789,59.53691305916307
85296,54.38461111111108
92814,47.829846611721614
13851,62.982546157059325
100511,68.23638365800866
72598,43.158662518037524
26591,32.060248015873015
28734,82.53700595238095
40410,68.94333531746034
13256,37.8569706959707
269,56.75098809523811
85134,70.54281944444445
81573,74.9572682748538
48442,51.80793299755801
6005,32.70975396825397
83172,71.25513563240837
90932,37.72480158730158
93926,65.50166594516594
85887,58.981131886087766
36185,33.57042784992784
13135,56.65764087301588
76684,71.52456349206349
70303,70.87708333333333
11206,56.520253968253975
77721,44.714929292929284
11913,81.38004097841356
34485,71.42874999999998
79453,57.21510714285714
36699,32.11946031746031
3185,52.65924404761904
47424,40.46294444444443
72540,42.670874417249436
76048,24.390468253968265
90355,51.567275793650815
83380,67.03681517094017
97445,62.10613257575758
69526,68.8632599206349
95749,49.279150793650786
92343,45.11140674603175
14167,66.40921428571428
66065,70.34730952380951
11070,58.344166486291506
18569,42.22827976190476
81377,51.97395183982685
100959,52.45734397546899
89678,36.30736381673884
96388,63.613979437229425
55175,38.92739682539682
85029,44.91197041847042
59755,66.34074077068011
85734,62.90455699855701
4406,36.99080970418469
48017,29.97507656395891
2015,60.86192225829726
3645,79.27386904761906
11266,52.53503210678211
50452,37.074000152625146
31438,49.943726190476184
34126,36.45327579365079
87911,45.023779761904756
73517,35.210515331890335
52336,64.16165277777777
92398,41.76543281024533
60567,48.952902777777766
58879,60.926827380952375
65227,64.2470257936508
57771,44.27464484126986
87242,60.7952807017544
69633,51.990882478632464
33965,41.34303120490622
6680,51.34976388888891
101827,65.29905555555555
55497,77.06625595238096
76810,76.99333333333333
50603,86.42380952380951
75389,57.3034246031746
13192,47.94996536796536
35809,30.032426587301593
1171,62.84800667388167
78047,23.974108946608943
25708,96.26708333333335
30993,46.23603373015873
66098,54.03531547619049
33268,38.01425076312576
40302,62.51643686868686
25663,66.94402380952381
45666,52.974480585934515
20592,69.59319047619049
12777,61.84202777777779
32932,66.30225829725829
57578,51.988349206349206
71242,62.25363492063493
28322,69.27234722222224
50529,32.34681872294372
72969,68.03563682069564
80405,71.94057997557998
82186,70.57096681096682
76320,43.506599116161624
65607,38.80983268120767
41381,78.11525396825397
51700,36.106685786435776
75402,62.92488690476189
52863,67.72538492063492
47068,27.254370129870132
41812,33.134207611832615
84163,40.47725595238094
46007,47.85748358585861
18186,57.94123412698413
22214,66.34502976190475
95818,33.03718001443002
68163,43.64250992063492
54179,44.91129644660896
44822,58.305853715728716
73007,45.10362914862913
100053,38.89592911255413
12108,73.06523809523809
42507,76.81938936063938
20093,47.028999639249626
42614,68.7754622877123
16258,69.15272619047623
47975,39.540156746031734
42423,31.04555952380952
67697,66.60709523809524
52927,67.81140131578947
1034,37.52957936507935
13139,50.369866341991376
31817,60.71868833943835
98833,35.27388798701299
29638,75.5564253801754
55377,70.7994716810967
15755,35.7255753968254
81480,52.15800468975467
81897,30.52792658730157
4102,69.72506944444444
55084,45.358490079365076
33917,67.05287148962148
89920,50.61972374847373
57247,67.26482142857144
4352,53.85582233044732
63568,35.82048051948053
58779,54.445666666666654
72371,62.577733211233216
2907,38.52144318181819
36393,67.56524785902504
31109,38.42127976190475
61384,80.42560576923077
87448,33.489788086913116
18684,53.8058115079365
94256,38.05593578643577
51847,50.418767857142846
91223,51.780094877344894
7881,63.29913293650794
84405,39.17385589410589
83215,29.58041422466423
35399,58.874045634920634
86403,71.01708333333333
83438,42.2117532051282
83353,49.84437265512264
86411,49.77702777777777
17138,56.64525793650795
88829,54.13986562049062
53038,40.00815476190476
31409,32.63026235569984
101552,15.777412518037517
41157,48.22006222943725
71978,60.6618479020979
24031,39.79868253968253
67063,27.67815631590632
32369,31.637835317460304
75418,61.61147222222222
88768,68.16103174603175
41242,36.6667721861472
27731,80.88721428571428
36430,41.350485209235224
5553,38.66801190476189
87831,62.30817857142857
55850,39.37653571428573
49081,58.523031746031755
670,41.09699891774891
59591,50.56828769841269
65711,74.20833730158729
92953,66.69990584415585
26512,38.62526984126984
53604,35.87702849927849
96024,46.26933730158731
57923,29.726803571428572
66370,70.98648257379875
95831,71.62774999999999
97391,42.85184487734487
76601,31.500063492063514
13062,45.66689718614718
96018,73.89368406593405
23170,44.91520985060691
88506,61.156329184704184
32555,90.69716666666667
86505,41.27644101731601
26999,47.4955
55924,46.217794372294385
17291,71.15320634920636
45184,61.01806547619048
36380,69.991559732665
34463,53.51883025030523
25599,42.65706006493506
99814,75.16458333333334
52615,73.0
7667,61.60945955433454
51289,72.86074465811966
88041,70.32994066921638
81845,52.70559325396825
75704,63.68939880952383
13309,50.73535227272727
44166,68.881375
20824,45.73667297979799
38025,50.05002976190477
102475,81.995
73005,59.72572896668548
44960,77.74804411764705
34696,47.591875104427714
11304,58.35672047397051
102117,62.42300793650793
70683,74.0611663059163
32286,55.340538149350635
76229,68.18415674603175
53741,35.84317352092351
10938,36.12227793040291
9823,53.59053571428571
10190,64.97461832611833
7404,31.310071067821067
86245,36.79751659451661
91839,33.79992063492063
58211,70.51752976190477
3822,69.63819139194138
69387,61.065632936507924
84073,25.215996753246774
93449,42.02210461760464
51890,34.05176731601732
57906,48.06292460317461
63562,70.38426467976468
85875,74.60453571428572
69086,46.100242063492075
82876,72.56745905483405
16205,41.30330753968255
18399,33.49264808802307
100042,59.599672619047645
65364,55.4515992063492
98408,36.98069877344877
30825,48.0125422077922
59119,70.9968061938062
44380,40.037937049062045
47044,78.24489935064936
13270,61.28264574314575
94007,75.66543183940243
79566,45.13685119047619
78688,34.36507699245198
57427,47.43593957431455
88815,46.0791275946276
91597,75.56704166666667
21840,31.674907828282826
49399,50.83623611111112
88866,37.78253986291488
5531,46.3007242063492
101257,53.93665584415585
85882,39.1665873015873
53987,49.010708152958166
97680,55.30195833333334
4927,31.51341161616163
98524,34.9447876984127
6537,60.148411796536806
26934,34.32356837606837
65129,71.53197619047619
30290,58.2643395077145
8768,48.606732142857126
72546,34.16822222222222
75045,76.83855952380952
3397,40.50618965919702
49893,49.108105699855685
81059,63.74063383838383
53770,81.52448762838468
3955,25.107925685425695
49250,66.49844841269842
12666,70.8207380952381
11459,64.72860624098124
98386,50.21759740259742
10570,46.74265241702742
32790,63.2854495614035
93852,74.34490476190474
74222,44.94041666666668
72830,27.17951388888889
56879,32.67045039682539
79451,65.0040313852814
82986,46.064045634920625
65275,52.26289083139084
58483,44.01412573099413
81574,44.71989347254053
70990,29.996369505494503
29877,72.20211904761905
23446,35.70763293650795
371,84.35091666666668
65505,71.78211904761906
85238,46.4680138888889
91448,42.125877525252534
24173,36.22527669552669
92535,62.36505050505051
63446,54.80725108225108
66520,52.51660922410923
15139,35.72732503607504
35979,72.46512103174604
32002,48.82055068542567
34999,42.09312247474748
51651,31.86531834831835
25096,54.25854166666667
31644,63.91398015873016
61875,19.14985087175896
57000,62.86178174603177
18324,42.17235317460319
28074,45.74057377344876
33250,75.03503070175438
47132,48.83604581529582
12504,42.15054000166502
44631,76.43338693332811
17091,65.04772023809524
76705,35.25248611111111
8239,38.215433302808314
82304,39.38982629870129
28091,67.62499206349207
50783,69.17326190476192
27761,68.40093253968253
49644,35.47544444444446
3667,48.53049603174603
96133,35.343448065823075
46428,43.92889502164503
49559,58.099209956709956
7218,58.561714285714295
76668,47.807561507936505
82344,37.00814066489067
30760,64.66219841269843
20257,77.73736309523811
38341,58.825726343101344
70669,46.098218253968255
51406,67.18547695360196
34608,66.86207142857143
68033,43.49789015151513
97601,31.105171717171732
76628,36.99801941114441
64576,53.01047258297258
5790,63.762877262443425
84364,61.98914682539684
61419,66.16514700577203
6466,50.270529401154405
68546,60.962530982906
41677,49.73817929292929
18640,42.90073537573537
99977,61.39732936507939
95570,39.67397817460318
74273,53.57663477494728
27806,70.71101352813854
77123,68.80524404761906
89207,72.91119715007216
48307,36.47300793650794
50443,70.29332738095236
24783,75.01310119047618
26614,59.56348069985569
56862,67.22627847152847
95610,38.145924117549114
74091,62.878888519375366
35363,66.49764346764347
84883,41.961809523809535
56592,57.89738690476189
9466,34.04119841269841
54924,39.923814213564214
78922,34.43366774891775
24150,32.296860764235774
54248,32.52435317460318
24943,31.316833152958154
26804,84.1452738095238
87921,76.11232711586658
24903,72.93707662337663
49208,68.1938685064935
55915,64.54280591630591
12926,61.410071428571435
58240,74.01714285714286
4923,32.34373412698412
6197,27.172905122655116
69449,59.6809502025752
101421,30.693955266955264
97632,65.67003246753245
79089,33.309238095238086
293,43.22355645743148
52054,51.264916486291476
58697,42.301475288600315
82597,66.22863492063493
79036,66.90104181929182
25547,72.37263690476192
79994,49.28476069518716
63258,62.66587860750363
18467,46.08553030303031
138,37.163946428571435
64927,32.09087337662339
38613,61.18997222222223
26610,41.83486685536685
50045,71.4493511904762
30814,49.378654761904755
326,47.76790536948432
13253,51.99746825396826
57571,50.76943849206346
91519,51.35465873015872
44876,40.98952487789986
98009,30.612801587301593
40050,68.45396230158731
101875,60.094166666666666
25851,85.875
42961,48.15341809579313
89109,35.47616605616605
97446,47.85046016483518
24666,75.37628846153846
92300,50.88005032467533
94959,54.38755555555559
54206,38.12705014430015
88059,50.30421626984127
56794,50.941202020202034
59232,64.29421522556389
13637,73.79682575757575
15873,49.02260224089636
68416,38.74623015873017
76158,47.907142316017314
56775,66.25450396825396
8212,55.93720467032966
65638,37.59551388888888
60701,70.67578589466089
9796,56.105950328656824
89999,47.37496031746033
36129,56.491426282051286
66118,49.523719155844155
101741,31.061420634920626
17394,53.98457521645021
63064,66.70599740537241
2074,12.931742063492061
47214,36.473171536796535
96012,45.30638834776336
102311,53.143778318903344
2059,48.83895787545785
38517,24.59100992063492
78460,67.35902976190476
77412,47.30525198412699
20260,66.63043803418805
45724,56.33006349206349
96264,37.15010263347762
11325,71.2841111111111
92346,77.9326366396761
21084,58.55952272727274
95126,48.428543650793614
66152,34.56980555555556
30957,69.99980158730158
86371,23.95806782106782
82096,47.09425396825395
32114,82.31104761904763
26613,52.5887619047619
14577,29.01961706349206
52168,27.60628571428572
30571,54.66958423520923
39910,81.83270833333333
51734,50.26337229437231
78195,61.33751678876678
86247,56.42072799422798
33748,36.37242460317459
60015,44.60457251082252
23501,56.50639880952382
35664,42.9122261904762
43149,59.4977952047952
85182,26.208546356421362
54938,55.05266865079364
10694,33.05640277777777
8190,76.84107782120844
44646,48.18611904761906
100906,37.46492857142856
51237,37.44399296536797
50103,65.53117622655124
28916,51.771088744588766
22506,71.78267094017093
70620,46.87564291410343
63023,35.7956111111111
8096,32.773494047619046
48180,62.36668055555554
2928,47.03307295482295
9575,67.6110144993895
34623,64.57908333333334
77092,65.26960064935066
61626,79.73604761904762
24996,48.875329004329
71525,38.25962301587302
9855,24.11164621489622
91863,50.88402002164502
7706,73.8825206043956
47866,44.01403496993203
33802,45.99482713120213
11710,75.0
15469,46.03760714285714
59137,35.19427976190475
53274,42.80311904761906
86142,58.53407133144633
88518,38.064963023088005
75504,74.6244254385965
80618,35.96379599567099
78257,36.344339757464766
100214,80.55822619047618
5823,46.282809704184686
64947,38.51544588744589
23168,51.10327254689754
54771,69.0325
59935,66.96141391941393
25181,22.73313207625708
68833,71.73619859307361
33205,58.53980158730158
50467,57.214329365079365
31106,63.68969029581526
22781,73.13205566280564
75318,58.745669642857145
27022,34.89397402597402
84608,42.29876875901877
28019,71.65039285714288
81068,46.659244588744585
27107,50.52048106060605
16069,51.35393604108308
56443,78.1812361111111
72901,52.673648989899
74745,51.53585127372629
8625,28.40930887168387
49100,57.09301118326119
64750,77.87502380952381
52472,72.09291758241758
29467,36.931083333333326
93346,46.0754917027417
84739,96.89808333333332
42257,39.98590194527694
11319,42.74821266233766
78065,36.8098497058497
41158,52.264811507936514
15449,42.9837619047619
57477,26.955580808080803
87333,56.31116666666666
80404,55.36582539682539
91616,33.38633243145742
91881,66.00213534110704
50092,46.76871230158732
77913,72.35610714285714
55700,38.183753066378074
1004,29.809224206349203
45919,64.55587103174602
77808,66.90132142857144
13779,72.45397604807472
33966,56.094698412698406
94139,67.03795405982908
28427,76.2588695054945
65043,54.27382092907092
11549,78.76964285714284
71072,33.40474567099566
95467,38.936958818958836
42300,59.412054112554095
79984,67.8969246031746
62009,33.897141053391046
21847,47.40564484126984
76648,45.546135822510834
42851,67.34892261904763
13355,72.76165349927852
47710,54.49359343434344
28366,49.88523106060604
43292,73.93135515873017
10564,61.68155303030303
70300,73.72103174603176
9760,31.450946608946616
85290,62.021343253968226
65005,50.90209217171718
574,40.33065674603173
16771,63.02445227038183
93345,65.16082052669552
13933,53.36608531746034
82568,67.51679960317462
27652,49.27531838994338
43322,72.42759933609274
3135,60.0279163059163
55249,53.867784693247934
65556,67.16989471639472
85857,62.398646825396824
86789,43.52783495670996
68448,48.268876262626264
96866,34.682984487734494
5770,73.20297005772005
55614,75.11002625006572
77677,74.75270634920635
31636,46.063367063492045
70916,41.046329420579426
42139,47.1656985930736
2261,73.66733730158731
63449,41.66663690476191
10733,29.8868253968254
26158,54.09575487012987
15540,29.42945833333333
76056,65.22482936507937
94877,39.81510714285714
54768,42.10404689754689
84923,49.451835317460336
68396,51.67169552669554
20098,35.01563888888889
38527,78.69832142857143
98526,32.84712572150071
7639,43.418741702741684
75391,46.11847190309689
60248,61.40202380952382
41639,39.59423700237672
45471,45.177373265623274
5567,48.43715710678212
71635,35.16469406981906
17354,69.79258928571429
41257,65.00068181818182
36125,44.95183333333332
18757,38.95130555555556
24559,34.63023412698412
58995,70.99313636363635
6513,80.21619047619049
46863,79.79280357142858
73776,37.265509740259766
49423,73.29623276723277
66620,64.94967027417027
98175,23.197518245643238
85968,61.754672619047625
27033,48.931686327561344
77896,25.871865079365094
21632,62.62170238095239
67652,44.18404437229438
5252,59.48858116883116
70004,56.67028327228327
53072,67.0698115079365
70251,37.833603174603155
54514,39.20409776334777
5356,44.67515140415143
51381,36.026251984126986
7557,29.56612878787878
98555,70.1435185786436
80779,34.5673861832612
83947,25.348732683982675
45874,61.845685606060584
99865,46.20511904761906
39042,48.33073376623374
42100,35.49066071428572
65740,79.20794950918965
49653,71.78760432330826
11630,46.87416514041512
59186,47.73387896825398
19894,31.923133116883115
68112,66.07182864357864
8294,35.141648809523794
49320,36.70797132034633
31588,72.99017765567766
14809,47.07124206349207
51754,75.52727678571429
32318,47.63193253968254
28997,34.53184478715729
26386,58.9523692696193
25160,51.32426443001444
62453,59.49169398656899
49467,39.27235624098124
33973,48.260141955266974
22663,32.30177633477634
37520,33.013783730158735
45800,57.96145238095238
97715,58.87761760461759
56768,70.78322546897547
35088,44.84338690476192
47387,24.40457936507936
18061,42.82149206349209
6606,72.47549661705253
989,62.99325487012989
39680,74.96149801587302
28763,45.38029578754578
97306,53.20860786435785
80626,56.81643614718617
82796,64.57462301587303
31540,46.84419787157287
94357,44.21616536241534
34159,72.96869530710835
17770,65.40823629148628
66202,58.89869859307359
3583,52.30091468253967
39135,53.65041197691198
19371,23.904364302364296
77183,33.261676587301594
94752,47.99499837662334
37528,65.56526085434173
74440,73.03388095238095
55823,73.03866666666667
20389,65.23250000000002
63004,33.86633585858586
69639,53.54260317460317
49225,71.99247368421052
32402,60.85688095238094
7572,42.139948412698416
43760,64.03069642857143
100643,63.69483158508157
38735,54.333297619047606
98932,58.80909018759017
11065,47.132686868686875
64480,49.46327867965368
52045,32.19160780885781
76211,32.60455393217894
35044,47.19528986291484
55980,53.48306872294373
3544,74.51035714285713
13776,62.63618301435407
12912,64.831875
53133,36.91993181818181
39448,41.65952417027418
88503,45.82850306637806
73084,27.780265512265515
94707,60.97391666666667
82016,58.07473773448772
22374,68.336559226721
44591,66.94647582972583
16484,72.47866977466975
65977,64.62567124542123
2833,61.8060277777778
14357,63.51657521645023
25611,28.01724567099567
57136,39.9424861111111
75262,61.90360515873017
86289,69.14823745861982
89855,44.45934686147186
17843,39.349424603174604
34378,42.62825992063494
99772,84.91567857142859
93965,46.735231782106794
65603,47.86297997835498
97113,55.03625000000001
85545,38.662054834054835
89160,25.655881313131307
91615,42.29712770562771
44558,60.17028733766236
56895,79.41710714285713
61308,64.89911309523809
60105,35.10230555555556
30822,51.59681349206348
31615,50.20208939671437
2937,34.749867063492076
17345,43.81675564713064
60623,44.88971825396827
24263,32.37593542568543
46672,55.59990584415585
22424,64.75305583387201
26822,44.134413600288596
81536,78.97735897435896
8835,71.91353463203464
58104,72.0
85423,48.90129960317459
94440,82.96
3412,36.69416071428571
80613,51.398171356421365
27576,53.08393290043289
78718,46.485469405594394
15150,66.64343001443002
61698,45.36740873015876
39616,67.16817261904762
88632,73.91702272727272
67457,71.98183333333334
8680,49.01651244588743
14383,41.23684072871571
73841,56.058029151404156
43042,55.54245833333332
2253,64.27129725829724
91760,48.9020238095238
36308,77.33553485787922
2944,38.2697996031746
11851,71.4878163919414
99926,42.20525126262629
1531,57.97057142857143
90799,49.444978715728695
78001,51.027790043290054
59778,66.05932738095238
84813,76.79566666666666
14541,58.4211997169497
23592,86.93601190476191
98374,52.968891691641694
32862,58.27417185592185
88811,42.47401208513711
57464,37.68367135642136
21672,73.58903858559741
72364,51.78499404761904
63999,37.73931854256854
100351,85.33975595238094
61549,61.30373556998559
14592,66.28947378020922
12751,50.64776731601734
94206,74.94295833333332
11747,49.91072420634923
5515,40.66780555555556
84216,81.54383333333332
32260,29.70669137806638
77729,47.437134920634975
78792,68.811751984127
92716,55.03103174603176
54292,59.587399531024545
62061,41.43239484126984
49904,39.4187371933622
22106,78.97354166666668
90303,40.3975909090909
79979,46.70249404761905
759,77.25028715728716
45898,54.452572330447346
47826,46.98651648351647
19068,53.90751388888888
59904,80.99888888888889
39249,72.65115476190478
96490,31.776773809523817
1656,53.4427584776335
55615,39.23378878066379
45074,28.193496031746037
43047,47.09231980519478
70512,32.39756349206349
57161,49.00756168831169
42902,36.453284632034624
79517,72.17772702813183
97469,20.678839285714293
73730,59.41362265512265
18693,29.26793253968253
86609,56.079037698412684
88311,40.693477813852816
6859,43.7476664862915
28842,44.88945003607503
15129,26.35711706349206
13578,71.58085515873016
31897,37.10471572871574
37536,52.13663345864662
52398,83.89218127705628
35881,74.57096124708625
100142,35.31226785714286
42373,34.51684126984127
22396,47.24809126984127
26697,57.512333333333345
98387,60.70690223665223
15824,49.96464880952381
17085,42.22601515151515
2610,55.79762878787879
3115,43.34320238095237
503,61.85515374209123
95695,59.92786706349206
29294,62.519813131313114
67765,63.135560786435796
66412,35.33850793650794
58729,53.434070887445884
22793,47.87122954822955
16231,64.4743412698413
42785,49.800497113997096
3021,80.96583333333334
32706,40.431751803751794
79920,72.8532142857143
8999,30.187904401154405
80177,51.065068431568434
32195,76.20404761904761
64411,70.7938273809524
86573,55.38789953102452
29322,29.81436706349207
66888,75.58903898225957
22844,44.97597619047619
27834,35.37510057997556
33266,81.72422023809524
19153,55.80054915223666
31667,48.79698366910865
30440,73.02055555555556
2346,67.93350992063492
75708,53.28171626984127
45018,70.28157234432234
65726,73.03005102244246
38122,70.3404347041847
82241,62.29847023809523
1296,69.64164989177489
101197,53.83739880952376
55154,63.98649648962149
6587,76.88430186737928
71124,63.43871807359305
82909,49.908234126984134
62636,35.41168596681096
100254,47.96615007215008
46872,74.96079166666668
5610,55.47910064935064
95223,9.528353535353535
78372,70.10717261904762
6152,53.26874281274279
53875,42.586661255411244
14871,43.40952415639915
26685,69.49043849206349
45736,74.8845576923077
21570,23.02945634920635
92359,74.00222222222223
262,53.26914774114773
30971,30.95277579365078
86977,29.250504509379503
33613,42.574635281385284
81470,63.7228363997114
83525,39.71363293650795
51579,41.059716738816725
86716,61.87416035353536
61311,68.92092843267842
30240,36.77212301587303
64110,36.05873611111112
90154,36.79758820346322
77516,70.61954800307221
73554,62.26016666666667
4394,45.6839246031746
55427,61.38197023809523
93322,37.692636904761905
34129,39.37996626984126
32361,60.882262820512814
98093,31.96310485347986
48101,17.163995129870134
60319,40.47452422577422
30373,57.10356150793648
2611,72.46958147408147
90999,75.24063690476193
5373,32.65704308191809
97092,50.90196230158732
66088,57.21372420634921
24164,69.98244173881673
60996,61.27561207611834
75771,71.06136904761904
84233,68.5085992063492
24195,28.446130050505047
7558,65.53033333333333
73256,37.191490620490626
58399,38.30199672549672
73169,74.35754238816739
32143,42.399015873015884
32831,50.71970039682543
30423,15.611712148962152
70837,74.63439285714284
97758,74.67733333333334
10560,39.54229166666667
23048,34.43253517316019
48183,39.87676466588967
65211,61.97262126470021
63812,43.09767857142855
39208,52.67800198412699
61986,42.75895725108226
37053,68.75865818903318
78068,72.54677014652015
52868,55.64602799977797
36745,46.032479797979796
25246,44.73417135642134
96472,63.73182440476191
51996,35.538585317460324
43272,38.84866702741703
70847,47.87000883838381
37559,58.346295841413486
95758,38.15297817460317
94120,28.965343795093794
10274,49.49403373015873
93516,51.049198412698416
36991,65.68383261183261
97845,31.03402777777778
22391,60.82290488677988
71724,59.49336507936507
91349,73.89415155677655
44563,58.43694606782109
33313,61.905100468975476
79470,46.67383884171385
101103,64.60805952380952
73462,42.734853535353544
99627,43.697175366300364
60829,44.499524531024534
23770,33.493666125541125
54735,39.47751785714288
9040,61.668523809523805
38938,80.98125
59192,63.568145396270396
36107,44.15129563492064
69915,64.93515638528137
74804,73.53861904761906
616,18.23830597221406
23304,36.4186240981241
18098,49.08564033189035
102486,69.13528471120382
18216,29.439845779220782
9421,47.12283455433455
88524,72.98014664502162
21211,61.705464285714314
41925,38.63475234487734
73927,49.180422077922074
50549,73.55636507936508
3806,46.030746933621906
100478,52.79825488400488
64296,74.88247383019888
39983,66.51890203729019
42375,71.05899368686867
32541,74.45935637792161
22336,67.36588690476191
16375,26.97344541569541
29518,38.85635234867473
33979,39.08400955988455
33477,39.401456349206335
19436,39.08777297702297
44215,38.09680357142855
63280,53.72653174603173
18764,55.82269173881673
64881,39.90434036796537
7190,41.429507034632024
21832,49.54803373015873
61501,39.47049206349207
53370,71.92
59289,74.72975
96322,46.378400793650805
52471,38.90516792929292
47034,57.912370042753935
11315,65.08004728443862
17069,25.921128968253967
11921,64.83403571428573
69884,71.06048626373625
52001,56.20682142857142
97768,68.34824242424243
52093,45.32151046176046
13160,65.2469594155844
61697,73.30227380952381
14336,83.77983333333333
61234,26.049831349206332
67894,69.47590079365078
49674,80.32490476190476
50613,69.2207326839827
50913,54.03926046176045
88817,46.16412987012987
29745,71.15770238095237
54061,45.98718589743589
4093,42.6905413059163
7755,69.59451298701299
3417,60.453264249639254
102024,44.928362012987
38209,58.83446189921191
72707,76.84929761904762
52352,24.325191197691197
11281,49.430099206349226
53236,73.78787148962148
90726,37.75121825396825
36464,43.62638365800866
72989,81.875
66216,50.808547619047616
51231,85.94818181818182
14509,79.24473809523809
20401,48.4208621933622
101183,49.720882756132795
96110,85.0919696969697
32013,70.68127272727274
4695,35.92313257575759
24314,37.78854437229435
97726,47.678619047619065
17989,31.348509462759466
87023,70.41774920137054
81928,37.73247650796915
96103,29.806499999999996
77730,72.0747876984127
10034,58.882593253968246
42994,93.77821323686585
36192,37.0320376984127
9138,53.477439213564224
10110,42.504692460317465
21539,56.28004463591963
96982,44.096047619047624
80749,72.53827564102562
21202,49.34671733821733
73236,29.643512959262974
96572,66.71360642135643
62274,16.302337481962482
82524,55.25520238095239
91769,45.24995274170272
44416,65.72467099640126
27921,43.55264375901876
15106,65.7598318452381
45024,40.12096879509379
131,45.68742113442115
86664,41.82244444444443
63519,33.25014141414142
29509,51.533305555555565
21487,28.2733742784993
23459,70.84002419354839
79127,57.83097420634919
91426,39.071839285714276
7569,43.347738095238086
50881,41.40596230158731
57437,58.48366147741147
2217,78.87175595238095
101557,48.456954545454536
77659,41.490806457431454
24311,46.86806547619046
1287,33.213585317460314
59789,47.52411742424241
39239,60.31509120617947
2882,58.68101785714286
76675,65.57222285493145
95265,69.89585227272728
92406,79.84746212121212
20079,41.582689935064955
48755,60.0313511904762
71458,42.261271825396825
30099,38.07724837662339
33676,78.99925
3725,55.45478373015873
10446,78.57613888888888
77138,81.01363636363637
17582,48.179619047619035
31508,38.55702669552669
72490,47.6746626984127
51036,74.32145238095238
59788,66.97746726190476
14887,37.776172619047614
80662,41.4663041125541
47577,56.55497420634922
43585,51.23279990842492
34863,46.83190548340548
785,42.402148809523815
61627,44.41865339010405
48512,71.2499457610458
14305,53.32523250360749
100061,52.52954563492065
74984,54.108369047619036
1096,57.29114896214897
46358,64.1142647515528
97477,46.704580266955276
60121,62.81116734572618
100677,74.8196362044818
39297,42.05976388888888
6040,66.70502731092436
23218,78.0502619047619
58793,66.63556944444444
6689,74.46462118437118
2577,50.63162337662338
15798,57.68083471177948
34182,67.63595098039217
6065,76.50107142857144
78786,42.77202777777777
48269,66.71145634920636
47483,51.16168001443001
33510,73.91904130591631
16036,30.00153823953822
32154,50.272605033855044
34826,36.96815873015873
98996,43.39990674603175
71369,44.84387950937949
65917,24.042458333333343
53810,67.13516346153845
86360,48.218568722943736
79314,52.9205727050727
90231,69.72720183982686
20179,57.05089754689753
96146,65.55531281218784
55832,47.19683730158732
23912,34.91811111111111
51108,66.40546825396825
83261,80.37467857142859
19374,29.148789141414145
48850,71.00290367965368
56964,80.04076731601732
76101,39.234091783216776
24392,30.543253232878218
66866,44.32162101787103
64829,39.57896374458875
52141,35.45264049327865
100997,34.93119642857142
29066,38.007031565656554
626,33.22041486291486
71095,50.66318452380955
30679,39.32246717171717
98166,47.27707503607503
54372,45.02227182539682
101843,45.56631349206349
38441,53.298892857142846
77997,45.527636183261194
78109,69.90639285714286
80077,36.41754761904762
65752,29.734027777777783
43549,71.97313095238094
87610,65.52862067099569
92367,40.84099206349207
77195,68.87011111111111
89563,66.78589972527472
2450,48.3872813852814
11591,66.88263834776333
82332,49.8093685064935
3484,35.77169841269841
18718,40.48932377344879
70880,77.78836111111112
92843,74.15561591478696
100178,33.030280354449474
3318,67.77775
23185,80.86975457875457
23869,33.40932575757575
40647,56.282827380952384
101806,50.63658369408371
11602,55.335919191919174
6251,55.10856410256409
40878,63.885787545787544
46967,30.57872889610391
20026,43.929581349206344
43797,39.89248412698414
42527,30.266402777777788
93561,60.78093526597243
46701,39.78147330447331
81658,68.52724603174602
51337,33.11482918470418
44005,31.199476551226567
24435,62.83850292762792
88198,74.00375
75801,40.93576785714286
31458,49.324236111111084
65874,58.07709126984127
40518,61.65814380064379
43708,57.63547907647908
2312,32.17799007936507
34253,77.3056274509804
3717,38.83252976190478
11320,72.9089761904762
98880,25.843858225108225
68527,32.14430303030303
65533,61.705252459142194
67229,71.70520177045177
16246,34.32662788600288
70753,37.27898917748917
4090,74.84913095238093
12444,51.19015476190476
15341,32.35825
1783,71.68426244588744
82518,68.37128787878788
23560,48.075081349206364
971,64.53204166666666
74895,73.55175324675325
16813,46.50103174603176
16814,68.80634126984125
62860,73.65502526201868
9031,42.97435515873017
89206,47.391642551892545
901,67.71893117993118
6354,31.906785714285704
74956,57.55482341269844
16223,72.7088471479501
99288,31.70730862193363
47569,43.204968253968254
65688,40.70261291486292
4983,54.475001984126976
14313,41.37537103174603
53044,40.80281800144302
62690,63.71737606837607
89044,64.70225111408199
73047,67.36315634037015
86319,74.6884375
82894,66.95970588235294
53150,31.144906565656548
11488,35.163759920634924
25190,68.74229274891775
82335,36.961315836940834
77175,58.57658333333332
78695,85.50891666666666
5167,43.97666225441224
54155,33.14903563103564
64021,53.45823881673882
2764,38.676487012986996
48730,63.23060119047619
99700,81.35708333333334
25870,62.80368614718614
21078,49.23942875180375
84532,42.89742153679653
79496,44.270023809523785
3386,37.573409451659465
84774,54.941178571428566
27093,66.9464512987013
102581,42.111357142857145
91737,57.50747907647908
24987,52.27505735930737
49601,39.19788095238096
97906,35.85734523809524
90875,70.95521428571429
98504,76.84100319396049
17097,79.48616666666668
19810,84.97333333333334
18860,39.48608152958154
53309,62.69748430735931
46762,27.961109126984113
99681,47.49309433621931
77631,71.67860562558359
43443,59.82953017815517
88397,64.729474025974
27979,45.323543650793674
13334,39.22803841991343
38051,74.40333032293378
52590,62.95035209235208
63184,69.61276282051283
82756,27.64200685425686
7612,80.96194047619048
61414,71.01582142857141
53906,70.15595436507938
20227,43.16849639249641
62664,61.2459007936508
30726,42.85960840548341
60270,60.32606944444445
93608,66.0950357142857
39287,49.28410714285717
3898,27.39272817460318
94438,47.57432287157287
7464,77.96199038461539
38712,78.20284523809524
69642,70.60864754689754
70819,82.27849999999998
74436,50.45125595238099
101249,65.20902326839827
86375,83.21604761904763
60500,45.535849025974024
75788,42.8394467893218
84321,45.77379766765311
78277,74.35222191697193
1238,52.60285371572874
71812,36.22461327561326
43758,44.69363888888889
10173,43.9175487012987
86095,38.439573953823945
69109,67.42453463203464
61023,30.06801406926408
93478,34.16580158730157
54927,55.63496825396825
17900,49.00891053391053
96717,63.82654563492064
32138,59.87646825396826
90769,45.81082643745144
22586,41.580753968253966
27392,45.64050595238097
48153,39.86015674603174
48787,66.10830032467531
65143,47.086410173160175
39923,68.99041735347986
64299,59.137280844155846
75912,57.158404761904755
10344,66.022123015873
96249,68.91919047619048
53667,41.29087713675213
2571,65.72540674603175
9877,65.15707234432232
47897,33.20661706349206
95440,71.32625595238095
94449,45.326229617604604
50010,62.27749007936509
60560,43.00849194637063
78163,56.2430211038961
12204,59.80024080086583
24379,24.429261904761912
80936,33.99302707749766
19256,49.70297313797316
55998,68.36588690476191
25983,79.69318650793652
71292,45.639107142857135
74463,73.28112373737373
14154,61.340692141192136
100461,32.54257305194807
90073,68.53519307081805
29227,43.90025396825396
80441,65.74090519692726
95491,44.93765999278501
89323,77.96575275275276
43816,66.66615602453103
91971,70.88964316239316
5286,55.614111111111114
15318,40.76342478354978
66334,44.429970598845614
11980,33.13399783549783
83198,41.072913059163064
51389,74.60297402597402
27512,50.907567821067815
61418,36.743883477633474
88983,55.029829004329
33962,35.57836670274171
23871,60.30567669172933
7430,44.30602182539682
101371,62.65214592352094
69334,60.44181380629174
30053,54.654337301587276
16004,78.14677380952381
16563,39.98053571428571
46241,28.67352254689753
26478,72.02157804232803
4414,62.49180100373482
69557,70.98680144855143
28184,61.00281186868685
71561,46.67965476190478
70272,64.99618181818182
48808,62.030692460317475
102110,37.6244687950938
89275,62.89530140692642
97646,64.26387103174602
59444,89.52823214285716
101666,47.002348622782435
37513,37.20925595238094
100297,53.50689141414141
42768,45.05995833333333
76713,51.981963744588754
46102,39.9798373015873
14096,71.507
72051,40.35974801587301
72891,43.89903823953822
62452,45.8025357142857
73766,37.198676406926396
55523,36.54641197691198
23711,62.24027976190476
43710,46.361057539682534
3316,31.428035464535466
56564,75.0993068181818
12014,71.10190079365078
56780,51.22524368686868
58268,49.12410750360748
88861,66.78811760461761
98312,30.11067063492063
45077,65.40803282828283
64444,69.56671049783549
62303,51.59433134920634
93321,65.56787939021763
9220,64.8928888888889
81219,70.7993602480264
64185,45.4549761904762
32228,53.4402575757576
85537,53.032404761904765
90266,76.4953849206349
68500,64.06754635642136
9255,27.50689448051949
59883,62.9556369047619
69375,66.50622619047618
64707,50.22354960317459
28891,36.933501984126984
49446,43.67398376623377
28377,29.165395382395385
96640,49.23476190476191
52329,63.40730681818183
98069,44.71277705627705
85378,67.5347207930958
84764,60.00844871794871
38928,38.17998051948051
36614,53.311958333333315
101279,43.311246031745995
62955,48.81129761904763
44787,59.84141468253973
54424,64.07752380952383
66252,62.57719841269839
10911,50.20645972083471
66772,72.36600689223056
37127,44.24153354978356
19280,63.2523224969475
32605,57.201716269841285
33318,46.25457341269839
64984,35.91971031746032
54031,18.31502777777777
5234,65.15072817460317
34264,31.270013888888894
54432,75.87444642857143
16788,82.49166666666667
75654,34.62478629528366
26939,55.183738275613266
64590,35.093591179653664
96318,53.532104166666656
86409,85.72583333333334
86316,48.04260302197802
31876,56.51307936507936
57858,62.516767732267766
53477,76.19437896825399
4456,38.08446230158731
14250,62.589095418470436
18474,34.50060317460319
8939,73.97108531746032
9763,46.36407287157287
16776,55.7290963980464
59123,79.8191274162739
86940,62.78454621848739
33978,56.09274837662338
60473,66.4468988095238
67384,31.32357936507935
96897,35.014101210064446
19981,14.713386904761903
45743,70.82656622465342
50897,59.38297527472528
85498,24.55855341880342
100278,35.47345833333335
9375,81.79233531746031
77493,39.85168055555556
78011,51.62463293650792
23276,63.05197777222777
30011,38.76811953324453
59542,36.81402651515151
84575,41.533634018759024
78910,57.24193055555555
102547,62.32083333333332
90278,34.2198511904762
79782,39.46698214285713
85984,67.73942658730158
20847,53.85880880230882
39244,43.75066468253969
16620,36.394612845487835
75050,57.61854365079363
28587,46.4300476190476
10732,81.19919047619047
69436,60.36106782106783
37122,48.463648809523804
68814,68.88635542235542
88422,71.63835515873015
44759,34.96879220779222
42239,80.0
44340,63.78930555555556
86005,42.54855765068267
89499,50.63140079365081
14196,68.77692330586079
28098,43.08224206349206
56799,48.55527854090354
66946,52.99970743145744
98411,66.54603921568626
42904,65.80085714285714
34338,46.83599007936507
95341,42.95929960317461
69046,73.80762421427903
29448,37.91014160839161
28664,42.84238455988458
78150,66.53597916666664
76722,47.320206349206344
53740,47.45869642857143
18057,31.93566017316017
11949,36.98106385281385
27220,39.01141666666666
23663,30.71963401875901
53720,58.83377146464648
73790,59.71973106060607
22664,56.925814935064906
12363,59.5813133116883
64269,74.99518333333334
79833,65.95878769841269
12016,42.48973214285713
62945,61.3168851010101
61846,49.55302182539683
99269,50.79816865079367
11676,54.575890331890335
61838,31.94940674603175
72356,22.788203643578637
27618,52.27674404761905
16585,38.655805555555546
82898,35.51480486180485
97440,31.11957738095238
62920,58.63830873293372
51460,28.11142261904762
60207,42.395313492063494
72951,43.89432539682539
18417,57.92169444444444
37699,47.526819444444456
62898,79.59741666666666
29892,37.73763125763126
85942,78.97062499999998
55566,67.51557629870129
76652,53.46429761904761
69743,38.809088383838365
92765,50.622394841269816
64191,59.2250386002886
120,35.77533423520922
5580,60.8833511904762
78739,58.56701046176047
88127,67.46520773809524
27096,85.0
11634,48.57794264069265
73479,48.268795634920615
69765,32.613452380952374
99479,66.23333455433455
4945,39.405540820290824
54856,50.02200198412701
95894,41.37213492063492
95233,67.54930952380953
58505,42.78392730880234
31782,32.77832720057719
65130,58.90507233044732
27371,74.35205444555446
70645,47.1706286075036
73607,66.67130158730157
102251,45.65453373015874
34971,75.72483116883117
62265,49.89909325396826
35578,33.80438618326119
11883,67.84000396825397
89384,50.65798214285714
12471,53.36341414141411
65448,59.36825847763348
82527,58.83630036630038
58305,40.862839285714294
31579,67.98812698412698
52475,35.69704816017316
88941,60.42674476911976
7676,66.679625
70426,41.41998051948053
69270,67.45678625541126
9746,72.8315512820513
54731,45.06969148906647
68612,65.64488455988457
9292,47.29163419913419
77813,56.0692225829726
102207,48.25603769841269
8054,41.87148809523812
95578,32.45918015873015
74903,45.219228174603174
48852,42.406199314574295
1751,49.64435714285715
69869,57.78675595238096
49787,67.87514056776558
36285,62.98734249084249
7412,50.98344047619048
78120,68.61256845238094
75830,37.55482539682541
49695,64.06717361111112
10330,41.15810500610502
90998,28.43491323953824
99060,80.78333333333333
62938,32.23031150793649
59514,71.68351388888891
97516,73.36578754578755
8803,75.67994047619047
8733,49.83751984126983
33328,47.92183062770563
27922,26.806066378066372
23610,50.27098575036073
94888,71.00545891690008
29242,57.77650206956785
11890,68.81113888888889
98507,55.10312615162615
314,32.36313167491264
75597,68.65047222222222
98125,48.81701424963924
20138,42.22331944444444
92735,65.90431150793651
16401,23.967686507936495
55736,45.401403860028864
41482,96.692875
47475,67.15612067099569
19310,26.709355158730155
42676,34.9734062049062
47746,48.809850288600295
59024,35.03062301587302
68857,38.89169932844932
99603,32.3849416971917
66368,78.50765476190476
16935,40.314247835497824
49256,70.84526175213676
71397,66.71121016483515
59704,76.85505952380953
68232,64.23337175324674
62281,55.2486726190476
62450,68.66238690476187
18087,43.376420815295816
10377,37.87559523809524
748,72.73240588578086
181,59.08395634920638
24375,62.226630772005784
93212,50.10171428571428
89290,31.07802380952381
35123,80.98019642857143
14613,35.32368845043843
20769,39.45829220779221
51834,59.67385185647686
100816,61.516125
40357,37.64057106782105
57963,36.2995301087801
15218,59.192109126984136
69459,54.57018326118328
63987,42.50289484126984
12378,48.72176857864358
20502,31.399575216450216
47385,82.3617968975469
58812,32.23014682539685
78714,74.42179411764705
24467,26.56857341269841
45907,50.71915079365079
61078,39.43169498556998
60292,66.2936507936508
88576,64.06605555555558
58999,63.06867857142857
77647,26.468744769119777
51092,82.48233333333333
26337,32.27223033910534
81076,71.67363095238095
58532,73.61
39817,41.725184163059154
834,65.7786626984127
79052,57.669670995671005
49894,54.8346904761905
73877,76.34566666666667
72617,72.57459902597405
20861,69.87536752512625
97398,43.599619047619036
79265,75.44343609022557
39900,62.389871794871794
73925,34.06513553113553
56324,63.50742171717171
22420,30.476477633477625
77538,53.13787680375181
82955,44.43318574481074
68518,47.8815734126984
39165,36.412261904761905
61774,40.66064087301587
19393,69.14776190476191
33819,57.39170202020202
64156,60.333900072150065
76591,71.34906306043457
11415,70.82667406204905
57371,47.48252867965366
61869,62.861602772227776
62441,80.99380586080585
9548,30.156611111111104
75000,48.73822817460317
64700,47.81648611111111
98382,66.44935912698412
5577,49.373150335775335
60739,35.18520634920634
18005,41.52175505050504
58752,78.36390993346431
9085,77.91255495430495
85639,44.45266567460319
72060,55.71205952380952
32569,44.729749999999974
72942,62.99120634920636
26377,58.35284523809523
27793,58.33667320424674
72447,58.87353769841272
11271,80.27732738095239
24810,68.26191071428569
80892,51.79561507936507
39339,41.69834920634921
70735,77.6679880952381
91185,74.89763965201465
82379,32.91083928571429
36170,35.85311832611832
74920,39.781902777777795
50880,63.53171726190475
101422,59.6986646825397
70803,44.535559523809525
10832,58.430722763347774
47444,51.56473214285715
95365,54.81958492895993
16807,29.129617063492063
91851,44.352569444444434
79888,74.99520833333332
69047,81.1279107142857
2700,57.18070238095236
63677,49.66601605339106
44556,31.57122817460317
57245,46.17037698412699
51210,57.835994408369416
70795,34.00047619047619
86836,36.02975270562771
3012,46.33126190476189
62983,45.70536507936507
53042,26.44178571428571
83723,41.386619047619064
55101,70.2256167027417
56670,46.236021464646456
93145,68.92741666666667
68220,70.76975793650794
82947,54.4810972222222
60419,40.61488798701296
78284,50.85400579975577
99963,72.09871854534354
68742,64.52861017578482
14639,51.272409451659435
26784,67.43536706349208
43664,56.81455014430015
8870,73.69649603174601
27885,58.287533730158714
8467,34.031948412698426
25094,59.937372655122644
26340,53.08376190476189
74568,47.4889246031746
17187,72.33707792207791
157,61.360482142857144
84664,28.717849206349193
60401,46.304662698412685
86200,61.26524404761906
19243,33.44103553391055
15467,70.98819047619048
21071,58.90819533652623
84788,84.51644444444446
53204,43.770505050505044
38709,54.27031691919193
51077,55.937966991341966
61206,26.89256872294371
91699,34.5779558080808
61389,50.2283841991342
45325,78.54336904761904
38706,47.43069715007216
49822,69.98257878151261
34063,40.75258639971141
876,26.05326785714285
51208,56.97151190476188
72259,49.717679834054834
44606,35.187714285714286
59017,52.22838634976134
71266,39.2846865079365
83810,63.986681457431466
87102,42.40034758297258
26918,33.34601282051281
43046,50.26963347763347
69084,45.44940494227993
59963,32.16668986671223
41025,65.89391558441557
4359,24.841781746031767
61619,73.61065476190475
67580,52.971414321789325
32681,79.8863247495968
49176,15.050561507936507
90143,76.4274972943723
96219,65.98738600288601
78899,49.268369047619046
97690,43.6112297979798
68299,50.74098069985568
10729,65.64127926240428
77980,62.8743234126984
60420,35.90670039682541
17412,13.225918650793647
15670,70.97095992895991
47432,48.43140674603173
57670,72.59773809523809
53113,52.61198015873015
28694,38.7892996031746
29605,28.638743506493494
59743,70.10676785714286
58019,66.95702380952382
1947,74.79305952380955
24175,78.202875
55777,77.28425683131915
53169,76.03284523809523
99347,54.764359126984125
2976,69.58080158730158
14389,74.86550595238096
86152,59.303761904761934
14638,37.758200396825394
89796,45.908876984127
77191,59.73548015873016
101024,54.466847222222206
54003,30.779617965367976
43716,69.20474801587302
96990,54.73676515151516
73464,43.72321825396826
53007,53.48295057720058
22376,41.74506673881674
69753,41.643069444444436
32509,53.84661706349204
56791,45.30042676767678
16882,52.03275216450216
15849,56.88252976190474
44708,57.94441813741812
17929,67.07805555555557
89409,47.26415674603176
23759,70.96582738095239
21130,75.99775
7032,64.17829996392497
83185,18.929427669552666
72619,80.00689285714284
49918,49.0606617965368
5237,26.545007936507933
12929,75.53654411764705
76309,34.276110805860796
7670,45.93748430735929
51960,64.00516080977846
45744,41.26655753968254
47259,29.705171245421248
32606,46.01548611111112
36705,53.947240079365095
22887,72.89315392648287
64467,62.18129015429015
66992,46.05612788600286
35992,65.83194642857141
74884,71.43268452380954
100124,48.33058892496393
67264,46.66419047619045
54466,38.0459503968254
44720,79.94588492063491
42989,38.0570441919192
29451,64.28289682539683
9640,77.17441666666666
76985,37.79617568542569
58037,76.06619047619047
63621,42.35916269841269
62752,47.045952380952386
52783,33.37699116161616
97394,33.65933080808081
17864,47.9883961038961
23014,74.05619642857143
20547,71.473
76034,71.40246482683983
60340,53.583767857142846
42846,42.643007534132536
10000,31.502855158730156
98798,61.151282717282726
35247,36.517476370851355
97018,74.91656439393938
32646,28.529164002664
39313,31.374283730158737
69131,72.54530357142859
95676,24.987491480741472
42173,41.74654563492065
40906,43.4939338023088
74461,37.25028174603174
55433,42.628755952380935
95788,46.04832882395381
32144,53.372552521008394
38421,41.989893897768916
15594,50.49485317460316
13394,37.55039123376623
38600,66.07682539682541
12323,62.14801406926408
36239,30.677613095238094
85149,48.331005952380956
39053,37.63989285714283
35351,59.138505772005765
39600,50.652142135642144
41318,51.616264957264995
69957,46.396855158730176
92142,47.77352886002886
70051,42.888528860028856
45257,60.46224065934065
91372,40.06332234432233
72058,78.42852976190477
90616,48.29318326118327
27024,48.82472222222222
11577,31.56873755411255
14358,63.51335101010101
9600,34.14090818903318
82534,65.21825518925522
2259,49.70354166666668
91634,32.414077722715874
89465,74.959
38329,55.59925865800865
1099,42.40204761904761
50940,73.9219742063492
73442,60.518110275689224
89789,59.92905753968253
21197,47.36574422799422
29762,40.93926767676768
65719,63.447682539682546
78750,80.617
79182,54.18281698856699
28661,63.555763888888876
52308,59.571209956709964
20255,71.03978672308084
55219,30.176420093795095
42362,64.33924206349207
89991,75.94441666666667
3634,58.469972222222204
95441,47.93556150793651
27217,34.81007215007215
34391,53.90652156177157
12667,47.82146230158729
57286,64.8867738095238
86406,47.995192460317455
41314,78.73392216117216
39222,48.10740043290041
40272,55.400478896103884
49095,95.61050000000002
5364,36.47517063492064
55083,35.72492857142857
86450,57.484720238095235
80369,45.62754761904762
50015,49.35080952380954
79560,57.168436507936505
67845,73.21908441558442
63355,63.3347113997114
25682,45.15333387445885
68291,51.90790674603171
34817,63.849387265512284
6007,32.61597745310247
44002,62.65750090187589
26042,60.95718452380952
62968,55.14754895104894
4122,43.169769841269854
90761,56.235169284147226
57051,21.25975976800976
87050,63.440585317460325
91495,46.42457647907647
15069,68.97264980158731
99478,43.97464141414141
38438,71.40912770562771
60663,54.90753715728715
7826,50.95154906204908
39094,55.10369642857141
36868,64.13438064713064
28337,43.15455645743145
91892,67.73367261904762
62508,48.62024098124097
13772,38.52515476190476
60854,49.31057142857143
9599,36.45965386002886
30827,46.0794662698413
76188,53.45056567044065
98065,52.74758170995671
97542,80.26316666666666
20673,40.125861291486295
39120,68.19675198412699
12812,76.00848917748918
55124,51.13045512820513
70275,93.6634698702793
58365,26.68780303030304
33706,57.554446428571424
85412,86.759
7889,45.8149687950938
74797,48.424373015873016
28939,53.128250000000016
64940,46.37216666666667
102200,39.36405555555555
26107,39.7174695165945
55995,56.6723226911977
52588,55.767022727272696
46312,32.15238293650793
39658,53.57468055555555
72685,38.52729437229436
39768,80.79483333333333
80967,78.56342658730156
11730,43.68233982683982
48344,42.06795238095238
98681,79.99414101666306
81694,43.7494761904762
21236,56.742251803751806
101777,72.99174709302325
6293,74.03828978978977
24525,37.30892243867243
81271,45.372279761904764
77177,79.08737896825397
84708,39.79805952380951
74892,67.15570781573498
12294,47.606063492063484
27858,36.82737788600288
24651,32.80094702111614
89158,41.611125
77854,70.73156901724008
30233,65.66507341269842
68189,96.82220238095239
50306,44.51847204184706
3031,45.28594369519368
90661,42.1052757936508
71249,31.706292929292935
71696,71.75797222222224
91780,53.79265079365079
57940,38.19949404761906
6526,35.84292189754689
58896,63.04516973304475
91905,49.495051587301596
26750,31.894155844155847
35935,74.42076984126984
70257,49.904470959595955
93391,55.123738095238096
84879,37.578404040404045
81863,71.71229960317461
76953,23.172102092352088
75641,29.85820436507936
98298,56.20214285714286
74761,29.908813339438336
85962,39.79060081142689
51413,56.403226010101
99678,42.27293452380952
70559,74.95180952380952
28737,38.82897619047619
77074,50.0419880952381
48393,70.95985714285715
12467,54.11487103174603
91915,80.35734793433264
88072,47.563831349206346
95975,65.02446807359308
72181,55.23131746031747
85396,80.97625000000001
85591,79.73460714285716
29340,70.0290523809524
3427,35.21063095238097
57386,71.93628174603175
10595,45.747956349206355
36041,36.68115223665223
77605,54.83288095238094
77293,31.49966792929295
28875,54.420849206349196
75627,49.69415584415585
92475,48.25406313131314
26457,68.98116666666665
90345,35.70609523809523
72451,77.92755081300812
75729,55.077581281037794
75842,29.411528679653678
28907,26.486144300144293
72376,40.69854563492061
57641,53.91555952380951
90969,61.44490674603175
42210,31.051732683982685
13638,60.63295616883117
40039,41.54547420634921
81290,67.01383089826841
38216,61.61615565725126
20850,54.70771230158733
62336,33.16169444444445
24671,67.56141233766233
5497,39.94187103174605
54714,35.06435317460317
73074,52.385150793650794
10085,45.4315827922078
45578,56.14705122655119
27242,71.93732142857144
62927,68.44850000000001
88877,40.88371230158731
15148,47.84854618992119
46470,86.96517857142857
9171,70.41614377289378
25463,33.098965909090886
43631,49.504015692640685
101815,29.882172979797982
55701,69.1167395572264
98226,44.016979867354856
62131,62.260534090909076
53093,70.57351022588522
47311,63.05398412698413
94791,32.33495274170274
69353,43.8848170995671
12202,41.098206349206336
93929,80.41707813949694
23479,41.745841269841264
36438,81.03527958152958
95821,69.419305258467
8973,65.89444887955182
25133,45.27364862914862
50515,71.92625476190477
8718,50.177787878787875
51821,66.94209235209235
31971,53.71780158730161
37011,67.48478373015874
50792,45.97752579365083
36616,28.176676587301586
76630,55.475037698412706
22266,17.011225468975464
61760,35.60730862193364
45230,40.069113095238095
22560,47.44918055555554
75007,44.50684126984126
77404,58.141962121212124
51663,39.42721428571428
78352,42.89686237373738
32744,33.443664682539676
60378,38.222590367965374
80493,31.58671807359307
66534,35.33525360750361
27683,45.798533882783886
36666,63.73355357142859
30977,65.4260744949495
40695,66.86120833333334
72165,43.99846951659451
7987,80.85708333333334
26415,44.098775141525145
93713,56.940334332334345
101477,23.791799797424805
34913,67.75199350649352
41306,62.43294173881675
71097,40.683395465645475
14321,52.801255952380956
12055,47.5333465007215
56706,66.32319246031744
22082,31.475442460317463
53410,14.744884920634915
11763,28.95691901154399
5530,71.44064786967418
85002,66.75898995448996
58011,39.808579434454444
50286,38.19856944444446
65695,40.4087261904762
32270,63.02402092352092
36463,33.70373473748474
47851,46.96918270764322
90748,76.81965140415141
23189,28.70896424408925
158,69.10033889966243
61043,61.80798214285714
3358,30.25870833333333
78138,64.11962698412697
81194,54.96686457986458
93917,35.686367063492064
42731,54.01428571428574
18450,25.959305555555552
81169,46.16382341269842
80721,35.22469606782107
64568,64.79452976190476
58088,46.76579960317459
56600,48.87882196969697
85759,45.367789682539666
4361,61.30524761349762
45126,67.78484815592905
99961,72.77955555555555
101486,53.02281547619048
93925,60.53362103174604
64634,78.56158333333333
45069,38.56736904761904
32240,41.25562337662337
75698,53.35446825396825
59773,78.35889285714285
76148,50.94206782106784
79924,60.663859126984114
94885,42.74489144189143
87951,30.3147638888889
46661,50.080763888888875
10151,54.63951190476188
2984,68.50172619047618
55527,38.86599853801169
74107,38.694974206349215
10622,72.08794047619048
29556,60.05485775335774
10795,64.7965277777778
37680,28.581190295815286
60571,44.068281468531474
17830,54.96493831168829
13227,85.18554761904761
10233,44.32412842712844
16636,53.44318253968254
47466,29.51850288600289
57233,39.847034992785
71507,43.166044011544024
80319,60.61235443722944
69192,65.90708333333333
22737,47.15134018759019
32315,43.94750468975471
38054,38.49433928571428
25067,41.31673250360751
2831,37.584680513114336
97731,81.99833333333332
66348,47.25627326839828
15975,80.73713636363635
36789,45.4403630952381
54158,48.249811355311365
20730,63.95305916305915
94183,54.72362012987012
21622,49.14498953823955
14270,76.11891504329006
16827,65.64360930735933
101811,47.44677987290489
52743,59.37264087301587
5168,41.88358008658009
46127,70.76452233877234
55561,51.45716865079366
41132,56.3244087301587
47773,64.78551948051948
13568,41.85337116967999
23542,47.410011904761895
18080,62.987914682539675
83638,38.50879532967033
49330,74.81930357142858
13451,45.91522582972582
7115,61.09749603174606
34093,39.195964466089464
3007,16.159190476190478
23543,60.02650992063493
99459,41.97980555555556
81295,73.29393253968254
100505,34.09164787581701
75793,37.67624404761905
41619,21.306190476190473
69076,65.12263095238094
4366,40.75208730158731
50654,48.7836296897547
68937,79.12944642857144
7033,31.13875992063493
100325,63.810684523809535
99946,55.424771284271294
59254,70.03340873015873
98101,73.20068452380953
4435,69.26913852813854
85305,44.170280663780666
39929,38.34129076479076
6113,62.15759758297258
91212,72.24861111111112
63912,54.58024404761905
10381,31.664700757575773
61786,68.62271428571428
88718,78.7446858813701
88683,28.563003968253973
76237,50.195970238095235
70959,39.575055555555565
83595,49.35464195934784
83943,57.16154301948051
59973,70.19832539682538
42111,52.12100636863134
91314,51.27236309523808
47218,37.48613474025974
87552,40.36871626984127
28855,51.5246224747475
39401,73.31899261083743
84237,41.573541666666664
69278,41.119174255956224
23977,48.84769101731601
75104,71.82256253468753
45547,75.16358333333335
62800,73.96720772283271
13220,64.30960500610502
99463,48.88246699134199
15420,64.34341269841269
60217,49.940291666666674
54234,39.65193849206349
72612,33.12924296536797
59164,67.60595039682539
56155,47.01146643634144
28618,60.02644444444442
97591,38.331919552669554
25918,29.07896428571428
71118,50.148559523809524
68916,61.334111111111106
46378,55.040706168831164
91232,44.936145743145744
59367,66.15170734126986
24281,57.67314484126982
62122,64.47232882395383
45604,37.58100595238095
19763,40.429049603174604
47500,32.35490397102898
94831,81.37864743589743
17046,76.11145869747729
22394,63.37065124336449
87801,45.715743867243866
54187,44.8811829004329
53972,77.77109523809524
79740,44.825990079365084
35287,71.21423015873017
53977,82.18753571428572
61545,65.67529563492064
89418,57.033301587301565
18973,47.17552182539682
7000,46.93738492063492
26463,57.29160714285715
55145,41.40172546897546
93337,65.74117063492065
24091,61.23040620490621
4991,51.36163492063494
96521,66.75203174603175
55653,37.01837770562771
77800,76.92780037155829
34357,74.13936507936508
8087,44.99608333333331
55245,74.78791666666666
17807,65.6084523809524
91138,54.149128427128424
38233,54.16513003663002
26924,39.9988015873016
605,43.414340298590304
55498,44.55503625541125
48064,24.723112734487717
26604,66.79015476190474
30653,31.582262626262622
11713,44.85745959595959
69420,28.33925198412697
22389,68.40732738095238
59225,31.348354242979234
36835,48.26013275613276
60255,68.67372883597884
79883,71.84904166666666
65648,36.50411111111111
32157,42.71731908369409
10485,65.03885119047618
40713,63.00903373015872
95017,50.5256666666667
36544,61.37578517316017
13435,57.248181110556104
21792,68.54746428571428
40388,34.20593055555556
21385,42.80753499278498
29250,39.963759920634914
101876,40.44372420634921
75913,65.79454761904762
51598,30.43032936507936
62833,51.25756081418581
72472,69.99875396825394
75513,40.675791666666655
46305,37.36867352092353
93842,49.79204112554112
39201,75.51346428571429
77510,69.013125
35447,77.58973015873016
53384,37.27675
51105,42.49131349206349
88734,31.913325396825392
9070,64.897990942029
79423,44.80945995670995
25273,72.76456135531136
1197,31.903672619047615
101848,58.50363943001443
18480,32.70656186868687
37443,49.79459523809523
45918,72.44779743867244
60286,64.34865277777779
51665,57.44751573061442
69115,41.11390205627705
10160,42.53177218614717
100373,32.0999051226551
6888,78.96400324529273
97043,35.949902777777794
91076,38.0419338023088
31943,65.10470436507936
44979,74.94333928571429
23866,42.9987670940171
27145,55.70270695970696
93302,66.73582936507934
93165,68.84750223877428
67410,38.716746572871564
28436,77.35389502164502
61982,52.78893091630593
17878,78.81865826330531
51721,45.231486111111124
79178,16.441408730158727
35910,33.993716269841265
26390,47.67575811688312
66499,48.90818524531025
97550,50.54315728715726
85531,50.43927723665223
4073,36.98615405427907
34785,59.96038869463869
81328,50.390477994228014
20215,31.8160873015873
22098,32.031860028860045
15222,40.622580988455994
70271,34.99720436507937
82004,22.844734126984132
86133,66.15693668831167
61202,65.4075119047619
639,83.82303571428571
39098,37.16023611111113
33233,42.20060515873018
83860,66.6472839105339
101703,23.21496825396825
97360,39.23718253968255
40229,85.46730952380953
39982,15.045533369408368
8950,33.48348322510822
59750,76.86370454545454
9628,49.337996031746044
71637,53.16489682539681
20231,56.49258928571428
74551,72.64765674603176
87654,57.56140087526851
99818,37.15759090909091
2682,60.66328373015874
67709,36.46016901154401
51818,49.17040996503496
11987,38.37426857864359
90691,35.12066071428571
35325,27.831892316017306
54257,37.81913492063493
35706,67.4385937950938
78563,41.97464303751803
91924,80.10229209503201
24475,93.7004183347519
63255,39.25357647907647
31611,64.9695847763348
50915,48.7730009018759
75315,64.6438725490196
98844,69.93348412698414
31899,73.84608333333333
26055,72.80890656565657
53261,50.90071031746031
73901,37.28861093073594
10321,24.182210317460317
19884,72.23937698412698
2446,64.94723611111111
95163,48.66483333333335
30609,35.202331709956695
43837,72.36000000000001
61150,38.17772023809523
5199,81.99642857142857
11633,42.07657142857145
58808,63.73287500000002
91323,81.98
80035,58.02635930735931
16573,57.89474007936509
97117,61.12556150793651
48975,39.06517352092354
12224,47.22839135864137
17178,64.00489583333334
28379,61.01838281163282
8386,69.49891071428571
41546,45.68377777777778
64845,54.29814880952381
47222,74.35320791562238
54015,23.72970421245421
90394,47.00948430735931
59987,42.06340151515151
91109,30.082639790764787
34510,50.543898809523796
31023,45.370501984126975
9555,50.060672077922064
98775,47.943724206349216
40269,63.982440476190476
53846,40.55918650793651
97348,25.301192460317466
81116,62.826632352941175
11337,44.35012193362193
96080,26.326455266955264
83564,67.01953120490619
31732,55.86983730158729
36446,61.92672023809525
25063,36.0873392857143
89753,37.57312103174605
49770,67.99005952380952
21217,45.19475595238096
67073,68.05984380488792
2538,38.13008676046176
44612,34.31104365079365
74349,25.81288888888889
68408,79.70039285714286
52223,40.47876785714284
96888,36.72636056998558
79230,43.59954449023198
90583,66.5488273809524
72609,23.858557914307923
89901,57.11260191197689
3421,65.91349404761905
59061,62.93313690476189
19082,40.02041847041846
29328,29.59595021645021
5093,65.65750198412698
18047,57.07801749639251
55028,56.44426190476188
58448,81.4836488095238
37828,67.87131372549021
2184,46.108726190476176
15928,40.938045634920634
26644,45.782889790764806
84312,37.54054148629148
43744,67.28061345598844
80488,62.936502567693736
33251,36.74898020035517
64143,42.4195992063492
17524,48.316053571428576
46356,36.96482683982685
65026,48.14633531746033
6964,65.03996031746031
37580,41.248970904095906
11517,61.263214285714284
59486,57.75512500000001
18809,48.03081295093794
85615,49.828619769119776
18020,68.91615178571428
81779,60.43520977633479
87215,63.52884661172162
14920,55.60114484126984
31449,38.885208333333324
77828,47.54055158730158
94807,58.864156385281376
66183,82.0
17644,52.24680158730159
38660,47.32544817927172
52473,62.96455357142857
48375,47.60670650183149
38972,45.796941738816734
75678,53.83657559107561
36022,50.237793650793655
239,64.36311904761904
68790,72.141
80851,42.5577261904762
90977,47.42826984126984
47317,60.96330279442781
15813,36.39752777777778
65033,65.89226388888888
98192,39.940813492063484
80131,35.01944678932179
93941,60.62760858585859
44086,55.964035894660896
88902,67.82573015873015
13482,62.54160840548339
30908,62.98798815808375
102283,33.64744841269841
10283,63.249824494949486
28549,55.23991504329003
50785,79.75333333333333
80091,35.73660930735932
86288,81.72971212121212
50431,28.81856998556999
41143,34.24174023199024
95295,26.22119282106782
45166,35.272939213564214
48932,63.918398809523815
17389,43.4947741980242
31969,66.10856758832566
11165,33.83294246031745
48092,43.23750992063492
8512,44.887536796536786
58987,38.217950396825394
42254,60.74575865800866
89738,41.791259920634914
69056,69.03579437229436
46516,65.77607142857143
65499,55.85816414141416
18167,60.02103354978353
78748,38.19598575036073
59187,41.138718975468976
70650,55.53415857331074
1902,93.39646947099213
73988,65.0931726190476
53980,51.183857142857136
27599,62.18594823232324
19031,58.33416973304472
58911,33.97506561006502
17614,44.665666305916304
70304,57.68223881673881
71230,41.35476785714286
89446,48.594880772005766
79858,48.34884289321789
27106,47.393992604617594
70706,43.14106890331889
25622,41.12886706349206
42996,43.94669703907204
48665,55.035079365079376
53120,44.65049603174602
35515,29.98424242424242
87233,59.18345436507937
4655,50.16907575757577
75768,82.73442857142858
1193,76.85842857142858
79898,67.07211904761905
49803,45.56366107503606
41106,34.17886327561328
88179,46.160611652236646
948,50.12356746031746
63845,59.753237193362175
63165,60.057695526695525
771,31.001045274170274
17551,63.8557225829726
78036,38.356019841269855
66208,30.120761904761906
40013,51.67303968253967
99704,63.7380321067821
27199,38.80866486291487
32559,53.26981250000001
80304,86.87714285714286
15758,58.310227106227096
2141,49.07558766233765
57528,52.62918650793651
74939,49.11968452380954
13886,56.67892568542568
59509,74.46487944292551
61579,71.8155724789916
22661,52.06153174603176
44483,42.826337301587294
95411,72.53775
78279,65.5213250915751
70653,31.019111111111105
3967,64.91241666666667
2071,65.23921825396823
89241,54.63138492063491
32670,66.9189393939394
102234,33.0002243867244
81865,50.15488705330618
10965,43.22726190476192
50511,45.27454215083164
90137,43.557651695526694
34760,76.92233333333334
25923,61.43183116883117
53124,63.22979761904762
102084,33.758171356421364
100749,36.565803571428575
98750,67.45236111111109
90657,67.62269444444445
100271,70.46438095238096
76735,54.1934440836941
52286,49.77739213564214
74390,59.891557539682545
81906,53.87951100288599
49693,39.5003933982684
65393,67.87014056776559
100654,76.48661872849375
51018,35.355001803751804
33910,78.17784722222223
6651,58.889434523809506
60049,58.31366702741701
75870,49.607719304388446
65155,51.668597222222246
70028,33.465858405483424
28667,28.2461323953824
53616,67.27075757575757
53792,38.24525703463203
78456,30.342146464646465
77357,59.108303571428586
18504,44.53541504329006
45833,64.25480357142857
43463,55.67690295815295
99439,44.74096428571432
69688,70.75089285714287
84183,71.60252976190476
62331,72.85232735247209
15974,78.988
41191,68.84536111111112
79407,71.87649007936508
47451,69.6207380952381
29911,62.400602453102465
53422,47.667766923436055
279,38.5374936868687
90915,55.95930375180375
73679,78.37728921568626
3280,60.302775793650795
97387,65.75867977855478
81285,43.512396825396834
39686,40.986006673881676
33929,69.05208333333334
90888,76.48616504329004
62818,68.8649696969697
96711,66.65952976190478
56839,59.76498611111113
10783,61.88208351370853
48694,46.98068849206349
17575,77.97337301587301
51096,39.36763744588744
32822,66.58757125799036
28039,42.2593704906205
83895,25.091944444444444
13758,33.68855555555555
21049,67.45486333051008
64650,28.760814213564217
4286,37.40362842712844
72063,33.46353968253968
25241,46.765172979797974
51878,50.645670093795076
44961,31.638859668109664
52521,46.4236130952381
94986,48.508591269841276
69514,31.53222619047618
35884,37.39255781718281
51437,42.32389484126982
31752,72.58686988304095
17373,46.05802380952381
40736,29.88018632756133
97097,44.300988095238125
84356,57.8232898629149
52321,64.73044606782106
80590,60.71377182539683
96694,71.64380889943389
26513,55.296119227994204
74565,68.85347023809524
31238,53.83901984126984
40988,76.15091969507101
64563,62.19391269841273
68097,32.71596031746032
14422,68.0978611111111
61601,37.46221320346321
97886,57.70276190476189
77731,52.373151875901875
95539,17.839332917082917
66413,70.74129473304473
61007,68.87216697191695
25017,46.52071606171604
18420,36.8633759018759
3289,44.69438888888889
15441,68.8519761904762
20564,74.69175942259496
83065,26.562075757575766
47779,51.33720670995671
32215,68.37984523809524
87248,72.89641666666667
36726,54.55981746031746
2122,27.55449747474747
41524,29.87283928571429
23337,65.61768994893995
28340,69.75449891774892
36199,40.628944444444436
63465,15.173791486291488
49192,45.55918215118214
7045,71.95288095238094
31762,62.87840369352871
89445,76.60376221197107
14166,67.3742261904762
32496,69.18343903318905
85871,47.30004329004328
47366,28.52940675990676
76777,51.62141450216449
38772,61.80838361638361
51383,41.849984126984126
9325,99.01170454545453
5197,55.681431547619034
45875,59.89018362193363
4976,38.861882936507925
86646,85.79916666666668
22190,37.52662103174603
79983,34.743121031746035
26141,39.4151507936508
58695,28.72006186868686
45618,32.78783044733045
61352,73.71483333333332
30031,33.788743145743155
100890,38.60909505772007
33970,71.56970634920634
30333,74.99679166666668
80680,73.59744642857146
37329,66.02938445378149
65838,70.30693326118326
100711,55.80305482456139
76467,38.517512085137085
92680,56.99110317460317
52489,77.51841666666667
62153,62.819464716655894
21129,42.5065477994228
49685,60.32857178932179
64533,78.11656529581529
7322,64.71548015873017
22797,66.31190277777779
71282,28.382508477633465
93428,71.45300061050062
75498,32.0980036075036
14856,53.796781746031755
86900,39.848187865497074
63590,47.063663794538805
65804,34.63894715007214
41071,57.585055555555556
25087,78.75616666666667
96353,38.33861922799423
61225,48.12761706349206
48290,41.75985551948052
63156,28.221035714285723
64772,68.27353196803196
39783,57.82424999999999
54214,63.30621031746033
83147,69.90664880952382
40915,56.374290404040394
79638,33.70860317460318
7378,46.46009126984126
61748,65.52698214285716
16996,46.205575396825395
77743,68.73363870851371
52908,60.46133333333334
74408,43.255696969696956
60545,57.58548015873018
64666,44.176724747474736
17855,45.39436760461762
91669,72.57439041514041
85549,99.81
83346,39.83482251082253
53641,28.240194083694107
89055,53.71595634920635
46051,71.61667094017095
38015,24.528479256854254
72327,74.5566865079365
97622,48.04818290043292
29003,31.567940018315024
9513,50.85970634920634
61335,48.30447619047618
1855,77.60147619047619
18909,35.07544823232323
66189,38.2096507936508
70649,80.88041666666668
6997,35.25136994949496
66932,46.0863869047619
45161,72.46939285714286
19292,75.79940476190477
37156,69.020685515873
18097,49.19838492063491
89908,58.954867965367946
68155,82.67613888888889
6393,81.7082777777778
75769,75.47177427637723
1414,34.77011904761903
3828,52.15819823232324
69136,69.20971031746032
47743,29.644555014430022
13210,63.186366341991345
68325,68.65916666666666
82395,44.42463997113999
37460,77.62175649350648
93654,52.66790133477633
102367,49.31080357142856
89140,53.35998466810966
35731,39.94469047619047
5484,64.60373484848486
17298,41.46598177149648
87075,36.500797799422806
101533,51.72167171717173
54845,58.89521077533576
5923,66.90979599322246
37300,63.49084217171717
2879,44.75084361471863
78323,59.750654401154414
78936,60.555722222222215
4698,50.60567748917748
37785,34.030255591630606
38890,74.97616514041515
63093,31.13086706349207
76543,63.54198214285715
17055,61.71207323232325
97088,53.2203686868687
80220,78.90213888888889
98011,47.9294990981241
84158,60.708748556998536
93848,53.07813293650796
80321,38.9521337339561
16956,60.71093308080808
1021,46.141815476190466
4710,35.816601370851366
24034,37.07303968253969
96053,45.979947871572875
69749,52.1661331168831
14736,70.33679166666666
27227,70.62935714285715
60247,58.80953914141416
89824,37.92039862914864
94554,41.34894733044734
57211,70.13600096145686
85825,62.67837896825398
17378,38.702453823953824
40036,77.52585714285713
31077,48.071323412698405
74737,29.651127886002886
8464,68.5727261904762
35208,41.16250992063492
24689,73.91286111111111
77142,64.89550847763347
44845,70.74491468253966
63405,67.54117857142857
60061,36.05632196969697
55972,41.09429112554113
7862,58.889465007215016
4752,44.77471626984125
60414,68.98887896825397
16614,36.42584613997113
93962,66.50966973304472
69774,38.97930555555558
99335,67.68292243867243
52467,72.85330576441102
46973,66.53944642857142
101297,30.909216269841263
93847,67.19041423160174
82435,79.36408333333333
94932,36.96102182539681
57300,34.393091269841264
3758,62.230983988234
37192,63.82055158730157
29436,51.04627615440113
45975,45.356128607503635
86668,52.922508297258304
98899,41.72377579365079
37660,74.69631043956043
90610,54.63505176767677
35725,60.44717178654679
44865,68.05024404761906
83263,24.45651443001443
93642,51.561865440115454
27211,43.230053030303026
55970,58.19607774170271
2742,54.44150847763349
90957,49.88367370129872
70405,81.88342857142857
28362,37.41874891774892
73028,30.243664862914862
68691,57.57589880952381
6121,35.65343543956045
35147,52.78133694083694
20390,52.89373538961039
49230,73.23084577922079
19036,42.03744119769118
21413,66.20790476190479
84318,47.819632936507944
62147,35.75776244588744
8135,62.59589163614162
77470,53.529053571428555
100050,50.10536507936506
55558,59.725191239316246
44501,30.60039159451659
16306,51.536477453102435
53198,51.45532524420027
69689,34.65188726551227
81400,71.31974404761904
62436,45.74746446608946
52625,37.43028066378067
12358,67.25200892857143
14018,76.01255753968255
17456,52.134166666666644
60083,70.40054437229436
78915,33.0757463924964
13489,49.922725885225894
17810,29.411833333333334
65305,69.2071971153846
95469,59.39753496503496
96151,74.63211591478698
71683,36.5527287989788
83311,58.56178373015874
40142,72.49327622377622
27545,73.09744444444445
84263,66.97942784992787
71500,41.575197871572875
102495,59.32880375180372
16784,70.67039213564215
85835,74.67565546953047
42433,37.37734325396825
37919,35.84644047619048
92136,56.479099206349204
100617,55.63364912783294
12916,71.422057997558
27154,69.84251373626374
73459,69.5159034633667
43533,48.65003264790766
5494,56.30826316738816
5873,62.04942388167388
42414,36.785238095238086
60394,40.100581349206344
37424,39.45076839826838
84969,56.29993253968255
8902,76.37496978021979
61456,73.77875963122511
17098,43.416460317460306
78351,54.44392207792208
12205,55.39202958152958
26123,78.96357142857143
24022,37.227638888888876
48527,57.336877705627714
50458,56.85533928571428
46924,67.29787103174604
32511,64.20318510737627
95971,60.618424422799436
70110,43.57049007936508
786,63.94176316738816
39324,50.86736598124098
13744,72.93931538465348
64958,27.45027380952381
77739,39.35254563492063
78124,64.12449404761902
6319,40.89054365079365
4005,72.00957142857142
82668,43.53218813131311
76525,35.54758297258298
28224,28.804942460317466
35470,59.178661033411046
15488,28.7659623015873
53405,61.801045940170944
3610,32.745271825396806
59468,68.43543127705628
73587,44.43078569529885
69347,70.10625595238095
90071,48.6670376984127
26766,37.02747023809525
81751,43.89339989177489
24460,27.63655465367965
4457,42.767207070707066
26315,44.51801334776335
7859,37.385753968253965
44303,51.891984126984134
51943,35.14682124819624
86293,30.60549855699856
94515,26.796563492063502
79846,33.47495436507936
54356,66.80492156862746
40035,41.650132034632044
50752,37.8431055194805
101329,46.661583694083674
90265,46.16901118326121
46399,33.20185119047619
8655,53.536039224664236
100543,55.4327748917749
8011,66.97030627705627
86329,48.469586038961054
80750,51.41378769841272
68613,39.86828968253968
75568,50.75854731379731
48001,54.269204004329
72784,70.0075
8035,32.22716702741703
28307,57.01730555555557
25982,45.00356511544014
18415,43.088055555555556
37227,30.151006673881678
52483,43.935429945054956
38996,62.527990079365054
30619,49.28221915584415
99677,44.00592857142855
84937,59.244482142857144
33282,66.53032916604468
46391,55.92293027805528
85115,47.12912896825397
63749,57.8522777777778
20122,72.03498214285715
24900,33.17060335497835
30455,42.62707702020202
60535,45.25684126984127
46556,45.15103174603175
92363,47.255046536796534
44966,74.60921052631579
33276,53.87106673881674
19559,49.9890613275613
78092,42.43442388167389
87088,61.84909291443851
45332,55.23400487012989
50003,59.462873015873036
51838,38.68641865079364
81387,54.81293740981241
95203,40.91451587301585
65736,41.475941558441576
37164,67.68185894660894
82813,48.79077128427129
12691,68.89587247474746
28869,63.44096031746033
84077,69.44284615384616
89354,44.484734126984115
98907,35.83311706349206
60027,54.9978869047619
1718,70.09141829004331
39058,13.494792027417027
12786,30.615418650793657
47146,62.25932016594516
41401,67.7590756302521
19042,48.5029911199911
95951,65.45403896103898
62986,47.18789285714285
12864,78.50334722222222
6510,46.71593849206348
88805,69.67238095238095
94327,42.48608134920635
49783,41.1300238997114
20204,25.827928751803753
6077,51.16375883838382
52053,62.879119726678546
2124,83.65875
90458,80.02456037753929
3325,50.81476190476189
25002,56.63045743145744
11997,72.9452904040404
1115,35.56674458874459
98767,61.528119047619086
53208,34.018644660894665
83965,61.524083333333344
80170,77.15432864113014
14223,27.87987987012986
50008,50.4156634199134
92926,56.6032025704181
67262,75.97250689669808
58690,37.915708333333335
85708,78.61961075036075
4398,34.34966559829059
68131,58.435488095238085
59075,44.61343528452224
1830,25.583330447330457
44042,28.948612554112565
55882,51.864726010101
16778,28.987579545454537
67670,32.716988095238094
62193,50.78550992063495
85736,58.759125000000004
31299,52.69047023809524
52253,55.10467965367967
32675,53.057142971064
38138,60.1524742063492
6821,31.6554822954823
92299,44.745791847041836
14175,56.092526695526715
51304,39.740299603174606
86950,49.51934126984127
21213,80.00289388769554
63751,74.94376578282827
42886,40.88557413419913
88443,65.53695772283274
13076,46.746171092796075
67337,37.863799242424264
69804,72.69895833333334
2675,59.39919139194139
39048,44.69710317460318
49270,57.57598412698414
68932,54.07239697802198
84505,78.27083333333333
84281,56.55998214285715
43435,54.4488095238095
59534,28.70764953102453
69556,50.00239880952383
51761,69.03791369741369
1220,39.20662788600288
32987,63.605521672771694
39994,29.410148809523797
6677,42.75966089466089
9361,66.25100396825397
26425,48.340525793650784
43768,40.15860323744882
40933,53.09579553779553
56094,34.934244047619046
16723,59.53088949938952
706,57.747623015873025
12308,56.906251373626375
86660,45.19794516594518
93767,45.227503968253956
79563,19.99499296536797
79647,57.69995214752567
68976,65.48966937229439
54669,67.22282395382395
67334,48.21880826118327
50806,40.95372889610388
13549,37.362648088023086
102518,73.31574242424243
2405,45.225723484848466
2422,48.760869352869356
101191,71.38656662489556
11444,42.90934920634922
12927,46.461225288600296
2758,35.396482142857145
95409,40.36918055555554
32171,64.73262337662337
45192,29.51424206349205
85008,41.93976352813855
61662,54.26360317460318
71028,48.23742027417028
88797,37.753527777777805
22977,22.264361291486292
67022,64.94948626373625
77623,68.15783928571426
82731,30.01795436507937
94699,42.127321428571435
96510,73.28112373737373
32601,40.47041468253968
97641,81.55395238095238
40735,39.800496031746036
61756,65.47909902597402
19687,52.719724567099576
15284,77.69217857142857
8412,71.42763095238095
52646,76.39575
83429,28.759045815295813
67422,33.41277976190476
33239,48.729831349206336
48935,27.60570995670995
19526,82.813125
64620,37.02395238095235
17814,38.832982947607945
99996,36.20640079365079
10336,40.39644841269841
91583,65.90209336121835
89077,48.89160303585303
10637,34.76565476190476
28253,37.1748564907315
17284,62.40824386724386
92205,37.78222222222224
92720,36.14143632756134
69626,52.1457103174603
75873,66.0592380952381
29005,76.99333333333333
92174,39.68771248196248
82238,69.64624855699857
47010,30.726629689754706
95396,75.5103869047619
81238,41.96363744588744
70035,61.884792887667885
20279,76.29648809523809
13747,41.277964285714305
16107,48.70734577922079
65955,66.44287499999997
38520,30.114522546897543
66205,66.47747817460318
10109,54.73708712121213
99119,85.0
36618,71.58396428571429
83524,61.7241746031746
75071,76.72162301587302
6780,48.534226190476204
41470,46.590407106782095
27435,50.91566071428569
83488,72.7430615079365
48015,27.73207738095238
39752,38.54520093795092
65651,40.876872835497835
80686,24.99528697691197
76743,35.92110514077427
46473,54.21081547619048
94421,67.77567857142857
102247,69.34065873015872
7050,74.39380952380954
8448,68.39248737373738
23706,48.20105158730159
72331,23.27176587301588
69199,47.06805194805196
36204,46.57789231601731
58239,77.14911033681766
40168,34.07681601731601
6268,62.62228138528138
42740,73.78012896825395
443,24.357727994227993
2854,71.26474603174604
58024,49.836441378066354
67536,20.32384798534799
15132,27.788662698412693
66969,42.53364717553687
83623,74.82041666666667
19269,53.75129761904761
34861,54.041938672438675
56966,71.7258611111111
75169,37.909886904761926
32937,50.54656096681097
62579,59.18111363636363
53606,71.81297619047618
28952,56.062648809523814
63471,64.45026785714285
80005,75.96914556277055
32447,26.349316197691202
87275,100.0
67848,45.13606727994228
38042,79.66333333333333
38174,59.06879960317461
70754,97.9025
27399,38.072055555555565
81612,56.92898015873015
32359,50.8226092102342
71790,31.007150571650577
95936,52.05680411255411
14369,79.68633116883116
102626,78.65569841269843
43131,56.05501190476191
92124,73.87644047619047
69705,34.487259920634926
22450,32.562734126984125
59124,77.64747348484848
95354,70.12680555555555
41879,74.04300595238095
101266,33.546087912087906
97957,47.62637451437451
2339,51.077589285714254
34243,23.084544913419904
8581,71.22706881598793
5322,35.28178174603174
87763,75.3435833957709
71488,70.06379761904763
47952,42.210253968253994
85888,71.2635515873016
83024,68.63044246031747
54726,51.93870292207793
11818,66.09620654345653
102182,46.391154761904744
91326,41.147179112554106
28931,29.514024350649343
46055,50.20337896825396
71110,52.592164682539696
91443,38.85930952380952
12089,62.95596932234432
28383,73.7901
101484,67.81331616300366
49150,69.89156746031746
23187,27.78671135808635
52069,50.43984289321787
65140,48.46257936507934
54441,35.294990079365085
42733,59.4482826062826
35113,25.230517857142853
95348,55.29106854256852
2349,53.10744083694085
67247,52.81017640692642
69273,61.93122694911298
23088,35.91776587301587
29953,37.81498214285715
30297,77.4248858509911
99471,50.06894624819624
29070,43.529941919191906
38951,70.73944230769231
79993,69.92858740769034
40439,76.93640744059861
36947,61.43638644851879
96439,50.07269383394383
51378,38.59467857142856
80553,46.00601676101675
71053,77.24625396825395
51127,59.5461808153147
67109,60.18726785714284
52414,77.63923214285715
97259,85.975
25676,40.544259920634914
69401,38.73296356421356
81209,37.47221825396825
24144,57.10277700077702
67192,44.519343253968266
68541,50.881134920634906
35311,47.98230210944026
51986,25.359409396159403
30645,13.167880591630587
49751,40.69752759740261
71107,65.2770644899381
83819,72.57845604395604
55562,33.23531998556999
14273,64.88016017316016
19205,44.383909722222235
8397,58.465875000000025
38604,50.58503264790764
12253,64.45165043290044
67371,38.13583423520924
56085,53.62410912698412
8233,67.79869642857143
37470,58.94806818181818
7194,35.696369047619044
6115,43.117201007326
98024,51.0068867243867
41163,65.12428571428572
32649,81.98717857142857
68450,44.51069408369409
78174,29.79411111111113
90650,70.90988095238096
31217,73.44483658008659
805,56.915215007215004
56239,62.633988461830576
78813,58.37050468975467
89481,48.32303841991343
15468,71.5627647907648
45921,58.871628538128554
82406,61.039329725829724
53735,39.39489087301588
92318,23.02752494727494
49379,67.50995238095238
3491,78.27763304895254
27003,62.463028252449305
58425,38.19139087301587
8932,68.60934523809523
29284,44.70726226551227
96014,44.83820851370851
84832,37.96954076479076
34711,37.08807990620492
87584,36.98322925685426
100424,38.02514195526696
75475,31.96005837320574
101105,40.853237193362176
481,34.93484433621934
19438,57.76417519980023
88516,68.03030916305916
47467,46.73347637085138
9547,81.2582380952381
17791,74.2665642857143
1018,76.14589285714285
89163,59.45632088744592
30491,74.913328320802
95816,51.17338293650794
76172,75.98348809523809
2656,61.67283549783549
11151,81.13076190476191
71401,52.5125367965368
101087,69.93900641923436
53586,62.21304112554111
49960,59.79540277777778
51788,62.011001082251106
14624,67.81022474747475
6344,37.99725216450215
42707,56.50811111111111
13600,48.386751984126974
53521,37.56832882395383
42966,46.56091071428574
35752,73.00851699689197
48267,37.85678571428573
25249,36.883593253968236
61636,43.76509325396826
25497,44.318029942279956
78482,26.029644841269842
78604,59.92904365079366
49920,49.81417446442444
59768,42.642998015873026
79385,57.54658441558443
24612,62.13679761904762
78130,76.76150000000001
31015,68.3249953102453
69233,60.01444293554743
94429,76.42148214285714
61483,74.75721130952383
49110,32.75399404761906
24165,76.80364285714286
90533,49.190924603174615
70184,59.78063636363635
62074,29.068609126984125
57945,51.29620833333333
77088,71.35495845820846
54922,36.14275198412699
8488,58.20555611055612
48359,55.33864966977469
97363,24.412407509157514
81510,53.48580753968254
35309,45.39967694805195
802,60.26528853417828
87742,61.949702922077904
39765,69.04904761904761
1993,34.38176587301588
91113,35.10921371275782
40648,81.57443831168831
67421,76.89880359999478
25188,38.37100523088023
42599,47.50650649350649
85177,53.03836920024416
97676,16.33142334054834
101372,50.58864087301585
102464,64.40416522366525
44277,61.25972619047619
45854,44.172085317460315
15123,74.47533999333999
45253,58.88729238816739
20474,68.48745634920635
9816,34.307695887445895
49933,55.02596223341873
24465,37.505093253968255
87711,34.32064087301586
96600,47.650319805194805
47306,55.91092460317461
84435,58.57374819624819
35987,59.07003787878788
5579,35.83240223665224
95095,31.01098412698414
70730,69.8455
41611,52.42681543456543
64292,67.67977137445888
45548,76.03966666666668
74567,32.55573000610502
56215,33.35580303030302
40914,71.14295161782663
87346,71.36211519036517
98990,33.611892857142855
93135,47.70099603174604
25589,41.5598555764411
51655,62.46278409090912
93957,27.388767676767674
81001,33.5518345959596
6326,75.00583333333333
44008,47.00896031746029
82311,71.12383928571428
57214,30.327184523809528
94912,55.99489267676768
68848,50.94572023809525
85854,15.705415993728494
7095,48.40605952380954
95700,83.49775351841143
16047,57.66300288600287
79044,73.7594615800866
34667,63.93778174603174
32261,60.95888347763346
86593,47.562796897546875
67280,47.791409812409796
14779,51.14327182539682
43088,39.002797619047634
25449,52.33195514208015
100499,47.28699603174602
25761,68.2443611111111
11226,46.59457683982685
102605,74.74952687590186
95589,71.16619276556776
31451,52.80232142857141
30083,55.66778463203465
45677,68.62644444444445
63443,35.65627759740261
10493,55.43601136363636
56409,46.62247564935065
40040,42.6269246031746
30146,77.72324633699635
93070,58.994979076479076
23850,34.93809289321789
22430,48.89344642857145
94018,57.00807377344878
12418,78.65885714285713
96207,44.979918650793635
76655,31.8873404528478
82949,65.23632600732601
55282,61.53527393439892
66993,52.99015476190473
87150,35.57324404761905
62389,72.20445833333333
32254,36.01812301587302
92047,81.48025
93153,47.753843253968256
41153,47.72702146464646
101204,64.7376433982684
99844,47.35271067821068
38619,43.99315873015872
7775,56.61143803418803
54329,39.333123015873014
56528,38.10908351370851
13823,47.25237753912754
71086,63.041186327561284
82638,78.9738459040959
74753,33.59599191086692
2978,43.08487698412696
54367,77.994
43822,46.42142261904763
49969,58.502733766233796
97125,68.36904212454213
42128,72.00902976190477
65890,61.28503968253968
31735,63.25867068579567
3360,36.71086886724387
7843,73.95592207792208
35942,44.394594877344865
576,67.29519480519481
25574,78.21904545454545
87332,56.13156493506494
63927,57.74601587301585
68381,67.18401533189032
60098,52.68179112554113
60596,36.25715259740261
27283,65.2185634920635
50836,39.61870472582972
24656,56.77341269841271
37502,74.0816388888889
18013,38.489996031746024
4660,68.59231947292471
68744,60.71906349206349
104,48.60378643578642
4867,74.4877462121212
19094,34.08699801587303
43720,77.98841695804197
94763,69.23089989177488
74720,61.003308982683976
95483,56.46332428682429
10558,53.91117063492059
50514,69.33360317460316
39580,29.14700992063493
6158,47.431513708513705
39538,41.9244616910867
5462,57.06841666666668
53968,67.18788293650795
95278,28.108505368814193
55919,36.634204365079356
80980,35.75315963203463
93287,75.78014502164503
93418,68.89557242465138
46864,59.19243632756132
62070,50.23242203629703
79029,47.18700297619046
39351,74.67793722943722
90376,49.22662316849817
26716,72.86079365079365
99582,66.55140169552669
61706,62.1047003968254
24138,68.04451785714285
52016,64.3900655363642
11783,71.80522619047619
57692,77.54744448148826
30661,81.75685119047618
56520,58.82899891774891
30360,71.85201587301587
68775,59.694470238095256
53073,44.73702254689755
51662,36.24127182539682
28291,46.2278373015873
44353,29.998563492063496
70749,68.27428835978836
79183,54.12933531746034
22279,38.80368179919494
62100,32.02990513653014
90523,39.77616071428571
90431,31.438233585858576
27403,58.02738365800867
84922,62.37456385281387
86672,31.831081349206343
24921,30.128161075036072
63691,99.95833333333334
14944,50.92007951770452
52999,60.213736000111005
39590,68.40261904761905
97513,72.01022727272726
24413,55.53293073593072
44021,58.15259172771671
69734,57.69787724994301
3736,76.847
90936,51.09186291486293
17741,71.44420932539681
26855,74.98558333333334
1480,79.10770238095239
37239,78.755
15949,57.611359126984134
41625,50.0984769119769
9060,40.69569191919192
32954,78.15492261904761
90307,49.05038492063491
79238,78.42375
21818,76.42051406926406
71131,71.78454990842492
99902,34.191027194211
77578,51.508617299367295
24730,74.42450396825396
62211,33.83918244949494
100515,59.6460100108225
40895,43.416384379509374
58322,32.72610542929292
6818,63.15192460317462
101157,63.99858333333333
19824,36.22658748196249
54268,44.36766883116883
18619,61.122136537482135
46486,60.18158333333335
34304,34.27254004329004
45427,33.544612734487735
39186,68.27463690476189
14345,67.80607738095239
98868,46.59250348262848
91932,32.28448232323233
13002,80.32851785714286
64895,66.61148611111112
48315,30.77674783549783
52452,54.90075144300145
99206,55.93416396103898
54363,62.68621092796093
16197,32.15192676767676
3419,63.43366341991341
72141,53.44092712842712
45134,36.62379166666667
17030,65.89551602564102
101424,72.30477633477635
48609,37.39670833333334
65302,68.91104904795927
100386,63.787037698412696
67147,39.47896320346321
73543,70.23672743433036
14949,35.79198250360751
99761,67.63213095238096
55517,59.505406746031774
72957,64.95165115440116
42604,67.23766514041516
92954,68.08559776334778
78760,43.27383531746031
69475,44.70014880952382
58470,64.33837103174602
24911,35.81337122599624
2143,44.83385335497835
27055,68.1720099206349
92959,31.350823308270677
39845,56.64189574314573
6986,20.38764375901876
55387,79.32093650793651
79564,56.656179653679665
65112,39.64097452547453
76170,36.873381132756116
13642,48.0220147907648
4106,73.66348015873018
45827,69.60233567821068
23162,75.50325595238094
23199,57.89845147907648
48747,48.10271825396827
2129,74.00976136363637
2229,69.02241666666667
80725,38.14416626429125
93440,44.17550396825396
80864,40.17550198412698
33284,50.033196428571415
98204,69.91155555555557
78473,50.22122709235208
58378,76.7665
92644,60.13457936507935
41466,34.03806787656788
28414,68.0
5643,67.43461309523808
33516,55.470593975468965
78872,31.965505952380955
85797,31.064109126984125
6451,77.86697222222222
85106,50.780410714285736
96021,72.58306485181484
21762,41.13266522366523
48089,71.89601190476192
24099,74.26964239926738
101236,63.18884956709958
7453,68.86185912698411
8206,73.04731501831502
76057,79.00703374347087
11666,53.341403679653695
28258,32.8452123015873
45334,44.73887896825395
68321,40.1280238095238
41104,47.556140873015856
76302,71.75120634920633
14415,68.03192460317459
78084,61.36176587301586
95793,65.82396212121212
89211,31.644684523809524
16248,51.48504835004178
66437,66.89821428571429
82624,71.58971825396824
65257,75.20054430291928
9653,71.41099432511933
8471,30.409573412698396
27494,71.64555952380952
95549,45.47647089022091
18528,38.75583152958152
20117,35.92697420634921
37191,61.562444444444445
91684,63.2777693001443
62645,51.23490735653236
18491,46.20565277777776
26974,67.9762343073593
1411,46.80881618708089
30677,38.21918362193363
78464,57.94205357142858
63141,35.69497817460318
52997,49.36800595238095
49658,69.28397619047618
47517,66.6279126984127
2219,50.52939125910323
44193,37.193122474747476
95964,50.62827976190476
74263,74.17341025641026
65235,81.34608333333334
2658,43.484882215007204
42043,68.96848370927319
100680,31.67834026353763
73127,71.58837806637806
52086,38.568115940775776
43874,61.86655952380953
19349,43.0367483766234
15174,54.58578733766235
55842,74.5870753968254
40469,71.66500595238097
19957,41.243400252525255
5488,70.975233426704
58031,72.90638935574229
65194,50.22731547619047
7659,70.63729166666667
8952,39.49649404761906
57162,49.215718253968255
61141,46.31415277777777
28945,54.752123376623366
12865,35.880966269841274
15552,41.98714736652235
61962,78.86113888888889
58134,30.84936703574203
71555,28.570541666666667
29354,71.89578571428571
22131,73.0035
48941,67.99144318181817
29931,39.54706222943723
29010,44.821902777777765
77252,67.19147023809525
34088,93.9668434065934
69896,41.92473214285713
73450,57.0219801587302
78815,65.27130524227233
71042,67.69370238095239
24809,57.878099567099554
86793,70.69737644300145
6706,37.797757936507935
5064,37.63975570263071
48067,45.33579960317463
78091,32.72052380952381
68494,51.148345238095224
95630,49.95078300865802
17590,68.07609920634921
33155,74.72510714285714
20089,49.04327669552669
54775,75.61263203463203
50424,59.58069841269842
76346,38.187375901875896
5935,67.07452813852815
26228,58.861079365079384
37735,39.70186273448773
57755,65.07226082251083
91017,64.44393452380952
33159,40.76207341269843
39038,66.57208773772668
66061,75.05366666666664
93166,67.58763095238096
45048,31.77392460317461
83150,97.01090277777777
31806,35.70308928571428
84637,39.475160714285714
85308,67.40495833333333
50551,39.758412698412684
94048,47.68385624098124
83238,36.836152930402925
46993,54.25377038239539
96967,49.38280952380951
6957,69.03961111111111
31455,63.079400793650784
66114,54.77477254689754
66649,72.42677976190475
98407,68.02928196803197
64005,55.30627182539684
50768,47.75050976800974
11781,62.95115109890111
61644,34.74675254647314
92845,49.42641323953822
97510,57.688631132756136
71129,50.743898448773436
42558,48.77364159451662
4368,58.270814574314564
47635,65.80514484126984
41237,65.87724702380952
31958,50.20945075757576
99661,64.42610019366596
96326,74.49429545679547
7432,37.76150126262626
50225,44.890443181818185
18976,49.10610912698413
28815,54.319232142857146
27863,41.732081349206354
99756,67.46679075091573
58932,100.0
77206,36.63276348651349
92464,42.64555122655123
17455,51.74464285714285
9781,73.32240423027264
86737,71.59109523809524
95557,34.52051190476189
48255,48.02964285714285
56757,44.57253992331197
48851,68.9996875
25092,38.94210840548342
40603,75.32383279220778
101262,57.709248015873
34923,80.19555555555556
98124,47.17434523809524
45585,45.05215674603176
4707,43.93815999278499
95513,37.25342658730159
8098,65.0673817016317
29754,64.12523376623376
102233,59.51837662337662
38826,36.25621374458876
11620,31.534430555555545
90882,49.943045454545434
74971,41.98086886724386
94654,78.73209523809524
96546,74.13124801587301
73497,35.05413744588747
97026,48.45148286435786
14559,41.06609595959597
97009,60.24158269671506
49438,44.304871031746025
17312,33.78681872294373
35864,67.60072023809524
55805,63.59313095238095
18075,57.92361372180452
98291,54.03870634920633
93473,54.95152597402596
77543,82.30034050671551
93297,69.84137121212122
63101,74.70978968253966
16340,28.757185606060602
73019,42.18956800144301
7570,40.4694862914863
2413,72.65765277777777
84421,65.1908271103896
88308,33.74263095238094
23779,37.96990295815295
26186,55.64696932234433
64423,30.424501984126984
92146,48.249396825396815
63724,31.72916883116883
37325,69.15452579365079
55840,23.825862734487732
23932,50.76269696969696
74834,63.94633964646463
14800,70.70027380952382
98975,37.48119047619049
35324,40.64556349206349
1471,64.77100952380951
56380,51.32140384615384
2181,45.45453643578645
38072,41.03912698412698
94076,57.08883333333334
81708,60.987811521811544
7905,45.636795634920645
102047,71.50891666666665
86858,68.42413095238095
25912,65.71601551226553
55660,29.299679563492063
60169,79.03493844315389
39777,62.966992538163595
33141,51.0830128066378
62346,45.2997644993895
61606,79.92809523809524
83781,43.88610840548341
63177,63.42313263125762
8755,67.55956944444443
22638,37.04939682539683
85190,47.3820689033189
38974,53.0857151875902
596,32.22328607503608
63960,33.791013888888884
97605,68.73312716450215
40716,48.315900793650805
57155,30.982783424908416
98451,57.29915628815631
86218,53.1395407647908
92983,62.84682359307359
57329,55.727682539682526
98398,36.01478722331159
35440,38.26829816017316
4374,73.8265
23402,64.16050641025642
44762,59.086366314241324
53294,59.8966296897547
78573,60.18901587301586
15286,30.959380772005776
19219,37.298396103896096
47108,79.7378048348592
16848,30.094410714285715
50181,63.433334956709956
71678,45.00267658730158
22941,35.559259920634936
101050,34.728480699855695
62538,58.07647619047621
39583,85.0
47742,67.69008333333335
100734,32.33843253968254
31509,37.05025198412697
15827,64.77454265179264
41453,42.14140981240981
1850,32.6019761904762
68190,24.145410173160172
60794,20.79143864468865
54293,54.87436183261182
11025,67.98719047619046
84326,56.528859126984116
74612,25.988515179265175
9869,60.08087265512265
78891,42.850298881673886
55034,19.185440823065825
47803,44.52732756132758
78030,59.43182395382395
7990,30.918791666666678
22768,59.38749404761906
65070,51.16470634920634
20763,65.10498015873016
12464,75.80692857142859
17634,52.687873376623386
47921,65.70283104395605
71010,51.88251587301583
61146,22.224500360750348
37686,72.08841883116884
9287,61.26376803751804
47818,84.47634285714287
27983,65.12170346320346
44650,38.89300487012987
66895,73.21568452380953
96365,62.1862287157287
82031,28.9502996031746
51052,73.92477272727272
102664,51.32979493464053
7587,52.555515873015864
51102,53.20760894660893
74060,63.58356854256854
34842,72.38668398268398
92638,67.47719047619046
18964,64.73281746031746
8855,72.54345634920634
92693,50.73100595238094
4823,43.3288005883006
57717,62.221084118495895
6670,48.77877326839826
89498,40.27700198412699
30591,65.72832738095236
92819,56.05000559163058
61033,61.85469036519037
11759,80.03222222222223
11445,57.80743513431015
65185,57.88683967054186
45252,37.129341810966814
63493,74.66078571428572
50636,36.26025793650795
53519,63.22350872738373
40094,50.81890458152959
45642,63.00741666666667
13505,54.60388095238096
5329,40.5116939033189
7411,36.32551533189032
2173,31.274500000000003
822,70.22675885225884
39443,54.096748015873025
82528,68.77611904761903
99378,44.7000419025419
38888,62.91869047619048
25420,31.631007395382397
101657,32.27216468253969
15749,65.8529761904762
32558,59.484554473304485
66465,33.236022422022415
9963,45.32118258130758
14678,41.348748015872985
10437,33.34001587301587
69288,57.51184126984128
26446,54.32208537296037
47725,51.895105158730146
97552,55.36227976190476
96907,31.67446103896104
60767,47.69203282828282
29468,68.22231887556887
59147,67.34564995421246
96357,40.96781547619048
92061,46.1840128066378
6347,73.63638888888889
84109,75.55664285714286
71184,56.44861507936506
92992,72.83148611111109
66779,33.708380050505056
20111,78.57257936507938
17237,43.66333531746033
89415,78.81562500000001
36990,45.89765367965369
22981,60.55844068186714
63827,34.268227994228
31950,60.02281421356422
22278,47.591456349206375
34176,67.23280975723623
27143,51.77346825396824
56540,70.16732052669553
34688,36.4459704184704
28746,21.49485714285715
39396,80.77754761904761
85109,61.73712698412699
8705,67.07943253968254
84989,72.32999206349206
12018,64.14406535131536
47835,67.55819047619049
72879,26.98255357142858
33734,71.3907627641966
21549,26.929035353535355
62220,48.12228510670616
98950,61.440996031746025
21446,56.48201176601176
75533,74.4126
68939,47.82340201465201
95632,72.0501958874459
54942,51.59166774891773
35471,73.60660714285714
4545,62.33484992784991
28251,63.536759004884004
50378,78.97625
14398,70.95034090909091
34261,42.438258838383845
67795,33.20049927849929
94611,42.743821428571444
68919,63.59790800865802
96315,39.878906746031745
51079,70.15095634920634
3961,42.95743055555555
64658,71.16102380952381
61879,64.42144336219337
21568,36.36211491286492
66673,56.0627914862915
96380,35.16095039682539
42436,38.725305014430006
25193,59.63115873015875
99542,68.80110569985571
23022,46.4457738095238
40488,72.99017765567766
24480,77.53806519494582
66740,70.36757647907649
41195,72.14099783549781
56286,48.10176984126984
41898,80.35
79786,75.86443452380954
70762,80.10529761904762
63502,76.93002094282996
21745,77.22046078431373
4973,52.96377795815296
99338,55.92910907148407
101743,50.18196230158732
99156,45.05715187590187
22321,67.49658333333333
50589,73.6610357142857
29885,69.90849025974026
89778,40.50966385411974
68011,55.97559848484849
31748,65.54312698412699
97716,63.02515313852814
31204,40.060722943722936
47911,30.903008477633485
43366,71.73031746031747
79278,53.503211399711354
76964,64.98466865079367
34456,56.708041666666674
57003,49.048230158730156
90405,36.819160714285715
18732,26.307638888888896
33815,78.92649999999999
28689,56.00652380952381
18257,66.96470588235293
98612,68.7697355838606
68061,54.6892283549784
32907,78.35511538461539
68489,51.225599567099565
95838,62.4786746031746
79030,31.68082106782107
94334,44.83821825396827
28589,61.59266129426129
72777,55.89235606060606
33807,63.04254761904761
23242,42.893069444444464
19184,37.53923809523808
65083,37.789351190476175
56724,51.74206547619046
72040,39.77174189699191
41654,53.19821735209237
47659,73.11419318181818
1652,73.67048214285714
35525,45.173420274170276
13762,43.68884758297259
33680,52.893335317460306
53427,74.0798888888889
2603,32.562697510822524
61406,42.50497186147184
52072,34.44915674603175
65044,53.0335515873016
101211,50.93138293650798
31154,35.978788003663006
28550,67.90685714285715
32592,51.574788961038955
9033,67.57106547619047
57530,59.044845238095235
78700,51.67977453102455
85404,37.37825
34450,71.93788888888889
1022,68.97050840336135
85129,48.07746428571427
46562,24.185218253968245
47534,69.75235302197802
52758,72.45049159663864
39703,75.74827380952382
36016,70.82474432511933
64874,68.00072619047619
8699,75.5876371961372
664,65.82672077922078
68471,54.45534632034632
31550,54.35138185425686
81689,45.02275288600289
18309,51.82019264069264
4933,32.54281944444445
61400,38.45909722222223
43827,63.5376201159951
28784,38.53105447330447
76746,73.96580952380951
60746,37.87724801587299
24958,67.63845064657563
75757,39.421219246031754
79523,46.02245707070707
23030,76.11860714285712
5117,42.11546410533911
33490,53.368964285714284
75586,78.0415
85157,45.466556170953226
77029,59.497441017316014
73174,38.71286858974358
102435,38.830679834054834
83929,42.424333694083714
32141,33.093313131313124
39595,58.70972222222222
37681,56.177226190476176
6659,46.92430422355423
63142,66.3914781746032
84630,54.777184745809734
29881,47.04745238095236
59194,38.37764484126986
94456,64.42151659451658
65905,52.67206349206349
29944,68.21757314213568
33955,31.72853373015873
66057,34.35111529961266
19317,52.75150000000001
21677,96.70637500000001
8588,60.94140476190478
64341,69.41348286435786
26211,36.43011147186146
48561,20.441533008658006
42063,93.49073551223287
40046,67.62535894660896
40083,60.90980555555555
77324,63.99480470114681
5599,43.65286453823955
27573,40.750325036075054
71923,41.01809704184707
23252,60.175012987013
91416,47.578801587301584
77849,40.873018162393166
18739,53.641232142857135
92224,77.93579166666666
73943,57.35402443609025
16394,37.44962500000001
32088,26.48014811577311
28625,34.14868614718615
65269,45.35774576118324
92998,70.82505555555555
100972,83.54302976190478
45191,46.28530845543345
97237,26.16865429505135
19558,73.89598412698413
85019,48.38510119047618
73594,33.238267857142866
80175,56.91475992063492
60018,48.58658730158729
57029,25.24279365079366
31101,45.777544386169396
2960,73.9649053030303
2158,63.4122857142857
42032,78.06179761904761
34210,34.801893578643565
4766,37.84915133477634
13507,68.555875
39772,59.06882738095239
28439,54.57697498335
61449,47.049548340548334
98385,62.125108058608056
30870,59.965414835164836
57289,76.76295833333333
77533,43.36041810966812
29917,40.2831626984127
74870,40.601140873015886
98126,42.560642857142845
7977,24.67718650793649
10361,53.71536634199133
42331,42.35906204906204
2547,51.610297979798
96170,65.65554981203009
99853,38.816305555555545
50580,45.17809920634922
36336,42.38063888888888
92268,50.23338186813184
90461,51.20894805194806
80211,38.527025793650786
45374,40.3739392968143
55809,62.50327380952382
8987,39.49732773109245
66186,29.902458333333335
55414,25.407660714285715
19971,42.943186507936495
89403,71.801
39518,49.32271626984129
4680,37.63806980519481
6488,62.593573953823935
24440,67.7698104664943
88623,66.99780077030815
31423,34.51692533416874
29308,63.339889400632046
46513,67.60200793650796
70196,59.30792135642137
24030,65.81687500000002
62314,60.71700980392157
80968,46.29393975468972
47571,46.65095833333335
40564,38.757218975468966
14264,40.01085909923412
19348,74.00727056277056
84870,54.629630952380964
95493,59.67396031746032
97531,77.70253968253968
102478,57.46417658730158
88922,53.84203571428574
49075,100.0
22872,53.05422237484735
72328,70.65576883116881
17029,59.90602723665223
44764,64.53725396825396
42870,79.55027976190475
48545,59.59474007936508
82538,61.674907106782086
90019,40.63645436507937
67984,72.06934203296703
48046,51.812508477633486
6764,43.947680555555564
12676,56.784891941391926
13252,27.972337301587302
35264,42.29116089466092
55112,36.67389321789322
100946,65.69202759740261
82881,48.72479834054833
94618,42.092242604617596
7266,63.46475793650796
49759,62.339899531024514
97568,70.07344642857143
48592,43.59477380952382
99560,68.18991666666666
92940,35.30946230158731
53,64.15374801587302
69030,67.5952896825397
85814,77.76249603174602
52152,76.99785714285714
101757,45.457523809523785
278,39.71524999999999
89442,36.82552867965367
32311,69.92723015873017
41134,49.67272691197692
75796,34.43013190975691
96065,16.741373556998557
66912,48.123714285714286
16621,49.13407251082251
55945,57.672324134199144
27695,41.69558928571427
19416,46.43836904761904
65904,59.486835317460326
82711,41.41511706349208
41671,71.44899005088479
60878,58.04423015873021
73947,52.758543650793655
52081,25.204632936507934
78780,36.31789880952381
249,73.60858816425122
49579,72.32139502164502
95350,51.94815674603174
30469,44.72637499999999
76502,40.09754761904761
2751,57.59700066600067
28852,70.8720877247752
61585,57.322819444444434
98989,69.71245512820514
50060,36.08510732323231
59092,41.39999664224664
100530,61.7480753968254
100584,65.41403643578643
82649,32.26444246031747
53565,67.1272163661502
18158,68.91536764705883
17342,40.09340548340547
31524,48.72124801587301
6430,28.418729007104005
42811,30.68148971861472
45894,52.12087148268398
89523,72.66600952380954
71851,70.17472023809525
51451,38.21715811965812
6517,38.61597619047619
77839,39.41040873015872
60030,30.411692460317454
63226,43.47000829725828
40572,75.4497167366947
98447,38.27171527777779
55986,34.72841269841271
68642,63.72402854090354
60997,58.70451984126984
37744,69.24083333333333
98323,73.35411380286381
51701,56.08613095238096
76421,40.86832738095238
16165,51.17122420634918
20104,48.47468596681099
96928,72.50482965645466
98571,71.23819642857143
51540,71.69391666666667
22386,34.96749206349207
48151,31.329829365079373
100482,47.35660966810968
34432,59.630079365079354
43056,75.36044047619048
85138,67.43358928571428
41119,60.847045051353874
3704,42.09539718614718
75021,31.11155952380953
4289,67.44487698412699
94780,56.89578174603174
67941,60.636285714285705
58903,82.80084126984127
21486,59.09088888888889
43843,73.97483379120878
10547,16.355367063492064
14549,60.52930808080808
10048,49.00332341269843
74277,44.84996194083694
10669,29.80722474747474
91734,50.06488023088024
73652,63.53111507936507
4931,45.61219318181819
14231,25.505941558441574
43946,52.97236111111111
50793,45.88282124819623
2444,47.55027976190476
39289,31.888061507936513
101068,38.7982123015873
87576,48.88810472860473
56546,52.44976785714287
33924,69.70013095238095
44680,74.54551028138529
28398,44.64791792929294
68256,73.70365476190477
8132,56.72706150793653
93806,55.03501731601732
1781,57.01467857142856
81206,35.89630826118325
13498,59.54860966810968
73400,76.65061904761906
99530,66.79056746031746
59794,64.74376028138528
73219,41.21649603174605
67763,45.85624945887445
35030,44.91336111111113
100954,41.2340257936508
59389,42.94206471306472
60728,60.98809776334777
11282,67.25455952380956
77751,46.540987554112554
90320,35.91978246753247
42849,35.494058080808074
1709,50.32886688311687
48364,52.646005952380946
12361,40.63550919913419
5071,53.299800144300164
13335,40.266343253968245
87110,38.64768939393938
84029,46.68385119047619
32970,73.59508730158731
80745,50.3732896825397
56415,53.283898989898965
18835,45.57218686868689
61040,69.21792063492063
94918,30.67165968753469
74296,68.03622619047616
59091,64.5335605024061
58317,54.10579929792429
71263,63.604494047619056
23514,49.93320833333335
86263,40.93810912698412
57399,75.07608626177743
9615,28.615253968253977
61535,38.33001244588745
52901,38.59103571428572
36254,37.654537157287145
4774,10.098845238095238
28380,42.76752507215006
100931,67.69336172161172
68377,21.733446428571433
66407,52.02908814796316
69462,60.51706791125541
8975,84.62427777777776
7835,77.13953174603175
23142,35.91949801587301
61704,52.33609559884559
57301,57.56424007936506
31144,72.91445905483405
96009,67.53149188311689
98648,41.04596284271283
26510,36.09405138033622
55146,64.77900595238097
5174,45.16583011024926
46703,32.8170965007215
66796,61.969323412698415
1334,31.308148809523818
77590,37.604855158730146
68060,21.405742063492063
86423,36.43722276334777
55086,42.32786327561328
75697,55.81314484126985
76357,26.113105158730153
11435,56.00240674603174
82137,47.590904761904746
73364,38.19232936507938
52313,70.09960851648351
57116,54.52625396825397
64018,36.959751984127
47535,77.62684523809521
52610,53.37993452380953
75126,60.19889880952382
76274,56.92699693362194
79196,78.41854990842491
102512,34.20494354256853
87645,32.5273253968254
9307,68.01961309523809
25914,74.80758333333334
43037,77.23835119047618
25542,40.86939087301589
26011,84.5326693592785
44252,33.67229166666666
99321,62.6087765151515
79059,33.112668470418456
15277,68.56765476190476
15048,68.63873404071774
27751,40.518238095238104
28778,30.69157106782106
52909,37.17584595959596
86924,68.98575
81803,67.1097876984127
9355,80.994
10611,36.88267041292042
9093,40.21121717171715
42244,51.43360948773449
3513,41.23255753968254
18513,47.85098305860807
62581,46.68135119047618
90853,65.29953874269005
10339,81.48054166666667
973,71.62423809523808
2681,53.427963383838375
6782,81.03719644417302
45005,44.90495129870129
11764,69.27338293650793
46030,59.1613134920635
65254,46.79389087301584
22879,66.77553525641025
92880,76.91166666666666
31832,39.05743055555556
80982,37.06458874458875
76665,43.67295039682539
75803,65.10134956782981
94323,79.53183597883599
41382,83.18608333333333
68765,81.00200000000001
14861,18.076382936507933
12991,72.0097003968254
81581,69.33466071428572
49719,75.71828121439962
7487,47.09158134920634
95082,45.34728174603175
75868,45.11828571428572
83976,38.093559523809525
10399,74.65445238095239
79673,36.95802272727271
18175,62.91144734432235
39825,39.60931547619046
8234,50.145162698412726
100059,65.35890187590188
11654,54.843194444444464
91625,30.634270021645012
28940,52.424540043290044
79572,78.89625000000001
21300,65.0977757936508
7509,57.879692099567094
74965,23.696658730158724
70098,42.77125974025974
96211,85.84263095238097
67916,66.1156518483237
80944,34.263961940836964
15851,27.295311133311134
18603,38.23217207792208
82073,56.400317099567125
49252,33.67522420634919
1913,47.52362820512822
39056,62.00791666666666
33648,72.77868366355864
79294,47.13935463147962
18486,53.17514484126984
95797,33.50231367243866
1799,75.76778571428571
20595,37.27234325396825
31746,52.862972249972266
5913,71.6458685897436
34507,57.543772311022295
48353,58.922954365079356
51431,66.30179960317463
48367,27.94144444444445
27236,28.542490620490618
46258,60.96559920634918
16966,70.76896428571428
37696,67.07138120702825
2757,52.88689772727273
60760,65.18464285714285
95747,29.355821608946602
28539,78.89108333333333
52632,38.94945238095238
24734,60.07825198412701
22791,60.37290234487733
68162,59.63478571428572
56165,59.19904040404042
28727,66.26688524374568
67366,42.25592478354978
2224,61.72819792127376
72320,68.27544597069597
41417,74.63745238095237
27462,34.617566169941185
22304,48.29377197802198
58760,44.63858333333334
21200,36.04886435786436
1106,57.4737512071262
58353,50.36920075757573
83785,48.826791666666665
21326,67.63802380952382
83677,58.912245851370855
59205,64.53621176046177
57208,56.03953968253968
58458,59.52209325396825
57418,48.430646284271276
41483,63.43829689754689
73948,44.2094072871573
28196,76.6073726828727
56231,68.35102056277054
93488,28.621815656565655
25958,14.386798285048284
52017,68.76619101731603
42151,62.13313726551227
34561,53.54786544011544
82871,46.106484126984135
74696,36.77673015873015
74395,44.38427777777779
73062,48.511317002441984
97451,85.62737499999999
47462,57.30654628704629
78459,77.29442261904762
49914,48.3479485930736
77022,75.02329641131814
41592,28.677162698412687
28104,48.2021111111111
77063,46.7981240981241
63879,32.04506746031746
72357,56.92891361416361
93126,64.03479807692308
59231,37.105910714285706
57860,68.96886904761905
90780,74.05449045246549
27342,57.67073809523808
4613,46.17289087301585
34241,35.911686507936494
87873,32.02980082417584
41124,44.182050505050505
62212,70.75971872082167
48902,77.84225108225108
79795,51.4933095238095
30222,82.537
51253,56.99031785714286
36092,64.01584821428571
39966,37.60707233044732
4117,76.0015
72774,66.83201064213566
69153,74.0
59620,41.68134126984126
23008,47.5240016233766
26936,64.59604166666665
96738,51.645347222222235
61293,73.97845238095239
20964,64.35138095238096
94903,65.20018452380953
18091,66.42995238095239
53704,43.66447893772891
64708,61.57357539682539
85599,41.37815079365078
72578,59.53176695526697
85935,53.863501040626055
24256,32.295768994894004
45180,45.50230555555556
25889,74.56111634199135
28511,45.261061598124115
71109,60.13226785714287
86557,46.885481060606054
54925,55.98020833333334
1218,57.27707341269842
32624,59.268876581751584
68042,52.618100108225136
56336,30.39140548340548
25503,33.24752002164504
62010,46.24248971861473
57690,55.56075000000003
77217,57.724125
26464,36.70158870588478
29052,46.48043055555556
48149,72.91963167388165
32828,33.019373015873015
74906,59.46979365079365
75399,46.059701714951714
7199,28.634357142857148
47268,62.48906349206348
53841,36.16856962481963
39530,65.73438901741534
83111,57.09238275613275
24878,79.91746428571429
38825,42.68311507936508
65350,57.46728841991343
12727,68.85025595238095
61733,75.51148172660672
69586,52.42680753968253
1507,61.07547245517642
74873,54.087152639027636
68779,69.85839484126987
28508,66.22935943223443
89463,62.54053968253967
82429,41.87209704184705
20910,39.406049963924964
70171,37.8427235958486
64704,48.63734920634921
72069,60.47934523809522
57712,98.30858333333333
15632,56.44597573260076
62831,33.30890079365079
19815,65.95360416666666
87767,70.81697222222222
11983,32.302726190476186
89978,37.46009523809522
59171,53.96402435064937
35248,37.6377142857143
79304,81.195
5480,66.32048863636365
34942,67.58444444444446
65629,43.34654563492063
63248,82.474123015873
985,43.67575378787879
847,64.90723257298255
41932,62.50448809523811
76182,39.96710068732436
60668,44.13448755411253
39690,62.673622113997105
60164,41.02032521645022
58027,43.23190440115439
95920,32.96364880952382
100242,47.665365079365095
82506,42.706294011544024
26494,63.02343849206351
16780,30.64941360028859
50713,43.14273394660897
45438,69.87669101731602
61272,45.23210393772894
7220,12.284882326007326
62460,45.657285533910525
68774,67.8274329004329
47375,42.9018611111111
57572,44.206180555555555
46354,44.34620436507937
6960,61.358566544566536
1188,36.39327831890333
38247,54.82389285714285
13278,46.9774787157287
44946,42.82642261904763
52191,39.78984397546898
5052,28.417938672438673
23180,57.623390692640676
48230,77.59090277777777
76326,83.68295634920634
40067,58.56593452380952
30585,70.6156959217683
101712,77.95367857142857
80476,64.21625018037517
35121,54.954147546897545
69871,52.16917911255412
63221,37.8346553030303
85015,55.64555866355866
25204,40.321221042846055
30686,42.84074107142857
63003,54.73374404761905
44601,47.965238997114014
73161,71.34479166666665
8083,41.37497817460317
36655,47.660683080808084
72698,72.18621825396825
102286,48.13586237373736
86992,51.41158243145744
21663,51.214565836940835
51136,37.057998917748925
27205,60.88889448051948
97631,43.30183441558441
102176,50.62016468253965
82390,37.266494047619034
47000,65.74553282828283
59054,51.972001262626264
49798,61.11100680163489
15858,69.66484722222225
25724,31.721650072150073
56537,40.621000000000016
30518,33.83118055555554
44863,71.06516269841269
40925,40.974483405483404
44547,44.296123015873036
35776,43.29208062770564
88672,53.66946565934066
59694,62.64829365079364
81253,34.96061111111113
25269,40.66680534743033
35493,43.035666666666664
18881,58.7579126984127
75109,65.91791666666666
70838,74.29283134920634
37169,51.44948538961039
85366,58.51081242368741
62969,72.73912698412698
52334,40.00250992063492
54262,39.72620833333333
49144,43.932322330447334
24506,78.23449404761905
51742,32.685809523809525
73418,31.225924603174594
31169,45.947275613275615
23667,48.346960317460315
66663,39.76017207792208
62993,56.0365476190476
69517,38.11654491341992
61063,34.22209523809526
96859,61.70059722222222
3649,45.49227182539682
36327,40.66689321789321
57497,48.885397546897536
30331,75.8661212406015
59580,53.16541720779219
90473,53.94465243090241
13704,72.21928532578534
48246,69.28219642857144
20220,71.04607142857142
52685,59.33968010461762
94696,38.94183766233764
33151,29.098222222222212
4033,54.55844282106783
82472,71.48916233766236
59618,62.10550396825398
89895,13.359613636363639
67361,44.26204166666666
66525,45.527316017316
367,68.03156547619047
66814,52.24109036796537
54732,60.82040981240983
82849,40.96284325396826
52769,51.65965369352869
70267,64.98303327228328
63647,40.88997582972583
28372,54.28247204184702
69238,40.68504022366524
28124,79.16214285714285
87410,60.91962536075035
93009,38.2818686868687
14885,38.23089574314577
79640,66.61099801587302
42443,77.08023232323232
80199,36.113806998557
40662,51.92760515873016
50353,42.66660209235209
25646,36.648968253968235
84413,24.203530483405494
20880,31.96826418128655
99054,64.96328894205209
28227,35.22193055555555
65363,54.299057539682536
23366,85.83758333333333
4771,38.84409722222223
73593,43.99455311355311
93510,69.6939742063492
1100,40.41721681096681
32440,52.853591269841274
6732,74.22989456596036
25593,56.885744047619056
56364,61.872519841269856
34487,38.573789682539676
11303,77.56176587301589
6312,71.00412759462758
76877,36.65542063492063
68184,61.01753805916305
59552,34.50729509379508
7608,78.97978571428571
67296,46.82542261904759
83743,52.63101190476192
8025,64.64028968253967
16553,53.29904617604616
75281,70.96544327200579
73539,45.91840123765124
85584,29.10251172438672
35847,64.2324742063492
38581,47.806819966583106
13644,42.11928192640694
25333,73.99739285714286
62137,53.764155143467654
6439,84.49535714285713
89017,46.76700793650792
24214,84.55393181818182
97702,28.971881313131306
82522,24.695689393939396
71901,54.48303174603171
54056,48.040659992784995
48024,27.83228246753246
9317,48.74436355092277
90865,52.74569047619047
13408,59.54047023809525
67915,51.48597835497837
81870,75.46451517273576
66077,69.45882142857144
24997,53.26942929292931
39743,55.817564484126976
83362,54.026900432900426
35242,35.081339285714286
37990,57.97326966089466
33471,42.61837427849927
71136,77.9003888888889
46432,35.19460317460318
80239,42.10508928571428
71960,39.488496031746024
99635,58.46754950441715
19353,44.45127579365081
73821,74.03394047619045
90038,16.80344005994006
54082,67.44543804112556
12575,32.891194805194814
25474,74.68093650793651
91641,28.039174603174597
87862,60.451688339438334
22084,73.8312226107226
91605,58.23875595238094
38591,50.8940367965368
19100,29.387426587301583
12359,45.12650306637806
87822,61.332231601731586
98834,44.29344696969696
45286,30.07080321067821
69780,54.15369932844935
82354,72.63970725108226
79151,82.98141666666666
8788,56.86480555555552
94125,31.654382936507933
10457,74.44096886446887
79575,66.9837413003663
31504,38.44735119047621
93880,46.79589590964591
11231,63.71315092893217
80029,56.315380952380956
38004,53.045126262626255
101292,61.82890384615385
97110,36.39628045565546
51438,55.188522005772
87908,35.54078156565656
91159,62.98219673382173
67700,72.45036598746081
99621,55.96816396103896
37104,65.99871536796537
11573,47.07012139249642
52585,60.95241756854253
60511,34.50691823454324
5565,35.88297222222222
21422,44.513190476190466
10997,51.70746085858588
57055,63.097974386724346
30060,76.37439451316658
96352,42.81500721500722
47325,51.149672619047635
77929,68.16535185185185
61098,38.30671284271284
46277,28.738196664446672
38431,74.07419230769231
9237,49.552357142857126
60651,49.03374343711845
17726,51.42875396825398
56150,40.51561291486292
47005,43.78796962759463
90453,44.222990440115446
11855,38.229135281385275
95759,39.48419787157287
13865,43.08287103174602
90622,35.50584217171718
54482,61.34734688484033
19539,55.12265223665222
71106,48.1986980935731
32839,67.99454166666668
18032,76.73488888888888
65008,80.19951984126983
1309,69.19086976911979
31896,46.80485912698412
51326,34.48896500721501
80593,34.976297827172836
84146,51.596785714285716
1431,65.66527976190474
92525,48.16158333333332
68567,39.91912121212122
20661,25.199428571428566
92040,60.869072012138176
10588,53.14401064213566
78300,47.498150252525264
74679,71.87190079365081
96802,55.65215990259741
3504,28.924126623376623
39598,54.509533549783555
46460,78.0
6112,57.692888888888895
10231,48.621357142857136
550,33.270614495798334
5568,44.241204365079376
32287,69.05854002993051
99141,50.06336850649352
57107,42.23817460317462
70621,47.51164682539683
41259,42.23596915584414
98348,73.41789270451771
80790,61.98516071428571
6160,39.95028607503609
57113,53.273988455988444
94081,52.52789423076923
69345,75.2936978021978
62105,68.11470833333334
102617,27.945061507936508
99051,40.924428571428564
58890,31.59018163780663
21249,62.364849206349206
26489,57.71032738095239
74976,55.70460714285715
23457,38.48057142857142
87175,47.9600449134199
59607,79.63310556110554
72811,53.8816634199134
50703,44.00766071428571
91136,55.4946213924964
88290,26.98835569985569
26630,51.47845165945166
47738,41.90689748044355
93090,64.89065043290043
24807,57.55594606782107
35672,43.32050631313132
18234,47.90433080808082
55225,56.06802074314574
49090,66.56973015873014
1204,32.43818055555557
61155,41.20682593795093
80542,71.17038888888888
29818,58.93607070707071
57519,60.47201569264069
19089,63.80380916305917
62984,33.200523629148634
3050,67.83764935064934
6202,53.101734848484845
14718,57.71097402597401
24320,75.90784523809523
20465,42.615942460317434
90914,61.913670634920656
92278,36.86813654401155
47824,50.05082864357866
102351,42.05100793650793
60609,57.16231060606064
13173,61.44593163780662
92923,65.75062067099564
86677,56.34135119047618
48868,62.61717321567321
41249,30.31647817460318
99346,42.730933441558456
23687,33.94687499999999
66587,43.69494354256855
61142,65.99441666666668
2856,60.741505952380955
23490,44.26205916305915
24336,36.64209686147187
42514,45.79238474025975
36388,73.00054563492063
53564,74.69410515873015
30575,60.04095278332778
8395,69.45709523809522
6471,50.84123033910533
59907,53.41847420634921
12522,75.5575699404762
79339,49.70399007936508
14576,45.19956349206349
38197,29.950325396825395
52726,56.19160912698414
90581,55.801540764790744
33498,33.33840692640692
41114,43.59203373015874
63253,60.90809325396825
53683,43.85256746031745
48312,50.27850342712843
26732,72.03580952380953
97414,69.9156626984127
21790,64.32729194253459
94872,78.50849603174603
10562,70.00420353257852
77432,59.385134851259856
91242,65.73224801587301
69604,50.07707052669551
15657,70.55903571428573
51262,48.2481130952381
77190,43.827456349206344
100200,46.38215818903319
34054,55.96309695165947
41911,74.76395833333333
60082,69.9265904095904
59107,69.38758026695527
31273,42.027110028860015
54802,39.44092658730159
65714,48.7356672077922
4440,50.68718253968254
97225,52.06101911976914
10244,64.64376767676767
88363,43.12629612054613
47233,68.2288630952381
58344,63.7026388888889
83514,52.8394880952381
67318,44.50189574314573
23909,47.36243055555555
43607,61.731050560550585
9799,77.67080555555555
81732,57.47179167564461
5730,50.10466017316017
61081,81.82619246031746
29727,28.765710317460325
79075,47.32987896825398
47513,59.89952777777781
13526,52.644224386724375
6068,29.662169913419913
36405,78.17187445887444
15977,81.99799999999999
35007,71.55498719336218
49376,11.152781204906207
100102,63.58186544011544
46400,35.66972783344107
30085,40.97273015873017
45969,30.35973214285714
86417,39.882162698412714
72375,62.3478952020202
5054,63.98650992063491
6415,34.63555128205128
98884,65.46223737373738
91032,45.35063383838385
41968,74.89430158730158
42392,60.08411233211233
93969,75.71805555555555
16015,29.91248694361194
13586,52.19707162282165
5262,61.465346459096466
78966,40.99994011544013
40811,56.659253246753266
73878,44.33079800061049
66381,34.302524859943986
18021,61.210124278499286
90922,71.55764087301587
14595,73.54865674603174
63726,54.51997023809524
93225,45.245724206349195
29154,67.09842857142857
42390,80.38730952380952
55368,63.19905555555554
6183,45.83621753246751
17036,78.95166666666665
61923,46.22001984126983
23373,64.01845650183151
5470,37.02757611832612
43029,45.98564583333332
12491,52.17192875180374
28073,53.673251262626266
25047,56.26729401154402
21281,44.21470400432899
13678,48.07380176767674
45886,76.91465140415141
1331,66.00169696969697
91867,42.21508405483403
51968,75.31419841269842
29795,77.55300649350649
38738,65.07656746031746
45612,76.44363492063493
102618,78.88776984126984
38892,26.856368131868134
36119,58.211251082251074
45993,46.01786904761903
97595,37.908357683982665
48311,68.37184523809525
67132,69.01579761904762
82474,43.14217279942281
26222,43.01702489177487
45444,77.58469047619047
8585,50.16151893939394
25255,30.954763888888877
26088,68.1605654761905
30756,48.29713293650794
15308,56.410309523809566
3443,45.32186553724053
48503,63.67261453823954
80197,31.257619047619055
8444,26.780499108734404
41481,76.70066666666666
41495,50.92966269841272
2296,48.99371031746032
13735,65.76145671068697
97634,69.94962878787878
50966,50.17044444444446
66383,65.0287261904762
25294,81.26591003990407
44684,36.96509920634921
10417,42.12487301587302
34852,65.62895039682539
2820,49.83041865079366
101780,95.33873809523811
70628,55.56742316017315
55378,67.35144047619046
55147,70.10883621933623
5916,39.85999603174604
85585,41.24907539682539
65177,49.956732142857156
30024,34.612456099456125
90586,45.76545833333333
67491,48.43223153235654
14618,30.22045833333333
27001,64.99761904761904
54558,38.38851984126982
38747,36.501206349206356
56001,31.01377795815296
58394,69.09022136197136
61498,39.70461843711841
62039,69.4354915111978
53060,39.14953692141191
102090,49.09305555555554
55318,70.1069712823726
13201,39.42807377344878
19732,28.98931439393941
45627,33.40474007936507
61640,40.7767242063492
54305,60.3638961038961
75003,79.14778968253968
22859,68.33104960317462
85662,55.70275721500725
83345,39.09432972582972
34890,42.324785173160166
16816,32.59255303030302
4586,48.18961706349206
43566,62.47393488455989
86536,45.91090169552669
71837,46.08167658730159
92547,73.05678048340549
84240,68.15786706349208
85768,42.68277267177268
25489,76.99785714285714
78032,96.68637500000001
8626,51.90591792929292
7500,91.25028571428571
46865,38.79741865079363
86612,42.792028138528146
11969,46.23057609098416
1359,66.38047619047619
90003,76.86243487506646
97772,44.76662896825396
32111,25.13295021645023
5076,72.42890430961741
24708,59.83408423520923
76729,32.69711706349206
39049,49.41788961038963
61415,62.125427128427106
25059,51.0003006854257
57496,57.6952346681097
41341,67.85540476190477
100014,39.90068055555554
1262,30.691071428571437
52604,79.81442857142856
1395,48.51754365079365
48529,42.60371194083692
6598,36.78640097402598
87571,71.92341603821015
2162,41.9007380952381
13439,56.817281204906195
74248,67.7876847041847
28415,41.22284451659451
74578,56.744654761904776
46427,79.80833333333334
32615,42.96753409090912
90374,50.91533608058607
53298,35.551708333333345
41178,54.395152777777774
34287,73.93857142857144
74813,41.01061904761906
92636,21.049214105339097
68235,32.8602196969697
94937,88.63125
32122,36.16191666666667
62995,49.38367983405484
87914,49.00055158730159
46546,40.645789682539686
51673,53.348069597069596
57676,55.026664682539696
20877,41.082523809523806
49401,43.477221872082154
31720,60.60891666666667
24778,74.45419370988489
42601,35.026504689754695
9436,40.42155147018015
65491,85.99799999999999
86143,60.842966269841256
55100,41.60266955266956
100429,77.89072727272728
74418,76.04128014434077
5911,18.898676271849066
90319,48.103020202020204
38529,72.77595238095238
7625,40.370852897102885
52721,53.53959325396825
5636,48.0071756854257
53460,64.32543055555556
92144,64.88632112332114
50095,45.13404563492063
34692,52.033958152958164
74566,77.80796428571429
54297,46.87256150793649
90046,37.0505634920635
88860,61.51724893162396
63881,25.374089285714295
77434,43.05462229437229
18134,35.62783008658009
43856,33.45514502164502
44674,38.837346139971146
62272,81.53983333333332
49199,32.074521284271285
17693,59.084654761904766
24192,39.189069444444456
19650,30.735782828282833
42759,50.172984126984105
85682,40.953062770562774
65865,37.20429761904763
10018,66.60833892496389
34277,40.570540043290045
65389,63.697969766344784
30027,55.548535714285705
21971,60.245036075036076
50618,62.89697222222224
97012,45.97276911976914
77973,50.32785546398047
93059,57.13635790598293
259,69.80357034632034
15253,54.098951090576094
88606,36.03296789321789
54208,70.91368513920725
58567,35.44269394494395
24808,84.89744999999999
78795,70.19385393772893
15055,35.55852254689754
28462,78.64839015151514
47345,39.22046572871575
99552,73.98005191849215
98797,40.97215097402597
813,35.4727398989899
31005,65.80091865079365
70510,57.69576352813852
18558,33.240509920634906
66400,70.69592898767897
34810,37.99148214285714
84257,74.57873717948719
75125,60.96108333333333
89072,49.744399350649346
46784,57.72799603174602
28501,34.06173867623605
101725,53.33508170995672
94578,45.16528460428462
78440,47.44183531746034
5218,39.48336760461763
10661,47.89072420634921
62848,60.143865079365085
54306,38.42612391774891
86621,34.76066865079363
56666,39.85317857142858
87030,62.58541666666665
101110,72.56880952380952
90765,31.980845959595964
34880,34.45689682539682
99525,53.529973290598285
59825,32.851959859584845
97835,54.926215909090935
1456,90.19535119047619
23960,80.82880357142858
92327,34.4596011904762
80020,73.94185349905513
67057,62.99297023809524
77082,35.73053571428572
100369,31.972355158730153
75381,57.97873809523811
78893,60.05907521645022
99565,43.844972943722944
68463,65.09142185592188
25965,41.13810714285715
1521,69.8027532051282
73128,55.72604166666667
23466,78.70483333333334
46565,72.30870465645465
54210,73.30258044733046
68572,84.51101190476189
97439,39.81995057720058
54728,43.40657882395383
8993,48.203724206349236
86452,27.81426388888888
36895,73.88550252525252
64001,49.43612680375182
102458,27.369816128316128
69191,36.333579365079366
12710,57.68952170052173
6985,69.75100667388169
49673,39.3567426046176
16459,66.68290773809524
36343,58.62920672383169
38889,47.852831871345025
54936,56.82165873015873
29628,66.86776226551224
28552,43.0758234126984
65147,42.9069577922078
75602,44.268681457431455
30362,66.96380952380953
82803,48.04219841269841
32271,48.37953246753249
1604,62.890028138528145
19579,49.52891089466087
63798,58.04225992063493
87639,32.23256746031746
20084,37.40214879009879
47703,40.11969246031745
46844,37.935587301587304
54157,59.04157033652623
81272,58.312826659451645
65012,33.55652976190475
61480,36.9925882034632
87549,68.26943704906208
64529,42.83735263347765
36930,23.193511904761905
91059,36.95139285714287
101305,31.368750360750365
11838,42.11117711455212
25381,54.962345238095224
36459,40.90947456709957
21778,44.149251984126984
29750,72.03366926129425
13812,75.99350793650795
96260,80.54259805934808
59775,34.23713492063492
65875,63.67361760461761
54892,53.352821428571424
70043,47.929744116994144
81871,46.406731060606056
18267,27.70046753246753
65602,45.91495039682538
67818,54.470839646464654
14498,68.46991645854146
35837,65.72041269841272
9164,38.54012968975469
85619,40.16999801587302
13438,51.00558455433456
36624,45.103599206349216
28422,59.496656746031746
36574,59.46273358585856
76110,51.152275793650794
8970,47.802192460317436
79200,44.907006493506486
824,58.324089757464755
16255,30.965165445665434
42674,97.9025
59686,47.12032158119657
60203,45.44500198412698
98817,48.58767460317461
13565,37.419373015873
18409,51.26797222222223
97353,63.14283333333332
15945,25.730950396825392
11791,39.06169895382395
71344,36.1621099039849
39866,73.54308333333333
8709,51.099859487734506
5032,64.32515422077923
10036,34.17414033189034
46651,72.13177976190475
48621,40.00369642857144
90267,60.83809325396825
21592,41.2386011904762
21370,51.52795400432901
63145,65.2630138888889
102297,57.33144841269841
31232,38.02889303751804
72545,53.138692821067814
32562,52.04284866522368
90907,85.93753333333333
52301,46.47540963203463
19147,84.95
6373,78.70811538461538
8547,63.40898412698413
75164,39.065857142857155
42345,59.11603373015871
58546,49.05765476190474
65073,42.857710317460324
68629,41.88545021645024
65926,62.98021825396824
20101,39.475686507936494
60104,58.54825703463202
79665,19.825632575757577
12521,71.28448611111111
13269,66.48708035714286
80075,43.30004671717172
76453,51.23492063492063
46245,60.215384284016636
78681,60.417335678210684
69572,65.04956959706963
63137,29.549102092352104
91394,39.32663492063494
40112,67.87397077922078
85294,45.67267712842713
72874,48.8995138888889
91234,56.886576007326
54094,65.03977182539683
62146,51.150714285714294
36719,40.93045131257631
73837,42.02309920634921
52994,34.63563751526252
23054,54.157216269841264
8081,42.25477182539681
80761,40.096089285714264
4351,77.35637745812745
16396,70.91341666666668
73106,31.30558134920636
93720,56.403827380952386
29870,40.45994444444444
89535,70.81126175213676
44651,95.88133333333333
60608,62.74991991341992
45683,97.045
18726,71.25071338383839
67633,33.38812734487735
19007,46.55684289321787
67430,58.29038095238096
80735,73.55444047619048
95840,73.74901785714287
77153,55.139950757575754
274,53.6950496031746
33245,78.20916666666666
43457,47.035245670995685
13552,77.72808658008658
43476,66.77371139971139
34372,49.6714178876679
78871,45.69360506854255
3070,56.158046626984124
94117,40.60757814407815
33552,46.191083874458876
63406,52.110545454545445
96217,32.595634920634936
82387,63.928815170940176
1052,55.71214570152073
43442,69.08390277777777
4309,58.40315638528137
77689,75.87269444444445
25707,56.989535173160185
363,61.37656186868687
55956,66.61059606533817
9477,34.36933730158731
82869,74.55940907522428
77211,47.699663600288595
31050,44.93617460317458
80752,41.89181807081808
79067,50.175362637362625
5611,71.08676984126983
56393,31.892130230880234
52672,37.73744841269841
78592,57.49192460317461
50498,78.55904761904762
94197,37.464001984127
31231,44.4580840964591
98697,65.73108585858586
63027,39.298092948717944
3598,44.56629960317461
77468,54.53644913419913
49986,44.988555555555564
19858,35.004982683982675
254,64.67121212121214
95041,43.197780483405474
22122,77.49292857142858
7195,67.73793253968255
7942,39.451810286935284
25183,42.99617551892552
3026,74.37446978021978
1872,66.47588095238096
46715,30.25908623321123
7526,62.27902346999405
98038,82.30255952380952
12583,74.983125
10916,36.82139357864359
19806,73.63581194785607
64591,51.48744047619046
6225,68.5779958929959
95253,58.389666056166064
2939,35.82789466089466
97004,37.74263167388168
7427,59.261162114845945
94884,50.065574175824175
15600,49.87056547619048
60291,60.91917857142858
12457,40.175080627705626
42723,76.42313690476189
26833,69.13996260683761
37569,63.13946446608946
29517,69.38488152198678
20092,68.89139377289378
94941,49.866623015873
64264,61.8260119047619
40011,60.904126984127
102113,72.95232738095238
58437,67.60905952380953
101758,42.184478174603186
23108,50.43305567226892
41198,50.83016666666667
11178,78.61604166666666
50140,47.70065079365079
99496,63.45914285714282
47135,38.65856150793649
51502,61.69453188478191
87689,42.78309956709957
93264,57.230363636363634
66947,60.70270238095235
30211,34.692761904761916
23461,61.05029455266955
67762,57.725659812409816
23080,69.23368223443225
62124,68.79567857142858
10006,80.18042729573168
91363,54.97981684981683
84248,77.22836828102453
22973,89.0
54219,37.1139384920635
2886,64.24691697191697
78902,44.645986111111114
61321,50.1487895021645
50854,70.90271284271286
4273,72.43338095238094
20266,67.64715384615384
335,40.26597817460318
56278,47.680358766233766
88676,46.821965506715486
77912,57.1350873015873
83245,68.01286531524032
11960,32.12020183471499
27332,44.66328769841272
4607,42.13149824929972
1598,52.63166702741702
76331,55.06053373015871
57686,53.5655972222222
29209,63.356444638694654
29796,67.11357738095238
55099,67.69318650793649
48495,42.31834722222223
99031,66.75282949308755
60575,51.509924603174575
99442,46.48581746031746
90741,48.32798243423242
9868,74.89785119047617
41004,53.202916305916276
77549,66.14805952380952
52245,36.869742063492076
102154,50.831061202686215
91380,34.674635822510815
36744,42.49301785714286
64534,35.71474296536797
67314,98.87
8122,70.5020954184704
71657,38.59463474025974
91198,38.221976190476184
47670,46.82741071428572
88113,53.15976262626262
14825,62.296783730158715
4541,38.34324170274171
51925,34.89221428571429
54510,57.752543290043285
7201,68.94122115384616
63463,26.640065476190486
83293,64.86307738095236
91551,16.8748281024531
83409,70.75306410256411
37531,71.28862301587301
30628,70.14087931331952
47504,31.438975829725827
49202,35.6549098124098
26470,38.45796933621933
6649,56.306976423902924
49676,32.42844841269841
76426,78.99104166666666
100436,39.311691919191915
85441,43.925916666666645
75301,38.392876290376286
99485,67.85208333333334
65372,72.93745238095238
36672,35.12891010378511
32473,49.41312103174602
27587,62.939814171123
77612,52.19110515873013
97691,41.81442968142967
21338,28.80640818903316
100585,29.421493326118323
27718,41.29240079365079
69595,32.0757876984127
30183,59.95537103174605
85253,36.771269660894674
71536,79.975
79057,44.6651111111111
46867,43.45344251581752
66547,55.36941017316017
18164,80.46474404761904
78808,49.49662049062048
74853,63.882898809523816
78181,48.89402447089947
84572,44.08371230158729
68802,41.877891594516576
74383,54.397035714285714
63043,16.472748556998557
91485,29.60922023809524
67255,69.98916666666668
80040,69.3930450937951
76238,39.42567117604617
58565,43.208450702075716
43340,25.233887265512266
3129,37.26745833333335
77349,55.89212031024532
14289,47.50772023809523
24454,66.18253174603174
82895,36.73258676046177
76475,61.60601262626264
33442,40.74475793650795
92971,76.52725505050506
42314,47.42458928571428
81540,69.06466865079364
9395,52.131081349206355
44065,38.428841810966794
30127,24.987274531024546
85092,28.7022261904762
63777,50.30374310776946
96060,57.862724206349206
53523,28.705972222222226
49408,52.13876388888889
79812,66.95626906916613
48996,62.093385129490414
44173,53.814909722222225
72337,28.758921550671552
21715,66.73103679653678
68538,34.2716756854257
33332,53.00011904761905
78968,58.16056349206351
64350,60.943751984126976
40784,49.442696275946275
25679,53.02752976190477
95134,59.71979166666667
51519,79.16398015873014
11346,37.13424735449734
49088,66.82484956709958
37398,49.05654040404039
79175,34.207625180375175
100153,67.51399639249638
74119,41.93026605339105
61907,49.43318854756354
8556,37.20030609668108
43395,49.732543290043296
37461,30.86441558441558
28108,39.3046884920635
81691,35.11621699134198
20478,32.213612484737496
39107,78.12692857142856
88123,55.15852867965367
12656,54.193738095238075
45031,41.68677808302809
60928,29.013670634920633
76198,51.70654828042329
93946,77.73175793650793
77740,70.43011904761904
58584,73.01779791042291
56873,46.92535119047619
66075,63.19159379509383
31581,46.598261904761905
36586,56.61684554334554
88510,29.766567460317464
50799,67.540074929972
62261,44.422749999999986
85315,34.24812500000001
86750,62.327181908369404
47277,50.68947222222219
57506,33.43020238095237
97871,35.92259126984127
44937,47.08915692640693
16601,32.971066017316026
39055,24.62724368686868
95697,61.207934523809534
91275,69.48829365079366
92191,51.0991517676768
5339,58.654033272283286
87515,61.25114880952382
81726,69.11349404761906
82180,35.05211111111111
35813,72.34474945887446
72943,43.193437030075174
19911,56.651770202020195
35890,58.76400641025641
33876,40.57608114108113
4543,79.5060339459016
58776,34.588597222222226
82091,35.03574404761904
9419,70.10981746031746
20607,52.127400793650786
47951,33.43688672438673
83331,65.68697997835498
63186,39.83733874458875
80335,53.01882142857141
82535,54.65781764069265
79488,25.19194498556999
55808,42.15694841269841
3370,79.12828968253967
92054,67.55404166666668
91911,59.49030537518038
93676,50.444373015873026
27790,72.79216666666667
18604,28.715780122655122
5797,56.225747100122106
20370,63.44967628205128
74593,72.22700549450549
53942,63.27618849206351
102654,43.56439779664779
48287,78.90366666666667
71819,59.531515873015884
63586,70.57023098748098
79011,50.741073926073916
17983,69.015
45509,61.71741305916309
64786,50.13108134920636
59082,57.68033440170939
24866,80.34329247683002
5450,48.0361432178932
102224,47.78638293650794
80877,76.03657738095238
9804,30.408990079365076
18790,49.32748340548342
19012,68.64355555555557
6045,71.07794967585494
66613,70.14499214674217
11697,32.80347112609611
78546,71.09066677109442
87765,53.38301934176935
88307,67.9650459770115
65380,46.004840437340434
19642,49.065875
56321,60.20077633477633
33064,83.75761569183116
93982,45.30117063492062
53085,46.82402976190476
64903,39.93523809523808
36968,37.890540945165945
93,79.1914995074957
14235,52.80045634920634
59051,42.602799783549784
63831,27.14126911976913
9824,59.48923953823954
86303,53.19033134920635
39294,61.87294237012988
5516,61.59419246031745
29443,29.3946007048507
94614,37.14930537518037
92599,31.417314602064618
102218,51.625704184704176
3355,67.76051298701297
78394,43.17094336219336
97034,46.490410714285716
98012,38.05497222222223
14875,61.61977106227108
92081,41.02782269119769
100986,67.42383384670883
31694,52.98200072150075
84967,68.00413043478261
41232,63.47824404761904
82224,30.28290874403373
32563,67.38723611111112
54290,53.63954996392496
85355,62.4890395021645
84116,62.467299755799765
40855,35.69765043290044
84416,73.03887130761396
40015,36.11386237373738
48912,37.446237373737375
84978,55.34195544733046
14097,43.09122474747476
77490,48.77725553613054
43304,51.1292786796537
89437,68.53983333333335
81926,38.16266468253967
3155,42.401281746031735
41602,40.25977976190475
29383,43.14486093073592
101752,61.865669205794205
68726,39.73019913419912
8362,69.609387987013
27713,50.028397727272726
75060,34.259200396825385
101655,64.14700595238094
24507,41.10547824397825
49792,80.79706578947368
32635,69.740005952381
83193,63.729718614718614
42993,55.431469336219344
24125,36.54638507326007
34578,65.50750297619045
64732,50.52699567099571
5978,43.95106150793651
61521,44.495613275613294
58956,49.52982539682539
89837,40.79746608946609
21954,38.755053932178946
92176,54.98418849206347
66964,43.50958585858587
55697,53.20620343137256
50439,53.25769444444441
55754,45.85548015873017
11385,46.86379202741703
59523,63.74338365800865
66228,67.67473881673884
77709,58.14620238095239
48753,31.989402777777787
13213,56.94689610389612
51516,80.52954545454546
24763,57.007599358974346
94188,58.55969841269841
53167,53.34913762626264
5472,59.15080555555554
64914,51.682505591630594
55884,38.76293542568542
91993,70.16763095238095
67645,63.843785256410285
15560,81.27886363636364
83950,49.53757738095239
10033,11.990947871572873
18271,41.533509740259746
68236,50.12548142135645
55424,44.32406930569433
75469,48.59205573593074
54531,37.899636904761905
23387,42.134742063492055
40946,72.1203492063492
24208,70.2059575453786
50655,43.293407287157294
69172,39.755098214285724
23281,67.83241459847342
38553,67.55667297979797
99083,58.70437445887443
95004,62.57864826839827
66950,35.05696626984125
49133,39.250361111111104
38057,85.16985233745255
41883,60.91163528138529
27864,56.82650031830915
1332,56.81852758352758
78127,63.19264697802198
47455,81.89166253680959
17554,42.34166756854258
13454,31.873228174603163
14056,46.14322492784992
22287,63.186375000000005
93370,33.39489682539683
42008,57.009613095238095
64505,34.0626865079365
84960,60.657262806637824
11472,63.233933802308805
67319,40.11213492063492
36740,62.13905905205907
28622,49.22892803030304
38380,42.60151731601731
16883,62.2338045843046
8900,66.42410729548229
64125,71.51350000000001
32325,38.01229365079365
13350,70.94189377289378
54063,47.19615476190474
47983,43.7418253968254
73188,42.71547340159838
26262,58.512146284271296
15997,37.289831349206345
72522,47.36362499999998
92867,43.27474727968111
4913,62.930573412698415
97663,61.86081532356533
49773,59.09090079365079
64206,27.677220238095234
101581,37.30274999999999
14610,35.07915745365745
24018,48.9862454906205
88420,31.131594683094676
82860,81.71852976190476
92549,56.16036904761905
82765,40.80501587301586
86566,47.541400793650794
84112,31.945660173160167
96553,54.07783658008659
72861,56.4043988095238
60078,61.536876984126984
42880,69.09294642857144
30802,48.952938492063474
86237,56.23067658730158
14210,36.82035173160172
40121,46.29789285714285
44470,73.84261691086692
22300,43.51950595238096
57050,66.4924494047619
65386,60.48428296703297
47699,100.0
59637,55.45557305194805
18868,70.85712500000001
13370,45.32011796536796
4008,67.17817261904761
96603,29.186454365079374
33069,40.774787878787876
54479,47.55202579365081
8569,55.12589141414144
6702,72.83783874458874
79731,34.65381024531025
54241,80.4688630952381
21242,40.2788988095238
74592,51.915993506493514
741,48.91020923520923
35225,50.00665674603176
100807,35.04018650793651
24907,65.76432931819643
5660,75.59084157509156
67137,59.11697222222223
57265,38.81229067460319
60460,36.9245476190476
82135,85.98666666666668
30465,66.84995761183261
53513,50.479648809523844
98434,37.383000901875896
17663,71.24782052669552
92389,43.03026388888888
89846,43.14563654401155
14534,50.66312301587302
16241,35.33915187590188
89311,71.73047619047618
17473,64.93000324675324
52684,51.82740097402598
78989,39.7389557109557
20526,53.03865079365079
50437,69.01732539682538
85529,41.60989747752249
32515,76.08168553220972
14838,36.000750000000004
26778,59.366333333333344
54886,53.74614754689755
63412,29.72151767676767
11932,81.99916666666668
79897,28.055900252525237
74722,70.06467574092574
4832,67.98118686868685
9902,33.72669805194805
95606,53.35731060606062
95805,42.017138888888866
40521,76.39955031080031
91996,26.724186688311683
49169,53.80090331890331
21015,41.75736507936508
46533,67.37588460232577
23947,78.77951515151516
87679,74.10345730706075
84935,57.10037896825399
36877,46.57404437229437
83545,47.30742676767675
5826,62.138107683982696
44905,64.46639926739927
59738,73.95559325396826
32880,68.71933730158729
66282,76.2347355317474
101460,41.39894642857144
84173,67.578248015873
90387,40.81328264790764
69318,71.99230378028403
21221,58.779146284271256
26153,57.75754166666664
12567,30.05802777777778
17079,43.86307593795093
29833,78.0
31775,35.14471825396825
86974,79.02671778711483
44994,49.168878607503615
95394,72.15782936507937
85853,59.65875883838384
32885,69.51200595238096
58796,67.1907976190476
51991,83.85416161616162
51781,39.248254689754674
83803,61.67021620617947
79975,53.94651262626262
90311,64.33527380952381
71049,29.05383223720724
75673,55.97567063492063
51848,78.95483333333331
78665,31.873391414141416
59767,72.32713095238095
9229,46.81231403318904
95391,34.59976785714286
72180,72.72155128205128
72814,61.81887103174602
47876,85.315
15553,53.11956349206349
44858,52.75131052281049
71603,44.93720138888888
39440,76.51681349206349
17892,10.99035515873016
13891,49.6327252886003
57322,45.9539761904762
86366,16.50369047619048
55207,38.54746807359309
52355,30.571790584415584
28041,65.69644688644688
46477,32.16290873015874
26655,24.613909812409815
43577,55.200927350427364
52760,50.28625378787879
4367,60.90966314935064
22669,61.71073949579832
40505,50.63639087301586
49829,45.69734126984125
91276,44.61691865079366
4761,49.530559704184704
18327,42.97806746031744
50524,26.467964466089462
83777,63.944939574314574
99740,48.56554563492065
37518,81.87803571428572
41607,78.95210073260074
3016,46.93308802308801
46951,61.381182178932164
30241,45.161820346320354
9497,42.946682539682534
11869,42.11763186813187
96126,47.421394078144075
12071,41.75146410533911
102643,45.98799549062047
44514,66.95227326839826
9919,54.674027999777984
60851,49.48895436507939
83300,65.60243434343434
58512,59.07644751082251
9629,49.00730952380954
33792,41.97876587301587
98968,61.519919733044745
21354,66.65611147186146
82171,43.78735191197691
67581,70.02645978582822
52572,80.71455555555555
37727,73.8972228728229
49305,43.810431547619025
99504,85.17800757575759
67991,35.29275793650792
47916,65.44628373015873
53109,46.10306944444446
63079,99.382
102535,60.41493253968253
41868,43.68029958929957
84900,36.104290986790986
62694,70.94665259740258
92301,63.860017857142864
18233,69.35115966386554
36334,88.88233333333334
39682,45.146494588744574
69455,24.436859126984142
55537,42.3746663059163
19202,53.64355204517703
62016,60.66101551226553
37023,25.89608928571428
92751,74.00583333333333
6913,43.59139898989898
30721,46.68213997113995
55328,58.83447817460316
26964,85.77428571428572
14726,75.95772222222222
86138,38.96624819624819
70526,55.78438059163058
35772,55.436386904761875
58482,55.82082178932179
23257,44.56085173160173
93638,40.51259661172161
76566,65.16121554834054
2676,25.214186507936507
88325,38.36609126984126
25145,40.24932539682541
36528,57.20606150793649
20504,72.96620467032967
30880,42.119171717171724
44133,73.78127092352094
65616,76.995
5091,54.114840367965364
61877,51.163035714285726
69066,37.40900595238096
8240,45.13498683261183
69035,29.389378454878464
61492,34.32295833333333
7851,32.41732846320347
87622,39.828730054302426
97378,35.869937409812394
93876,65.24620634920636
29324,30.41105411255414
59441,61.792724747474765
5648,32.69562842712843
48959,64.38888408934059
68824,35.20947023809524
92508,40.56411599511599
76636,50.97620508658009
69866,72.70131725146197
46830,62.27020833333335
13662,53.432461940836966
70165,27.488767579642595
73167,41.203019841269835
22894,28.37730681818183
9926,63.153810064935044
72794,69.55495833333333
16531,33.790623626373616
71955,60.68649603174605
60942,59.87086183261183
12507,48.86181908369408
40733,36.08884794372293
91504,48.4183961038961
5652,69.03521428571429
5778,53.0975164141414
38029,33.877027777777776
48598,60.91716895604396
34319,16.864421356421353
37379,48.23374152236653
78865,38.78646626984127
65021,42.449051587301604
64445,48.09581547619047
98999,39.4452968975469
8985,60.116043831168824
30272,48.704047619047614
94583,56.35400595238095
12474,67.7971391108891
19162,69.18419106179768
66505,68.85333036408036
79384,34.816003968253966
24364,67.44258333333335
78588,55.39641991341995
71949,50.98541558441558
23880,47.4113035714286
25271,47.96284397546897
81042,44.73914448051947
102369,55.6665257936508
6835,52.92429439351499
54168,81.4530119047619
62987,59.97100793650793
26008,45.287751262626244
94698,63.62546901709401
43249,63.103706959706955
17932,52.37844823232324
49348,69.82391851073763
52042,41.8240476190476
91123,62.25594155620781
66598,78.47040705128205
7902,37.26702945665446
72824,43.45889303751804
69454,37.651932178932185
43112,45.657682012432005
96061,53.07074945887445
27223,53.34443055555556
18239,53.03580952380953
85224,40.109259920634905
63414,55.96734920634919
55039,55.156423395445124
36813,34.462581168831186
79835,46.11665682928183
55491,68.61989826839826
66313,54.932664682539674
28659,46.3978492063492
81832,44.917692460317475
36269,73.46086093073592
37349,56.6990429197995
65110,50.490476190476194
21689,66.198082972583
70857,42.03074242424243
8527,70.10801694139195
63295,64.2187095959596
73662,46.11718686868685
94549,51.39301666878871
44587,39.64108531746032
10531,42.276666666666664
91262,80.88416666666667
98728,61.43424065934066
24027,56.32412445887446
90974,61.50217055860805
48966,47.229463203463204
19069,34.658084054834056
3639,69.89871626984127
53256,71.50376984126984
17182,79.88588095238094
80717,75.00115384615384
71658,63.06106027795733
74637,68.61282575757575
78508,30.21376244588745
70186,36.49521217671217
95845,29.738406204906205
76476,71.98678571428572
87864,50.94976587301587
61331,32.81911309523808
91870,66.57114202464203
90492,43.184532828282826
84323,73.33372222222222
31670,53.84271194083694
52082,43.59722366522368
65842,68.51039285714286
62491,58.503398809523816
37599,66.73798015873012
40385,31.559248015873017
56193,44.18232954545456
75229,70.54150277500278
74539,57.63396103896102
98499,51.99221031746031
79172,64.39379294316792
43553,51.06030158730158
53943,30.983815476190465
49178,48.761549963924956
39052,40.57260642135641
31721,94.25016666666669
79229,71.4322178932179
102114,29.30299693362194
20944,34.62875396825396
45977,58.194795274170275
95472,71.02219642857143
82862,71.98203174603175
91690,62.744494047619035
9912,46.988747835497826
101255,39.76273917748918
65558,45.33930826118326
83731,48.65925270562771
12338,77.22670833333332
69970,52.14818879731381
33247,57.573710839598974
1989,34.45184451659451
97481,72.03412445887444
96868,33.0212415223665
29896,72.68014285714284
33121,71.15990552503052
84848,57.28116887973137
72978,53.477322691197685
90735,59.23738888888889
83122,59.444796231546235
79115,63.96858928571429
61959,81.76558333333334
27877,34.44932142857144
61974,48.840980158730154
44847,68.13678916040101
14933,54.57577380952379
47901,71.12328427128428
88197,37.38546825396826
48907,59.81345652958153
91980,39.926003968253966
13143,72.69547222222222
96728,46.6739218975469
12665,73.69663095238096
40217,48.55042406204907
1769,68.51044642857143
74942,24.97640873015874
55132,20.44581746031746
65879,45.695958333333344
8273,65.91906372549019
77747,44.161213924963924
80411,56.99084307359307
16622,70.18159307359309
60193,62.93099116161616
29930,37.95433621933623
7894,51.888764724310775
39951,65.28995117382617
37543,27.362807539682535
95072,74.13518849206349
20643,80.32404274891775
89392,40.42954473304472
41044,68.06770973389355
14066,44.27411002886003
61377,51.616508116883125
20367,46.6476401098901
21193,63.47066865079364
47999,49.29594678932182
72481,57.42682142857143
14224,75.36562268360296
95865,64.67718055555554
5288,39.780859126984105
73222,38.60913492063491
16247,46.98825468975468
55092,31.998922009569377
74960,60.73317536630036
51545,39.99896031746031
22294,65.87185714285714
50980,40.42382377344876
69376,77.95100000000001
92794,48.08476527639029
9154,62.37101376401377
64942,51.373356782106775
95221,76.31845418470417
58023,45.02654761904761
4782,51.353447510822505
4411,47.79879761904761
85530,55.6488849206349
29410,64.95458333333333
60440,84.93916666666668
37143,35.46882467532468
36512,56.79263122294372
41927,39.764102994228
11147,67.60334217171717
38813,30.808621031746032
78720,55.447493145743145
81039,46.733896825396826
2298,29.81743740981241
92941,65.74307233044735
34051,41.0728356782107
8807,52.79855555555555
32534,75.80229563492064
44278,39.49346374458874
21982,60.90966314935064
38824,55.457157828282845
4404,29.55756782106781
53672,69.67286957282914
68355,29.32265512265511
70841,41.68809126984127
8561,46.74018452380952
38636,32.24596194083695
73053,56.930259518259476
61581,21.476987789987792
43895,36.38016239316238
330,48.116333333333344
50254,50.79067803030306
16687,64.58178373015872
88648,54.35464880952381
54996,46.98492857142858
77296,46.650916666666646
24280,48.88018813131313
85589,31.12757341269841
15708,67.99569931457431
76748,46.11492658730157
30897,61.924980158730165
68809,58.103849206349196
12248,52.474570207570224
20918,65.38976785714286
37262,42.70180239205241
88046,34.99072727272727
53688,54.05479387279388
63270,52.8553382034632
34255,68.83125000000001
5806,34.55669101731601
75334,36.97954563492063
71699,72.82799999999999
52372,60.673720238095235
96979,44.422501443001465
76176,45.392865079365066
77419,44.420599206349216
24895,66.98107738095239
69169,56.333601731601746
36198,49.05781637806637
2829,49.71966071428571
60042,48.28703391053393
62885,82.65054249223
97427,72.02401587301587
70342,57.98690781440782
100339,47.130698412698415
59818,43.933976190476194
84105,58.096789321789345
79234,63.720067460317466
40358,48.496127525252525
17954,43.10315566378065
74621,70.03488492063494
16899,57.50651334776337
25585,62.72319436813187
92594,54.24901388888888
41757,34.733606379731384
76903,36.37598412698413
98633,36.53611976911977
61886,66.12864285714286
63713,59.400333333333336
39922,58.94027182539682
8432,45.944678210678184
63374,35.257140873015885
85479,64.67100062437561
40899,80.46355851269473
21255,30.254559884559896
79820,34.085449175824166
5815,37.47196825396823
70979,69.01416666666667
88004,40.08369570707071
20821,77.23836309523809
70519,74.2657023809524
68331,34.60810393772894
29075,52.62862139249638
99174,67.66077579365079
47392,94.01521428571428
92598,69.08427976190477
32011,70.57192857142857
96328,77.58652723665223
96191,69.23296626984128
32763,51.79982142857142
80178,48.44141090853588
7341,79.86
20569,50.68359126984125
69592,59.02648088023086
31964,75.88776785714285
71535,76.40695856488475
20173,77.55154045954046
67986,37.1571672077922
44292,41.01612572150074
35152,51.333946428571416
81074,49.81732341269842
12642,40.54789285714284
23059,76.0268699790062
62175,67.70992965367965
12793,37.3230193001443
21844,46.23401251526251
100728,64.917701007326
48135,33.44642261904763
69188,27.23958134920635
39066,26.109916666666663
95875,48.484003052503056
87598,62.476796802054174
101718,35.889267857142855
12354,36.26190079365078
79009,58.15785822510823
23363,42.37755339105338
16284,29.450306637806637
85542,50.44293253968252
63041,68.96197927072924
33400,62.34799313186811
52224,47.10108928571428
10766,45.18451587301587
95944,78.20208562271063
64257,22.393609279609272
50751,59.559097943722925
99721,74.5129605263158
45782,55.34367261904761
20688,71.01858333333334
49527,36.58771196858698
89019,47.86576190476191
88944,69.96196428571429
37433,34.3633308080808
73920,65.94175
29827,28.570357142857155
75740,66.35110533910533
20386,64.28752976190476
83403,48.24234523809523
68441,64.98477281746031
92649,27.981075396825396
4156,52.364996482683985
74212,39.411849927849936
86401,82.96333333333332
64624,29.130460317460326
5714,55.802523989898994
74224,45.15325396825398
22600,45.19469444444445
88204,39.18447420634921
58745,73.44910714285714
93673,26.131552669552672
6950,51.733505050505066
91344,60.816500000000005
6825,41.14746392496392
83314,35.341946428571426
42537,40.703232142857146
80943,43.56785076035076
79519,45.42208730158731
3146,59.02587698412699
14929,73.32242261904761
22592,56.70342261904761
101661,50.13703192640692
18680,45.44451388888888
58555,80.4105
71875,52.59344642857141
5857,61.98130753968255
1282,41.4907665945166
89657,69.13035119047619
93817,49.34258874458877
99729,21.077879120879114
34714,35.36236435786435
80798,29.467515512265503
6937,59.349824134199146
4765,69.85419642857143
34286,42.25425396825396
4910,43.27352182539682
76244,76.60456792717086
57090,47.262718253968245
89227,72.91305952380952
37991,46.1697662060162
10862,52.08531547619045
68455,38.548794719169734
98554,41.61904094516594
48967,54.681083333333305
102653,70.00055973266498
64085,57.6202896825397
13100,69.94090972752738
74632,60.47808820346323
87207,71.72854563492065
85780,46.65643650793651
9041,54.75778174603177
26468,71.0246771006771
22769,76.22362499999998
98594,77.16110559898623
21857,48.55678571428571
73137,61.82545436507933
36142,72.49963059163059
63582,60.9840559163059
63699,75.07657142857141
30084,81.99832738095239
4321,33.892182178932195
84241,81.72039169925935
17927,79.25293315214861
70173,61.937956349206345
101760,72.31299999999999
20844,73.4653638028638
63243,54.51653162055336
15237,47.04248572261072
63764,76.94466666666666
19910,33.576505952380955
14036,35.602345057720065
32322,61.01489484126985
12092,33.724846139971156
13366,74.47613598901098
67724,26.63360119047619
12635,55.83079996392497
91226,45.291863095238114
70264,74.26534523809525
88034,70.84301587301587
87069,49.691723124098104
15711,56.80964835164835
78783,70.98648257379875
31170,33.95561129148629
101784,76.8094935897436
15968,35.385408730158716
2205,41.95331637806639
98893,46.43200901875901
48232,63.23034104090353
24112,45.554213383838395
15352,28.31572619047617
64684,60.92196825396826
31949,36.940654401154404
53316,48.35525793650791
87694,75.9720476190476
36786,51.995297732968794
18837,62.303436757686775
30291,48.119173382173386
60299,34.15996951659451
10845,36.592867063492065
85950,61.72065151515152
96679,41.85195003607503
24459,70.96815032679739
67055,81.97169047619049
74973,28.17764087301588
37417,37.216478174603196
38460,42.3881038961039
45611,58.60906746031745
54461,65.73168398268398
46878,39.49089726209462
75564,50.69536921411922
46152,70.27896825396824
75805,35.334009920634934
46314,62.84491666666667
60421,31.767883116883112
19163,72.60900432900434
99840,45.996876443001426
7794,44.05720364357863
27405,33.350791125541136
73523,65.37394083694083
13237,77.97178373015875
45835,56.93675703463204
42957,72.9723006854257
70281,54.122313492063505
100056,72.6796507936508
85207,31.450831349206336
39905,39.66290277777779
86105,65.166579248366
77695,52.861228896103874
96416,40.51687301587302
72765,72.26495833333334
84332,73.93245884489909
57866,65.00368181818182
21410,36.347531746031734
24198,38.27090873015874
85168,56.30883712121211
44455,65.9776011904762
81227,61.233482142857156
102658,73.55705952380953
51321,82.37585714285713
34217,32.588624999999986
34893,41.80746536796537
71467,32.43577976190476
25221,51.810521825396826
4951,30.934656746031752
89924,23.060172619047616
74652,42.203111299648064
87722,62.318714285714265
31917,24.283908730158714
1895,38.68271067821068
21634,59.50019841269844
42474,36.45848015873016
78862,69.57479996392497
76088,58.133938131313116
23567,29.501426587301594
86627,50.43278318903322
54588,38.532539682539685
18660,61.09125360750359
25993,41.115462301587314
90963,77.80416666666666
86848,55.79056448412698
73069,52.99598412698412
68510,60.102710317460314
70168,38.3476323847721
56906,46.21172527472527
22165,56.830261363636346
56947,67.31895976245977
58868,33.15332936507937
66286,37.7132097763348
35566,35.70200577200578
29482,40.56564087301588
44799,37.72994047619048
37642,34.879231060606074
17681,44.51403084415583
85146,67.66636940836943
58191,25.244055555555562
51152,48.42555681818184
35090,60.811896825396815
21978,50.42901803751804
93288,71.94806818181819
99500,53.167903679653655
17241,29.113045385170384
30453,59.87891919191921
69686,62.99390422077921
57603,56.18986904761905
22203,53.678527777777774
99277,81.98176767676767
58652,79.95614880952381
85147,59.30695995670996
72554,51.62505952380951
14263,68.4733988095238
97174,40.24252453102452
82302,44.99621969696969
76464,52.333395743145736
78606,36.305078907203885
97961,37.956054542679546
3317,80.57915277777778
85397,63.70178571428571
18270,42.437052308802315
42807,55.83806150793647
12726,42.99659469696971
79205,61.36384036796537
98159,57.40800635475635
39788,36.17505555555555
39619,31.884539682539682
22161,56.70047149122807
56136,75.09601785714285
31623,49.8899329004329
89536,97.70326623376623
86244,76.18375
84092,40.610706654456656
46471,39.71334325396827
54238,38.398136904761905
48936,72.92845483193277
64648,69.04087184873949
97994,26.67251190476192
92566,43.96307738095237
59401,53.62672023809523
44542,72.7225416174101
1340,49.13513095238097
38108,54.23453670634919
16298,70.97358082706768
12207,80.56996428571428
22777,39.631764041514046
81576,58.60436760461761
89069,39.13564646464646
56111,34.14990674603174
82516,70.37925
83975,81.04076587301589
18777,45.09052002164503
54638,35.096458999334
44750,37.97585912698412
87119,46.385491071428575
41111,69.32638888888887
28598,78.93722222222223
70018,41.76316684704186
12331,44.33215674603174
27630,40.54820238095238
50184,58.46285317460316
89769,46.11020436507937
45519,71.98379563492064
63553,58.70758241758244
92703,65.58216468253968
61180,40.238857142857135
47117,35.77856475468976
81499,43.22968795093795
87702,45.017484126984115
74186,37.076449175824166
7515,40.29750414862916
8564,63.6801597014097
40545,38.58110714285714
30364,44.61535335497836
1910,43.805666666666674
25335,72.07029612698074
6558,63.95534218559218
47762,35.12087932900432
77805,29.48357557720059
25448,75.96980519480519
83271,79.80967857142856
46275,80.21674853801169
47469,73.21940702189967
15050,74.60378006795942
39648,56.819857142857146
11373,45.71899747474747
57749,42.150724386724384
42366,34.677691919191915
54902,75.41489306599833
12989,57.09201190476192
35222,51.04016215728717
50932,47.0027528998779
25879,71.77443452380953
59516,60.38337896825397
30577,26.667220238095226
67571,63.206182539682544
95575,44.79314502164502
98264,44.86389087301587
92761,57.133317469295406
75727,34.398423340548355
78972,63.357267551892534
32066,67.95641636141636
45483,63.862252976190454
10791,71.92340277777777
8776,65.26274374236873
85322,48.9278686868687
59399,53.55720447607948
44061,40.42209523809522
9659,38.17187787212786
60808,68.82876190476192
39649,65.53233080808079
97842,43.049102994227994
61825,27.689462301587305
57281,37.086537698412705
68668,43.377722222222246
51312,38.428335317460316
100708,59.94802272727272
17534,65.11989880952382
6657,46.81384307359309
46254,62.693095598845595
22490,64.15756822344325
82806,68.35560317460319
27034,42.942525793650795
77536,60.00109076340327
82579,51.600993506493516
58942,32.286694444444464
61426,51.61412026862029
56229,53.203997655122656
57882,47.379934523809524
47464,44.11067261904761
8689,26.668629329004343
22558,48.12619642857142
36400,28.776164663552827
75377,68.6165435120435
7674,60.270318744164335
54645,44.1673015873016
81566,32.567063311688315
88562,51.7056112914863
98831,61.601484584859584
86342,68.23430194805192
40977,51.95486038961041
59160,38.36679437229437
68922,33.79866468253967
19696,54.84174206349205
54408,44.75966666666668
5280,80.82408134920634
78643,41.84230952380955
64705,49.56600937950936
56785,31.229098665223663
83669,46.984863997114
65906,42.531316183816195
48202,54.95827106227105
70080,59.69503769841269
61358,73.30824285714287
372,39.749116661116645
15063,33.65061917249416
77129,47.98964682539682
64065,31.941292207792216
4262,60.26895346320349
95387,32.01599404761903
6833,45.237167027417044
101056,71.07954960317461
41230,49.94153012265511
75454,65.69317496392495
22865,50.00672258297257
77772,57.46013915470493
100821,39.206017857142875
23585,48.14209758297257
30019,63.351645590520604
98512,76.47125
45888,70.95616666666666
17135,63.798052669552675
42122,62.15035714285713
79016,32.5614945887446
34409,31.1623869047619
10638,58.00922313797313
97074,51.02675396825397
59414,41.67524765512267
45150,28.87824657287157
87253,53.78474188311689
74387,40.003704545454546
1000,32.92977056277056
29948,73.93041666666667
69399,75.94297180451127
46087,34.75444841269841
30687,42.70756096681097
56736,27.48644047619048
34983,55.073404761904754
9522,81.97219696969697
76367,52.30533730158731
83214,33.30386598124098
79793,35.08744444444446
80825,85.76869047619047
7286,48.36364484126983
7866,21.923994047619047
142,37.69475883838384
13120,73.97888888888889
67344,19.487251262626266
51458,44.308295634920654
43122,55.65852738927739
81614,71.52301785714286
20020,41.02008982683983
34019,76.88611904761905
80415,39.00158495670996
97030,35.78845436507935
100221,23.433022741147727
41397,77.94323186161249
100276,42.64887896825397
4221,62.31192694805195
53202,55.331795634920645
75212,56.15614342234562
51883,39.05451334776335
65481,37.55664880952381
31362,33.20782178932179
52778,76.77916071428572
68618,49.61441901154401
74784,48.69781456043955
7250,62.365920634920656
3810,66.79174801587301
16314,50.05868055555554
95002,35.629210858585864
8342,37.703225649350664
89540,34.25661111111112
90133,66.74904197191697
16299,59.61878896103894
88583,64.26975324675327
98136,36.51468001443002
12657,48.48741865079364
61529,75.31422619047618
46131,70.94549572649572
85763,46.61871031746033
88257,66.73892857142857
63945,45.68750595238096
55844,62.85597420634918
93629,55.66462698412698
7474,34.78611904761905
21448,68.42155465367964
37720,60.98944875957376
35027,31.249032467532455
87915,55.90857958952812
66339,54.398891955266954
51901,59.36436273448772
86827,39.43485948773448
45674,52.42709343434343
17731,51.64862968975467
75120,55.81350595238095
5525,34.8365275974026
25443,41.80910317460316
43881,37.92876677489176
94783,61.44909908147408
16886,73.81170512820513
38488,70.99939792070674
24427,70.22458815307499
54989,39.573711038961044
81944,73.14747023809525
93060,38.033450937950946
71016,60.088109126984115
47905,51.0933851010101
75797,41.21448015873015
8813,40.477587301587306
80572,63.24986904761905
46401,60.52763492063493
30108,45.11155266955267
20768,48.47247546897545
25517,61.50096031746032
26860,74.35907738095237
55487,38.04292370129871
83608,44.1306352813853
46995,61.6509503968254
65800,64.89289682539682
76737,47.99604112554111
101455,29.824484126984135
14048,78.50463827838827
84251,78.78047619047618
25876,41.377103715728715
9407,35.72421825396826
93173,55.72179365079365
68528,56.442157647907635
22885,71.25244318181817
63974,39.01571392496392
86745,42.24088492063492
99924,10.070960678210682
48893,52.21055952380952
41822,37.69429996392495
16215,62.20182305194807
2017,26.689534812409804
37498,41.73754166666665
98121,44.45803373015876
93711,57.01365656565657
79916,73.44830555555554
8972,73.67663690476192
55673,32.406751984126984
3713,52.349409992784985
43453,45.95807936507936
15359,33.21053282828282
100456,44.2633630952381
6512,48.96034108946605
394,71.36867857142856
58223,77.04282738095236
60360,78.0186646825397
80706,44.94092912642914
66140,74.42400270562771
66617,62.72249498746867
70565,42.1878115079365
34872,37.93320833333334
43048,87.56222222222223
46202,31.18485425685427
93583,41.295806998557
22641,68.0078707958708
82488,67.9571153013653
41887,26.755674603174597
39950,68.66001515151514
28129,45.66225162337663
6173,67.21838043478262
52070,44.72486598124097
99215,41.68463888888888
85626,27.76472510822511
12582,34.004536685536685
85454,17.12447348484848
86929,70.45470833333333
51271,37.20366522366523
9423,34.48897997835497
7024,45.94993452380953
35966,42.67894246031746
56061,32.40664069264069
25367,69.54928571428572
91068,42.837924062049076
75676,95.92433333333332
37205,46.95654942279942
22414,42.59847222222223
30967,59.468332625707625
98579,80.0
46165,66.62747337874542
8311,70.59827081741787
12956,33.88197817460317
72137,74.0475
17228,34.980075757575754
76086,30.964139249639253
5380,65.38891071428573
52971,56.2004179197995
46566,51.15129365079364
65032,45.2761628787879
64954,60.55917261904763
84243,37.041737914862914
84805,32.82094642857143
77591,71.76267857142857
10051,47.67026388888887
55476,29.694645021645023
27861,71.11581546231544
76224,58.44854563492063
50574,36.27184791597292
39105,24.36298038073039
94180,37.68486309523809
38609,33.81120304695304
85764,62.23711778499279
22807,68.98565567765567
48522,80.95644444444446
72091,61.94939743589742
67802,89.0
90880,56.34169047619047
58294,60.48366738816736
102086,42.74955248917749
27832,20.06626316738817
93188,67.77301648351649
91807,62.87694444444443
36704,43.0601598124098
75970,24.662188852813852
46594,75.88422132034633
63636,47.01147222222221
23037,34.75290079365078
46636,21.99619642857143
55363,68.68229166666667
80167,41.78823412698411
102255,43.094284812409796
79964,57.674934523809526
23053,52.01883134920635
23751,36.644259920634916
11973,51.483452380952365
73572,47.617854437229425
92073,63.95838988095239
79048,36.79221825396826
817,30.259884920634914
54860,68.906875
19970,44.54336183261181
32129,39.22526785714286
57767,58.51456367243868
36761,71.15592460317463
13412,62.8513353174603
45617,70.27342424242424
13341,60.15028922466422
19591,47.9687927211677
49656,57.732341269841264
9249,38.77848412698413
60168,46.477756868131856
75066,78.22328571428571
70144,59.53002579365079
70802,64.06363293650794
36384,40.05950396825397
3592,64.06086904761906
90679,69.44392261904763
66913,53.9243968253968
11672,32.5189595959596
71234,62.4434246031746
53926,63.29902976190477
10864,64.54932738095238
47777,63.555638833388855
5758,49.14216161616161
98369,71.09895238095238
52990,54.52544627594626
11062,62.71254365079366
78005,29.80845761183262
88419,67.3870493950494
9553,55.773409645909645
13721,49.13039754689755
15793,38.09066742979242
40962,40.33749801587302
79118,58.83044856532358
15921,55.572678571428554
62133,64.74291432178933
61356,29.585095238095235
100961,56.93391666666666
91023,34.4102896825397
2732,70.39051821789322
69168,41.077924603174594
42704,77.5108517801643
21710,47.51655916305917
22377,47.025764667350195
85646,32.49249188311687
67097,70.6823869047619
81741,71.88190329115331
21545,42.78761670274171
48068,44.75355555555556
95155,36.0288068181818
8423,61.26590873015873
40527,49.676592000835406
88957,60.75965945165945
11126,51.2303057081807
57257,45.02464270451771
97266,51.46575126262624
79992,26.97989682539683
78855,97.0
25899,38.718051046176036
95766,41.993702020202036
94833,44.21076984126986
32103,47.41033694083694
61544,55.528020923520934
10168,66.55879886779888
93675,28.881867063492074
101433,62.89535840548342
88693,59.176001984127
2486,37.29281186868688
41706,45.5408909007659
90901,57.1448119047619
61628,60.528075396825415
81588,60.68187301587301
62356,71.7138320802005
30287,38.07245490620492
20505,40.09174927849927
7852,39.194669552669545
49274,60.218267089528126
98284,46.01275000000001
99,72.64053474818952
28455,71.00451785714286
16025,28.919691197691193
94203,70.2869861111111
26208,57.66359011821514
63278,51.7270340909091
91283,66.45610482938118
58235,70.05838492063494
89479,59.16223440285206
83174,72.0231865079365
23757,75.83720833333334
66825,53.33043452380954
33987,49.52960119047618
98921,34.847162698412696
38055,60.597893578643585
27444,58.00355952380953
2810,28.79571969696971
20384,62.53502777777781
642,38.02186399711399
35815,77.79666666666667
38512,76.01562645249486
17943,77.39702380952382
19169,42.84859343434345
63072,76.68323232323233
5571,43.26234325396825
62316,67.91692424242423
47336,72.67588321933485
13898,72.33060622710623
21139,67.69474615975422
53921,65.16467857142857
97951,50.275782647907675
85661,74.50928449328448
24777,37.46746031746033
34069,60.57089249639249
49532,66.60733946608946
53661,55.66085839598997
88736,45.522931818181824
91244,67.96002002164504
81020,78.73739285714285
76264,53.95463888888887
42310,67.73866702741704
53077,63.79871855921857
68671,71.34311507936506
44958,62.767313492063494
74287,47.437975885225896
98138,46.12285642135641
71321,35.83956797369297
46549,40.77024909812411
1055,63.14716865079365
17780,40.93499801587301
47300,20.033236111111112
25817,79.97928921568628
44703,58.981645923520944
86069,64.81842805968542
73915,40.17094408369406
66586,18.07222023809524
38323,18.253373737373735
49454,38.26359325396827
72585,73.75010000000002
91963,40.631404942279936
83588,71.19937716450215
42212,73.21595464094729
30786,42.22363203463204
59519,36.627567460317465
54596,59.845800144300135
89929,68.02082539682539
79776,16.21058134920635
87025,32.33884595959596
92165,76.81088095238096
71430,46.265252511377504
12060,46.23619291819293
36470,40.379716269841275
40853,62.84612988400489
66138,53.19293759018757
83131,48.00495238095235
43945,67.12757646520146
96832,43.52366107503606
86921,54.054562409812426
70006,56.440359022921506
39314,48.25258333333332
99757,34.07099007936508
10553,32.23819444444444
60393,74.96311497493734
61834,39.219107142857155
53597,35.740532287157286
54376,38.32019642857142
84909,42.845244047619055
68850,41.229128968253974
9336,71.87261946386946
61573,44.53706746031746
93833,71.21001587301586
75251,68.91051785714286
24357,69.52858621933622
40138,76.1342857142857
8065,72.76619047619047
25528,30.38894967532467
29666,58.79679166666666
13989,81.87130434782608
36639,44.86151966089466
40224,50.03645147907648
46674,38.770681332556336
39399,47.08866391941393
80129,27.16579761904762
87892,41.52812301587301
34953,67.24230952380952
15867,53.127667790542795
91155,43.73475618378039
64738,52.39811365023865
66965,53.53845436507939
19404,40.372869408369404
555,74.96245887445886
48662,49.54215079365079
72235,44.926886002886
79452,31.74880573593072
93627,76.53522934349122
73791,40.531393217893225
99064,34.28815476190477
33831,49.26515581232491
82580,38.08318380230882
2327,32.418688492063495
93282,30.741856601731598
27715,50.43138113275615
56431,40.95374837662337
4261,61.47091558441558
99359,61.40548809523808
82284,39.84723214285716
78025,50.06133531746032
14797,41.172279761904754
7555,41.251081349206345
2347,40.49853633866134
73993,47.68569490231991
21538,61.015879689754705
87486,34.627442821067824
89431,38.49345634920635
13896,83.39116666666665
72527,65.08247374847375
72720,51.25997817460319
64391,67.27997544122542
45987,35.7984623015873
87647,47.99883026695527
60488,56.32858134920635
79891,39.616825396825405
26162,69.50862698412696
89034,73.48136784049285
16799,69.02597222222222
60840,51.79284325396825
24748,50.547234126984115
12911,53.61335751748251
81205,44.563972222222226
9121,50.016568181818194
26879,37.52656944444444
37736,31.195882395382387
72168,26.567536796536796
8061,81.17381410256411
71972,81.66241666666667
10967,44.7736385836386
1294,33.93934956709957
72250,42.709271825396826
77773,46.172001623376616
67784,60.661326118326144
30978,66.66235119047619
64063,66.99279365079366
101737,36.337699481074466
52657,40.23300763125763
98262,54.96376327838828
58775,33.19078246753247
47157,52.93817857142856
59390,46.74811616161615
96727,19.849380772005766
41368,33.84013005050505
14947,44.807209859584866
86503,70.40943253968254
8827,51.10614592352092
72593,64.22097222222223
99572,46.28239646464646
100751,40.30965873015874
8540,64.30533495670997
29568,40.07275939338439
99424,29.235273088023074
75630,65.37241666666667
60354,52.357542735042756
87334,47.52932341269843
68903,29.68982936507937
44458,35.845477994227984
17331,44.223341991342004
10704,58.9020643939394
25364,26.822484126984126
78570,67.95667482517482
38513,52.014501984127
8934,51.622009920634916
30812,87.42133333333334
29041,74.42485393772893
87427,32.558256944444445
60338,50.44728066378067
31199,37.696191697191686
86521,46.50600992063493
8384,67.82166666666666
97307,53.34955537518039
74802,70.97023257379875
32708,66.29060256410257
53971,39.23092640692641
89082,54.703733225108245
53934,63.56591008991008
58147,47.70799007936505
43643,54.09238095238093
96198,53.1638373015873
5084,54.909395562770584
42480,62.45559325396828
11133,65.24174404761904
15417,61.015052884615386
28986,67.81377561327561
87574,51.33600396825396
84709,64.37639303751803
9906,48.87376388888888
68844,42.15161832611832
32035,23.396632034632045
21706,43.70602813852813
12608,18.46386832611833
9009,39.001556457431455
53671,34.30481150793651
29646,68.15880555555556
2237,52.76691973304472
59149,59.81487824675323
19190,38.13425450937952
90474,73.91730963105961
6423,51.122730158730164
68862,65.04999675324675
16533,53.75523995448997
23253,46.00563095238097
17640,43.661428571428566
15265,80.2570238095238
78662,40.073526515151514
11854,52.891416666666686
76444,77.15387554112554
77495,48.80125036075037
26189,56.39208531746031
59641,67.36420374070373
12570,62.78729708485958
69120,78.84483333333334
62384,67.21721583971583
64892,78.37994642857143
39898,37.904147727272715
6672,50.88039935064934
83427,43.96932792207793
72737,70.9580673076923
13677,47.07700396825397
90092,58.84024206349206
25461,45.45694444444443
5614,54.49556715506715
100036,46.37962103174605
77996,43.50426388888888
87936,72.65806501831501
57184,78.11609523809524
95687,53.81154256854254
83492,40.643007936507935
65915,41.93881614219113
36778,62.72289087301585
14402,38.432460317460325
42353,49.70026946664447
19110,29.599851121101125
82593,40.175549603174595
75915,39.528127164502166
5887,38.733464285714284
94095,72.65064285714284
100334,47.148545093795086
49841,67.79080577755578
53866,29.374017316017316
38285,59.73174783549784
100083,70.86063095238096
78519,37.37067766955266
48728,57.50283297258297
54400,18.308722222222226
64432,61.763125
34280,39.45323755411256
5505,30.267099206349222
38238,46.37074404761905
56930,66.74249035405599
45957,32.63729365079366
62034,69.01814917027417
30247,54.21669047619046
11180,41.46551877289377
97870,74.98106593406594
91958,84.81643650793653
62747,24.31210588023087
67602,40.757202380952364
22005,34.54776677489178
91630,63.851569985569995
52111,48.1072222222222
68304,50.80635425685426
72935,65.43341702741702
53399,56.005417748917736
28638,45.269205988455994
11800,63.888837725913575
88710,32.73536309523809
3643,65.28943452380952
88298,36.684928571428564
91406,43.8593761353026
25394,48.48851280663782
101791,66.56167117604616
70544,68.74997527472529
72480,41.54831349206349
24682,50.55481403318905
25196,61.0070670995671
60929,63.6622380952381
57870,37.538338744588735
33847,51.57916666666665
25824,44.114988636363634
1826,30.95570634920635
27362,47.063468253968246
96919,71.59440476190476
71595,42.40875396825395
76285,44.4554678932179
71622,68.42833928571429
21100,44.15224224386724
79915,51.10601279276281
18996,57.27253174603175
53697,32.33282142857141
34025,70.2021248196248
53791,62.65516468253969
63025,79.0
13876,67.00020588235294
49936,47.036398448773454
47406,37.666902056277046
22507,31.80616468253968
38509,37.90880772005772
52260,61.430555555555564
84961,55.995440476190446
44925,44.19293783993785
60941,63.3124226190476
13827,53.68977831890333
74125,61.09391107503607
57230,45.11128138528139
42850,32.28545526695527
98070,69.75848621721417
33428,42.753886904761906
48434,62.732269841269826
48476,83.53938492063492
3571,43.05708910533911
52982,44.94064942002443
29084,48.48927777777781
24429,44.7891488095238
70523,58.681473124098105
65135,35.59099801587301
6817,54.27309523809522
5966,56.21700992063491
12404,53.130789141414134
42348,35.55200883838384
5015,40.23501984126984
56268,52.048
99507,53.258676587301586
91858,41.01419642857141
96678,39.50189430014431
87607,41.423103174603156
78388,65.5863272005772
44838,65.84246778711484
71057,35.233091991342
54199,76.562375
20717,43.471327380952374
62353,53.08536958874459
18622,56.211541666666655
67659,70.92708333333334
63614,35.70979274891774
36140,63.32573376623377
30399,72.2069126984127
78367,46.587384920634925
76613,69.40424963924964
68927,63.419891233766236
63154,81.83916666666666
31390,61.48826017528222
68539,17.89419047619048
21303,59.388509920634924
1270,68.5625992063492
20621,64.87815107196725
82055,60.1644478021978
1231,32.82772023809523
41164,64.01056493506493
69904,62.01811345598847
28730,33.48139484126983
77023,46.0594522005772
102506,45.553839285714275
2754,77.23704996392496
30923,39.742545634920646
8297,37.82823376623376
83988,75.16378352130324
18564,67.0601130952381
3218,84.28392261904763
76849,23.356118506493512
62558,27.46262103174603
68383,54.73341666666666
59498,60.669192460317475
20223,73.84700000000001
32520,58.55321342546345
14004,60.49285912698412
18199,64.78641991341989
87589,38.81593253968254
26578,50.71546031746032
75902,47.88417135642137
89108,47.11344841269842
98157,77.8851337051337
18517,70.38536904761906
63413,46.42338834776335
986,63.33452561327561
10310,55.68273412698411
56950,43.22063293650796
30542,59.66747510822509
5447,63.836238816738806
5910,37.49003373015875
53994,44.504628968253975
83097,65.73688293650793
76552,76.21346230158728
35861,37.685319444444445
90400,71.85490476190476
38864,37.8155873015873
3787,41.17272095959596
8018,45.53874567099567
60553,57.996173382173374
95406,60.856198412698426
79779,78.99529365079364
96394,99.87666666666667
16574,25.072623681873694
92008,22.270739232989225
50163,67.6950119047619
84835,67.45285551948054
89065,37.57354437229437
87532,69.18577777777779
92200,43.51467857142857
63451,32.199309523809504
32418,43.31785082972584
96674,63.83239671147567
63092,67.38450980392157
29578,51.73041107503607
52707,46.451881542112
27782,59.741801587301595
66062,74.2103788919414
72623,45.482766330891316
76779,25.616684523809518
19319,25.090916056166055
95735,49.43669513819513
58008,51.157801892551895
11209,34.3271296897547
65934,64.1848599039849
90618,55.93899007936509
68419,38.54408712121212
95981,35.45766071428572
91982,65.8880966755123
57816,31.20216865079364
29979,46.04494841269843
71337,79.99428921568628
34813,60.952232142857156
36270,60.08262107337107
12660,65.51410714285713
23962,60.16536764346765
50620,35.28554365079366
53342,38.431246212121216
102453,48.679287518037526
96999,67.52927777777778
12004,36.86545238095237
2985,42.42973575036076
83124,35.50804635642136
50188,43.12660876623379
67879,74.00679022988507
15865,65.98724375
743,44.75487896825396
61394,52.22779365079366
23969,65.22821428571429
31371,68.5403888888889
3578,79.92108134920636
46579,57.74663293650792
69050,22.603850649350658
66067,80.03889285714287
67779,69.04538095238095
87449,63.36285500610499
40453,43.31434325396828
29825,39.379966269841276
1970,70.52554978354976
39093,46.78136670274171
82014,41.309222402597385
25689,40.06045202020201
10349,60.92443312324931
96643,49.65086507936508
13664,69.08634505772007
16975,46.11235407647906
81745,51.71046031746033
23309,41.54944841269841
61275,62.9570928320046
51880,40.39837500000001
20739,52.33952867965367
75290,74.04769841269841
78303,99.709
22765,25.21317857142857
33935,48.596339285714286
48085,36.84482341269843
8026,34.55192857142856
72324,27.659285533910534
54374,51.641298340548346
79316,43.26957242063492
65869,51.29396443833945
94812,53.734787337662354
13969,37.91812500000001
69305,44.81610732323233
53400,36.576700396825395
46260,22.70553769841269
85582,46.659988095238084
59719,71.98009920634921
77901,79.07349128831693
75795,40.03594408369408
89057,60.008409451659446
9278,66.43983405483405
78026,40.36596284271284
63796,56.75986002886004
39587,56.3003412004662
62073,61.61513095238095
99250,37.061446428571436
47795,67.83015476190477
101138,52.747483627483604
75359,75.16086904761906
11418,50.41110515873016
85297,72.77646933621935
88362,51.15855357142855
52776,61.18638408521303
6069,59.05216269841269
8778,82.02709523809524
95215,79.18452279786491
102033,40.214307539682544
97292,48.69833838383836
4564,53.486625
50030,55.93789772727274
75392,47.58829329004328
14917,26.970650613275613
43885,42.70143055555553
12866,58.28479563492064
83699,45.19986562049063
37700,55.81835927960927
34840,54.20342658730157
69854,18.191800865800868
92435,38.17815404040407
20038,41.05082097069599
69543,38.23128769841272
18997,50.682791666666674
25735,34.948313311688324
89949,68.84076785714285
20154,43.87946428571429
66748,48.145383116883124
7175,59.32374603174601
27549,64.98975216450216
27317,40.6749226190476
83847,64.16720833333333
40934,72.46299945887446
76251,51.47942352092354
32737,49.49944246031744
4307,51.49558387445886
18512,65.2430546814297
83213,38.72274603174602
63060,43.808638888888865
7442,55.37842661505161
66486,37.22182539682538
67423,46.291620670995684
6029,57.41684548784549
6581,46.128260461760476
53949,41.7634166666667
16374,62.21438468987152
17100,42.00024242424243
62383,32.1398988095238
47580,41.45871158008657
101499,61.04346067821068
8717,50.09579978354978
7140,32.48931746031745
73135,49.01411670274171
9102,38.828285533910545
102476,66.22379365079368
57511,45.70736255411257
46487,41.55955357142856
66028,56.3862014790765
84411,69.4062077922078
94202,64.46292496392496
74023,74.59211938143557
528,61.72813293650793
45289,54.60705555555558
55800,67.54138188608778
88442,44.630856782106775
21992,34.232468614718606
36261,80.10133928571429
91217,63.016513888888866
66955,66.82904671717175
86367,35.63338546176048
42664,49.56711507936507
66332,71.23315417833801
97460,54.18132901820403
96431,46.40648809523808
17167,72.35665476190475
55383,35.33700306637806
34136,66.60183731546233
80517,73.34693055555555
90821,36.869181998557
87295,63.019370310245314
15303,48.81958333333333
97697,62.84853250017955
86320,68.22826984126984
18890,68.13795238095238
77271,97.36770454545454
83762,56.56097095959597
51324,43.54461904761904
55713,74.32951515151514
9002,39.62980050505052
46023,73.50260996240601
62403,64.2727757936508
59041,67.20291754650577
98567,58.43842658730157
9933,66.63378327922078
60539,53.12399062049062
16407,79.19784778211984
39225,49.310942085692105
72218,70.84539285714285
85318,44.079753968253954
89365,46.41648047785547
87370,76.32953571428571
58205,73.72296428571428
61534,55.00627308802309
91005,35.6770918942169
88345,46.982819264069256
66297,42.31528715728716
19620,41.930738594738614
88731,42.39251388888888
71165,44.15602275910364
39143,31.581015151515153
16006,52.90406944444443
56793,64.68249999999999
87693,32.56932593795093
79467,75.70183959899751
63913,30.776460213032575
66690,42.548130952380944
6940,24.51090313852814
46733,69.77159523809524
28050,44.467139790764776
6712,55.71697619047621
64548,49.38185119047619
37616,32.3460211038961
100060,52.153202561327554
70906,64.28159920634921
24686,74.32763492063492
87837,49.66753571428572
15382,35.93076316738816
5281,56.77108955627705
35177,53.45938102175602
82589,44.75454075091573
81665,58.89644642857144
2310,46.560708333333324
93943,71.64808928571429
71461,41.82279471916972
75222,46.687451839826856
56076,51.87467460317462
36906,73.82738113275613
85061,44.407158369408364
87623,48.274418650793656
54223,35.58867821067819
20372,57.992991596638646
14272,71.9028021978022
49056,83.32807142857143
57390,79.25669841269841
56844,63.031977772227776
81252,64.85081944444443
27653,31.116504870129848
91989,69.04030952380951
82973,36.52149603174603
82664,27.033308802308806
80789,54.20364285714285
21110,60.51496993284491
43377,68.67050757575757
82582,42.90729960317458
98066,73.75997981032984
3361,70.03531836219337
54345,51.50478409090909
6286,33.244835858585844
46935,37.73531944444444
49502,64.91647817460317
47197,44.66872925685427
19780,42.97569246031747
21877,11.103484126984124
47516,54.27060912698411
79340,74.58526190476191
52737,67.97986466165413
38934,54.0561313131313
30954,75.54521825396824
2388,43.34143466255967
98494,70.17642857142856
54654,68.98797023809524
24288,37.80321626984129
65666,59.93570039682541
63104,52.846674603174606
61485,56.65180357142858
98261,79.83869047619048
13556,50.12868253968256
23703,37.76843831168832
25578,23.281632756132748
46200,48.875424603174615
96426,61.1457827172827
98149,51.61428373015874
18773,40.884387445887455
15843,49.974547619047605
68619,96.86840277777777
50948,36.81546915584416
75500,35.52779653679653
9101,66.80276190476191
31778,72.68881944444445
37022,26.86499206349207
67956,37.713587301587296
19391,49.6065119047619
7353,53.19098106060605
82680,67.07153968253971
28636,43.65662932900434
91482,40.50303373015875
26969,57.065938492063516
44187,37.809224206349214
40008,18.995222402597406
87518,43.9912123015873
32580,36.397449633699665
102649,43.61339425770308
27976,65.40515476190475
18499,55.8565164141414
37338,39.264630952380955
7258,61.75244841269841
6119,43.12084623015874
54741,42.15754365079365
63611,65.13985119047618
26005,62.970433014354064
92134,27.84426375013874
26191,58.56385064935064
42313,64.56666504329004
50124,66.81209920634922
50031,52.17565530303026
72398,63.47965584415583
3964,53.866055269077314
45910,30.25377777777778
26704,78.55131746031746
49409,65.49937784679088
86000,67.67106349206348
10159,63.769553099678106
1614,61.81033928571428
96321,37.58150793650794
75719,67.97422222222222
68722,37.74624007936509
70827,77.42938317286162
63261,47.86963492063492
29122,52.757890873015874
41680,62.02582282913164
29980,38.8839484126984
94836,41.27642803030305
18139,80.93166666666667
83747,79.98509523809523
19872,68.66626046176047
6078,51.535972222222206
8683,70.47768178970155
50105,68.45936706349207
11406,67.1915869883041
51393,67.94707503607503
25546,70.75160959383754
38756,65.38681547619048
63583,66.32469642857143
629,38.685563492063494
21406,60.87776785714287
21969,54.01409343434342
14510,56.75841810966813
84663,49.763026875901886
98972,38.70005753968255
50726,63.103916666666656
15637,51.993523046398025
37441,60.156386904761874
44557,46.94474675324676
13738,70.7084007936508
37212,23.104936507936504
62808,49.988986344537814
25230,53.470009920634936
19326,68.14909523809526
72831,64.95019246031745
85014,53.106289536852024
97556,44.29836446886448
86168,50.921803724053724
3434,36.89958724608725
61983,49.47940674603173
19273,34.321662698412695
24390,65.97246460402341
42649,60.63422745310244
21807,54.85747420634922
31242,62.93384968102074
68987,62.7849365079365
92523,67.85379761904761
77416,68.91269312169312
47232,36.60782539682539
56245,68.7525
76089,64.04619883702469
6594,71.31497222222222
43954,60.94733333333333
48749,39.683843975468974
47003,66.35654166666669
24711,44.7415357142857
63233,43.10860822510823
31603,43.23251316738815
71175,50.6324338023088
18767,40.68977741702742
97524,44.73214263514264
35197,29.487097222222214
99465,50.0867896825397
8076,60.680293040293044
5266,53.69292124542124
75035,48.26502254689754
32001,52.886262322472845
15806,100.0
42898,64.31827813852813
3342,55.4734014041514
44258,58.76884379509381
93117,68.68215750915752
37717,51.519140873015886
75383,76.64119444444445
29846,26.02002152014651
81036,42.528213064713064
13768,43.945406565656555
102349,76.8597481962482
80470,53.58096158008658
98017,73.8585
11515,54.506106782106784
83932,77.38223443223443
93454,39.28290476190475
30850,64.77751226551226
87147,26.200987193362202
98343,39.66815903540906
98493,66.46082738095238
24201,37.13661237373737
89322,63.6222142857143
69289,33.72335088522588
2528,34.920823565323566
4966,37.18345147907649
3836,51.81048304473306
35186,34.58823575036076
19681,43.9759662698413
42105,56.896914141414136
73805,66.42114377289376
9366,62.23268596681096
71825,28.09039357864357
48416,62.51664844877345
35523,71.43213095238094
80410,76.00190972222222
41434,40.93133676046176
16957,56.83839303751802
29359,67.02825847763346
679,67.88691666666666
59006,43.15663888888889
49304,45.31135155122655
6609,62.442684884559874
95928,57.62729304029304
25719,37.57537283549784
28239,73.96128202189966
76976,70.30754166666668
36480,42.73565674603176
36739,36.79802561327561
26001,71.97046657509158
48660,48.1938234126984
70012,45.40808531746033
77337,48.560823593073565
47171,60.415615440115445
45798,40.72727074314575
63597,72.9179517281327
15431,48.56989966977467
26368,58.576311507936474
85665,66.81920238095238
29081,56.14881746031745
36216,40.49048015873015
81129,33.81201948051948
85554,61.754555555555555
80875,54.79682434640524
75618,62.14960082972584
66488,68.46436706349208
49427,71.23805952380954
33329,57.29707070707071
31525,49.784123556998544
61048,56.11848562548564
16458,45.36625198412699
40966,69.15947771672772
2391,71.71617857142857
68610,63.54071031746032
6433,60.94702777777779
3128,31.535632936507945
39413,76.46478679690736
12159,78.93516666666666
94936,54.87637637362637
99928,35.79384126984128
59635,67.13728571428572
87261,58.2758463203463
14421,43.407597041847026
5662,69.16683333333333
17504,42.95542094017093
47879,33.737440476190464
47604,29.934069624819635
47278,56.81502042402041
60708,55.248541984975816
21563,44.838188492063495
24620,49.8103704906205
68195,64.1139890873016
43137,34.54515277777776
45660,67.75357142857143
74502,39.24009866522366
7950,31.79709686147186
57743,77.42433166248956
89668,74.37574362990809
100889,55.287104797979794
44462,67.43487301587302
43809,75.65131150793651
37256,57.81911002886005
24860,34.96328373015872
81909,66.18721381886087
70129,45.34129653679652
56261,41.99643849206349
15202,55.49701569264069
88991,69.58893452380953
41617,39.92329725829726
83328,74.41274941543966
56346,60.95047348484848
9686,60.022361111111124
38434,70.91280952380951
26221,44.872451118326126
80173,71.59641064491063
10126,57.88517063492064
53650,50.09166829004331
31938,64.99835245310244
30235,67.70417857142857
6760,58.81280555555554
47943,10.17841468253968
66998,32.55697817460318
65532,63.914366869241874
44344,37.01245238095238
86865,50.7778353174603
40030,47.101175324675324
79406,35.96219678932178
23248,44.138519841269854
69062,53.65349927849925
24119,41.80073466810968
37321,67.12968253968255
75701,53.490410714285716
102006,36.576213924963916
38580,54.70039087301589
13024,65.9721875
26266,77.36026785714289
1725,42.84911435786435
86127,63.705866910866895
4996,47.37718537018537
50223,40.3849126984127
82561,62.528351190476194
97397,73.18033333333332
54807,70.79032575757577
68588,40.82738023088024
32876,58.79257936507936
21714,37.097329365079375
54589,42.04099861395915
84520,36.99451923076925
19335,61.44348809523811
84694,57.436112914862896
49694,69.90222222222222
92085,64.40798015873018
420,64.81078607503609
26823,73.83127056277056
65029,54.55026587301587
24567,42.907071428571435
24855,29.63987628384689
16382,32.13671110833611
52732,72.00957261366084
15000,67.81327380952382
95349,65.66747817460316
37929,32.809267857142856
94015,64.33706030701755
22975,58.18343650793651
101658,37.037176948051936
77363,69.98666114522733
40512,34.67615811965812
87653,57.34134397546897
2016,34.594531385281385
101732,45.22592983405486
9025,41.35851479076479
95590,78.75966666666667
56675,66.04778138528138
188,18.74551028138528
4871,37.76966161616162
14148,61.502336843711845
49610,51.696182539682525
64287,45.760605921855934
61423,65.2786746031746
88851,41.53013260350761
95843,43.201610389610394
98804,53.82990017621266
18143,44.30915963203464
45251,33.54788005050505
15169,45.91446554834052
27633,67.12296428571429
75053,34.43475793650794
31683,65.98270238095239
100401,54.92922059884557
77950,49.728218253968265
19768,70.87560119047617
76276,26.85634065934065
32499,54.45700396825398
35396,58.51474206349206
30445,38.30125838050837
212,42.855626984126964
31850,47.63093223443223
13593,37.170962301587295
70020,76.00704995004995
53826,70.09503623949583
76833,54.85387049062052
33256,39.15705952380954
82532,26.362737789987797
28285,67.0055548340548
89010,47.20201785714283
2625,38.01256295093797
16261,25.169709415584407
61059,37.83384722222222
1512,47.557438492063476
12938,69.35907951770452
3346,30.31637698412699
19553,64.99264087301587
46909,73.00687878787878
48295,47.14648484848483
39709,38.41889087301587
67927,39.99928968253969
91392,79.80491666666667
72383,44.45158531746033
78398,59.4169532967033
34804,49.91553715728716
11127,67.36713690476194
64216,80.69980952380952
34362,37.28484740259739
2475,47.386204365079365
97499,54.90241125541126
23768,39.185115440115425
2773,60.22554017387843
55758,50.93157374569874
92529,37.15282215007215
33228,47.059151515151505
46582,33.550465548340554
22818,51.37024603174603
20048,60.08191197691199
7910,50.26961111111111
11318,43.83476037851039
51186,72.83391666666667
53752,51.42611038961039
91549,54.238071428571445
46029,75.98742063492064
102093,29.61513492063492
54985,43.01686580086581
12584,33.506289862914855
72344,58.169106325863666
67871,10.221190476190475
19401,62.98375
76834,52.260699494949506
78157,71.61886828449329
62727,69.16670418470417
16450,65.98463888888888
25236,51.95435119047618
69482,46.04654563492065
6905,60.32798899711399
99667,38.18419642857144
37851,65.81430952380951
18898,37.02442857142857
97930,48.84518398268396
63891,42.05783333333333
99088,36.326669191919194
82899,34.383130952380945
51735,41.92163347763348
25742,78.75755032357992
33623,62.153175865800875
84348,46.64441865079366
53291,60.2775535714286
54066,73.08636381673882
45783,44.2030376984127
10848,46.209875000000004
16452,54.27162987012984
39113,50.78507467532468
21999,60.37485443722942
8947,34.34192261904761
74324,51.9383235930736
70998,61.17846248196249
49243,22.0066018009768
80242,53.388956168831186
98546,81.57780555555556
71644,58.85895833333331
44015,63.842710317460316
86362,30.851948412698416
24586,64.39030158730158
61251,60.70766865079368
10805,32.01856547619048
30322,48.04118253968254
7609,61.06604996392496
25350,33.85962896825397
97767,73.06608333333334
91295,40.82125559163059
8009,52.23211888111888
43879,39.31580952380953
21771,50.04146411921414
57066,55.35328571428571
74131,61.2744861111111
28524,72.49596953781513
13805,35.86882764457766
10352,57.73804975579976
85077,41.79655284992785
58035,25.29863275613275
49584,59.41731010378511
75889,43.07875396825397
9544,78.93205952380953
14116,57.81016468253971
47734,47.44955952380953
66269,65.06311649869738
26966,77.60304828504829
20175,61.745332112332115
9557,60.559237012987026
77676,81.05192857142858
74954,72.13996428571427
94002,30.727698412698402
54447,49.69091831779331
54120,83.80546825396824
52688,68.94266666666667
87986,81.99333333333333
84758,52.31622023809525
33160,21.86996428571429
3948,35.789475819115516
5248,33.34387391774893
20904,60.138017857142856
71275,54.43517261904762
36590,55.660964466089474
100970,32.662363095238106
96422,35.18930068542571
78740,51.07151190476193
460,76.9095
29474,35.07661309523809
41187,80.97866120930556
16472,33.415113122988124
48705,26.040773809523806
19240,53.744953102453074
37021,59.302051587301555
70545,55.40689935064935
4119,76.39330720668221
32905,56.36768037518038
98599,32.90377705627707
14447,63.202311507936514
79901,71.46114244089243
62728,72.04286904761904
83243,72.42736147186147
96107,41.778259920634945
53631,74.87791666666665
50647,27.29761002886003
1088,48.51080952380951
25678,30.304267857142854
51094,73.44416666666667
1366,32.48515963203462
66665,40.33180952380953
30202,47.87610046897547
78403,37.60543650793651
37330,42.56486309523811
65120,47.721005952380985
75838,69.82743081020287
73924,54.20569264069266
12064,67.3232345238095
1181,60.10796248196249
42463,52.46673989898987
9819,58.575772172272174
92330,77.51393055555555
954,43.90267911255412
10801,80.63925811688313
26715,71.51916233766232
90465,36.43773809523809
60507,98.2457738095238
83939,36.16419264069265
32441,75.99333333333333
12829,35.66880375180375
25842,73.70082059314953
81900,18.53753120490621
73960,63.010647186147196
91753,60.00792857142857
70639,55.91898809523806
56106,44.25556872294374
5537,42.42289880952378
82446,52.873498168498145
32336,48.23637301587301
566,57.13034325396825
58065,64.12699226998491
46310,61.10670743145741
14603,92.57966715156189
42014,80.57583333333334
32516,43.52631764069263
36857,45.005611874236884
102043,41.313751984126974
95661,31.594567460317453
71228,32.121630952380954
9313,30.267152597402596
4158,53.96776370851373
6352,41.78244101731602
52078,52.256492784992815
57855,72.80295030043055
88664,52.77478427128428
23110,66.778625
51457,61.50549107142858
96754,54.01457341269841
6367,51.538994047619056
38331,59.42685912698417
52384,36.37542784992785
88716,42.16352723665224
86307,70.07919826007326
81381,48.270877983127974
62794,39.060778998779
16300,72.78659163059163
18214,51.516661255411265
38966,37.97322163865546
15416,55.559304473304465
30090,34.51033531746031
35959,46.782767371517366
78288,53.45754058441561
27064,54.921738636363635
27432,49.858361111111115
47652,78.97304563492062
67339,67.32308333333336
60209,64.685626984127
26276,56.91608073870575
26140,56.28705753968254
25384,31.72761165223666
23495,50.6623214285714
71956,43.28610317460317
36725,65.5533373015873
53502,62.496883380508386
77018,47.226635642135655
84849,51.81499404761903
80208,40.99670634920635
24394,67.55020238095238
25323,69.15595528083028
11328,73.0934761904762
49741,74.04729166666667
34675,47.69349007936508
53957,37.97161087523587
62793,45.228588023088015
67265,77.81818681318683
76269,84.73992857142855
13202,72.70645833333334
69832,49.998559676434695
97199,37.12178841991341
74382,58.42137103174601
94513,51.94569859307359
62333,45.835812950937935
41755,55.90476388888888
54662,39.49382377344876
67782,62.19391323953824
49847,76.7799728072228
27969,36.191375000000015
77232,53.63122655122654
62335,27.93969155844155
102242,33.565019841269816
79039,66.61244083694082
101330,60.42122280578899
88455,75.0
101471,54.978722222222224
14787,36.00476587301587
53246,56.32413492063493
75675,61.91940354008738
94976,35.84600036075037
35591,64.70479166666667
33772,48.02956150793652
30570,41.25845833333336
54953,41.52757738095238
465,41.91107341269841
50710,32.04938933471499
65041,67.01347916666666
41516,52.10732377344876
102623,34.23909523809523
12068,45.119251984126976
36713,47.621726190476195
65168,44.89811904761904
18686,71.98580952380954
63152,72.56354822954823
2352,50.159062950937944
23513,36.07965945165945
67159,58.04845003607504
100107,59.78449659694879
10145,34.677071941946956
35717,40.93207431457432
36635,67.40639718369866
62296,61.03583333333333
92229,40.4129503968254
35198,44.77886111111112
54440,45.34546987734487
38159,64.27948971861473
85684,64.78030128205128
96915,67.2621607142857
44821,71.9528021978022
33894,64.01203291153291
49734,31.68538888888888
37373,59.84981607281609
6695,43.12972997835495
4224,60.46867153679653
11321,54.28345003607508
80719,74.02979166666667
90285,36.40202958152959
41031,28.272295634920635
92323,80.58832341269843
79871,92.0
41149,46.0347090964591
61613,55.504091991341994
41255,35.83830350205349
42581,44.615238455988454
21184,76.97883333333333
59793,55.61781547619047
91334,40.949998015873014
29453,51.15979868742368
71548,50.31886111111111
13191,40.332164502164474
6945,47.51493253968254
90837,42.947578463203456
41351,56.93718253968252
50533,50.57795021645025
75608,26.906458694083703
79212,62.645373917748906
30404,28.854476190476177
94318,47.04250306637806
20467,31.81367676767677
47686,46.27121428571429
28951,75.14298074379326
5718,37.110442640692625
13463,36.19695815295814
65781,35.90146126096126
19805,65.47436904761902
97858,62.975738455988456
47519,44.5327380952381
38585,38.1538888888889
32652,36.24670436507938
99892,77.68958333333333
33221,61.79516576479077
45326,69.17290674603173
26565,72.45664606227106
41754,29.23445039682539
24750,67.52111904761905
82293,35.37980627705628
57696,66.11051244588744
39349,85.8722261904762
8303,75.50252182539684
86667,49.456773809523796
45706,58.15951190476192
101939,48.69671807359307
64323,49.71767388167386
93061,70.87014285714285
44092,60.74375
43328,71.4927760270775
51452,65.51008333333334
22920,60.4477141053391
18625,56.82016450216451
28655,50.184236721611725
49357,36.36928399541634
90058,71.91011111111112
83250,49.83444841269843
56187,69.5360853174603
37054,39.59499053724054
63090,76.26090575396826
83144,61.027946428571425
38211,33.950857614607614
58017,33.401984649122795
3205,71.31417063492063
99109,78.08051029865506
43145,62.71368452380952
69415,64.41664682539681
82205,61.69853571428571
61289,47.10176623376623
35805,75.27784325396824
98039,49.58543452380952
50818,70.53057501077353
22847,33.171309163059156
77007,69.33308634421137
76431,64.62852453102454
90402,44.09632575757575
869,45.11169991936169
95516,36.94600342712843
47707,28.1874903846154
10705,45.05354888167386
93698,54.72447664835164
85774,71.85845039682539
39457,45.260790223665225
74374,65.67969047619049
90577,12.801267857142854
98318,33.00175685425684
89547,77.25802134024978
12377,66.98660714285714
21504,49.82284325396826
20619,47.15494383394383
61374,53.48076334776333
51455,82.98708333333332
65396,49.94703373015873
67015,49.86248076923077
63210,68.78475793650794
25318,61.38726191863694
5312,41.18914285714284
44189,35.19277182539682
72154,67.41600549450548
40299,22.22315873015873
85702,70.1126801948052
95648,52.36268195611578
41053,68.63206150793653
53121,46.64754978354978
60304,76.03939285714287
46539,74.39995462614871
36680,78.98969115867982
100251,63.1822023809524
101540,75.29375595238098
78027,44.94185959383753
83562,29.482023809523803
96100,65.28841810966811
36005,24.4621488095238
69200,69.82664989177489
68957,74.79833999334
17647,66.36622312409813
76558,28.323337301587294
15719,57.55529960317461
26106,54.275942821067794
47600,38.84232341269843
34981,40.7243778860029
70733,67.05327777777778
38283,51.14371915584417
35310,38.060128968253956
84393,34.46506132756133
56604,45.14243921356419
36829,70.5391797008047
51296,28.62757738095239
61407,41.72414538239539
44434,35.24930627705629
59270,45.34729166666666
24248,33.24504581529581
9762,50.173778860028854
575,49.45584938672437
19628,45.74279563492065
45947,32.87575324675324
84205,56.957231240981244
70169,61.00303841991343
21358,41.37864051226552
41037,69.74113095238094
20033,43.71396085858584
73234,40.78628048340547
49191,36.61260786435786
5001,73.93327164502165
79093,32.826106074481075
69272,49.66949025974025
37366,82.41136616161617
98022,37.51153174603175
73482,54.308644841269846
8489,61.85445833333333
42706,79.49366666666668
57602,74.63525595238094
9403,73.19288690476192
8976,33.39661580086581
75569,66.52816666666668
20771,74.69086904761905
15075,49.53141865079363
13630,66.82427083333333
51582,28.429865079365076
48196,60.135479797979826
24712,50.036882936507936
58681,39.58992839105337
96744,78.54633333333332
26702,40.51354365079366
42633,81.50683489136838
9580,54.498190476190466
11693,44.37013888888889
581,50.87625625763125
83772,33.28754040404039
16082,45.05688744588743
32005,46.76531222943723
19601,42.02864844877345
75368,62.42484554334553
42064,32.009897907647904
7996,30.158424422799406
24573,35.64691594516594
29097,51.49801785714285
1757,70.71683333333334
93134,69.07418524531026
94492,69.24144841269839
42449,67.51995436507937
11529,24.629970238095233
36085,39.70433241758242
5375,48.31046897546898
70755,42.41355429292929
8271,57.711878968253956
82319,49.67954978354977
10498,53.36539484126985
95325,83.0
51401,68.94432936507937
21117,41.12403841991343
97041,33.06923773448775
46754,60.88123397435899
64223,48.50751172438672
93802,56.73469841269843
10937,45.82223243423244
22675,42.98913149350648
16128,49.493711038961045
16823,34.9088603896104
67977,73.01504545454546
17363,48.48830735930737
47698,46.98519985569985
98982,51.16376190476191
59540,81.36968789543789
50575,69.54761652236651
95241,61.73928914141414
58229,51.67259325396825
65560,47.78603409090908
15876,39.90248935786435
34254,41.525496031746044
40732,44.31225000000001
1435,68.17827290764791
97471,39.75097619047619
65953,35.487131493506496
37771,48.33987896825397
3543,52.04740133477635
71773,74.9825
95839,50.12826984126987
23857,78.024875
71140,40.61507377344877
2966,50.3027379148629
88572,47.14934903295449
13767,76.82341666666666
60379,73.37087500000001
30597,32.35860714285714
86099,65.0486601013403
57340,46.09861796536796
75724,38.135203823953844
3796,46.00678823953825
79610,59.38094047619048
84072,53.59752976190478
99908,52.17984830447331
23374,66.00500595238094
39735,46.21274123099125
82896,35.52245238095238
96729,50.45072023809527
74944,41.63866071428571
26371,83.20857738095238
17863,60.58782287157286
48115,85.11902380952382
90730,38.364514430014445
45546,45.4606851710381
35868,65.1415
28067,77.84546778711484
57165,65.8040119047619
2396,53.78913690476189
64833,42.85398214285715
7406,47.73111183261183
16844,41.77069426406928
98841,30.570254509379506
42369,61.5759384920635
62548,40.38319354256854
42697,34.60438455988457
13129,63.91428250915751
49221,53.23092857142856
90570,40.8515734126984
17424,38.25501334776337
67749,33.576580280830264
74635,54.67305158730161
99972,52.851069985569985
31379,84.01766666666667
5153,84.22581547619048
68835,74.27064556277057
70473,55.06506371406369
35138,46.29273809523809
42487,60.26994184981685
83626,44.46112103174603
80700,50.61861733405485
44257,61.26074358974359
82563,51.70575378787879
36486,39.86974116161617
99591,45.912492063492074
83505,65.31703070175439
14343,42.701579004328984
80552,41.23781976356977
63370,52.00642460317462
5588,49.95654166666668
57773,70.71928896103897
87213,29.542290945165938
66543,32.81798809523809
6681,83.0075
80845,44.675892857142834
74433,36.65795292207794
24836,35.72781547619049
102056,74.85815873015873
63599,67.97931372549019
35631,47.187222222222246
66898,28.372983516483515
81417,32.940081349206345
12316,50.68358441558442
88863,26.410474206349207
18894,37.59829112554112
54050,50.22037774725275
27819,55.985
50078,37.65300793650794
15834,48.94845328282829
90981,83.63740404040405
70439,70.30948394660895
37030,52.77272023809521
11503,43.271551587301595
80966,61.737156746031744
72773,50.058029761904756
28794,78.50007088744589
43332,57.97819444444447
39604,33.716373376623366
4000,36.130188492063496
91508,40.803191017316024
95361,66.30164466089465
96131,62.87404075091575
77662,22.092172619047616
30368,59.39744642857143
62253,48.10516378066376
74900,55.218562576312586
38009,78.0
51374,50.55788690476191
23032,71.71558603896105
77294,86.0
2836,48.52200198412698
325,87.61091666666667
93922,76.16409294871795
62806,70.28237896825397
36437,48.82252543290045
57175,32.631201465201464
65720,87.26676785714285
49073,65.6346130952381
39322,43.09030555555556
95117,74.62279861111112
84328,38.23653625541126
88280,41.75593452380951
63018,38.544819444444435
37277,53.41085317460318
23017,100.0
52788,33.75888383838385
1874,64.80663095238091
101119,66.63151190476192
15901,57.04433928571428
31148,48.3227667748918
97430,65.27345165945165
32231,49.38710966810966
55337,57.89806349206349
94489,34.783964285714276
49481,66.30866468253967
67653,31.399416666666674
11235,34.07284343434344
72257,47.60908134920634
30773,65.46327380952381
75935,62.02015151515151
13338,69.81887427849928
97119,46.13017370129871
45562,49.25040079365079
15861,62.88209325396825
64972,35.212317460317465
84869,32.59973466810966
75908,70.9893061938062
73486,63.28614285714285
84695,64.87807106782105
71258,70.64601948051947
93657,47.25636706349204
6003,45.837081349206365
65986,31.459379509379524
12508,45.81523737373736
90152,53.18760371572871
66533,66.98611269264791
51479,51.84881980519483
63114,55.689242521367504
37159,36.22083134920635
13906,49.06700595238095
28280,68.11906547619049
55813,50.43626190476191
100695,52.82783531746032
35773,73.44020256754739
49606,63.7105616883117
78737,49.10853174603176
50992,70.78818452380953
13132,43.12628352203352
35575,29.952126984126977
40833,49.14139499389501
56130,49.85149044011545
52822,50.621293831168835
81810,67.8384761904762
15936,60.024032106782116
25281,74.21934523809524
28496,32.232204365079355
64429,54.303651695526696
50279,65.45544562382061
44614,48.33577244079451
28272,36.599061868686874
58931,43.64503120490619
9148,32.894241883116905
80656,66.47487301587303
97635,15.920268037518037
23251,22.54530286380285
76935,68.67500974107593
58766,69.01840909090909
57960,65.46237500000001
3565,64.30370561821218
57502,25.637142857142862
90900,63.02275252525256
49508,64.78834722222221
81551,33.739393398268405
861,36.33691042291039
51288,30.75524765512265
29478,68.98671978021979
36833,69.97072817460318
98056,48.90562914862915
70048,70.76983333333334
46514,67.47080877455876
37038,43.32751623376622
45690,64.69212698412701
80501,52.30616774891772
29698,44.217523809523826
37112,36.13851555389055
85036,57.682773809523816
32657,64.64467658730159
42312,36.85042947330447
18577,36.05667081529581
76846,41.371299603174585
83764,62.48812698412698
8019,66.17090476190475
16894,35.68595689033189
88212,67.91178571428571
93889,56.743583333333305
4136,36.93196085858586
50330,31.44383134920635
3778,32.14211904761904
52419,47.634025432900415
70491,68.399125
84139,32.973126928626925
83483,36.25481746031746
53226,41.97364545177045
23338,79.8013115079365
41910,37.40187500000002
62712,36.313497294372304
2232,42.56503733766233
78382,78.94304166666666
85791,52.103420274170276
63385,74.20894230769231
17870,55.930638888888865
16653,44.464066558441566
33655,34.98920021645022
13313,44.50998593073594
45807,75.30787254901959
84369,37.45706637806637
68583,58.01574170274171
13022,56.636204365079365
97771,52.37542261904763
25793,57.38311111111111
23057,36.0346215728716
2483,36.700477453102465
65328,61.75727994227995
23220,56.432484681984675
77031,78.87010714285714
55881,35.274231240981244
37272,35.40157774170274
85700,69.23094891138274
9638,75.29519799498746
12069,64.08309126984128
57784,47.22970442203995
45032,38.68293434343435
46383,74.90093406593407
54933,83.55550992063495
78348,35.41411453823953
101128,44.511619227994224
100366,70.42315476190475
64562,36.61986507936509
59466,73.80557392607393
82052,79.93928571428572
59487,67.34137285902504
98838,47.02725396825397
3894,45.46076785714285
4769,48.31129166666668
23350,38.182615079365085
29974,37.95773827561328
101985,62.864484126984124
64889,79.02
29395,43.53711111111111
26927,57.32279718402513
43696,60.45617679615709
9073,75.48007142857143
7294,45.38667099567102
33181,29.608750000000004
56940,77.67228205128204
12374,44.77480970418469
9200,46.25823015873016
18935,59.69634920634919
60666,50.024379329004326
19182,72.56788293650794
63878,67.49237301587303
57565,56.80793253968254
51319,61.40068650793651
68591,75.44709920634921
32933,38.53835209235209
36667,80.94525
8559,30.018988275613268
89482,36.56403769841271
91129,64.2493560985798
62673,49.9980753968254
72919,48.567265873015884
57433,41.90501190476191
28132,49.97024801587301
18738,51.94306956931957
86804,75.35777463576729
8187,48.916279220779224
11542,40.37474531024531
97134,65.53861904761906
78341,64.62855555555556
33968,66.01234424603174
102561,72.22550396825397
64702,49.63106547619044
67923,75.75132751364993
31105,68.5675325091575
80212,50.246946428571455
17690,61.32680341880341
100207,61.403656746031736
43888,54.076821428571435
39288,40.02946626984128
46694,50.65392857142856
29540,36.39925793650794
26602,51.842438492063486
4362,72.71552976190476
56933,34.6886963241437
39634,64.84856782106783
26387,58.13027777777777
17751,51.06615873015874
89132,46.632110569985564
13027,46.186310966811
53817,67.45580398523046
88920,51.563837481962494
74595,71.73064285714285
22153,57.809744047619034
44836,45.954974206349206
26265,56.90385454822955
3553,36.50823412698414
25511,69.8745634920635
7976,98.0
60859,50.61071778221778
88589,51.7589484126984
78080,51.32122222222221
42374,44.525384920634934
22006,67.84385714285715
95576,45.14886580086578
17833,57.09069372294371
62849,72.57399404761904
1378,37.71892658730158
19657,76.01255753968255
89484,31.062014069264066
26332,60.78974567099568
60383,48.09995707070708
58937,39.078439935064914
69738,52.5633891941392
50942,45.159672619047605
67135,47.99817766955269
17081,67.1843511904762
85513,63.23315277777779
75585,70.31988690476192
77250,41.696486111111106
39805,46.299591269841265
10549,52.240422619047614
38957,50.911077380952364
26760,72.99089285714287
15383,41.14503860028861
54657,78.0
32612,48.33375793650793
98651,27.977534632034622
94652,52.41076154401155
20258,40.1208933982684
4042,79.01183333333333
79024,78.20752380952382
90025,28.152730158730154
65180,62.541751984127025
45739,52.01837103174603
84264,53.92901370851372
2553,53.684887445887455
1669,34.619878968253964
5740,65.23425000000002
91453,60.41765873015872
72115,77.67461507936508
4483,52.23774531024529
56739,33.909255411255415
86957,73.68155952380953
101523,46.94032305194804
55546,66.55613095238094
51235,39.53522023809525
71318,44.60874170274169
48059,66.64813798701299
56058,38.056769119769115
77501,48.62589033189035
94442,34.317412698412696
69204,53.17089957264959
24699,86.0
7924,40.166361111111115
48294,53.77926443001443
98772,53.903136904761915
37899,26.416906926406913
93300,68.74767261904762
5279,46.98479761904758
6650,60.85813149350649
2779,74.73932738095237
29878,35.64225670163169
7358,62.421053946053945
92309,45.008023629148646
82169,44.205620129870134
43171,66.98605068542568
51232,67.87528174603175
7012,69.95832242063491
55944,64.68403174603174
94017,36.900813492063484
21087,39.19516432178932
74511,32.24926298701298
101907,80.98329761904762
42306,36.75518488455988
82234,63.69386652236653
64075,64.4378331807082
95807,66.01146049783547
26923,72.48670695970695
8723,67.46873425499233
39963,49.137002164502164
23219,71.61415079365081
33790,65.42875595238097
60625,46.79582611832613
50728,71.10616594516593
18980,54.61982575757572
66441,71.32453102453103
58934,41.90792345446951
39269,50.81195238095238
90300,70.6659257886721
19357,49.66662554112552
91346,36.879825396825396
55607,37.33887427849927
58874,53.133022366522354
29665,50.313337662337645
25036,71.54526984126984
6086,79.61020467032967
42168,40.102744047619055
37174,61.10957754745254
52397,16.295771825396827
35293,69.64373809523809
100869,78.78498809523809
6822,68.13679083416584
102098,56.28365476190477
40623,65.42141684704184
13402,55.63321969696968
52396,78.98373015873015
91725,57.44665530303031
25200,51.243973443223425
93584,43.83726515151515
71119,49.7875744949495
66145,37.21511904761905
39258,72.16789252128594
11422,38.8040817099567
38077,49.61187601287599
75956,46.18015528404344
62509,65.39960119047619
102080,53.701163961038965
46280,54.393559523809536
288,58.81298214285715
59905,26.363625721500725
8375,46.148591561624656
2560,40.182085678210676
7084,35.40475793650794
56207,69.30617657342657
91447,48.49059722222221
67790,44.21914051226551
75166,54.784734126984155
99185,24.64900974025975
61675,57.58705937118439
47096,36.47808928571428
87263,63.48134505772006
80132,57.965128968253964
93683,77.60833333333333
79852,54.27870436507936
5647,72.51739141414141
69601,37.1367447691198
28644,62.24880880230879
100382,54.27286399711398
63971,44.68914682539681
88541,76.85282863408521
20263,42.04306722444222
69077,30.36504148629147
75648,34.30190151515151
70371,49.833283730158755
29020,51.09776221001223
77541,57.53042171717175
72650,42.70115884115884
50558,64.94089285714286
27173,58.2335477022977
88534,75.98069192868535
49261,26.225586219336233
77021,47.76388185425686
58842,49.38509920634919
98967,53.78723430735929
4550,26.7354267815518
59655,49.50282142857142
9180,69.78611796536796
2290,69.96923412698412
27092,69.00535255883963
55011,41.1303253968254
90466,36.52196825396826
78231,50.739543831168824
33334,99.97
8887,62.741920093795116
61458,66.77759523809523
25501,53.71836904761906
14567,44.21196370296369
3052,57.32309931734932
15459,50.798045634920626
17498,49.58950937950938
5388,81.97755434782609
88001,44.93895833333334
12539,72.70657255244754
38127,66.62482846320347
3127,35.16078986291486
59243,65.34971626984127
23156,31.870354617604626
45945,78.71071428571429
2537,36.13333730158732
30334,44.213394894321354
72479,45.54837554112556
58603,68.14520238095238
12639,44.13233766233767
3562,26.118698232323244
1981,68.33714808802308
89250,43.8729246031746
15424,36.18288079975581
7631,67.978375
40282,48.51438690476188
4754,37.22570941558441
63237,48.210781746031735
24959,85.25779761904761
80843,73.60561580086582
80310,67.7981626984127
33470,30.638699855699862
5289,58.033087301587294
13671,46.24154365079368
15451,41.3850873015873
8238,70.82831859806859
34276,27.962470238095246
88107,37.775077380952375
26417,74.43734467323613
62884,37.63560119047619
37922,73.80029761904761
18663,68.68601587301588
94669,55.863886904761905
15685,59.35358516483517
38224,33.05333910533911
31332,44.163188492063476
19840,50.651179653679634
51789,37.506265873015856
52387,28.919527777777763
65863,50.83972123015871
24286,32.678484126984124
89421,62.56053952991454
44185,66.42242063492064
60281,44.25583134920634
87223,50.58806547619048
83578,37.749769841269845
89676,64.5703446969697
15458,34.55895634920635
20408,66.57658928571429
70508,45.22256944444445
55143,54.26366071428571
29725,56.08670183982683
97407,34.316736111111105
1788,46.71434401709402
32097,68.96930555555555
87982,55.972720959595954
58786,73.9502738095238
60269,60.55933928571428
7348,85.48708333333332
96719,61.98877002164502
66120,60.54196459096458
66006,38.59607801920303
100477,58.846857142857125
30167,48.9821884920635
35161,61.97285132841016
40492,70.995
60872,44.16360515873017
75737,72.99623577158137
872,31.72948015873017
88064,78.29475000000001
67705,50.67038762626262
30197,67.95971626984125
99755,73.98827272727273
100830,36.411513888888884
91667,57.40414285714287
52918,45.914174062049085
62459,73.79938492063492
25570,58.63286761849261
53821,50.99536904761905
56460,51.90926966089467
34637,11.214443903318903
73595,37.957685384060376
39216,48.517543470418495
39077,70.06133333333334
36439,43.30504347041845
50527,31.288446428571422
28543,33.27614303751804
78562,48.06990277777777
102001,47.43477182539684
95455,32.95795562770564
38770,25.20099272949274
48049,64.86794688644687
30012,48.96828769841269
78758,64.5001147005772
75385,72.28568564768564
39148,56.262321428571425
13533,43.787843253968276
34191,80.64794642857142
14528,71.00972286047286
82075,41.940466450216455
66851,35.556578643578646
4975,40.73509235209235
81198,40.662189255189254
32252,65.7954623015873
37091,42.5232380952381
3293,35.84663095238095
74216,47.64874386724386
87411,39.838702380952384
86807,63.20906746031749
6265,33.46840476190477
87078,34.83044029581529
75481,91.83183333333332
20978,32.423234848484846
89998,54.10840854978355
75280,79.60433333333333
68654,48.21175234487733
79440,34.524318722943725
84285,59.0120620879121
6840,36.448224206349195
49222,60.72637860750361
58683,39.73277741702742
34555,72.97208333333333
96900,34.371677669552675
15886,38.00098935786436
14208,74.82035119047617
102671,67.69858333333333
81455,32.52558387445887
27613,41.366248015873005
7979,36.60781872294374
24484,60.8021369047619
90193,38.078397435897436
61856,62.59597817460317
35106,47.88909361471861
81744,38.897865079365054
44669,33.05081655844157
29314,27.462204365079366
56756,70.22613648034971
6014,63.96794146131646
55949,41.32271302308802
83329,52.74641865079365
34262,57.152914682539674
44640,41.558791305916294
27785,71.79034668109668
11930,49.56762644300145
48530,47.2195275974026
37233,64.6060183982684
41350,51.32326437722168
58372,55.39471825396825
79507,78.77219871794873
49273,56.89547041847041
83741,53.95351461038963
39739,59.30454256854257
46140,55.260521214896215
50169,53.93716269841272
48309,41.09803769841268
85870,57.64611616161617
59604,59.65319841269839
23462,26.498905469530488
76644,53.352587301587334
32724,69.15152777777779
102279,29.275176767676758
65065,70.05915689865691
92662,61.38759279609278
73642,38.62685119047618
89699,53.92110912698411
12085,41.90570436507937
77309,64.62415115440118
89722,53.16472817460317
23603,79.87963095238095
15495,55.36409523809525
63222,59.689886904761906
62560,41.36413982259571
12765,33.40190853590853
80908,51.60435568598068
28450,25.00998358585858
15344,71.63851984126984
82654,42.98574404761904
47991,50.23340395021647
55726,44.17566504329004
36818,48.40214880952381
55073,28.370147186147168
57615,74.62627182539683
48270,50.28958333333333
72855,74.86440079365079
37365,39.94670202020202
68955,32.279064033189044
6264,40.600611111111114
13326,58.576413961038945
25251,58.40037682441398
89742,35.287440476190476
16433,49.18168253968254
3523,37.91408928571427
48037,71.92603535353534
88094,57.215448412698414
34239,69.0953556255836
89821,44.07637896825397
87931,70.2695238095238
21039,71.10594047619048
94211,41.14270346320348
66122,56.35161111111109
57035,45.95162499999999
47954,47.88223629148631
53284,58.209322510822524
70424,59.04010714285715
87134,55.4416565656566
30555,35.37072222222223
26705,43.65049801587302
67827,45.02011706349207
43399,54.27780104617603
18826,41.76531024531025
85491,57.38659505772007
98760,32.17156051587302
43364,55.113403860028875
56708,41.47927020202021
24115,52.72300000000001
38269,37.156357142857125
89052,39.012621031746036
3065,40.24831815406816
22746,36.46214087301589
95830,83.92071428571427
76875,28.296873445998443
80376,27.655013583638578
58348,66.46845833333333
16559,53.737110389610386
87976,39.74463812494693
62069,71.8732498889999
56919,73.98325595238096
45769,53.80070634920636
60397,34.1079145021645
18428,41.69670634920635
82791,68.48963293650795
86019,65.4914220779221
61085,69.9898666774402
48680,72.29883754848095
23403,75.43739285714285
12744,71.56172276334777
82991,55.538028707403726
68038,42.13382142857143
99204,36.517206349206354
5046,36.60539808802308
74928,64.7056047008547
55294,67.54578571428573
34553,69.58402594627594
44120,62.852575174825176
36475,41.058273300229175
46848,64.61602419149477
49232,77.10971428571428
19238,56.779604686979695
91776,36.541372807747805
93605,68.7816302684244
54053,74.985
94659,61.902851010101024
92514,81.31025000000001
42228,59.61660515873015
9259,48.85680555555555
77319,19.485066197691197
58653,50.75916594516594
67411,58.01924404761904
65144,39.88301659451658
44552,61.80886309523813
73168,66.65344474969476
11376,53.68821212121211
53041,78.96969115867982
68558,45.749059163059165
64119,34.0730773809524
35142,77.96875974025973
55947,60.633597222222214
47288,69.50283333333334
36577,45.21116666666665
28835,62.23061363636362
53194,25.64636363636364
89643,81.16497837288686
55335,41.66094372294372
90732,35.17929273504274
59354,79.14049206349206
77635,50.98905311355313
37340,56.1600688608777
78605,29.683968795093794
45646,55.35226984126987
69544,65.81656655844155
101327,38.98142839105339
100381,68.17742857142855
23525,69.47356868131868
24416,37.27251118326119
63705,58.47411706349206
100000,56.65486706349209
14212,37.10527579365078
6988,50.40756211843713
22228,39.76475035014005
30214,67.39539682539682
47761,64.029623015873
94164,53.989067460317436
100406,66.27355357142858
99133,45.004691031191044
7842,45.998876984126994
93271,45.53233694083694
2780,35.90712283549784
16044,67.77224711399711
58124,77.07526190476192
96861,29.023783189033193
24716,80.62639743589743
13228,78.785
36417,45.847279761904765
56285,65.44512925962924
63595,65.67509415584418
43891,35.69748809523809
98028,71.27255753968254
76573,37.68252380952381
49156,54.90183333333332
49462,63.76935014005604
6402,48.646130952380936
92170,54.707054473304495
93766,35.72513888888891
42278,61.32570891330891
75370,68.69302380952381
62615,64.23338628038627
3962,43.31176966089467
81180,50.05954419191922
99368,50.40744841269841
31973,47.14112301587302
57095,44.445869047619034
59175,37.508059523809514
80264,74.01714285714286
75028,72.34306818181821
59026,56.44764898989901
62150,51.0690837912088
81325,40.48892243867244
81057,28.077922619047623
56474,39.21998611111112
92635,43.55259722222223
50228,25.219275072150072
82866,43.83283856421356
34157,61.34268154761905
87569,38.55465764790765
54027,29.173760101010103
83942,76.28604166666668
65665,74.94577272727273
100777,59.50116865079366
10589,44.465789682539686
14520,64.51747619047619
38083,72.02718795093794
80726,37.633266233766236
27609,52.272506132756114
93634,46.68188852813852
54512,66.79220634920635
57672,65.76365873015872
53186,67.35322619047619
7014,45.352180014430004
98362,61.220505952380954
19580,40.87598448773449
96611,60.20512148268399
59766,52.74823124098122
36798,30.30915476190475
79495,43.70847619047618
23277,42.08605808080809
22041,52.03322348484849
62544,64.48014880952381
10450,69.81694296223101
11259,65.10115476190477
40727,67.4035753968254
16280,41.3603888888889
40230,44.17865277777778
2634,34.36889484126984
78535,46.83375595238096
58364,38.426992965367965
47070,38.80633333333334
7657,48.59850793650794
99450,73.29198537655155
86076,74.59230086580087
7824,51.19048840048842
77440,44.965551587301576
77868,67.76259126984127
99660,63.11472664835165
88369,63.046142676767666
93831,44.354137806637794
73292,43.27339153901653
70748,47.564993326118355
87056,39.869950757575765
77033,64.23072023809524
66358,64.8761746031746
19316,80.30329590928505
5766,63.618154647983594
39672,53.31762572150075
16302,59.306533730158726
24780,56.175914682539705
72948,72.13946428571428
94228,67.59209523809525
5928,31.341577380952376
75791,32.656856934731934
2920,84.35091666666668
19472,45.25837301587301
54698,66.43969047619048
37504,67.73838744588744
72012,35.824712301587304
12347,45.84093452380951
26364,67.67696428571429
2708,63.03839575702075
26968,63.57301785714288
1217,42.83100288600289
96683,41.02867063492065
93838,72.01197655122654
36596,38.41226984126984
91814,42.41728769841269
40212,34.630804334554334
51774,55.05480537518035
41917,60.48439077589077
69811,43.93072528860028
34909,46.737767857142856
74623,84.61933134920635
58569,40.17931689144189
30439,61.9315753968254
46162,71.89107196969698
37286,49.46339411976912
77558,36.42766161616163
71581,44.562841991342005
22760,49.94644841269843
6381,31.595461760461745
19958,48.6583333333333
5403,46.52038492063492
47137,40.83965710678213
78325,34.597761668886676
56527,60.23736111111112
44089,87.89297619047619
26354,71.01080952380953
73733,42.67512698412699
90191,51.21431908369408
69085,44.17806746031747
35820,26.192788184038186
89292,64.89268813131312
32527,22.804071789321775
82083,68.899607004107
101416,69.96333333333332
78707,74.56084956709958
26482,54.46052601565101
98904,79.3417702020202
95731,57.23752020202019
58072,38.5850835137085
8786,45.915822316572324
90495,71.66617261904763
85718,47.81538257575757
37958,29.305803751803747
98665,63.56657016594515
36190,73.98946428571429
27464,28.808111652236654
9815,70.5328544094794
95545,38.20938492063492
94568,75.95483660130719
11612,43.69901190476191
93815,62.906592171717186
87841,61.883840187590195
99124,41.22049585137084
101559,71.29410505430242
67897,58.16100595238095
3690,55.691115440115425
81988,58.11506673881674
2471,48.6125119047619
6762,44.37247601010101
47985,43.889803571428594
83351,10.094515873015872
10626,61.173713827838846
31443,70.19369047619048
38630,77.89258062770564
83704,64.75225
70591,48.75190945165945
5095,52.621018578643586
102582,38.05378968253969
77683,62.3866985930736
42666,36.83003174603176
2204,55.27525432900431
33418,60.59710750360747
67965,39.896515873015886
34534,51.34875757575759
54652,54.65611706349207
39899,81.96886363636364
72057,58.22628697691198
47655,61.407193266700595
59893,50.11484813797314
101694,36.02538553113554
42197,59.41660347985346
54606,67.28995100732598
30809,70.3301655844156
51558,85.67108888888887
35408,37.01385119047619
42504,58.623795634920626
27730,50.55735822510823
64035,35.44243272005772
59672,72.44016666666667
2076,80.20380012531328
83387,33.651563672438655
39819,13.729707972582966
41896,67.1836388888889
95008,66.10634126984127
54346,33.92787064683253
60290,63.46787942612943
74616,33.705991702741684
13994,80.24146875
25362,47.80525000000001
35576,28.89164880952382
28607,40.67374873737375
28488,68.79725945378152
90694,73.25591269841269
90347,62.20830681818184
11923,53.208624222999234
29939,53.964732683982675
42872,39.911685606060615
72118,23.826982142857155
100955,51.21686111111112
37299,44.80708423520925
43784,57.153794566544555
14474,38.48958730158729
77192,77.37391666666667
10313,59.23928231123451
20484,81.43258333333333
29351,73.05108552631579
17798,68.622920995671
25277,49.05786706349207
97660,37.453190476190485
57995,54.83720995670997
63218,78.57601015406162
96206,65.0228268398268
52514,46.69962301587305
49463,54.360119047619044
82882,67.36659203296702
81639,40.944170634920624
29146,35.03374007936508
54559,49.14900363525363
77924,74.9350487012987
46940,45.446164682539674
60839,79.66368452380952
97256,44.35348412698413
57950,48.45046049783551
60720,46.0602123015873
56423,73.0
99929,50.83879581529582
71748,35.533041125541125
44621,32.18863049450549
12971,82.22319047619047
28137,72.0
99369,41.308911616161616
87221,51.52238149350648
34242,34.54729599567101
21748,40.33588257575758
74031,43.2282123015873
83990,71.61576785714284
43218,71.7207976190476
83266,76.39658333333333
31063,48.84867712842714
12574,68.63496825396827
6020,69.35122222222222
1584,56.0538253968254
81953,80.25054545454546
64659,70.30175885225884
52583,39.56424938949938
25935,74.88204166666667
62887,71.49572222222224
80104,50.21259307359308
25034,45.33007081807082
38295,57.3179484126984
64660,64.31744036519036
17924,37.60400036075036
53040,51.44580122655125
5644,63.53900847763349
50866,57.32041865079364
92600,77.99819444444444
76824,36.225440115440115
32096,45.87435606060609
52764,62.81312896825398
69803,80.23327976190475
20572,65.72171077533577
89025,39.227676767676755
68865,34.688128246753266
16518,70.76607936507936
95624,68.93939393939395
18245,66.70378869047617
92251,68.91632918552037
42613,54.21734670008355
74999,54.57748214285715
25872,63.28942515817514
82515,63.89607449494952
12801,41.477632936507945
3069,40.559179292929294
71575,55.51200992063492
18768,81.80466331087877
53935,32.580288600288604
56792,37.7239787851038
21088,81.1089423076923
38475,54.03805014430015
29664,51.6010027056277
5125,38.27437427849928
97655,67.72180158730158
60215,64.34563048552754
95746,79.15985714285715
48150,60.418081349206346
17421,63.36199025974026
23547,80.36403007518797
47452,51.82048809523809
78763,41.71292207792209
22672,40.80982683982684
29587,43.8695643939394
38541,37.76987932900432
38727,37.60896771284273
48077,44.76696810134311
47382,57.073139971139945
83299,72.75200000000001
9327,62.40973611111111
75395,62.77497533095559
23580,45.40630573593076
61051,78.4960357142857
14308,23.09524098124098
53698,48.81155952380953
44235,43.25792099567099
20901,54.66001273448773
95707,70.13041753246756
100872,65.96474999999998
25311,63.762785685805426
77126,36.805884379509386
87660,44.32565295815298
81790,32.36831944444447
43994,65.22257738095237
42909,75.28367188805346
63923,42.53880625583566
59447,52.35641505716505
17425,70.82846428571429
84527,45.77854689754688
85064,31.731169733044748
68499,57.950642857142846
24414,33.3798262987013
100981,49.85424999999999
64016,55.2003492063492
45367,35.58265494227995
63727,68.94394047619048
89571,41.651151334776344
22049,29.318045634920626
25287,60.201069444444435
6041,54.128815476190475
91490,42.32111507936508
89829,52.818133699633684
72387,41.011210058661156
80116,78.60819298245615
57549,30.553714285714292
47744,35.36741244866245
13388,52.69322847985349
52644,37.99498015873016
67513,38.055613275613275
27868,72.28722113997114
46431,60.70895436507938
81255,38.06326406926407
21586,98.0
42083,56.809547619047635
65055,38.855363816738816
74915,68.99635416666666
17202,27.220390692640677
26324,77.95030830830831
68363,39.700967712842704
87743,50.48161904761904
51346,40.177242063492066
62773,47.68715079365081
77388,66.13318686868688
95473,39.17240873015873
76560,58.4750277777778
100388,37.17833261183264
92369,40.93673214285713
43427,42.932922619047616
60898,37.50204761904764
51975,71.04223233629115
25346,48.375202380952395
84202,48.406713564213554
54239,81.4955
21801,73.16860714285714
56847,50.76535064935064
81728,53.44512345987348
99872,63.80032142857142
91649,61.757867063492064
63087,41.93005158730158
21800,81.61208333333333
66471,63.00109968102073
64234,50.82900360750358
2233,47.16567261904762
95515,66.36824549062048
13114,50.98471825396826
98270,61.552792610167614
50127,34.29064898989898
17933,63.68026190476191
72316,73.25975
3404,70.78031343656345
70626,70.00575605680869
91125,71.61071062271061
88489,56.37362644300145
1784,82.92375
15470,43.57100793650794
42854,41.580587301587315
94650,65.06514538239539
55905,69.24320544733047
3405,40.03778427128427
8104,54.34514880952377
101338,72.71004545454545
29756,32.41562987012987
29232,53.45094047619048
97722,58.793603174603184
37357,41.86979401154401
83967,73.84127380952381
74167,70.13033225108225
74192,69.23302976190477
14869,32.30625793650794
44414,51.179692460317476
7606,41.90083531746032
7571,41.368782467532455
33468,60.839176226551224
68531,66.81411767399268
45861,86.0
52815,80.00493303571427
13457,61.031654761904775
16278,47.55596608946608
5748,46.672401402519036
94118,56.127696428571454
78536,42.29958437395939
14451,44.64684034021534
70435,40.07106542069044
43764,46.392178571428566
11900,43.359039682539645
65960,33.9961626984127
43162,41.42674603174604
90569,72.39170634920637
87530,76.08577705627707
94733,81.81173809523811
87668,29.704345238095247
89634,79.47707571010861
54494,44.297972222222235
83529,70.8263604826546
10920,38.657820942945946
88868,66.67401226551225
90713,71.76203571428572
25526,35.99042063492064
61452,31.367378427128447
75812,77.69205394495853
19564,41.83631639194139
32117,65.2765724206349
28013,42.33008946608947
69778,42.28938888888889
87969,55.12132972582974
26525,49.200071428571434
87643,44.13049025974026
2193,54.39742658730158
100918,78.00644841269842
55623,57.12288079573934
102193,44.61923737373736
52850,55.86441847041848
19602,63.005964285714306
80578,33.171382936507925
94377,48.95820634920633
8511,67.70764484126985
13652,68.52666125541124
35632,75.4583211788212
58215,44.56882233044732
60905,60.65176498501498
21386,72.44511706349205
43578,52.89578968253971
8748,40.344414807414815
22989,71.9419656177156
33403,42.67947420634921
52811,28.059914973914978
77686,29.686603174603174
9533,35.78606908369407
88907,82.83803571428572
25587,55.4455615079365
46914,40.13498214285713
91265,62.532741161616144
28528,81.983851010101
56567,52.83951026272579
40198,59.813921245421234
30432,43.56739335664335
86249,43.51449404761904
37225,67.04557539682541
57169,82.83440476190476
79049,31.94062164224665
38761,50.72662716450216
2094,62.365297619047624
80214,67.68943470418472
62337,75.528459799609
35009,28.155312770562773
69964,44.45205411255413
77350,53.55856764069263
55770,76.67032677507679
77452,36.06240259740261
13436,63.937592338217335
31120,79.38544624819625
27614,55.78016071428573
78762,37.584401695526694
44323,67.8794126984127
92182,51.81241666666668
98427,28.305627913752918
63946,32.24565873015873
42709,49.28028805916305
66871,61.42072860593514
99792,71.07332142857142
78094,43.676810606060606
1489,33.14293452380953
13508,78.97590909090908
11726,36.51602777777778
84387,49.956813492063496
94463,52.59986309523811
22790,62.56468614718613
8169,71.94049999999999
71204,74.24862121212122
9517,69.76577272727275
78494,68.38061904761906
65131,46.16979707792208
28009,26.729190323565316
65454,35.72595039682541
14312,35.108154761904764
41772,35.84605826118325
20859,68.97610353535352
26449,71.6271103896104
55976,59.35680158730159
47791,63.998865503691356
39214,57.20132575757575
82628,58.58639411976911
96852,62.86006746031746
37111,68.87364069264068
18287,55.72165888278387
68349,45.090529761904776
13462,39.379689810189795
29668,79.26626190476189
79772,51.65721529859029
83435,61.53458333333334
87464,36.62122961760461
102150,43.50854761904761
99720,51.47372619047619
19532,42.97923773448774
43620,63.45707570207573
16722,67.3416746031746
39800,56.70582287157287
19973,80.91339943389943
62202,30.086853535353534
78549,44.340476190476195
38325,48.515674603174595
64048,57.448823593073605
46170,75.70689644383395
827,52.90548737373737
76941,43.11720833333333
48883,49.75989069264071
7562,45.47285515873016
36815,54.38129563492066
47474,49.30433365164245
11105,58.574374999999975
24801,28.27174332611833
84828,67.4908869047619
26733,43.882977272727274
84765,57.040414862914886
40575,33.763532277663856
67323,64.42566955266955
67048,36.28868650793651
97965,43.434487373737355
3798,31.569785714285707
66250,65.50081244164332
93076,47.09687463924962
27692,49.70482936507935
31505,52.76372619047619
30706,49.18029090354088
47113,39.73477976190475
19948,40.97224603174604
16576,54.19140137721756
35983,67.36128373015873
195,62.19721415806414
23370,48.11891865079364
61571,50.861549062049065
93094,64.2799053030303
18834,44.38209108946609
33722,31.013865079365065
35236,14.091363816738815
86334,34.9331332972583
41553,44.979934523809526
77343,68.89794642857143
86207,65.39195940170941
27390,63.576359126984116
95457,61.717615529078785
9614,72.9607380952381
24726,44.82897222222222
90140,55.33959920634921
40591,73.99650000000001
9122,56.7580873015873
99171,71.94298809523809
42321,50.562370129870104
8647,69.63086056998556
14761,77.0
3881,33.67591991341992
93918,41.5672225829726
71695,56.674279761904764
3954,26.606314393939407
58422,52.31594534632035
31802,50.97770625208126
102371,55.69349603174604
13766,28.849967490026305
71002,45.769299963924986
71750,57.976169215996414
28119,40.48866540404038
92235,65.65534808488613
20672,43.034072871572874
56189,38.41129894179893
44288,23.537738116458705
24258,45.08945274170274
91213,67.34784713815594
67901,29.382551587301577
36780,49.15664808802307
9485,76.4357638888889
54134,50.22505982905981
72102,66.38774832425639
21841,27.924757783882786
88477,38.527287698412685
62448,49.48855122655122
43773,73.06621590909091
8461,47.51882954545453
43615,61.45565277777777
4758,40.77241053391053
1720,65.54130735930737
29179,48.582058982683996
61118,43.48492460317462
5198,46.007915584415585
18723,28.660688492063485
81142,66.81366369047619
46259,62.97814393939394
85895,57.50246302308802
30932,68.43231764069263
58828,43.38235281385281
10998,58.56143559218558
51894,57.04313369963369
11510,59.1683951833607
99041,30.67455411255411
71754,60.320655677655665
70527,45.42234036796538
94994,84.55164285714287
75394,61.8877380952381
39317,31.902659271284268
21026,67.77172015402897
75350,71.97678571428571
5961,71.48249999999999
56786,42.83727777777778
33331,74.61611688311687
37793,53.03786688311687
55900,33.65728318903319
46282,51.75415476190476
3189,70.60306590713208
91496,71.95307142857142
42482,46.25416197691195
42848,44.67152146464648
92192,76.12979974192476
70778,35.930882595345835
47642,66.84460642135643
86907,37.06851388888887
16461,62.577682900432904
69466,63.00054761904761
65411,41.98724603174603
70253,47.42062554112555
93380,69.43065476190475
42284,76.81031086968588
31759,43.87948221712927
99022,55.674022546897525
5152,48.236184163059164
4700,78.83914285714286
70919,68.48916666666668
68717,74.46934798534798
50137,69.50514880952382
40940,67.58264880952382
17821,68.9588888888889
77843,36.899429653679675
91348,45.3069006132756
39370,51.39922366522369
88030,33.133622113997106
87403,45.66848412698412
46297,33.6531847041847
26041,32.612270382395394
48131,82.9084761904762
86384,30.899423992674002
69451,62.537316017316016
63128,69.45111904761903
92214,16.33895964452215
16543,75.76762932900432
95054,76.05557638888888
79138,36.276895743145744
47980,44.694581349206345
37101,46.89575198412699
28833,60.58469444444445
54840,30.265731421356413
100547,43.356725649350636
36978,67.48312500000003
63188,77.68863095238096
35905,47.991653950216424
43613,59.95236742424243
6256,23.665459776334792
392,65.88657323232324
70980,60.746346153846154
26993,57.08382305194806
86466,44.70654610667111
49220,49.51358748196249
48992,41.176378968253985
97878,65.68079463591963
101274,56.84380988455987
91645,26.109143939393935
48432,86.0
10107,33.227005952380956
21067,45.859065476190466
20129,50.9335218253968
84799,31.345075993450983
98437,69.36805248917749
40010,46.805698412698405
55959,52.53989267676768
16372,49.010559704184686
46740,71.75344444444445
78004,63.99672444222445
12187,66.0177361111111
29130,49.220010101010104
91656,77.97781135308554
22265,36.106027777777776
78764,46.054533369408375
52376,65.13614682539682
65067,53.85625
28315,25.804443001443005
33795,66.09128391053392
19904,63.84743467643465
79950,64.7335670995671
45620,64.36218503555267
23124,46.62150505050506
61574,46.28642045454546
72336,63.33678769841269
10061,35.351783730158715
46355,72.78065476190474
63195,79.52554700854702
89691,68.73863636363637
75242,49.40462500000002
71312,23.840628246753262
39445,50.45018849206351
98055,54.65160064935064
6527,63.451904761904764
64405,76.7959375
15278,65.815
51053,53.93045887445889
55856,41.42080589731907
53961,75.36902552308803
67600,22.582048160173173
30624,64.8025634920635
70860,63.15409233821734
73233,65.63041666666666
86468,26.905797619047622
98941,33.33257738095237
49593,32.81219642857142
1186,71.95015919374741
69388,42.573418470418446
837,27.547795634920654
39536,64.72779761904762
5100,31.457101190476187
15756,25.66906944444445
67194,64.0155892857143
46207,48.62448519536019
61082,43.198700396825394
28190,59.492271658896655
1670,58.619832611832614
58149,34.857823412698416
38090,45.49744740471946
71938,43.68684938672438
89928,61.656949314574334
46261,47.651217352092345
14026,55.2036562049062
14574,44.413107142857136
98707,49.41501572039071
73379,74.83347023809523
23698,69.10314880952379
26178,60.717555555555556
21352,31.43245891608392
50905,58.67606872294371
42445,24.78903821178821
23422,73.28295129870129
61284,38.363147893772904
92850,54.69514069264069
97357,45.66788264513266
18498,44.57331547619046
27103,69.12131547619047
93334,76.71527777777777
54215,30.069420634920647
20409,63.69840674603176
75881,75.73255116959062
9498,34.84733730158729
53185,37.447424603174596
3285,44.834193722943716
89213,61.66830447330448
92837,48.38298340548343
10566,61.18742063492063
20036,49.30150992063491
52311,44.65615476190477
83123,81.5154502164502
86587,53.464250763125776
49567,46.45073953823955
91612,74.75641666666667
34092,78.96841666666666
97052,47.368779491341996
15275,50.94528174603175
99413,42.25714320220841
73350,46.685535714285706
43301,52.075466810966816
54752,44.25034181096678
71649,70.33664682539681
82154,75.83979195804196
86357,40.96051388888888
4843,66.27073715538845
62550,39.735387987012984
74514,38.698745670995685
42275,79.20387312030076
50099,58.74417581927877
14979,40.676329365079376
55287,49.30735389610388
27365,44.73331349206348
35390,22.421881132756116
41248,68.8478382936508
50326,30.910222402597405
18336,46.02636273448771
736,68.75901154401156
3843,57.65152074314576
22088,77.8605815018315
94567,41.933633477633485
75227,32.12314545177045
2426,44.53411907944996
84668,59.51014774114774
3623,41.144481601731584
72820,83.5890119047619
8421,46.25327362914864
84797,56.57675793650796
85510,67.74595833333335
100523,49.063108225108216
58022,54.310091269841266
34558,31.483053571428574
98357,61.892117604617596
41284,50.86456988844491
59814,59.64329950441716
55128,36.48864054001554
24879,50.79104094516594
15262,72.28041666666667
45792,67.8950873015873
88787,36.51078517316019
23621,71.83053174603172
101773,71.86050000000002
32167,50.22276984126984
14716,72.96258333333333
55127,50.287003968253956
49307,44.77384941284204
15614,38.28890674603175
79393,37.21731295093795
67185,38.100887987012996
87176,39.92589087301588
32432,71.3753183887191
4185,27.97772023809523
20834,57.91371356421357
35748,74.85080906593406
26300,50.72705194805194
54288,67.67106349206351
42834,76.34069918132417
50179,45.808802808302815
15014,73.58045634920636
57929,52.4779817821068
65378,63.587197344322334
22898,28.994676587301583
45579,35.62892062104562
54240,66.91467694805193
86657,61.7174331232493
64685,33.86906937506938
62897,71.19855357142859
70187,77.31741666666666
99493,57.433291666666676
71992,72.16528632478632
73032,43.14733297258299
69937,68.49748412698413
96419,32.931017496392506
102,74.94717261904762
60603,58.00335119047618
35862,68.48165873015873
60263,67.54827655677654
62447,76.6066539876113
59114,29.20170905483406
80617,11.490249999999996
29771,66.7506004273504
63561,51.30811210317459
85893,34.482039915966375
59822,32.93794642857143
76548,43.75575937950937
92275,65.9981805631868
86355,81.32931944444442
31998,65.96266041666667
32878,33.84635317460318
97243,78.75136904761905
92970,35.407676587301594
13631,77.32199044011546
91379,32.92453102453102
2950,69.55648214285716
69161,65.71891666666666
14672,70.05524603174602
2110,70.04454761904763
11810,76.35761309523811
99742,45.1786939033189
35667,71.7637885338346
33835,40.42744642857142
40356,71.60866520489314
7323,31.572078282828283
78003,42.93850252525253
20975,81.7582261904762
34646,61.09528174603175
60074,43.6578545066045
61915,40.22636904761905
13968,66.14835416666666
64217,70.09791666666668
48057,30.407847582972575
31559,67.97242424242424
79613,51.6512415223665
77916,62.7483804112554
63496,37.221591089466095
85828,58.49901478097067
77451,25.369625000000006
74677,71.02589285714285
29903,57.14051388888886
31592,78.08624404761906
92446,50.375843711843714
88399,58.11158527501912
75486,75.09896630220243
57954,25.60381060606062
99830,59.38276190476193
761,59.058900793650785
53859,74.2843593358396
4083,42.94775955988455
34021,83.76695238095238
42675,77.34416666666668
11464,62.97172222222223
20161,60.34224023199022
71317,43.68379365079366
46978,31.04236976911977
6954,59.86003968253968
18453,50.132012265512266
90906,69.01768055555557
80899,62.00118073593073
62438,42.66544787157285
42635,46.4858611111111
83936,40.37214754689753
7083,48.15618537018537
37238,38.461412698412694
86550,35.94216053391053
28596,38.26287301587301
75269,63.158887806637814
20602,27.43653228715729
66270,60.73636435786433
66530,44.341871392496365
94424,71.53654761904761
673,36.01921230158731
58992,61.32778721278721
3270,66.3662844932845
94005,38.458059704184706
85974,43.956819444444434
61904,34.83578553391053
29912,31.874769785769786
72539,65.3203154761905
80684,64.15893253968255
48470,56.85912132801838
12531,30.375940476190493
20359,56.72716937229436
72862,38.93947023809523
39877,37.98161309523809
25360,38.11440476190478
49717,57.36192248029747
17618,63.98164484126983
19855,63.59835694860695
43205,36.2721572871573
94177,54.10378697691199
65445,42.52743434343434
6738,85.0375
82212,74.76421428571427
66880,35.72642406204906
53025,52.78050198412699
75501,65.81115476190476
63436,42.50245070207569
90599,52.765619047619026
54366,41.64554166666667
29726,50.12815079365078
13609,32.96359821428571
1352,44.992192460317476
96274,59.6971369047619
34324,65.56190854978355
7005,46.506057539682516
64335,69.07532738095239
67425,47.08229365079365
67574,38.643574855699846
64810,69.55119784382286
68110,73.33160119047619
10598,60.45220941558439
9826,58.83070346320347
87855,54.45840927128426
68221,71.1329849651982
66667,48.727633116883126
32705,59.9582904040404
92623,45.40056764069264
34939,72.9185882034632
95740,56.96444807969808
18677,32.120875
63976,35.667511904761895
28566,46.44103589466089
28195,46.278482864357855
72088,35.09366035353535
79271,62.70098160173159
78435,29.0208115079365
92248,69.86106709956711
56784,27.50289682539682
50113,44.24590927128427
39227,54.49814484126984
15302,29.224011724386713
21488,67.96697132034632
62554,41.95519047619048
90836,64.1185892857143
27920,50.28887301587301
4126,11.569946428571429
76807,20.624347763347764
89243,64.05757608894375
74519,63.2801488095238
8002,59.56549404761905
37428,29.08839484126985
46524,70.09013157894736
99871,91.1640992063492
59181,50.01011309523811
7277,32.35762301587301
26543,30.2063111055611
6750,42.45064717227216
62696,91.97094574950916
68088,37.98189375901875
60635,56.50266937229437
86585,70.67786507936508
1180,46.68884722222223
42017,69.46623899711399
15725,37.38509199134198
46196,82.47932142857142
79612,58.398372474747454
44106,34.45707936507935
97713,40.90630952380951
101258,51.24710732323232
11513,31.857642857142856
96666,50.5401056998557
54816,50.654623015873
101566,29.945478174603164
93857,50.661533934203064
73096,52.11729743867244
50056,42.019354978354976
34059,65.19310912698411
79345,74.90603070175437
82829,81.85546969696969
71793,76.86244444444445
94494,37.08560317460317
78672,48.15412896825396
16043,63.02005158730158
6973,41.130075396825404
98223,30.81924404761906
77047,38.12443398268396
39176,69.78157838689089
97452,82.84883217544983
25536,28.508916666666664
72503,56.52847222222223
51510,80.0
80530,35.30564484126984
5381,71.71402131388356
8325,64.54880086580086
82277,37.28440674603174
69531,78.88503571428572
27842,69.87340674603173
82704,43.21265362415362
70252,27.319523809523798
91019,43.376257034632026
100184,66.70833134920633
32294,67.24977976190478
71158,47.76331349206351
12362,33.333951728826726
92393,34.99099832112332
58261,71.4729880952381
32871,42.33751445265262
11824,49.371791666666674
68639,28.108094516594505
71839,65.20521389449809
96764,40.76550432900432
94426,63.317297348484864
41696,23.525988095238084
61608,60.09393434343433
29507,52.568453643578636
82290,49.55571626984126
80751,38.363894841269854
5511,35.39233531746031
10267,33.82018921356419
16842,43.66725829725829
84594,53.71959126984126
72421,84.11080952380951
67619,55.54855952380954
28796,53.79252182539677
57374,40.47901893939394
89436,67.92140205382853
31877,67.0781571067821
67059,65.91742460317458
99090,16.130305555555562
87583,40.02407016594516
3876,43.65988924963922
35880,40.2198875985126
36054,45.555191197691194
41922,66.19469588744587
52325,35.048803391053404
88948,73.13518441280942
100299,62.227918650793654
50213,64.92747817460318
52090,42.98624332611833
11847,63.2617619047619
25699,61.68406746031749
50737,35.43618073593072
26698,86.83276785714287
73091,60.11477200577201
35151,61.32743192918192
101660,36.592879148629144
29757,44.49669642857143
88482,26.9359512987013
24604,51.60812343358397
92271,35.315017857142855
74805,67.98883333333335
24093,45.474763888888894
84059,54.43153228715727
98837,27.94336381673882
29472,48.322900613275614
45572,47.03983479429067
7313,61.26328174603175
16772,34.66958694083694
55458,74.16455639097744
68209,45.01685714285714
41710,44.496093253968276
87927,64.15288636363638
29279,51.23713762626263
1742,67.62285256410257
29821,42.585160533910546
31092,56.65348683261183
36600,57.714521825396815
88662,61.10368551056783
64823,59.52843253968252
92215,45.3822031163281
80941,51.4988502747253
52762,62.51903067765567
20519,50.58026857864356
42145,65.05700564713062
72953,36.211405753968265
73202,70.76853846153845
90975,62.67521176046175
16828,44.59127380952381
31039,69.6136449456976
61892,72.3833074352548
16707,44.61096969696969
8977,35.31224801587303
25366,39.54142965367964
61538,55.121624958374966
42477,40.89314880952381
992,69.55508333333333
67938,48.29453391053392
90908,54.07660046897548
73012,80.48083333333334
98353,28.544811507936494
102007,46.85350366300366
68762,68.47519372294373
66838,61.01073412698416
68663,45.06718228911612
17288,82.69667784992784
73636,40.67221428571428
47281,48.67276984126984
73768,48.55344337606837
67511,46.032283910533934
3436,35.705550116550114
53153,25.835631673881686
39623,31.967563492063494
58501,68.74844642857143
18535,54.489773989898964
15016,37.85931006493505
46485,78.03238095238095
46802,58.96763113275613
94775,30.050299783549782
10617,72.78878571428572
16444,35.40008928571428
28635,54.83438615551115
40837,56.17874007936508
53395,58.18523916361417
65429,31.01900396825396
14690,65.24714285714285
52930,72.14246374458874
26947,49.106184523809524
30727,46.88374711399712
37257,64.71422222222223
91652,66.62280357142858
34997,80.77693389724311
21347,51.11704238816739
37996,47.008420274170284
13096,53.2228722943723
5123,71.40514505225164
63082,39.67041468253968
54976,49.77676984126983
77163,28.240457112332116
11252,69.80099332611833
56542,78.95786111111111
93665,52.128293043214086
101644,61.01090873015872
26029,53.88501587301585
7421,49.89526623376622
60602,49.0959146825397
59397,76.49916071428572
102524,68.65934911141491
61291,46.85693546365915
88353,42.13456150793653
66929,72.88592929292929
16007,72.69441558441557
102301,65.48883134920635
62046,57.47471513209011
65903,70.27176388888888
70701,59.326575396825405
21093,33.41945127971444
32239,39.86024206349205
17881,36.772045634920644
91876,43.2827532051282
94222,69.61711095848595
15987,46.035739357864365
25387,41.09248473748474
43127,65.88757196969695
32277,63.49049765512265
88118,49.97984523809526
79141,32.98178661616164
56343,40.60175595238095
18866,71.74565873015871
28684,45.00571031746033
42019,47.265998015873016
31049,59.98533333333334
3485,41.59409956709956
47589,67.36916211484595
102386,37.84648178210678
93239,41.279709665334686
93435,70.78005826118324
57310,62.42444444444443
47107,40.65879761904761
63430,44.879627344877335
6627,51.6407282733606
73908,60.74786693861694
78186,78.43520238095239
6363,33.57468704906204
17000,41.85651264013762
86753,25.580592893217887
3103,60.08472171578422
48741,46.107311799719895
30846,69.90046706349206
68296,37.016371031746054
59153,40.384803571428584
92990,68.78483333333334
79144,84.45011904761904
96064,56.802956349206355
11399,45.731916486291475
92830,52.31562265512265
4993,33.05123863636365
85976,52.895115079365084
68032,45.31052146464647
99410,43.356692460317454
17490,32.711171685340794
8417,57.18898917748918
6665,76.73564285714286
47711,82.81083333333332
101580,40.237451298701295
40157,65.81192757936508
35798,55.096335678210664
22124,72.24062271878448
93251,64.0449806998557
42800,40.9526884920635
38128,53.328156746031766
19851,70.02226984126985
29493,64.67654687856003
51325,44.13010299422799
72711,48.52901526251525
29999,29.409349206349194
84496,65.72187139249641
99262,66.18501283846871
66535,70.4688143939394
353,44.884877705627694
43598,36.82694444444445
85725,76.46999046788693
53733,31.456761183261193
94760,31.515524711399717
47673,83.07773809523809
46135,32.18820497557998
50591,63.34975280112044
101999,53.011297619047625
1247,44.50377705627706
22452,66.01100000000001
47794,71.98617911255411
67460,60.066146825396835
2647,43.11960317460318
57192,73.18882936507936
46553,69.23949404761906
38476,82.41291666666667
38634,54.33249585137086
37133,51.68105357142859
72284,65.73603571428572
63287,44.17108639971141
87488,76.53512564273964
88826,68.03560750360752
7329,35.60574675324675
88992,44.666356171606175
3866,54.68484741209083
96011,45.77206794131794
20306,79.25898271469674
14821,38.382491883116884
59569,48.024863095238096
66022,47.139468253968246
77039,18.023512987012985
90332,47.51485855810857
68173,63.74152380952381
101920,34.36611796536797
75933,67.76084920634919
29208,47.412933080808045
58968,29.814764652014652
43704,70.01238636363637
51473,46.54749801587302
19863,48.623230880230885
22281,71.36433730158728
73094,52.188926587301594
1341,28.30402380952382
46543,60.06199007936509
23456,32.49617460317461
47974,35.71691071428571
92262,42.672043484293475
41073,36.984061147186154
59021,31.286333333333335
66290,73.86297619047619
51170,57.81260948773448
1490,69.01266666666666
42609,37.111317460317466
56489,36.92137896825397
60825,49.84306349206349
71884,52.70155411255409
18455,45.45469419387801
15539,84.9575
93801,41.286432773109254
101522,49.65191391941392
92,46.208933441558436
37137,39.71227579365078
14064,64.88179458450047
42828,42.94255457042957
20683,59.653004310344805
48982,37.97497817460318
59483,46.24665367965368
67911,47.460994227994206
17188,28.44030357142857
88814,53.99412545787546
54659,42.94512301587301
97095,59.770785714285715
75989,73.93452272727274
58662,76.95166666666665
4760,56.76386886724386
71084,44.22748971861473
71880,57.862903138528125
6571,53.907648809523806
48644,65.23829365079365
62373,34.74809126984127
90698,66.7775358946609
79107,32.44341468253968
21520,69.99272727272727
83918,77.80887698412697
82061,77.18224649859944
17129,46.24287132312131
7998,53.82191666666667
37910,56.43708603896105
9929,54.12922420634923
31338,69.27688703450544
63565,66.03340052308803
6479,40.68124332611833
42,70.9742741935484
80912,42.5248922621496
23929,40.46322817460318
56060,46.616659035409036
68630,76.57412662337663
99467,46.98775793650794
7413,67.99272817460317
101323,53.93327705627703
74571,57.474632159507166
84441,69.41264430014432
21647,36.85376461038961
76425,39.027148809523815
77011,46.169474206349186
35681,75.90086904761904
57735,50.92925167887665
8513,54.558579365079346
45223,56.14879888167388
25357,72.4336726190476
46901,74.05115384615385
17335,46.55591468253968
90866,66.3985449134199
17928,42.56414177489176
88112,36.93323733211233
86728,55.14887896825398
27179,67.93432142857142
28216,73.74809722222223
16666,63.90196825396824
63638,41.40227182539681
101769,65.35454212454212
76223,75.7781746031746
23803,55.850877164502165
29105,46.72813095238095
14633,48.098493326118344
51478,46.81832557720055
53692,33.883998196248186
74682,46.000801587301595
41275,69.76388095238094
50503,47.40061742424243
102528,63.885220238095236
16489,35.251786255411254
37871,38.12272673160174
72103,45.963999042624046
63301,39.94409217171717
22333,52.103418650793635
31330,40.741784493284484
16193,63.04061309523811
70546,32.02131150793651
10207,53.35182738095237
17502,40.05318055555555
63197,57.30771491008993
34735,75.72263095238095
84307,51.87123809523808
46601,37.434741002461585
71768,64.98582142857141
44998,49.56691702741704
21398,32.258424603174596
96180,44.073067460317446
43207,72.95164390756302
100850,47.61707936507937
99345,73.3417619047619
97526,55.64016033966034
40187,56.98688492063493
44448,32.202396825396825
44754,66.58506138306139
17602,67.17677182539684
68658,36.41472465034967
49636,50.73857142857143
44218,15.108095904095906
30984,38.515988455988456
100170,94.24965476190476
22799,47.78063979076478
93085,40.270638888888904
58119,65.66367857142858
95924,37.594911616161596
101984,43.668281565656564
21254,58.02005494505495
71146,74.92666666666668
69532,44.726045995671
6626,43.188660533910536
14523,52.88103197945845
1578,28.30204960317461
33517,42.54126388888889
693,50.736595238095234
37068,51.14365277777776
57646,25.04257792207791
96102,50.882418956043956
2366,49.11915494227995
50161,75.03028354978355
67593,54.82535299422798
30276,65.71399404761907
23314,42.58184884559887
98148,70.47342687459599
18477,46.96323243423243
15527,65.28591991341993
62682,26.645553932178927
56755,77.99021078431372
28042,54.06620634920633
1298,37.332316919191925
79433,38.60621281985987
71436,52.07264087301589
98435,72.79741287878788
42484,57.14337806637806
9939,37.035775793650785
11861,43.93284920634923
47190,61.60729960317458
71544,42.55580735930737
96734,36.1776130952381
7792,40.12722619047617
78628,60.31837229437228
89113,74.91457692307692
55889,64.36987896825396
90187,68.61201785714286
65723,41.42526190476189
37196,54.37646657509157
35171,59.658317279942295
39041,78.44477976190477
61106,23.954083333333344
65790,45.56585119047616
93241,61.98277182539683
29129,38.82750216450215
24098,55.396589285714306
66410,59.26690079365079
60006,38.19343253968253
84445,55.85070723443223
24181,72.89123717948718
72428,82.0
91009,65.2863630952381
89406,36.1633353174603
34346,39.55522215284716
77939,32.886684523809514
2891,76.65548015873016
17984,36.57412896825398
7763,15.119789862914867
47592,51.00024206349209
7917,37.89645382395383
51104,49.667331654456646
79307,43.3008028083028
60858,79.60883116883116
37829,51.24204870129871
80848,38.85488492063493
91723,33.95915873015872
459,44.90622528860027
23084,41.15950613275612
90505,55.332803571428585
63056,33.161964285714284
37555,58.34135733710734
41422,61.35972420634922
91903,50.39579274891773
10029,46.35581944444445
75347,39.70686207664883
93791,35.35975396825397
34447,68.0505735930736
26664,49.344883658008655
55679,44.07609325396825
53493,61.72781944444445
46193,38.02695833333334
81348,47.52053012265512
97733,63.444957417582415
14812,58.811787698412736
31164,57.87108928571429
38849,39.53264880952379
61672,68.46330304928989
22943,62.20686147186146
93856,44.990869408369406
87246,58.47580813630817
52559,72.90433333333334
70617,73.39781310356311
98570,39.65133531746031
87821,28.890595598845596
4029,63.88194642857142
30599,81.2813869047619
24688,56.013982142857145
72064,45.65142730880231
36775,61.78910714285713
44168,72.96843939393939
100802,53.4012563131313
56612,66.9287196969697
78556,66.73451713977028
45869,77.86462499999999
47528,42.12440476190475
77766,54.2834677128427
62072,74.70417332667333
41773,33.26184072871573
45958,68.41767559523808
77573,58.07830357142858
69879,85.25475
64558,63.90240458152958
6066,62.548876984126984
13090,34.609206349206346
10820,42.77646897546898
20525,41.367880050505036
85640,43.698355158730166
91889,30.094634920634906
65708,28.096708291708293
68638,67.2318170995671
65599,80.60233195970694
1198,32.61418127705628
70433,50.85219642857143
96586,29.36811660561662
61710,71.03984020146518
80498,47.034567460317476
86292,41.1912417027417
71345,76.98816666666667
19385,35.96249206349206
47816,39.25613924963923
93116,71.33150793650795
79432,47.84361858076564
42171,63.15529563492062
17964,46.59801229326229
5441,56.4739938949939
41315,41.04394047619047
98036,55.826039682539665
100199,73.83333225108225
89867,36.225203574203576
87649,36.34655555555555
66159,58.41366702741705
45489,45.3674503968254
58984,61.068915598290594
15294,61.38787057387054
68721,76.59463296507415
64002,60.515159451659464
34626,45.059241744366744
10471,66.86071735209237
20726,42.1301768925519
81240,52.74547366522369
64872,38.53307696470196
76637,42.40079310966812
10874,77.57325
77313,51.90288690476193
68954,73.44697496947497
4274,68.98632936507937
69123,43.34079761904763
34283,34.93449889876205
50689,81.0
77850,61.835748321123326
8613,20.341642135642136
60142,45.529983821733815
55228,65.9040795929217
28792,71.95793974470229
86549,33.26410678210677
87185,47.25576785714286
46999,59.77609126984125
99279,84.8425
75823,76.60063095238097
42670,77.49087229437231
20870,42.17388888888887
44038,47.032932539682534
35593,45.822601911976896
93073,35.341043650793644
55934,55.88231547619048
8189,62.87543127705628
46949,25.352154040404034
69675,54.73617261904765
101022,43.200062118437124
24931,54.77568993506494
30742,50.62031349206347
53676,26.994879689754683
4697,71.68000145249488
59520,50.65941341991343
35738,55.3945548245614
27253,53.646896825396844
74221,66.37411904761905
100139,83.42940833333334
67370,65.3888367873956
74254,50.68078968253969
54794,81.28145833333333
99758,27.11782196969695
48632,58.88747222222221
54778,53.79537698412698
74669,63.679747835497835
72795,47.8239677128427
48550,40.8720119047619
47195,48.08151406926407
59991,30.643286616161607
102616,48.4996747835498
16715,47.92010786435788
42720,74.59865674603174
97037,77.39835812423875
48949,36.19663077200577
15709,43.55335497835497
6616,44.160912698412716
62594,54.639447204968945
54478,57.22472564935066
60932,53.8138269230769
24293,64.72109848484848
81442,30.779621031746018
94558,27.612400793650796
50993,67.5214701426025
30857,54.38232341269841
50740,34.77231493506495
25134,61.53231714119213
70379,33.250976190476194
42399,58.74559018759018
49520,55.344938492063456
86192,29.783740481740487
77400,53.581867063492055
86909,78.839
76415,65.61168777056275
39795,59.09213095238094
84974,46.55149512987011
71100,40.49433333333333
33431,72.62931439393938
94665,76.70667261904761
49269,68.38940079365075
31014,46.64551785714287
65624,59.4063115079365
27838,35.92667216117217
57072,56.082925865800874
67368,39.928380952380955
65722,51.70059523809523
97185,37.31592604617605
16869,45.31843290043292
22838,45.62974206349204
43683,45.47556746031745
10870,62.695142586580104
89981,65.74758116883118
79802,67.07913369963367
87469,72.24782142857144
100111,40.42512078199579
40551,46.82832503607506
56616,34.31654004329006
55974,65.68699209197234
27904,55.79788815789474
96940,75.54273809523811
12624,47.84286090298592
93894,52.37247574647575
28370,67.76880952380952
86471,62.64581857031855
71426,34.284250901875915
34120,42.034182539682554
75063,68.23404166666666
94685,38.165758980785306
35561,48.268586760461766
21688,53.13210714285715
18749,44.111295995671
18936,41.60011706349207
101331,65.7345117937618
3807,70.2722837301587
54420,50.904158730158734
2898,49.45376984126983
89440,40.38387852425352
38900,38.15460804473304
2289,61.75246031746031
86825,41.20514069264069
66727,42.54510714285712
94642,39.57534068709069
70131,49.98501244588745
51953,40.19934325396826
44962,58.57913564213562
39947,63.284884920634916
23452,83.44183333333335
54570,54.51722222222221
3920,48.25415277777778
16079,58.52581818181819
47821,76.54666666666668
43188,64.91902777777779
95220,78.59372222222223
14120,34.101540584415574
56893,73.37337698412699
47594,75.07144642857143
33095,49.52260714285714
72907,28.24588095238096
88358,69.97115575396825
102160,61.577791666666656
64981,36.488341269841264
7379,39.56560173160172
3996,34.700776154401154
59050,77.24666666666666
17303,65.47829761904762
75153,54.30522420634919
31427,51.165874819624825
2684,47.3142619047619
83233,46.84452308802308
13665,39.95141666666666
49712,72.30629459064328
57568,37.76885424297925
80283,39.410257936507946
52145,33.37927976190476
22814,51.146886904761914
62294,53.175248196248184
86475,35.42455050505052
71597,83.45686875820923
65774,23.116430555555553
82199,61.05255357142855
64607,59.37756944444445
15171,33.276270562770556
31595,49.015408730158725
92502,32.23953409090909
72541,46.007775703463196
2687,74.88844841269841
91773,62.27764556277054
49635,45.936696428571416
30716,55.894839285714276
19746,91.89416666666668
16754,76.91524525745258
39198,18.172982142857144
9610,77.12866666666667
9691,44.84076190476189
10223,67.34589285714286
22144,41.072936507936504
61231,41.09044642857146
95801,43.06952380952381
37459,68.70308333333334
11867,60.085576923076914
82983,50.01103968253969
65609,60.09343305305807
69316,73.76108333333333
14400,59.683976190476194
56874,33.179244408369435
76999,34.11216407203908
24738,59.217420634920636
68571,29.40324386724387
95863,36.79806944444444
51010,66.0
66847,44.00403914141413
17856,68.00524038461538
84171,44.539916666666656
48472,39.76145382395382
16986,49.262091269841264
30968,74.93516666666666
27101,63.4784761904762
14737,45.8401572871573
94425,68.58794811560986
38739,87.0
54138,53.83318650793651
66989,45.602339133089124
81275,72.87936339522547
17221,66.41975974025975
54990,49.50200541125541
12543,59.877123015873025
37783,28.611576298701287
97036,67.09522922502335
98577,46.340337481962486
90598,64.26773809523812
28800,57.660161630036626
41525,32.97267460317462
42960,74.85140873015872
15103,46.65549855699855
68072,57.54442857142856
44019,43.552568722943725
97626,64.40126785714287
55357,80.59163735417489
97832,33.618669533682684
89351,48.27075000000001
87422,68.8958115079365
98951,41.98795039682538
55608,48.36192658730159
58349,34.86924981962482
12514,59.27464105339105
57114,28.07854743867246
41003,46.39466865079365
48834,73.96051729228374
13919,58.99086904761907
90144,68.53058303624479
62646,37.138509920634924
60519,50.64504262975587
52033,71.8302023809524
94607,55.40719642857143
36112,59.52726190476191
69053,64.62538474025975
13699,44.886196067821054
46590,46.28564285714287
15572,40.20137301587303
40110,74.89377944836755
64828,49.63026064213564
91169,39.05217117604618
56591,53.42002777777779
11873,58.79912896825395
3889,72.77055357142858
56137,60.213668831168825
28232,78.95114285714286
34317,62.287880952380974
73800,38.034285173160164
66756,35.55017388167389
60470,24.76567352092354
15983,73.42891236622854
34573,38.622165584415576
99008,49.78319642857144
37894,68.83113888888889
56556,53.20043109668112
10790,56.11535984848487
102298,38.70231818181818
24425,66.60745073891627
12849,31.347171176046178
42518,44.1774503968254
87036,41.37726046176047
23898,36.078402472527465
12249,41.92566468253966
27797,61.92239087301586
3387,43.19332738095239
88621,48.73478643578642
81789,36.44089628427129
28121,41.422898088023096
37865,45.97022781385279
5920,51.58481547619048
27489,64.93273052021078
14259,50.517443362193355
56773,65.16715277777776
40704,70.9925976037851
40664,35.97350793650794
65799,76.30945238095238
100999,23.318771825396833
21942,68.80777631578948
27477,40.29750396825396
14461,62.37760714285716
65369,50.89727422577421
64848,47.16016468253967
71014,35.55708964646463
13484,50.210328102453104
83120,29.40500992063492
4948,47.12401190476191
21105,67.21617355275444
63895,37.32000000000001
78328,68.66108928571428
73162,43.9551496031746
22700,63.368926587301594
100211,33.0462003968254
81652,33.71595833333334
12711,54.934178571428575
64229,46.643278499278495
51477,40.452455988455995
41804,64.48930952380952
18825,50.290680555555554
68636,67.64165726817043
64894,33.333696428571415
90899,77.50571428571426
57873,38.115583333333326
80515,60.38223214285713
51298,67.47784361471861
36643,26.25444246031746
11657,37.25228571428571
38906,39.61688365800866
84677,67.46764087301587
9726,72.93532142857141
21374,33.731450396825394
32743,51.04704166666667
34897,46.14542063492064
30895,28.79719047619046
77632,55.949529761904756
29333,41.134468795093795
101326,32.69012698412698
59503,49.79244047619048
80514,53.367539502164526
46503,45.11048885836386
78757,22.71006403318903
33445,40.16476551226551
44035,28.979837301587292
4239,36.21422420634922
17341,37.20596825396825
24833,64.84944498556999
5233,35.79348611111111
82011,38.79808333333334
50869,39.301829365079385
66869,34.32538167388167
100048,59.18020598845597
22833,73.41156756756756
76993,36.856363095238095
53380,68.45482431457431
22140,30.363297924297935
41640,64.02587175324676
79937,72.79407142857143
15938,18.861336011211023
73512,38.44263492063493
56008,60.274461399711385
33306,30.015183261183264
4790,78.03786111111111
50766,65.67447619047617
93545,71.80221428571429
34205,43.64253661616162
71945,60.66500396825397
68472,56.28918073593073
100851,40.90836507936509
64192,31.538548881673897
33115,48.544812423687446
96639,34.95592857142858
65894,56.364071311858076
17897,36.47485515873016
38152,39.013168650793645
50214,34.67591407203907
77231,75.2389301378446
96374,42.80038293650793
51090,58.66112896825399
89522,66.48450793650794
13038,41.61148809523808
64374,58.59443634878192
18043,43.46468542568542
79765,54.75145580808083
53255,65.92999438714878
83276,38.935521825396826
85344,71.33013888888888
102538,80.00946825396824
72219,34.762723845598835
89660,53.637561507936525
82936,74.00038690476191
51239,71.0768119747899
27550,78.77083333333333
54782,47.25769736227823
61417,50.14434577922078
51035,63.24728174603174
16867,57.215966269841275
55200,76.75788095238094
27267,80.56216125541127
1704,62.71413156288157
49504,69.80959138655463
41095,45.92947573260076
47735,59.010728174603194
48796,30.2892234848485
4171,69.13970634920632
73271,43.389023809523806
71464,95.754375
30206,32.93427777777778
64354,58.057890037594
45057,77.98689393939394
56680,46.219526695526696
38701,70.26523565323566
49377,49.02688888888887
18096,81.08318235930734
87071,47.43764664502162
38753,56.487938492063485
32929,70.38524110611611
50231,53.66272907647906
93632,58.956047799422784
43532,65.56105326617825
34946,40.73019642857143
76541,62.19621428571428
22237,68.92883207070707
2360,66.71501623376625
51939,41.2731222943723
100384,76.8034642857143
4703,74.4825255183413
78680,73.11569647019647
89728,71.8685
1916,71.00165277777779
24951,40.17157124819627
92823,26.856748015873023
39213,54.15046121933623
49631,67.31896977124184
73179,40.00368253968254
87561,46.6012949134199
18344,48.99284054834054
84087,37.47316458541459
11581,69.83642857142858
54064,29.236333333333327
42015,52.596893800643805
22089,38.28791666666669
30501,39.91656439393938
1307,60.27089953102456
77978,66.11912139249642
38188,36.3824761904762
52876,74.68074206349206
49875,53.49045562770562
90947,67.01303846153847
21806,64.34851785714287
90404,42.99714186507936
7265,57.486509018759016
68517,74.57908807809406
4699,58.585813492063465
99187,26.790363095238103
43077,66.44989321789322
98508,44.18830158730159
19067,30.00652182539683
2872,59.27395681605979
3027,51.39403968253967
31745,26.681500180375174
90608,56.055588924963914
35139,39.35952976190476
83391,34.94578174603174
82962,40.659801587301594
71953,57.11013888888891
83118,48.54755753968252
68301,77.84326190476192
97163,72.87677173385983
3264,26.832061050061053
46816,91.29341666666667
50715,71.36840782828284
100018,32.887196969696966
7215,56.2163234126984
3759,64.19542597435618
35651,60.46487500000001
45695,46.91763690476192
5344,71.68734600122099
20855,66.66506944444444
4851,40.40508474858475
63688,21.825452089577094
102545,48.690888888888864
60595,56.18324007936507
76681,53.36275234487735
12640,73.6102894736842
94307,41.871314033189016
70284,45.7531346153846
24062,87.44697619047619
102585,30.09960642135643
2519,27.869517496392486
23239,56.586088383838394
101395,73.31782142857143
96755,43.25081944444443
91622,43.088370129870135
95272,46.60620634920634
24839,37.43573412698412
52846,45.03350122100121
81686,57.17946897546899
76598,54.07789285714287
54422,42.48036706349204
59183,66.08100793650794
39278,59.87204094516593
38783,69.79238369963369
12237,41.20978769841271
2384,62.52087103174602
88076,74.75848809523809
8546,45.00239880952382
27998,54.4326847041847
43106,67.71224711399712
86252,64.87571067821068
24052,39.459509920634915
64691,63.48961904761905
94231,63.869886724386724
40616,29.771843253968253
93078,58.64385624098123
15134,33.87138095238096
36904,58.03685475635477
54879,45.11946626984126
73388,44.347711399711415
79085,65.93740836940837
64902,37.47115710678212
11090,41.97510742035743
82811,36.48462824675324
23740,44.57257575757574
102062,39.98993437526525
9158,46.03592773892774
39937,28.775009920634922
24588,75.24543073593074
69108,31.135728354978337
79424,67.8933567821068
57327,62.492303571428586
96933,40.68602777777778
77117,41.392025072150055
44781,74.89171052631579
91011,71.98287362637362
6495,27.89413492063491
37214,70.09928769841271
5592,75.62758333333335
54433,26.49441919191919
102073,11.587557953484417
75058,75.0
4662,71.27962844611528
77537,77.0992103174603
31590,40.06422023809524
50243,52.486838564213556
48338,68.65163352007471
91231,34.33476028138526
19313,72.39483134920634
11138,66.02121212121212
70924,49.295839285714294
98497,45.581261904761895
35468,64.66593055555556
53218,59.08293506493507
39337,71.0067673160173
102469,50.332961219336205
87850,68.81160714285714
12528,40.72520833333333
35206,61.77336367880487
14722,45.221013888888905
44766,78.0
31421,99.82083333333333
41782,31.368567640692646
80981,21.341291930291927
30289,34.26651587301586
49488,29.058542027417047
19130,33.60416865079364
47110,59.90661309523811
60177,33.19481547619048
29334,73.76130266955266
97046,33.83469888444889
12217,34.96243326118324
96234,42.844251984126956
38089,51.850698315573325
2541,51.28632359307361
44784,51.197696428571426
57185,71.82767640692641
92244,21.678746933621934
90744,34.82927579365081
90946,78.6394761904762
61694,52.156065836940854
82197,30.951642135642132
91395,72.79483333333333
42170,81.0
30409,35.60098313492063
16187,62.95554166666667
30207,45.474410714285725
44090,56.506059523809526
20578,70.14453334410686
79900,48.403361111111096
27524,42.02422817460319
75082,37.14955357142859
88441,69.41916666666667
44175,67.97773863636364
54848,71.42419047619047
91912,67.55257215007214
11354,74.76637301587303
30374,38.057923687423674
102195,52.506548604173624
92209,71.69466666666666
9980,80.31791933243055
5140,40.24646248196247
53352,62.39764087301589
19304,47.17300306637809
97853,71.23801785714286
57420,37.26815459540458
37521,50.18299635087136
47966,72.30107936507937
37194,71.98763763575607
96896,30.40851984126984
61852,65.01186507936508
12126,65.7105918803419
70457,67.73532539682542
74223,59.914105158730166
53518,47.47051461038961
76926,56.89751598401598
64996,63.660938644688656
26776,74.18547023809525
55004,79.18989880952383
82408,57.55266865079364
101676,36.342523545898544
61123,73.96469642857143
37773,36.42684126984127
64460,34.41697150072151
41349,16.543106469918975
54108,66.68089953102454
59968,51.19632142857143
54974,49.116319444444464
66424,68.50350475341652
74346,36.851098484848485
14876,72.0270778110778
60222,45.572202380952376
20368,44.28856150793653
14952,60.46562973056357
23243,34.58532721007063
52115,45.00315476190476
89267,64.20513232600733
37093,67.72901785714288
64268,42.83273421717174
45913,85.875
25997,73.78400793650793
18358,74.02144907407407
33571,29.62556709956711
36738,35.363371212121216
74179,61.82225382542297
46363,43.45743632756131
97295,73.0257564102564
23993,70.67842765567765
7653,37.49710317460318
52416,63.2001755952381
33197,52.064652958152955
72185,50.69927777777779
17475,46.86131565656565
81505,46.75455891330892
37792,77.76258931428049
23634,64.60393253968253
49570,57.2148849206349
3969,66.15991071428572
45863,61.91970057720059
27520,53.270752525252526
42796,65.55468849206349
14086,44.71424953314659
58649,69.05474603174602
86806,68.79327380952381
15574,39.77773015873016
14203,72.864125
73016,67.27765195915195
16598,74.19897573953824
18109,49.144584706959684
58313,34.77148015873016
62822,49.60223719336218
68974,81.18525757575759
80722,32.771392676767654
78331,43.82687896825398
64470,72.1657354700039
29247,51.379191558441555
72233,81.07637301587302
86410,38.009528679653684
49824,63.9443729203803
99159,69.0069155011655
84485,45.19847528860029
45607,73.8448363997114
82142,30.60277633477633
40924,47.79696536796537
41322,55.543065476190485
25292,70.24454761904762
91069,50.611558982684
93057,43.353121031746035
17032,41.092607586857596
99693,65.49301041666666
22594,56.89802579365079
4978,38.826759920634906
75081,81.98464285714286
67914,97.67
36581,76.46183062770564
25861,57.94767735042735
92724,53.71077518315019
96432,65.47840638528137
41517,40.759513888888904
36126,44.503392857142856
62309,81.79009523809523
17624,50.862918831168834
21116,56.68920562770563
34922,55.97277609890111
12208,61.3279761904762
28832,61.49160317460317
17016,24.54551046176047
7310,39.56320833333335
85082,35.16854960317459
2213,58.23597041847042
87419,37.58389718614718
93151,39.72965125152625
31873,16.015215336134457
358,43.88409613997114
74708,37.05245977633478
8145,79.93814285714286
98075,61.1523695887446
30095,36.20985551948051
52813,38.93885714285714
95131,41.0353888888889
83324,43.21692063492063
100192,70.44259523809524
47198,34.78625901875901
28886,40.285509920634915
66560,74.66511403508771
3478,63.019045704295706
100082,23.29757341269842
62136,62.94574062049062
71307,40.06446532634034
71574,40.72766847041847
2145,34.536044372294384
11563,65.35609305971803
82910,47.76187500000001
34034,49.952404761904745
59364,35.72944246031746
70497,54.603795634920615
68746,72.67080804326396
38643,37.46810497835498
64752,30.959086760461755
6921,61.822678571428575
32938,72.41449404761906
58270,30.011915945165946
17938,45.435043650793666
12164,38.36719354256853
87001,45.42273214285714
78782,31.361877525252535
12274,57.8643134920635
81077,37.70927777777777
25393,51.24708838383839
52411,58.5899522005772
16274,45.09012103174603
25630,39.46074801587302
67888,74.63745238095237
80600,65.16394816123417
97265,66.84651948051946
25297,73.27033333333334
60774,49.6893115079365
84673,73.37944047619048
89792,38.545775308025306
62082,56.513412698412694
81428,42.09783134920636
49492,62.60098391662518
33291,75.44452976190476
34992,49.942061507936515
57912,40.679305555555565
61865,55.82805405705407
99804,51.282783730158755
11057,39.925127136752124
47204,54.235529761904765
89885,70.78975000000001
87076,40.966016955266944
943,52.14584956709959
74369,69.61253044871795
15414,40.41819715007214
95404,30.405121933621935
33461,67.67471807359308
63402,42.894184718059705
81723,44.23655402930403
43053,55.27552540515041
55195,69.61079563492063
12746,44.98728120490621
94544,32.866075036075024
85247,51.233887085137084
100220,65.15846725496723
7900,67.34865674603174
32392,43.0276150793651
11169,40.17587103174604
13102,46.34949476911976
52368,32.041483495671
20064,40.336869408369395
20738,54.69902455877458
90240,36.25403589466091
85051,57.121983835608845
102249,39.694023809523806
59420,62.634743506493535
46548,72.82949404761905
92297,38.711809523809535
48958,43.56159169996668
73975,53.996238095238084
41573,44.35516666666666
36349,51.09777579365077
95326,43.77516071428573
49985,38.20933730158731
22738,50.67906852869353
13236,67.64025191475193
94858,56.00462572150072
28944,56.515411796536775
87195,60.3686213924964
15201,59.93966504329006
42589,71.67047807017545
12600,33.569301448551435
38549,74.99448717948718
81512,26.049955086580077
66206,57.388851190476196
102360,71.46467532467531
35104,44.6515404040404
51140,54.675390873015886
5013,56.26420292207793
7337,53.4827261904762
64284,50.72062049062048
64727,49.23752940115442
47756,67.41740836940836
33070,52.38247623210125
36569,77.18006547619048
47071,44.754199328449324
54800,73.80093490624554
58212,76.95766025641026
43022,78.68676767676769
69421,52.122069444444435
33086,39.89601569264069
91813,71.67274852924854
36797,42.446101190476185
24721,36.10774801587302
70141,66.8638533966034
32016,54.5014586940837
29688,40.08874801587301
75626,34.41514682539681
60284,62.99614087301585
90294,31.248775793650793
2463,51.97016372516373
15838,80.994
73216,64.1107738095238
74092,60.35447673160174
46856,33.688567821067814
54628,69.54945833333333
50374,46.60324999999998
99670,50.84255357142857
35149,35.643187409812406
19447,56.96980158730159
39548,70.75658333333335
42810,31.655605158730157
51356,58.38141101953601
2174,27.58789484126985
53663,53.16380876068376
46593,62.286871475746494
7527,45.7948988095238
9952,34.122898809523825
94881,37.98600992063493
49729,49.22668732492996
85264,56.87994642857141
94299,45.57432792207793
26635,31.473728174603167
33,46.76380158730158
102087,45.271938131313135
56922,64.40380735930734
14261,38.31306998556998
32492,33.50905501443001
47924,57.39864844877343
83855,30.039031746031732
38997,58.84390151515151
31004,63.03928336940835
53715,62.456282467532475
18779,55.99897222222223
68805,28.347821428571432
3607,64.46080357142858
85932,72.88968956043955
95408,68.92383333333332
63684,47.622694749694745
80080,49.94220238095239
21032,46.373077741702765
73995,46.220323232323246
7356,55.968432720057734
72614,45.190976190476185
57290,69.14904365079364
90935,50.65384920634921
90116,47.87775505050506
50517,73.6616655844156
58374,39.08867207792208
97597,74.19607142857143
32204,64.08256547619048
15905,39.4329310966811
20882,77.05657629870132
38932,58.13495833333336
64114,54.67638419913419
78041,51.14286814574316
41313,43.714509199134206
33764,39.2749134199134
90716,48.7382380952381
88707,98.962
33615,74.50591313833226
23485,47.706077561327554
30891,44.05589484126984
64152,47.60673015873017
18340,60.58637157287157
73075,47.37374188311686
12258,77.39344047619046
47560,65.67397420634923
99674,59.90055537518038
18127,71.8867553688142
88409,64.43184920634921
54812,68.04399567099567
96927,32.03429112554113
89574,34.913072802197796
87869,41.4504761904762
71859,45.90471500721501
22,81.52977564102565
55262,58.137873015873026
5573,47.141718510290886
38010,73.36918055555554
82831,75.78270479297898
10407,31.55825198412697
32549,53.61886904761906
82681,38.48277561327559
76656,33.82807405747847
31147,41.329660173160185
6447,58.98568344155845
23122,67.08672564935064
50094,45.91186471861472
95732,66.5865233753175
46331,64.8148374819625
42737,64.93045995670997
3138,77.82683928571427
42550,67.67230812324928
8978,26.85362265512264
72584,27.235817460317463
30151,43.46690476190475
41825,36.44162193362192
3664,34.69208531746032
16551,44.220458333333326
27639,61.996180735930714
40790,77.0
81882,41.27860082972581
12603,29.176337301587292
12138,62.280111471861474
9603,62.475345598845614
81532,40.39357142857144
78255,60.608474969475
54391,60.840845959595946
10395,68.99512343358396
6384,79.23831619769119
38119,64.58301255976565
32653,55.04798264235764
32216,48.50611381673882
14508,44.37191176878676
51771,36.511113636363646
38720,40.455542388167395
97045,67.48188943980854
58253,47.95936688311689
71276,25.574301406926402
72837,71.79016666666668
36917,35.72356746031747
19731,35.20049206349208
4165,38.92185875562347
62710,59.92900396825397
52660,82.05693976393977
2752,19.351025030525026
96403,59.81625156787656
15379,37.478033730158735
95822,30.401556637806635
51151,25.75918452380953
21583,46.74426046176047
36985,41.528145021645024
76462,46.78062499999999
36661,15.391170274170275
90966,34.73134581909319
58140,42.25869444444445
42396,81.64066666666666
59203,28.619736111111102
69240,59.64680555555556
27134,44.608660353535335
78453,42.71295075757576
606,44.8481351010101
56479,38.49066865079365
92254,46.16317261904758
65847,56.110617948717945
100279,44.69542370129872
101654,57.0016957070707
4651,34.38654166666667
83364,72.69175396825398
29085,60.53042460317459
55269,22.875703463203475
78683,65.55090842490843
52867,53.03625252525255
39566,37.8722876984127
67152,68.90563852813852
96248,64.20646230158727
80642,75.68015476190477
33908,35.28179401154399
6930,38.08059920634921
43877,39.09034523809524
50545,62.56990873015873
21780,70.78216926129424
52180,52.78631746031746
535,36.6696838023088
34142,57.17525432900433
62634,36.563880230880216
22148,38.041991161616174
85583,68.9687339466089
26712,52.01127362914862
99973,40.49432052669554
15985,77.6937437663744
8241,36.91021626984127
19856,40.97197312409813
20598,49.94945725108226
67875,36.22490891053391
2428,25.3489126984127
23742,51.01325595238095
70761,69.38265873015874
83152,59.815692307692295
80757,31.07678841991342
95033,39.0018253968254
16943,72.10730555555556
101382,36.64921428571428
58635,43.23941432178932
85062,73.32568127705628
54736,40.540514069264056
7150,15.438203754578753
95317,45.17471085858585
3353,38.32686904761904
31165,39.4039678932179
5995,74.286
100148,36.07254365079365
92534,75.76071428571429
81232,53.042250180375184
75636,71.1022839007398
21765,32.09192200956937
92593,55.978382936507934
12724,66.86602579365079
39321,61.381355519480515
63870,37.03449801587301
25103,44.64872420634922
60735,47.055382936507925
3811,41.703936507936476
101524,54.18919642857142
60857,41.85783333333334
83882,42.671440836940846
32181,55.39414010989009
89813,44.52527028527029
79845,43.95495490620488
58446,34.08741520467836
7818,47.756486832611834
52314,32.523248015873016
36919,65.24437983091786
32160,68.02064430014433
38514,51.53441269841268
35066,40.91140476190478
90212,64.71839880952382
50930,27.095437409812426
62906,63.10003805916306
63958,70.4030892857143
24735,64.62668777056275
70666,60.330101190476206
97846,66.03102976190476
4177,78.26144047619046
28451,62.890037698412705
46615,68.64556944444445
58986,37.97813924963922
29297,75.33084523809525
15338,58.42798484848483
38313,42.131284992785005
87503,34.08362770562771
11934,41.52778883616383
73226,51.99239808802308
92870,28.093700577200575
21917,55.60081211843714
66060,54.86174801587302
31564,53.45531944444441
88126,39.032369588744594
85220,34.89868560606059
4636,28.42837499999999
73354,63.10471825396828
33368,40.949913419913415
62539,68.45497619047622
39013,69.22774496336997
62076,44.39864378676879
3466,30.296954545454547
61381,68.89995512820514
55960,61.8488353174603
13467,52.246714646464646
70495,74.36837781954887
77733,39.45613888888889
85049,37.20595869408369
79690,46.91480555555554
57134,67.04706349206349
43338,47.070258297258306
88068,63.97065386002884
35535,68.59703896103896
85054,85.875
37741,63.98158874458873
33752,35.12018416305918
3240,63.59703571428571
59829,77.99944444444445
33103,45.041243145743174
1643,39.65410858585858
99748,38.62716883116882
32903,68.04355348736232
46682,41.219882936507936
51633,73.75727832512317
84881,36.155777958152974
504,76.41778571428571
35315,50.894547619047614
42877,65.50890476190476
42965,97.53178571428572
16977,52.58058531746032
31642,37.86280104617605
14150,32.45206349206349
92991,40.398866702741685
55206,51.70313888888891
19879,65.61834902597403
57243,43.64191756854259
8619,35.203689393939385
43640,55.14380357142857
8846,75.99688827838827
48462,49.84016468253969
82131,70.85489015151516
61006,74.754875
83016,48.514928030303025
46172,58.4493353174603
77595,40.4990873015873
3276,43.983425144300135
94218,35.17382233044734
84903,92.65468012047872
37259,48.49819383394383
22260,69.73686075036076
60156,38.94411507936509
83107,47.15818353174603
4087,68.45469047619048
1954,49.276090336134445
14723,34.858718073593074
33405,62.021248015873034
30350,36.757189574314566
82833,36.94662968975468
1823,35.79243308080809
38846,32.09363492063491
6403,34.74098466810967
41786,62.02888095238098
33887,66.25050793650794
83098,46.69285191197692
9356,73.60050442612942
97974,85.39666666666668
80630,40.68581042568542
99074,83.31779761904761
15526,45.67974404761904
39545,32.73834325396825
88821,44.94682402502468
19457,80.93025
88988,36.17039790764791
20752,79.9197619047619
87029,49.46815873015874
22907,36.614819264069254
8038,53.835490079365066
98743,51.93496428571426
30803,51.321307539682536
11802,33.90242153679654
26661,43.73478030303031
66493,40.110651515151524
20267,43.73582539682539
45108,37.097273962148954
95593,75.53907142857142
5865,42.76369931457432
46410,35.85329761904761
45962,28.754706890331885
47610,63.722549783549795
90274,65.75880708623163
548,42.447333333333326
95671,75.32390873015875
34574,80.09427121489621
53408,75.94873214285714
96238,55.52052741702739
41561,78.37784523809523
1371,81.10524404761904
68995,50.467100163725156
96317,37.419089285714286
73309,44.2767435358759
70414,39.917378968253985
100995,48.52341269841271
50639,51.56956944444443
35012,55.187566919191916
24079,54.41382341269841
58309,42.801058080808076
83146,71.64054761904761
33899,55.32296847596845
92528,34.018809523809516
38104,63.03819642857142
83242,44.71793452380951
97952,59.65902380952382
33427,39.40135966810967
102292,35.353886141636146
28368,53.395043650793625
12157,53.6680992063492
42784,44.354186147186155
11156,67.9424246031746
51017,66.1044900793651
46569,72.73819444444445
35118,30.31400432900432
55518,44.5896565934066
85326,68.87671428571429
8816,48.30701641414143
50401,53.245965007215005
50856,65.61586471861472
92545,70.96628571428572
38973,72.99469047619047
95897,58.04765079365078
60736,62.1423164160401
50397,53.256107142857125
55571,43.51595111832612
32665,39.40623143523145
99293,80.50748856630211
29167,46.399050505050496
22742,27.590143398268406
90560,71.54988790253861
78369,36.88447691197691
99697,31.10247222222222
45224,72.27393055555557
86390,66.21441666666666
76809,72.26947745932227
89721,45.14305266955266
49255,65.42753282828284
44667,53.70460667110669
63507,44.36685317460317
85663,73.04530357142856
37757,64.47075396825397
75041,63.89545454545454
55024,40.66727182539683
13460,48.13437896825396
36983,74.60283535629748
46226,61.02449206349203
62545,46.261971230158714
101894,76.27866865079365
42634,46.02527182539683
99247,57.62611904761905
52690,81.31214285714286
54820,44.98814213564215
54502,78.99266666666668
84464,47.23072619047619
55937,35.30739896214897
40275,48.74181980519481
26549,10.717993506493507
27353,30.85008946608947
46719,64.55782836607838
1244,67.77501190476191
61253,72.14647961760461
10495,28.526769841269832
26422,54.36478769841269
44070,42.67979166666667
27694,52.45026821789322
18172,53.16278769841272
80736,73.224076007326
101054,54.141071969697
95258,72.65766880341882
13528,36.83893849206348
100452,30.540602272727277
60330,43.97389087301587
57624,68.96454975579977
96287,47.28882287157287
61844,71.72746825396827
15744,41.755931626423106
9277,52.094152597402584
9545,34.55153159340659
35721,70.46654743502113
13771,49.37458333333335
55694,31.69806150793652
3731,59.58233026695525
57448,84.93252380952379
49321,42.11762752525254
84327,42.75581836219337
86267,61.36727892940393
54825,32.18063831674862
29072,55.75878296703294
23786,77.65510592735592
71177,52.648047077922094
73617,76.52051143790851
97393,66.36293833943833
96246,48.53031782106782
21878,56.44240277777777
13025,47.779611374736376
54254,46.1702988816739
52049,72.6109391996892
73723,58.40808441558445
28782,76.11206944444444
22960,73.61689285714287
49558,48.20573088023089
19299,40.825386904761906
81579,30.425157051282046
87943,41.352850649350664
55467,31.937995310245313
9817,39.13350793650793
79023,50.93190139027637
23425,56.59677182539683
14863,65.90931457431456
72817,59.05654148629147
38423,63.649537878787875
25240,26.88850396825395
41411,30.909148088023098
28055,42.28533928571428
50251,51.55944642857142
20792,74.74541071428571
28470,39.208258297258304
43796,55.500927128427136
75215,36.62388113275614
10234,50.01526100288599
67713,48.36637698412698
89081,38.07575847763348
34284,49.19840223665224
21082,49.111658730158744
20422,24.441607864357852
97831,35.312794913419914
25136,29.599762445887432
47465,55.401201479076484
63517,55.78770111832611
52828,61.45899981962479
33842,62.35500054112555
15794,56.050609848484875
57728,46.905180014430016
101714,70.20919551282053
43321,76.43998809523809
21532,80.19352631578948
20676,52.7499880952381
77524,46.629225829725826
36023,59.039761904761896
4252,52.57658513708515
81750,30.46184523809524
21404,68.3486369047619
76924,61.01984884559885
21007,32.5853897907648
24350,73.56045480499891
84757,62.2662305194805
71137,56.926137445887456
64623,70.89422023809523
1026,33.60697512210011
37970,54.11590476190474
32298,73.10740476190476
1809,68.06057936507936
19540,63.62484035409034
11142,87.82257817300972
99885,24.19716107503606
21409,61.918699404761895
25700,79.5561947219447
10769,49.012025252525284
60730,37.164556024384964
93248,54.366077380952404
4497,39.397241341991354
87382,40.73438474025973
93992,81.07335101010102
50885,42.59405032467534
24923,54.397044108669085
52135,53.662511904761914
94643,46.86418740981241
79427,69.74292460317463
31631,41.688640873015856
17805,29.84269642857143
6981,63.85320238095238
13911,65.87031403318903
12269,33.248670634920636
82418,35.11573214285715
5051,46.067021825396836
227,57.35361255411257
39132,48.81309752747253
93960,26.231888888888893
73643,37.55315981240982
37817,37.15213888888889
60624,52.07514285714286
9184,40.675652569652556
47460,34.374603174603166
34256,38.745279040404036
34122,31.06030555555556
66446,43.66413293650794
5263,43.85408766233766
58722,47.12931547619048
22204,40.56928517316017
19360,56.19506908369408
90692,62.60688079975581
83962,47.708291666666675
49055,42.29874206349206
82064,77.831
62603,33.39455790043291
76023,69.69356746031744
1840,21.530242063492068
73957,57.22961652236652
49242,52.30935175282232
66548,77.4176822066822
24490,31.648047563547564
78952,43.91736020923522
44465,46.05677380952382
9468,27.46425595238096
42748,70.37265674603175
36503,34.80309992784993
38407,60.52629563492064
80522,71.6789246031746
81847,18.954436327561325
17497,45.50346735209235
61517,55.91121259296256
18254,43.23881654456653
59121,52.66319895382393
9332,56.68542676767679
41597,42.717166666666664
32574,54.41073953823956
50839,67.62741323953824
58664,57.576591269841266
64243,71.17875667388168
59325,47.78016666666667
3826,55.427652777777766
66073,56.48351858813701
91224,49.629460317460314
26097,36.29851713564212
18931,42.08735064935064
54648,39.114537698412704
48814,52.00558784271283
25529,61.47931349206349
15304,47.05329238816737
28222,32.1649735958486
65580,59.43337157287159
66126,69.5481423160173
82314,42.70307738095237
94063,61.18176692343604
64464,41.86362301587302
95395,62.97755586080587
19400,37.08193867243867
2941,62.950849567099574
39151,62.182384920634895
67168,49.13020833333332
1256,69.73362499999999
74548,56.65549855699855
96616,41.40771230158729
27448,66.72556944444445
67020,39.97994805194804
13079,58.479575004244126
20788,38.160777972027965
37691,43.722176587301576
100028,40.90734722222223
65162,66.03244913419913
16492,66.3726088980464
19906,36.68779779942278
60643,36.66430158730159
52946,63.55987685121898
88425,62.161132936507926
25623,30.173462301587293
20823,31.257630952380946
93029,62.159208735708724
66133,38.04109126984127
99151,49.212433621933606
97919,50.674845598845586
14442,41.77121338383839
23322,41.35328896103898
8702,42.19925595238095
12162,47.25158682983683
75910,59.46637896825398
82857,60.59402651515152
25831,30.208335317460318
97600,47.04336706349204
44970,64.57109372859682
88763,30.64037427849927
1335,53.27456060606059
5987,72.09935984848485
84098,50.768279914529906
98746,77.45598325358853
95959,75.56090999132446
22404,69.62597619047618
44816,55.739265873015874
24897,46.12879960317461
51426,44.1482380952381
12617,54.194952200577205
23654,67.97308333333334
48735,60.90963221500719
23130,33.119111737119084
58384,27.975940476190477
58917,78.44207371794873
16148,74.00343434343432
25844,68.77988492063491
54036,37.5776623931624
100778,35.920326479076486
91796,65.45439935064935
29331,85.32025595238093
23318,49.01530158730161
36304,36.6181874098124
48317,76.10996586746587
3669,43.79945057720058
96696,68.4272594537815
7226,41.081978243978234
57485,61.270148321123294
55264,28.517573232323247
80480,42.92534812409812
72979,76.25217261904761
32166,49.986066558441564
19660,56.95440476190473
76805,69.19782738095238
64303,67.13713275613276
57966,74.13926617826618
44615,54.148401334776345
44251,43.785734126984124
95857,59.91234752747252
23999,51.01689117826618
35796,56.59637968975469
88796,28.287709415584406
16418,51.352222222222196
94499,18.224722222222223
96022,34.928519841269825
37255,57.81561015373514
99453,45.459649101307186
41074,69.21364285714286
9981,50.530438492063524
24850,62.909795857651105
23673,36.25750054112555
8943,78.77135714285714
92684,63.49737896825397
83244,56.52089743589743
33949,55.25971901709402
713,59.98861273448772
100774,46.75584072871572
78115,50.05701955479162
12629,37.84597023809523
95307,54.8604787157287
72898,65.45582539682539
10134,40.20441504329006
35630,48.0257474747475
17911,51.41043885281385
86189,39.95062536075035
4791,55.157193722943695
72552,60.31710606060606
76515,47.50344751082252
50448,68.66533421317246
10239,53.306162698412706
7026,43.41723917748918
45817,54.3623520021645
8963,33.525873015873024
10859,83.40474256993008
19605,61.20844512432011
47509,62.90449007936509
27418,66.29225757575759
38544,70.89657142857145
94883,32.76762806637808
94014,45.82399801587303
79778,34.64580501443002
101362,38.760964285714294
53095,54.95280952380951
65760,54.16953661616162
62282,59.94753968253967
89247,67.98989935064935
6632,67.36756598548511
45385,57.624963203463224
73465,73.30357081807082
99455,46.74471121933621
66360,40.3141329087579
101589,57.888406288156276
17304,69.52171176046177
45960,59.049420634920665
18551,33.8627858946609
101645,64.2143134920635
45802,38.015217171717175
20521,67.31111706349208
58959,26.854380952380946
65045,55.101220238095244
72496,39.08026388888889
36402,68.00320238095237
25815,44.69891251803752
76702,70.66069276556776
84777,58.86496717171715
30356,62.84745995670993
65815,36.3827840909091
4147,64.81238492063491
28384,71.93971825396828
80942,58.42596626984128
41797,44.14993933120022
38925,41.646450396825394
4785,67.04004942279943
15536,38.08091269841271
66949,45.74709902597403
24614,38.25352976190476
35712,28.961271103896106
37917,35.00826787673112
62321,61.874377886002904
93731,73.50361417748918
18212,46.05254202741704
36296,77.11026190476191
95639,42.69939087301589
50423,48.29543323343325
13920,78.99292528566394
8458,24.176900793650784
51026,74.98357142857144
40103,82.93119047619047
832,93.95559487167839
69312,44.367701659451676
3261,64.8524761904762
58687,37.21907503607504
31480,48.078414862914876
26949,41.16057738095239
20143,59.04177579365076
11805,60.32671626984129
16149,68.07318571297984
15022,66.48513888888886
94814,61.016083333333334
6389,78.14453205128206
75196,32.9811182844933
80169,60.49015766178266
95553,74.74473773448773
46798,54.925216269841265
100177,42.29628968253968
86560,80.44891666666666
64830,55.94166865079367
44056,59.72248214285713
39231,64.749329004329
30613,46.864325126262614
18322,41.677718253968266
33215,51.16486760461762
79783,65.21920797258299
9577,49.67806493506495
90940,37.54861417748917
101547,63.670784722222216
61111,52.91951441102756
13640,62.73813128538131
79012,55.134960317460326
72937,52.96673214285715
66743,80.0813531746032
77405,23.78300126262627
7174,61.51948971861473
44569,72.79983333333334
84144,65.56446786791638
1818,55.73131132756131
8148,46.60843376068376
41916,43.49893650793652
93659,77.31828228917877
96957,46.83124080086581
43839,67.08566666666667
38048,67.90539285714287
58629,40.88841973304472
89380,49.064063131313134
79860,67.53016666666667
22125,51.44517478354978
46845,48.555242063492045
15872,44.189438131313125
61708,62.31138257575759
51916,74.18006428571428
11968,78.75699783549783
4961,74.28516071428571
8549,32.164411255411245
34309,39.2744467893218
31457,48.926516955266955
8050,63.61455599608724
59488,80.90017857142855
65896,72.59612204462204
71621,44.73866450216449
13842,42.70371789321789
84004,44.205475968475966
5675,52.037
92075,61.2076746031746
23801,27.127269841269836
87611,74.11744642857143
11868,41.220872655122655
27411,46.6362534271284
100809,40.874972222222226
1068,46.49435876623377
86021,56.30211660561659
97705,81.91896428571427
84822,76.54033652729385
102058,42.90788979076478
32295,38.23043488455989
19214,48.52062499999997
8822,35.004077380952396
68006,27.35507142857143
45670,32.63819895382395
41815,36.25758567821069
27702,73.52222023809523
48091,76.98285714285714
68025,58.373544733044724
98685,51.512738428238414
26867,39.94711002886003
33130,36.277783730158724
93033,34.17670039682539
28409,42.36310732323233
97750,49.68417063492062
32716,32.333343434343426
88377,38.58265674603173
87899,38.39380772005773
45390,63.34837698412701
55993,56.99388077200576
81905,36.518422619047634
48403,66.1743415942932
39541,55.80592597680099
3997,40.33040476190476
50599,65.80179978354978
48078,67.56798412698411
100602,75.93816341991342
79666,42.36364213564214
37611,39.973876443001465
15231,76.67262075050138
51276,62.970979548229565
12973,42.538753607503615
23188,79.945
88061,50.236797258297244
55130,80.39537012987013
55029,32.71085714285715
23885,64.65098160866911
68066,38.31095436507936
75352,36.85442839105337
48058,44.076880952380954
50288,59.881896825396844
50879,63.63230483405485
15714,46.49061507936508
18869,64.47966565379068
98165,80.53966666666668
58070,45.355873015873
93199,51.68433430458431
37434,63.96784776334776
83089,29.164621392496386
98898,47.01835714285714
45632,59.364386002885986
8348,73.41888582251084
21419,65.7481730311217
26342,49.3327123015873
101405,44.301152346836176
91794,61.26500595238095
18112,57.47991956654457
86497,64.48050865800865
64676,55.59726298701299
49766,42.40540674603174
73683,33.50476893939396
101532,48.6317368187368
90631,50.874333513708514
78107,71.58240476190475
71710,36.4920615079365
97293,54.702721861471844
17230,46.38226512376513
50706,61.39181150793651
89841,73.99888888888889
95973,42.6826158008658
70727,40.78394841269842
17213,64.70155952380951
10103,59.54564538239536
87160,79.91809523809523
101950,34.92045436507937
28995,70.30929761904761
23888,28.71918650793651
71797,62.370959595959576
82355,41.431471139971144
60656,54.28652651515149
32581,63.51483207070708
37879,71.9804761904762
69658,62.43817918192919
8183,74.29540628815629
11976,50.91907936507938
7559,33.06579563492065
53556,63.17411904761906
81860,52.74291468253969
27939,36.917458333333336
59102,74.62091666666667
85000,63.94906391638976
80083,80.76591666666667
48713,53.69882395382396
1547,48.33258134920635
90629,75.25262698412698
65375,31.86627597402598
98539,63.66783333333333
26284,44.92624206349205
42153,73.19436309523809
5816,57.51882102619602
38103,71.35461904761904
84028,40.29600992063493
95015,73.77954395604397
39210,27.347951479076492
63007,81.75479761904761
13942,63.05033730158728
36862,50.642224206349184
52995,30.87132936507935
40798,51.397748015873006
6557,39.64541865079365
74693,54.4378511904762
24647,28.88765674603175
86333,62.05819139194142
55501,58.197733363858354
84789,42.36858134920632
795,20.3375073953824
41802,47.00853914141413
30922,57.81819880952381
51199,54.49838257575756
58981,72.11779385964911
73301,30.139918109668105
28843,71.18497115384615
12708,57.75329635642133
45805,63.52364574314575
25363,65.07235497835498
86391,30.9023039044289
94675,39.45898015873015
59424,45.813036075036074
4272,65.32099161255411
50931,29.067444139194148
112,62.64358427318295
49678,60.46701388888891
31857,79.73058333333333
20110,34.31274239241152
33573,30.48031771006773
90863,47.64585119047617
56502,76.07986943164362
36055,41.78537265512266
71546,72.5864007936508
6076,53.22939285714288
7025,35.49892261904762
90432,39.024898809523805
13864,55.44255753968254
64556,51.150989538239536
90548,42.62544805194807
350,21.70313385225885
12738,59.57153300865798
88832,58.35302886002885
31146,61.33876316738817
47481,69.39997420634921
5810,78.52111538461538
21177,77.43506547619049
87966,78.27933928571429
59742,54.957769841269865
74272,43.08442821067822
7429,39.73221626984127
20284,77.72752976190475
15211,42.423253968253945
98473,65.37797817460317
77394,20.13797474747475
49257,41.979341269841285
36212,54.625998015873
78848,35.89530753968252
7287,63.30387353169706
32807,54.38827380952382
87508,63.6807840909091
93358,74.9286754385965
10259,47.54798412698412
40129,40.26718253968254
99653,73.00061339522546
65796,51.423494588744596
72210,31.585229242979253
27423,59.214222222222226
32256,42.44223917748917
25098,76.01324305555556
42753,51.88511814574313
26749,81.79008333333334
64771,72.62641666666667
21054,79.78543650793651
100294,77.0
14504,40.59479761904761
41110,26.542962301587313
58154,64.48753174603175
33915,68.05462500000003
61256,67.23754971417473
75526,45.29143849206349
34557,63.53622738095239
14041,35.58957341269841
65754,61.899333333333345
43381,30.727505772005774
20025,34.388455891330885
99300,84.71776984126986
56990,30.761645021645027
61610,74.12517857142858
74812,33.237749639249635
27894,36.857476370851366
19843,38.266031746031764
49214,59.75899675324676
51076,51.390827380952366
93758,59.88943127705629
11739,42.96370039682542
32357,43.13799206349206
40542,34.660204365079366
45456,63.33776587301586
89393,72.807
96386,50.29609613997115
20885,44.8674604978355
58132,60.943038239538254
43025,69.78197997835497
40583,40.48180555555555
22612,38.06468831168832
56118,81.96073076923076
66700,56.70023547505125
60847,69.27138888888891
71114,55.90640945165947
52246,61.43687903762905
82508,49.007551587301585
1944,50.277832972583
11299,11.465819444444449
29702,47.07489939925485
44885,73.33497095959596
51459,71.86364468864468
3081,31.552485750360738
80360,20.323784812409816
27098,80.5095476190476
15138,64.55419444444442
38764,26.18501190476189
86150,57.94266233766235
53619,49.322255952380935
71007,81.63231385281385
56318,42.51273665223666
93542,47.50063095238093
43805,34.16701587301587
53500,54.95333134920636
62161,30.29583044733045
6476,53.49602777777779
16436,32.23339285714286
83074,54.50561201298704
45273,62.15289935064934
13030,38.78453643578643
6424,64.08842187387775
9835,77.57902976190476
64742,53.836077903091045
57834,80.60532142857143
18374,36.658972222222225
49744,80.3951369047619
7880,41.81936507936507
20287,10.685166666666664
33189,54.13893413530911
81040,43.37018867243867
4600,54.57360378510381
66962,74.67712824675326
102490,46.94740752449306
89086,9.707617063492062
35081,48.19684325396825
70566,62.99920214507714
38097,24.95094444444443
52678,72.87936339522547
95998,100.0
97399,26.568121572871572
90125,61.80923707542457
54621,37.84844227994229
83182,50.287595959595954
29035,68.44601648351647
82925,67.75406166056166
17166,74.01881367243867
13923,79.74920238095237
85807,71.97166666666666
67031,66.30709126984128
43924,71.05525939849623
89822,54.19349404761907
79903,63.950267857142855
75083,31.664017857142852
64937,68.77508333333333
89511,66.16695021645022
23245,57.410040043290046
56915,79.65005012531329
59812,33.49230519480518
78379,27.520636002886008
43976,68.86952380952381
39140,43.36172023809524
59937,73.17282936507934
4011,58.759626824413964
7180,41.40422817460317
26102,49.06955753968253
27281,37.68496590909089
93691,65.10230357142858
63708,35.591611111111106
53119,42.00322673160173
50698,74.34837499999999
95227,33.43102777777778
7239,37.22112486124985
21872,57.709220238095234
58763,70.478358974359
16361,24.065873015873027
9680,53.78815684315684
79303,71.29713965201468
57177,38.56785515873016
88698,78.27221428571428
99620,55.148613122988124
65455,53.950283730158716
96140,75.07109126984126
84501,45.92386994949496
33045,39.54130934343434
63478,73.37705952380954
4963,47.515061507936515
39167,74.74870634920636
73963,47.539226190476185
83257,68.26065422077924
80655,68.12344642857143
23992,70.87955555555556
95885,62.38063095238096
24064,43.816193001443
73743,46.929924603174605
62418,58.58329051504051
10372,57.051617063492074
175,39.11103174603174
66357,31.13002705627707
38358,68.27827060439562
7120,41.261016774891786
64796,58.574859359938294
77289,47.01450468975467
78638,39.36552579365079
60182,60.90566594516593
38123,77.50892857142857
100475,45.21036255411255
23693,78.97833333333332
72921,52.76823412698413
540,70.05263311688313
5319,62.269077380952396
50138,23.788223665223654
77582,44.207326479076464
85342,39.10130266955267
99850,43.24818686868688
25962,46.36464015151515
5581,72.65365488677988
70864,65.49458104395603
68164,45.41264484126983
15720,65.32330194805192
54671,41.75950252525252
72754,48.466133907758895
12117,35.28233169608169
32163,37.95105555555554
6936,32.79417604617605
101567,66.8613907889496
45748,47.141930555555575
42240,59.40034140777522
44668,71.50000915750914
76828,41.554531746031735
98763,76.78625
52010,30.779476190476206
83884,48.120338904151424
61552,67.22215476190476
28081,53.704804017619814
83332,44.5150119047619
80854,47.29023626373626
89906,74.40654166666667
10148,54.59696924603175
33118,77.57167424242424
18591,74.99833333333333
13697,64.41458658008658
84761,62.24379834054835
35159,37.89669961982462
12154,49.370525793650785
86295,80.69030757895328
8244,49.971242063492035
65417,57.124589826839845
95869,63.55707016594516
51226,38.633821428571444
69584,62.27177380952381
59680,30.603814574314583
76799,87.95357142857144
12286,46.36171248196247
27767,49.834366161616174
55090,62.36155654761906
10187,55.27068781218781
88521,54.78287196545284
38725,70.4424642857143
102484,46.255967227217226
15854,48.68404960317459
7922,48.053639790764784
51723,71.33079653679654
23298,67.40802543290044
52187,46.137100427350425
43237,82.63322222222223
82809,40.275164682539675
37014,31.476864538239532
7188,43.24457539682538
101525,78.09850396825397
7717,62.70731944444446
46357,50.092375180375186
45164,80.92555357142857
86695,49.47711002886002
52496,24.497089285714278
67887,41.655327741702756
70215,34.78530717893218
85837,37.25031547619048
80003,53.4376976911977
84894,38.84534829059829
1728,67.71633333333332
81257,63.71531593406593
75997,47.92181299256299
22183,52.54525946275946
72287,35.30255591630592
3392,36.45043849206349
46054,38.744968253968274
79063,61.52507900432901
45291,37.28023556998557
93343,68.61710424297924
54509,76.53099404761906
42060,64.47223232323233
61413,71.32250613275613
64682,51.071909632034604
86580,57.32492813640607
32798,57.18880555555554
21536,53.348407772782764
47912,70.7438965201465
18592,61.08584722222225
69095,64.58301115795969
16648,48.90201984126983
12735,74.83641233766234
30886,69.19066865079368
21260,67.85714826839826
50059,59.98803571428571
75890,66.55359746625923
2581,70.39485343047474
7131,36.55730555555555
60943,29.79015873015872
43687,73.12816025641025
79545,38.26639484126985
102156,74.70100917940819
2546,69.34515695701359
1797,41.027210317460316
52765,39.587726190476175
99897,50.1775518207283
46475,43.444005647130645
50518,60.36450595238092
26467,71.34149242424242
24504,40.53085515873015
13399,77.29540476190476
14490,48.599015567765555
55185,74.76652777777778
64628,63.97539610389612
55848,47.45400198412696
70500,40.459262774806895
89259,25.421820165945167
9199,48.72825793650794
86958,46.06108567821066
101593,45.59583170995673
53366,62.896910714285696
74140,41.81344931457432
40154,59.91695891330891
86402,42.11196825396825
79569,50.090311507936505
98314,70.38158351370852
101813,34.76237860750362
69843,73.13335010822512
22226,32.78058369408369
92710,48.809062409812405
90588,76.19623854194585
14329,54.79759794372295
91408,44.47566666666667
22111,74.25506944444443
29669,43.35024404761904
20235,50.28167261904762
35108,67.5778010037348
4815,47.68957790309105
41630,43.84632539682537
9212,60.361501984126974
11535,45.499764194139196
41205,54.08119841269844
22680,42.78975919913419
58710,50.39463906926407
94436,35.114969516594535
9062,85.38226190476189
12230,78.51590909090909
34374,51.767720238095265
96845,39.62486778499278
88075,33.073226190476205
71981,69.99621031746032
34936,51.501007936507925
53611,68.9996875
26275,68.54754870129871
102027,52.27149206349205
78121,29.52111327561327
3673,57.286436507936486
16803,49.180913059163046
43081,43.043748015873014
93755,59.452749999999995
56480,66.214806998557
19547,62.66889971139972
15930,43.26419642857144
54896,39.25634126984127
75710,69.00004960317462
29811,44.35396626984129
21291,37.48380952380954
19493,50.585562409812425
45311,32.052119047619044
82812,32.633809523809525
75672,70.8341836080586
35216,44.954476787101804
72172,34.92902561327561
97993,75.789326007326
96460,71.92102655677657
89863,40.67987031024532
65264,65.0978630952381
75977,28.975525432900422
30354,77.42398582986647
39796,64.87
55366,33.85229166666666
6992,78.00166666666667
82777,37.504223484848495
22303,64.94976785714285
44489,65.32839618877854
65027,44.82181493506494
48926,46.95086507936509
18403,41.88683928571429
99011,79.00571428571429
59819,41.75059632034632
4831,61.871081349206335
2954,61.31225885225885
21393,57.99978846153846
60000,61.357143800643804
13290,28.12077867965369
64435,43.13249729437228
14304,73.48225000000001
79006,48.58296626984128
7580,48.6570955988456
22524,42.030876984126984
41451,38.98255862193363
34007,71.57568861693859
29285,75.40125824175824
29622,68.20327182539683
55036,59.80319246031749
60309,44.19502380952381
92488,73.55706944444444
72031,47.19652777777779
76647,64.05432539682539
86645,35.40567135642135
4337,51.868668831168826
35400,46.55816468253969
99727,36.291823565323575
90277,63.10164682539683
83153,44.48348214285715
56764,35.98691612554112
59823,52.83390548340548
6552,63.82653174603175
56288,46.48667490842491
39578,38.6822857142857
86717,69.24500396825398
78904,42.79457323232323
70067,54.32601587301587
99486,66.6440982142857
99112,57.941087301587295
48409,24.687874805749797
35038,46.19557699245197
13323,64.9503373015873
27808,33.757285714285715
76138,68.99944444444445
55429,44.82167658730159
80835,52.381935966810964
93892,40.92566323953824
7724,33.9119778971029
96090,70.92459523809524
52554,74.93632142857143
71243,25.04520240217299
23040,45.0474000721501
23941,68.98555555555555
58327,33.589388888888905
88047,34.61827777777778
6975,69.26301984126984
15074,45.41123412698415
17277,39.102890318015305
91602,68.94064484126983
68055,55.618450396825395
78970,37.92229123279125
29204,33.6738878066378
83497,44.22408279220779
6920,68.66891025641026
83823,56.03529852092352
12967,27.163685966810966
102214,55.588158341658335
77752,67.90380591630593
58444,55.4716726190476
72401,68.06384539072037
24964,77.88971078431372
8834,51.07346807359308
16476,35.28456691919191
31251,51.76523863636365
48943,65.89298268398268
8287,67.2041887793579
44510,55.73507341269842
101112,50.48449404761905
13912,37.28504040404041
84457,66.53270833333333
100562,30.941684163059172
54185,59.288597943722955
51016,68.6996011904762
41442,67.061373015873
71538,36.99213095238097
49057,56.98080122655123
29616,66.90642424242425
51736,61.72981746031749
89423,38.32467857142857
67104,53.561263888888874
64762,73.1368869047619
62091,62.641356782106776
67569,64.17867694805196
69773,28.708273809523806
59779,31.99103571428572
100527,42.30622402597402
11109,74.24517857142855
4731,44.98893452380951
78822,80.56339278088898
66056,75.86844047619049
90131,39.77340025252526
69917,44.21344300144298
85979,44.67004202741704
93401,34.72257395382397
94920,87.79958333333332
83761,28.25181854256855
7911,34.206774891774906
80689,53.74045382395383
56422,74.96432692307692
1979,38.42469246031746
82229,42.91680555555555
100801,43.567267316017315
98068,44.22399340936841
99646,67.82709090909091
3685,43.039637423034485
1323,50.17343722943722
73977,59.32296230158729
85071,52.980085317460315
55425,31.422023268398274
30418,37.157384920634925
94049,74.96420665445666
55055,54.18151406926405
1551,39.64637950937953
82845,54.74664682539682
31697,47.343071969696965
49939,74.99329166666668
65089,60.991672619047634
74325,55.31125000000001
41244,58.81110081073897
35683,68.65299999999999
8957,66.62926587301587
54272,32.23637667887667
70557,37.05178174603175
80833,69.84926785714283
54653,34.93110533910534
102347,32.247606601731604
43947,77.52608565127682
32625,28.94564808802309
3857,67.00514718614718
6035,30.576624972249974
27496,49.69715999278499
49065,43.217613095238114
70234,47.83718055555554
34748,59.985574314574315
36498,58.59961721611721
81292,51.518911796536806
39295,49.34948737373739
70787,36.4077242063492
74686,43.55239484126982
68044,85.68495833333333
40918,72.83423809523809
85018,44.389232864357865
29138,61.896694444444464
37553,71.94262896825398
40148,43.43385533910535
67256,42.09844606782107
84048,45.49321932234433
23682,68.22053517316016
88019,72.63084595959596
88886,54.84049711399709
2744,76.16686197976
93205,66.3485340909091
40958,57.59448575036075
74703,68.42014880952382
11159,50.13407936507935
64475,44.45177344877344
2558,61.13769787157289
60040,80.99888888888889
82674,50.84352182539683
3339,67.75029671717171
84292,75.63528678266178
36488,46.101224386724404
88954,25.666480593752652
101131,16.487658730158742
26006,61.36498611111112
28469,75.13141160820959
10237,41.80141829004327
82266,66.70911616161617
21610,72.00129464285713
31320,69.61478670634921
89339,37.82859920634921
4075,81.99131818181817
97525,44.353940476190495
47953,76.58917261904762
83850,54.27883228291317
87465,65.45512301587301
6357,82.55166550878316
81555,34.197254870129875
15436,52.4397031024531
53507,40.340849206349205
3891,32.55330086580086
8692,79.43039393939394
22009,79.19279166666666
11777,63.57363173558896
39014,71.84236187423687
64522,35.42484422521923
49153,70.33426938339439
84819,58.681956890331875
59948,18.945848137973133
54901,78.19418398268398
54051,55.8560892857143
29464,70.29601587301586
95883,45.670773809523816
82891,47.035146825396815
42864,61.520418650793665
55742,51.32899999999998
10803,55.773835317460325
62398,41.93388924963924
38080,57.90103281440783
89954,42.87965800865802
70993,69.18516666666666
71391,38.64572420634919
6837,48.88303445165945
93246,57.94742532467533
45083,58.512016955266944
14220,74.68440476190476
98326,70.36117322954823
7056,85.70700000000001
16186,48.3867563131313
21318,34.38422041847042
52454,83.33271825396824
94729,37.09911111111112
69269,44.56431868131868
52729,44.89786002886004
15677,81.99916666666668
42272,69.89175407435702
48389,38.560983225108224
74285,36.257464285714285
82323,31.148512626262626
40338,72.09861904761905
7742,40.80028914141415
16914,43.406776875901876
77910,59.207438492063474
6042,45.587836309523794
36323,58.148644300144305
96323,44.874108377733364
60904,41.54310119047619
86135,45.51010371572871
42141,68.56096031746033
49123,45.94686904761904
64049,57.107921176046176
90755,31.106670274170284
27002,81.14646230158729
71145,50.10085085094644
39946,50.86617875180374
40817,67.20406547619048
586,35.769651154401146
59547,53.10656021756021
61935,30.850050324675337
18195,50.20346230158729
79546,57.643270202020204
75302,61.03232981601732
37938,44.19689808802308
37336,71.38130357142855
62951,28.18042875180376
75643,67.96340277777779
53006,58.261545274170274
40939,41.26799007936509
32488,44.83345256132757
8071,65.58102976190476
62718,42.46646626984127
9631,41.84034523809524
10333,34.51201785714286
33388,24.506906385281383
72788,48.452031746031736
98609,44.48788293650792
33870,67.8492435897436
89199,48.580196275946264
8829,46.7609944083694
81471,54.44071352258853
51006,74.62541666666667
5851,72.03780701754386
88835,27.934085317460315
57802,27.429542207792203
15870,34.28296825396824
64086,54.07719101731601
64770,54.804803571428565
25469,34.25778846153847
2473,54.03912445887445
101293,66.65026796157058
11779,49.43395039682539
90194,72.400567002442
91972,35.25005519480519
53327,67.80632341269842
41363,32.57520995670995
58524,42.56751785714286
7345,63.53716368353869
57828,64.50620238095237
58613,60.339768009768
53381,34.76110028860029
88183,64.03341666666667
15916,68.26905194805195
92259,42.97604635642136
76222,64.85634325396823
85620,30.590837301587314
33890,47.58719215506714
55041,40.53730194805195
92227,65.33082142857141
41583,48.44485912698411
89269,79.10671031746033
13103,74.72751082809893
7349,56.964843253968226
90934,57.724557539682536
54658,46.45283928571429
73153,53.50572727272727
74948,35.301100373482726
93871,69.28904310966811
1369,78.69675000000001
16902,52.42817316017317
35658,63.87782999967867
50521,40.209234307359296
48154,51.77651602564103
61,32.21191594516594
46759,61.29146807359306
50732,78.90412698412699
69928,81.64624007936509
17480,66.60344372294372
73754,64.84492803030304
97228,56.4649210927961
21268,69.33784126984126
20371,60.472333333333324
90145,49.37131150793652
63792,74.01657142857144
76114,39.89848229548229
70899,11.729499999999998
46122,46.74000234487737
101357,62.151470238095264
102447,30.41732233044731
58566,49.82278258145363
25022,58.16678445165944
23581,68.12230808080808
60329,69.96036518546812
74867,63.99344354256853
88612,76.97162280701755
78620,63.21447817460318
80128,48.89019642857144
73218,37.88328174603173
14102,50.28225505050502
6551,39.03178769841269
21272,26.968607142857145
102589,59.934977217227214
51658,60.82615811965814
23025,36.24826388888889
19607,41.66398305860805
37004,26.70309126984127
3098,47.75987896825398
29382,69.51108333333335
24348,78.4802142857143
20895,51.4930856990232
50336,63.44857647907648
79657,40.25661327561327
11326,41.748739177489185
76758,42.95884848484849
50340,47.30678571428571
41069,69.09382936507936
12557,68.5715292397661
24105,46.97217694805197
36927,43.42512788600289
66436,36.03542045454548
50053,73.02074999999999
58618,71.26484722222222
49299,51.09313598901099
80121,54.18547835497835
34851,57.085923350041774
76112,45.398505508380495
17181,65.47480104617603
24122,65.29964072039074
58503,33.26098322510822
3313,51.58802020202018
99557,46.172970598845595
57176,44.0304044011544
65223,60.78044431956931
30448,40.364635822510834
57878,39.87660642135642
57543,74.10522619047619
8142,49.16642063492061
60034,79.12193235930737
94547,62.75193506493507
12662,51.69553174603169
4110,79.91555388471177
85201,37.83683639971141
41533,31.710417568542567
83141,38.1597242063492
47189,29.394684704184698
1626,29.06783676046176
16163,51.54307882395381
98529,37.9595
78898,60.169744047619034
64960,54.764886904761894
22929,68.16483694083695
43267,57.65725793650793
16767,56.85672006465756
74645,42.94419967532468
26802,75.59202597402597
1448,40.044141774891784
71962,66.97481150793652
1429,44.69801251526252
5651,69.64487912087912
39574,41.31085232822733
94981,36.03187500000001
77448,36.519238095238094
2159,44.706448232323226
57617,34.542222527472525
1553,76.68367676767679
93685,52.689683080808074
53806,48.719320818478906
51660,59.43695003607506
36520,39.91652272727272
21405,30.88882413419913
50634,39.25675869963368
87031,67.63725595238094
72462,48.482908730158734
81226,43.06078571428572
51021,35.63970634920635
24477,39.46472222222224
38296,70.87988450292397
31554,72.35968398268398
101928,39.16626785714285
76417,26.94777994227994
97972,38.70995238095237
56081,43.645904942279934
45157,49.626928751803746
41918,29.844404761904762
23892,42.346843975468985
64686,42.01222123015872
57986,52.09589285714285
44241,45.59442658730158
30924,74.79564285714285
100994,73.93558333333334
58036,81.51194805194805
82451,64.28171067821066
1029,37.43038095238096
60481,38.38103373015873
57144,50.73711904761903
44198,82.975
69361,57.076363095238094
74754,73.70000396825398
55601,40.193390873015886
94186,61.11935156510157
60130,29.406531746031728
21023,52.89983928571431
79293,59.2925229076479
90756,21.219974206349196
64277,50.056861111111104
71774,51.027408730158704
99846,69.07369733044733
84840,56.75214087301587
10829,47.863519841269856
70041,69.91655357142858
36915,37.55869660894661
68035,49.799388528138536
45714,80.94
73503,62.039517135642136
21899,58.98645099345099
54162,44.60131944444444
24715,55.10820616883117
6974,34.50704383116883
78544,71.7753547008547
60580,38.17161291486291
46421,38.575158369408385
64741,73.15346399923607
20949,30.66641197691198
87351,39.02671230158729
14543,62.37602110389609
78884,57.471474206349214
86479,50.63417063492065
62317,65.39628781866283
14698,81.10918055555554
72062,76.99833333333333
67435,73.64940476190478
32590,66.93760714285715
11262,31.485320734820725
58328,81.14529761904761
60119,32.21257106782107
15030,46.923229076479075
64383,56.19049984737484
2456,85.99799999999999
8121,56.868111111111126
75186,37.58182466583124
5477,30.296913961038957
61362,61.34274603174601
35816,45.909662990196075
20433,33.453398809523804
68940,44.22952380952383
24143,38.403133255633264
62574,78.84675000000001
12046,66.39824567099566
37130,52.393375000000006
88869,71.79104365079364
46252,65.28172041847041
27079,34.78752290764792
55483,46.031126984126985
57849,68.81209199134197
74963,35.662656926406925
100940,45.18382539682541
12476,71.56211507936509
36377,54.85613095238095
77498,38.50261309523808
101724,77.51370833333334
14692,72.89747619047621
54765,69.16581349206348
62886,49.34964664502165
341,44.092886544011535
73086,43.07337373737375
84484,69.52162806637807
19013,47.760489718614714
48819,44.82073484848486
69048,35.48981295093795
80806,62.12046611721611
25606,47.308170995671
96378,62.52577740826427
51679,46.95324404761905
25827,33.69062175324676
71735,42.86465999278499
79804,34.50175523088022
80820,47.830721306471276
41283,46.92428210678212
76673,46.21568223443227
70005,74.36858928571428
88269,76.10308818511237
31370,54.07497619047618
53045,49.79220905483404
61204,63.53453510134031
2814,34.40299819624819
77871,46.46176352813852
22756,37.930349206349206
87049,55.61563492063491
91657,42.37592658730159
78723,20.46601352813854
16222,65.94953769841271
70702,71.48766603821015
50129,48.16093921356421
47313,35.64020634920636
51948,36.34663257575758
42568,51.50177200577202
60554,56.02686994949495
45213,69.28794078144078
63759,58.831144841269854
6568,71.97871230158731
48793,54.42441577866578
184,58.20845373851294
16562,34.46304761904762
92895,34.27495129870131
81007,63.58168948412699
85267,28.91103968253968
3740,34.798958333333346
71918,36.205215728715736
60970,61.922095238095245
62623,49.91446141358639
61779,44.88493253968254
23755,63.99568706293706
64116,59.14390044677547
48593,59.43990313852814
48745,60.07989285714283
7100,61.92041666666666
40954,72.90865384615384
97644,55.848416070041054
44771,78.77512301587302
15722,48.49229365079366
84114,64.50623809523813
67007,44.42746230158729
88527,44.15881349206348
1918,30.655162337662347
70109,44.911470238095205
75268,41.812388888888876
43602,31.246196428571416
9187,65.5150357142857
41878,35.952696778711484
16475,52.38208730158729
88031,54.182770757020734
47568,68.85248391885892
13088,41.23089087301589
47445,43.15463690476192
101383,52.89693467643467
61197,41.39582196969696
100451,37.112503163503156
30315,68.61102182539683
22905,71.16632142857142
7007,33.38717712842712
3294,78.23288095238095
61344,40.907670995671
25354,71.56709523809525
92410,63.454122835497834
97443,48.27297222222219
27185,80.30262896825397
39446,63.58261507936508
82198,57.403728174603145
84301,75.97411922799424
59718,69.11424603174602
66718,42.63115025252525
48052,69.11572321428572
54337,34.71489087301588
40304,24.0390432900433
33562,57.865744047619025
51786,59.722614468864464
97370,42.79208134920636
38261,33.767523004773004
37371,63.96066080977845
29325,66.47617857142858
20363,54.33932738095239
81910,49.03620254745255
55401,25.419053571428577
47118,59.529212301587314
23697,40.51386904761906
52448,40.2784503968254
3552,74.55605357142856
10226,57.43203463203462
61327,56.47870930166326
45112,63.95012301587301
74006,68.94080753968255
12682,38.67108802308804
57941,40.16826923076923
81152,49.71567460317459
5798,51.365599439775885
95276,79.02058333333333
42304,39.696732142857144
80755,47.496873015873014
50483,57.412200577200586
92864,37.99560897435897
1145,51.656456349206344
85416,72.63599206349205
87870,56.28275432900434
62856,43.99542803030304
72589,75.09665610778109
68944,38.42850974025975
47001,32.6969411976912
80632,58.96462103174605
46842,51.76652759740261
62097,41.69554960317461
0,51.86988888888888
68322,29.569298340548343
23701,38.25205952380952
67188,36.043868867243866
251,34.221783350421504
66464,58.85400097125099
30142,32.13852485994398
64784,61.95853235653235
95389,66.70746663059161
78455,71.29764285714286
8526,51.080464285714285
9377,81.20338095238097
73937,49.92440133477635
23371,39.721293650793655
86959,54.32946504884008
99599,64.77220490620492
7450,60.619369047619074
85042,51.155688492063476
98237,63.96490079365081
81595,14.33968524531025
51222,56.54722168109667
79025,78.75990705128206
73125,77.11813474025976
33675,38.51127718115219
93227,71.64526479076477
30776,64.96791450216452
11137,53.08310515873015
34101,29.76735912698412
13982,66.67337698412696
1185,63.96962662337663
78194,66.20831240981242
16686,36.50257142857142
34305,55.696662878787876
63753,78.35277380952381
48690,28.61894841269841
22407,29.36280411255411
33258,53.60965241702741
30490,74.58866539016537
46185,50.11258062770564
92960,39.86391865079366
83527,64.91633387445887
75194,70.96636904761904
79217,31.336504329004327
80787,28.16000252525253
87412,41.68054365079366
46598,57.31684126984128
31864,69.21970615017167
78033,38.12065277777778
5402,50.386563131313125
72476,37.27916378066377
71778,47.83190674603176
54567,29.04906944444446
7244,80.97642045454546
95714,44.78183592224768
96741,30.603211940836943
20954,48.89608928571427
54963,37.16620111832613
20903,27.630289682539672
55302,71.05237572150072
61139,83.823
101930,75.75615873015875
87341,48.536174603174594
74751,49.20927777777777
88321,71.5314276053324
81914,82.48233333333333
59929,37.61206962481964
36180,26.63467839105338
12924,33.357519841269834
26289,51.18614484126984
60161,39.71143650793651
68633,57.34795436507939
94126,79.32949404761905
64033,33.59477020202019
59461,31.711545274170263
23624,67.80296611721612
4670,79.84096897546898
92392,34.62825892857142
56655,45.76601190476188
48612,36.4054715007215
72391,41.528762987012996
80053,41.48972907647908
44260,33.79189682539683
78243,70.34638257575759
49368,72.42442063492064
36642,52.33059126984124
54147,52.165722222222215
16479,68.25341269841269
74604,52.79586904761905
52524,70.66679978354978
16546,42.81198712398714
97487,28.750630952380956
77368,47.57295833333335
7062,50.380993326118315
57574,74.68416228070177
65101,56.154832001332
15220,64.42959379509381
47596,41.26913293650794
7157,41.21639664502164
81489,40.40756998556999
64315,54.19980627705627
37268,78.05891666666668
5781,68.98833333333333
24654,64.03199206349207
55616,40.60510515873013
59333,44.256271006771016
64173,69.00729166666667
82715,43.82370797258297
22372,76.50576190476191
22597,39.538261904761924
7808,85.9605
33698,74.55360714285715
41488,54.10773412698413
6693,71.61527318295741
98410,60.69325534188036
17316,71.60147817460316
22573,75.66742857142857
100953,47.75137362637363
8881,41.811459040959036
28924,30.648392316017315
852,41.45176795207716
49922,37.58836580086579
24889,61.0625119047619
42998,73.587993059572
63774,73.0
29169,74.268
22715,28.399517857142854
22129,48.552845238095244
69396,40.09526984126984
64058,39.47318055555556
69082,67.92714682539682
26763,63.754619047619045
78603,68.54504924242424
82768,74.98400000000001
70046,52.14492334054833
3054,36.33273015873015
45812,40.73044336219337
58319,31.897161796536793
88845,52.07780753968252
37825,56.29363766788766
26995,46.82496789321791
34179,35.97515593434344
40684,46.59874404761905
66401,32.0882380952381
81048,56.54324278499278
23561,52.668859126984124
59100,56.424825216450216
62557,44.43235515873016
19583,67.74093498168499
10601,73.82450961538463
84265,45.365861111111116
43576,68.35061731813938
16422,37.34491865079362
7931,26.968303571428574
14125,70.3309606227106
74366,82.57841383412341
92388,59.23932142857141
21065,64.7675800865801
13527,55.44120238095236
75563,39.33180586080588
69130,53.29169139194139
20050,64.9044464285714
14195,81.84889285714286
41190,67.02707611832611
71256,56.075197510822505
68270,48.940912698412696
70387,60.91126875901877
61165,71.78762408424909
53368,70.87595238095238
50561,61.21932738095237
34560,61.14894154456654
21304,38.9272103174603
67243,74.01627380952382
49014,44.003742965367955
51163,66.9531858974359
19716,80.59338492063493
2056,43.57957867132866
102404,68.60018849206348
86596,32.38020634920637
19108,40.29736056998558
19106,39.42603968253968
96775,33.35433730158731
20933,71.80230378028402
56448,77.10345238095239
84408,64.10871230158727
95774,38.302652361527365
6478,33.29216666666668
75128,76.29833333333332
15935,38.2097545093795
43649,63.51303864191364
7112,47.591224206349224
46785,65.70103571428572
91057,70.96258564191226
34663,76.93425
50136,53.416652777777784
44755,46.56903535353536
89101,30.783397366522372
35925,36.03818253968256
101012,46.172806096681086
7478,48.61019155844156
21788,77.72027217023172
22381,44.886751984126995
59052,42.15650595238095
35461,29.502001998002
96449,51.189658008658014
9390,49.30787301587299
2782,74.90111472420284
96830,48.13340476190476
1637,59.66469047619047
52802,47.92758658008659
77460,78.60070833333333
50029,40.39461309523808
75601,71.08801875901875
100754,33.077287157287145
10405,56.1226111111111
9294,42.522730158730155
35133,66.29430753968256
72306,62.98125915750915
87756,26.296816378066396
47182,56.152693903318884
34916,41.022031926406925
18016,58.269649531024534
62366,32.34675
547,72.13577276524644
79730,60.02694246031745
98339,35.14641847041847
4501,61.37941143578645
17951,48.41976567876568
18720,56.98002940115438
83710,57.54313293650794
93873,54.44747778610279
98037,40.259624999999986
66517,42.43884003496504
2828,44.75832539682539
65811,37.13836111111112
42309,68.44132790309106
29891,43.65938600288602
29255,21.080293650793646
22841,77.51773015873016
47061,58.52460014619882
92290,57.51137103174605
27479,44.64099350649352
19977,36.22600595238096
44747,61.62533134920637
46236,68.62397023809524
53561,43.80094844044844
56548,60.69461904761903
100008,42.44047907647909
39439,41.028659547152174
54691,52.94943452380951
36622,51.534668650793655
52700,59.09892941209118
85323,64.66865574050134
1964,49.04880519480518
77040,44.213154942279935
23223,53.797331168831164
14573,33.17118055555556
54524,34.6775037878788
82712,58.15315873015872
58952,24.44926713564214
53059,44.006933080808096
7127,54.293258658008675
20097,75.44829686979688
40999,64.92786634199133
84076,62.83500106837609
63988,55.22550297619046
16859,46.46007738095237
9948,35.44499801587302
88340,41.02862301587301
30415,68.65655876068375
71893,47.3403437950938
50492,59.34434686147185
98381,50.36276641414142
47520,36.4737757936508
71278,53.87534487734487
81630,37.41648827561326
48129,42.0793453907204
90651,59.92497677404296
8861,41.03356746031744
87232,47.55347222222225
57787,50.75292532467533
54207,58.0054238816739
12143,86.84434523809523
18183,45.21717893217891
97337,47.81482101232102
82232,50.571799783549785
70017,46.03165277777777
63277,44.89771248196251
60170,26.950178571428566
86166,53.08050811688311
14946,60.697113095238095
7740,81.60990339024384
91942,68.55062797619047
7873,76.04841767506687
57277,42.94809523809523
68354,55.098532509157515
32264,67.79617261904762
29178,77.87568926068926
40730,36.00639880952381
77797,59.38782572982573
73780,41.08815165755299
61396,25.85474747474747
17054,67.58128174603172
23816,34.62844696969696
72175,47.79923412698411
4535,46.107309523809526
92365,54.37914989177489
22473,68.30594337606837
9026,72.38647023809523
42264,40.81632738095239
56963,55.39521861471863
31529,58.642595695970684
40741,64.89376839826839
37361,53.73972619047618
5749,66.57734523809523
44735,67.7340183982684
30228,53.93659613997115
85858,42.52580014430013
27187,56.48213830532213
5271,66.91035660173159
46531,69.35783928571429
79334,36.01328589466088
25245,65.7635274170274
19039,44.50277579365079
28991,32.67493650793651
22927,37.49247763347763
35933,43.755970238095244
27128,66.34803571428573
29883,85.46740476190476
77070,43.49997835497836
38798,72.06602013264512
81771,75.59254311916153
8654,38.26757647907649
100095,62.44547925685426
13483,74.97928571428571
21746,49.60107539682538
92166,35.34032359307359
27829,58.65828643578645
85413,68.63758766233767
45716,63.434476731601734
31722,32.518621572871574
89528,42.706748015873025
59442,56.40901727357612
97069,63.61011038961041
90356,63.09962301587303
73696,52.9060358946609
15412,33.01857142857143
85973,30.060690476190466
25029,81.86620861660609
6461,45.151587301587305
67665,68.58386904761906
46884,30.84169155844156
1917,45.064634018759016
53541,39.50937067099565
84671,50.9501075036075
4886,64.48466971916972
49831,56.64796320346322
50660,62.43388558951367
39170,44.15894823232324
73852,68.6228424963925
39203,56.865636904761914
3560,52.34374945887447
904,51.316805555555554
30022,36.41214772727271
67239,61.270582334332346
48076,33.632106240981244
42626,48.13530735930736
81117,20.192173160173162
67039,71.62019444444445
60230,47.429684163059164
100546,36.86477380952381
57064,67.9690756302521
32062,47.32638548951049
4516,30.04163690476191
36924,41.83396482683984
2206,35.25599603174604
36398,62.392873376623385
8391,41.23961706349207
77658,55.46207043650793
84834,37.30523755411255
30449,36.55531511544012
74214,64.49426190476191
24553,55.86304599567101
17440,92.00333333333332
99357,73.9654265873016
29327,61.866194444444446
16592,47.66960894660894
40560,58.22047023809526
2179,40.4517445887446
37651,49.887288239538236
49802,66.60672718253969
70612,35.656962121212125
55690,19.89449007936508
66442,61.211312770562785
101852,52.77510012210011
55332,43.92875396825397
30194,62.200238275613295
47687,44.813310978237425
71034,69.35946176046177
6052,45.54800072150072
36291,68.96604166666667
78431,58.26109036796535
77785,53.79356385281384
48332,49.81064285714286
38452,24.579569444444456
99849,59.17087254412256
20827,75.30205323924443
85026,65.09718043068044
25419,52.32369498556998
87807,37.653842532467536
52161,74.0870373931624
31182,71.02102363043679
86377,82.85377639027638
18953,75.5560992063492
28795,52.93068344155845
89664,70.90146428571427
52580,81.80959722222222
65286,35.78714375901876
27955,68.61905212842714
18424,48.77575162337663
32335,29.970551587301593
70632,35.37967857142858
100679,57.52255627705628
26384,44.48397023809523
53982,40.47601298701298
80355,43.029911990786985
77089,56.74955860805862
22236,38.92606331168831
10341,56.63892436729937
5242,53.715175595238094
33598,37.789901459651446
35109,73.53564285714285
11622,18.780662698412705
14185,44.495654581529585
81405,70.98791666666666
22555,34.11860119047619
32162,35.77654761904761
39906,38.92005753968254
78146,66.68902449633698
72583,48.81159722222222
94033,42.54746681096681
45594,37.10158921633921
4499,72.3591507936508
47226,88.0
61918,26.292954365079364
32368,77.91810317460319
46731,35.28810317460317
66458,52.50678018631697
53206,42.42266847041847
16413,55.193253968253956
5922,59.83338528138528
100362,67.22575303454715
22199,60.593679487179486
77944,47.7268088023088
37210,54.04478769841268
46617,37.99175793650793
82351,67.16640620490621
15570,74.73267857142856
98376,76.94886507936508
93001,44.63533333333335
88921,30.961892857142857
14340,48.17442661505164
82964,69.07677777777778
42337,70.01155973266499
85972,32.25807539682539
33411,68.829886002886
41808,71.14400793650795
19377,75.45278373015873
40167,47.396297619047594
33540,37.32624116161616
48732,57.996323565323564
56374,81.57525974025974
17074,71.4584253246753
6690,51.75148611111113
8651,39.42910274447774
52972,36.196226190476196
47929,74.61139285714285
40026,75.8632261904762
63689,78.44270562770562
43388,76.96811327561328
44404,72.54622997835499
83735,72.90282255244753
33508,79.82973672363322
6290,56.63638311688312
20720,45.56049765512266
92291,31.245555194805192
25926,42.623657106782105
60231,75.49691422466424
60434,67.43602027629234
18258,45.461543650793644
31713,52.83219480519479
59234,71.65894372294373
25904,61.10908333333334
31661,42.12505753968253
63347,64.85952644577642
15523,26.89385461760462
95825,33.693990079365065
46535,73.07937760850261
102396,60.980892857142855
51972,23.791389971139957
1011,35.536656746031746
53748,55.08563492063491
16951,42.42627899877897
23157,69.15173809523812
31880,36.2907361111111
76374,67.90922817460316
49830,45.69112373737373
14570,66.44175371828895
1322,72.58406699346405
39248,69.56398322510822
97403,41.31135173160172
40956,47.80498484848486
78976,68.98687175324673
22688,37.328505952380944
56411,68.39118253968255
13800,48.71264159451659
23482,40.23691468253969
53990,70.50163618326118
64366,45.03525360750361
64199,60.04419235747913
91937,54.083841269841265
9900,34.21842727272727
7507,32.90988329725829
84065,39.43399603174602
14030,57.88538095238095
82670,56.10890025252527
33723,37.82024404761904
58913,42.33264502164503
43962,62.57501984126984
98689,43.3868874458874
58719,41.135612734487744
46841,52.38593452380952
56293,78.12400000000001
39895,59.780165945165955
48999,70.64672222222222
93487,66.64439148351647
88728,64.84070436507938
29769,43.07125577200577
62528,58.88055952380952
2163,39.01587463924964
75815,80.93333333333334
33234,66.686611524913
62106,37.69068055555557
15486,43.81721013708517
65134,55.24532095682094
86225,39.42050721500722
16305,51.15011904761904
85133,63.28820970695969
94354,71.56960515873017
76298,45.71520039682539
102320,80.62004761904761
27361,41.995661976911954
17940,66.30111507936509
10510,42.27530808080808
77133,46.09686760461762
60178,61.489125
18303,72.0683829365079
72116,45.95891396103896
68600,43.574257256632244
67271,63.954499999999996
14095,68.51558066933069
90910,68.24016269841268
84569,53.97581746031745
82289,73.0898556547619
47082,77.81459126984127
62734,48.39736165223667
61121,70.62760567210567
32731,69.61312698412698
67787,39.943628968253975
53944,60.158883907758906
24592,52.42279310966812
88423,28.300783910533916
10888,60.041379689754685
39408,38.50958531746031
1161,72.18841666666667
13352,37.271444444444434
50600,70.44625873015875
8063,43.23880753968255
71466,59.77143699927526
84676,35.97781637806637
98177,71.35623412698413
20601,78.6025
22065,58.74007738095241
24639,43.52014898989899
37197,51.869133116883106
37457,42.7132784992785
41433,54.12844642857144
35481,78.835875
74941,45.08497115384616
70001,31.449417929292927
95919,44.632692460317465
40143,40.80090999278498
96389,56.572023448773464
49511,67.53443288177341
9263,34.10179498279498
76806,76.29755898268398
51797,35.82733730158729
94541,43.35865231990231
29850,69.2946726190476
26912,48.97668452380954
650,62.69989285714288
5743,58.70887500000001
92202,39.145451659451645
52961,56.71132124819624
60934,92.0
71351,49.51634126984127
41788,45.65834126984129
26906,47.56491666666667
24092,26.70835546398046
75267,36.145182539682544
59970,61.21836691086689
40471,59.22687121212121
31903,74.41535912698413
59824,40.873482142857135
75076,50.44976190476188
56412,78.00375
84882,58.294288295038314
18067,65.68260918942168
83383,68.46190909090909
24067,35.30827940115441
55440,47.31480230880232
53647,25.089446248196253
82250,74.38561904761904
90816,26.784822510822515
85156,39.74868975468977
75702,35.680420634920644
30980,50.475757215007235
8352,51.1861478937729
39103,82.95666666666668
53618,61.21955806182121
52379,63.581525432900435
80346,38.28430266955267
42499,34.301929112554106
80977,56.23738888888891
56208,49.70214646464646
88249,56.824206709956755
39372,47.88183187134502
48278,19.62780447330448
1778,40.03948773448773
99817,39.43249206349208
39780,39.22314851814852
30391,38.50412518037518
23233,68.9507337092732
100246,58.08886850649352
64838,50.476015873015875
68548,40.58699801587302
86172,56.477877344877335
28139,48.02246969696972
67199,48.89451100288602
59994,28.57412608225109
15915,50.68941468253967
81311,32.716572478991594
69833,38.679605158730176
48622,62.54505536130536
28385,59.59909920634921
61796,34.33328571428571
24487,33.806444444444445
84504,33.62299007936509
31265,44.7625055916306
58451,46.883916666666686
83946,65.4910287756524
35510,60.335482142857124
12352,35.065633186258175
58835,27.191626984127
16439,37.80576984126984
88870,36.98883903596403
58562,35.759164682539684
70758,59.220708333333334
81725,54.44822204184704
81216,61.33013986013986
63189,35.94764880952381
40205,45.838092796092816
3133,45.4058511904762
86063,59.60380357142857
47188,48.783066919191924
51184,73.08749206349206
29042,57.693219308469295
73520,41.97008638832787
72343,56.15146302308803
10031,61.40673809523812
27627,60.06922802197803
5323,52.16521753246753
64348,39.12829834054833
101587,53.096290945165954
42379,76.91207947457599
66324,53.75795707070708
22045,79.98376923076923
14521,69.23130699855702
70482,84.12814898989899
49804,26.955235833610846
69519,65.42793849206352
101116,66.84531944444443
25968,62.34685830835831
55862,53.55758526196027
25308,60.70615404040401
63836,53.996815476190484
56414,48.53189917027417
48877,44.71944354256854
75743,44.4019484126984
102590,39.91814339826841
53231,81.25182817998994
80996,68.71195833333336
99332,62.22542460317461
97610,41.770805735930765
27015,63.990925357322425
12102,58.99387627650127
52870,50.56183279220778
63932,71.67153571428572
59759,49.922721292596286
241,60.115684523809506
39886,48.25698015873016
39365,26.48540476190477
59932,49.12128607503607
61478,54.83942261904759
13907,32.95872564935065
15970,38.227859126984114
35781,53.17157936507936
84152,40.501611249861256
62025,72.88104761904764
80730,58.050523088023084
57167,52.15445634920634
86251,70.08113095238096
12193,43.260523809523804
89805,32.99637175324677
18353,66.63939718614716
79973,60.16219282106782
16115,31.701117229992242
11045,31.203585317460316
57889,30.863057720057736
95,35.40714466089468
93195,53.904206349206355
56870,84.66468253968254
82310,69.21803044871795
33599,83.26614285714285
86420,44.78617586580087
64495,48.9699007936508
17075,41.35622222222223
9908,76.75711111111112
2005,49.93002579365081
24141,80.94271875
11740,29.04603571428572
46756,54.92222420634923
95657,42.13772619047621
36492,58.007705128205124
15762,44.390515873015865
85701,44.59159235209235
63880,55.183718253968244
22695,85.59118138111887
76098,74.86344871794873
45746,82.0
72766,51.02556403318904
9178,75.98780955237574
95704,99.82083333333333
81374,26.585281746031733
6831,64.34305555555555
85252,27.62562079587081
35475,41.860824134199135
33243,26.805904040404034
35070,70.30838644688646
32739,37.45479166666666
17109,68.99701785714285
67832,52.52688881951384
72675,51.70210119047618
34471,44.19483531746033
90857,67.6235396825397
87420,40.02113095238096
7490,70.93363257575757
19029,52.02054288766787
18896,42.24116468253968
32476,45.661796356421355
59801,36.401505411255414
54000,38.04522763347764
15071,62.41844805194802
30956,61.49984090909092
18787,38.73671276844071
68369,61.077919011544
12373,57.03438122294373
62125,53.65556818181818
59874,68.96210714285714
77694,31.528134920634926
10568,84.95664285714287
72075,31.126822330447318
29387,70.7875854978355
80990,74.69405677655678
64543,69.64346428571429
22457,76.41230952380954
55022,48.93754347041845
40750,31.56612261349762
38627,64.59858315295814
23607,44.841047619047615
53657,34.620085858585846
85058,73.55862454212455
7510,37.10015079365078
28870,47.1600853174603
85375,64.10578373015872
101033,61.3107858946609
97175,65.38702958152957
58559,68.44197294372293
102102,59.95068326118326
28715,49.21826190476191
90338,50.04781240981239
23136,39.40319624819626
12848,46.55671626984128
34844,33.428162698412706
88398,35.11395634920636
17384,73.80034523809523
72229,41.43084902597402
17906,56.15376428571429
16959,55.091596681096696
19669,87.84267261904762
19495,49.69057936507939
17530,63.926738095238086
85692,53.105833152958176
47937,38.61553354978356
65870,57.47793163780664
81519,43.82442857142857
44375,74.05676587301588
41189,76.04273830409358
40854,92.3155510568891
101120,57.047265873015874
44350,28.71742063492064
57435,68.43370634920637
74185,42.36583730158732
92665,61.25533394383396
58925,71.16089682539682
86260,36.434666999666995
70197,70.20802976190477
50967,53.505791666666674
3395,54.745054029304036
3763,71.42177307852968
40017,47.303503246753245
94452,67.54989718614719
89180,52.84893849206352
54931,46.36452669552671
23265,57.05410912698413
67731,56.26129653679655
29125,41.67840277777778
20045,59.95014393939392
48127,39.19329816017316
88167,95.71549999999999
57434,37.33861904761905
83700,32.87896843434341
6182,59.68209632034631
43968,78.9706427594086
76359,60.49969551282052
7,64.04492857142857
46284,65.84691666666667
31493,47.026672619047595
64532,49.4185376984127
95961,82.71
66529,72.15886093073593
63632,76.89211904761906
67449,76.40886064425771
97520,32.04112074037073
13285,69.45224999999999
69148,37.73617496392496
66988,43.64799404761905
89598,47.24931222943724
50359,74.12198033910533
65091,46.66241071428573
30479,66.13329761904762
91012,63.30307417582418
8649,67.31197619047617
43536,38.91454834054833
29104,71.60486904761905
95286,35.494271825396815
90107,80.09166981751193
22361,55.0476917293233
100245,72.20946459655269
40101,29.730648809523824
47987,68.13028769841269
26901,71.21505753968253
75322,71.99555952380952
10554,57.64966666666668
66777,50.182621947496955
59521,81.99273291925465
6209,43.507865079365075
55098,85.96799999999999
98404,65.95555555555555
50530,43.130835927960945
68251,26.85809632034632
62285,37.12837698412701
39749,78.999
60998,54.41975992063493
87457,81.10365873015873
93466,37.409539682539666
75638,79.16108791208791
677,50.793580086580086
29339,60.78499009324008
48291,64.31469444444446
51529,24.632652777777786
70094,39.028805375180376
7981,50.99235714285714
68803,80.12635714285715
15393,50.55276602564105
77481,25.193726190476198
13276,38.927744047619065
60275,57.58196491008993
53138,78.13470833333332
13522,44.83163293650794
7458,37.37005808080808
9860,64.77691396103897
13275,35.19242207792207
46605,66.48874702380952
101878,72.95283333333333
7599,40.7245514069264
3545,67.65013492063491
56007,38.936790764790764
14552,66.0238604826546
57619,65.22479090354092
50391,31.308209776334774
62425,58.793297799422795
94434,70.68210119047619
20940,71.8705
50771,53.766319264069246
7085,31.652675324675332
15479,33.76594155844157
28495,63.34115674603176
98813,49.03814682539682
90218,31.174413961038958
81310,54.5545606060606
21429,79.91303174603175
49288,43.22107738095237
92749,73.96420833333333
19778,65.42300564713064
99744,37.16715836940838
64609,70.28552435064935
81952,63.312203449328436
5672,32.047815476190486
72350,38.46085515873017
102015,43.872216269841275
81753,39.00170634920635
65165,41.72861417748918
17509,52.58353968253968
94113,63.31148737373738
53151,34.06686940836939
76749,36.21552182539685
61682,65.47458333333333
42680,74.83276785714287
44127,61.047416305916286
90724,61.701146825396826
40690,80.41088950115072
14089,61.026930555555545
88447,66.16640476190474
27996,34.345345779220786
21228,30.134099025974027
45110,52.88015494227995
16239,30.25948824786325
73531,63.8360054945055
86159,49.41895039682542
93751,64.20067857142855
59372,55.54120039682537
8214,77.57333333333334
29142,74.15546673669468
41415,72.27720436507936
49327,56.589011904761904
66300,53.53058874458874
27152,60.07609126984129
38536,73.60632113997114
83594,38.28667586580085
98345,78.16279761904761
98666,53.9454705988456
71523,71.00120663650075
20701,78.1545238095238
55020,61.66277380952383
85009,58.281083004413894
44973,60.47307393483708
36015,74.02082142857142
26000,72.90851587301586
14496,62.327263347763356
65457,69.56544209956711
82490,65.88414285714286
80850,34.20310155122654
99824,54.703263888888884
52032,73.85354761904762
58941,61.48042784992786
60976,81.33909265734265
36471,62.83120833333334
68001,64.57587362637362
4614,55.198062409812394
9724,76.76506150793652
56899,70.28818699175221
61758,53.356722222222224
92002,76.65409956709955
11160,58.758280303030304
84359,50.535119047619055
9261,21.489365015703246
49498,64.42954761904763
22078,47.20301208513708
46942,74.87400700280112
83381,41.02011507936508
73589,45.78736309523808
84304,68.65883784271284
11655,59.057534632034645
57638,71.07664087301589
11514,59.28035155122655
63262,60.568889346764344
84623,68.37233333333332
72678,39.63333459595961
24871,71.0159448051948
81733,36.066632936507936
36122,42.84004383116884
57141,45.977402958152965
46069,48.80648809523805
85667,47.64137337662337
66905,62.70122810849285
52992,37.609531746031756
49552,60.386382936507964
32263,63.0582843137255
72902,30.783248376623376
12284,40.36255555555555
29832,59.0578621933622
17908,51.03536904761907
6708,53.77743650793651
21729,28.315482142857146
42602,71.42358333333334
46793,50.611458874458876
51409,58.339168650793646
58570,54.39731349206351
40666,52.13622023809521
46716,62.776287753912726
73231,78.99683333333333
79269,66.23252380952381
89313,29.961116341991346
65174,60.574027625152624
52532,61.622192460317464
93411,47.96127401764904
65221,43.07375992063492
30294,30.6368373015873
53642,87.5087261904762
12723,65.68695812520814
25055,44.215522283272264
27192,72.446375
96084,42.35590674603174
25198,53.290854617604616
32735,66.18806746031747
76286,54.67688492063492
92776,51.43711345598845
53116,59.93562067099567
45111,29.64591269841271
82085,70.03339484126984
35562,48.35846825396827
77028,40.35665873015873
19604,53.581553571428586
9329,45.57875992063492
36922,44.14693650793649
6942,69.81881043956045
79154,29.37800198412699
99643,41.473771825396824
86686,45.842764249639224
98027,47.20527579365083
48212,42.48464618714619
89225,42.5284265873016
76366,64.74231528194028
78940,73.55905427905428
85037,72.99369993894993
31183,59.58422222222223
41166,70.8479861111111
97107,41.31839880952381
91840,62.612239028944884
13839,56.51360317460316
11962,68.41401984126985
84699,65.1705043297346
79799,65.0061626984127
102029,65.67957193786604
50650,78.49375
15037,31.6697042124542
20469,43.94871933621934
30896,63.83344866244866
75217,29.877621933621935
90840,53.336839285714284
25192,58.012074855699865
51712,70.36390627917832
14546,33.758710317460334
70322,43.6193585858586
19408,71.17661126373626
58699,42.739821969696976
5896,72.79015277777779
36389,80.49558333333333
48071,71.76609722222221
91004,28.34050595238097
53734,46.31443055555555
68664,70.61221031746031
26204,55.6679623015873
96013,31.07161507936507
78273,41.78929761904762
23488,32.38902705627706
71167,53.25595580808079
32459,61.32011020923521
10014,31.717863997114
68385,68.0124722222222
30424,73.1418436716792
26518,35.71922095959596
12959,47.60886706349206
70139,32.42166017316018
25131,69.08845787545788
30973,37.33668272005773
97262,49.551097763347755
86335,40.81620973389356
63772,46.51766071428572
45071,69.05302380952381
28323,47.67754929792429
52938,57.504307178932166
48917,38.72891143578645
54699,78.84983333333334
56834,54.43796133033633
91441,73.56135714285715
92065,47.01461056998557
5769,64.70428571428573
28480,81.45433333333332
58455,50.36958333333333
24042,51.15573214285714
17797,37.7591433982684
12022,38.5072141053391
78090,68.98808333333334
32061,40.6714623015873
71877,77.8470299006549
13774,76.52581854256853
92669,46.433005050505024
93249,65.25955555555556
61895,56.130601190476185
79051,33.88235840548341
73703,24.870018217893236
19817,34.74544300144298
38230,74.56994286828096
34180,68.29353571428571
12340,48.675080988455996
44079,26.46229653679654
17060,32.48892857142859
99382,61.26282600732599
83917,64.19925595238097
7516,69.36588095238096
92187,61.61984920634921
40244,44.07828373015872
89768,45.37605321067821
93042,37.56530826118326
72673,50.46409126984125
98961,75.73912103174604
83516,31.224019841269843
76906,36.75291558441557
64963,35.57700992063492
99949,44.05208333333334
48363,61.9995
64868,74.54652183098493
11136,33.89941865079366
20887,41.60789682539683
89326,78.83834523809523
37558,60.81673412698414
100243,72.35172023809524
10910,51.830605158730165
1746,49.073932539682545
23496,53.65690644078142
97002,76.99508333333333
87192,50.52118247030744
47961,73.5152531939605
19338,43.85656761294263
73163,64.55650518925519
40905,19.134085678210678
8001,44.0407288961039
98360,73.80471446608948
12390,48.16520436507938
35556,39.99778968253968
88319,54.55358712121213
16331,49.21079365079363
36256,65.60025324675324
100086,32.71905790043289
98852,50.244609126984145
53107,54.16484920634922
5564,60.757041666666666
16825,93.920975714742
59687,75.70385721207087
349,35.943732142857144
40800,48.706501262626254
72436,76.02842225829725
32038,41.196276098901116
93688,38.73409722222224
93808,62.329674783549805
79503,75.87481944444446
13780,60.44042057851848
87251,35.314545274170285
77020,46.768114718614726
26004,27.156948593073594
67907,41.234849206349224
101868,58.904828643578675
10985,77.12125
74194,53.135112373737364
67631,45.04041468253968
15746,68.48607287157287
19925,38.89674267399267
32984,76.15941684704185
5366,53.43061435786437
50653,75.94961363636362
20096,80.22533928571428
3323,45.143125180375165
79851,45.77746825396824
28785,34.269934523809546
7130,54.241093253968245
84150,41.66353418803417
36777,78.5350138888889
35338,46.697604090354105
3783,28.119953754578756
94175,28.28803066378067
87296,46.9570554029304
77897,75.41853070175438
69597,39.71366468253966
56880,72.99642857142857
22185,29.896788239538246
65215,44.56287871687137
1648,69.83872192513368
12827,57.46722619047618
98624,71.87710714285714
72158,52.4371356143856
48648,30.925551587301584
80358,57.84613690476191
3958,50.03538095238095
43036,63.12772420634922
94530,35.64128228715729
48222,46.09825613275612
25813,45.174639971139996
62179,65.39166414141415
6775,40.04024603174603
25989,44.337194624819624
45315,65.80338629997452
82766,32.33912977483043
61279,38.81093001443
68144,43.60640476190477
62803,69.9975
21355,68.7487449870391
29539,41.11573683261184
82320,44.979180555555565
76372,63.037287878787886
101640,37.59037920412919
86107,85.99166666666667
21940,73.60366594516594
56715,30.811852272727283
44160,25.658131132756136
67928,56.73825302475302
101977,25.17400396825397
28035,51.524077380952384
60279,46.642388888888874
50395,47.7592527056277
93178,64.46849134199135
31558,40.39431746031747
14407,68.4982187950938
16985,40.40305032467531
101669,74.37785714285715
49632,69.61455995475113
20965,55.23248701298703
55242,44.868462065712066
6221,42.76093524531026
95887,58.299758658008635
29857,44.766990079365094
13991,34.89946825396824
52857,40.40017658730158
52346,71.24360714285714
53959,47.435600250626564
37612,63.804718073593065
69625,75.27866071428572
9830,58.597850233100225
79928,34.875442085692086
37942,71.10419548872181
59217,39.10244606782106
20191,26.218632034632034
37718,40.06912752525252
43887,59.504680860805856
42174,34.368474206349205
14842,41.992394841269835
96349,71.75653174603173
65004,72.81826893939393
47489,55.22151911027568
62053,58.76312698412699
73336,45.23893849206351
3462,46.824759920634925
17999,40.77837103174604
43848,57.245218253968254
82253,54.86937087912087
75447,46.979190476190496
2125,36.523012445887446
54423,72.24315476190475
34541,34.69341666666665
33462,62.68579621848741
94190,47.69084830447331
100879,31.869453643578655
100264,66.56230310457516
1091,50.293963383838374
77054,63.35634524320707
31076,72.88434523809524
57977,33.84514646464648
22724,39.28208333333335
34790,63.32308770396271
4124,82.27858528073232
6022,19.25404274891775
59077,60.255351190476205
16785,42.53592460317461
92001,84.52379166666665
17740,71.66473548265459
100125,78.81789285714287
43402,41.37780357142858
34424,48.69902597402598
58636,47.89803300865801
43979,61.141549603174624
98866,72.96881944444445
15180,47.216494047619044
56400,63.05107142857141
45027,64.64546794871795
37763,46.24429383116883
94319,36.48190981240979
55877,37.49497691197691
85722,41.48604671717172
10326,48.503208319458324
1645,49.922374999999995
29319,67.27086180486181
26350,33.5104503968254
96529,42.914523809523814
90034,28.16011994949496
90800,66.03234920634921
75733,71.67669047619047
45222,39.462486735486735
33323,59.80836111111112
41335,58.832472696893745
12813,51.15579365079365
43343,73.50753968253969
93739,54.54922023809525
8265,60.629031746031735
87603,35.185736111111126
83234,49.881041666666675
19961,40.617091269841275
48596,50.8267367216117
87231,75.97411904761904
66040,32.519448593073605
15045,39.88621626984127
47247,75.59400198412698
22703,68.72274999999999
19058,60.680299422799415
88301,32.00233928571427
54126,30.859097222222225
12908,78.8802124057086
97981,62.320623376623374
12032,31.300007936507942
39125,34.600901515151506
9077,41.85876587301585
87781,39.84581403318903
10056,30.99822503885004
30972,30.456692973692952
90709,72.14612301587302
31593,63.71489583333334
19001,41.307184523809546
12953,67.05051824116742
38853,97.82850310559007
38500,75.22855681818183
17653,59.960042502088555
49886,84.46261904761906
351,71.79525000000001
419,37.28189339826838
50477,29.7360376984127
79430,63.22138598901099
89881,66.7424160714286
78488,55.643833333333326
99743,61.80350351201083
89771,82.97494444444445
78906,61.22504502442003
68176,66.83603571428573
93067,50.0540010822511
62705,58.789744047619024
48365,44.17465584415583
32137,43.673153180153186
58581,67.35856277056277
1089,48.361839285714275
32732,68.62739285714287
47320,29.713995310245323
8801,39.056867063492064
36989,29.85205266955266
6303,71.88666666666667
12303,57.51416666666664
81840,77.3128954079196
10964,69.86732142857143
9620,38.45926533189032
52283,61.239910714285706
7320,38.96853787878788
90176,36.57318470418468
81426,44.05736111111109
13044,72.23940187590189
81626,82.98029761904763
36891,43.57695436507934
69960,44.8134136141636
64863,72.95571131354026
96291,51.61392450604953
76894,79.78231944444443
56820,40.41894978632478
18201,48.56689484126984
45033,76.93387426900584
11714,48.28841666666667
12212,43.8144623015873
43486,55.58377579365081
36378,58.9020971805972
24421,72.02434132534133
83252,71.04961309523809
68928,46.307480089355096
17865,68.44913600288602
98973,36.972530844155855
75689,77.90566986062717
41928,51.98209776334778
38792,66.7832261904762
99487,33.78321031746032
44596,57.76825595238095
52742,49.45481357694594
35046,62.008345238095245
67308,52.90081746031748
56526,39.726464285714286
54751,46.96150396825397
49455,31.86301587301587
10209,45.10614285714287
17857,44.321255952380945
2851,34.624792207792204
15163,62.87496825396825
19626,69.45141666666666
27100,40.305186507936504
34910,31.748276334776342
14587,42.212852869352865
91287,52.589021825396806
99291,47.63302380952384
35743,75.4195
99730,42.82293181818184
34659,36.06343686868688
65550,73.88143253968254
98010,31.072958333333332
2095,76.4363558201058
71541,58.1393962842713
19230,37.71003571428572
90360,57.885801587301565
14430,38.45331547619049
90545,55.99696685259184
45981,64.82418207282913
95541,56.16383638583635
75190,61.26086904761903
63326,60.817760225885216
68476,66.51099206349205
49193,64.09841071428569
93430,63.6852683982684
81383,54.748973155929036
98455,49.15024440836944
4249,72.94908333333333
80340,77.77988095238095
61215,35.22031635907952
91729,81.018875
10731,43.22140981240982
64459,72.1516047008547
33798,34.04678174603175
42189,35.65442063492064
22610,71.44070833333335
76821,44.389581349206374
13595,40.51341071428569
21223,76.58969047619048
89189,55.49768452380952
86248,59.840569985569964
14299,74.02625
25632,68.18420634920636
35897,45.42527976190476
28155,62.39382978940564
3287,74.32484953753976
25405,69.11458740601502
80932,58.91955158730159
18243,38.95274007936508
95572,31.85533928571429
10662,40.78000396825398
83821,51.51599999999999
33837,42.212923911056265
1396,43.030257395382385
51654,49.04349818237318
81282,69.41849747474748
35061,47.17013293650793
52462,44.361304723054715
86477,41.440646825396804
81213,48.59267442279942
73956,52.474863095238106
4235,59.81263654401153
74385,45.72981114718616
15863,33.10908315295816
62941,73.00504761904762
11858,55.19653373015872
94692,44.84757043650796
42976,81.78733333333334
51149,52.38102182539681
96539,41.504232142857134
83285,84.20316666666666
20376,81.92066666666666
98978,50.26810425685428
6991,18.974007936507938
35625,42.11684848484847
46465,61.89017857142858
84204,72.9966031746032
54647,37.79248412698412
39179,56.16884920634921
62239,59.646242965367975
11430,49.52542442279944
74236,46.69634325396826
48544,44.776061507936504
85818,43.39255555555556
47402,56.55080753968254
95315,74.53419047619047
32682,36.90275793650793
84948,34.26450072150071
33322,52.34234126984127
5444,52.17598845598844
53355,68.78176406926406
95101,49.68561706349205
37952,66.50899007936506
9519,78.93119047619048
87872,67.35373387315298
17070,56.70533116883115
50416,45.1588564213564
37716,73.96469561553371
56228,46.16255586080584
68208,25.017962301587296
85654,51.66770436507935
732,42.477887975629464
34164,41.7623023088023
59592,63.03561764705883
48653,46.5767371933622
4292,67.79264471639472
9829,72.4857857142857
38711,63.96448214285713
34713,31.700700396825404
40901,73.8051968864469
43102,73.96030219780219
76059,60.63048504273504
96197,41.41507936507937
73632,69.31434920634922
95392,34.18936525974026
13574,40.90361838161838
79060,45.6237876984127
74690,38.55895397657898
73857,54.472817460317444
64038,68.95705555555556
25121,80.86992460317461
38343,37.12812423687422
30740,69.00375
36266,70.94234126984128
65508,34.54872817460316
75606,55.44809325396827
57228,35.77164484126983
87600,40.36968235930736
62111,75.16076785714284
79074,44.04709523809524
31555,34.68427976190475
4979,39.75857036019536
51354,44.368861111111094
38726,43.17912698412697
1241,52.877225288600314
16753,72.38518253968255
60582,67.35779166666667
61713,20.466970238095243
85602,38.73485912698413
70207,38.4731865079365
27305,31.731053571428582
78462,70.1271488095238
99384,58.102148989898986
40681,38.91256944444444
84355,31.60606981906982
18613,78.61220467032967
10199,66.32046428571428
84375,46.33845741758241
4665,38.364969877344876
8344,70.29793389535301
52409,62.682278138528126
36729,43.82854960317461
89239,75.46133531746031
83840,17.129192821067818
68092,99.29441666666666
100007,31.51786904761905
101380,43.44190873015872
34037,61.87938383838383
48535,49.74560912698413
64948,39.640386002886004
72298,56.88391612554109
65907,54.47863834776334
67564,57.59254273504273
34698,52.9824210568843
39954,74.49582142857143
22423,46.64086133311132
2160,39.15215873015874
80102,62.88849862637363
29039,72.65035894660895
20445,37.19319047619048
67128,50.13439664502163
90008,37.54853102453102
32319,54.69634577922079
56320,74.951227951078
89416,72.51347348484848
15485,69.90607255469754
68586,58.791114177489156
12716,32.76923504273505
20113,31.509107142857143
27241,68.35498611111115
39071,42.89856779331781
22351,40.12382305194807
79246,62.63426551226552
68522,65.58211904761906
59195,32.78410858585859
78327,65.5853244949495
29580,33.7186365995116
58577,39.79085101010103
64060,57.52834873459874
29238,75.30096372830069
117,45.51426695526693
80044,62.859436507936536
71758,52.74447222222223
59419,57.084542429792435
14276,51.667069805194814
16824,23.45231529581531
28178,80.935
64373,37.09755158730162
40827,36.41766053391054
39592,81.03017418546365
72716,76.8466607142857
80637,68.9996875
74979,62.553317168942165
82496,65.2349867077367
71384,49.75459722222223
10331,52.858438492063485
53533,67.9404316852738
11179,55.503974747474764
1496,65.26642063492064
89810,62.84475396825395
85060,62.765339688089696
94768,58.56410173160173
39911,32.53714935064935
82942,56.01090386002885
87178,65.02493452380953
20499,29.751100723622795
14732,67.55515277777778
18882,81.748
73989,45.753629509379515
30856,63.11275324675326
75835,38.152924145299146
13437,32.347534992784986
86254,39.21744444444445
44368,62.53690259740258
15978,36.1685565961816
97688,51.12510660173163
13134,37.596494227994214
90031,58.99660948773449
7705,71.22734173669468
57335,96.75533928571423
100342,30.391517857142855
64171,48.922273268398264
41468,66.29215476190477
69589,34.425347222222236
36905,71.02261904761905
36671,50.24587932900435
30078,33.26756872294372
51025,47.2584503968254
60761,41.506460858585854
3646,60.96943091630591
8840,32.52954924242425
95269,43.386067460317484
22410,79.57383116883116
68302,24.17759632034632
89187,38.865373015873026
28060,73.27094491129786
101754,42.16506349206349
21890,55.45226663614165
61787,75.83854094516595
19009,22.264863816738824
73983,33.68537319624821
47728,63.35914285714285
100576,58.92057595182595
79179,74.09794993894994
2491,59.94396825396825
54672,65.38587010138983
31955,80.20298214285714
10174,69.0147728966378
99134,68.44159920634922
89833,44.9962465728716
92962,65.14838141025642
80227,55.63946230158731
49730,58.856607142857136
36249,24.669755952380942
84199,38.334384199134185
82544,35.83180050505052
52708,61.149797619047625
100043,39.14994913419914
30499,67.03060839160841
62716,27.80512572150073
18335,26.652222222222207
96319,31.83581998556999
61964,62.21994998057498
572,31.325656746031733
90200,37.69839682539682
49007,55.421206349206344
90791,39.39298412698413
95089,61.90173268398267
54104,64.21470021645023
15047,68.8979523809524
36096,38.0506394993895
1904,47.16758134920635
101541,72.86779166666668
21751,63.99527261904762
59402,72.06689129072683
102276,54.61488256188257
69403,36.00107395382397
90937,43.776640873015864
69739,83.0
9689,44.07668416305917
68537,35.343597222222236
56463,55.39697276334774
25041,82.65584523809524
6811,36.197515873015874
554,62.97091396103896
60684,39.714256105006115
46379,66.32223214285713
35818,36.27268452380952
8944,79.51790476190476
61905,61.873007936507946
59583,77.6750992063492
100122,58.492543650793635
47664,30.46725216450217
101748,77.80129166666667
97137,40.42149206349206
67090,75.9243476800977
96658,42.78770382395383
8703,39.88274007936509
79652,70.01041765873015
85096,69.49201785714284
75960,61.847044011544
22996,37.69296951659452
4218,19.510654761904767
54310,35.22558531746033
95728,61.68857881742443
11650,42.30100019425019
66066,41.59800198412699
73252,45.55314198179272
27269,57.23711746586747
65858,57.44892261904763
92063,79.39300000000001
15212,69.7529861111111
40016,30.989452105277763
48013,38.034961178871
90173,61.189232142857136
43705,50.00207395382394
100642,65.51230555555554
70981,45.582880952380975
83002,50.40845833333336
66103,63.67602863282997
27723,67.5280696941947
73322,29.923376443001434
76522,41.25382178932179
17977,23.18407753357753
42930,52.361348748473745
68031,31.03226857864359
21711,36.94640186202685
19023,42.148975468975465
51518,53.959378968253986
59429,52.195722222222194
51250,43.46749410311908
7206,85.91916666666668
10398,74.00257070707072
47508,47.53127041014538
93544,35.901825396825394
70269,38.28657341269841
43951,59.738205086580074
79369,46.23393434343434
64136,72.51111904761905
68329,47.222793650793655
34486,61.8064684065934
26955,67.68802997076023
92045,64.31661340048841
82172,56.24654887218044
50779,47.14291970121384
66364,46.809003246753264
74445,55.24124197805119
99605,35.566849747474755
39197,72.3899932900433
100423,37.46579563492064
47073,68.52646130952381
63837,70.44889140720393
81060,45.99936147186148
71408,51.00597474747476
33096,40.992658369408375
3611,62.67879564879565
89526,42.72714411976913
63585,42.65156150793652
23428,55.82961886724386
32055,71.58558928571429
53461,79.21305952380953
59546,80.82741666666666
100280,44.69539592352093
13496,37.90211111111111
61969,68.03247222222222
87829,70.57996804511278
16125,42.69480555555557
30996,31.205464285714275
10665,59.80661111111112
41019,77.30080411255412
43148,77.92861111111111
95113,45.21157882395383
18998,39.99839628427127
102406,72.41962103174602
86769,38.1558998917749
66685,65.21245634920633
85821,34.45678968253966
29687,46.356595238095245
52509,46.92976776001775
13894,70.44660317460318
101729,66.78352869352872
37658,37.29185912698413
85021,78.63005586080585
68049,27.476989621489626
39979,74.99456593406595
84106,37.3519603174603
52443,75.01007575757576
89785,47.15870634920634
9725,40.50117353479854
31570,44.1296002886003
49791,46.666571428571416
86444,40.62586598124098
9176,42.809064393939394
48474,32.155557985508636
79548,64.01405952380952
28809,68.87119047619046
69097,57.0368115079365
34812,73.87791596638657
24399,52.256261183261174
88270,73.95478021978022
39102,60.367486425339365
89751,37.61576695526696
54025,36.50398863636363
8503,36.77599404761905
60047,64.02442171717172
24552,83.47964285714285
45302,68.66130880230881
79185,43.13210642135645
62109,48.08582990620489
11718,33.14601010101011
98350,43.07456367243867
6157,36.63842658730158
67597,42.84380753968256
55626,49.87027536644642
15772,71.4737138972139
80024,69.34220238095239
17912,34.73403571428572
79946,39.77281293706294
29497,70.64068055555556
13811,53.27837717837717
68720,67.61846428571428
75770,42.290371031746005
12498,56.16378950216451
21863,65.34614285714284
70752,74.02888565994164
32232,72.30562301587301
32410,68.57737538402459
51594,32.199280122655125
9159,56.59108621933621
85460,66.51983333333334
27028,79.21514732142856
81379,52.21140277777778
26401,65.73865521978021
22035,35.18090079365081
52527,53.63351088372412
98620,82.85633333333335
59103,64.92005952380953
69127,37.15627236652237
48797,38.344602411477396
6328,67.35475108225108
12169,61.59662881562884
91267,58.023758477633486
51647,60.87357656926408
58424,56.256765692640684
74178,61.379749999999994
92824,75.54877380952381
47852,12.557744047619051
70568,48.740773448773446
24611,67.96029960317463
87885,40.28198593073594
42702,54.930725140056026
61980,38.59089466089467
52522,66.35019047619049
58591,34.883345238095224
61268,62.51738539530645
35685,49.635919552669556
20234,67.93218452380951
67071,63.804005952380955
21723,43.67388185425684
88056,30.54977976190476
65213,74.94967424242424
1526,60.94372023809526
27757,74.05814285714285
42027,27.02932738095238
68795,84.66994047619049
67102,82.11079095441598
88359,50.01194246031746
26232,43.02997145909645
51524,38.51288852813854
58641,70.61238383838382
31926,39.62794246031747
68934,32.09318145743145
60679,60.81794047619048
62873,45.67465109890112
40886,67.00229166666666
68278,71.3040992063492
33603,39.45471626984127
94474,61.54654065379065
9997,52.86990873015871
22910,39.050935245310264
62684,59.46750099206348
19765,39.34499080086581
62671,64.99222294372295
42565,49.231170787545786
19451,64.12136904761904
2638,49.64051118326119
54079,31.887842893217893
24849,76.98833333333333
10309,47.75616269841269
48772,37.21478174603173
85038,18.352554112554113
83845,51.731248015873014
84824,69.96997619047619
47059,61.224285714285706
79486,57.18161706349204
97546,47.893260642135665
15521,30.524795634920636
88404,58.284615662931834
53897,41.24692947330446
80436,27.791988095238093
59943,78.0
99418,59.61875757575756
51394,79.03991666666667
46068,55.37362301587301
88996,48.0306673881674
83195,39.25094841269839
17768,52.88533832017655
70365,81.47800000000001
55271,34.016611111111104
88316,39.55763997113997
62229,60.154548229548226
8505,65.17809523809524
11516,64.298829004329
96393,66.05465277777776
94397,41.06562500000001
5186,54.89580753968254
35543,42.906737734487734
4319,33.19827200577201
84195,63.32681385281385
99461,59.683874999999986
49703,68.262685515873
38150,39.138027777777765
1284,77.93164880952381
82476,31.988267857142855
16224,55.34317063492065
67629,69.31859523809524
47284,74.45683333333335
49263,35.51946590909091
85439,40.76735119047619
16175,62.538733524645295
464,49.281510101010106
66426,28.815543290043287
93187,46.5370854978355
5791,68.73294047619049
53458,34.265749278499264
8176,57.47793362193362
23517,53.65585317460319
86188,60.31800793650794
39184,41.82667784992785
71451,68.53508333333333
81137,81.86475
76895,64.32031565656567
24842,68.28965692640693
37705,72.99260638718437
92296,74.7045893092415
101793,69.33857663170164
84036,77.74497469571848
10678,47.32616672216671
23437,81.92213762626263
75532,59.950117965367966
16526,58.98998340548341
54505,73.20240225052726
68832,61.74256349206348
29165,63.582058982683996
13579,64.97534620934623
16519,60.68020436507938
27798,46.36719931457433
70063,51.765879689754684
76767,64.012224025974
36961,67.93973039215687
37397,33.56451406926408
28744,70.99947368421053
25025,52.09365079365079
58142,80.67955555555555
88097,44.96059096459096
34405,71.01015476190477
46426,35.118720238095236
77526,80.9785
39431,65.77201556776556
46160,56.053071428571414
54284,83.82390476190474
61874,51.130874999999996
74836,27.43437175324674
102252,37.228666666666676
79909,62.608551587301584
27775,69.58866416040101
94606,52.54694642857142
71783,48.319735209235226
37411,57.42888654401154
16332,60.88019047619045
48664,52.34028373015872
90978,48.79452777777779
52912,43.662658730158704
78584,70.3343224206349
32550,42.71072041847041
55428,80.96041666666667
50596,42.65370562770561
101461,69.60942604617605
7646,66.97136904761905
13861,40.96797222222222
47334,59.92066666666668
50519,28.461700840825852
40763,63.83344866244866
34625,26.29955844155843
50476,47.79967597972204
21220,56.09360468697969
86372,70.83356547619049
5335,47.77754761904762
35349,28.501430014430017
17537,38.25895039682542
58426,36.81389411976912
55133,64.50518207282911
44253,62.29532738095239
58843,36.87587896825397
20951,27.010570818070825
65394,36.27416450216452
21368,72.72345436507935
95563,53.377666208791204
25491,75.07859523809525
25195,23.597898809523816
88384,53.771783730158695
7054,29.655468253968266
86714,29.81305591630592
58386,30.004617063492063
81033,43.14863293650794
41370,52.73406510156509
8968,48.024122474747465
27907,46.82906114718616
93075,81.58149999999999
69193,70.01104826546002
36202,66.66624007936508
75497,38.795387806637805
101726,66.9174814213564
57273,41.77773921911422
25401,30.54309523809523
94187,50.426606227106234
85409,57.50632756132755
78543,41.10278373015873
31456,62.92122402597403
36052,24.57220238095238
83361,46.60529365079365
52571,32.25552705627706
21611,74.97370833333335
62221,46.50987698412698
54862,55.42763167388167
31288,87.90171228167965
43745,68.63135317460318
21029,31.8238804945055
69271,63.81987499999998
65974,28.709091269841267
51489,41.57894444444443
20157,54.51816576479077
27075,65.28127976190478
85519,68.79510317460318
60306,35.54700198412697
82132,27.091128968253983
91774,68.98757918552037
25650,71.22638870851368
7883,54.278904061624665
85852,44.617918831168836
2654,31.652867063492078
58471,45.16366468253968
55836,26.28599801587302
61232,56.3101607142857
38359,75.27830519480521
92358,38.34455039894746
9444,48.11429442085692
82273,59.17874783549783
93968,37.706345238095224
44739,64.12792658730159
68108,65.4172448107448
15664,47.616579725829716
57381,38.774417735042725
59226,53.397293650793664
37481,11.654266233766242
81168,79.97376923076924
32517,82.0
88508,56.50545075757578
6333,45.107347222222224
61762,64.69657142857143
36420,27.44905555555556
27330,42.935276709401705
100274,49.9849659090909
97211,70.04895582706767
98092,48.32145310245311
2832,60.02282738095239
23094,72.54923856415562
55408,66.00387593795953
84236,86.59233333333333
23678,35.98789287673111
102075,27.62228391053391
61664,19.206357142857147
93420,56.93302777777778
10839,45.498383116883126
80195,60.19672115384619
94294,66.88041917293232
24207,37.6489623015873
74597,53.225489010989
44140,75.6021369047619
92835,34.54608333333333
65828,66.86961850649351
9745,47.67982341269842
89459,53.74971536796536
101624,68.72283333333334
46263,51.98312500000001
42658,52.709214285714296
19936,36.28118560606061
15927,59.750290945165936
82056,38.29276605339106
100360,73.26128084415585
20871,60.44008550221707
22501,30.932879509379507
20024,41.57547817460317
69267,38.872535714285725
1437,77.75339635854343
78793,43.020479437229454
80280,52.413731601731605
62611,37.23575793650793
40246,61.21952380952383
90949,69.56313095238096
53333,59.66725396825397
7622,71.9657273045582
61140,26.958676587301593
27480,62.579913961038976
25771,76.03302419354839
54526,51.27607936507937
14197,43.89052651515151
82613,42.63730627705629
49335,74.01244047619048
41998,67.95276424963924
53209,31.688378968253964
14519,63.91003342490841
70093,44.46332485569987
80658,78.45241666666668
93784,38.49541071428571
93049,33.15083766233766
94353,40.15750992063492
97184,44.92596825396826
25146,29.247307900432915
14169,55.66799671162169
44839,71.39900793650794
45884,73.35604725829727
86725,35.037494588744586
85697,53.95213744588744
24234,67.77725000000001
59577,62.031730519480526
68212,67.22730699855698
30788,57.41440079365079
93994,70.35391666666668
94536,63.53139484126985
66155,27.485861111111106
40431,64.53076794039296
35307,73.88584523809526
19224,69.61734794372293
19052,33.92966666666666
50865,68.8633492063492
75906,58.49024531024529
6097,81.03913888888887
37429,69.02722222222222
85114,32.036288239538244
29613,66.85784586466167
75051,47.21012301587302
7655,72.72328381596473
15053,76.00158333333333
75180,39.15013988095238
89120,68.9193682983683
14771,45.673962662337665
71702,68.78529166666667
23877,44.52715195915198
89361,36.84746428571428
3915,54.48495833333331
10193,66.15304924242427
23107,53.42418055555555
445,78.98941025641025
71847,38.70482142857142
64160,65.31745436507936
47257,62.90663128538131
4599,45.60860822510823
28818,45.879117063492046
2683,40.34517658730159
59451,50.05626406926408
101133,40.318797619047615
57441,79.81442857142856
92413,45.34860064935064
31086,50.99815873015876
2509,50.35463385225886
9071,75.71878014434078
2301,77.00375
5012,49.43459920634923
74636,57.25110284568375
1005,68.87419444444444
84476,67.51945064657563
78521,39.44206683564115
73505,28.62701623376625
53816,43.13427092352091
40758,42.76197997835499
96525,67.86816143578645
1941,76.15897186147185
67521,67.40414891395157
68756,34.581454365079345
23404,64.99546503496502
13255,64.24264285714287
59505,79.32735714285714
78469,33.6113492063492
54311,38.9700229978355
29027,44.99649603174603
60559,74.96122756410257
20836,62.99375
28289,28.925623015873008
38787,65.92105952380953
84728,38.201863095238096
95569,55.49949242424242
53035,44.54186904761906
59736,57.11989880952378
65430,81.9135992063492
62391,58.892597402597396
18600,72.37890277777777
13591,66.696498015873
101790,44.79445707070707
85575,79.05565782828285
99483,39.192779942279955
30522,62.51882142857142
23864,48.02555555555556
46792,45.113821428571434
99271,82.10064575794433
52891,42.94795039682539
69409,49.785744408369425
101188,36.75608585858587
24795,43.86534523809523
77111,73.37813492063492
18459,31.72178192640693
100661,77.0309523809524
15673,47.77984523809525
7304,65.94731132756132
17638,64.20939754689755
70421,74.01357142857141
85652,47.63788748751248
43650,64.66814898989898
96787,37.6331176046176
58126,68.9233095238095
57061,64.6945879120879
88010,69.78485895026027
25693,66.7450396825397
13121,52.98895634920635
22422,43.838339285714284
78264,55.001764069264084
62731,64.4826388888889
87153,35.48342442279941
49843,67.69333333333333
20657,50.23124404761906
85081,45.95533207070707
41373,58.41286706349206
21652,59.92132142857144
46101,50.97442844655344
29816,56.52296182983684
94369,39.55224725274726
79732,77.82226984126983
62084,30.387408730158718
75340,44.4715773809524
7735,58.81456807081808
52959,50.21045695970695
77744,39.88918391330892
64133,41.011859126984135
51003,78.99888888888889
42407,62.49121699134201
72410,63.647136904761894
37154,28.76240476190477
136,51.416739316239294
29826,39.88581259018759
57347,64.15972916666666
54757,58.64943113553113
14256,60.63508531746031
36909,79.21034145021646
87965,34.75357233044733
72534,68.007125
22784,47.67675234487734
73763,72.72413412975914
57087,58.89520634920636
71395,30.02739682539683
75358,70.46840079365079
71363,34.06517857142856
64982,38.26718849206349
12028,67.48168181818181
21998,93.41036904761906
43017,65.9194384920635
80731,74.86584033613445
40828,29.666531746031733
39252,27.54008838383839
63427,62.65710479797981
4578,69.7032316017316
31563,67.42178160728162
7568,37.79086417748919
98924,46.33880555555557
54766,41.6998106060606
31533,51.490717261904756
88689,66.9536219336219
51072,44.061679685510555
57454,33.88356727994226
75714,65.41552561327562
69184,69.77119570707072
66302,76.04660515873016
65136,51.207913961038955
56580,49.48084722222221
76109,60.74440115440116
19551,35.7815415972916
19635,62.24641287878788
45148,33.715870129870126
26197,50.414116522366555
80012,71.19681457431457
92887,55.666598484848485
21407,32.323000000000015
35022,48.41210714285713
22181,76.84275000000001
87779,43.69129148629148
7644,95.26623809523811
79725,75.42981546231546
20383,62.04007503607504
39263,46.059293942577035
82430,37.747845238095245
5604,40.110053252303274
22477,73.98215889094567
28029,67.50783531746032
55921,63.53303174603177
50133,41.09913474025974
96886,67.56156547619047
11717,25.787221139971145
14287,61.54907936507937
73958,48.67030753968253
77548,58.473973114304
58611,53.32707665945165
5671,78.88184523809524
38626,70.49536736874236
26074,48.95161922799424
33696,39.18956277056277
76279,80.67521632736282
58224,61.29870454545455
25214,73.08379761904762
83889,45.425577380952376
72411,47.10923611111112
22916,57.26990079365077
3369,46.600058426222894
85004,39.743825757575735
4426,74.99202182539682
84118,52.30722337384838
47129,48.61797709235209
69752,39.1683137973138
62468,60.79751136363639
38304,45.051431077694254
67004,69.87468295739349
15833,32.95645183982683
54426,45.254732142857165
9861,63.8677417027417
4051,52.547436507936524
81283,64.12040613308633
101562,19.128002344877338
17474,69.54937229437228
18529,55.92843849206348
40173,34.99888961038962
77620,38.08119913419913
79158,71.75763189287538
68543,44.469353354978345
53527,70.14416114522733
80989,32.564922619047614
26335,50.342643939393945
87014,29.736050144300147
18205,43.2961314935065
79301,45.421134920634934
57297,70.13668650793652
94088,67.86736847874349
79391,64.45812999500498
90798,34.731791991341986
4706,64.97247348484849
86160,38.1594989177489
13106,45.60320833333332
101861,48.65382539682539
37126,61.21395543345546
25897,34.24238870851369
25494,45.82564105339105
68326,49.96028968253965
4377,76.44190970630677
81655,74.58665205627705
60952,80.24028007518797
78106,22.51136165223665
59885,60.22553754578754
29379,43.442892135642154
70780,78.76344871794872
10166,55.904880952380935
49975,39.50757142857143
27383,66.6525496031746
66521,67.03121647374365
15931,60.90507981601732
35597,67.97146428571428
60120,38.90204105616605
49566,28.898470238095243
14182,65.59729563492061
19314,47.74400158175159
57428,42.113986832611815
37298,37.64407142857143
95886,42.7596985930736
30260,42.77668831168831
48460,31.306784271284254
50951,33.0278327922078
33647,36.134541666666664
98461,24.88826083638584
88950,24.066944805194805
97105,75.4924956140351
52864,57.22991651404151
12602,28.372703643578642
4472,28.09344642857141
35574,58.72609677128428
66135,40.23660912698413
25274,36.933005952380945
42536,45.62271103896102
80777,53.93332521645019
18226,56.651753246753266
71975,82.00083333333332
70507,44.54259199134201
68623,27.86766468253968
4623,74.30780586080587
15649,55.63050049950049
87404,28.92144047619047
101462,52.2315644078144
86370,41.09024206349206
95236,35.55187622100122
15501,60.12517445054944
14936,60.625136294261296
53860,76.79862914862915
19453,53.0070741341991
34588,50.493511363636365
51033,79.87285714285714
100591,58.376360028860034
35724,64.97746794871794
86617,50.76940873015871
10427,66.42492559523811
50925,51.15893181818185
46619,69.33628823953825
55943,10.26822619047619
2914,50.64748322510821
96286,54.51164285714285
14088,38.13755753968254
89599,41.672972222222235
68361,55.97991594516593
47442,65.80136519607844
94091,36.16387896825396
23686,56.55224529637032
46315,37.058471230158744
28274,64.2511001984127
84254,74.33739285714285
52210,63.78465349927851
79896,75.79230086580087
67249,58.260133491508505
62637,39.265417568542595
631,61.779477133977124
44351,80.76446428571428
79165,35.60251821789321
58502,74.98507521645021
65402,72.49004761904762
43214,72.0
23346,66.41392694805195
25774,34.30689682539683
7088,50.208832611832634
92378,76.12682875457875
33372,67.43294692072635
67392,53.99658098845599
15893,61.86238873626375
6331,28.57837301587301
16830,41.58851587301584
47512,43.88768452380953
20051,72.99833333333333
82228,36.81571428571428
523,31.518309690309678
70740,74.48258318070818
83993,51.52267918192919
10585,55.65953751803756
37609,44.594057359307335
64910,64.79563888888889
90236,35.084354076479066
34661,41.476263888888894
458,80.23514743589743
37074,39.5724642857143
95938,46.64622240259739
39965,53.55684469696969
12403,28.03299657287157
85481,62.93362500000001
2430,67.65686507936509
49198,69.92155555555556
70849,38.80248015873016
10835,34.11314285714287
22341,70.89325488400489
11683,38.99116666666668
39552,43.4738980880231
28027,43.06491341991342
17965,45.227200396825396
26842,41.25511309523809
54483,46.3741268037518
18954,48.187565476190464
36043,39.51977115939614
73245,54.30043530020705
23579,43.02220833333333
9489,31.823339285714273
80123,54.986964285714315
6095,49.18853934953936
22789,95.15180753968254
67230,59.225778998779006
11646,68.02977182539682
30704,41.77849999999999
86283,57.393307539682525
301,45.3790524891775
27036,61.16537301587302
75342,78.7117770600787
79343,66.89217139804641
61928,59.57176002673798
30720,70.88066666666666
61788,47.39023015873016
65335,72.05212132312133
8951,62.596708333333325
82632,57.49895833333333
16301,56.03633116883117
96732,77.64191666666666
94454,28.912798701298716
22821,28.03862391774891
86685,58.69350793650794
74727,51.63199007936507
89726,43.54455808080807
100323,39.262374583749576
65709,41.04379563492063
96010,47.93487103174606
95594,39.364500000000014
60922,47.29940873015873
84550,38.66894354256855
98060,62.4338418606677
97555,66.80310714285714
59579,56.03250126262626
29651,43.211614718614726
66397,39.77293253968254
32795,35.903944444444434
24822,61.61983333333333
68681,63.85588888888888
40347,84.90683333333332
63978,40.75661507936507
14058,62.536299603174584
71746,81.91587734487733
102450,75.0042976190476
77456,64.87293181818183
45953,58.67597835497836
50496,64.74054329004332
39359,36.51489285714286
50682,39.38760515873015
70579,39.14037698412698
102573,65.20846085858588
19986,44.398214285714275
31093,47.0634583333333
48253,64.69385023310024
73247,39.97594516594516
46003,67.47164880952381
22029,40.933294011544
97160,54.80991792929295
84189,36.59451262626262
7497,71.82805555555555
37243,67.978375
41653,65.97929761904761
50717,44.22338759851259
80595,52.41713264513264
34889,63.00872420634917
25250,37.85750649350649
62358,73.00666666666666
95081,54.32593452380952
26135,69.87313293650791
22800,80.33686904761903
48152,52.36279166666666
23089,32.169874278499265
43738,60.8781958874459
95141,31.55931277056277
33369,51.391375901875925
82693,55.97895238095239
51248,46.303604617604606
39272,65.82547527472526
35155,68.12986904761904
85483,36.24937896825398
76494,56.11486742424242
49689,38.018656746031745
10073,46.40678373015872
13702,50.643445582195596
38550,18.45462752525253
13021,47.70162319624819
42586,37.28858531746031
25042,46.5255642135642
2893,71.61715476190476
7864,38.655245129870124
30074,56.94317261904763
71685,55.436202741702736
29593,55.17716396103896
28142,38.3117232726424
62180,55.63730952380953
76752,63.62013349150848
101173,59.795168067226896
24770,73.62315476190477
11757,69.25992507002802
8289,73.73463888888888
98782,69.58085119047618
75966,48.24744459706958
74819,46.50389484126985
67534,72.61633820346321
5337,63.60268885281386
23023,45.58084226190476
56728,48.12871230158729
87154,60.920212184873954
51728,44.89154635642132
91617,60.934188492063484
97104,51.555527417027434
50111,83.57547680294229
64952,12.621514610389609
92754,43.50386507936508
1833,42.339958333333335
43500,43.55978066378065
41683,37.97961614774113
54060,41.909409090909094
16050,48.64826948051946
75882,76.98005555555555
87179,67.19124603174605
11242,72.48332767232766
90293,61.066612734487755
59185,74.6495753968254
28435,27.90401984126985
99898,33.49873214285714
63548,56.02493795093795
95644,61.834116973304475
50597,46.46732341269841
46350,16.00698000610501
59656,49.537531746031746
65217,26.370830128205128
72197,27.709431998557
7697,52.14708730158732
5067,71.76041269841268
63875,53.817976190476195
44918,38.89391792929292
51868,48.480862554112555
77593,56.66554689754692
5393,37.39969787157289
90362,98.0
33712,71.88782341269841
43634,27.347071789321795
20723,57.008833333333335
9418,47.8775138888889
93403,34.72504761904763
619,76.81770267232767
1963,45.21159920634919
88932,69.52762948162949
70233,70.45711309523809
94403,62.615672619047615
65236,71.46997222222222
82948,70.95615079365079
49849,43.63910317460317
37587,46.90222619047619
44441,49.582909812409795
19168,69.60308333333333
7256,53.00529599567099
35999,77.29659126984127
72618,53.113203823953825
20146,68.4337857142857
84325,53.06543181818182
47456,54.76306150793653
3099,41.247817099567094
51923,64.9573227813853
38364,58.636939340887864
10634,33.26059992784993
42157,67.93216163003663
396,69.53321230158731
96833,59.711210317460306
80246,31.669113095238085
13240,54.19901587301588
17501,76.87632142857143
45307,73.21585317460318
47439,51.34686904761904
11120,79.007
60671,65.59240476190476
88584,37.509626262626256
11096,70.54553571428572
24095,32.21282395382396
9775,60.91224476911976
12122,50.74616973304474
79497,61.94850216450216
60958,39.07165476190477
41960,65.1121756854257
32715,38.9272866161616
56639,28.943784451659454
87973,49.05525595238096
102417,64.93347781385279
78239,52.927642857142864
17961,39.961896520146524
51799,77.18808333333332
25074,36.576227827727834
52323,58.13377380952381
21481,40.37708044733045
59028,76.14960714285715
30466,53.06068772893773
62964,52.63350076312577
7935,56.31548018648019
84851,65.89367658730158
51217,62.64614285714285
28711,67.73014705882353
97478,73.58416666666668
66625,68.816875
94083,75.09083333333334
95088,74.65143099547511
63138,43.31460515873015
99785,56.80733415195916
60727,48.400547619047614
100025,35.05521428571429
92884,33.91181746031746
34572,69.65720238095237
46807,52.69512409812407
21761,68.68907142857144
5819,51.16618759018759
100544,39.98420833333333
48384,74.42768333333335
84696,49.88541666666667
81195,46.357672077922054
27569,80.92288888888889
48454,52.81631385281385
87874,59.962873251748285
8202,29.20926587301588
54808,67.25038257575757
22727,47.209954004328985
54269,36.31761384448885
43688,57.258822510822505
8501,62.42278711484593
91700,68.50675
57075,38.15909487734487
4459,58.51123015873015
81873,45.6720256132756
60592,51.51059325396827
43107,43.56001785714287
70011,81.13177380952382
82276,52.503277958152985
74438,41.227656565656545
20193,29.285725288600275
50604,47.24604635642136
77436,47.00219480519478
101096,24.06067983405483
19991,72.79245885854341
88927,38.60522619047618
76881,87.94714285714286
76794,38.5525817099567
67466,58.91793344155845
95640,32.32050595238095
15363,35.49452777777778
1969,71.57057936507935
26981,32.986479229104226
51508,73.22544047619047
25403,51.85578479853481
48998,53.2095
70290,46.272124999999996
76638,58.704368686868655
85391,51.47608928571428
85306,78.0
58141,58.70992243867243
90139,64.62030808080809
47543,61.58352579365081
51395,49.92391758241758
21287,72.11583333333331
27553,48.13562499999999
60889,71.86595238095238
91189,37.98938492063492
76641,27.33633369408369
18042,73.68418353576249
35810,45.58057395382396
76730,36.39231006493506
4732,23.739801961926972
19294,66.95636004273506
31868,60.81363347763347
17936,63.83107738095241
21569,35.86568849206349
10227,35.27541504329003
23390,55.450091808045755
1541,40.46622005772007
21618,52.390620074370084
57125,50.34624999999999
96003,64.86318614718614
19769,40.383835317460296
44852,48.53598755411257
94969,45.43295039682539
24684,64.36459884559885
774,58.2148567821068
51980,37.41531818181817
85952,61.238261904761906
60508,57.41367424242421
91960,29.627665674603175
32233,48.73775793650794
63107,31.566791666666678
8517,54.03474332611834
10905,60.177749313186816
86919,67.88840616246497
17976,44.278251623376626
14878,26.751878066378072
52903,61.798916375291384
7789,57.683466269841276
72440,27.621749999999988
26230,51.99378571428572
67105,64.23002182539682
79235,78.54237728937728
5669,45.009886904761885
85445,74.28624725274726
28329,69.95283683473389
34870,62.258359126984125
1001,62.62543055555553
76342,52.43852020202018
72722,72.995
23570,44.52363492063491
84140,75.92623214285715
98340,70.37536904761905
43709,46.4975422563977
856,54.9793400621118
43707,67.01821248196251
33806,45.70438898601397
82529,40.144250162076254
55040,66.68594047619048
49652,54.187718434343395
329,69.7927264451235
61849,37.6428952991453
58433,68.20453373015874
58684,67.37818452380952
39801,51.056994935619926
62310,32.70823015873016
55573,41.71676587301587
93681,33.21070833333333
45116,49.70868849206349
64839,38.21727548840049
34498,53.3012658730159
54795,30.289785714285717
15097,46.11198196248196
1349,51.515465007215006
36681,45.97863888888889
52844,70.94234523809524
93788,90.504375
22056,22.101091269841277
37546,51.264581349206374
54687,55.66932051282052
72027,50.751671897546906
17947,75.68199145299145
54665,68.96550595238095
101021,78.8331130952381
1696,43.75009632034631
28024,45.39611129148631
25545,43.338821428571435
96034,37.179218614718614
31469,34.62436172161173
88976,73.46726388888888
46377,32.21560281385281
63505,47.00623015873017
56435,38.21822503885004
81754,62.980708333333354
100332,69.59311904761904
86589,79.45245833333334
62639,53.19965079365079
66087,64.14244480519481
52629,72.90128250915751
23646,62.880113095238094
10236,19.425358225108223
15652,45.105304112554094
70484,77.08612806637807
8819,47.681217712842724
14134,82.96023214285715
9566,50.2610804195804
64498,45.57884794372294
62154,45.34167478354977
29079,66.43654761904763
82537,65.2123392857143
66590,45.761263528138535
91883,59.74045328282829
70383,36.24546031746032
102196,38.81825288600288
88152,69.68338571428572
95762,70.61380357142858
71983,36.40815927128427
27329,47.52727290764789
13707,35.07217442279942
72762,68.78371626984126
90004,55.918988095238085
28712,62.24672023809525
41846,56.9243888888889
75863,41.85957683982684
60081,44.35814592352092
78070,74.14553300865799
97929,59.37214285714288
88058,49.75497817460316
71888,32.3840018037518
35124,65.3181066017316
71946,62.99995098039217
18930,50.55114502164503
22061,73.87428571428572
22192,43.952628968253975
53612,31.67768849206348
67669,70.7282867965368
68172,52.681782467532486
90948,49.12174963924965
78523,76.29924603174604
94767,96.95625
93841,73.12857280219778
45931,43.76800595238096
99336,46.776367063492074
25509,51.87686507936508
54548,46.91242207792208
16896,31.39872727272728
51798,52.903740079365086
20243,75.50035851648352
83557,63.515569444444445
33352,58.73414970160558
97247,71.9284254148629
21075,79.2462628066378
26637,54.5183492063492
44642,54.37885119047619
31376,45.635976190476214
76069,15.932575396825394
73184,51.82815705128205
3984,33.60881637806638
72094,72.39338095238097
9646,36.43679112554112
8530,54.39042658730161
59836,17.90132341269841
87100,46.637178391053396
35463,79.95463997113994
39418,69.40425198412699
3079,42.78016810966811
5981,59.08323766837736
33545,52.31565476190475
62050,66.6651221139971
51277,34.1212738095238
102101,66.87142460317459
31906,49.042748196248205
14680,62.0315533910534
85755,39.985814976689994
24960,69.82446825396826
85144,82.91458333333333
97214,56.77069444444445
100039,69.94457142857145
102254,50.00834722222225
21263,44.508137987012994
72586,61.00941666666667
76627,72.92343849206351
45207,56.07634253246754
33081,41.58961507936507
2155,72.28933946608946
97003,29.57615331890332
19744,39.12046626984128
57462,43.41901770451772
90258,69.9503511904762
25298,46.22359469696971
40459,48.17842063492064
77987,45.90303840930313
33533,49.58632481325863
94174,36.74613690476189
45306,65.69198051948051
42816,70.45988591800355
81692,72.1905476190476
91654,63.52966666666668
17450,71.39935941427854
51990,71.04584052956847
37924,49.84818759018758
56478,52.310873015873014
29689,75.76091228070176
3722,31.688039682539674
73126,47.263302489177484
69501,23.63556854256854
77334,69.74574603174604
82759,41.39098214285715
63063,58.73454553779554
89582,39.43748881673883
92448,55.77889285714286
44817,40.761065656565684
92414,76.58899603174603
68247,63.010131868131865
60052,46.40036507936511
99890,69.9828362193362
58298,46.87616941391943
44456,54.89436904761905
18879,45.79503391053393
78006,51.33333226495727
33227,60.179243811743845
57944,45.943312030075205
68580,67.67440476190477
32524,38.72323611111109
20040,77.22803571428571
99435,20.316801587301587
41929,45.903847582972574
63121,54.47669934640524
18772,52.02434022921525
84390,52.26477838827838
50516,36.2976148989899
93793,61.41902741702742
48250,29.00680717893218
97498,48.40085245310246
100135,74.8911038961039
97431,80.3725
71187,46.23283928571428
52497,50.82452662615161
25773,57.97585134310137
91143,73.69332738095238
6016,72.84996626984127
28163,54.120922438672444
63450,60.80240873015873
33163,64.72860064935065
12563,94.61908333333332
98275,73.05741666666667
37394,55.65452976190473
46050,48.26448647186149
52620,37.24102631578947
41076,68.95147817460317
56101,71.80582005494506
54244,72.96085714285715
48225,74.08900492610837
16437,78.98890781642929
78296,32.0535064935065
87440,67.7859623015873
98174,73.8249642857143
68478,55.30017460317461
50707,28.46517334054834
70745,57.797694999445
12963,45.972871031746024
59022,45.986591630591626
6800,43.19220436507934
41737,57.605073412698424
96367,41.39260245310246
46048,71.33129645354644
6229,49.01634686147184
27595,80.81316666666666
19578,80.95081578947368
23290,30.90644823232323
27159,35.01751875901875
74341,61.30479960317461
94992,72.09399404761905
52064,31.506755952380942
13503,53.5253584054834
25733,51.79862103174605
25453,31.204708874458873
38406,81.67159090909092
57697,36.93995833333334
70015,35.140432539682536
94766,43.0893585858586
82029,74.81575990675991
21313,49.000938492063526
62064,41.528251984126975
13122,53.425440781440784
96267,40.74356493506494
33497,76.01562645249486
6880,73.6838785103785
92916,39.07907323232324
54386,40.37874368686868
70514,59.18409271284271
99990,39.35405357142858
22926,47.270920274170265
86908,49.089937770562756
4443,82.0
40020,52.72114880952381
41844,23.386366341991337
35340,69.75442424242425
67743,37.215436507936495
78492,36.092965728715726
84666,61.59261111111111
98140,42.575128968253985
11404,45.18136706349203
7821,73.6101893939394
97527,56.7413703102453
88454,59.94359523809522
82979,35.34130248917748
98792,78.02234943977592
92925,54.623243131868136
71506,54.749214646464644
45588,49.82304365079367
54743,50.658319985569996
24276,63.22073921984448
14328,67.62778196803195
21323,40.63193867243864
16616,56.50505555555556
70720,71.54913095238095
52021,62.87447932330827
22445,55.641478174603165
56199,75.95797023809524
71497,35.35273701298701
87037,57.13242442279943
17468,47.07595833333334
7043,71.27403138528138
62807,29.89681944444445
71287,76.29370833333333
59590,68.78425829725828
85778,51.464100108225104
14456,60.484217019092014
102578,37.95111904761903
43668,50.282305735930706
21040,30.064658730158726
50939,47.728994047619054
5455,64.19075324675323
63902,73.92676036682614
88256,42.249067460317455
61859,40.30561544011547
83456,50.35863636363635
32834,45.27752976190476
84552,72.0
50272,47.96667857142857
52513,52.892442765567786
71483,60.433599025974026
45422,37.84731944444445
44182,62.664047619047615
11497,43.084109126984124
5936,44.23858405483406
90443,38.00214880952379
64500,68.24515476190477
96361,74.65501132020155
72733,78.7657403846154
12933,61.38313708513709
86741,53.356838924963924
78209,46.94551791264292
406,39.47811201298702
73875,43.46175933706813
74015,27.742922619047622
7681,28.757830765639593
15513,60.28027489177487
92175,31.114938492063498
74620,41.742242063492064
65106,61.866926587301585
59729,40.77395039682538
74898,29.35179761904762
56727,27.92831637806638
32595,77.2583409090909
65530,51.47777146464646
38526,53.19846681096681
66519,74.10813095238096
7712,24.750390914640903
53845,82.73736904761903
61906,53.32169336219336
16513,47.82876479076479
97206,46.20194733044732
98351,31.450440018315042
80999,44.53877579365079
76386,37.24096121933623
53881,59.66181222943724
96994,45.34140999278498
79872,81.67728571428572
42459,50.28360431527536
88333,56.152913461538446
44291,32.70737505141916
48990,60.60566468253969
39785,51.95492568542568
69055,59.65633820346321
61280,55.85430357142855
72626,43.609108252858256
65486,36.926678571428575
64763,62.01804743867244
50049,59.53679653679654
28570,41.88308658008658
17102,65.79708333333333
32223,45.441234307359316
90342,55.03877380952382
86058,53.43588564213568
101820,71.33375
75996,30.956408730158728
78645,67.06671264367816
43439,63.13698015873017
65758,49.948105158730165
76700,73.43646042471042
43277,56.97219642857145
69384,52.805188311688305
87641,54.100464285714295
39862,47.4804576118326
46519,63.16581746031747
27436,38.52081547619048
50292,28.902700396825384
73951,35.50444841269841
96978,62.911071428571425
46208,43.91469947209654
12615,33.77247817460317
10524,59.475837662337675
43125,42.49207521645022
33738,55.911060134310134
96668,66.87233333333334
16108,48.8568234126984
10847,63.425645021645
78046,39.910379689754684
59120,36.69611045898544
81696,73.57733928571427
62466,36.54675595238093
5780,36.94598583361083
39868,80.23671428571429
72304,46.20373989898988
31233,47.57452380952379
13391,44.74635876623377
59564,40.43808730158731
4036,27.794958513708526
12400,69.97945833333334
12823,46.69182936507936
18666,31.27682702020202
45983,34.68881782106782
29189,70.37723015873016
40457,42.43529365079365
31908,48.107263888888895
84862,47.301079365079374
27791,41.12221590909092
83099,26.033555375180377
51528,39.792257936507916
17023,44.76028373015873
52344,49.80627777777778
4395,47.12362500000002
90697,72.8017355838606
58242,70.59240007215007
20295,67.90513492063492
12748,48.023261363636365
15913,59.24832305194805
8036,66.15401410109502
26209,61.68566955266953
4081,57.48381150793652
89732,41.15057738095237
45553,32.760523989898985
91591,71.9575
55773,39.06256998556997
66309,58.615437950937945
63200,41.23812103174604
49127,24.708932720057714
26413,43.86090079365079
73295,69.03225
102682,76.62598809523809
92340,47.99123430735932
58087,70.39327380952382
98161,36.412736111111116
8519,62.815892857142835
74563,68.13015422077922
75898,60.17727777777778
58111,42.69381385281385
99516,36.923799603174594
46396,81.27992261904761
68917,36.154480158730166
43655,45.27840223665225
87859,42.80377344877345
77393,45.845189865689846
3976,50.3937297979798
73810,28.65868452380953
57586,63.8805277777778
96766,75.84225088352508
29971,34.84016468253969
3044,74.84586814574314
35127,52.45367460317461
40815,60.68843162393162
59908,29.303545967920954
37476,32.55130555555556
19827,54.673105970418455
46510,99.82083333333333
34778,40.7806001082251
50343,71.17965688967895
17441,74.69520238095238
100089,75.50186904761905
101026,77.40531944444443
84633,71.19087012987012
52546,33.83547619047619
91308,53.60948246198247
18916,65.3589503968254
93476,34.26919606782107
86941,37.571954004329
41093,47.302838023088015
2151,26.13204419191919
20969,58.95451266339868
93501,70.10256006493506
60766,53.75589375901876
98207,66.64914411976912
60492,82.0
21782,53.78929563492063
50310,37.86040169552668
91722,74.09580540293041
67481,55.19117445054944
33144,53.12807269119767
76764,48.02207007575758
58743,54.41880844155842
26587,29.65238690476192
19339,66.49768672993672
9385,68.94648511904761
83052,69.08531746031744
97541,74.28890871628373
56953,23.794815476190482
39345,74.18341484751488
74429,63.82920413614164
37431,29.992755952380957
23204,70.86838675213676
92010,52.459405122655134
62013,37.114217948717936
59862,54.669571428571444
44279,45.584406746031746
49576,31.436607905982907
65852,40.52435714285714
85119,40.12316651404151
12196,66.25052290764792
26910,65.82658705162224
89341,33.33294552669553
44101,31.367379148629148
7566,36.92226785714286
2115,60.255811507936514
54118,41.99846428571429
90823,73.09966666666666
8925,39.16541529304029
89407,78.92404761904761
16233,52.20293506493506
101479,30.01347023809524
81607,57.745616078366076
97537,74.73211781476427
4745,33.50556295093796
9604,43.56800274725274
51318,60.78306150793651
100045,43.19948538961038
76405,38.09184994172494
59020,76.99646428571427
21062,43.0100625901876
16251,34.53387103174603
55511,56.81300425962926
40622,36.4113134920635
28347,43.160196428571446
65440,36.119154761904745
21375,28.354761002886004
61747,61.73557142857142
88065,56.18633279220778
6087,48.03254463080779
100839,71.96698510313216
82482,69.013125
23073,41.955699675324695
80914,44.51239917027415
2624,39.174364718614726
69332,53.8120763888889
5952,42.915869588744584
86084,53.914706349206355
21573,38.75541666666668
9780,37.35070905483405
16106,53.93941937229437
3743,47.96715512265512
79380,69.90616292041292
33473,30.594465999278487
53292,34.048066017316
14689,67.03844246031744
30345,38.63126262626263
98496,28.670299603174602
54769,45.9654411976912
19087,66.51615221949105
26621,45.79410930735932
90123,52.73365492840496
77367,59.076678571428566
88794,75.77733935492802
29983,52.23225793650792
90353,52.247308531746036
65673,26.234821428571426
21391,59.36487484737486
77780,26.44906168831169
65846,46.1450055916306
35094,25.53546825396826
47942,46.61477525252522
90904,44.12115423465422
65224,40.91906962481962
88055,64.7840606060606
77166,64.96136904761904
3650,52.526824675324704
38860,43.153665223665215
86282,54.65015873015872
59997,38.61634108946609
29295,36.328081529581524
1737,61.89834866522366
25256,68.18908653846154
10268,50.6988795093795
2320,63.551365079365084
82643,57.76354761904762
91022,73.0
68228,69.44191576479078
7945,44.17809722222221
18664,65.7699603174603
53449,30.503634920634926
32133,56.67087698412699
55437,30.360347222222217
13247,41.44529256854257
54576,62.582394419306176
14814,80.29919191919193
89939,38.70916865079365
78594,73.78328525641027
100815,33.42109722222221
15984,59.69327904040402
334,37.10869841269841
90378,64.91766666666666
60646,36.57625396825398
24834,48.51696428571429
92809,71.86057081807081
57847,62.881783910533905
48215,42.539099025974025
1771,51.72510948773448
36167,44.27524062049063
75508,45.2262168109668
3187,52.9974087301587
61459,41.470135642135645
95739,53.21531295093796
19836,44.97237409812409
101609,56.0483777056277
2816,49.19741955266958
42576,28.052993853368854
57115,23.518467171717177
52506,32.1518924963925
88822,75.59129646967148
60376,62.92681218699601
80902,56.340684523809514
91817,37.50337500000001
80450,35.81377633477633
19506,51.28766468253971
50876,36.46228553391054
64588,55.56761381673881
102543,76.90864285714288
43980,74.87753038475543
66672,83.0
62851,36.50299603174604
69500,46.271513888888876
19546,37.21902182539682
42113,36.6053804112554
66803,69.77263690476191
7501,47.211835317460334
96478,42.02064917027418
94588,68.97692307692307
76646,48.090277777777764
23203,45.60984776334772
65171,85.00041666666667
45595,43.6132261904762
52259,44.31808076563958
91831,47.613775793650795
73056,53.594876443001425
97263,41.357462301587304
89196,25.307071789321796
54664,77.60640079365079
91778,45.04361796536799
21187,35.34484630647131
27886,68.58429761904762
6243,40.92118452380952
14432,53.45967063492063
89000,71.60373423423424
37877,77.37458928571428
46958,69.994625
82598,75.78588835725677
61799,61.57857611832615
51882,59.31817123154623
3158,81.02824999999999
61408,35.12264352314353
81038,95.58372222222222
34974,25.4144642857143
64785,36.85281511544011
30390,83.40775203962703
39275,26.8462050865801
70104,49.97293253968253
18534,69.41066620879121
33642,38.47694985569985
68075,55.590319610944604
35107,40.76995039682539
3904,47.044841630591606
5628,15.374656385281389
25830,62.61933134920637
35514,41.170277777777784
37833,47.12918849206351
49412,69.88528571428571
39241,42.29012103174604
23599,77.96600000000001
3408,59.1260238095238
43804,41.744565656565676
50417,45.49525595238095
4080,35.89506862581863
39255,35.04080357142858
62804,75.44709920634921
78877,33.37688059163058
83190,44.761959235209225
63752,51.316124999999985
32826,38.17304563492064
76774,39.978650613275626
99886,55.57631331168832
26970,51.9129347041847
44033,98.57720833333335
41026,26.076740079365067
27018,38.91326053113553
56538,34.15492915242652
9965,44.00472753635254
51344,40.5435367965368
98873,64.84049927849928
90291,68.22386165223665
55402,57.271851398601385
19726,62.247310592185585
63804,54.684542027417045
36583,52.8811636002886
53359,38.07496626984127
92817,43.44108531746032
23841,48.660089285714285
17311,17.730207611832608
32796,75.54833333333332
33650,28.059898809523826
75806,36.09763492063491
13709,66.99659465452848
9523,54.21298214285713
4384,68.49111904761905
84631,34.97398015873014
30840,34.44378192640692
94163,31.43650793650793
41792,59.30574206349206
102525,41.02362876012874
64843,69.90480826118328
69540,28.77970833333334
100396,74.3889642857143
39630,32.56064682539684
76081,73.2178344155844
24259,62.817704365079344
19715,41.723066017316015
35692,28.64329148629148
66645,71.34531717171718
30441,74.00560606060607
27643,59.27226352813852
4082,44.5921829004329
84250,49.75884794372294
2069,61.16249693362192
46996,36.081325757575776
39129,29.963664682539687
65040,52.01246428571426
13329,32.43101651779593
55547,75.9862554945055
58733,47.12628156565655
50510,63.20447492784993
59118,71.97191071428571
30094,54.22743253968257
95948,39.57645039682539
95449,55.7332222222222
72595,66.95302380952381
52985,40.152357142857134
95955,48.722590909090925
23197,39.296071248196256
34628,46.823784319889775
92417,33.76943055555557
56488,30.792779657477013
5348,32.105724206349215
63081,68.58110439560438
7709,39.15690259740258
37430,75.22095604395604
19429,42.561053571428566
28399,70.96321825396828
56309,28.439840659340657
46690,74.60940277777779
21776,39.631339285714276
87451,51.60543055555555
68877,66.88489935064935
81201,40.96656616994118
33916,40.74653769841269
63460,23.49367730880231
44897,36.286539682539676
66595,31.34498600668338
84368,61.691551587301575
16868,54.84614577497667
94155,65.86243849206348
57776,55.1841012945388
64552,47.65613492063493
36765,62.5756057422969
88963,75.94338690476192
90543,59.85692152577816
25220,76.005
70138,53.454045995670995
96725,69.79531944444443
26472,70.02978633866134
4052,72.36895833333334
81346,35.33975234487734
7641,45.49364682539684
22010,31.83788888888888
67821,76.77246536796537
20211,65.42098144829025
67747,61.79377380952382
81599,53.89930022755021
33713,50.881687049062045
73498,41.193793650793644
101283,15.44605303030303
1376,67.96403571428571
38731,46.237657106782116
31666,10.937874999999996
56723,81.56808333333332
95858,32.46004365079366
11547,74.92776556776558
19282,41.85079165279167
9043,85.23159848484848
11588,68.38572564935063
58039,38.35964484126984
61258,29.9717436868687
35637,45.29006746031745
73541,37.33969146131647
2150,33.71265963203464
54037,60.58192460317462
76498,32.712877886002886
57824,65.38779532967033
69867,36.528854978354985
101410,70.04541666666667
53777,55.08636900599402
99492,26.66618759018759
70157,55.53668885281385
74104,28.296021825396824
20629,40.88585984848485
36696,62.87106439393938
85840,62.9215874819625
31476,39.19179960317461
24402,58.47772249809015
11276,44.6938740981241
58794,40.96815981240983
23181,50.48108531746033
81857,59.35701695526696
83649,36.81208882783883
102357,62.5540357142857
5385,81.00183333333334
65163,33.94771176046175
4637,71.85633333333334
95050,35.43364799783549
16879,53.868192821067844
47593,43.96617261904761
83605,28.309718795093787
51004,44.31614736652236
23430,42.147873015873
10118,71.63678501370491
27439,58.45348719336221
3885,27.50853860028859
77100,40.22071933621935
54571,37.94371825396825
22508,41.324918040293035
77103,71.69550216450216
9029,75.75359704184703
32577,40.96535173160173
65787,72.56063299200801
94690,41.30214477189478
33066,23.87222366522367
25239,44.5592123015873
75807,60.47894017910194
79751,63.87843849206349
73848,70.44030952380952
47394,54.35863672438673
102468,47.24276560245312
4026,36.235125
97475,62.11511886724387
98688,47.53918055555556
68565,74.99927777777779
71626,45.49818272005773
28657,13.675280663780661
26427,27.23383730158729
74124,71.29656042568543
35714,61.926906746031754
34107,46.032468253968226
79727,64.85330158730159
85346,34.957378968253984
98007,70.6631865079365
102574,39.475982031857036
24880,31.061287698412706
9490,75.59315308302808
72870,26.68367857142857
93118,81.99833333333332
64613,42.15270436507937
65802,31.523550685425686
29272,41.12719246031747
2877,81.484
87818,52.27283387445887
378,34.892323412698424
86754,46.694702020202
56319,39.466398809523824
69521,40.5605284992785
43621,29.312489177489187
93881,48.77556150793651
48284,78.07370634920636
49059,48.57250883838384
19333,50.62381222943724
70025,54.7072619047619
16566,65.66076388888888
70923,71.8199827264239
45574,69.47290476190477
58003,40.02674603174602
86179,30.72379563492063
83218,74.99921052631579
59559,71.94456818181817
51263,69.68342135642133
100108,26.711878968253977
93262,79.63694005069007
2440,69.56097619047618
42756,49.88831746031747
70822,48.23910912698414
93754,67.0119977106227
58725,58.167130952380965
27546,40.339626623376624
93809,68.53238095238095
28051,65.95917063492062
55122,68.87612499999999
42776,71.92097023809522
10240,52.59363888888889
95601,49.517311507936505
31485,44.29693585581087
59754,63.645567002442014
99209,31.933584956709957
24349,42.634866161616166
9978,47.08426930014431
78187,28.575972222222227
92097,76.35445833333334
34542,26.216615079365088
25521,42.978179112554116
61003,45.68114285714286
102191,54.721158549783524
24542,63.0
92699,46.648934704184704
74710,57.718144480519456
83197,76.55416071428571
65477,60.76143116605616
77187,36.66940313852815
47090,76.9725
39383,38.67259722222221
84997,63.3494484126984
101346,72.16378571428572
69930,81.83932142857142
41006,85.68416666666666
53230,43.6262644993895
33188,59.157253968253954
75158,56.06348296148295
14928,40.18768055555554
66500,55.36520761183261
46907,38.172305194805205
37949,45.811848845598824
22822,35.483573412698426
19709,48.38766666666669
38142,38.41258170995673
1230,53.29769552669551
5210,42.55475414862915
48769,58.20969696969695
101427,30.086102813852808
82591,45.51115476190477
53937,80.01012306443556
97838,74.35497266214178
85163,56.75745414307916
5212,59.97784722222224
22743,65.73783333333333
91290,62.586240334227185
32668,54.66569336219339
58018,25.239309523809524
97545,78.934375
100532,34.71467694805195
78537,69.89507936507935
36068,34.99772420634919
74934,27.828826118326123
1664,28.890309523809524
26759,58.53774314574314
99857,81.03315541334396
81269,35.58278968253969
19468,36.856925505050505
27768,33.8561626984127
10198,34.32044841269842
25558,34.701531746031726
2003,31.384950757575766
67702,35.59232792207794
84860,28.046367063492074
53377,37.361496031746036
98361,54.72305555555554
81730,47.53247781385281
50294,37.41191819291819
19268,69.53283928571427
19552,40.198906746031746
92030,39.08178373015872
67222,44.37975487012988
102422,72.82310119047618
81260,36.95141197691197
2674,64.91444444444444
101265,61.92007413419913
980,67.00153968253969
92478,43.60595634920635
62916,51.92272763347764
49101,34.77262878787877
54212,56.897603174603184
43685,50.45747222222222
93700,42.87445634920637
20155,81.81908333333332
39557,67.66398214285715
100180,76.08309587471352
12493,41.58378553391055
11228,40.63505266955267
26339,68.73267658730158
101085,61.5553603896104
14071,71.6799761904762
91918,19.66303918344727
12341,87.31900000000002
34167,49.590277777777764
59831,29.229549062049056
23503,35.480242063492035
21426,77.89088095238097
7963,41.349416125541126
63722,51.75016792929292
37110,51.98045111832613
42982,48.554025432900424
85395,62.07118650793649
67737,39.799542929292926
48594,22.820499694749696
33617,31.0477638888889
90971,39.294865079365096
58815,56.62629832667331
85831,40.98220869408368
34952,57.472095238095235
52211,23.97315512265514
98210,58.758153499278485
83602,32.369442460317465
694,46.5435254329004
80596,25.902253246753247
24102,83.0
74747,54.308710137085136
56890,73.40230723443224
76046,46.41599815462317
42885,49.976087301587306
32643,33.4629345238095
14830,15.26922348484848
38213,50.1397893217893
74532,53.800811507936515
1416,70.9306771006771
31688,65.51983351370852
99517,70.85416666666666
4055,37.35617658730159
29140,63.058297619047615
35296,45.93268452380952
49795,44.655622113997104
41656,25.492726190476198
19123,49.909309704184714
88417,63.340839285714274
78395,63.323226010100996
66113,75.94655844155845
17499,61.30887445887446
70863,70.49248997493734
21658,69.51853826728826
75817,62.431518939393925
85505,69.78625
32082,51.1062931096681
57179,62.206462018373784
9424,77.3646111111111
21508,36.54619823232323
19489,26.672488095238094
66000,63.14821825396825
89470,48.53959632034629
30009,32.14054292929293
55574,61.348571428571404
25841,52.59285515873016
39496,75.29736309523813
75376,71.404875
22511,70.52518007716921
31394,54.46760588023087
63269,75.7009007936508
64578,35.07034325396827
73705,36.25928174603175
16214,64.16260515873016
90685,30.360033730158726
10391,65.24617658730159
23120,29.08953769841269
81319,57.73041666666667
68413,77.06828571428571
84117,26.400268315018312
5361,76.98270941558442
75517,65.39473611111113
75174,50.8517708125208
8684,63.427739718614724
97662,62.11622817460319
96654,38.86787103174602
93907,35.76588979076479
23178,56.21924242424243
47298,37.218091089466085
90213,42.46339862914864
27835,60.12636796536796
20491,43.55516504329006
23152,57.55681277056276
63854,68.00081547619047
26892,42.25623504273503
68713,49.909702380952396
69647,40.37639087301588
30396,66.57610389610387
44628,60.21613095238095
43770,55.135740440115434
8138,32.02798466810968
24058,78.30538095238096
17093,45.29486796536796
2508,50.97889567669173
89952,68.89539285714287
84988,56.690972943722954
18105,68.88496428571429
28218,71.93810786435787
42041,51.52961706349206
2013,56.2291646825397
63723,46.91239682539685
34204,32.64622348484849
23897,53.190646214896205
23500,34.48890873015871
92848,51.15971825396826
43386,43.18593957431459
29985,50.165724206349196
15579,37.145389430014426
52139,67.97063095238094
18457,22.60663654401154
33874,66.35302976190475
18694,63.4445007215007
35834,63.05616163003664
48086,44.739769841269826
71914,63.032224358974375
64421,32.68067261904762
35633,63.06061706349205
23984,73.38007639290534
94149,36.376412157287156
62301,48.85641973304474
1330,59.98954578754579
51695,54.720904030910596
58971,71.42259722222225
17286,85.0
68645,33.662647366522364
37425,61.775230741480755
6190,79.99958333333333
73396,37.51866468253967
37972,42.08089087301587
12811,64.86740242763771
52022,28.061172619047625
102527,53.47367911255411
26863,60.24703232600733
71123,63.42867857142859
21286,32.17096717171718
26767,72.87514664502163
14170,61.790672619047626
2054,50.73706746031745
17003,65.0524126984127
92031,46.65071626984127
35381,43.532323412698425
86212,43.32527609890109
87538,34.79558116883117
40456,40.915220238095245
8667,15.93526046176046
53788,45.246208333333335
62269,32.34150180375181
18262,63.625584150326794
27805,55.77631913919413
72719,72.70669047619047
70492,64.76238736263737
67630,40.81461106948604
77486,51.26183333333334
47525,57.95966330891331
42573,51.72482242063493
87769,81.68769047619048
21309,43.52898415473415
36233,38.76445851370852
20147,65.25407936507935
59293,31.956103354978346
90925,35.82279014041514
42597,50.47522041847043
97812,35.8937123015873
56240,44.07855555555553
22517,42.38348448773448
79639,56.49258289831085
95659,42.17064484126986
78099,83.2617420634921
40496,44.70701244588743
73116,41.473557359307364
92581,81.748
45198,65.24550892857141
78217,46.56453120490621
66194,34.879912282162294
78254,45.9212996031746
42650,69.48516856559125
23831,21.26467316017316
41022,71.85019215506716
78292,31.115291666666675
66978,44.84569047619047
98952,67.03524293068043
50362,32.745202380952385
19915,45.49596825396825
86903,70.74588157894736
16760,34.87641341991342
50995,79.79979166666666
73398,61.53872186147188
28850,20.4499126984127
98520,60.49680339105338
6271,64.87497023809524
87692,69.69976966454598
62007,80.69596874999999
89681,73.63405357142857
40177,67.27008333333332
3697,59.28098168498168
66802,42.768551226551224
64186,78.00022727272727
8696,61.64677777777777
30789,37.519728174603166
79972,40.087488275613275
79381,73.1794246031746
40435,60.16806709956708
20677,25.352012626262628
23061,36.55174206349206
20459,56.399127705627706
89969,52.44271031746032
7633,48.81439880952383
97415,43.277385822510816
93619,37.39368488455989
85679,46.969476190476186
82231,31.34878571428571
70307,28.535441849816838
99610,33.57852867965367
87506,39.17265476190477
32920,66.59308083024646
45095,38.14134126984127
24444,69.76411544011546
69874,49.00839985994399
30410,42.96856962481963
86757,51.7381341991342
83802,41.48773412698412
22227,64.72268398268398
28485,63.09608730158731
42695,52.53384505772006
38039,62.47731150793653
87637,63.86019883702469
71191,62.38273595848597
74603,67.9751646825397
61742,50.67778174603175
98231,74.5416369047619
87701,50.83597817460317
71389,59.74515133477634
92320,30.36303968253967
21885,61.24220192470925
16659,85.65242857142857
84094,55.99373773448773
14626,38.62187806637806
36467,67.40425
821,35.09378174603175
93498,78.03844047619049
81812,74.66834722222222
11523,73.63631183238846
87537,66.92365476190477
56074,49.65620658263306
166,52.99843650793651
4984,34.911453643578646
57062,60.48161156898657
71063,38.13353522866023
88891,45.57656576797386
91835,35.41574708624708
31838,21.278274891774892
89261,35.72785714285714
3383,74.72224206349208
1736,63.57863654401153
81435,46.42347979797981
98857,55.58493055555554
3652,51.49214430014428
37505,51.692978174603184
65932,77.5285119047619
92694,48.12311706349205
13422,9.572745670995673
4445,34.960221842485
57757,46.794016414141424
70966,38.68944264069265
10794,57.357178571428584
42797,34.54033892496393
39747,45.15843813131315
33984,51.69646230158732
94750,41.28858333333334
33220,49.637393939393945
19151,38.380295634920635
99175,46.35791378066378
71143,40.44995436507935
30071,36.34152615440115
37384,41.72683520646023
84508,74.31074404761902
75230,68.52858012820512
39850,43.37017246642247
13897,71.12120183982684
60802,54.61587332112332
60016,40.35594913419913
93111,43.54380158730158
83357,60.947575396825385
47871,77.34633333333335
20178,54.26860263347764
96955,61.443902166461
11471,82.0
46511,74.54003571428571
84404,68.96955204517702
81258,74.68876211361737
77531,51.58413167388166
26538,43.744086940836944
2507,40.69629960317461
48923,61.81469300144299
62870,56.44566107503607
37957,48.32744261294261
14187,38.52661075036076
56040,65.50562301587303
82086,66.9760637254902
42532,43.90592857142858
21760,41.06340746753247
28425,35.19516727716727
71432,44.82502777777777
100819,36.82812157287157
85198,46.286926587301586
2640,47.34841999667
81916,35.544821428571424
6282,40.12332575757576
89525,44.27968849206351
68990,32.10294702111614
36484,34.99735660173161
71161,83.72364880952381
55810,37.8591626984127
68767,20.415359848484847
17907,33.41869155844156
45534,74.42646428571426
24491,38.32992292429794
88528,53.28450198412696
95062,61.18594823232322
52567,76.73939087301589
66793,37.32020526695525
40536,48.219543650793675
97408,58.569348068598075
46133,36.63631746031747
52008,30.594807539682538
12775,62.43223051948052
5171,69.2439642857143
13582,42.42097817460318
11843,44.01996284271286
32974,65.72825234487735
38278,64.20283134920635
65868,68.44066865079365
84365,69.60768849206347
54646,42.89583531746032
10291,38.28655672799423
36855,34.128889013764
89121,65.83006204906205
54349,74.32345634920635
27634,73.75575793650795
51190,35.87615638528137
12435,52.91569444444446
30106,66.17803226817045
62703,27.8703311965812
76802,62.76555952380952
68899,49.25277242202241
67355,65.68042081529583
49451,64.11977435064937
47358,20.20788723776224
78452,29.45489808802308
91449,67.42217261904763
59241,33.07963005050506
446,41.45754761904762
3164,34.83560768398268
10348,38.468876082251064
18039,51.93968253968254
99948,34.233190961815964
96083,51.751253968253984
27080,62.94892063492063
6529,43.46557539682541
59684,33.328995670995674
10355,67.52016666666667
73288,42.82622222222222
60799,30.254245115995133
54313,77.87058333333333
14943,59.89330952380952
373,40.882910714285714
2329,60.34793253968253
86425,60.94030357142855
64950,64.7494806998557
4243,52.18087301587305
1856,60.4569861111111
29370,56.66790408202906
24977,58.797688672438696
56984,78.097033008658
70881,43.62578174603174
27585,37.66051388888889
69895,41.33286381673881
100729,27.835004689754697
33518,26.789921356421356
86542,32.6087923881674
73654,60.99088235294117
68397,34.55264736652237
86091,68.87508333333334
62573,28.993314754689763
19808,33.012227813852824
92288,52.8272530663781
83807,63.176160714285714
88875,58.553971639471655
41796,63.90248887844612
45190,44.30108531746031
88492,78.59857738095238
59733,41.16241071428571
98438,76.23051190476193
15130,59.72555699855698
88381,32.826010898458264
84165,29.245412698412707
20512,63.88587606837607
79228,82.45345833333333
27348,28.165260073260075
63853,41.49516648629148
64993,46.399580988456
20711,27.19927182539683
79204,58.232176948051944
97057,48.539436507936514
17849,35.83611111111111
42687,58.009465834818776
93730,76.60120670995671
97028,71.6655972222222
72963,59.35791792929294
56835,38.5801369047619
25013,36.45400000000001
50761,58.751296497584555
46761,46.48000412087912
5265,42.80275595238097
35356,32.466789307914325
101990,49.49175396825399
44272,42.662964715839735
56038,57.35871626984127
93324,33.92208207070708
25972,46.32795833333334
52255,55.655517422120354
15954,68.97772222222223
53904,64.52379761904761
38723,65.47131626053685
78451,67.00811706349207
76973,55.74765323565323
73599,64.12444047619047
15567,33.064482142857145
41942,36.4800376984127
19010,74.91315546953047
21484,65.62221825396824
49858,77.47300000000001
76143,71.21730654761906
96079,46.6352377899878
18668,65.38483333333332
96655,40.65749088411587
99144,31.047499999999992
69227,61.087964646464656
79797,55.645255952380964
58093,56.55822341269843
69386,70.40481161236424
41340,78.14991025641027
8219,42.33762085137086
73560,87.08253785332556
84491,54.11077579365082
740,18.566666674828436
68635,49.03731944444445
44135,66.58831349206349
79601,67.44916964285714
75939,45.223399531024505
85040,47.89773412698411
29970,48.9423544927295
23564,76.4081484927783
101354,53.13410454822956
28573,58.07072150072148
83996,48.716886904761935
88017,48.552679806304795
26433,70.51658225108224
17594,42.32667261904762
32383,73.17897573260073
26917,36.72720328282827
75314,50.20679761904762
22101,52.05223672161173
24594,52.60291666666668
27244,62.58968849206349
63534,79.81439880952382
54325,44.818043650793655
71959,23.92049332611832
18735,28.696773809523805
56578,52.11245310245313
78302,35.36352396214896
45022,73.09237054326395
8931,34.04689880952381
66035,37.54068055555554
39653,33.71017857142857
57458,34.110906024531026
52630,62.68282142857142
67036,43.48455844155845
8449,63.648932539682555
8798,60.55310028860029
4816,48.51171789321788
73143,67.13681944444446
49017,44.574065836940825
34386,76.05390476190476
53082,39.9486955266955
64901,37.34016865079367
83998,43.28264069264069
60517,58.34744696969696
39843,28.825191197691208
52227,67.73583225108224
4568,50.945775793650775
95468,64.59676966089462
96407,49.96432539682541
38401,48.139346556221554
34929,79.25950250626568
49443,44.57391651404148
102424,39.81273863636365
3524,31.72932738095237
10448,50.33150162337663
61463,32.29560948773448
20833,39.510591269841264
17601,65.52207702020202
52422,41.08109289321789
58955,68.03619581317375
86255,51.34167514430014
79641,43.72798448773448
82782,55.40846987734488
27230,64.96154329004328
88684,26.813591269841268
60703,51.099198412698414
69947,66.98451694139196
37161,52.14657341269841
97624,34.35764971139972
53723,81.93175
18346,30.92694047619048
5256,52.32856998557
53499,58.42867766955267
21378,56.596323412698396
72351,42.38692694805195
14753,67.3218611111111
15389,37.878099386724394
4169,39.5351296897547
70560,69.90691369047617
48736,50.37307936507936
90896,41.11802543290045
6756,63.798831349206374
39841,57.68048891459417
21897,61.25182142857143
73574,32.48704292929292
13979,39.48987759462759
25244,74.8197380952381
57972,77.84559523809524
55802,93.66671782670886
52649,59.18958784271283
32435,81.58701785714287
64450,25.17062175324676
56957,42.2859007936508
93150,46.3777003968254
3015,71.11168443227254
79302,74.77641666666668
45697,42.93775571895425
69931,70.9798354978355
57201,27.35354960317461
27856,77.11621078431372
79400,45.45467261904761
61224,36.443532106782115
15644,74.47182936507937
8643,32.60645154845154
17052,66.2817039473684
50764,35.22837337662337
23890,41.22178571428572
20451,55.87333134920637
8657,71.37480593227647
96501,36.871809523809546
39554,41.8337361111111
81968,36.84852182539683
55037,68.2860909090909
92282,49.6348371212121
21838,37.6955892857143
94279,35.4023116883117
7610,47.08824786324787
42812,48.15406601731601
13622,71.0015238095238
52484,69.54264989177489
30525,58.684165043290015
28454,38.03605555555556
2073,42.616382936507925
84705,59.341635822510824
101083,42.586863095238094
68432,41.49813492063492
52130,78.18678443286842
40658,48.35993362193362
20585,11.976672619047623
88218,59.54205919774668
15065,74.66030545916072
935,46.42492658730158
48371,31.84969769119768
78031,46.94228535353537
87527,45.58163095238094
72399,62.53510149572649
878,36.17393019480519
83272,85.98
71015,46.746430014430025
69279,60.728041666666684
34819,41.42788906926407
48325,64.58759383753501
60261,42.67921103896106
67605,48.203875
11183,38.48905323842825
96025,61.444175546675545
47807,77.84883333333335
38582,45.98608928571431
19272,57.49658333333335
58321,48.46396825396824
96408,61.6716607142857
4853,35.69432341269841
94790,68.37919444444445
55691,76.2670155122655
18699,61.92869795482296
63490,72.46795924908423
63551,82.0
58533,68.33976785714287
1948,74.54400703463203
38493,64.77363888888887
32870,56.03680753968254
79932,48.987714285714304
47684,47.05473033910536
59922,51.81428571428572
102005,37.266363095238106
37083,81.2401111111111
46618,51.766243686868684
56169,59.652000180375154
34315,27.784216269841266
97362,67.93132142857142
21492,40.089837662337686
90666,49.90228553391054
1357,30.13360317460318
45593,72.00044444444444
13560,89.20476785714283
52481,61.35187259962258
54459,55.06857539682541
44827,71.68084866522366
93323,65.96445923520923
94128,26.342854437229445
77867,55.264961219336236
61324,36.052567099567085
8883,56.36721230158728
40445,78.56066666666666
56812,41.331380952380954
51313,40.60565692640693
27183,56.722840538847095
16460,41.97267460317458
40047,68.60438352007469
48104,72.88642063492063
99217,82.633125
50196,59.62907097069598
79618,42.029590659340656
38963,62.99395227038183
46364,34.4115515873016
43216,86.46532811632811
26358,53.73392225829724
96031,41.77524613997113
20529,81.41935989010989
72798,36.71353481240979
72520,85.43268181818183
39276,39.86850274725276
23368,43.30092261904761
11324,36.48817604617605
82038,60.90037362637362
100010,40.09512103174602
76690,79.07517261904763
77900,32.169547757797766
79482,66.08916865079365
64145,72.62309740259741
54819,35.70997619047617
27370,45.003984126984136
79489,43.276141996892
68306,59.105867604617586
8795,45.6483112957304
98556,66.95553921568627
73087,65.01652886002886
9992,77.8831111111111
96368,29.980960317460326
70944,40.9367103174603
56819,26.701863095238103
84814,80.55041792277183
58701,77.5293509253904
7642,47.76669444444444
36187,46.10070328282828
12270,48.89456517094018
4953,74.99166666666667
20968,66.68338728878648
49726,60.949000000000005
7719,65.01501707198032
50900,73.77583405483406
6017,47.18950595238095
16539,33.604723665223666
44592,71.56080032467534
31821,40.47365584415585
100673,45.77759722222223
3590,76.51891666666667
96986,26.325611291486297
65252,70.05228373015873
100308,67.82026984126986
82200,55.465113997113995
63540,34.509386904761904
57509,55.36804166666667
19099,15.956069985569986
8880,60.29312157287157
23639,70.90217261904762
25305,48.4931394993895
65059,49.44116865079364
9462,68.38997023809524
83544,39.858519841269846
11721,52.79698611111111
29562,45.222918650793666
55409,61.04293377455877
16465,53.50998412698413
57357,55.80194354256856
102232,62.49631746031746
71076,38.55543055555555
61052,28.090365079365075
10030,33.80753373015873
56184,60.805986111111125
74634,43.42344137806637
92518,68.97002083333332
52044,83.29505158730159
36407,47.38389556277056
27331,37.44436616161614
36866,70.01464772727275
30358,18.559635642135646
62293,45.629423701298684
91751,31.19171230158729
28505,39.6358630952381
2007,46.912983044733046
15547,49.286593795093786
92530,50.76917099567098
65902,70.36907936507937
98876,35.49435714285715
95362,67.72862896825397
5777,72.43867205418852
7416,38.6245762987013
1310,77.49538095238094
84518,28.22888546176047
62900,32.52108134920635
95772,44.511378607503595
48714,62.42416741591742
31163,39.51263161838162
99547,75.9379844469138
11260,30.587193167943166
59403,52.211735389610396
72832,70.82102525252527
57504,51.34535822510822
72656,26.789436507936507
102257,84.67
21351,41.54351984126986
12281,71.70171626984128
39581,36.05137139249639
998,40.44794841269841
48572,47.97894516594517
70670,50.202851370851384
8933,74.18634740259742
82210,60.07317063492067
70521,74.991
44296,57.563408730158734
84564,68.01847869674185
4715,36.89500793650794
74798,64.33775
37835,47.00116829004328
66469,21.650242784992784
66900,36.79866432178933
40307,31.931501803751807
74247,61.639008699633685
36506,29.22501984126985
191,76.59814957566309
79873,27.874985680985674
35678,74.45977777777779
74228,42.54854924242425
88338,43.12697754803675
39078,29.659016955266956
36133,38.56119047619048
93138,99.32583333333334
5,56.21694383394382
87065,26.86077489177489
91759,40.9047123015873
42307,70.38989205851338
38222,72.34104761904761
11374,76.43494047619048
92961,44.91113690476192
53465,45.21983134920635
93316,72.48060714285714
82084,41.019893190143215
70973,35.90160317460319
57110,51.607234126984125
63556,44.10069246031745
98928,67.55779676491808
88942,75.92423588911088
5138,35.82632936507935
41035,38.814545634920634
9005,45.592316287878795
96104,67.29252146464648
42492,46.76190476190476
70471,57.79773142135643
44520,71.88341666666665
32192,60.75604945054945
43782,33.76669047619047
96228,54.66803318903319
76208,38.955698051948055
101887,36.77182251082252
94794,65.9634434576861
65441,27.372153679653678
24744,76.95801656607927
35392,25.735610930735945
30394,31.78954171808584
81710,43.905311868686866
93732,70.2794381313131
51947,45.92085461760462
76857,71.83359523809524
78660,57.8730462723551
1943,61.10666666666667
19950,58.03033333333333
25082,41.85834722222223
52470,59.24213793151294
52041,76.94023036758563
38629,33.99910912698414
33754,36.40599404761903
80103,39.0741212121212
94169,28.52973412698412
13740,49.953709415584406
65146,50.644968253968266
23417,37.49418452380952
16438,57.281313131313134
27632,63.20789520202021
58203,60.881129037629044
48655,67.12066666666666
51934,68.8623908730159
37538,44.17940548340549
69092,28.46323863636363
41827,73.00687878787878
63575,80.98821875
6473,32.658020202020204
14450,81.0
44850,42.6285193001443
12321,68.81083333333333
95425,40.11641093628595
31707,41.02110912698412
89464,55.484979978354986
27372,64.66140043290044
90309,36.4394285714286
48186,75.87421945237425
62956,42.8197619047619
13742,74.47952655677655
46450,36.002315295815286
37150,71.11747527472528
44481,33.67530303030304
13840,62.56098015873015
3570,58.38071248196249
63842,37.642526334776335
66893,71.96022727272727
90183,67.70103571428571
6465,68.78173809523811
100619,40.251674783549774
43930,70.54211904761904
44325,57.884031746031745
77012,40.47344047619047
91810,63.037716269841276
81476,81.82105555555556
36843,45.28319444444444
44778,62.749069264069256
59795,39.67956150793651
34593,75.61213095238095
86226,27.76787590187591
48869,44.17192857142857
40105,64.36568181818183
26595,78.62387257218843
48185,80.56341666666667
48784,74.90553571428572
81229,48.354908008657986
27404,42.002587634587634
81698,30.03431114718613
102039,42.277256535131535
79105,45.68758363858364
71804,80.16665079365079
97339,77.46348412698414
18933,36.402062950937946
98003,40.51526497113997
6067,70.79374999999999
90956,30.2457123015873
91328,46.968343795093816
98328,89.20594841269842
49400,35.16731565656565
67462,77.54033333333332
28250,53.81486219336222
98911,38.859436147186166
65584,60.37700198412699
56267,77.51779166666667
19173,33.9905873015873
96453,61.68575595238095
52781,71.64072889610392
88376,32.34588690476189
89617,38.27427182539682
69603,71.325076007326
19117,57.368171037296044
9068,35.37027164502165
19610,42.20501569264068
64713,63.00206349206348
100253,79.95658333333333
55854,47.07138997113996
88895,60.32733852258852
42086,36.38410425685426
53172,40.19921428571428
5827,73.39714880952381
102328,30.000672619047613
21501,66.76933333333335
96908,40.92815927128427
26253,33.86410912698413
1772,31.125049498746858
37131,21.313813297813297
14651,45.00379761904762
56505,33.41779924242424
71281,60.120210317460334
11239,36.79038492063492
49161,42.296927655677656
89942,70.32153896103893
20654,45.351970880426755
21264,44.47363690476192
90459,42.97086706349206
91618,62.615049603174604
33688,49.11246031746031
66907,36.85181547619049
46626,76.420368297681
84559,38.40145634920634
81366,63.5802012987013
24432,64.91174296536796
94168,74.11124999999998
94253,50.724554029304024
83279,34.23955916305917
59673,83.03546780412572
38914,38.9844044011544
11130,39.82327543290041
66038,51.47648214285713
82820,35.82385497835499
67640,71.15833333333332
97118,92.63903758916625
80823,68.72332738095238
75973,27.42984325396825
33344,44.08185119047617
98668,45.70184539072038
99162,68.1272003968254
38811,27.293398268398267
55222,45.63148611111111
82612,46.38036904761904
10882,32.17558134920637
2185,52.64964105339107
6958,55.8070357142857
59517,32.69467784992785
99974,50.529194083694065
99080,51.320744949494944
42973,65.8950972222222
75993,54.8251821789322
14464,61.72314087301588
82485,63.82771733821735
56867,41.44833155733155
82928,19.840053571428573
78706,22.997614468864473
45026,60.298160027472534
88640,74.32852056277056
102229,56.573222943722925
28365,74.07432541070041
50778,46.36154628704629
58620,42.16240990545403
101363,44.57306421356421
92039,71.86805380705687
35469,64.24945634920635
59000,61.83012619325119
81933,51.797523989899
31584,47.91504292929292
53039,73.86014285714286
21028,53.771515692640676
29018,43.443427483464255
76174,38.68455735930737
97928,14.615942821067822
51969,41.28211544011541
6968,53.29240277777776
95708,35.11223390498391
12852,31.66397023809524
20524,44.50944805194802
102627,55.903256313131294
73746,42.037139249639246
58260,40.68940873015872
43200,78.83805158730159
54016,76.00418181818182
68218,23.508177669552662
87717,39.95138582251082
33394,46.782220238095235
85476,78.90654761904763
42742,47.15681944444445
36751,23.929036782661782
92230,58.88820436507935
65988,19.500724206349208
64906,35.872745490620495
97191,29.88939484126985
97075,75.60922420634921
98283,36.337114718614714
80834,27.45545436507937
58496,30.775261904761916
19877,48.03239610389612
84907,61.51285958404341
98416,78.52761255411255
94208,35.44222492784992
33509,69.01746825396826
95548,41.82233730158731
54383,60.82479419191922
6648,58.494686688311674
30988,58.51890659340659
12112,66.59263354609692
12243,50.100506185807696
72735,72.74246153846154
76720,63.8739007936508
91898,53.71463293650794
21612,36.37501352813852
97873,35.478446581196565
42844,59.63304274891775
88864,79.75833333333333
46822,55.004557471513984
61924,81.29189958592131
94887,35.192192279942276
94179,56.82507182539683
68497,77.30883333333333
54437,53.78677525252527
10929,97.73916666666668
6919,36.60656654456654
1984,74.17739224664224
87282,38.692688186813186
47751,60.1392032967033
33201,57.57334690309689
93936,54.586295634920624
83076,38.525401959151964
94288,68.93608333333333
73584,61.617667207792216
52934,71.71716497391498
11232,59.585743811743825
59871,50.27268253968253
15759,38.90547168109667
61795,62.637448412698426
2131,67.74526551226552
32362,76.14998214285714
14023,61.98646135808636
65658,47.52566269841271
70440,32.86881746031746
15715,34.831708333333324
101681,57.631204004329
8027,60.28426226551224
49899,76.05644047619046
11995,47.13856872294373
100128,38.21169300144302
65503,86.21358333333332
47858,55.905056582306585
50936,47.35047276334777
74360,47.70383694083694
93764,79.48810497835498
8254,81.29934523809524
13924,42.25780753968254
37722,67.63549404761905
66844,49.93225252525252
54193,67.72164303751804
49302,65.07533928571428
77176,65.24595039682542
25600,44.569113636363625
63538,69.62713293650793
72753,68.58373015873015
75695,47.727940476190476
26493,58.54660162060162
85095,27.372848665223664
68520,56.548204365079386
100293,36.35594246031746
76954,61.497347222222224
5759,32.424154581529585
2536,47.86079761904761
85802,76.79879166666666
15779,54.340748015873004
42693,79.51500457875457
89378,50.543692002442015
43880,37.804129537129526
38303,49.752547619047625
89774,33.31565728715728
29619,73.26235425685427
16313,53.6820634920635
78400,46.874714105339116
55570,44.19711706349208
54299,12.455991522366524
51155,42.241150793650796
74077,73.32343750401645
82358,74.83270833333334
39442,53.402731601731595
99333,53.10808585858587
87409,53.88338556582306
66172,48.72012157287157
68312,85.34920454545455
57349,31.58796194083693
57499,65.09372276334778
65246,59.865315295815336
100799,77.96446747967478
32413,28.50550270562772
86271,68.30836796536795
4234,43.296862193362195
79684,40.745784090909076
25359,40.191264411027554
27172,45.3230952380952
46080,61.456694042069046
41086,50.27230411255413
62766,31.646606325863676
86343,67.75812345201238
25621,63.9586471861472
92068,40.5241369047619
31000,63.415402472527475
36196,83.85103571428571
93782,63.820744047619065
40804,57.851573412698414
41557,51.901744047619076
91790,52.87007435619935
89971,40.70355916305916
51857,64.85004166666667
75647,43.13283910533911
13190,66.15923214285715
98693,50.94934541847043
11532,52.193332070707044
30859,39.66194047619049
91584,46.92018452380951
44299,77.48001984126982
51037,33.299010767010756
100577,43.2242738095238
1617,65.2128480888641
59614,66.34725793650792
2666,33.401916666666665
9298,45.84928284623872
25680,48.436950396825395
31822,55.67275595238097
89913,42.293071761571774
44415,79.4241830357143
11645,46.474231601731596
54525,54.51466684704187
85202,45.05057539682538
3938,42.879577380952384
37615,41.41678156565655
98938,45.644761904761914
5019,57.86667460317462
3837,53.48659325396825
20407,59.20169841269844
99775,25.412513888888874
65620,54.11602474323064
31336,42.77149927849928
84317,74.40912035268651
64398,39.81215079365079
8851,75.39149358974359
24819,39.509575396825404
86274,61.93891666666667
62320,80.60833333333333
67707,50.83026735764238
53716,34.429716991342
20241,46.237055555555564
5296,56.020777389277384
3793,68.98333333333333
11893,47.57536544011544
78561,30.65444877344878
51427,66.80729563492064
13249,42.23113900865219
90269,59.932643759018795
75077,53.85041666666666
32843,53.6514007936508
56238,51.99130230880229
22220,32.98720508658009
64388,71.25476785714285
95181,46.78936868686872
43372,49.95887499999999
46361,32.961946428571444
11357,48.24928281440781
40586,42.91185317460317
73942,56.41426785714287
43130,47.93866865079366
163,45.76737896825396
43936,41.743668109668114
34566,61.784309523809526
42936,62.82923611111112
69817,29.407790265290263
34830,50.95060010822513
91208,32.65336706349207
3464,64.8661493343258
67789,70.00127777777777
102482,52.788069083694054
17946,46.00950992063494
8385,70.04614087301587
54907,69.09344642857144
25744,58.276590007215006
75026,62.27894642857142
29782,66.66702777777779
42024,34.576049242424254
54253,35.21514880952381
13606,74.52592520284493
94339,74.03707142857144
12761,58.15213095238093
51872,75.43932738095239
63862,51.650835137085124
2014,63.263361111111124
89115,53.20322863247865
29890,44.901376984126976
61320,58.67184780905369
8832,36.41384686147186
100498,39.769311507936514
24211,49.54451190476191
50042,71.88745238095237
91501,77.831
39921,33.49139772727273
48840,55.12091616716616
81357,79.00461538461539
76027,37.792333352921595
15354,32.62756042568543
87033,32.575004509379504
80599,63.222134684759695
48970,65.26140296337651
31776,63.650220238095244
50185,44.24209379509379
13684,77.58438329725828
58449,32.89853499278501
20319,48.80675788100789
95561,35.475617063492074
72453,73.91537716450217
59560,57.97645833333333
74304,64.52089484126984
79113,51.820464743589774
61207,50.907931547619064
22208,72.2528253968254
69173,30.022797619047637
99967,42.845166666666664
24464,42.57059772172271
18049,58.48302777777778
24020,35.86224639249638
65267,37.62577182539681
4792,64.52668550893551
79933,50.954431818181774
9798,45.17758333333333
53747,67.68882051282051
17428,30.345269660894665
96168,44.51343452380952
33639,79.00125
32773,59.25245725108226
99783,70.93099603174605
101829,52.27056313131313
81401,61.40416544566547
9465,45.41158821733822
101571,44.2773055971806
21619,53.42461880358205
86030,50.412071428571444
99006,34.45406475468976
94620,38.98409541847042
59385,61.99311544011543
28352,73.52616297428062
80551,37.52993867243868
93726,67.48721987734488
22656,46.131369227994234
77422,52.53237734487734
102551,38.964523809523804
99554,28.86079058441559
51585,54.7582653318903
93019,81.82242857142856
11898,29.04249711399711
61550,35.92091071428572
2689,48.04265888278387
24740,68.69514285714286
92501,54.610726190476214
36284,64.57594171514758
56632,73.10209722222221
78925,28.2312261904762
101469,64.0083630952381
25795,44.21284325396824
35649,57.348035714285736
2516,72.90024603174605
8394,38.59703571428571
74159,69.1719642857143
83434,67.20248809523808
70843,72.29794548872182
58920,39.191529761904775
56342,59.92627417027416
61282,24.468582792207805
37601,41.94046031746032
44654,25.46526648351648
11187,33.53864087301586
11996,74.18925595238095
87054,73.0356047979798
15773,58.827457181707175
89237,72.54322222222223
49005,48.782414682539674
26798,72.86082662337662
94058,63.479412698412695
16929,30.671849206349208
46899,66.25709920634921
21301,50.90533928571427
71665,53.784553932178916
33006,37.48440674603175
8784,53.50729924242426
100435,60.60295238095238
79824,68.93896807359307
97574,44.56203174603174
19719,51.08554761904762
30578,53.787999458874495
55499,38.514566017316014
75036,80.99722222222222
62195,40.25691666666668
33653,74.2794190685046
89557,32.69960912698412
70050,57.80799603174604
99636,55.3291865079365
89788,46.23689538239539
71672,32.971894841269844
60968,69.00733333333332
71910,37.31300396825396
71038,60.106303571428555
26836,66.77960515873015
30564,71.18981349206348
52275,59.43043073593074
45143,55.79645958646616
25567,48.683694444444434
96366,81.39500000000001
77115,79.0
96756,69.46823860861363
98418,59.54722168109667
29212,56.7138908730159
69142,43.4421369047619
40023,63.508128066378084
1054,68.95957625948928
81582,77.58995712620714
62857,26.949532828282823
48974,38.3150027056277
95303,62.80714044289045
4950,24.5499365079365
55785,58.20398214285716
18685,54.94166071428571
36077,71.32083333333334
43071,46.94974783549783
76070,48.6939880952381
96435,44.97374007936507
51126,41.76473340548339
6622,52.21301493930905
84679,65.6316331862582
74605,42.4551993145743
38373,29.425488455988454
68146,34.96227120102121
33826,71.18291666666667
75367,79.75554761904762
46174,65.56005735930735
42847,70.5489880952381
40362,34.420759199134196
97080,48.95733513708513
18937,69.92448611111112
82914,58.53950452325452
12172,49.73228174603173
82959,69.0445634920635
95301,81.19683333333333
43059,62.159341630591655
4241,29.592852994227986
19549,62.08897222222221
102408,37.6218152958153
98914,78.71469047619048
35491,99.22916666666666
75152,46.42341468253969
32393,39.48494047619049
90941,69.6569387973138
23735,72.94170238095238
64039,29.05768073593075
25625,77.81776190476191
61434,65.01677777777778
57917,46.52404581529582
40677,42.32157828282828
67656,45.12610317460319
37943,39.694458333333316
75177,39.8185892857143
39851,28.619128607503598
88591,52.05476749639249
41084,62.86030069930071
68280,52.98605790043289
74707,29.434172619047626
70236,42.15680952380951
73305,51.10126569264069
7289,29.861716269841263
40297,44.00753896103896
65125,55.1718849206349
79848,73.20435714285713
69368,59.03312950937952
80550,61.92597817460318
48638,48.97355032467534
59345,48.09289736652237
14931,58.49177579365079
19545,44.78086814574316
89391,72.70155783966992
33415,36.83045238095238
48094,34.399927683427705
86322,67.69871428571429
45521,55.34047077922079
16337,45.10363492063491
85089,83.0057261904762
92886,39.7343088023088
53809,75.50516666666667
50705,42.82697961760463
27823,67.97537463924964
84807,31.586934523809536
15808,80.09016666666666
62096,40.70071825396824
27684,38.90887500000001
51420,56.06274999999999
26317,48.69569246031744
48920,70.08744769119771
57056,30.310220598845607
55502,50.345325396825395
89376,42.11416758241758
1867,46.82881547619046
51462,30.131158730158734
89600,37.099678571428555
70597,48.69134523809522
62707,60.95178373015874
51429,73.05248809523809
92113,69.32317495698747
96351,39.35892911255413
52563,56.534886904761876
3688,56.405831746031765
91458,67.88388492063493
43466,56.48463943001443
25994,73.05493897768898
66977,53.98398899711399
22863,61.371661435786436
69113,45.67820472582973
13750,36.0774126984127
4907,36.510421356421354
46771,56.62963510101011
88169,60.65823809523809
67,57.84218722943724
82265,34.559306637806635
95947,50.60593686868686
100885,22.44958928571428
42461,47.01251587301587
91638,42.151575396825386
85557,41.64291468253968
30844,42.26177994227993
97418,61.52738048063047
76907,66.69865277777778
4463,42.18824801587301
37123,69.99308178534571
82301,40.6124710983461
31430,46.68335912698413
91775,57.559881673881684
87020,30.95283062770562
25179,72.34035714285714
102153,23.720192460317467
33980,64.53423279786088
56308,41.708684523809524
34342,64.20029022366523
25786,36.82893055555555
82455,64.49854686979685
29124,53.92240638528139
74058,67.61438293650792
81526,55.571702380952395
24337,63.718160866910864
12461,51.96459974747476
45061,36.43825992063493
83084,47.36515476190476
35723,66.10276877289375
19206,44.827255952380966
3576,40.372310592185585
24675,62.142563936063944
95748,62.86145741758242
37637,16.447479797979803
92138,31.682087301587302
56306,62.256718253968266
62394,52.78771158008658
39635,56.8854908008658
81280,72.02114321789321
47024,83.93666161616162
56992,36.26017170329668
97334,56.1837754884005
35453,44.32716504329005
56887,40.39462608225107
63578,70.17542261904762
81623,72.93385714285714
73888,64.02843055555557
25653,31.513533730158727
2436,66.93105952380954
22356,36.66602633477631
46490,25.137409992785003
82511,32.48369642857142
85506,76.8413424908425
47282,67.9850734126984
86383,56.28540241702743
37653,55.501514041514035
79645,65.97419913419913
43844,37.21677665506149
98537,33.29935347985349
57205,42.53432341269844
84038,36.17503228715728
19046,40.40441468253968
41950,65.03794841269838
46725,35.38658730158731
38837,39.8892848739496
100604,60.24661111111109
60166,62.17360317460315
10797,48.812212842712846
38,27.694824481074473
25675,39.101411435786424
35822,54.418900432900436
13661,69.35499229936731
20798,36.23771302308802
13113,38.128353715728714
38330,47.119577380952386
37840,45.9324953102453
71921,47.10525793650794
101579,55.7924200937951
1906,62.319876082251085
74431,20.1379981962482
102020,29.42743091630592
72017,46.87534307359308
50009,66.2067103174603
79478,47.19995436507936
35791,49.09392766955268
96279,40.537197247197255
90856,63.45033531746029
37240,38.0026369047619
63457,50.18441865079364
97623,44.7336079059829
40170,44.772418650793604
100092,37.59918867243867
33311,42.17082575757575
3268,49.212846861471874
77332,41.71411828367711
66440,26.758445707070706
62913,78.46503663003662
39172,85.81916666666667
65622,70.51795562770562
7426,40.910148809523804
86523,34.87016810966812
98107,51.12065674603173
61445,50.83821311858078
99042,61.352465256965225
43266,41.04239682539682
50269,61.96940970140969
88346,72.79583333333333
55609,76.16481682206681
24331,79.24348809523809
57220,61.0609356060606
59526,64.48969907407408
43712,50.61073107448108
100379,80.950625
10808,37.97130609668109
56602,36.1197582972583
47057,80.80560714285716
50430,40.23160714285714
16507,51.51979761904762
73761,27.53905862193361
90984,76.5030753968254
69301,66.10815674603175
20007,32.26951100288601
26904,49.15960732323232
17615,48.48717676767677
69754,44.565613247863276
15659,56.13252976190476
22019,41.40888762626263
41173,53.558265484515466
61242,93.9879841021879
6345,44.00276874514377
14829,47.7585476190476
77441,68.47642016806722
35364,62.376640873015894
11390,43.77839231601733
69549,39.358019119769104
62874,59.13083959096459
89956,39.25446230158732
79336,74.52230465367968
56093,55.4783452380952
54905,43.704591991342014
52009,79.27708333333332
64204,62.889392857142866
4744,42.17476424963925
51759,61.69370707070707
23301,44.3825972222222
88488,57.910525793650784
88675,29.31316666666667
35962,72.33135787537628
43211,38.763672619047604
98900,59.266681166056166
67013,42.885378968253946
85417,71.01847368421053
64579,55.169153540903544
52720,45.30108603896104
58366,51.827650974025985
27896,41.442750000000025
12828,37.48058170995671
51698,67.64511675824176
55258,63.91122222222222
102122,38.63641544566545
40530,16.670806277056283
37598,66.60302777777777
70188,66.81895833333333
43258,67.63316576479076
53069,35.99193172799423
71250,46.39619885669886
69215,28.510698953823955
99576,61.752241071428564
24118,40.19200396825397
59764,65.03326303448016
86541,37.850863455988446
38003,31.327140873015864
78087,36.84058333333334
26663,48.29070941558438
77892,48.145589285714266
59962,40.44435317460317
66516,62.2180257936508
32086,80.28324206349205
59273,46.26513095238095
81404,35.526727092352104
68946,47.75808333333333
77492,28.562289682539685
71492,44.73844444444445
67294,50.9773362193362
81559,49.36611868686869
21524,56.23018650793652
71713,60.18220436507932
86290,77.93883928571428
85162,36.03342261904761
83056,69.12024679487179
87080,50.08691973304472
65981,30.7655193001443
80786,33.28548412698413
81341,45.57464682539682
9245,83.7705476190476
11367,82.33646886643433
102213,35.97252564102565
74807,37.705793650793645
71030,65.67335119047618
80791,58.43583513708514
49316,80.09502827380953
49979,38.03843650793651
86228,72.35833928571428
12733,63.02666666666667
64730,56.823791847041846
19132,37.90475348262848
70083,42.108182539682524
34335,71.98433333333334
62512,42.29186523199022
6026,39.06301010101012
43996,77.01085515873015
64909,46.07518199855699
7750,41.49368055555556
64379,45.27413171550671
11240,61.30281475468979
79261,74.84306944444442
70243,40.102284090909095
85337,51.208338383838374
70867,52.46905158730159
39691,65.34616666666666
28426,31.454896825396823
71917,32.15664357864357
46885,73.76593398268398
59709,38.76868397207368
83924,64.73141040903542
60618,57.006095598845604
98191,46.669496031746014
61562,63.99922023809524
68444,51.01478891941392
28277,46.253724386724386
19500,49.62459554334555
42261,33.23250739538239
2111,52.48057936507937
56237,30.569785714285715
96545,61.79531818181818
102128,73.55603434065934
45801,33.67664518814517
68594,32.9904098124098
62141,41.549007936507934
10246,45.12139105339105
46957,48.00577938727941
21258,45.10182359307359
48392,60.051041045770546
69356,45.84693669780511
52215,63.465142857142894
3143,42.75763979076478
65219,63.986681457431466
26828,61.85132683982683
16702,80.18418506493508
3340,61.14286309523807
19387,71.69706547619047
97065,39.08624007936508
32052,46.959072150072124
21655,38.01480952380954
82575,60.790614718614734
40335,39.222901875901854
39007,73.95380952380953
50787,45.795284271284274
42760,51.111880167218395
16419,65.29710515873016
34708,32.84639065101567
101614,71.55961309523808
90491,46.10864862914863
24670,34.295901334776346
63452,47.95832790309106
2029,65.87453260869566
1937,45.42604563492063
50552,50.11804779942279
64606,76.9413804945055
23058,31.974019841269854
62675,35.33783026695526
60163,70.76048068598068
857,26.400524711399722
59549,42.94285421441302
1787,54.18422885447888
56952,63.76702380952383
66639,56.702361471861465
50175,37.23051695526696
54910,50.95819033744035
79784,49.17641865079366
85272,74.9376527777778
39726,55.876642857142855
77260,62.74223214285713
36733,75.98445276497696
7564,74.3412124664551
85090,52.84754256854258
48742,45.82521575646574
74246,66.54490386002884
37362,67.96853846153846
24282,31.22766089466089
25109,38.104806818181835
101717,30.28856204906206
15551,61.320928169053175
74444,51.83873556998558
14566,21.25272222222223
52307,52.09343560606063
2956,45.44373641636141
32343,35.839718253968236
6621,73.2348015873016
51705,42.94802976190479
2288,45.340119047619034
9856,38.64302380952381
18299,74.68707247899161
97023,37.031315476190485
96887,32.201266025641026
76791,56.36754029304029
37683,60.85989141414141
49345,62.86408531746032
83830,50.22525396825398
72208,55.85324404761904
99644,24.383496406371414
51588,49.01115873015872
61328,63.804375492154904
85832,26.673073412698415
50351,56.462578643578645
37787,67.58403373015872
10989,32.4930822985494
88550,74.9315
41353,63.08494733044733
83133,56.70848461179343
83515,99.15858333333334
77276,40.37802380952383
97580,38.03315674603174
32972,65.72126443001443
50759,67.4477619047619
12009,63.304748473748475
42354,56.97905905205906
50824,37.34825108225109
74393,40.0097896825397
28010,50.893773989899
98444,47.55304365079368
91172,53.021047979797984
32576,77.55455681818181
59805,64.92955158730159
13641,40.02125883838382
7309,30.96367496392497
57104,58.77339339826838
77464,30.07467063492064
75185,20.998187590187595
100609,70.82809981684983
19189,35.75580357142857
53970,32.68046176046177
77386,39.710499999999996
31474,29.757386183261197
20342,50.148504870129884
95245,45.72846825396824
88429,61.03061492673993
91714,26.50576623376623
76718,48.70066053391052
24096,68.89192307692308
3159,79.83426785714286
14711,57.022125541125526
77212,57.90691666666667
16023,50.9696185897436
98294,69.61615805028306
29470,45.77718253968256
70693,29.632525793650792
26238,44.19177380952382
17372,62.58252075702076
17364,49.3270872044622
1250,45.750316738816764
53229,71.30512546685343
46770,24.148095238095255
75225,52.51010927960925
87426,40.676634379509366
87107,48.88045634920634
56399,47.787889194139204
43403,61.71682707570207
47359,61.58962698412698
39978,29.0003841991342
9234,56.85724530075186
58094,47.688075937950934
18024,18.639434523809516
65023,77.56026515151514
39981,34.14496031746033
23834,68.84541666666667
61901,44.523019841269836
22150,70.14262716450216
31831,64.42416215728714
26421,35.96977200577202
11074,68.2134285624506
21124,72.03228067765568
64964,62.63676874076217
52670,51.37952976190476
36566,66.15934920634922
51590,48.449378968253974
88765,68.2905119047619
68553,35.39856349206349
83716,41.28930952380952
38834,71.02244891138274
32758,55.641940476190456
15925,39.852275002775
13866,76.7514632594417
51704,56.838349206349214
67213,78.40517658730158
10852,63.72840891053391
72139,65.1807288961039
33804,71.38701078305752
63051,78.42233333333334
25506,45.807493145743166
85212,29.96570851370851
44087,81.88561649282937
50522,76.80428932178934
764,76.33625
45720,74.81741666666665
55276,47.92648899711399
93996,70.90385823816706
51806,63.955450396825405
59492,42.03771901709401
67523,46.40998412698413
94896,74.33005672664483
96175,22.428547077922076
55170,46.62462499999998
10762,25.26877904040405
16948,31.089860209235212
19078,58.23134916472416
30938,27.323342352092364
2888,56.525023809523816
30630,66.9864246031746
16603,67.4017123015873
13757,65.39286904761904
88096,68.00765277777778
14620,77.79746825396825
35559,53.68420256132756
68479,30.383595737595723
8679,43.00543163780663
2839,43.387154942279956
39814,69.82757738095236
36610,58.775599206349234
10253,73.12171825396825
99283,67.74047348484848
95835,63.42986904761904
89798,38.25160912698412
61740,44.033076340326325
79987,72.36102777777776
90852,33.27639783827284
19738,37.909736111111116
23284,67.1904493145743
49692,59.70472950660451
102553,70.2375992063492
41444,49.55437067099569
49848,50.09211778499278
99724,48.19506746031744
62454,74.43358333333333
94399,49.21005952380951
62041,43.95517063492064
102669,78.24428960622711
64528,42.15056313131313
62068,45.37594642857144
58553,49.18689484126983
19643,49.41972619047622
95232,74.7389503968254
59841,32.192946428571425
25896,50.731416666666675
52202,66.74714087301587
77671,44.45373953823956
9426,34.88210443722945
96827,33.22753373015873
80647,67.08921626984126
6755,53.81823593073594
95338,46.36804202741705
13386,47.22257295482295
89553,45.85157142857144
89262,69.14665367016025
100717,38.43920436507937
92790,77.5269322066822
81338,72.02760456769266
56596,74.68992478354978
24307,68.39516396103895
63652,77.85675
18730,29.635212301587302
95385,54.68396428571428
24728,38.124128066378056
10156,75.4124956140351
66703,50.541198412698414
48098,56.03531565656565
90860,65.62095634920634
79719,77.97069444444445
85600,20.77291702741702
60053,51.920172438672445
60271,51.56898376623378
58607,36.3638818958819
69936,47.77709655622156
17325,46.06376479076477
54693,48.3818472222222
84382,62.20724801587301
51243,45.894564754689746
9286,38.94032034632036
5908,73.94950396825396
6454,48.0822876984127
11797,62.40393740981242
86840,69.78731547619049
88722,55.90981746031747
18984,45.13137103174605
21680,38.92086165223667
27260,53.8773392857143
28037,64.74289582639582
5072,44.94566486291485
29807,78.20485714285715
5972,46.158084595959615
2226,78.27373351648352
53640,32.787125
72278,73.13823015873015
11322,61.67688184038184
42468,72.40450000000001
69983,68.09183333333334
35836,53.06916300366301
79143,59.756974206349234
51019,42.834607142857166
64252,44.103632936507935
34591,62.811640692640694
82751,39.94749585137086
12907,75.8971865079365
57217,39.87798015873017
63755,55.48585317460318
35699,38.00571212121213
100834,22.4344613997114
48204,54.246938492063485
4373,36.48530357142858
58207,39.09537243230626
45940,44.836408730158745
86539,65.60089682539684
6645,70.05617460317463
92276,37.99045382395384
58302,92.0
57302,33.595752565124926
97815,72.29210103785103
100319,66.97067532467533
60210,70.79791013071896
13426,32.36528679653681
5240,61.24323769286271
31999,64.29477059052057
57980,61.17019534632034
61350,38.39975595238094
87509,69.59111848933229
34740,78.6308566849817
92067,46.418287518037516
37102,59.98347023809525
26438,35.135005952380965
61262,71.73041911846325
6244,26.850718253968257
54839,57.98367821067818
39390,61.89641071428573
13539,76.78586236424395
26257,61.28888987401487
28687,49.73279365079364
96762,48.753460858585846
35415,78.93375
46075,69.67991666666667
63425,53.568001262626275
52706,46.41630952380952
13373,19.724476190476192
33021,39.39606746031747
92873,69.35072023809524
98474,78.7525
36330,73.04404761904762
53111,45.33990873015871
54805,39.361582695082696
87003,43.252311868686874
74427,44.25050396825396
36087,73.12494047619047
59316,43.736807359307385
7800,32.91977777777778
39769,65.55802518315019
723,57.0782003968254
64728,65.63423214285714
87436,72.47946825396825
31222,41.813553571428585
81359,66.97611111111111
42656,27.601929473304477
61839,75.48638450292397
27749,57.297505050505066
44474,13.67279707792208
44916,62.90208207070705
29744,61.84371825396826
66597,64.63496825396827
60065,59.41305952380952
49340,47.29114285714285
86802,69.5610634920635
44949,38.0129977106227
4827,47.59184325396827
95400,40.347848845598854
27233,46.37510082972583
101880,19.05889105339105
56390,48.01605753968257
55313,38.15795147907648
37648,71.5432380952381
43898,44.05454906204907
70180,66.23102878787877
92115,49.632988275613286
92557,62.64332542745354
64643,64.13121645021643
41499,81.00204545454545
50838,76.59358333333333
58975,62.29468127705628
27224,50.128285714285695
34596,26.867701659451665
93230,68.24071031746031
87362,34.75686832611832
61522,30.84019859307359
12382,69.7500975274725
54994,66.38062391774892
63343,30.670667027417018
7710,44.87262842712842
83487,62.126517857142865
85118,44.30190873015872
46405,70.99013157894737
57276,70.59949999999999
58474,43.062851190476195
80475,54.48422145909647
34509,43.37778850316351
45379,48.59120075757578
28345,36.69907341269841
39003,34.506975468975476
15573,66.3717113997114
37063,56.332720238095234
99813,23.631325396825396
55484,67.20138095238094
74111,65.81346825396825
73849,44.5289464979465
1820,49.37328373015875
19079,65.20324603174603
89024,74.92599128919858
57111,67.88942042606516
77552,59.6875138888889
38508,34.97861616161616
67223,35.500176587301596
77285,70.39414484126983
73381,66.08754365079365
36210,65.64000000000001
99776,60.31597186147185
13413,36.44317658730159
5583,70.86404761904761
42540,71.80965476190475
85204,45.74667550505052
51015,75.6146274509804
85770,45.97500108225108
50455,57.257464285714285
102127,77.08332142857144
64407,64.98832142857144
56092,71.0167825630252
37848,68.832059732665
56789,72.84899999999999
35689,33.68852251082251
74825,68.56235994560994
87074,29.2605836940837
7209,70.25903571428572
39640,65.2165634920635
2697,48.81786996336996
44912,30.019810966810972
52701,78.14047619047619
388,18.04226875901876
42462,45.684424242424235
66508,69.61897619047619
94266,80.91382864357864
47748,72.33373412698413
60095,35.95417658730159
65304,37.41779365079365
70912,69.13426984126987
16457,63.44429761904762
19736,31.405795634920636
35205,41.55976587301587
15473,73.28624929301864
33561,68.11091269841269
11946,79.8321645021645
94777,36.578835678210666
92419,42.23332524420025
14902,77.49281271777004
11903,62.21749313186815
11295,76.02670601620602
64194,24.57983928571429
3496,63.557940115440104
43302,57.64645021645024
22465,54.460487803454754
32448,69.41354427261335
85851,11.510166666666667
87123,68.55225
63620,55.84496194083692
80423,56.47695725108224
93664,54.32016860695635
16362,47.2358115079365
86039,41.385346405228745
54489,48.43353876678874
66200,44.855749999999986
73040,75.68730201815728
56428,63.82344841269842
47098,29.306909632034625
86079,43.58833243145743
38863,42.93361309523811
13657,37.312110930735926
49778,39.525418650793654
53228,67.29011201298702
1476,71.01158928571431
597,72.18084722222223
38931,45.69084920634919
61260,81.86428174603174
95299,34.50620436507936
54545,75.81129067460316
28312,51.46267658730157
9851,32.5777380952381
47857,31.553007936507946
14742,25.332191045066047
30762,72.26365927750409
39645,64.3890238095238
16366,34.70134523809524
58329,66.44107142857143
5362,42.35708730158731
28680,37.392303751803766
9147,55.63302132589632
58906,37.72197763347763
668,16.45098214285715
53772,68.94624705564046
6548,34.2489567099567
78306,72.02160515873018
70054,21.561306929181928
36756,38.60900758963261
90731,63.79745580808081
102152,42.78054906204906
73426,56.96581908369412
23266,44.4122490981241
33659,56.941745254745264
102556,60.93485714285715
82514,65.41044444444445
50573,43.633998015872976
14163,36.50735600510599
49598,55.946557539682544
16701,48.52627670940171
38315,68.44301587301587
33174,45.213515873015865
42779,48.98808928571432
94603,80.66922727272727
86634,29.717158910533907
43269,69.15924603174604
24813,25.80344841269841
37501,59.73514285714286
60445,34.64733838383838
7885,73.78833333333334
270,59.63525198412699
60228,68.63415705128205
56754,60.206029761904766
30616,78.50238383838384
3074,42.24567875180374
12213,60.307373737373744
25329,67.98574404761906
89932,58.84216991341991
56358,57.851624486624466
59658,69.94603044871795
72633,56.89697935397935
66610,31.795565295815305
50230,78.00344047619048
94061,100.0
37267,38.34754816017316
8378,34.319821428571444
14962,40.74130609668109
8279,63.42257539682539
6661,30.244623015873017
9493,43.501859668109674
86162,73.79390476190476
80416,26.436605158730163
101175,33.107551406926426
55374,67.54263293650793
90352,49.16697835497834
62029,78.73547619047618
90337,62.46988095238095
46303,58.2570257936508
88052,66.62689880952381
6802,64.80421031746033
41708,23.585735209235214
91108,41.474424603174604
5459,74.94705952380951
29420,57.95072023809526
67025,64.08933730158728
13692,39.19741179653679
4265,52.16661616161615
90490,45.555492063492075
87241,76.906
3368,51.03209126984127
21118,72.98814285714286
16678,35.62733730158731
20707,38.916403138528146
58963,77.980875
101516,80.97841666666667
4182,75.751125
101222,49.94292225829727
65250,47.05927380952383
14435,31.146098124098135
42941,31.412839285714295
62107,46.603371031746036
42135,50.34074125180375
7582,44.03621626984127
41042,71.80908333333336
5984,52.45348412698415
50772,56.43982539682539
66136,58.96704928404928
14724,47.37209920634919
13176,44.121001984127
4437,50.269984126984134
18350,26.117226190476195
19210,38.272640873015874
24163,66.01986904761905
60856,40.84934559884561
14303,79.58883333333334
100551,32.58275892857142
55603,82.48046428571428
35334,36.233581349206354
77335,55.976289682539694
69111,70.58861904761905
24068,60.565533730158705
82322,54.32217085692083
31970,32.425080627705626
67710,46.53703373015874
52814,72.76667063492064
46573,64.71580372405371
38167,45.24437273021097
94121,81.59574603174603
43541,42.44356313131312
67305,23.606089646464657
23578,49.36970508658009
45605,36.46552182539684
16138,52.034053391053384
16189,43.016674603174614
10525,67.19064072039072
101139,40.77546214896214
53862,56.058325757575766
8760,46.778791305916315
46026,81.9825
28210,27.56145741758241
65805,36.549490800865804
55157,44.06302182539682
73570,57.559970238095254
58761,50.65971031746031
22713,43.68801190476191
43752,75.06585199277131
53979,48.09774368686869
32193,34.151245938207815
29824,22.47783961871462
54110,80.90514743589745
31672,48.14385119047618
95437,97.97666666666667
59373,52.945238997114004
71024,47.45447691197691
85579,63.45944047619045
7143,22.985647907647913
24979,38.090521825396834
27130,55.01458775946276
45322,30.73715115440116
4546,66.66211797924296
85647,34.746874999999996
61531,72.82230644793803
74639,43.58744642857142
12997,30.020037698412697
45375,54.13798106060606
94472,51.055632936507926
27052,69.32831944444445
74949,62.9250088036963
85810,72.86827976190477
12569,56.77730321067819
56562,47.81360119047616
87672,34.88961706349206
85775,57.43638369963371
93546,51.50921466033967
1513,32.266501443001445
91478,36.008461469086456
92996,29.79405173992673
89444,63.289507936507924
46741,59.871981518481526
41002,42.61811327561327
53674,34.17766269841272
52306,30.061975829725828
69320,45.979345238095256
89099,51.370075396825406
58508,68.18445833333331
99556,43.91971083573289
67369,28.047159465534474
81392,50.12632557720059
3220,70.02710943223445
36414,36.811081349206326
47946,48.00709992784993
27619,76.92110119047618
20010,34.25877290764791
42829,45.278825396825404
46968,55.56927958152959
41145,50.14193578643579
18722,28.348539682539677
22135,73.24425000000001
6694,10.891178571428572
9205,69.93838385225884
74164,47.797240079365075
25284,49.68887445887447
42412,77.56633683473389
13015,59.83700595238094
52840,54.102811327561334
67011,44.84397727272728
77832,74.02711518661518
65866,55.81944444444443
70024,80.17315476190477
43524,57.84881746031746
10323,55.37603409090911
99869,69.87301966089463
84874,49.71044831557333
101228,51.686059523809526
87554,52.644227217553706
34866,49.365198051948056
54851,73.86947420634921
101225,34.24682936507936
67089,52.677249458874456
78192,58.9885414862915
4275,36.32392063492062
47323,77.85109755603872
29353,38.94902958152959
71349,68.47783026695527
31813,66.02058035714286
80963,40.73981673881675
50232,65.76046428571429
62408,63.62879761904761
10876,22.52974007936507
74115,34.761141414141406
6676,54.766640873015895
25303,68.82217085984192
6231,34.658373015873025
6398,48.55982539682538
10424,63.602567460317466
51715,32.67915205627705
66925,69.05199116161616
34935,30.107867063492048
29,66.6854642857143
60094,38.10969841269841
2355,46.66057341269841
8246,72.4332634171384
88243,49.45575757575759
6266,39.26175252525254
79323,72.79119552669552
26623,55.71409386446888
18407,60.42886958874459
85183,75.93487484084542
91994,36.13380483405485
80651,45.07021900811606
87751,42.012222041847046
73971,66.75919246031745
92571,61.763629329004345
44095,57.16814502164503
977,31.873522907647907
15716,70.73763744588744
48088,48.52696861471862
62561,43.90869606782107
15196,73.55614667277166
15245,70.91118614718614
47802,33.21629870129868
8280,56.35322619047618
100195,55.62743054168054
26388,49.91042460317463
76281,52.257602813852806
30610,25.694024531024546
7475,42.151601190476185
6827,45.10068849206348
32291,63.372330086580085
52696,61.55221987734489
30917,55.48238185425686
59013,49.804838064713074
90346,72.02595483193276
85275,34.868315476190475
23294,42.29544191919191
34300,37.37231349206348
92108,61.26561340048839
53442,62.566869227994246
68866,79.1965496031746
67054,30.918041666666667
80249,59.208373917748915
71757,63.25197907647908
99982,63.38957467532468
67395,46.87974666305918
69414,29.606282467532466
97286,44.39696230158731
60432,67.33225595238096
67162,63.148341991342
31953,42.24648863636362
34549,68.54066666666665
74352,53.78121031746032
86537,40.08080357142856
26302,53.26981250000001
28141,45.46767185592185
73921,31.7097003968254
83459,78.04858675096834
63482,30.022570707070717
21805,32.388706349206366
54789,44.14435424297923
53613,38.356837301587305
92650,44.29787175324677
48313,77.60874305801725
1483,43.60698033910535
91744,32.1235951336675
99687,42.71035912698413
22481,66.72285480859011
41271,65.6350486111111
57685,66.35628174603174
67538,41.26015277777778
52951,55.612157509157534
11537,67.48133928571428
22317,51.4180732323232
21310,40.17116269841269
22499,31.65480844155845
4678,52.3293933982684
102496,66.83998229548233
56160,51.42813593351095
92624,54.05949404761905
57314,62.398250721500766
65293,53.245759032634034
58545,51.727764652014656
70834,33.321281746031765
44366,52.854891330891306
70164,38.46432617382617
60819,46.58959722222223
49620,70.14416114522733
92696,48.98818650793652
58343,79.66145779220778
1267,36.10054761904763
31946,68.03555952380951
13881,69.76560606060606
39914,35.31209559884559
11626,44.083816017316025
58928,63.01245098039216
10739,60.83587393162396
81053,47.48915873015872
71886,74.94321428571429
61425,46.44045833333334
85222,32.539696428571425
59703,36.4087536075036
55729,68.99305555555556
37128,52.42247023809525
42143,52.570807539682534
63166,70.36306013431016
82082,40.689048173705146
85569,53.67733730158729
11447,67.8266868131868
12158,44.71492532467531
83458,83.21705087701633
20356,33.74805952380952
48825,37.85173593073593
84300,44.6438492063492
43969,38.676787698412696
62475,43.46421626984127
31919,67.68816576479075
11569,52.14311706349204
12076,80.50454545454545
55507,65.24352777777779
38196,42.844234848484845
62575,34.11591287878789
87512,50.90119047619048
55237,66.16161111111111
46210,9.821523809523814
63194,64.14821503496503
10871,40.28462788600289
72003,65.88559866522365
51387,69.89195238095238
59188,40.602458333333324
12083,78.60178373015873
73701,52.291136904761906
45052,66.65813965201465
48729,25.95293163780665
43330,66.87485157450077
58273,44.64946158008657
86387,54.73386940836942
75576,66.96152777777777
52749,62.14519877344879
10186,94.85729166666668
25154,55.93643362193363
102166,52.121937049062055
66554,44.94416955266954
83297,42.94097817460316
10746,72.49155555555556
1748,62.04750000000001
54501,29.288780663780663
53043,57.713426948051946
43984,71.27880144855146
37534,45.3119191086691
21174,48.01623214285715
40261,52.198626984126975
80669,76.90411111111109
5538,67.19210256410257
72904,64.74243116605616
431,64.84883333609453
47689,71.31413888888889
93927,37.43643903318903
21348,62.05285338680927
78015,70.22789880952381
64520,51.7262546897547
33796,83.8535
40048,60.19982722832723
24168,47.06555735930735
34728,34.750424783549775
36221,34.69519642857143
35598,36.54038888888889
45215,67.98992482517482
56322,60.35857936507938
31679,40.92727182539682
81921,80.53334523809522
913,55.37345833333335
8681,12.921973665223668
68810,49.17104004329004
77786,60.23545039682539
86002,35.01293253968254
77876,40.105607142857124
22002,42.09738672438672
59465,28.899046356421362
32618,36.903697205572186
93916,51.764970238095245
28810,59.85472817460317
51283,21.09439377289378
44153,61.60827976190477
28059,69.11398120300751
15482,31.237501984126993
70642,43.60701137751137
16793,38.60202976190475
88175,35.25595848595849
20190,58.29974130036631
15590,67.92702006327005
88786,42.03859920634919
8715,29.072434523809516
37992,71.30277777777778
11859,59.987021057373994
62245,53.23059722222222
83616,54.770726190476196
12161,69.46104816017316
63290,44.95822008547008
79827,38.55533402708404
45246,45.259027777777774
90826,73.93224992368741
3359,40.957065476190486
31402,59.6958373015873
81660,66.88864880952381
33891,73.98370689655172
66009,35.77960515873017
100521,53.842785714285725
65686,44.70793347338936
84447,45.89696825396825
61294,64.87027146464646
60173,32.89308272283273
73448,81.82
48752,52.32832341269838
31339,58.48668347953215
33618,55.20198717948717
72734,51.04658913308916
77431,31.18977200577199
48310,66.64333333333335
18731,55.607690476190484
37914,29.91486598124097
7372,72.78373214285713
46495,24.55692678155178
3053,31.537086580086587
77161,34.026508477633485
55268,46.200528499278505
68064,71.20804166666667
101649,67.33485256410256
15017,60.583845238095236
1063,59.998836940836945
66020,53.18728679653681
23818,38.77560224497724
73077,38.70374044011544
56551,36.449640692640706
97666,77.88365686367833
41492,47.00077777777778
20069,61.78613775156731
4558,48.31934595959598
65873,44.68187803454716
85324,74.59494713619713
22092,61.521170995670985
63272,46.1341488095238
18076,43.677692460317466
51366,68.51213167388167
75659,38.10105934343435
86699,36.05989285714285
84096,68.29732234432232
41374,51.648433441558424
81432,68.67830448717949
153,64.59080862193363
4618,43.306916847041855
57707,68.57769047619047
47997,23.570398448773453
564,65.28212283549786
64816,34.99690873015872
34281,29.785683760683746
5139,33.706469169719156
49262,61.03684615384614
43494,17.439700757575753
56946,70.73210107588491
45912,42.38945156395893
38462,54.96365277777776
24627,47.531224025974005
15738,50.22032864357864
37669,48.5161591880342
59616,62.695414571969124
82388,74.36731092337617
4619,31.98290376984127
20477,59.89978751803752
72268,60.08298015873018
31135,45.216005952380954
22263,44.74607233044735
12760,69.5736217948718
18957,42.1079365079365
49319,50.002722222222225
17250,40.13
55009,39.955883477633485
75789,47.378950396825374
28298,26.798378787878782
101399,56.50479329004329
25901,39.375060245310245
76145,54.345975108225105
38164,34.8415257936508
47685,63.830496456072304
5005,63.442302763756715
28894,68.57259821428572
37494,61.87039087301588
62537,53.867318362193366
64272,28.54177777777776
76312,38.924329989455
63992,29.510484057609055
48213,60.01567401960785
94594,66.56571428571428
99089,64.28313705738705
13179,49.67834126984125
89943,79.00141101953601
47850,71.75694859307359
93129,69.93451984126983
84691,24.427010711510714
58400,50.11860714285717
5685,39.484736429893395
26432,33.62534371184371
37593,69.67747685319067
12345,53.85086706349204
77249,51.80754274891774
82094,35.990099025974025
44190,48.577931096681084
47084,64.88220238095238
4250,46.61829401154399
17576,65.36165295815296
18009,52.97440537240536
3870,41.7035910894661
101086,64.95411507936508
3450,60.528638167388145
95237,33.06227619047618
89646,38.798230880230875
16325,27.006481601731608
98059,47.74491125541126
31616,85.91633333333336
82565,50.39230753968254
1385,79.1582380952381
17127,52.66857647907646
45542,35.49745833333333
42481,74.99329166666668
101296,55.89857539682538
26400,39.85655357142857
12317,58.65681764069262
59669,44.61326388888889
83265,49.256177128427126
67556,46.509496392496395
100292,31.556638167388172
81202,67.49470833333335
98308,47.92686580086582
9995,53.20069408369411
56452,39.69669336219337
101563,48.3071726190476
9846,24.53431105006104
67244,69.59580310457515
53873,65.63100270562771
66408,71.59943055555554
24500,69.22147705072705
30125,49.50908820346322
21312,40.79569877344877
37807,64.53966865079364
29071,52.86037103174604
23518,67.25926228878649
33336,46.22496176046177
11862,39.73884090909091
42430,82.98075
54117,65.59602380952381
26517,56.18662896825399
24761,65.37755242551565
55172,50.65411075036074
81353,43.2308373015873
19789,34.94602976190476
31594,51.01813690476189
63584,43.23427152014652
27008,81.9945
63554,26.75668362193362
23928,54.32997420634921
93774,45.79462103174602
88625,74.28923015873016
47715,71.30683343776107
65324,47.295586760461774
79939,47.63864682539683
69472,31.441304112554132
13072,57.69035515873017
36721,36.14954581529583
96434,62.845228174603164
99342,32.450870670995684
69367,47.32856800144299
16016,43.724579365079364
3210,79.56125649350649
91826,36.431087301587304
34716,67.04066666666668
3708,63.27060245310248
23804,66.22231244778612
24297,68.71547925685425
6700,58.31307738095236
84149,68.04578373015873
86839,34.64982647907649
7782,77.93185714285714
4465,38.477462301587295
85314,42.9591369047619
81709,54.17174152236654
23320,54.33073015873014
43212,51.10385804473307
71328,69.36666092314118
31530,63.09582359307355
57856,53.54808802308803
68424,63.23751587301585
18317,36.59058261183261
70477,76.86828787878788
49136,45.57294101731602
44797,77.47280555555555
90270,73.53620833333333
53910,44.925127525252535
38866,66.10437860750359
73355,35.84521031746031
81049,48.52369627594629
72692,47.687662698412694
11157,48.206680555555565
87731,41.876207389832395
82347,48.811434704184684
88337,57.83153679653677
65885,44.113912698412676
63146,60.9327857142857
88546,70.95712896825397
26975,38.03241666666667
97061,35.303861111111104
42673,35.35391751304251
303,73.71668650793649
33309,54.095206168831155
73324,65.65610296647796
55675,64.65416620879121
49905,57.62148489010988
37565,42.25632702020201
72443,74.46579385964912
45685,64.93268055555558
45044,61.94220358807859
49165,20.94327110389612
40556,38.049073232323224
23918,50.336964285714274
28275,51.95697222222224
53974,36.060504509379506
41265,71.02990476190476
65189,52.924458333333334
24720,55.674134920634906
6336,44.919904761904746
76886,50.81380341880341
11451,65.02318181818183
84748,35.43793362193364
6678,41.63037499999999
3440,75.47041071428572
88054,73.25719444444444
83237,54.50106150793651
74891,52.581799603174616
19667,28.548915043290027
51286,69.13387301587304
38590,38.41889087301586
3558,72.29736339522546
78474,47.15398899711399
70619,37.54695329670331
96647,34.71551966089466
40409,85.49275
78702,36.778894841269846
70570,13.663251623376622
82177,69.02808362470861
55439,41.374813852813844
75084,48.043991883116895
99954,76.30008333333333
93853,62.35049404761905
32142,35.94072619047617
44868,59.94744201979652
4740,65.17421053946056
1667,65.94149999999999
13371,78.12440187590187
51063,62.99911764705883
15274,69.44087630425132
39378,49.19348665223666
28241,83.0
54369,45.39525198412697
13870,72.71727014652015
34635,49.47443668831169
237,51.67159142246643
93390,39.160385281385295
9371,48.054664682539695
24683,61.68623593073591
86775,47.96331547619048
70882,72.754
17894,68.24582341269841
35787,36.94338293650793
84509,78.45059157509158
7892,30.895261904761895
46557,33.3489007936508
8066,61.01025
49183,50.67405952380952
72373,27.24550974025973
2631,50.78699747474748
85596,68.27713095238094
86291,39.4528832972583
53079,58.22694887955182
16360,77.46109247967479
27953,26.313952561327568
62363,57.72876515151516
13793,81.9952261904762
45566,44.64282341269842
47805,70.84711381673883
43736,32.30091847041846
15712,26.952894300144298
12857,48.33124833499834
100712,53.62424374236877
44429,63.63590476190477
9301,58.40402034077034
86662,68.79958333333332
47004,49.648438866688885
17430,64.80987662337661
96465,46.70573484848487
97912,43.055404761904754
1661,71.83863095238095
101735,37.430283882783876
85616,57.7939781746032
56496,38.77678589466089
68826,36.15902380952384
80025,30.404349206349192
5024,45.528107142857145
34504,36.4704496891997
79678,73.97121794871795
93088,75.18548351648352
6123,39.87578556166057
7118,36.22701893939396
30041,60.12120238095236
11094,50.43840133477633
23807,64.10586904761907
67144,43.035845238095256
84110,39.40884325396825
90532,34.32235119047618
59439,40.65447582972583
69571,72.60724390521759
15598,62.990883491508484
21721,44.0092380952381
64987,48.966373015873025
5629,42.38123611111109
34982,28.81560353535352
43523,78.17245597041847
22811,42.6142290764791
18283,44.53967353479854
18525,50.44097864635365
48200,65.17831132756132
33479,48.21733946608944
49594,68.56416666666665
74646,57.46062103174603
45038,73.43410912698413
96917,60.85637301587303
72799,43.319605158730184
47859,32.1396011904762
41777,59.92255357142856
25513,40.87813492063491
55456,38.36616865079363
35911,20.52064880952381
90770,71.33582295482296
5346,47.67088474025974
75603,40.01638759851261
22875,41.34009210234211
33333,61.13049404761904
68099,36.89456746031746
28268,36.554142857142864
19171,59.82399659694879
96441,62.308898809523825
1246,17.23849136974137
16282,99.6875
38490,52.0851278860029
6758,61.773910533910524
36792,68.21744444444444
4847,57.39149404761906
50339,33.54290226440228
48678,61.75183073870573
91836,68.63047619047619
17168,62.42165386002886
70212,55.29369246031748
19758,19.43661706349207
13653,25.535507936507937
76818,72.36455534670009
44559,50.25428160728162
89012,68.6830218253968
63276,34.22419480519479
68593,51.727948565323565
526,37.92164489676989
4627,38.01661706349206
8648,92.00333333333332
2418,17.086629689754695
10652,54.04006448412698
71991,63.987478174603176
54955,34.59290949328449
99025,48.46664285714287
23957,72.50141071428571
39326,77.58641666666666
9467,45.87014682539683
35,44.70081240981241
92370,66.85663690476191
33024,66.8958125
17099,29.77827579365078
39146,66.5444569327731
50313,60.247878200231156
73228,39.51670833333335
91286,80.45558531746033
36444,60.61384325396826
34228,79.65902380952383
41231,66.23287698412695
43596,69.96923412698412
23176,43.041590367965355
18895,33.8392996031746
46128,48.149508838383845
102049,36.83657642357643
50582,62.0792456709957
48574,64.41990710678209
14581,58.45372916666667
12920,57.01043253968254
3981,46.24551623376623
64094,64.59053571428569
71413,41.21840277777779
10529,68.60497222222222
34144,23.88220870795872
79805,29.883525793650797
79502,100.0
35069,38.48003120490621
7228,31.577167929292937
86520,54.75613113275614
69005,37.81412301587301
9427,31.405224206349207
90438,59.517790598290595
43433,54.33769678932179
36870,39.25311399711399
77765,81.943
10011,53.40979918692419
73691,70.12166666666667
77511,48.99422817460318
48652,41.45513888888889
4743,37.62056746031746
6999,72.27752777777776
22521,37.29889862914863
23887,71.72821103896102
79313,70.39841666666668
84715,40.5505138888889
91228,60.60798015873017
11836,43.51590404040404
24703,37.27005753968255
82888,46.902683802308815
100415,41.806556096681085
97083,46.18582918470418
1324,62.58843650793652
15814,34.50932936507938
42757,77.11313095238096
62799,40.79638167388166
9573,56.00072095959595
7779,55.76819246031745
16137,40.1143253968254
22805,39.59393760406261
101840,54.02421843434343
5686,59.206731684981676
21675,61.20770634920636
35537,53.49722438672438
25073,59.894271645021654
12861,72.32430952380952
24550,21.402364357864357
99882,43.05441323953824
54470,37.833994047619065
91613,86.427
38447,56.43535912698414
71081,67.76884853626767
75102,68.5083000888001
53272,42.065161616161646
16623,42.99023611111109
71180,76.22032142857141
39550,43.47760894660896
86279,65.64561020923519
87492,40.584059523809515
27369,45.00870544733047
13914,65.5442673160173
7995,75.16431547619048
53262,47.286373015873025
17796,43.866077200577195
26662,64.89186976911978
25,60.36626641414143
3300,68.86254607106001
72915,64.31658134920636
89385,52.2747417027417
28296,32.92626079476079
72162,51.207473845598834
58523,31.62666259398496
25279,80.22167261904761
24374,45.496000048605495
1611,49.064392857142884
59840,43.568335858585854
64850,71.44315277777777
58820,74.61678837244627
24513,43.53745472582973
75442,54.99973124098125
6387,46.07516682805497
102577,44.43435878582201
57040,41.21306836219335
79506,71.2000093101343
48739,43.92467261904763
62400,43.00486237373736
22596,48.82167442279943
69422,47.19406944444444
93040,50.75534325396825
60581,77.88380081300812
13658,70.8298095238095
66677,36.95896031746031
94951,23.538930375180374
80703,39.90864002664002
7200,38.41093253968254
17858,33.49963471250972
40949,53.50070726495726
92161,24.82152151211362
51637,50.65262713675215
11927,67.82328558941062
63963,56.67318849206348
27703,70.92315032679738
22248,62.53345833333336
46721,66.30545833333332
7251,30.315305555555543
2493,79.92125
51538,55.85058465145967
22020,77.49752380952381
20590,45.009414862914845
58723,60.37449388846451
42809,77.04783333333334
36504,42.25091212953715
38624,66.40951190476191
74330,48.706421897546896
76179,68.92179166666665
37764,42.79325000000001
27659,66.09279761904763
80581,36.13078282828283
77290,71.48345299145299
52666,46.02374206349205
8493,36.2331884920635
6185,48.984624999999994
74055,55.406741966366965
101937,59.27811355311354
36,63.29500595238093
70633,66.32596853892153
77071,44.52965842490843
14420,41.0767261904762
32745,32.321975468975474
65751,60.10690934065936
36245,41.01942063492064
28690,66.01046313980137
74443,53.63755357142858
26846,38.2280734126984
34518,72.40449025974027
81306,36.71647023809525
97902,72.18691901154402
14455,55.987396825396814
34832,44.416271825396834
8262,43.89535912698411
84714,68.22121398046397
22819,38.653468253968256
78802,67.10299084249085
51065,51.3452602813853
90172,64.55698412698412
97872,56.73092261904762
43438,65.30987698412697
75720,67.26060912698412
97504,36.03203445165945
25478,53.389994047619055
87772,46.8432508354219
55323,57.6838474025974
63400,45.54467225829727
69180,62.5788988095238
35790,69.9188630952381
65997,23.402795454545462
86276,28.56606944444445
99210,73.3136369047619
20538,26.63990692640692
82104,28.176367424242436
23554,74.35033427318294
46818,78.09934523809524
78759,46.482112554112554
60520,35.863539141414144
56153,23.86606042568543
10007,64.81259307359306
65958,47.43364285714285
92832,61.168871031746015
69820,70.86951373626374
90775,55.09571626984129
10087,46.66980934343434
63009,40.42996572871573
19705,39.19410317460317
100553,59.96976984126982
20539,69.98809740259739
88475,57.50038924963924
49816,68.01258126514008
76872,51.95358134920635
34139,60.92142689255188
27076,58.99382142857144
5775,34.739916486291484
20862,42.707964285714304
26129,75.32762547175045
63440,36.89950396825397
66524,22.011989898989896
37725,80.71419444444444
3130,42.74648665223665
45342,76.66011471861471
3629,39.91911381673884
1460,33.87932338494838
54537,53.28979166666667
56909,46.1608434065934
80229,64.92704066113625
42587,70.869625
12833,43.96590476190477
45094,49.97016684704183
21333,29.68990746753247
61495,36.98544444444444
98218,39.46485894660895
69827,50.683751082251085
48007,71.21838582251081
27777,36.37228968253971
15593,63.5076066017316
49072,38.90760912698414
60751,66.32384630647134
73034,49.65682142857142
56023,72.63554846228763
31374,73.94209722222223
89683,43.46444642857143
79609,73.15484523809522
36963,60.69343849206351
41865,75.71120488721805
45956,66.93916666666667
3295,63.66610515873016
84667,75.62651211361738
36834,52.5819522005772
21909,61.7345
54049,49.58479166666667
45144,32.1252233044733
8961,73.90973863636364
86794,39.357365620490626
42081,80.414838467254
91236,60.39739448051945
17264,81.66037301587302
71319,66.96619047619048
66633,29.919886183261166
71213,54.0311998834499
81086,17.505606060606063
85242,64.35986649869737
10878,31.481766414141426
30067,31.067353174603173
58495,83.41745238095238
65528,67.60031150793651
68490,47.324595238095256
17711,39.04083207070707
4956,72.9575
100191,54.79984325396828
81786,71.58302777777777
23728,31.533240079365083
39989,45.32533470695971
8402,78.87031746031747
47207,54.72842694805197
11484,68.87594628982127
13320,44.97580753968255
43828,36.13327976190477
81493,53.3023795093795
58063,78.5945
36182,36.047642163392155
50822,60.788962382388846
61364,24.749106421356405
85271,36.23777976190476
2305,59.98456030701755
95559,41.761935425685415
4649,48.1321263181263
28363,47.62041071428571
38555,50.080644841269844
38800,39.35171626984126
34948,62.36155654761906
43748,64.46430753968254
56481,36.58114484126984
96166,69.88022420634921
87210,38.1970035103785
82961,32.71609938672438
35599,75.89660367063492
89161,28.956821428571434
98151,56.557553030303005
28663,64.85313003663003
47067,55.475371031746036
85255,39.60225793650795
77992,52.347543650793654
28083,67.71226785714285
42865,81.0
61315,49.62418986568986
66209,69.72789159451659
46060,46.2531847041847
38382,79.50912368369933
65886,48.0818035714286
84084,52.7192707986458
94645,80.04887626262625
102568,66.82730197132615
1864,55.648333694083725
89948,59.799704004328994
29802,36.21068037518038
56511,38.09110353535353
62334,70.44195238095239
89705,50.83226082251079
28431,28.44119887057387
100216,45.61299098124098
34035,66.22343253968255
34787,38.62174862637362
88268,47.16076190476191
84598,71.06445833333333
95103,69.68894444444445
71742,74.71635338345862
41504,58.00278846153846
2801,49.25224171369567
44146,36.91222691197693
16400,54.095111652236646
468,49.28807900432902
41207,54.969380952380945
100973,35.31642658730159
45428,42.3858650793651
92718,41.04576587301588
85,34.75476587301587
80504,26.89460317460318
42322,36.847642316017314
25791,34.34344408369409
74368,46.25124913733608
60364,47.14808531746031
71915,36.70640476190476
2555,51.55912085137084
36406,73.73494841269843
83445,53.80908531746029
61785,72.9951860916861
50472,51.749814685314675
64574,33.00556222943723
44941,47.168301406926396
17632,25.49085191197691
82562,43.5927757936508
100519,43.06413167388168
79439,54.31070619658122
62893,66.4196994949495
3521,44.86502020202021
39017,51.7040515873016
26002,47.57565476190476
20908,52.769297077922076
74738,63.85529242979243
23760,31.824890873015875
60317,35.81620021645023
81312,39.74091071428572
18010,54.478791666666666
71606,43.547818722943724
16270,74.84905357142857
5723,46.53981547619046
50388,37.80533627483627
91877,51.90771334221332
47012,33.49545400432902
29055,38.919478354978345
71792,45.072230158730164
91050,64.42722420634924
91520,58.81850588300588
102134,63.766422619047624
40656,38.79754635642135
36431,39.70250595238095
39155,43.14458928571429
92504,45.967148656898665
13871,72.86480769230769
39846,46.401813492063496
85651,31.05063232600733
37445,45.27953769841269
23919,57.864141774891756
88838,49.65604743867246
35739,67.05779105090312
80935,34.2893523976024
13921,72.73736412757722
93446,59.47547222222224
78000,58.53985624098124
77130,53.23922023809524
99296,51.66266468253968
7202,72.0375238095238
59106,72.61040476190476
59887,57.45675054112554
74447,49.91396230158732
53525,56.94003081640582
82281,63.5926786669213
81183,41.585160714285706
16755,47.006608225108245
12795,76.87418233082707
37574,55.89294917582418
37631,64.01267207792208
80991,74.86057106782107
2534,56.14200174825175
32490,82.14806944444445
97285,44.21724224386725
24568,61.87449296536797
37836,38.312422438672435
12627,33.25933531746031
60328,61.28782738095239
8094,61.12613979076478
13164,43.255079365079375
97425,66.51597573953825
84787,41.103327380952386
83070,69.44446428571429
83689,32.360629870129884
30753,45.64161201298702
71517,49.16262914862916
99875,33.8710488816739
35298,38.83469967532467
70911,34.572255952380935
40604,42.757068452380935
10924,57.26917460317458
102013,56.315817460317476
91540,66.57615964590966
69941,81.97183333333334
7673,65.91098268398268
45740,45.557434523809505
94191,67.90462554112554
13890,44.640196428571414
55902,68.34669047619047
94743,44.75874296536797
69262,46.12309923328306
76679,49.885894660894664
13616,77.8885238095238
51143,65.3456626984127
30913,29.830367063492062
16013,51.68722817460316
45440,51.46027777777778
35502,25.662447871572876
61329,34.25035678210679
90538,69.50497222222221
11224,54.22817857142857
2532,81.54946245421246
25634,48.43362662337664
1105,53.61734325396826
84406,43.240944444444466
96840,71.00695165945166
19550,38.66946626984125
7970,33.30567256354757
15973,63.30611202686203
15478,78.01172619047618
6847,52.272105158730156
29918,47.31672619047617
55179,61.94418650793652
95162,64.55070634920635
45688,46.65524801587302
6128,40.983329725829726
52106,53.99788257575758
74633,55.58989267676767
43355,74.99535714285713
64731,36.52625613275614
28356,44.863583333333324
46136,56.404025793650774
58231,64.59510882989558
77233,54.47207251082251
27661,56.545327380952365
51686,36.99886435786437
61759,40.32393452380953
97908,25.972496572871574
97194,53.36892568542571
55461,54.270858405483416
34384,53.52996843434344
50933,35.43195433732934
36073,36.25590728715731
46938,42.056397727272724
46976,61.4451700937951
1380,43.42067207792206
66477,44.018648300229195
45586,38.852967005217
62653,74.97173214285715
33080,58.79778174603176
86140,74.81179166666666
78710,67.56584559884558
92132,49.32012698412702
54021,46.6950515873016
78017,73.0
29862,58.37759493284489
5838,41.287224567099585
94072,74.63981194785606
44731,62.999768578643604
14831,36.134212842712856
17072,51.5438116883117
38056,78.37195697358196
49384,34.29757738095239
48256,54.0698162393162
47361,37.051107142857134
66444,66.23575000000001
33148,63.254581349206354
2533,48.5902867965368
9304,59.602676587301595
76581,37.12291468253968
95560,27.869116702741703
93325,50.531539862914855
17510,67.25765665584416
40667,36.72996626984126
7253,44.02188293650794
80805,54.39539180672269
92949,71.35144047619048
99462,26.287012085137086
27792,50.08154960317463
95995,53.63020183982684
100823,56.99288311688312
45831,30.861202380952378
64022,69.98646825396824
44059,61.961452380952366
10428,72.39067063492064
4995,54.14269841269841
83737,78.33691666666667
82493,61.05124462759461
86886,63.87354365079364
52370,79.10354166666667
49332,97.679
70036,59.14341215728716
79921,64.48929166666667
29882,62.51078030303029
9925,49.005378510378506
99626,65.57742857142857
42406,56.91169841269841
70478,38.17743073593073
102337,64.13533766233765
92709,78.81651587301589
92607,28.23301984126983
86112,43.773113997114
30764,34.38442460317459
14804,41.50800432900432
23802,45.08180627705627
47410,67.33406709956711
1110,37.91741865079366
25686,55.6514007104007
61136,40.309398809523806
23549,69.77206043956043
95824,70.2789829059829
95641,39.28757413419914
71128,38.70950305250306
14691,81.23972222222221
99236,72.2464796176046
88688,27.359395923520925
91799,74.68927640415141
36502,53.567246031746045
8954,33.19120100732601
9609,40.69391269841271
63908,69.73619490231992
26908,39.42541305916308
15121,40.628164682539676
47960,56.012646825396835
72654,71.40452759740259
47296,32.024864718614715
14367,36.748038003663
52801,43.003650793650806
62254,67.20077777777777
65183,23.918797619047613
67738,37.0462261904762
24270,52.85750992063492
56211,59.16378932178931
94298,76.79594047619047
80716,38.132571428571424
50159,81.6425476190476
23721,71.10470238095239
78965,74.40142658730159
84156,62.51092965367964
14462,74.35703968253968
52065,98.22149999999999
63472,64.16416890054391
99420,39.926759920634915
77921,54.575704365079375
61780,28.972819444444443
45826,66.58007539682539
16982,60.50290719696971
94697,43.445397546897546
21753,40.3576765873016
6011,64.85283658008659
82439,84.10899999999998
81409,85.99753333333334
47043,31.111350649350655
4861,66.82583730158731
12433,61.22050847763347
87015,59.35315746753248
5023,52.30863583638581
96851,62.21716468253967
16668,54.47206222943724
81181,68.65087662337663
90640,46.45001190476191
82601,60.37305555555557
34141,53.1332261904762
11143,55.09586688311688
5302,39.580973304473304
41083,54.94059913818065
70580,36.51489502164502
28599,78.96925
32098,50.488523989898994
97129,44.98900793650794
23154,55.07808531746033
76058,56.289728712807666
85884,43.32224549062051
100101,41.943416389166416
593,68.07245634920633
28640,36.91371753246754
10836,72.94328540903541
683,66.54261904761904
29241,72.74555357142856
7700,70.38747710622711
51220,72.12442867585632
88457,34.567283910533895
60257,47.9138279220779
92507,44.82452976190477
46272,62.360523809523805
84057,40.6437641941392
5250,52.56385335497836
98764,69.6305585839599
43099,28.24320021645021
72471,44.01201190476191
6098,37.53679960317461
63052,37.99085778110778
87919,44.38002380952383
86516,62.318246392496384
36358,70.19512604427737
90819,33.34996459096459
70889,81.01482757158898
77748,46.147913780663785
87570,39.225094492925365
51097,82.36550396825396
65473,41.28807882395381
8322,85.88833333333332
92468,42.95027579365081
88910,65.84075
90818,63.526200396825395
65151,74.36336111111112
4031,64.7014356060606
54710,48.44076857864357
98814,42.56756139693639
92423,47.41337842712844
2072,38.91412103174603
43903,47.099311507936505
10433,49.45004274891776
60740,75.6226785714286
19366,53.053575396825416
20582,44.962630952380984
3250,73.47194767090062
82578,39.63536994949495
32399,67.7163658008658
23958,33.753655219780214
86583,36.321175324675316
91288,34.49371121933621
76784,68.8093849206349
56123,70.27243253968254
84089,42.26281349206349
85343,26.46444642857143
68659,75.07848412698411
90434,38.20182557720059
41678,79.98770887445886
59415,50.44868722943722
17020,78.6365
51657,73.88833333333334
91571,38.560531926406924
98111,57.09054008491509
83550,19.52230014430014
2582,68.69710164835165
74305,25.76803156565656
48731,52.689428113553134
10111,30.849783008658004
24485,33.73141071428572
46090,79.11166666666666
63077,42.7253926767677
17962,30.746876984126974
93804,64.95193903318902
13226,47.02161273448775
89677,55.060654040404
21730,100.0
96304,62.41868145743147
4144,63.59266865079368
69665,77.83961507936507
37866,71.17898611111109
8180,34.64608964646465
38458,50.35515295815299
11745,60.99463293650795
94415,46.69942460317459
82633,33.88245238095237
41288,39.60113888888888
4733,49.53648015873016
56441,65.05925324675326
37724,43.619236111111114
100583,43.56270238095238
41308,58.83948547505125
13858,68.50894298245616
76183,35.966001984127
60127,71.06313636363637
20326,46.79232106782108
50664,46.01626609501609
38546,41.19645238095239
28130,92.10696428571427
41009,35.50061706349208
18493,48.71640025252525
959,44.45248773448775
72958,58.90507233044732
27198,66.14683333333333
5299,37.535362734487734
80442,43.99025396825397
21994,81.15415476190475
78932,67.10241666666667
94056,63.92750595238096
101387,42.25243668831169
6829,43.14747453934956
72345,40.175609126984135
32155,41.4468115079365
33848,44.927
55360,38.0960901875902
36348,50.51785155122657
80959,44.04335714285715
4942,38.51672023809524
26536,60.70830952380951
57346,65.24404779942277
31763,42.23476785714285
15095,30.633883255633258
49312,44.91183848096348
25247,20.905490773115776
6445,61.61066144966148
59621,63.96675396825398
97813,50.872803391053395
7003,63.88700595238096
9748,68.28112698412697
40260,29.562317460317463
79529,60.842556519869014
56902,32.090126803751794
98178,67.61330573593075
76094,63.559930506993
92590,66.22142857142858
78685,74.01177380952382
18224,33.43001551226552
72312,64.31497619047619
37223,47.08117475579975
84785,31.625970238095224
72026,61.00105555555556
57888,43.64986706349207
78887,48.982260642135664
101397,32.39969246031745
85796,60.82354761904763
13380,43.807756944444435
24229,42.77493903318906
14882,52.72669246031745
40688,54.86812499999999
92614,37.697411976911994
98521,61.20280513930515
17077,44.14614804639805
3875,41.252928030303046
3238,41.97129599567101
18272,53.15403264790764
76438,80.74244538794537
46753,48.7812619047619
21973,80.67642063492063
96530,82.9375
78390,60.66380375180377
48128,61.93173232323234
74907,42.12581673881674
74340,44.641887820512835
6238,37.60949494949495
78293,29.21055844155844
41491,40.55031547619047
60636,53.54005122655122
22630,46.85974476911978
72221,64.26564971139972
28138,50.63060912698411
19444,33.13802218614718
54776,41.02869157197354
4569,49.748303571428586
3134,51.08099621212123
25799,78.09064285714284
919,53.2150119047619
101250,61.524158674658665
63982,48.416458333333324
68634,36.3722337472469
6429,34.2912844932845
54634,80.31049134199134
77887,75.85801144688645
84859,45.16091849816849
56499,68.2987123015873
22504,62.3434046855922
80357,60.08181150793651
30505,39.93141071428572
97055,61.097644238931004
65416,60.20774404761905
102350,38.79295238095239
44729,31.84543470418471
45648,49.60014646464646
25838,75.97269444444446
10454,65.66408134920636
92683,40.40957142857141
11381,45.95132844932845
92285,50.333226731601734
25147,54.004923340548345
29380,37.6120257936508
11446,38.53905753968256
23604,76.38069642857144
61554,73.30293308080807
15214,50.39587752525254
101789,39.51954655067156
59696,76.98674945887446
63220,52.31459325396825
80196,38.26558838383839
45093,60.392886904761916
16815,53.15564087301587
18259,74.0
8143,43.07407972582974
71211,60.203152777777774
81497,47.32298168498168
49947,28.457801459977933
28736,45.35095093795094
15765,75.88345238095238
34330,40.648945346320346
41269,67.95159126984127
22230,74.02555370865375
7146,40.36041666666666
26231,51.108466269841266
33805,42.01854761904761
84256,79.07780208333334
57867,67.55702777777778
57422,65.94534512709512
73846,80.56183333333334
83792,44.067900613275626
56091,35.20711210317458
89488,55.05114285714286
6567,74.50783333333334
71605,50.65641985791984
45169,33.05187499999998
84357,62.152700396825395
96574,34.74932570207571
70003,42.3079226190476
31737,64.04663095238095
96178,54.68156547619048
58679,41.37490584415585
86429,77.69566390824622
32734,37.3321349206349
88879,38.60285515873015
91327,74.54803923160172
28676,38.2077545093795
6669,42.232757936507944
51630,63.24178769841269
86925,62.591432359307376
91176,32.31031204906204
47254,37.59598214285715
31444,57.58303174603176
93065,72.5250579004329
99472,75.0
41886,58.3367703823954
92154,83.96625
22569,46.78358116883119
90206,58.39322402597404
417,78.3389642857143
23282,29.29946031746032
94957,61.43317857142857
16927,47.14433658008657
43798,26.08394498556999
15994,52.86720091896408
92492,33.81089682539683
59873,39.59065656565654
9296,30.908414682539686
79696,35.355992784992786
19295,35.663817057942076
11475,53.840372294372294
1097,48.60774954212454
64010,68.65065476190475
91373,54.79451839826842
75231,74.24698822011321
63067,63.12200605848401
89059,58.892535714285714
81172,28.140255341880337
100724,75.95929166666667
31816,64.7790238095238
47965,53.48092803030303
52865,50.42110714285714
69775,39.35870833333333
85936,45.33291107503608
58310,77.09186111111111
28219,53.19345634920635
71912,46.89571753246756
39881,65.78119873715035
15796,42.612912698412686
40160,49.50320039682542
62992,32.371716269841265
97944,72.15968567251463
25939,82.71496969696969
83020,31.998836982461995
12333,53.17652182539683
68434,32.90108333333334
20346,69.90333333333334
86696,57.03422113997113
92164,40.185547619047625
84208,54.69339087301587
24998,43.68873304473306
81167,43.07230294486214
5622,64.44707341269839
58924,52.1644246031746
41008,72.79798366910867
15119,49.99166432178934
43912,71.79965476190476
48815,19.975762987012978
7101,73.61418253968255
33346,32.489330988456
19755,59.63034343434343
54472,60.871956349206364
26051,39.291692460317456
37367,45.64846825396826
69547,40.15150126262627
44658,52.2502023809524
41924,81.07681547619046
41109,44.95893885281385
15848,45.770169358419345
63398,64.70785119047619
82672,53.47602056277056
27971,75.98928070175438
57484,71.86055555555555
97255,32.627478174603176
43023,58.10627543290043
79785,62.998357142857145
13849,66.0928115079365
57431,40.91614682539683
53242,58.95903769841272
35410,40.90343253968254
88051,54.91197413818066
13123,62.868390720390714
69661,27.806704365079362
90234,21.698696428571434
47647,47.858438131313136
62067,70.77940827228329
33747,45.66569877344876
96062,71.00422204184703
49715,53.795184523809525
25812,71.68552380952381
97177,66.2341884920635
34934,67.17859722222221
34776,68.62778571428572
16347,34.55045328282828
68962,64.18788615959204
94470,52.82779119491619
6851,75.38319261294264
88697,31.445845238095234
42253,35.22193704906204
78322,48.03019282106783
8446,43.43728373015874
82443,48.10015476190474
45203,39.24246825396826
56779,63.80809126984125
70531,48.78049958374959
24066,29.41288723368136
99637,39.75935188422689
86534,39.72326587301587
18847,25.49554906204906
19328,61.604672619047626
28555,71.97397727272727
88515,67.55535714285716
99093,86.31381547619048
1023,41.56356547619047
22942,34.38259974747475
93194,43.95540079365077
31413,24.02798015873016
87375,44.741858766233754
89220,33.689382201132204
4016,38.745634920634934
3247,38.22901535964035
10918,54.058634920634915
84980,72.24082662337663
18821,80.95805208333333
3356,71.94031913919416
76597,69.00229797979799
43677,49.2450257936508
38294,65.52194444444443
63676,70.35041071428572
89986,37.449651875901864
61113,47.8846408730159
95583,33.05848358585859
8337,41.30912896825394
76771,32.40496626984129
53743,34.93695039682541
44636,40.84522619047618
23416,62.07060479797978
21381,34.92332341269841
73980,69.84728751803753
19103,48.21892839105339
35289,35.96603571428571
48031,73.73662301587302
18968,80.74099999999999
97604,63.54157738095238
14386,60.5215
64988,39.77783608058608
43795,69.20789656177156
18169,37.88403300865802
29876,29.658625180375193
41975,67.2976527777778
43992,51.29274603174602
66030,78.9184642857143
63933,33.56339502164501
64150,67.192
21277,38.98363492063493
81877,67.53765811965812
58250,68.91573611111112
93243,32.6655633116883
39716,37.40524296536796
663,49.620375763125764
85464,51.963317099567114
69762,50.335003968253986
51589,49.86337499999999
1353,37.34918019480518
57053,37.30940277777777
59699,60.712186507936515
64656,50.083918650793656
98454,42.398986111111135
53577,53.996747655122654
44934,85.19525595238093
38082,53.19425015262515
17995,54.54587608225109
65957,40.2836093073593
2502,54.88148733211236
99253,48.60572727272728
20065,75.51804329004327
91965,61.30700847763348
66169,39.64153823953824
19165,28.95586904761905
316,35.73798809523809
51181,65.58949007936509
90390,45.679200396825394
8274,59.283286181139125
32542,52.42010858585858
76489,39.22728174603176
79291,72.9375476190476
73814,44.07174044011545
93181,33.94135456210458
32633,29.646746933621916
87113,49.86211385836385
44109,39.66424801587299
33865,84.95623959786346
99654,44.37702152014653
74197,50.326869588744586
37913,68.95940476190476
20791,46.69541810966811
38387,40.85503589466089
56450,19.07755307233616
101565,32.081505411255414
52188,61.52759935897435
8134,55.557939033189015
14307,24.610344877344872
44115,74.80430952380952
10496,74.37112175324675
86308,63.741417735042724
89169,44.636924783549766
66156,33.3558134920635
55977,34.15454166666667
74488,45.55771735209235
23814,58.874767857142864
78177,77.7028906948907
26357,63.02412698412699
9898,48.30455358530358
2269,60.18903663003659
92077,62.137140262515274
2557,46.93673701298702
76350,52.59140782828281
46479,42.819293650793654
62527,36.373342522974106
20826,58.87051953601951
81520,54.704664682539686
79472,66.97420238095236
73940,70.76146016483517
79275,37.69852326839828
98249,46.63651966089465
91402,32.8067352092352
49574,71.02958531746035
28641,49.47577182539685
843,46.027345598845606
52120,80.78661111111111
48789,43.55807843137256
45147,44.52658928571428
77542,33.5430138888889
98190,78.70811538461538
91029,41.66354202741704
41958,45.589276029526026
40703,33.93816666666668
74695,41.997776626151605
5597,68.34887850140056
8437,68.70629166666669
43076,50.19163188608779
30007,49.99139529751295
18607,28.228944624819633
100407,55.427986111111096
17804,37.024134615384625
27704,71.2094247104247
37477,67.57885256410256
85485,78.96383333333333
39308,37.59799368686867
67261,60.99399296536798
15639,47.43427976190476
62271,78.50833913077665
56263,42.53302074314576
56049,79.52963095238093
45182,49.79957738095241
99065,32.53130158730158
42180,57.21369444444444
85024,34.129039682539684
43327,46.845102272727274
64618,59.02982738095239
78497,66.1068273809524
10297,70.80186363636363
56691,69.88204297091798
90279,44.27846771284271
38489,56.86480494505495
98908,76.65035714285713
9904,29.834285714285716
23810,75.43830357142856
83734,72.53920833333332
16147,63.230725829725806
91893,69.19863095238095
58355,61.457095418470416
26092,63.668367063492035
12807,60.97970588235294
75765,42.060553571428564
69456,54.55887499999998
82039,76.99309484265734
56574,53.01234848484849
49838,69.44291666666666
54604,68.81561904761905
24975,50.33180555555555
43075,63.49317088467089
5825,39.834761904761905
69659,51.329067460317475
101941,77.25247817460317
15281,48.99004924242424
75900,50.11896031746032
71215,49.347917027417026
23129,57.08253306415806
73782,50.239033730158724
102516,81.49568181818181
89650,70.3960815018315
101744,63.03112612387612
84358,67.31442811355312
17086,46.411576479076466
27069,81.54454545454546
33948,58.84985341047842
16184,42.97688654401152
70913,34.031307539682544
96835,37.7155340909091
2672,43.71930140692639
97389,37.882760822510825
38819,34.380411255411246
74638,50.931018398268414
55248,39.61989285714289
84722,35.545791666666666
42165,51.23274801587303
50720,35.954257756132755
49096,69.44427976190478
48040,78.89746814280682
7920,37.746325396825384
27559,92.40941809338007
85656,56.031286477411484
71519,74.7976829799386
86093,30.005765692640693
20352,72.900625
39553,40.84987012987012
5382,74.93310000000001
56800,64.99482539682538
69207,53.67483802308803
5504,61.05935804473304
22965,35.17516594516595
61093,68.49469397759103
98196,44.17802543290044
91804,63.43675869065576
35844,51.95002777777777
35306,84.00996428571426
13615,78.67525
98257,49.7144285714286
13250,58.84343537018535
53393,74.65241071428571
94106,57.847271284271294
4704,59.35001907324701
21699,37.57974206349206
101866,31.43714790764792
93475,50.02846085858585
2380,62.55809722222222
69437,48.80057524420022
13510,60.89008318805379
2733,72.59658333333334
49497,64.21032215007217
43547,45.933886904761906
64614,28.328696428571412
10804,56.241872113997125
84108,61.82689123376625
41052,53.22077380952383
18462,73.32492195158643
93586,47.1885992063492
61998,49.47540277777778
42972,50.380922438672435
97609,70.05838492063494
86972,52.74176064213567
35345,55.66865602453104
31414,64.62729545454543
21336,23.4417996031746
74456,26.19481962481963
101199,65.47572619047618
7489,61.4887757936508
33566,49.013951798201816
65510,46.35399969474972
85676,48.44863742690059
75316,33.46473412698414
11112,55.88918885281385
94758,41.104724567099574
64751,45.594908189033184
82918,45.03311549707603
56855,42.11935515873018
87950,68.92327182539684
72805,79.86146212121211
90135,77.44435370477473
43210,28.4195174963925
37941,43.934807539682524
76092,69.69975595238094
45135,36.34971031746031
6953,68.00593223443224
11621,57.563776190476204
60955,34.254930555555546
44389,64.53111525974026
23551,40.592332431457436
90790,81.14750306637805
45971,45.938476010101006
99254,62.00441847041848
93171,42.53023881673883
24597,48.89524801587302
56105,82.0
102288,61.26976085434173
37903,64.65494047619046
40857,62.303267780830275
32728,55.358184523809534
20186,57.38294940476191
57859,59.82181944444444
66147,61.126163780663774
16630,57.58533134920634
8300,64.10980635436974
3947,30.807615800865793
21463,51.88233333333333
99877,34.2772835914086
38231,45.739299603174615
18012,53.948038322788335
10550,50.23271352258854
25629,48.78440476190475
95014,51.818370115995116
46064,42.34965115440115
62863,50.126343253968244
50166,38.844732503607496
47755,35.28111435786437
93602,32.84786778499278
48110,57.67725865800866
23441,31.61005086580087
74955,34.14601731601731
20259,71.8282221896825
17458,33.66784217171716
45775,27.215742784992795
88251,69.38432242063492
56300,52.614085497835504
20640,37.53014776889776
46532,38.7987509018759
48801,80.28824404761905
45007,54.822393578643585
24828,55.71325595238096
45980,66.84627380952378
66423,20.306090367965368
75444,40.19475288600288
38611,46.653732142857145
7784,49.22880753968256
63823,59.43937914862916
13217,46.31433134920634
88101,67.04764868464868
72647,50.62197420634923
167,67.04037103174602
88878,75.91389568764568
47413,51.73923214285715
76617,51.526600288600285
68436,53.89402723665222
51360,77.33375873179108
95012,68.69760515873014
86147,66.74145945720944
30940,59.14382442067738
54888,47.704982664995825
84245,69.70710249472751
92574,41.27111111111111
69696,97.90166666666666
42910,71.69116666666667
39784,77.66825
2012,68.7197667748918
90126,49.25195707070708
28753,31.576297619047626
5918,68.15482738095238
80350,36.096414682539695
37571,72.80762108724608
3109,76.62760416666667
52738,51.771480339105345
65404,64.33930158730158
84947,54.20936129148628
60845,44.78949999999999
20042,20.25200595238095
76379,63.77884361471861
99355,47.418873015873025
11668,68.12177308802308
25085,38.25162752525252
41059,47.64040155677659
82927,38.51252146464647
146,32.98512683150182
78432,71.3399094611529
32855,41.399267135642134
82723,47.34533333333336
24016,97.00711904761906
2593,59.8269742063492
47618,56.57733358308359
12191,59.03901461038963
23327,47.11451569264068
101308,73.46870238095238
6082,47.3166325757576
63951,49.77442676767677
10387,33.75345833333333
52751,60.59230952380953
19926,65.62945066045064
8864,30.87155753968256
93741,31.35715674603176
61470,71.4794194139194
17668,38.19600198412698
52117,85.0
87237,60.86227876984126
44174,51.93140566378068
11244,23.84759920634921
74659,37.34172510822511
6047,76.45195304695305
91493,67.04577110389613
83283,55.60138690476191
95252,56.730517135642124
31809,34.38947817460316
20094,44.15822132034632
100439,31.17620652958153
44789,66.92522150072153
73311,64.97762996031746
19466,55.90083333333333
58809,69.43863582251082
11479,65.61158333333333
81104,76.8558106060606
35922,66.2403143939394
47355,45.104481601731614
28872,65.64201488095239
52792,54.461329365079365
24861,64.52777620186829
15844,54.258821428571416
60695,37.97141612554113
18648,48.29145039682541
82542,60.25817155067157
92231,43.273315476190476
3494,46.3997103174603
974,58.64063690476191
37960,74.46023268398267
31337,100.0
77339,41.7090238095238
91741,66.23370959595961
90827,79.31040476190475
18539,49.82294642857141
72925,63.01267199467198
99777,61.836820346320344
71547,66.6433197865353
4726,65.7976636904762
81920,46.295716200874296
71310,30.155603896103884
38257,45.82731367243867
89042,46.905527417027415
6901,47.73723575036074
50536,48.91188059163058
13429,61.24334595959597
1462,65.83824281291464
101611,70.06040476190475
76363,64.8401481965784
87044,47.06967117604617
23874,70.2372261904762
8918,48.589648809523815
10024,74.59750396825396
54069,39.12550992063491
78304,69.07676785714287
68466,69.0850314489432
68628,43.51574404761905
3101,54.07442658730162
798,61.78524303474303
41228,71.85419548872181
43961,47.00223629148629
40926,73.94882215007216
27278,38.415276154401155
3993,59.265839285714286
57246,62.19915566378064
77479,74.82707144244641
28558,52.86133333333334
536,70.74090097402598
12038,40.992310966810976
40319,57.76475216450215
10872,52.127092646388704
71776,44.100816197691195
95370,40.37924206349208
95122,39.98726372238871
99520,60.761878357753346
44159,46.97708044733044
51639,54.89211904761905
33226,68.99317948717949
102467,65.1633630952381
95401,64.79984253246754
75969,73.06512301587303
62313,59.64743632756134
36165,66.87478697691199
60897,46.22148088023087
28460,39.63647510822509
55618,75.60126406926408
66751,66.1580912698413
54935,68.041947786132
59269,53.21302272727271
81517,44.23850992063493
81883,47.938089285714284
22588,39.26421830946832
8514,57.95088369963371
96761,81.33307070707069
30312,73.84032196969697
30643,67.646862012987
4072,76.76891666666668
60176,40.8146991758242
55762,35.34050992063493
51147,79.955
43551,62.15736366411365
3333,69.27293452380951
82843,49.42702723665222
61814,39.59569967532468
31234,56.71644642857144
40163,76.85983333333334
45968,59.16542348171152
53139,75.37115584415585
17572,32.85624567099567
28194,35.65582882395382
26929,37.60254581529582
40632,62.58262229437231
45043,40.69547204184706
47123,72.94402543290043
59700,32.409509920634925
33017,62.936845333587996
82625,57.11369841269838
22712,65.62365223665222
33303,45.68822619047621
48746,76.31632629870131
34651,46.63167063492065
3660,36.96890277777777
42584,28.057853174603178
37815,38.542027777777776
6507,69.77590544871794
20552,48.82167081529582
100357,70.4105
94226,40.954454004329016
86085,67.43916630591633
8782,66.71844913419913
30173,57.94068492618493
38403,45.31619516594517
9550,81.00122222222222
95249,55.80200992063491
59972,52.81171626984126
46673,28.133666666666667
88561,64.81191666666666
69143,55.23141197691198
5351,29.406540945165943
59671,64.47223232323233
29422,43.56745238095238
37954,41.18424260461761
26441,78.23591450216449
22039,85.98818181818181
5224,50.248299603174615
40279,72.91474032625872
14614,35.99271230158731
6542,65.34316666666668
5330,52.45223069985572
65971,46.587886183261155
94975,33.87412896825396
77703,63.15528012265512
94075,38.083806818181806
63150,53.82615460927963
90069,52.88592568542569
1074,65.94558932815548
16021,57.75301785714286
16626,42.48737896825397
82399,63.21073178210677
27294,61.268621031746015
43202,59.4256011904762
19288,49.24548214285713
61952,19.96280158730159
43209,38.76081438006438
61015,72.44410853594663
24498,70.76223809523808
62330,36.71094642857142
44694,49.21305952380953
19018,50.31546626984125
65497,76.43904960317462
15962,45.43137445887446
29634,48.31710876623378
62838,57.585547619047595
79528,27.05771031746032
22094,53.222825396825385
102381,43.64787698412697
48516,82.98075
89193,61.99982600732602
38654,36.3732996031746
60158,34.01957503607505
56954,39.8712003968254
42417,46.982392857142834
35546,23.876521645021647
16711,43.66120039682537
62660,33.79642297979799
35457,56.88308802308802
37232,47.04733928571429
12490,72.86803846153848
43653,41.31663293650792
16320,76.87052700348431
49092,24.822950757575757
27468,70.05347420634921
43766,67.1565615079365
82814,37.25831691919192
56329,43.572670634920634
78259,81.95883333333333
17270,62.60600487012987
94628,70.99097286047285
32506,43.570954365079366
35807,65.00094951404803
64813,52.78229960317462
21123,49.45440665109742
49553,76.0949115224234
75438,62.282346861471844
45028,42.36657936507936
16207,45.32419444444444
32888,47.0729420995671
84273,51.05226857864356
56427,43.6776424963925
29489,70.16805555555555
55591,71.98332936507936
50209,46.26448520923519
24109,59.02716991341991
76393,60.72461047449283
3017,53.4283542013542
61861,40.179475606909435
61178,34.46521626984128
76716,78.74025
67998,48.015589285714285
65575,62.958208014208004
37872,69.03415367965368
48513,15.06049801587302
101135,40.03558838383837
99734,34.09175847763347
53259,33.28359920634918
101914,29.51376190476191
48032,56.457943223443216
60908,67.30441017316018
86564,65.75359732664998
52162,50.37350649350649
63180,77.88393253968255
12477,71.84933333333335
60801,81.09095833333333
37821,33.71286309523809
27697,30.347371031746025
6653,54.41679059829062
27231,72.95592203548087
6039,40.05233363858363
95989,68.33630952380955
1544,66.44317261904763
14300,34.419376623376614
92868,45.275912698412704
39628,69.47552976190478
35977,37.675995851370864
83117,48.95326785714283
63848,54.53774835796387
81451,31.191025793650805
14233,18.338912698412695
14122,44.85508964646464
5977,43.8312757936508
28265,36.1553988095238
46834,67.43222557997558
43349,44.45628445165945
14841,43.70157142857143
43763,80.05716666666667
73928,66.3320496031746
5650,52.44599873737372
63474,60.438886790840755
76696,40.54948015873016
10935,39.704606837606825
100183,69.40794394640449
35829,28.17127777777778
72630,58.4042261904762
70487,59.21354581529581
45040,66.46708035714286
95855,63.138797924297926
6938,42.8348555194805
55001,59.16356475468975
72014,39.82717153679652
30945,44.58680952380951
57140,55.59868704906206
17713,77.65133928571429
4220,63.288198412698414
193,57.78540277777777
8915,32.3512233044733
75741,32.13992442279944
68318,37.99866071428571
44616,47.247053571428594
32694,60.67682575757576
30177,68.62923520923519
97336,62.241462204462216
17550,53.585199272949275
11013,33.84523015873014
31520,67.4662251082251
23158,53.76059523809525
101576,37.49320436507937
97461,52.89472817460319
13257,68.35244976551226
32994,39.08061111111111
86400,77.1124297924298
36357,64.99455032467534
56510,70.9372142857143
47539,35.61241684704184
54522,50.87271443833944
26093,68.02737499999999
47040,57.76829761904762
80670,56.98678679653677
91036,39.04925595238096
50481,74.61138036782059
30003,40.415694805194796
38822,76.46922125435813
61355,23.597352036852044
37794,61.27113392857142
25066,40.797523989898984
52712,56.019837301587266
74061,49.840309523809566
23943,68.44352777777777
60526,29.847251262626255
49182,67.90179761904761
96381,28.854055916305942
34282,55.05104058441559
11033,39.888032106782106
33458,62.60935808270678
81467,40.3736452020202
13953,71.33985826673324
77045,55.83467261904762
83019,56.50214728327228
91950,61.286548160173155
24536,67.76224801587303
4722,75.54331547619047
1350,44.9483427128427
83290,61.34333928571427
49104,78.85672023809524
86989,48.541102092352084
48631,64.37197023809523
35703,39.66818614718614
30709,53.551250000000024
281,35.574182539682546
64304,55.22222023809527
63044,55.500236111111114
90476,43.236009920634935
78314,40.93582738095238
101356,43.34357936507936
45629,31.218597222222215
6006,52.3439788961039
19341,29.1857242063492
61437,41.419231601731596
39778,48.42231349206349
77638,66.15700595238096
8992,35.398111832611825
93600,59.16023484848483
36542,21.315410714285722
47810,44.44330952380952
23002,74.62
402,36.16698412698412
64951,53.499391594516574
21080,77.61166666666666
27959,42.39999062049062
98956,75.18683660130718
26724,52.05700432900432
33877,49.07289980158731
70352,24.537865981240977
13544,50.2947323232323
95501,36.20574009895333
82313,53.67736363636364
13171,50.45730753968253
45872,66.23632738095237
37673,33.974244769119764
93156,36.094333333333346
3525,74.24557142857144
16578,36.271740703740704
56071,44.13127380952382
97322,61.67386309523809
18884,40.599235028860036
81233,70.28276190476191
87339,47.99590878565878
98144,60.37039995822888
39458,66.98054960317461
56063,36.254663239538246
40641,52.18540674603175
56827,63.92888095238095
95474,74.64450000000001
40092,36.99102579365081
73815,31.060142857142864
24441,39.197604978354974
79162,30.90435714285715
84573,66.21641437728937
73351,62.61789986419671
54568,46.215331555699194
12659,60.38508531746034
47461,84.13395238095238
11579,59.04750775613275
64668,34.74804834054833
6294,44.25966498778999
18511,28.181351190476192
73376,51.75032756132755
78044,39.78404563492066
24736,47.316963137009225
11501,64.97915767565767
62562,23.571696428571432
29377,31.47087499999999
57562,60.69401785714285
4682,60.374366883116885
79365,31.228355339105335
40568,29.834443181818173
101417,70.66261904761905
69621,53.332
18867,51.715967893217886
22110,81.76325854700855
67417,38.65845634920635
29575,36.733038600288616
22998,35.86584523809524
44030,78.81505592324342
49768,56.57007539682538
49112,26.57223881673881
50457,78.47610782534647
73684,45.30834996947497
27788,66.38785038572537
89145,72.66315476190476
70115,51.2684007936508
22880,58.06044261294261
20819,59.48467153679655
81755,15.386624639249645
13221,31.664045634920626
74203,72.55211703501179
102165,42.60054960317459
69942,35.783395382395376
97454,36.90721013708512
53540,59.7140230880231
80554,45.32600595238095
11531,43.37637734487734
86432,64.0768374819625
1078,43.37118253968253
89872,38.159002164502155
38451,67.48554507663391
81773,47.118202020202006
1196,67.7094027777778
66504,26.66737103174602
9343,43.192151154401145
31134,76.4851488095238
3946,34.07434126984126
40655,53.941997398434886
50084,25.92186976911978
25806,71.19039937652013
69268,27.79515305527806
6279,55.07715151515152
58179,37.206203823953814
42917,28.246654761904747
26967,56.938028249528244
40460,48.21669505494503
70415,38.69954202741703
66092,58.125682900432906
61186,49.50421031746033
97566,76.2226865195832
89233,63.29633805573512
98531,52.56376406926409
66463,68.06585317460316
97658,32.54414989177488
42498,46.960931818181805
6671,27.88376388888888
31325,32.74364682539684
100100,73.5187996031746
54944,46.46051190476189
7877,35.39509325396826
60350,43.40053246753245
4532,20.790832972582972
48569,80.5977270923521
39083,72.87891666666667
31681,76.96708333333333
46846,53.603885822510854
22935,61.71416488903252
99050,51.42616666666666
15778,60.32017857142858
102055,75.90560912698412
6480,33.36457242063493
48125,60.734158799533795
16094,47.4208273809524
32632,59.66604365079366
79912,40.611604978355
84293,65.91627380952382
62267,52.80768504594821
36469,39.34777616827616
94500,38.66423304473304
18682,70.75132142857143
21270,55.71890781440782
11788,58.818424773755666
81045,53.859041305916314
94882,78.34501298701299
68113,39.052345418470416
35333,46.127131285381274
98173,26.142018772893774
38605,58.869256854256825
102163,49.383849206349204
23484,52.58697619047621
8921,60.97632665945166
27680,35.51169913419913
68246,54.54874278499276
7293,21.63300595238096
8693,34.208731782106774
78833,43.326922979797985
74600,35.021525793650774
79623,60.10329865967366
69981,57.30481349206347
55948,43.161313492063485
17371,51.67757860195361
94765,55.13434722222224
41063,32.92664880952381
59971,40.38912003274504
24944,33.00119047619047
26786,51.66751046176045
76297,35.19976587301588
81108,60.533632215007216
52893,48.97240277777775
13138,68.13949404761905
85148,31.065283730158736
30675,37.163343253968236
45282,58.501126984127005
76422,47.54075992063494
21956,34.77479599567099
70323,69.48946536796537
40836,51.44698214285714
17179,32.467057539682536
5421,38.965823593073594
59416,78.61641666666667
5589,52.80739880952382
65461,75.03894444444444
35705,36.33963077200577
93737,47.92235515873015
27014,44.79020995670996
27946,48.28191612554112
52092,45.92002976190474
22097,42.12040007215006
50534,40.69512698412699
70668,47.791277777777765
78489,27.29083959096458
36344,67.25557900432901
5350,56.435486111111125
46439,81.82219444444446
72435,40.93177182539684
71226,35.518438492063495
16596,53.53363257575756
20813,30.4582123015873
101919,41.38477471139971
20293,52.286438492063496
45608,27.638698412698417
12262,82.685
13620,55.631491522366524
91643,57.54610010822512
48778,37.68495634920635
10857,39.38567965367966
88265,58.77689880952381
69788,52.45756259018758
99994,62.912161976911975
84767,45.85580212842713
77423,49.78795039682539
26956,62.74542582417582
43864,37.0215817099567
74950,39.12978571428571
89854,40.62617857142857
17786,59.98180357142854
37078,80.98784160548256
70388,65.65492207792208
80486,64.60863293650795
51989,80.68928373015873
28538,42.84413852813852
22570,68.84141228070175
34189,64.71178896103896
79886,57.40624159174159
91111,34.37747294372297
94917,39.337055555555565
2183,34.105360028860034
61028,42.37789928127427
71378,45.03653128815628
53505,45.3552423577884
55416,43.20590908519584
69929,70.71910317460316
52790,59.557705086580064
94245,21.51643722943723
47484,91.78113690476192
10673,43.80472588522588
10940,56.2532619047619
80281,32.04717712842714
99474,54.851939737163406
97586,70.44241233766233
86509,61.645492063492064
81495,72.9000773809524
11521,40.33910132922634
26394,64.71424404761903
91256,71.22205158730158
85145,53.73139556277059
81864,49.612909451659455
10711,68.67692857142858
59682,45.529351010101
67032,46.70389411976913
73436,51.83733531746032
9935,30.012329004329008
46424,88.55885119047618
84262,66.22131883394384
42637,43.46925036075037
83495,57.38399837662337
88264,64.59794752469752
32449,87.61625
81543,62.24912341824843
38943,32.78699007936506
9051,55.98290476190476
85078,70.8481388888889
881,34.19992460317461
47895,61.54692857142857
49219,40.1869787157287
19439,47.73324025974027
43955,38.843755952380945
8545,39.236259920634915
76912,74.52428571428571
9915,28.54831746031744
93895,69.37059523809523
17396,75.79605012531327
80119,36.03264285714284
67565,47.10710747585751
100607,57.710331529581524
17699,32.031538600288584
70782,72.6982977994228
87052,80.91089285714285
34345,38.8791662654511
54508,50.065672619047625
25056,31.028206349206343
81966,62.71183928571428
101951,46.05265079365077
10948,58.63974999999999
49517,72.60718137254904
17766,54.654886904761895
13353,53.078732142857135
23716,80.99052631578948
58010,36.55309577922079
78286,62.44987499999999
21359,29.900783730158732
95068,50.27443921356422
9431,64.65555845543348
60719,77.03023232323233
20936,50.79388275613276
74237,76.84855555555558
61442,36.062797619047636
66349,70.93557677616501
42285,44.925821428571425
7505,58.590173118548115
75341,44.484805735930735
44661,39.2250863997114
5151,57.25343452380951
49710,55.2982232905983
12166,62.391233044733056
63644,84.42183333333334
35300,32.44590750915751
24046,79.98388030515235
7327,34.35573908730159
30028,56.57482215007216
69628,43.851368506493515
91505,72.26862283549784
92559,68.46118055555554
73003,34.497558302808294
36385,42.346304653679645
18841,29.719217171717176
24035,30.63398520923521
34791,69.56366865079364
84037,27.358564726939726
34368,65.37443910256411
24824,16.494757034632027
33377,61.04304166666666
32370,60.51137557997558
99113,62.49954761904762
72409,66.06794047619047
102332,73.47947573260072
14467,64.21208333333333
28769,31.514630050505065
64589,51.56429365079364
33356,34.016424062049055
81281,72.57434801587301
38842,53.27646103896105
3153,62.21025793650793
65716,41.97586584249084
92055,27.660003066378067
46693,37.98951984126983
31766,47.35233694083694
51308,46.36316153127917
8328,74.99285164835166
56813,58.74412584637585
33995,46.98564850427351
33131,78.04840826330532
84188,68.77002083333333
8476,50.8545
82966,56.04163744588744
6089,58.74715386002886
61882,57.599891275391265
91740,39.84033026695527
57449,58.11049099511598
58356,52.81055411255411
21500,47.6014761904762
58758,44.11414704739705
53598,39.57723412698413
40498,46.45136507936509
15438,74.26845714285714
8485,34.24759920634921
77644,32.211111111111116
14976,69.63945833333331
99026,68.91422222222222
38162,48.5267408008658
14052,35.5001121933622
33150,67.57904166666667
83286,19.94891648629149
28643,45.47035912698413
57385,63.524676587301585
65444,32.24871031746033
35199,38.263583333333344
49851,45.728098484848495
12592,52.21423809523809
30342,60.77832692307692
14648,49.739014069264066
44959,47.73713564213565
44443,33.5695119047619
83729,43.86691468253971
35028,31.478632936507907
72135,72.09815583028083
6104,45.34542676767676
39776,47.942410714285714
43878,48.917865079365086
67862,43.526161255411246
93362,59.15025023587525
30494,70.26458333333332
51611,60.513162698412685
13809,32.78349206349205
28829,54.15996031746032
7350,75.5309027777778
10988,36.76869444444445
32008,40.12179365079364
10632,50.93946825396824
39712,50.39991378066377
58704,67.80117969530468
47393,38.36499332611832
52381,58.41679960317461
61027,67.56528571428571
6644,72.7550864968365
91140,61.178819624819624
101361,33.40660209235208
93610,50.40302549411373
30126,66.20214087301585
79970,28.73047961760462
95591,72.54409254634253
35785,36.283938492063484
34955,59.677201659451654
91940,80.52712301587302
82373,41.47391161616162
9755,44.32909523809522
36231,42.30081944444445
36962,37.29229671717171
22850,36.29338095238095
19142,81.82716666666666
67138,68.719
77702,24.502158730158737
10423,56.11505194805194
34693,51.6561966089466
72886,63.96685443722945
16389,38.25227380952379
60117,59.37594047619049
90425,66.22797494172492
100696,64.03179004329006
25807,34.735529761904765
58412,35.44508928571429
26807,41.30617857142856
101282,79.51866666666666
31653,44.40803174603175
70202,65.35350324675326
11642,67.14258555088702
89588,49.692071428571424
4850,57.912032509157534
28731,50.16047474747473
41160,50.04879419191918
53184,58.32594942557446
48410,37.91233297258298
35981,46.84476785714287
50255,31.09830735930736
96936,54.097841269841275
101634,70.6625617413632
73728,74.06333333333333
63123,64.95356540138782
17092,68.9505
42888,36.39852272727273
19632,49.69278571428571
23165,63.34191587579088
17753,76.41800324675323
7940,41.45454123654125
31839,38.49359325396824
73144,46.32567857142857
25117,38.090121392496386
57284,48.39653643578644
32389,41.523966269841274
60433,59.71403373015875
81506,77.33544047619047
96259,35.28057142857143
23552,41.683723304473304
23006,48.358423160173146
58706,43.86621626984126
96456,39.60501821789322
87968,86.5657023046398
60046,46.47072222222223
34738,55.80926190476192
7163,19.482752525252526
62217,46.69083928571429
4606,72.9125
33363,51.0462139249639
70416,70.19019444444444
67432,44.20053968253969
70044,56.67127777777779
28220,59.319354978354966
73736,33.548904761904765
74933,73.77183333333332
19075,42.45487698412697
98043,46.37977380952381
49084,40.02738345864661
101759,36.59253678266177
40141,69.56254279054279
93942,51.717680916305916
93826,67.7828192918193
28620,53.45971518759016
87399,82.63016550878318
50990,71.18698580463655
39256,45.03805679043178
77894,59.41703174603175
4657,66.56986111111111
64047,96.97399999999999
79879,45.95482079725829
6146,48.85277625152624
14446,74.37750000000001
41061,74.94985885167465
4524,50.720796831092876
84563,31.73274747474747
45226,47.565732142857144
89467,50.892848845598834
9922,57.02579545454545
54560,42.335159769968584
33407,61.13354166666667
66556,67.00601540616248
63083,19.815410714285722
25948,72.23844173700695
64734,58.004883333333325
48084,60.84632539682539
36340,72.37105952380952
100755,55.254892857142856
2292,42.03792261904764
9386,61.17951100288598
22425,75.44991666666667
72806,59.77014393939394
92505,75.40018253968253
49052,42.08555329392831
62049,55.12564957264957
16074,63.58346417179314
22174,67.36145995670998
51492,70.96122710622711
84792,76.12879761904763
49491,73.63814484126983
93505,62.640882936507914
13053,80.98046825396824
40434,35.51221081696082
86144,29.976162629037628
59861,26.823650793650792
22324,60.253496031746025
40254,66.68911037062352
43741,41.21461187423688
15038,30.256225108225102
76741,49.508755952380945
86781,63.91793849206349
87259,40.38957936507936
56100,54.47797258297259
54679,69.87869913419914
87461,40.30953769841269
80947,31.843270983645965
73974,48.71088063325564
4498,61.75016937229438
20205,42.192206168831156
73422,59.72832142857144
6162,40.899453643578646
34513,65.94038095238095
5173,26.725946428571437
24497,69.33720833333332
5469,73.19680627705628
91755,44.01514484126985
42505,39.6729761904762
34415,47.43307992007993
52076,41.05103525641023
52494,45.98593290043293
20812,59.31193055555556
80291,46.355216991342004
58685,44.88229527417024
93083,59.89307539682541
81995,55.95155158730158
40314,27.682916847041856
53125,47.31061706349206
49618,29.855359307359304
54939,75.69558333333333
25911,33.58344829598507
78717,66.48471977124183
81182,44.60404924242423
80361,67.86979761904762
32832,25.011059523809532
16096,47.80959523809524
3989,62.983687770562796
43363,42.67986706349207
40458,39.068541971916986
48208,55.14974404761905
2176,96.51387500000001
25871,60.12533333333333
90913,25.877102786102782
87245,34.066698593073596
83604,62.02897420634921
565,70.32503373015874
33700,62.50138365800866
96962,77.15541666666667
27638,31.74162572150071
76232,31.525729797979793
44749,54.893898809523826
5124,46.045597222222206
74063,64.72969246031747
7370,68.91473556998558
96464,43.55564682539681
25645,37.58170183982684
31315,75.63534956709957
17318,52.05378277278277
55138,75.38877700348431
51373,63.434210767174015
1144,77.12230357142859
8341,52.02576022588522
102379,42.29218159618161
28158,43.39736263736264
42943,50.95753174603175
27285,69.69761580086579
62381,50.045928571428576
58634,48.13132524420023
64904,60.36672023809524
40403,68.48211255411256
18135,50.3194045815296
28738,64.8053869047619
60409,61.36448917748916
49748,36.99546031746032
88537,49.661
72803,69.97025396825399
20302,47.46210805860807
85610,70.93475000000001
13703,37.716922619047615
22109,63.60740404040404
31381,67.2151011904762
46388,64.75869141604011
95124,50.10273714479963
6570,73.58716765873018
80397,62.84951556776556
86669,77.2654358974359
38794,72.95471428571427
82546,32.4785873015873
75927,76.69541666666666
55637,69.13982142857144
84032,49.41998575036076
932,72.57696031746032
101035,60.37992694805195
94485,74.286327027655
42118,42.46884722222221
84452,30.463943001443
51266,31.825523809523826
99921,50.68189285714288
77925,48.463542582417574
60515,81.26184920634921
53886,79.04375
5419,68.61909632034633
67939,45.16403607503607
85735,44.57231351981351
42861,59.653085317460324
44064,48.953649170274176
94373,60.70107047119548
40346,54.18001190476191
43786,78.99104166666666
68889,39.293711219336224
15166,59.55668452380953
66226,37.83996608946609
8771,77.95463414634146
13798,49.578990079365106
44317,49.2603334859585
42632,58.693556388056365
31029,42.21424927849928
4809,62.757861111111126
88862,42.44115277777778
95251,37.96579112554114
8047,36.03273412698413
16607,55.76079563492064
47875,66.9420238095238
39315,48.534256507381535
92409,62.99134794372293
33594,46.551933982683984
76529,80.95312878787878
85576,74.27117857142858
7386,64.09061037062354
43087,74.96719047619048
80764,70.45439706127209
41075,73.0
65515,37.90790367965368
87320,52.95858207070706
61749,71.96925
38607,35.9848961382185
17305,55.14495833333334
93441,68.67631051587301
30627,70.94140674603175
27759,52.3019522005772
72196,37.43278336940837
13605,52.076918650793665
21319,27.170507575757576
13109,47.820787698412715
1412,36.4152055860806
43358,24.170080627705637
41999,73.050463009213
60881,58.737394300144295
33496,52.598365981240974
21604,43.305618145743146
6674,51.79716305916305
50482,73.70781822344321
73583,58.708220959595955
23738,68.1809154040404
98367,40.010370670995684
74085,83.41986111111113
22427,47.97218308080807
3097,37.50043253968255
6320,44.739682720057736
31031,36.95075595238095
28117,39.61161489898991
33664,78.0
47523,33.51329166666667
18537,38.99235353535355
76888,50.967176587301594
49001,70.76599368686868
47322,61.705982142857145
38312,57.12304274891774
51470,80.2570652958153
82740,29.205105158730152
36728,38.36949314574315
32414,72.72707949619797
16709,67.27940061692694
80605,49.17789285714284
10416,43.90177182539681
34571,39.65991666666665
60838,59.47149675324674
94479,53.37973917748916
92428,69.84431439393938
59144,50.66025324675323
82146,84.46249801587301
62997,81.72008333333333
37209,45.23040386002886
15348,52.74592766955265
66046,69.51140342174165
35600,44.60294642857142
71366,70.37465476190478
45850,40.59602182539683
38290,69.63656349206349
12937,50.06042063492062
31453,35.59100955988456
35386,44.76630086580086
36562,33.81508856421355
21169,61.257138888888875
93617,75.52046356421356
72997,68.3750384060384
16328,81.59854761904762
3258,12.25651948051948
60910,44.05255753968251
42914,59.10472817460322
20628,27.083617063492067
87995,49.58389285714286
93863,27.95948611111112
36886,35.941930555555565
70856,52.2681967228678
32842,61.745601911976934
28126,41.22075342712843
29521,55.274732142857125
64853,70.47217857142857
39430,63.89393019480518
54405,39.9862757936508
78063,43.573088938838936
52884,63.15085317460317
73714,54.19825992063494
78990,55.56966071428572
63305,73.0264880952381
80331,73.83928418803418
52962,46.60948809523808
30176,40.314688852813845
100347,30.810224511599504
93759,34.20210912698414
68059,44.15457492507495
82396,21.03267063492064
4877,53.19620544733044
59941,34.53653749028747
30186,72.13753571428572
11048,63.08172619047618
40068,29.45377182539682
42840,66.88203607503607
76178,57.87968055555558
5241,58.64000793650793
33812,61.14308852258855
41294,43.46074206349204
58245,62.99809126984126
4982,50.41974007936506
29000,40.0896607142857
10478,46.77027976190476
36656,40.252932539682526
53290,43.035974927849935
38107,44.91812409812411
59470,64.23071428571428
41819,47.57938888888887
92232,27.722125721500724
94980,70.68567424242424
3932,83.74277777777777
8797,64.37947763347763
5405,65.86621626984126
15601,37.336543498168496
8277,55.36262824675324
55939,40.053295634920616
9411,67.5997000915751
7523,48.61318740981241
31467,77.63409941520469
58120,41.09444191919193
15195,44.47773412698413
14010,42.28491756854256
9514,46.410334956709946
62626,25.46687824675325
62062,62.338815476190476
89394,77.89645833333333
882,82.38106547619049
13623,37.069986832611825
66808,42.936855339105335
82331,20.611565476190478
4836,36.142748376623366
39944,45.3623300865801
46496,45.010568722943724
32042,31.03145833333333
82498,30.69464826839827
52797,71.31776190476194
25211,63.913433441558446
61789,67.6538888888889
22478,35.17021753246756
60782,62.89643301435407
21044,45.47510912698415
26277,51.20350793650795
23987,60.90880844155843
13654,42.3006031746032
71162,43.910248626373644
28574,33.49828616522366
23961,51.93592063492064
12365,44.77079202741704
98731,74.01338690476192
99966,65.05858618012422
94189,57.74921549284051
64683,80.55957142857143
636,73.90285418747919
19302,46.20622023809524
101630,19.92819949494949
68393,63.70877182539684
17889,49.57722372072372
79233,41.20723214285714
28058,70.35704365079364
31177,65.19682539682542
57708,47.73084126984125
52502,48.695924436674424
94368,45.52457269119769
57495,36.0425698051948
34234,53.621697510822486
27029,64.10200595238095
46717,78.4378945316957
42699,53.4791507936508
60578,35.38667857142857
3039,74.91443534316562
4756,57.78557052669554
31195,67.28547222222221
56671,27.888588023088023
99021,38.43899891774893
65835,73.32873276723276
7124,69.61298272560772
98112,54.377563492063494
56026,66.85760714285713
13272,54.09816468253968
40947,74.23973773448775
53354,37.75614159451658
75117,48.498505952380945
44374,64.93493560606062
20245,57.0807112095421
356,44.601158549783555
50475,71.0042380952381
4980,65.02630481038571
37867,45.22163311688311
7298,49.43616432178931
38022,46.09253373015875
45810,35.7265875137934
31317,45.69411706349206
64333,63.57815873015872
8894,44.18789574314575
80701,74.79135101010101
27960,32.03502344877345
70358,58.58546031746033
78039,56.013281204906214
79064,61.53923683261181
92490,60.41622222222223
88341,40.40095995670993
96186,82.03380555555556
49461,54.358172258297245
62362,39.9396884920635
3332,70.39221536796536
64739,57.659806489262365
18818,39.425379329004336
73719,78.21583333333334
79454,65.57824999999998
30013,13.895097943722945
48908,53.900480519480524
12595,55.590238747363735
33784,29.843827380952366
43983,48.931694444444446
91938,23.977436507936513
48792,52.748841810966816
67960,73.69362698412698
2128,73.10161706349206
4024,71.83629970760234
75300,67.59521428571428
73716,55.02458333333335
71006,42.77311694637063
83301,67.98236904761906
60425,71.00519047619046
81416,46.42414087301588
84473,57.562936773752554
31743,41.35141468253969
50197,67.36976803751804
42471,69.32667857142857
4767,30.603761544011544
93525,63.27433560883561
63808,68.56415079365081
78023,56.59367586580087
96152,68.88280555555556
54078,33.73798737373737
72005,74.40605952380953
37784,47.33013293650792
21089,58.5211964285714
7441,31.692047216672208
18744,57.409636002886
97479,67.14842153679655
21633,40.65202876984128
67112,58.70396212121211
99241,70.91693192918191
89028,73.81364484126985
16910,36.62394246031748
24407,81.02078146853147
9170,32.213123015873016
85425,50.186709776334766
61712,40.341465728715725
69116,55.7097261904762
61828,45.76354166666667
61707,48.59600847763349
78689,47.209428391053386
18801,36.34908225108225
90778,45.341852272727294
82185,58.80283676046175
12449,66.58707951697426
20109,48.3346572871573
73058,82.18152777777777
22206,43.937274170274186
50890,59.33310912698412
42022,67.40591666666666
92116,42.38150396825398
34382,61.202696428571414
28386,69.09659523809525
96752,50.79373448773449
74403,64.22877380952382
60994,28.95749134199135
48677,52.802470238095246
73973,62.548009157509156
32573,67.20584628851542
18857,67.77674404761906
97583,75.90616300220249
67805,61.745029401154405
81339,32.16280555555556
80112,63.2672261904762
56482,57.17462445887446
31137,63.92741341991343
72960,80.72570206384854
39809,38.827856421356415
18963,40.66812409812411
49605,45.02312301587303
52621,70.16348577158138
13031,54.53856746031748
84662,77.47822420634921
8955,64.15273556998557
66692,33.99737391774892
61734,64.2743665223665
12535,50.546440476190476
55671,80.36526074619826
51164,56.90661165223666
44271,69.21602272727273
91400,39.11826388888889
80401,41.93069877344877
25053,54.828670274170264
68016,57.12454130591628
41687,62.226447802197825
57011,33.68169191919192
94632,51.13486922799426
86397,59.64725992063491
92032,60.42857178932181
3416,68.62965728715729
44904,53.72472420634921
62484,30.364378968253963
54677,74.93110683760683
84031,71.75845557491286
30906,38.62662896825396
14522,86.99958333333333
63867,25.681684523809526
38342,48.16942009379513
95722,42.34529716117217
65184,28.953478174603188
93317,81.96454545454546
98997,61.7144211760462
20845,37.79096933621933
27498,65.93089808802307
30608,43.928915626040634
13621,44.622559523809535
54673,48.84085119047621
71948,38.73715277777777
66011,47.78311309523809
29755,66.46945039682541
67544,54.89933382140736
95407,35.403343795093804
32786,68.74954978354977
4926,62.222827380952374
21234,56.97231283993783
71480,79.0
73784,30.232654942279932
7319,77.33319047619048
37332,39.769164266289266
64652,45.1574107142857
92854,31.348013167388185
16849,65.4938888888889
11028,48.13473809523807
72680,37.65958062770561
36074,37.898348484848476
14609,42.545293658955416
33277,32.12110271672773
1138,38.10728373015873
28348,40.39528847296494
75101,76.78103968253967
65310,33.64087265512264
98467,70.37607954545454
16242,61.70408333333333
17708,30.670904761904755
82778,53.097565476190454
15646,55.17848458485957
67806,51.62132936507935
81403,69.0253787878788
25731,44.29572872960373
74022,24.27529477466977
79918,45.72124927849929
96597,62.938765567765564
2161,76.24702976190476
38383,57.4510322373705
83570,61.064946428571446
66859,34.91935984848485
70751,39.53450036075036
11708,68.27080952380953
16155,39.24590873015875
19590,65.88122985347987
10230,34.51422113997115
70347,58.19210894660894
3992,56.4863869047619
101141,67.13422186147184
76241,61.77372312409813
46142,42.13729213841712
91364,44.97662765889083
86798,69.35453571428572
12045,73.01065972623867
80482,38.379438852813855
90785,74.03027380952382
35489,45.98876064213564
90000,28.250842893217897
30185,50.05312103174605
101575,38.3104986957487
46092,73.35491196741853
67453,44.68721825396825
22955,63.53808982683983
21020,36.392190476190464
39477,37.53948214285714
102197,48.003296176046184
14380,42.12954960317458
56524,62.426898268398276
67931,40.81295436507936
799,63.37766178266179
47023,37.65924044011544
85731,68.40584883866136
36523,37.14996500721501
11119,58.156429945054924
64253,50.26333189033188
54274,57.302876082251096
74871,45.20237499999998
8754,77.7208373015873
40099,39.11196013708513
12451,80.99433333333333
100431,58.514175505050495
96337,63.83402208902207
5953,60.186503968253966
54553,59.494843253968256
87889,64.92798809523809
64990,40.29669047619048
60502,24.245515692640687
86663,76.73333134920635
30626,32.10105465367967
8209,61.421315476190486
10944,33.48527777777777
63304,66.03909866522363
45682,44.659696428571415
47286,63.5620431096681
3640,79.017
4302,37.593125
46814,57.138392857142854
72667,50.31887713675214
1802,29.961608766233777
57004,68.5047628066378
56553,34.36579689754688
71730,28.57593272005771
15621,37.84359613997113
58185,80.68995970695971
101692,61.32850396825396
75387,45.5143115079365
90313,69.60135714285714
81237,40.26568650793652
97530,45.576418650793656
33345,50.35188293650795
24101,39.93545039682539
97593,62.7208234126984
11884,52.762423340548345
46132,62.19523809523809
499,29.699628787878787
21285,45.68259004884007
77482,45.174799603174606
83507,70.62958333333334
84176,43.092402958152974
9469,44.80551226551224
58164,48.52533891108892
1410,71.74727777777778
8314,63.36313194444445
20273,66.14734126984128
9111,39.84494444444445
25062,29.577791666666652
82275,50.22650198412698
53824,26.47883531746032
828,70.90208333333334
63129,41.442666666666675
49881,81.73380539395244
16655,60.76761111111111
5029,84.54397619047619
47925,36.31317460317462
11176,68.88076785714286
61703,66.3136860410831
41903,40.316751984126995
13916,35.008475468975455
15086,39.81985912698413
72267,57.31107936507938
47175,69.0677408008658
92726,34.88698232323232
91880,38.34947745310246
83102,49.63835943223442
19164,82.15851984126985
56808,74.94610683760683
29799,48.3917003968254
1172,52.665761724386726
72939,17.36046536796536
85076,36.57635317460318
29177,66.61017243867246
55551,48.11091666666663
44534,73.26783504215082
57809,41.127176587301584
31870,84.77883333333334
7903,36.44735984848482
84558,51.923632936507936
82621,46.280599206349216
66689,55.68006746031747
89387,34.83947868797868
87836,38.601077380952404
58578,74.98916666666666
40820,38.99764285714284
44701,57.16779743867245
35500,36.68305158730159
86422,64.77791197691198
87386,56.08574999999999
176,59.543460317460315
50082,31.799527777777776
58522,40.08976388888888
50032,77.90499999999999
98100,41.20812500000001
28578,75.59572619047619
1570,35.913697871572865
94693,40.668345238095235
26800,69.58946428571429
88357,51.677773809523835
41692,58.883359126984104
101804,34.93875396825397
94779,45.85601686507938
37248,43.89968055555557
15251,58.686531746031754
14515,37.61683333333333
34171,61.68805555555555
47069,36.07660714285716
51236,45.716437590187596
64925,40.692694805194805
4418,42.985257936507935
57383,70.95497619047619
80867,26.497683621933632
64667,68.50441171165437
87573,46.32503937728938
1333,42.21926479076479
97208,30.152386904761908
100331,48.89204960317462
67589,48.174881132756155
98637,38.03486417748918
66774,60.185788003663
80412,63.88391140803642
2716,40.00374062049061
864,50.70494552669552
5398,74.7881998032079
83187,81.56150000000001
45202,49.91474585137085
88848,61.31438192363192
7234,37.33441360028859
61031,68.06352976190473
46352,74.03893333333333
80285,39.443583333333315
19683,57.528718975468976
16062,36.34907341269842
14628,46.5784918831169
12900,47.70451587301588
81208,53.805860930735925
19253,49.045499098124104
13442,58.44479725829725
95393,55.63104388422037
79285,43.95061904761905
62173,51.12512716450217
58311,63.46157106855133
57829,48.916455266955246
25257,37.19145634920635
43530,57.683038239538234
62960,40.652896825396816
102008,74.1994623015873
64319,70.32607539682543
36898,56.27436345598846
73685,62.86826461038962
3794,37.59792063492061
27293,67.86116666666666
53590,63.490570707070695
12572,61.064274780774774
86426,48.04936706349209
61755,48.330980907980894
66362,73.49922619047618
45747,45.07086309523809
47893,39.99937067099565
5121,37.90755303030303
43953,40.6973492063492
96255,54.47898773448773
87491,49.564281565656565
10834,51.140492063492054
82258,45.99396446608944
27367,37.62375595238095
21296,68.8387843137255
82041,40.148617063492054
7620,44.720603174603184
100283,64.87430681818181
72755,52.802230500821025
2529,60.71366305916305
41832,44.99579401154402
97844,50.34034523809523
39942,55.8926311050061
26794,69.3847481962482
85304,55.97647168109668
20114,44.29426388888889
10586,50.113515873015885
69678,31.0993611111111
31272,55.0737876984127
52611,54.14416666666667
98679,45.59739087301587
44993,47.458220238095244
73945,29.19463275613276
35610,39.988275793650786
11778,42.764474206349206
92397,83.74366161616163
39873,78.79488324175824
72844,65.18168747918749
34057,34.34353571428572
60090,62.503199439449425
66419,40.41776262626262
34339,53.15154960317463
39525,17.414861111111115
501,50.487829545454545
75156,40.07644841269841
32467,62.577877525252525
39528,73.57817261904762
94213,68.43759173501937
36416,41.19706637806635
5727,57.58036782661783
38901,58.357556998556994
99344,62.461034632034654
64000,30.689996392496404
96240,50.489886904761924
74499,55.28442207792207
42101,58.73341804029304
84367,55.16791239316239
12327,56.20156385281387
23506,61.10591071428569
72084,63.82250714285715
45381,65.99599094202898
98930,39.75931883394385
99608,61.664032112624234
38236,51.100004148629154
69159,26.581385281385277
23538,40.078295621045605
11289,76.59358333333333
69605,53.08789935064935
22602,49.93179960317461
66910,36.5285708874459
95055,55.540413600288595
56269,78.75840584415585
22221,39.80390476190476
27770,49.36219032356532
75546,52.82123266499583
100782,52.634807539682555
17370,32.79573538961041
5112,30.52975793650794
60531,34.48647041847042
47771,66.0189345238095
25619,49.18529184704184
44371,57.34127827727826
34535,37.434865079365075
42103,72.86441819850629
79328,56.44873214285715
18530,44.5800643939394
56648,73.59597619047621
63757,81.19316666666667
13995,74.28560714285715
50258,47.45907106782106
48305,40.46986471861472
79333,41.64662698412699
87674,33.99838383838383
77302,31.050421897546897
54511,55.92460119047619
51402,64.71371031746031
18920,47.71423484848485
9961,64.94958225108226
69337,44.333772664533555
24957,56.58938293650794
8960,74.93275443510737
3658,42.194757936507955
35446,39.92802435064936
5420,72.12364224137932
44231,64.9851614774115
46228,27.262949633699638
54098,57.25145039682538
1498,52.311946789321794
79249,59.94880555555555
75055,62.0903455119442
5208,58.47977940115442
14604,55.37150396825394
50944,57.70592857714181
79287,48.255018398268405
98559,42.38230844155844
86579,44.47638492063493
85259,57.61184848484846
75520,32.31801208513709
43166,35.33086507936509
64130,41.14835836385837
55860,69.5355921911422
45909,40.5854761904762
71471,35.338034451659446
20400,79.14322023809524
14956,64.74111724386725
33682,57.4461746031746
67677,53.67360840548342
74103,33.85596951659452
98632,38.968103174603186
91091,40.29791071428572
48108,41.63458548151195
17120,74.49140692640691
14636,51.08879094516595
18291,36.77367370129869
96113,63.69102380952381
88701,32.17959194971695
90075,41.44880135142635
41752,62.31517730880231
47438,38.728363095238095
92763,49.82075845864662
50419,59.91532377344877
69022,32.394797077922064
87712,42.81630555555555
44482,37.79771606171606
31648,70.48729166666666
8067,56.97958434620935
96258,47.002920634920635
56841,80.50696028073234
87833,61.96861367880488
52833,53.756849927849956
63387,79.493125
21785,52.01016720779219
45619,62.05731607569417
83922,72.83788798701299
82492,57.972419372294354
17215,69.3555240183793
21305,51.130416305916306
22471,68.76104274891776
91536,44.95705411255412
82148,49.23932251082252
65355,46.24855591630593
32313,60.34915079365082
7748,61.89864285714286
92605,51.246097147950096
43735,54.840844336219334
5992,72.43070129870131
43015,57.61584873459874
100118,37.70776406926406
39757,64.70433333333335
20587,39.543898268398266
32100,29.10210317460316
4846,44.67935714285713
16066,61.17688988095239
92360,56.29859444721946
3265,44.56766810966811
59043,62.45567340992342
52952,66.0025
76994,63.67239285714285
23504,45.457323953823945
74309,67.99561507936508
52262,38.38892857142857
62936,37.83468154761905
93955,59.054273809523814
47054,85.66833333333332
1163,61.25314556277058
2815,57.25519841269841
65368,57.1934511183261
85048,54.702054473304486
61220,61.99549614274615
4723,38.13870096570096
66275,79.24911064425771
26620,71.60284235209235
83379,63.394005952380965
19677,56.9389816156066
57094,37.867728174603165
41974,38.21709271284271
81734,66.4647847222222
82066,69.89244459706958
71633,39.97792608780107
19923,69.3026110161768
93792,35.980792415917406
76053,66.92351932367151
50242,22.95121897546898
61649,33.99067261904762
74697,61.46308134920635
57628,42.79858333333333
45336,52.46425865800867
82893,80.99888888888889
9266,38.45227777777779
42391,43.84772619047621
101189,61.06820400432902
24370,44.43616468253968
1083,61.98964752894167
78373,63.85909523809526
61589,68.14126461038961
6050,40.33151984126983
33882,34.25388583638582
30058,65.55503174603173
82732,44.75430570818074
77596,49.09476770451771
82423,44.504587481962496
70674,57.79236496836497
5191,38.4849623015873
74561,67.91831746031745
84079,60.93671040234274
32922,71.3124603174603
33811,56.10190476190476
58838,35.00585137085135
28475,39.140924422799415
42281,57.31103571428573
45917,64.33346500721501
24242,47.75541829004327
92190,35.06313690476192
98420,58.16453841991341
28601,53.167928571428575
17811,71.84805952380951
43931,64.2516058802309
79685,57.57424404761905
82110,45.9158234126984
56151,55.47055772005772
46181,36.66475162337662
17130,75.94866666666667
58196,44.268007936507935
33716,48.1605773809524
10122,53.68917658730158
94813,61.36275108225107
71988,46.4843250915751
61101,46.957789339745226
101161,70.94522710622711
72705,30.75286507936507
11021,66.0
29218,61.925348803973804
17885,66.76455869408369
88677,62.971753968253964
89408,54.87178769841268
50177,69.58557900432903
48587,73.66352976190478
20989,32.013139069264064
28745,93.35803890012714
33079,66.32750396825398
3214,58.84191437728939
44638,35.417291208791205
32846,68.26964592352093
54275,45.70593181818182
43865,66.35873511904761
56276,70.0974423076923
36746,31.410606962481953
7437,29.054204365079364
12007,43.46205735930737
61013,80.60335317460317
72446,77.9881111111111
9448,79.945
35360,49.43662175324676
54176,45.019144993894976
66232,37.0146330891331
96710,50.47916361416361
41749,42.84941143578642
78978,57.0437840909091
36062,35.187603174603176
18647,58.713496031746025
44526,72.72783333333334
59717,27.823814393939383
68034,30.67866666666667
82157,49.83606820956821
42067,39.318131333943846
78574,33.74118055555557
1019,70.36984054834055
92266,53.04783928571428
32365,36.44466666666667
77872,56.895999098124086
99029,51.58109576023392
57187,47.171286560661564
93214,38.7555119047619
18849,44.27139682539681
6593,85.975
8469,66.90526488095239
97745,33.88011922799421
67975,72.00435347985348
2121,60.076188492063494
95871,47.242207070707025
32621,35.84614484126985
23183,59.91537499999998
31859,74.00982142857143
13011,36.85998015873017
728,67.51727777777778
96743,61.29256816141375
16800,72.09389880952382
96837,35.86607142857141
74980,29.91078968253968
4889,44.99338451825952
79941,71.05217413632118
36670,39.00101785714285
44649,70.61088437950937
93660,58.37288564213564
39859,62.90392514430015
93236,63.5492207792208
38724,31.795248015873014
32409,29.20073953823955
45021,48.32906520562773
78817,68.13137612387612
76071,51.73440067693743
48607,79.91372438672438
50974,42.28013608776844
90894,58.44314880952383
97712,47.67073160173159
29466,63.805249432262784
21791,59.39535409035408
19510,39.93983531746031
24942,26.90779563492064
44102,34.58870634920634
30446,35.116778998779
45029,69.78221915584415
1177,46.16008928571428
598,58.205257575757585
42226,60.9237721861472
56355,83.0
92717,44.79811706349204
86666,69.16483297258297
49291,40.65580790043289
99526,70.21992748917746
70904,52.711148989898994
28428,80.30664285714286
9973,69.5926066017316
92946,62.56611507936508
40514,57.91090335775337
72455,42.409232142857135
73114,12.663035714285716
36939,43.49502579365078
75904,46.86239819902321
10619,34.26233333333334
77465,46.12342384004884
95837,58.123487193362195
33740,68.07205555555556
24876,41.271492604617606
37928,41.50863492063491
4133,54.48571825396826
16847,62.511802849927854
11238,50.50810064935067
23405,33.032448051948045
79906,61.660736111111156
17531,32.09137842712843
84878,71.1260594128094
34100,77.12894322894323
90647,36.43337301587299
78673,51.22684866522368
45934,43.303746031746016
26146,35.3687229020979
67958,51.33105375180376
48168,52.83097817460314
4062,38.98671825396824
20684,66.9518739177489
80946,63.78009523809523
100572,58.9613998917749
95453,38.59101785714285
60647,43.51213690476191
7841,90.73282522791219
24024,38.949273809523795
100257,49.90880967643469
21960,66.84717582417585
101495,41.77175559163058
17038,46.88824784247829
102499,42.10674404761905
10284,57.06152289377289
22871,55.81422077922077
47443,55.07505565268067
29529,32.97643822843823
34137,61.01757142857144
67983,40.214137445887445
27023,74.65341346153846
5439,40.37329166666667
87782,55.226728174603195
43360,43.653915945165934
3338,80.12862896825396
40801,55.266562229437234
560,40.54950198412698
17978,64.96879112554112
32036,75.63611230951712
34511,28.995646825396815
93858,38.25213347763349
80921,69.66431024531022
15899,72.27786111111111
9996,75.90648135713616
1686,36.49958910533911
16296,65.05368452380954
79554,49.24217857142857
57215,38.24464411976913
51193,43.21732449494947
97115,67.57954707792206
51496,69.03609615384616
30757,64.02562499999999
89122,69.57011706349206
44582,52.16113257575758
85703,39.48600000000001
82738,35.80432178932179
6171,67.38038015742428
91785,56.661711038961045
101179,73.574
29997,66.9809761904762
40880,44.18167658730158
5320,77.66135458223697
51963,62.97466391941391
14280,37.88062896825395
57678,35.12884905372405
41505,67.81362500000002
25278,38.13239574314573
90665,47.28568127705628
58377,26.52651587301588
63306,72.7150820707071
36114,67.34688504916137
26958,81.43375685425686
29611,69.62906807081808
87216,25.517258116883117
65182,70.9260873015873
27297,45.77508580226963
49172,73.43759722222221
43630,73.46175
3139,60.996694444444444
22565,50.78994108669108
35431,66.31820238095239
46150,73.52014736652238
12630,77.00285714285714
62504,47.99647817460318
45662,47.36643452380951
59600,53.19913690476188
14950,42.09087572150072
50488,75.94332070707071
92212,75.46217200854701
76240,60.45090873015872
4878,45.93099999999998
54872,73.92803463203464
55069,45.364410714285704
38988,42.33035714285715
32775,29.374801767676757
53694,58.33924675324677
81714,46.09053120490621
39101,46.706505952380965
24048,33.125501984127
26651,49.148156024531026
98076,45.90435515873017
101803,71.53481168831169
5764,45.5268455988456
62277,50.25490782828284
86462,48.93831818181821
29508,62.54331926406927
3402,38.4070396825397
1463,66.11258333333332
14405,59.28978449328448
92003,74.66208495670998
42627,27.784089466089476
62643,40.317295634920626
67145,56.525619588744576
170,77.82269992997199
55767,56.2051553030303
20403,37.31513437950939
41420,17.034591269841265
94759,57.06697081807081
60762,75.59430555555555
23587,48.36286706349205
93228,41.41838492063491
66086,74.62338690476192
25166,52.33905555555553
68770,57.07727579365078
33568,34.50690476190475
64072,42.808070165945125
17082,72.80513095238094
63040,42.05245549771867
22107,39.34445093795093
84556,58.58767857142855
12447,58.90549404761902
77243,67.51038293650791
40805,54.039917055167045
95868,74.10838965201464
10256,66.84925845864662
3492,46.86418154761904
60548,40.88385515873015
97969,61.90147961760462
6102,34.3012958846709
29573,67.6069761904762
22238,27.14469543650793
2332,73.59573863636363
17767,51.34654824342324
12808,35.463910714285724
66739,61.43968253968254
73348,71.85646302308804
50844,52.162329365079366
28238,36.986041666666665
74582,38.809714285714314
102057,46.42347132034631
70308,49.085740384615384
68239,29.403650724275725
72100,80.05900000000001
69701,50.46757339147783
28911,44.74177976190475
60920,43.844588744588734
42003,64.25981523159504
16229,53.29721924603174
39204,64.001375
43617,63.84997817460319
53126,53.120305555555525
88600,65.03353571428573
57539,46.596783730158734
16751,65.9355357142857
13156,68.46083556721057
82552,80.3598888888889
78747,43.92667162004662
27664,36.136306637806655
59216,77.37445622671106
24840,49.946618506493515
32460,77.80130081300813
53004,62.924858766233775
41563,25.69782287157287
91518,70.13655906593407
3878,65.04916666666666
92582,36.425365079365086
26031,41.72308405483405
102162,63.921379329004324
54618,67.48018452380951
82077,80.30533187134502
76625,68.94059768009767
100327,70.96572420634921
32198,57.605492784992755
93247,41.67317496392496
50044,38.37851984126984
100337,28.657339466089454
81307,46.62451641414142
54630,31.863622474747487
90671,67.55646103896102
100120,30.83801190476189
16901,57.33703661616161
61095,20.486870851370853
69654,65.33354437229436
18162,48.010869047619046
94546,52.543318722943724
94689,64.81597889610391
4452,78.52707174185463
74860,84.09451984126987
93309,42.197430555555556
15085,63.76365277777778
25446,49.7708598901099
53148,40.237457431457436
89762,45.572115079365105
33202,65.0053927045177
101695,33.11450682650685
86407,63.58818181818183
53293,65.13605026101348
22911,51.18662626262626
90261,48.65110955710956
75270,32.34915873015874
94204,45.094434523809504
8638,42.048571608946624
41384,43.817219696969694
16500,64.34100595238094
24543,50.87977503052502
81602,52.72788293650797
91,63.37822023809524
90327,54.59988156288156
62814,37.929516053391055
48398,80.9617380952381
32332,31.658960137085128
25873,51.063440476190465
99469,54.267061688311685
86733,56.6554007936508
95988,25.043019119769113
63363,35.599283730158724
55339,50.967460378673614
83554,78.32641071428571
6744,47.23844047619046
97217,71.98015018315019
12509,44.41877976190477
40670,32.26764321789322
65317,67.44619083694084
45280,37.43835317460318
29089,74.16156547619048
3400,54.565473665223664
68545,29.494380952380965
99062,66.89752813852813
31573,72.65340367965368
22016,57.296315476190486
42743,63.62761002886005
62520,59.31626123876124
96966,46.86433585858585
26180,68.17791071428572
93763,45.53912896825396
86899,44.56526984126985
66958,29.05278246753247
24609,44.784829545454556
55035,35.16434722222222
100471,26.55250396825397
10071,50.65274152236651
80117,68.96243609022557
89197,32.42014321789321
88,51.94542072510822
50637,32.88223755411255
49102,53.86383928571429
51146,39.98508333333334
13713,76.45014285714285
97463,26.28110227272728
21144,57.30924208797739
1713,57.59067063492066
19766,76.88375
40369,67.15847619047618
42578,44.50169548507051
8700,44.07061399711399
45054,63.40741161616161
45299,49.56852543290042
101513,49.8768362193362
73979,44.61569462481961
63506,41.715493090243086
90642,46.52386111111111
1126,41.16068849206349
9556,40.46751587301586
28692,69.84951587301587
77639,77.68366804029306
11937,41.332714327339325
3456,74.90542063492063
97759,42.70586656399155
38686,31.427380952380943
83149,61.2917638888889
24023,48.1249285714286
67859,44.42363721001221
63741,47.16182738095238
23127,66.69915476190475
36805,68.64708333333333
73694,62.667536976911954
93906,80.38772023809524
82400,67.10791795704296
95211,50.91660119047619
55275,71.44926691729323
33422,83.72110317460317
33649,54.05826569264068
102209,65.54774116161617
57342,46.34315873015875
22545,50.160711760461744
32279,60.40591468253969
4094,54.54498412698412
84544,47.56387697025196
40841,53.795720238095235
28201,64.2167996031746
91435,74.30505704164256
33143,34.46181150793653
80631,42.15944246031744
18405,74.258125
41118,61.69283928571429
96244,30.064275072150068
49391,75.72828174603174
47153,41.77466407203908
39971,29.053082792207793
27966,28.85523412698413
4397,68.47810714285714
17449,60.94559776334777
2252,67.11112788600289
59148,45.84187637362638
99038,38.43883333333335
12767,34.7651023391813
87955,41.81278174603175
2735,48.11656746031746
54718,55.23985353535354
41961,71.27754761904762
11403,71.7958324175824
95615,42.56430735930734
92255,56.91966450216451
99161,45.39404347041848
65682,33.40953174603173
50532,49.5981703296703
73210,67.74920436507936
82873,38.986175144300155
9167,47.228053571428575
97693,56.58392765567764
68772,46.51473670084215
81594,70.74677611810274
74215,19.605061507936508
33964,80.63789285714286
7027,82.74662824675325
21995,62.852499458874455
55803,57.79679184704185
96938,78.26753571428571
22824,34.8059134199134
92197,46.23002471139972
18808,33.811688492063496
102159,73.26538419913422
15411,38.42660660173162
46031,58.79028192640697
31965,38.525115079365094
80685,47.734773809523816
78796,57.282232142857154
70262,54.048431984682004
76832,39.22459469696968
4849,66.58521428571426
90831,78.7814107142857
19576,36.789339285714284
6073,53.306654761904745
28086,51.65507738095237
89495,34.35874531024528
31040,60.53084920634921
95064,75.0
85704,16.372863636363633
67079,47.979946789321765
47888,36.82674585137086
90382,57.247246794871806
46711,72.74387417851759
9113,72.6886191520468
22874,46.193200396825404
32434,51.13678517316017
92927,35.90773365523366
66361,66.9014567099567
71998,26.865253302253308
50066,46.82422727272725
34691,69.16157052669553
21596,62.40678625541127
86294,66.80573847926267
16880,35.14653174603174
27021,43.12958134920634
67486,68.9201607142857
70853,51.487706959706955
78579,36.10915094627594
35769,55.885
41730,57.511783910533914
39362,36.39361002886002
48450,36.957525072150084
59931,32.13690620490621
58516,37.73302020202023
81820,82.0
61088,25.701236111111108
99918,39.78977976190476
39767,68.49712500000001
79611,74.24702777777777
23980,47.91925937950937
70551,32.21948845598847
72083,29.10883134920636
50977,77.54077777777778
52535,47.34728192640695
39092,46.477903318903316
72465,64.40270328282828
40826,35.78700765002969
30736,56.19568740981239
44433,76.05938528138529
71872,75.96282067932069
80039,73.05580158730159
59765,78.006
76804,48.11012759462759
46459,83.39976984126984
49121,41.00227110389613
66917,54.413428571428575
22646,34.67651110898903
64170,68.35505194805194
59078,30.844055555555556
44029,70.06286814574314
34366,50.03916865079366
5954,48.016990601503764
44812,45.53808623321126
66646,46.50343849206349
44523,65.04156955544454
2650,76.7021842959672
77060,40.41209523809524
31151,82.11517857142857
40797,35.45346626984127
61122,58.99042857142858
80533,55.136823412698405
10738,61.22339484126984
31208,64.6594715007215
90245,80.24766666666666
78197,40.57427380952382
78602,38.06371807359307
22566,63.42661904761906
63531,47.96251890756302
87493,33.315240620490606
70206,41.620704365079355
85361,67.5652757936508
1506,64.3177341269841
70475,70.79073319327732
49877,94.33418556443557
99180,48.32388095238097
26963,44.70183928571427
99889,49.963129329004325
102293,44.39560137085138
22642,25.662440476190486
25352,36.83850595238094
35037,66.44208333333334
59660,45.38498358585857
56248,43.861658008658026
20008,57.52408784271283
92303,43.17304365079366
5739,77.17640079365079
93884,33.272092532467546
5187,58.75483836996338
89517,32.5763213241437
79586,72.39023106060607
12121,48.27859774436089
60140,37.49372619047619
40200,31.26273556998557
89549,35.66256746031745
48906,65.59878326330532
16779,70.05266088772342
86111,35.318468149540514
47078,37.56929076479077
40111,49.41280465367962
77801,36.577572510822485
47408,46.00914285714286
17957,66.36815476190478
55870,53.09385137085137
28396,37.82308928571429
31397,53.253442460317466
57337,39.22307814407812
83464,57.46655357142858
72726,58.89605357142857
96657,65.09324206349207
76008,30.765232142857144
30140,38.244014880952385
33092,31.618073412698415
37843,62.74102369895327
66605,53.71025595238097
94895,60.305230158730154
25460,68.33493532856033
16059,83.15810317460317
6545,61.79579816017314
19114,67.85498611111112
67831,39.45707539682541
7116,38.93829166666667
32719,41.04137896825396
54314,71.31445238095237
14959,28.827353174603186
100582,73.03866666666667
66129,51.32510816960817
49736,57.02480357142855
2971,47.08976190476189
47249,28.55288751526252
99617,70.4888717948718
101060,78.827
24995,70.83465746753247
47833,47.766407828282816
37647,74.83466025641025
52980,27.449586760461766
94457,47.58541558441558
26726,66.81353003659565
52169,53.81647420634921
24178,54.1516994047619
33601,73.37980158730159
5278,36.42602344877342
10713,45.63034235209236
8211,71.16661904761905
19254,37.29143849206349
93656,52.57157936507935
1354,74.61987231559291
79963,34.9455404040404
95592,43.247429112554116
34308,69.0768392857143
16913,60.93925198412697
13342,32.8797023809524
66747,63.642337301587304
87738,52.38839736652237
75749,60.735029761904755
102036,69.96
49827,55.406309024309024
12564,63.863038780663786
26348,75.98548245614036
86302,25.34843704906205
97856,42.18757377344877
72728,37.12789556277057
3087,70.86886850649351
42873,66.96597835497835
24776,67.5924007936508
75571,64.1101011904762
41286,47.8933650793651
37369,27.70612463924964
22868,35.94333008658008
89697,70.25777976190474
34924,54.63115873015873
13984,78.95111111111112
69680,55.640908730158735
42071,59.33342316017317
5177,68.63157738095238
50669,35.65308928571428
58945,83.11298809523811
50557,37.78546590909092
68007,26.08359722222222
13258,52.63921944721946
75384,58.84648898731987
83051,88.34486111111111
62572,55.0073961038961
76335,77.76428571428572
16911,48.59826388888888
33821,65.0486601013403
50767,37.07196428571429
11963,71.6420476190476
37266,53.811659174159175
4451,33.097019480519485
47629,66.17385371572873
29538,51.10725595238097
5762,75.48951517273575
52795,57.780117063492064
39006,57.47023214285712
53432,71.92095616883114
37573,34.80379242979243
12868,74.84474999999999
31228,69.32442063492061
30039,72.03474346405228
30447,80.49797557997559
50440,54.44007022144522
54249,69.1410873015873
33190,41.31663725490196
12097,78.13652380952381
47863,43.53928048340546
6749,30.607791847041838
9852,42.59177813852814
17992,45.92334365634365
84335,78.79467490842491
64503,9.56451984126984
75790,70.56161507936508
295,33.904126984127004
8320,77.91589285714285
89605,69.28761706349206
100116,67.38028030303029
66119,56.48873520923518
33185,84.26336904761905
55946,36.35143253968255
5300,44.15371464646465
21421,33.84331077256078
7205,58.15348015873017
99309,68.12800396825395
79046,20.468809523809533
54518,37.58021825396825
12614,50.593067460317464
60122,76.19929996392496
54967,79.92666666666668
96560,50.24322889610391
49251,67.85314520202019
76923,75.69729761904762
102353,74.69761838466309
27056,38.23127020202021
8794,19.237404761904767
70985,32.41765674603173
13215,70.86875
88958,39.14675108225109
61469,68.62810119047619
25341,72.79468849206349
21091,70.20948292393884
83573,98.83722222222222
58168,50.16824206349206
55865,56.21792694805194
95498,68.04655753968252
93255,40.37600198412697
45998,41.681961399711426
79031,81.60298015873018
32544,47.159027958152954
57976,40.26679383116884
40781,59.92710515873017
1202,69.38935714285715
98154,67.51600234487732
9918,26.477758047508022
45211,70.93033333333334
62287,39.04734126984127
58445,53.79559126984125
49992,76.01562645249486
25947,54.96679401154403
79787,60.969833333333334
28542,67.98518127705628
102497,35.02770634920635
6830,41.19215476190476
65807,37.39705483405482
27765,70.07646283577536
59448,59.37761965811965
8236,43.02757341269841
20649,72.31850722888223
44229,32.013724206349195
71198,34.17687103174604
13268,60.81019269327163
58178,38.36626406926407
16376,27.979676837051834
79579,37.25626388888889
82906,43.60193811743811
9833,56.388625000000005
74772,71.4928888888889
46112,66.26686507936506
21817,67.09106418581419
51762,47.3889264069264
6564,78.9996153846154
23190,68.94003968253966
32330,78.1928134920635
10660,57.43122582972585
27929,46.76841050616051
53950,68.09227793040293
53983,50.02125432900432
72353,60.91029960317461
12598,67.7265093101343
59875,32.8430396825397
25971,33.40971536796537
82195,65.51916612554112
87264,29.81439718614719
1473,33.9024015151515
24837,67.33893055555555
59842,76.20283333333334
61432,53.08275793650793
34665,65.41834108252857
50642,76.18908928571427
53279,37.22533134920636
59662,60.81559126984127
63438,57.441286796536815
97579,71.78308333333332
20664,36.16276602564101
45598,46.222289682539675
81529,39.89561219336217
23873,53.59339307914307
28721,42.54741594516595
41465,53.01838997113995
16295,46.104946172248795
38314,40.92642902930404
38612,47.8810992063492
66928,46.3428805916306
86190,43.73432503607504
78917,76.87644789510006
10670,56.03087698412696
70532,37.650545995671
18532,38.65298791486292
82795,78.90666666666667
97082,39.407958333333326
102677,52.03999007936508
60694,73.21813492063492
60961,68.86850396825398
33515,67.8968725459482
87823,64.95404329004329
56561,76.9189355183347
89173,67.81549756493507
96359,63.82731772394276
8006,78.02192584144558
56041,54.84123313492063
65379,69.25260515873018
24574,35.295285714285704
2068,69.585375
65514,36.54110515873017
53434,49.06851461038962
8849,55.097088536463524
5144,72.59089682539681
39531,34.56083243145743
27067,30.291382020757037
101325,75.122375
23817,11.94573611111111
74924,49.83021536796537
15003,65.1802232142857
60181,45.4885692918193
21240,27.894608585858595
86846,24.123809523809506
34430,33.264214285714296
94627,23.037682539682546
63204,64.44262337662337
43725,64.84498809523808
63461,69.99478174603175
31117,64.15134620349458
30617,43.018163059163044
60423,59.2257619047619
35877,53.927691558441595
93350,80.64643452380952
83322,59.81986446886446
38322,74.43592063492063
32645,51.937897366522364
27175,76.47179563492062
73134,44.449726190476184
91429,68.40679166666665
4125,65.75172619047619
100716,68.796636002886
97120,34.71301533189034
53514,80.99052631578948
20047,73.07625
78874,37.45513203463202
46318,58.91922875816995
51219,35.34607738095238
61236,82.17153571428571
30232,58.52551645821499
29490,55.68739880952382
34453,72.93851767676767
29504,34.71813834776334
15990,56.29438349150849
42795,40.7982406204906
62343,74.55846825396824
39547,64.03476587301587
77097,77.0
15740,67.43051694139196
30215,48.680226190476205
42294,80.44189475488392
77013,43.3237996031746
5659,32.164590187590186
84456,69.38335119047618
35366,68.18263896103895
474,53.323479166666694
777,30.818669372294394
21389,28.993322510822505
33994,43.97237698412701
43694,58.961506844462725
14044,74.01966666666667
25512,65.46711038961038
31118,66.56650535714287
25159,74.51138609172419
58692,22.443832972582967
97696,78.95958333333333
83989,45.179757575757606
34731,74.87289285714286
42066,82.025
42338,22.70976862026862
11424,51.155836760461746
91783,61.357450036075036
34190,50.49667306304806
88631,55.610821428571434
65779,73.08792045454545
48252,40.27830303030305
64971,31.041075216450217
92313,39.5913079004329
98687,64.0339667277167
78728,71.35132575757576
33014,38.47896031746032
7362,60.92801190476191
54,56.63878373015873
8324,70.76091937229435
26196,39.1461266233766
4690,67.93974999999999
47076,69.99044711538461
34263,37.05328174603174
10812,55.777367063492065
8618,80.11974828329996
28292,72.80981447718949
49895,42.44509072871573
29598,58.56093452380952
19383,80.30191666666666
101697,39.999287698412694
55311,59.9792803030303
95829,67.70744787157287
71890,48.46821103896104
30196,43.2493225108225
47339,75.86658333333332
102059,67.82397817460318
6497,62.832790966386554
44734,50.94148565323566
24746,40.54319246031748
45328,58.25962301587303
66215,75.13382683982684
92679,66.72614538239536
21764,86.66537896825398
45355,68.06178960826755
54340,66.28747572362278
40416,54.0248434343434
4132,60.6471388888889
27818,46.73568371212121
71643,37.85363690476191
45760,51.9991221139971
22644,36.16224999999999
51914,50.958194985569975
79045,65.25263095238098
77121,34.29596825396826
85374,46.99955753968252
67236,45.15104834054833
67870,40.23243145743147
47219,69.18788528138529
32898,59.228484362859355
33546,60.48023863636364
71986,34.095081349206346
101200,57.438601370851366
29793,33.63574404761905
80881,59.65355014430014
62648,42.782246933621956
75839,41.50924801587303
77967,49.693320346320334
51765,77.45903344891407
28918,52.20523511904763
56281,56.23089862914863
82736,72.63270548654245
54344,34.78325022024759
58338,69.85375
8237,34.38028517316016
80540,55.065564574314585
93283,43.622202380952366
61591,40.856453463203444
78225,64.8239007936508
30725,41.501178571428575
64081,71.61941666666667
83225,95.36184523809523
30553,73.83782476295633
69555,65.68122420634919
73468,36.88568253968255
43498,66.72153571428572
40327,36.92780411255412
18643,40.673593253968264
5440,44.047181096681086
14547,56.81452525252523
8605,54.11363618326117
51310,49.77099206349206
59307,43.9536423160173
97299,49.08004365079368
93265,46.737349206349215
11844,25.750728535353538
41473,35.08524099511599
56116,41.1238849206349
467,71.61076655207538
58648,49.5039146825397
2609,44.48640061327563
68356,66.29888731856379
22315,26.221351190476195
31125,50.6821293012543
91410,54.56867930242274
57017,37.201859126984125
53511,47.426759920634915
49496,67.2299623015873
62601,30.255212301587314
56465,31.065446428571427
26295,29.505193181818182
98829,72.98441666666666
23064,39.495398809523806
1594,74.05125
25306,46.389077380952365
35936,48.908008477633466
19917,42.73292536630038
54891,44.097893217893215
89602,36.846055555555566
92912,31.3297745171495
70850,49.710507936507945
64187,54.72143055555557
8808,49.28134848484846
64865,41.463974206349214
80085,61.53975757575757
58837,41.761500000000005
71026,44.02483838383837
12558,32.87942063492064
7637,40.18215674603175
9623,63.74655182317683
102430,82.79
93517,46.4941130952381
38646,46.054601551226575
64311,38.01817730880231
43767,43.824698412698396
6061,51.5989816017316
71178,65.85973636086136
22311,39.397655663780654
40428,53.38521001221004
84337,51.76431746031745
92394,36.02522059884561
92421,67.64651648351649
6142,48.356823412698425
16567,74.803
77606,77.63493055555554
74170,72.94198737373736
12165,67.02530555555556
46705,27.242794913419925
53108,48.876678751803766
102455,80.80615476190475
22401,41.59055849746659
25345,25.862531746031756
18608,61.47768596681096
25441,33.012790945165946
22000,66.98780280830282
6647,60.55571536796537
9460,77.44099206349206
29947,49.8571091269841
27982,44.93531457431456
4478,30.074584235209223
40785,69.85721428571426
24267,37.76708333333332
81934,63.384479978354975
11396,81.12596590909092
5855,61.70469227994229
33214,60.664848110223105
18093,69.49828266178265
51984,36.7617224025974
51124,35.24225656288156
38355,39.38035515873016
50480,52.878400030525015
95627,51.00915692640693
3311,41.484009920634925
48586,64.6652253996004
74079,50.69625198412701
50855,35.25892857142857
93101,66.62872186147186
12560,78.36603823953824
78301,68.03753373015873
29050,52.15846915584415
51202,71.60041233766236
49865,44.94764087301587
57295,64.4924825036075
71775,35.402494921744925
65419,83.20329112554114
7985,60.94885317460317
59395,51.39855140692643
1043,28.699501262626285
100411,68.23811286630036
80231,77.80297222222224
4821,53.82423989898991
68988,44.33604274891777
20164,46.17139682539683
93393,59.45839682539683
69889,62.17178812974466
10941,26.839188492063503
44343,66.23601785714284
61857,69.22535567210566
48079,62.50384490509491
72797,35.48026172438672
83113,79.79234664990922
23903,56.574974206349204
89816,68.81569776057276
14059,63.32141792929293
27151,43.653042027417044
74758,53.33064957264959
69411,32.89247222222221
35316,34.331696581196574
37208,37.690433261183266
68039,68.98616666666668
60832,43.689670634920645
20210,38.553241883116875
77568,64.09447619047619
96823,50.02703571428571
89061,70.70035912698415
49909,49.41909325396828
17184,84.36173809523811
28023,71.0429967948718
45426,73.174388996139
34490,56.14922889610389
21516,35.264322524697505
77512,50.51032810245308
32428,53.5974126984127
21043,56.52136095848596
34634,73.74053571428571
41876,47.71184340659342
49929,57.20575703463202
28802,77.00035714285714
29990,46.063026085434174
19885,49.6010936147186
97221,62.449087301587326
92903,77.85854166666667
31091,34.22341666666667
49032,34.96070238095237
41745,25.374676587301586
98549,72.28271302867614
13532,59.314243686868686
60982,77.56641666666667
82424,45.19018650793649
28922,38.70219047619047
20431,77.78861904761904
89787,53.366605519480515
102503,61.23372420634921
96002,65.86758928571429
88460,37.02738401875902
11217,41.19935714285715
2824,64.20347997835495
18552,68.05393253968253
96303,35.83200198412699
76203,49.69818650793652
4572,47.25850739538241
94247,29.474258297258285
61903,64.03879166666665
76328,32.98074314574314
17669,47.498807539682545
38784,68.65836850649353
99087,61.998264610389604
86973,33.7069034992785
94141,41.95756746031747
82005,49.51833172383171
79513,38.563027777777776
50154,54.79056111943613
82367,69.63765408202909
50234,47.014315476190475
75451,64.24548177334363
39228,47.336283730158726
48459,38.89347150072148
10642,55.893092532467534
85883,32.42263365800864
78096,62.512736111111096
89438,39.22477904040405
60471,11.059964285714281
51150,56.39340061327561
88563,70.01757142857143
15396,70.61283333333334
26676,82.45532738095238
85601,69.5587032967033
89704,78.07215364064231
31270,44.79422023809525
22618,27.842987914862917
96200,27.05542568542568
91456,64.83967460317461
102539,33.202429292929295
38274,46.85489231601733
58469,73.68775534188035
87543,35.45996428571429
56487,80.84755555555554
80392,67.80706372549021
54492,59.746880952380955
41764,36.10530194805193
93904,62.51602579365081
31145,71.18789105339107
81919,65.49224801587303
52775,60.219245670995676
14588,51.484903540903524
77360,47.599160714285716
36076,60.71759523809523
40296,43.13058946608947
67735,58.270203924558416
51794,29.127541125541125
2855,57.04885912698412
76898,42.32272907647909
99815,68.95333333333333
26479,37.69922258297258
59,62.685875384024584
29045,68.65190151515151
64267,62.009249999999994
1699,37.973576479076485
10264,54.72726406926408
39856,45.51556655844155
99069,49.64807142857143
52284,52.275100649350655
97804,59.897101190476185
21725,35.5449485930736
93649,54.650114982239984
26552,34.78971139971139
28723,65.10781150793655
97571,41.73794029581531
80873,66.85629761904761
94624,42.24570238095238
17547,61.551208333333335
90684,28.657240981240975
56683,34.865429653679655
60600,47.584105158730125
34494,75.36447023809525
31181,44.43539484126983
17382,15.3581626984127
52080,68.74836614774117
57154,46.228919011544
76135,83.66691666666665
65230,74.36222807017543
14201,56.420375180375196
82047,46.61260461760461
62043,75.2992857142857
7073,29.90838979076479
21086,68.07593116605617
95289,43.62132106782106
31774,44.878890692640695
44309,61.5639365079365
48743,67.67162724775223
47463,62.17414414098974
98303,32.203759920634916
8345,35.221505591630596
33886,30.394606532356544
63130,56.432396825396864
102592,31.410385642135648
72093,31.87234505772005
73562,46.31819559607059
9602,44.61106565656565
28788,20.585996031746035
93932,53.3839246031746
98482,83.9474165903541
97114,42.19329004329003
91660,70.22290476190476
86449,72.93603769841269
54361,47.32603373015871
44673,45.02037103174602
18296,65.78450407435702
56987,60.35246969696971
84669,27.811723665223678
71040,43.339662698412695
87381,44.26159523809525
85808,29.55078373015874
6269,38.08401641414141
58671,40.2639678932179
37436,28.71525992063493
13046,53.148380591630584
7583,72.90964177489178
49186,37.90247222222222
85010,47.99454166666666
98783,46.76689880952381
92748,56.62418070818071
6768,56.34722222222223
56146,30.916696428571434
98034,40.124234848484846
47700,61.91246525696521
10432,38.09452777777779
28047,53.627572691197685
96563,71.72998917748917
101402,74.21121755368813
55315,44.170834859584865
26249,71.41077507215009
17851,40.224428422884294
80907,28.28167261904761
41507,37.88750126262628
101960,66.99549332611834
11882,43.91956872294373
87013,31.964914862914867
23460,53.907091269841274
31071,35.009465367965355
96847,37.50389484126987
54790,55.28704040404042
73759,53.040749999999996
1589,77.8754674796748
22888,71.84251190476189
12225,40.66386706349205
78381,45.87379563492064
85788,35.13828571428572
74274,64.78405357142857
12392,66.46998989898991
39728,68.1975873015873
59090,49.6482332251082
88089,29.716950396825425
8899,41.69553968253968
25725,45.80621013708512
29216,43.719745670995664
5638,37.52484577922078
34476,81.47125
87937,55.958517135642126
11450,67.78626327312534
16718,56.74629545454546
77158,69.01091666666666
49923,30.18704022366522
89299,40.72190079365079
63327,62.95959722222222
46555,35.84449747474747
24253,48.48361819267335
14032,38.78029535011775
84455,37.93439123376624
16961,63.929839285714294
37363,73.00969444444443
10224,28.287341269841264
8994,20.954052308802307
75871,24.569594516594517
1486,52.18590277777778
34986,52.90550965700965
96253,65.138123015873
23832,62.568739163614154
70611,66.1106631334352
87292,78.97958333333334
13093,50.147370129870126
61068,44.37441829004328
83873,74.43636904761905
3762,47.60045238095238
41807,53.439673611111104
51632,50.85992658730158
61944,99.73503787878786
9257,71.41367460317461
85717,44.33362301587304
87019,43.8796084054834
85880,47.06017857142859
93415,54.07741163003665
20238,35.98755357142858
75782,41.935524711399694
5231,60.42586111111112
29108,57.93077801120448
85438,63.31868706293706
36027,44.714937950937944
44096,66.57329014041515
74183,50.952163419913404
36722,33.05232738095236
599,40.494609584859575
35538,46.96321480785297
82679,72.69348611111111
25863,49.930945526695524
38377,38.60340873015874
73699,36.538009018759006
20994,54.335366161616186
6823,60.47434126984127
9862,44.15712896825397
42099,77.97627213064713
77768,39.933465007215005
57467,41.295285714285704
21377,71.88448845598846
82706,81.92
8867,41.9390615079365
88708,47.714765873015864
3994,36.21995039682542
58880,43.82457377344879
40812,63.95507738095241
42817,27.537250000000004
87345,69.92442063492062
51587,37.94508243145745
10966,25.59793253968254
73867,73.66263961038962
46581,78.67098015873015
61246,53.025
19999,43.808060574229685
26048,68.50215756302521
70726,54.71830952380953
36973,60.42710624098123
1672,50.25057738095238
83994,44.94063961038962
62174,27.924330266955263
24154,66.51172139461845
99876,49.280144480519496
92510,46.97294246031746
77261,71.58711904761904
98590,56.57358333333334
76185,69.9588446969697
90326,55.973685009435
43255,52.05838095238098
39347,73.51166666666666
68178,50.383511724386736
91484,63.78243644717428
9018,69.48834126984127
59314,42.24838782051281
68202,61.569629577938414
70163,46.63647516127665
12631,54.883573863636364
17800,28.543402777777782
97569,44.176234668109686
2102,56.72695522533024
77818,25.94188906926407
99129,53.91558639971143
22550,62.98011462842714
97162,72.2423543956044
20609,66.31255790043288
98525,34.012244047619056
99594,54.098882936507955
53691,28.88710119047619
14556,57.4180815556992
82665,75.58159115884118
51029,39.1940660866911
22299,51.574193181818174
41751,40.584795634920646
14542,42.77317612942615
69446,50.40339285714286
4585,41.01683531746032
57665,46.83949984737487
67189,66.86983928571428
10627,48.24623015873015
11233,37.742547979797976
79650,24.88133333333333
91770,75.26548243423244
65030,65.53388095238094
83343,42.98205844155845
57560,25.96590927128427
51082,52.69484523809524
32084,38.43765079365082
78449,27.876232503607508
37554,27.63439989177489
87753,59.36058158508161
96288,64.43365277777781
10730,43.48039514652015
101240,59.92825198412698
25814,62.225456349206354
29830,30.296436507936516
60264,33.835277777777776
66003,57.85518452380953
978,68.98733333333332
23126,72.84845970695972
51028,65.23007467532469
41209,77.49620039682537
29349,30.192220238095242
2058,57.95823015873017
34266,52.98725793650795
74557,47.03239953102454
75528,68.00274999999999
48763,75.02454166666665
2050,49.78119534632035
90537,70.24195255439007
52859,56.38903968253967
75983,85.91511666666665
75390,44.923246212121214
86125,41.168334235209244
9742,71.92780952380954
67528,42.1997041847042
37955,63.407410714285724
22587,38.81457738095239
43884,65.56658585858587
19940,54.47407843137255
91407,59.47864556277058
84478,33.65092283549782
45473,37.98318849206352
62903,55.488272546897534
59989,84.59380238095238
7135,34.62148466810967
55886,39.427618029029794
2222,58.92546825396825
3330,60.298093253968275
10898,61.79865746753248
22577,47.03533608058608
18365,44.78149206349206
75971,43.03105465367966
8879,35.30388751526252
93612,31.010277777777777
69423,66.1607602290183
42655,86.46532811632811
44333,51.85868163780664
99852,61.09629365079363
89843,85.34541666666667
28705,51.903166486291454
84184,77.06490707984827
8129,47.75667514430013
74379,66.30729166666669
62569,43.036281565656545
37193,34.07716450216452
73220,71.04306944444444
68491,78.96128205128205
42638,19.169932040590126
99795,53.10455753968252
85607,34.93588744588747
63856,68.56361544011546
16732,33.927740079365094
14324,51.70557234432235
74030,29.60513095238096
72194,42.327095238095254
69194,71.90879250208853
68573,54.603826839826844
90302,58.94206349206349
32221,65.23364087301586
12297,71.9229880952381
35720,23.630593253968264
61999,55.52815386002886
750,51.91313095238095
45978,71.18791101427308
77397,67.87480952380953
28471,24.864734210234197
64542,49.10411309523809
62487,60.22947023809524
48276,51.652759920634914
14306,34.98725054112553
76457,40.81652182539681
50997,47.02382305194805
90844,66.07858134920633
2316,52.67154292929292
3563,65.67243875568875
90877,51.20966125541126
97538,81.70427763902764
45361,61.472954365079346
15753,39.10229761904762
44331,69.03128571428572
97528,43.05830456349206
50934,80.48861960434618
78716,44.506281746031746
7677,58.15586376123876
31988,49.878574217449234
24785,71.03301043401044
63539,44.839917207792205
75089,36.28900198412697
34201,75.91402994227994
12671,65.90715826330532
20997,33.61143957431458
31787,67.12283134920635
79681,71.45430988455988
34547,61.80981818181818
70818,44.191220418470394
31571,74.69007692307692
8355,83.99603235849783
34015,69.6544715007215
16009,44.67500396825399
74779,55.07069751082251
328,36.04761309523809
62797,72.62207142857143
41838,34.493307900432896
12903,74.14508429118774
78487,74.90273412698413
25942,67.95425815850815
83168,35.31181746031746
61273,71.69632066544567
61922,63.00128393665158
29148,47.90294967532469
25732,52.24724891774892
4131,36.01426749639248
63803,53.10158297258298
39065,42.2659642857143
19724,58.93699525474526
82103,38.551535714285706
93891,79.43525
97277,75.49321428571429
6536,35.15525992063492
67042,59.20128525641026
24967,31.263511904761902
50986,32.83818416305916
22616,54.273099567099514
61000,36.30465512265512
85006,83.20832738095235
34525,37.36561309523811
22340,34.61337409812409
90243,45.4388869047619
91067,56.977164502164506
15998,71.95458561744768
99216,39.292485028860035
81212,35.88542963980465
40053,55.284551587301564
10722,64.16904365079364
37745,32.59204563492062
80692,43.238360347985356
95319,71.08265476190476
29779,40.63890681540683
76108,51.5508897075147
29906,53.66333134920633
71673,57.91309595959595
56586,62.26248899711397
39802,39.86098827561326
99607,38.5934365079365
61179,27.5757886002886
90760,65.89082142857143
87208,10.37477380952381
6380,87.85204545454545
17466,53.25674007936507
86588,68.00151154401155
59408,47.70115277777778
6272,44.815126984126984
61925,55.39908441558443
73027,73.0710119047619
6427,56.1598869047619
56783,68.76090721288514
64716,36.25472727272726
63111,68.43008874458874
68074,36.442906204906215
93092,40.54466865079365
102267,48.7769227994228
14057,58.85361255411255
46795,37.62051984126985
82305,47.54710573454324
87531,51.67469859307361
58721,58.62072222222222
88262,70.42629365079365
100233,63.692563492063485
41609,77.3216634199134
44348,50.85300992063494
63838,42.317305028305036
62423,58.231765873015846
89172,45.014767496392494
41833,72.07238095238094
72981,79.39794841269841
49624,39.883830266955265
70609,67.87915301365302
100071,49.814863095238096
80446,65.061876984127
7588,39.107504509379524
3869,38.92157647907648
21214,39.88386507936507
10325,78.47972021114958
4198,34.35657738095237
4875,66.10077831890332
50453,36.283880591630584
29099,58.35380456349207
31966,63.886363095238096
58991,24.982158730158734
70953,43.96148809523809
85664,64.58748412698412
3096,36.80626190476192
31987,28.10468950493951
74450,61.698053571428574
54920,67.65819047619048
46231,40.438759920634915
47381,41.16937842712844
102243,37.738511544011544
70836,50.29171726190478
45705,61.21490079365078
89534,36.65220634920635
16142,44.236742063492066
50277,56.10160868298367
43950,64.70807196969697
5073,38.58673611111112
66008,58.816425685425685
51733,82.45603896103897
101582,52.2586626984127
3288,52.45043380230881
5558,34.93858838383838
65167,54.47705153425006
12625,74.47349206349207
66032,40.68809794372296
11366,45.20610119047619
78154,49.48424260461759
55353,67.06627731092436
58814,53.53467604617607
91664,34.48244642857142
37410,68.8238869047619
78160,40.78495543345544
21034,44.8188953823954
87255,77.990875
81613,65.42096825396825
24742,54.789832070707064
71798,45.8682896825397
35824,81.00709085213032
38125,75.16269444444444
47193,41.632338203463206
4741,50.39763095238095
6704,55.44254563492064
29751,38.85980952380952
84051,56.53290331890334
44670,64.90061507936508
82155,26.97690999278499
51843,47.507875992063475
26323,59.939172799422785
79940,43.12523033910533
90702,46.94191161616163
6591,77.84627777777777
93609,28.04945652958153
21194,74.80632539682537
84041,66.51570678534571
94939,75.05204960317462
28685,33.39253048340548
10473,51.492224025974004
11400,51.14485912698413
74631,59.0350138888889
68230,32.854932539682544
7848,28.457452380952365
58632,34.38322294372294
72367,23.319059371184366
87972,59.68877435064937
57460,76.90177083333333
42028,73.95425
86527,44.26050036075036
32451,29.522047619047616
13383,43.276752164502184
91747,66.86728907203907
15660,65.32608618410221
1108,52.33712608225107
38264,42.388854978354985
81118,66.31482573891626
30227,40.0584146825397
58188,68.91519556810579
25343,36.55865061327562
41338,25.36313041125542
64415,74.9217003968254
85470,40.29812680375179
75899,62.267169871794906
58680,58.77647046009547
17024,38.44682521645022
18436,67.43894642857144
74606,62.494211538461535
36162,32.835632395382405
65022,53.42225144300144
71856,34.483668109668116
34056,52.37610912698412
72600,39.38538744588746
32130,45.07777777777776
19525,44.101096500721496
91173,30.664732142857147
46374,35.360047619047634
28666,35.178353174603174
100304,63.67420204795205
60446,58.194883928571414
90323,54.1093392857143
15703,39.2687999084249
12673,48.86537536075037
77298,43.894742604617605
96998,58.87026677489178
51727,68.97319036519038
21599,46.093377525252535
23071,50.77773665223666
14653,72.64528156565656
19848,57.04720887445887
3916,65.32989457070707
85556,68.36040721288514
94162,59.14646955821954
29411,41.21631349206349
13374,33.336972222222236
86651,53.10727781940282
38381,51.040765873015864
67578,54.792925213675204
55643,72.72283424908427
57021,40.4753115079365
94131,38.35597222222221
35690,34.33053697691198
98735,84.87589015151514
79534,58.33372492784991
51956,63.54333098845597
69241,43.9996507936508
47380,46.32352254689756
41963,54.03121266233766
33691,71.8788947669977
100628,44.91917225829725
53306,74.97166666666666
49174,35.87612950937951
72801,47.21067099567101
46782,44.26732738095238
35181,63.72664484126984
6635,50.930996753246745
14794,28.361577380952372
70671,69.43477976190478
26469,58.140518703518694
43754,40.19881385281385
77312,67.02415079365079
72718,68.05758134920636
49016,67.98379960317462
43659,50.923429292929285
6295,55.90581727994228
72422,47.29210317460317
92092,57.6129568903319
69903,38.72525747863247
379,53.82380357142858
57820,43.773527777777765
55418,48.34974062049063
43000,49.291192460317454
35697,74.72883928571429
40155,41.51552380952381
22774,67.57543840881341
82440,29.140246031746024
17413,63.92635245310246
21266,76.73137811025313
42755,38.86159325396826
100910,38.64382233044733
35480,42.818439060939085
61860,50.67316285103785
58308,47.243509920634914
48224,40.84003174603175
33761,54.71904256854257
4092,50.45917472804974
44419,70.3142693001443
92195,37.39843650793651
46334,31.710722582972565
79819,58.17577020202023
58129,45.155279581529584
47499,24.760007936507932
61898,48.682317460317456
20942,51.65627976190478
27647,62.87544749694749
40950,46.41596681096681
85502,47.805101010101005
62798,50.33241666666666
100797,38.50061796536797
41028,39.41861309523809
98762,35.88235155122654
42451,57.42394444444442
2258,25.58520021645022
64497,61.21173205960706
101693,62.86146825396826
71982,37.655661976911986
74373,37.69007702020203
27596,69.07608082706766
82726,46.949599386724415
18359,57.60410119047619
83210,36.61468596681096
85068,44.48373412698411
47149,83.95825793650795
72207,34.28590927128428
86146,32.257606060606065
83254,67.28413888888889
65794,73.98919540229885
792,57.75478373015875
95083,46.989492424242435
69790,66.55035256410257
32783,38.80825631313132
101786,32.699963203463206
78343,71.36437184873951
86847,65.60115277777778
21126,75.001875
88655,50.07143434343435
56296,45.84645238095237
90487,38.011956349206336
5424,55.37334722222223
66154,35.42782882395383
96297,45.59360317460317
77320,42.29805717893217
64276,53.26753968253966
66589,82.975
82401,55.394998015873014
88073,51.8795387806638
85524,43.266309523809504
17207,51.5594853896104
6307,39.411408882783874
93217,47.948341602841595
37147,40.38428986291487
56550,48.14852254689754
76911,33.2616976911977
57865,69.58291666666669
85421,68.53858333333336
101449,42.94713816738817
25836,65.91209732664998
4210,38.31416666666667
17295,36.650083152958146
33187,44.675390873015886
8298,43.259909812409845
60195,33.95029563492063
27525,66.88122321428571
75,69.78566666666667
8196,41.01286309523808
79244,51.526930735930755
54186,69.92638492063492
71668,59.34560696248195
29206,59.61937698412697
95882,34.10451911976912
53187,56.676961038961046
13288,46.029910173160154
47917,31.813168650793656
36804,34.00911507936508
18715,56.18592784992785
84475,73.00371428571428
64975,79.50791666666667
68340,47.981135101010096
952,47.97212103174601
15852,28.062049783549778
57406,57.14976334776338
80901,29.63241053391053
13263,60.26450577200575
19963,63.52705357142858
7600,47.79898519536018
68590,63.896862665112685
11920,66.53162608225108
9481,57.354619528619516
94242,67.37468650793649
8587,35.135503968253964
58978,72.79494715007216
86309,72.01252380952381
41626,33.647464285714285
63089,43.97584704184706
100624,36.668311507936515
41793,55.727646825396825
32158,43.25207449494951
57845,48.45234128371628
15376,69.59905952380952
66873,67.16300730994153
30631,74.81919295872254
87724,71.7082683982684
21159,63.69408938120704
59850,68.38184956709956
68506,57.38497673160174
34907,63.38445421245421
72153,18.49221031746032
18780,46.43576785714285
2760,47.51820995670993
101272,43.124997835497815
52067,64.1726396103896
99292,31.499424603174607
41082,68.41020147907646
90262,64.08329166666667
15903,63.64269913419915
12554,78.0011274509804
66930,39.28315079365079
23856,78.38335714285715
81895,73.10283020050126
63045,35.67742658730159
6601,78.80973076923077
21235,64.0233704906205
23652,48.62297180597182
48816,57.148314935064924
10422,42.46164466089466
71814,74.87057142857142
75410,63.82538492063492
87441,51.21071031746033
19865,64.49253174603176
18273,35.14851569264069
44162,46.545827226694875
27449,26.779450396825393
37472,42.43366053391053
32246,63.97100595238095
11737,36.84831349206349
93326,65.83251190476192
73444,49.08710876623377
101059,33.713083152958156
101284,53.64980059523809
41866,44.993004689754656
36383,44.38581186868687
52244,40.79318308080806
23202,63.62389123376624
14371,41.51070121381884
44497,64.13448302647645
61094,50.998027777777814
76892,38.9402103174603
22549,62.9096607142857
99349,79.36854873519151
86178,75.00579166666667
53024,65.82759065934064
99268,38.89536688311689
17113,52.86377380952385
92437,44.78267063492064
13629,63.76377964798359
15226,60.5733611111111
16898,45.708773629148624
51945,67.70312345201238
18927,44.87731944444444
52885,82.93918050664598
85399,61.060166208791195
2387,36.51726190476191
6213,35.769394660894655
2852,64.6400934065934
85203,42.69368434343435
58844,77.9461547619048
76940,49.7003012820513
47386,34.548132270507274
36240,71.21778571428572
28391,38.30149206349206
85711,51.78399801587301
34195,52.69958918858918
32904,56.15756547619048
20548,47.93383928571428
9057,47.85851676101675
62892,70.01155973266499
26598,61.25755790043289
22413,68.69546693121693
16226,41.41694498557
27822,25.53591071428572
2236,48.244408189033166
1118,61.354219474969476
92705,48.91227218614719
64068,10.238554945054947
37886,61.89840566378066
83047,55.73935521496049
48547,49.74026984126982
30863,41.150375000000004
59982,50.459083333333325
91577,23.8539941643324
34306,41.53009634809634
54593,43.6062771950272
95997,46.37857539682536
70060,75.58816715229214
2613,80.83450946452069
102501,73.1332738095238
96595,46.03633405483406
33486,48.49650396825399
84102,68.8347329059829
88545,66.61997023809523
8191,58.63563311688313
17317,50.16819642857142
69398,25.114868686868675
92059,55.48133329170829
77188,74.63578571428572
57618,52.503680527805535
20985,76.37423809523811
7611,69.84150407435703
71493,44.79738293650793
87105,49.122792429792426
62260,72.13791865079367
10066,62.73681349206349
99377,99.97
58454,70.22766666666668
29150,35.45491468253968
94418,44.641353174603175
34168,43.08895887445887
54682,60.52720670995671
59319,55.915013157894734
65127,44.739159547152184
1632,50.796010461760446
31709,37.635203707240464
53011,68.69675
9203,51.612874346241995
16408,48.19257016594519
97730,41.981232142857145
90603,47.36378336940838
79708,67.25810515873016
80797,52.23207263569764
81327,31.270720238095233
8548,66.70976515151513
81892,24.736536435786448
35894,65.40074512987013
76068,63.582442460317445
96660,78.76099404761904
80254,51.8882703823954
69291,40.88651951071804
62842,38.190208333333324
84854,44.1273704906205
32462,71.85138691292369
45635,66.83098611111112
72815,24.71663293650793
43571,48.88511706349207
57344,39.376317279942285
87274,33.297198773448784
2948,40.638194624819604
26411,43.02103481240982
92610,47.33480876068377
37103,48.946452380952394
12961,54.67863961038961
6281,43.1713134920635
21783,67.28301587301587
18345,74.998125
19998,55.81342929292929
26799,62.12103939932614
37173,69.98905555555555
80037,34.7175762987013
46726,67.26723611111112
94593,72.25695833333334
24581,63.773744588744606
78298,74.94360661936254
43331,41.88517841880343
68359,60.71126443001444
67340,69.57861634199134
44118,47.44191378066376
3846,69.87529545454545
82328,37.209851190476186
89711,39.40819696969697
71656,37.207811147186156
56439,73.61327976190476
11380,32.38506547619048
29854,81.12396212121213
22881,57.36800320512822
91678,72.618
88267,35.35500595238094
87359,67.73624206349207
75723,55.012351190476195
16920,45.36892352092352
9753,82.24480952380952
44517,37.45358748196248
33892,41.791678418803414
13879,37.81852930402932
94999,57.109814935064925
43078,25.440785714285724
77263,71.19713246475747
72934,29.80652380952381
27800,69.72990873015873
49919,46.5318363997114
13478,50.81009505772006
84660,48.1118908730159
65325,40.15014502164504
91114,60.66110714285715
60359,46.57509036796535
83538,62.71343127705628
92017,43.80424603174603
93353,46.6241459096459
7974,63.113335317460304
44000,50.88514300976801
71655,64.62388564213563
76885,69.6669642857143
97720,61.46335561660561
43035,57.89582088744587
13178,53.313934163059145
11830,64.91138744588744
15528,39.61183441558442
56672,63.656204725829724
58579,60.61630212842712
11841,60.95243170426066
80878,61.38352398989898
33931,50.04260750360751
31307,76.51375
83540,36.042408730158726
35661,63.18641558441559
46815,30.273653318903303
37649,18.22263762626263
68353,55.329464826839825
53031,60.39437031024532
102597,60.03574371461872
23939,31.980016594516588
99248,77.5182738095238
44924,34.08757377344876
75691,69.35074613784909
39567,59.7535357142857
55280,33.56210317460319
84002,49.89610103785105
37136,50.0481637806638
64371,54.645886544011546
50170,44.20255952380951
71279,54.65809794372295
60803,71.81668086080587
8003,29.81179960317459
19034,53.49742893217895
19289,47.71799765512262
73907,84.36762904905554
21185,39.842586219336226
84147,77.40957091097306
74409,45.94186706349208
71201,70.50591684704185
67516,49.650370129870126
96225,40.867088023088
54209,54.85601189782441
71767,64.44954216616716
36331,30.999490079365064
88801,40.274579906204906
28710,42.81585515873017
18903,44.045262263879906
27961,33.67846230158731
44195,44.97343774281274
16448,79.33963888888889
46641,68.6357996031746
72646,55.46075854700855
73320,46.08853481240982
63943,40.28327200577201
31811,47.389192640692634
19450,54.87222767510268
65777,48.76687301587303
77057,67.66260912698414
69292,44.88552777777779
59109,22.950902777777788
97401,68.81418452380953
25595,69.21750396825396
24870,35.36682485569985
65516,45.117306998557005
75291,39.95538419913419
42076,54.85540476190477
69545,48.21552561327556
72674,44.48804761904759
7916,56.3698253968254
54780,24.795991883116898
67146,70.91322368421054
94370,63.049201839826836
50816,85.18792341808516
36366,50.92146667752183
26693,79.72339732142856
46625,58.15517078754579
24455,30.45758910533911
90335,50.861803571428574
19556,35.992706349206344
15508,49.33981457431456
31470,37.269881673881656
6719,53.8292646103896
2097,55.92315426240426
88802,29.701353354978345
26308,79.725
73748,52.24409920634918
101775,55.35203138528137
68813,51.20026479076477
81491,27.03746626984127
14494,38.44116594516592
50365,36.85529563492065
71524,70.79714239232987
77398,36.95258531746033
85359,66.78863095238094
612,44.41578373015874
34773,33.70044300144301
102668,61.71623665223666
72318,47.064712121212125
93064,67.35841558441557
12015,65.3011488095238
21372,74.61750595238097
54002,43.65142475579975
90809,77.798633376764
81913,52.06242297979797
77055,56.06734758297257
75707,54.96155573593072
59958,33.13921771284271
88917,79.0
84913,53.4334117965368
25556,39.41525396825396
92433,69.86758531746031
39470,22.994420634920626
33153,48.570757936507924
3509,62.42127648740149
84537,79.11904761904762
32153,78.92745655806183
7004,46.419286435786425
69529,43.312283730158725
13990,64.28600641025642
100011,35.47336075036074
91470,46.54632792207793
31845,49.58150992063491
93259,26.346486846486837
65860,70.0889226190476
38587,69.45902777777778
23367,15.402356601731599
85695,42.58096825396826
93624,40.19911020923522
80367,59.216588827838834
59854,20.409724747474748
96697,85.1710984848485
1955,66.03367795603089
12999,63.61799052907877
54271,66.13675793650792
69444,46.15317956349207
83040,73.93978021978022
97694,35.9543511904762
36864,50.67041269841269
33269,39.503849927849934
89645,48.26841233766234
90161,76.62739285714287
54748,49.342726190476185
41186,60.10310479797981
53595,52.077143759018746
66236,41.052223124098106
41268,65.84010073260072
60112,66.846875
18753,48.1878961038961
92750,29.346128968253964
73225,26.042111111111097
9842,39.42948376623374
23950,51.067347222222224
33583,71.35417261904765
73213,53.82033333333333
81185,71.3512380952381
67398,70.82614772727274
70027,32.94964484126984
16310,82.58688095238094
99957,36.94556313131314
90195,65.88329761904761
92578,57.24079166666661
67502,54.37353174603173
55210,42.14167081529582
42070,82.55700793650794
11452,22.062053391053382
72108,63.71335714285712
41289,30.185472222222206
74421,66.54628571428572
58110,29.34239574314574
14921,54.054070165945156
80710,37.64398809523809
82168,51.26601244588745
17883,40.238067821067794
68686,66.64867290552586
16554,37.59310317460318
95826,37.689029942279944
85800,56.4914071067821
54873,44.639085497835495
54838,37.9578803002553
84352,48.313236457986434
90070,42.07833513708513
88230,70.8971305916306
50368,71.19304166666664
12259,64.97211832611832
9099,37.246719877344866
64641,57.93110159285159
17324,59.26837301587303
69731,45.92627747252746
9273,35.4724265873016
63730,61.9162996031746
10113,40.37117857142856
72372,38.195939542483664
24300,47.54289485514486
76569,45.63963947163947
28314,60.56942857142855
41971,47.3912068070818
31749,63.20484956709957
22753,41.64269642857142
19015,41.078515873015874
23011,39.46204166666668
67306,36.869884920634924
85039,70.0637244609965
80496,77.68461904761904
65715,44.08343599864188
72491,31.692679563492053
35054,20.324882936507933
48431,57.06618686868687
70259,68.27570833333334
47785,34.323492965367976
6260,31.20655555555554
101428,64.96321031746032
2726,68.45027861721611
42805,51.061359668109674
97596,42.19483387445887
17192,45.39605447330446
32998,68.92693795093797
68620,33.194035714285725
41600,43.95421672077922
34848,65.87397222222222
66468,63.974997294372294
76271,67.85375
78534,71.34169047619046
54572,27.08748412698411
58382,61.12272847985348
27665,68.13075250626567
70454,48.81674549062048
57278,57.67731944444445
53960,49.74708617077367
16770,55.430749999999996
66699,66.25117460317459
78055,72.38301118326119
100421,48.564075396825395
69480,31.041386904761897
14682,44.39586886724387
73353,37.012644841269825
28502,35.70224007936508
38959,76.41540476190475
74401,78.92046260683762
48280,41.57825821400824
60051,65.76969354256853
53643,45.1998134920635
70793,74.75740151515151
36501,31.028920634920638
42194,70.65100000000001
64687,74.14004166666666
33833,53.106207958707955
2617,65.13236507936509
93787,67.4459126984127
78337,60.2349632034632
36428,58.91793344155845
13004,43.30987896825397
87022,44.28136111111112
54471,37.30949526862027
47590,58.436365079365075
30072,41.641222222222225
35860,79.67553921568627
4763,41.556912698412695
42315,45.069177128427135
30528,70.6735238095238
6372,45.177821969696964
57393,66.948553030303
12837,62.417642857142866
41229,28.091495171495172
41247,40.893769608315665
46329,63.23156746031746
10725,74.78031349206348
22748,67.19603715728715
6952,37.431132936507936
94055,36.564918470418476
12200,50.63206664169164
48008,39.05817032967034
77147,50.750246947496926
34846,60.605438492063485
55941,61.34307829670333
10629,51.639165024630564
45625,28.66854924242424
75406,67.52353571428573
23119,34.574744658119656
55757,70.51334758297259
48491,74.25883333333333
64026,43.49486904761905
64196,68.45325757575759
81764,41.584361111111114
84887,69.73112727550226
93034,31.66423719336221
63615,54.134729090354114
94955,38.36249404761905
86784,63.281624999999984
37024,37.84319552669553
31084,66.48872023809525
62605,50.231875180375184
7757,32.56866865079365
43250,44.37561904761904
58180,72.72041269841269
52006,63.88474501887003
60388,52.65761695249197
21083,32.16948935786436
21576,37.78060894660894
10059,45.804793650793656
79788,63.41537698412698
50912,38.624701812076815
25743,70.6927759870848
29758,58.92654960317461
26114,58.14529649758457
54260,73.85175
76797,69.38221626984128
61598,72.75564844877346
39261,52.820002525252555
53729,57.03518956043957
15951,58.680970238095234
74126,35.75055158730159
20438,64.01789231601731
36535,55.852699855699846
61107,62.15031673881672
94984,61.55334607351711
96763,76.16571428571432
66686,68.49842261904762
29653,92.0
102227,64.15664880952382
88486,26.6750396825397
9571,62.22217821067824
92948,67.64992704517704
3073,49.85326388888889
74243,65.48852543290042
40213,64.19055618401207
70494,74.49085759244568
59639,48.088615079365056
42413,34.299512626262626
38960,25.51732138613022
33254,46.23637400793649
31500,32.239057539682534
96991,42.32660660173162
20899,53.88181078643579
69189,53.347978174603185
15463,50.859283730158715
90878,45.87621194083694
84078,54.82143253968254
86482,42.373829836829835
98601,35.64031132756134
40061,56.93650396825398
27522,44.22338385225885
75046,50.46817406204904
89652,47.74700183150182
67921,64.95295183982685
51825,73.80085714285715
54159,81.19638906926406
74180,37.397057539682535
6485,44.47063461538462
82817,36.57709974747475
86961,68.12441964285716
40247,36.81209956709959
35745,68.50002773615277
60676,78.56267857142856
9163,57.122520382395386
53234,67.23624801587304
42934,37.07602777777778
91083,67.7104888167388
94372,37.53733134920633
20276,37.9361654179154
82943,65.22634523809523
58658,78.79604761904763
19179,55.347008769008745
32030,43.06736634199133
86776,34.904221320346316
76337,30.257886141636142
58106,47.680483766233735
333,57.21538690476189
80645,66.67856944444446
65193,56.04401587301589
93832,58.45408405483402
11492,76.92244569757727
10456,41.71925144300144
75660,43.393023809523804
24665,59.07909722222224
32044,37.49149007936507
66657,52.5455061050061
98710,74.56798611111111
80519,47.48320238095238
46204,32.18114682539681
84612,56.64352976190477
9262,45.70649007936507
80575,45.11706654456654
40332,29.078210317460318
19000,56.69780158730156
17349,59.763810606060595
24978,63.7525303030303
9394,64.76736904761906
17175,62.46497954961706
25097,43.250302669552674
64164,59.38366179653678
32442,75.96961904761905
13481,50.827875069375075
6597,47.439910852219676
96143,54.45627777777778
20095,55.26721825396826
1621,34.66918506493506
17517,46.06139159451659
92742,49.3091461038961
89258,61.3527922077922
16989,78.995
74308,52.216023088023114
72664,66.08602182539684
89347,58.21032127594628
59386,72.90241068580542
44302,62.184048520923525
89504,57.90150222000225
102596,42.86213888888888
11353,75.49154563492063
5959,41.23779563492063
75378,71.34716973304472
45568,66.10570238095237
52087,80.46764354191559
1002,23.363647005772012
19568,56.27383134920634
101913,48.55496356421358
19499,60.7685496170496
60204,39.71196230158729
8370,47.93784239130435
63686,42.70387391774895
96922,49.798208333333314
18129,48.37932233044732
34369,70.29657738095237
14781,69.96758333333334
16993,32.89981150793651
85865,44.252683608058604
9524,45.18164592352094
89684,48.29332016594514
33957,67.02195436507935
46734,31.720029496088706
84678,73.7638666056166
93484,69.46266774891775
1574,48.85745364357864
70893,49.83545147907649
83418,55.56409018759016
31807,59.78746536796534
24976,43.69459451659453
93474,44.59076479076479
31176,41.7168593073593
70370,39.23069246031746
10503,67.6779503968254
48643,44.386372113997105
60400,70.35123626373625
11023,59.76376388888889
633,59.683051587301605
2817,50.98715674603175
77858,36.84342063492063
50379,23.318738095238103
2088,38.08762103174603
57902,43.945460317460316
44725,35.3345248917749
51856,47.44075396825396
72796,44.351804738562066
26484,44.02577849927847
98502,73.88502380952382
62388,67.79157142857143
72308,41.1819761904762
8353,53.21785951548451
75561,50.509876984127
57057,54.330907828282825
1764,55.76952056277053
63281,63.879934523809524
41013,59.021189990565006
90397,42.468426587301586
71382,45.353281746031726
60983,34.1732123015873
24176,68.20408600427349
82037,50.30032305194806
2549,44.0181158008658
59393,94.28402380952383
49721,63.19254090354092
59917,62.8579832112332
75022,70.59789484126985
42047,50.30160714285716
68672,42.52593722943724
1968,38.755815836940826
7675,32.628392857142856
96302,32.30572420634921
1618,38.740240620490624
30990,37.893520202020184
65334,40.92374873737373
41447,41.38840674603174
83563,60.86475414862911
83228,47.961583333333344
9475,37.257322746697746
102609,57.503309163059136
96241,56.41368181818182
42547,25.47738528138528
33430,50.3092222222222
39670,82.0652023809524
74653,66.80211416361418
41429,63.702531746031745
16970,40.467880952380945
76578,39.10219642857143
86253,59.38340476190476
52257,60.43999206349207
93058,48.45703463203462
6839,78.20635714285714
10605,77.89722222222223
70151,70.53091666666667
32963,73.75685256410254
52203,78.07699206349206
27053,32.983550144300146
5004,65.9935213675214
52153,58.33502597402598
43283,63.181844378574645
12304,38.78684722222222
18662,50.92671825396824
71429,35.59977976190475
16647,72.26574053724053
4458,63.53666666666667
98584,60.6670625901876
52105,77.90623412698412
94102,44.30079365079365
39958,42.65128769841269
6550,70.56969917582417
25330,51.3012879318394
27854,50.27727076436635
82162,56.91325595238097
67045,54.02747619047619
45347,51.403944139194145
68183,68.44463888888887
78433,37.737539502164495
69217,39.65483928571428
15694,38.031524905649896
77727,45.04024603174602
86528,61.10884325396825
71791,58.42964971139972
61996,52.625327200577225
44143,72.71147673160173
33547,70.36930844155842
68579,38.398079365079376
11332,51.18653373015873
82170,48.31478084415584
69724,78.36454365079366
52655,49.886775793650784
59330,61.96745070207572
59940,36.115740079365075
29526,51.59285642135643
42719,53.59206998556998
44262,32.50045833333333
81487,63.85699603174603
34601,55.71813653013655
13867,48.12374512987012
98336,37.47058351370848
82495,42.72243578643579
24049,61.97919444444443
69008,56.28869372294373
3564,71.66864285714287
86861,25.877359487734488
7283,50.32379298479298
2763,49.240506132756124
25173,70.1321778083028
22919,40.7945992063492
79520,32.227914231601744
53985,33.754666666666665
39925,84.36565476190476
51779,77.96963414634146
41090,64.84211111111111
96878,56.38376785714288
46508,60.747611111111134
72047,30.451862914862907
4841,36.143190823065815
70663,72.3367380952381
35348,72.12240476190476
70086,64.54247023809523
35702,47.94336020923521
55796,33.7394507020757
75856,47.0508621933622
38832,52.434027056277074
21694,41.649831349206345
20315,69.2646096126096
52925,36.71849025974025
46184,68.8757271062271
101599,63.86553968253968
55415,33.1498502886003
86139,64.01292803030303
38592,36.328979834054834
58295,52.287289502164484
1239,52.49818127705629
21707,73.53755952380952
27062,57.7026610750361
57532,46.58016865079364
61114,35.888606060606065
7152,44.77425363525363
83159,65.0430857142857
81659,71.66060714285715
71505,63.27659737484739
42815,52.46348214285712
87945,62.92456746031747
13200,44.07478715728715
77917,46.96697402597401
68047,83.68772619047617
79849,31.420170634920638
55469,45.27204166666665
41881,59.44156349206351
14104,54.22908035714285
39928,46.68003625541125
28293,60.80317099567099
24065,59.462158730158734
97260,32.5308401875902
67559,71.63374937343356
91037,69.81255952380953
46903,44.42662914862913
28583,31.4096351010101
91171,66.96574410311909
75119,47.482190476190475
38608,70.66810515873016
50067,36.853641788766794
102240,65.75827777777775
42324,35.34854365079365
76227,39.84390512265513
64729,35.96879158341659
89095,49.76467857142856
78207,62.99291526610646
24657,88.0
94595,55.166473124098104
26757,56.19720797258298
82844,72.32468406593406
75115,52.161267857142875
35496,33.772352073365234
1849,78.0
58069,59.92207341269841
57522,53.327275793650806
89447,73.14180952380951
2600,43.531039682539685
95881,26.793107142857135
43612,33.62025992063493
76605,61.96540642690642
4181,46.959150793650785
14101,52.76981547619047
20591,57.207611652236665
84736,52.00127380952384
99598,34.363591269841265
46730,80.0782619047619
26590,54.068992063492075
84648,42.83034126984125
63704,25.199893037518038
101317,66.76583333333333
60649,78.12634476618344
98715,40.59517658730161
941,48.71835461760461
33635,61.738342518592496
7912,34.17484523809523
45244,32.614576118326106
33909,31.06665981240981
56417,37.28987515262514
80160,69.00458333333333
26434,82.96307139184344
84818,32.20800198412699
75108,23.058712301587306
100573,66.80384873949579
10141,57.71299007936504
70147,43.11886111111113
14731,61.60840674603176
27606,53.97536706349205
68401,44.29365476190476
41646,70.6472416774402
61235,60.15960714285715
3820,36.22462626262626
67110,44.33280627705628
1991,25.70100829725831
15126,80.94988541666666
57526,65.77267857142857
81143,71.5820704887218
87804,51.85579635642137
51196,68.26997619047619
41058,62.96703246753249
20041,34.934019841269844
100374,24.804823412698415
41101,46.799388528138536
93143,35.67636706349207
53061,59.643588935574215
5011,64.02932142857144
83354,33.172609126984106
69358,48.801330266955254
68255,44.58277777777775
98181,47.99452944277944
15219,81.79373076923076
102068,46.862061507936495
62715,37.98578860028859
41497,62.96040154779861
24304,66.69768650793651
8938,38.88178815628817
16359,31.14863708513709
32942,44.71963088300589
45679,36.4410119047619
78320,53.136190573315595
3930,40.38199206349205
31479,47.82371031746031
46481,45.73377471139971
3684,42.738346861471875
56388,70.7959246031746
72191,47.62025595238096
72202,63.09136904761905
25421,81.56535714285714
98593,67.63071861471863
62012,28.9345257936508
7874,37.143597222222226
98563,39.27226587301586
88122,24.228325937950952
9633,43.95280375180375
74165,54.82772817460317
30651,45.857057359307355
64916,43.5883603896104
94335,76.62084126984128
235,74.45196428571428
74787,77.16147384559885
27442,72.43201509872239
8560,23.446065476190473
67113,55.24417622655122
57985,75.82721865836513
95850,47.362277777777784
20986,46.25002121212119
91105,44.74437301587301
52626,40.666860569985566
43335,83.5466893939394
68549,39.15053174603173
45482,49.515216269841275
42938,57.196311507936514
62165,40.56224754901961
79124,38.15841865079364
12774,44.7267224025974
73490,62.96366666666666
61744,57.68110119047619
82372,21.516505647130654
93846,20.682319444444435
52491,38.427995490620475
102344,72.319778998779
53068,33.13537824675325
49466,53.73363888888889
36273,56.78977453102454
27099,64.47885046897547
86629,73.95981818181818
1336,59.66099765512265
81446,37.221654886779895
80054,60.62956913919414
7028,56.54775793650797
102144,43.74379274891774
49173,34.36066829004329
15518,65.90369047619048
64842,67.44065718217111
14500,46.973087606837616
90146,30.22346753246753
96715,32.813378205128195
92906,34.647200189860015
80957,56.17414102564102
58883,52.99010894660893
81839,46.107554653679664
75286,54.794959776334764
65841,52.75484307359307
35455,67.01222168109669
13724,50.25437932900432
45199,44.07631006493505
27814,30.39011126373628
40707,58.96614285714287
20413,66.3547224025974
94972,51.08254166666666
25282,30.62533134920635
43034,47.36671321733823
55863,40.72902182539682
71273,70.99347286047286
32430,53.18865277777779
20616,43.13575793650793
25455,46.184218975468994
51157,58.941495670995685
94,74.87699512987012
86296,70.2329007936508
97636,49.507584415584425
9858,69.08662436338173
56070,40.67437499999999
62247,52.74307575757575
7148,74.9725
73656,50.71941865079365
14084,49.53943740981243
71280,64.77914917027417
51444,71.82386507936508
85643,10.66833170995671
41631,28.0002316017316
62413,50.99125396825398
13733,29.92424404761907
53812,42.160086760461766
13950,67.96995797258298
70306,39.84520400432901
30767,75.10959325396826
11188,47.195295093795075
23997,70.03686507936509
