id,target
25174,44.2454
38453,61.049606
29013,62.434196
57463,65.86926
51264,20.188845
38911,67.46144
1229,43.60945
96000,52.56151
10270,22.115063
64513,46.747032
102534,48.79127
59037,38.61955
34298,60.965263
82669,25.656366
100687,77.66254
73522,48.660206
48734,41.59871
56168,47.679863
84658,26.05004
50646,37.064472
1360,75.12912
52095,50.504543
65633,46.41842
28205,45.707664
57218,49.272644
2601,54.076298
85520,59.136555
45402,65.463394
93231,42.18587
39300,63.76891
67877,33.69963
33330,65.61408
79050,41.877598
5081,41.88008
13231,45.88193
17628,34.621033
80388,72.19442
76808,39.736862
100234,65.242386
81256,57.524918
57152,37.138447
67477,67.42718
74377,83.661156
88292,71.53904
102460,71.63805
72878,21.70357
77878,47.181744
90885,52.739502
5562,28.528372
85283,72.372116
66509,48.739273
90296,76.552765
4503,83.511925
58293,16.73206
64079,42.317783
50451,27.724688
77648,69.94495
91697,34.632305
28935,79.83656
51809,36.4413
57691,44.984257
23043,29.386494
98788,49.132015
46943,42.032574
34807,46.347206
50520,32.24272
92943,83.87114
75909,20.489338
78218,69.27713
13225,66.19959
30514,46.69374
82053,58.591145
3112,71.32828
75999,39.093697
58460,66.57276
90475,58.676434
33888,35.45099
9299,67.20772
90094,45.0369
35904,70.711464
97149,31.430368
86693,17.50785
99331,54.850048
83095,45.50148
100329,22.807808
93056,26.555433
30873,45.219635
28579,35.334442
20217,63.139633
67433,69.537834
56104,73.81496
25681,43.178528
10891,79.94809
86004,33.465916
36851,58.881737
87094,51.70364
12066,45.720432
93555,42.413574
79483,55.811745
90391,61.3109
85580,57.2781
61181,23.066229
98828,32.421703
36626,82.08777
13846,55.26193
55091,51.57061
46425,53.29188
1363,46.751743
70646,42.172573
86481,46.75369
6316,59.855457
37261,57.35569
51903,56.894974
68887,46.36656
3893,59.982124
29502,0.0
56572,40.649136
18999,50.565014
2587,72.296394
7854,60.222965
29378,40.709064
2036,66.7879
384,20.878626
9674,33.70436
66574,29.322218
48355,44.197735
51730,45.015076
37643,53.62349
51348,42.3416
21597,60.11325
9240,47.479717
79816,73.071495
93877,59.565014
39407,45.799236
86751,61.315952
59338,60.080494
56405,26.82658
17866,50.157475
64569,70.61956
90600,43.547234
25963,44.687134
7961,20.61758
39127,40.281822
81991,59.661118
52426,53.99902
93850,58.76518
83904,0.0
76946,29.193289
55666,47.18825
44289,53.535526
8845,26.021187
73107,56.943184
96428,62.69815
52052,63.42499
100865,53.80645
17457,57.922268
61472,61.950993
95172,43.72048
93006,53.234844
94581,60.608875
43719,69.15168
101570,51.92332
56333,35.908066
80782,54.2824
28561,16.326735
7871,68.24383
14948,56.615536
73653,24.628168
57372,67.21816
12414,56.703644
61951,46.681183
30372,39.450367
28909,61.634686
7009,27.964006
101554,54.47758
26085,45.657173
100443,74.25209
23262,69.8412
97587,59.45334
58705,57.47085
21825,42.214375
67844,37.0504
64146,40.968983
16120,59.844803
23555,65.50958
65554,43.639816
70589,42.683308
18725,65.68124
99419,52.534687
33451,32.970318
67912,68.030685
101073,34.76853
39319,62.250675
101711,34.409775
23149,60.28359
84451,75.38216
47784,67.16595
61553,62.51591
37353,45.12708
53168,83.35445
90985,35.1811
28546,42.676685
94706,59.883533
23231,61.43928
34618,47.965763
29137,55.66916
31660,62.454975
54047,53.020584
93037,31.963007
83173,52.28972
32113,65.910706
14395,16.241348
67820,38.721897
67040,50.598507
83797,42.656464
66231,45.499535
49705,59.370827
66764,55.45212
72603,71.868576
12468,15.325573
54914,43.823692
25137,67.61119
59287,71.871925
97008,72.50945
29927,63.412415
29356,50.70092
68914,84.26102
34806,48.452106
47948,72.570244
17065,60.221947
87547,24.532963
37608,34.823223
73001,64.70594
77299,52.20413
16735,59.295383
18155,66.58405
46480,64.97396
8278,50.173912
20781,28.244076
3365,69.84291
40100,69.32327
55431,27.789425
61484,36.219845
70277,60.801548
76867,69.52155
24955,13.776381
60828,28.575613
22397,59.4545
45920,68.331436
76307,71.10225
23948,80.870476
53542,39.327957
53625,38.040672
72657,23.856613
12093,42.49044
27991,41.124245
29171,66.88789
27844,70.971214
36260,34.406265
18861,40.377804
69954,54.610363
96138,74.035484
21307,33.01679
561,37.765675
77051,46.553463
16909,66.64102
53517,38.864655
56650,52.483643
86556,56.321884
50889,58.994457
20658,32.012695
42039,39.82494
2936,28.45116
94511,46.17444
41830,31.024775
15269,64.13551
40190,54.942646
88469,54.0348
88531,24.79483
5062,32.14005
39591,47.019516
93947,67.87802
74130,47.448666
69128,67.264946
88896,34.136406
42765,32.39909
20325,41.259914
66746,61.86211
79642,39.297028
67563,45.553055
51951,63.902393
20540,37.496635
57913,60.40278
20016,64.2846
52745,41.621124
66425,33.166508
37685,56.351994
80473,63.229717
15919,79.40636
56921,46.77145
7392,53.74028
79670,33.382572
69266,39.4773
65573,51.993965
73198,33.389656
23034,52.84976
3495,52.98145
1522,53.0166
88656,67.596695
89420,71.742546
6168,58.941444
26638,60.70601
33248,47.962482
43637,43.268677
97437,70.35923
96250,13.804925
29856,49.848072
27846,48.378265
68876,68.75899
17429,64.225494
86647,58.48328
23334,63.38835
32234,59.53363
71801,31.042538
95706,18.45204
41845,28.844147
74067,47.84718
28960,62.09918
21442,72.23397
69263,64.38242
20470,52.292652
99015,9.51976
7204,44.965504
72926,72.3543
102030,67.90404
16605,37.758854
16632,37.494015
25543,55.943928
66480,76.31714
92866,65.23888
1766,38.674797
51495,47.380463
37839,42.685802
28978,52.122635
102258,42.289703
95105,42.510498
40118,44.78952
39698,63.77901
37594,66.80762
64025,60.787643
59992,60.753593
44050,53.818775
27523,70.89653
11505,43.00152
40413,56.54345
20076,64.58257
102136,62.358433
65139,61.96338
23407,25.510761
37464,44.258312
59916,61.09334
12042,68.79021
64577,48.587048
81331,73.0981
61920,32.32233
39099,63.067486
78166,47.529213
73131,64.17315
64995,42.243774
43278,53.203808
15509,72.55348
99611,64.351265
67257,57.71924
96245,34.619247
52205,52.280296
67084,52.687634
60524,49.879505
76518,9.700978
50679,69.830505
1038,45.616226
55932,56.93302
82634,31.963732
79774,42.924023
35445,56.36726
66283,66.97043
37874,59.180588
1129,38.114243
44255,54.09067
26531,49.000835
67720,42.59239
43546,61.755627
86304,74.29024
54034,15.498062
23102,51.15926
75085,41.855415
89886,64.03469
80597,31.654049
68422,57.12591
89966,36.041924
41867,67.300125
86966,63.803974
53117,43.84291
34227,40.458946
24411,78.3236
44985,30.781807
18292,41.96525
62252,72.70466
3776,71.422554
8155,61.767223
44643,31.837969
85819,63.895245
18926,47.759777
15051,59.044132
21057,37.75336
67219,81.248146
85931,70.656715
67760,50.779346
56298,76.39519
99579,44.75176
56522,63.054398
65348,20.598068
22855,62.04927
64814,38.71396
64759,17.79756
79136,58.305065
18683,61.97553
88070,61.568695
19704,58.761467
77265,26.63706
32378,66.62864
31652,68.805504
69355,58.772045
74731,33.498848
56810,28.246893
52075,36.855377
68203,67.018425
100238,72.768486
52796,15.903823
24678,24.300276
58568,61.90827
84344,59.06161
80066,75.43466
78648,55.133797
7840,72.19301
56387,63.807262
7102,70.04947
53235,50.90718
92914,38.417297
15197,29.868893
67686,52.86
74333,49.24649
72818,42.74583
80826,37.27895
99341,56.93372
6895,42.213127
81241,45.89078
34998,74.40064
15001,25.841305
65601,45.27359
801,48.59709
23401,41.042347
48766,36.168953
7512,71.31418
72238,33.6952
24405,37.691605
41046,50.10658
30040,66.77267
4331,46.37979
90802,57.984577
19690,58.185276
28920,40.873875
63849,35.333725
53012,51.741055
14970,71.888725
100686,44.470318
29119,60.574356
47898,73.03538
86388,47.82732
100259,70.75063
25668,57.916695
48509,64.60552
17366,58.37108
63991,58.490078
100528,58.07243
27299,78.5633
74367,30.608229
35579,41.787773
8470,28.002316
32785,71.66194
89832,30.3515
29223,37.411083
76819,63.111687
35319,33.59865
67683,49.524063
10462,27.05838
99150,28.062447
44618,40.9693
71516,41.934616
452,61.545345
32070,48.143524
85512,39.018833
40581,44.655132
70287,30.633726
102544,31.698074
35374,27.5694
31083,67.963905
63328,54.544395
79069,63.011784
82381,67.96976
82000,50.662483
17444,66.826355
75006,28.142609
1625,34.13723
15732,71.452576
85953,75.08891
12170,32.098835
65872,55.96389
61894,62.656063
37250,64.910904
95582,71.503296
23003,74.24413
43905,47.799156
60297,69.22042
17578,86.81681
20622,60.8388
42469,47.080685
84521,42.30399
58464,66.44501
3597,4.8365903
72504,58.22735
29935,62.356277
10116,55.622307
61776,62.70126
57839,28.131615
88219,42.640694
25064,47.050392
39513,36.910347
64340,71.79946
18742,11.045053
66223,64.24133
62850,35.73526
28207,25.04795
40526,68.6718
15675,58.3718
35341,72.023026
53141,45.344566
84607,27.789759
31501,22.51708
97590,77.66208
44023,64.807846
36759,72.6867
18375,62.73117
21506,69.46216
22575,53.678444
455,41.751373
91307,42.331097
52359,60.06272
29992,60.042934
48316,30.754833
97178,57.951416
86109,59.596222
26754,30.871038
13057,48.01803
71514,63.482723
48221,27.317337
29415,53.70899
47330,48.549133
89770,51.004284
94732,63.77966
21854,66.25991
39596,30.600607
86092,74.4703
64233,55.38604
6707,70.61701
78814,78.58717
92921,67.88405
14193,33.689926
3609,43.728485
77919,30.529734
32986,37.43356
18820,33.587692
44107,65.363266
17605,52.250404
34198,45.475315
23081,64.049225
62176,74.87781
1518,42.61495
35627,34.944855
96457,62.013638
89918,36.40364
31104,59.188667
30635,37.08628
100756,62.453884
102126,35.559826
44220,43.472588
8151,72.17684
51491,54.747353
87051,54.721664
102064,20.838787
35132,62.0621
85544,71.80356
1862,70.382774
72547,72.015396
4609,89.087425
67065,43.818073
11132,46.968327
85339,49.839355
63229,46.81646
94647,53.33389
83455,41.470604
83426,57.999
66470,45.500793
65669,71.15373
57896,51.602234
34420,11.010941
91764,40.788673
102281,34.761898
40432,53.402874
98977,67.20381
22628,45.109554
92800,27.921497
8675,53.617928
47199,68.25613
41078,52.764404
19695,30.8286
18070,45.00857
39482,78.47636
45065,59.34466
98251,36.207966
17289,37.90225
19934,59.5815
9613,57.35792
68870,32.98997
99778,47.5517
9883,73.503456
3296,68.36836
86826,63.623993
26206,60.747032
45821,47.442596
56965,57.5279
46920,70.319466
13746,46.094715
14868,32.197495
79773,75.67426
54097,14.066922
71196,41.530228
100249,75.41717
20072,35.019314
90728,41.566387
52102,59.959476
74490,63.055347
8408,35.116444
15067,48.195587
39798,51.168484
60048,48.969196
83248,58.025143
88686,42.60848
43133,66.84369
31403,65.34637
16834,74.53862
90112,58.571606
54038,44.661285
34403,53.217373
91436,75.3375
96135,70.45343
37827,45.829494
56531,72.512856
95916,71.60392
33480,54.661106
30845,44.420383
79388,31.119286
41312,48.600357
48060,48.336044
27162,60.903446
57264,57.001537
13098,41.865746
39589,57.439857
61008,39.4803
47089,57.22722
60353,25.440992
5900,62.0269
66676,10.275313
6469,69.007065
85917,71.56486
87704,24.303677
70145,23.755236
30943,44.179157
99732,31.107433
72283,62.394016
32564,45.27516
6356,52.33761
25941,60.760773
57142,39.19976
61388,28.455698
12718,49.96158
15043,26.632576
68526,72.95429
9591,62.08248
17682,32.762066
20350,67.58044
89910,69.63676
65826,63.76711
85088,33.638268
34483,75.28354
84180,44.224857
59576,37.773506
55966,62.90128
18007,55.66905
86346,47.17803
79880,74.363396
45518,49.605946
55165,66.37075
58700,28.492086
71706,32.05417
23078,48.866356
5087,63.79144
94829,53.175335
73932,21.13766
83640,57.060776
66612,76.3133
94205,82.89927
12296,52.7286
52798,27.862074
99200,30.3186
45384,43.92139
95283,50.542355
42204,57.615517
88726,25.731304
96480,79.71339
66870,62.486595
16406,37.260963
1062,42.1054
70332,54.966698
19742,53.69589
21111,76.03263
34769,62.09872
22842,48.340908
30137,28.803864
87363,31.044373
8650,69.24186
13708,55.010242
59063,50.336483
58276,26.356682
76904,27.22642
46445,57.421265
30302,64.01641
100980,49.749855
49108,73.67388
41241,34.862583
5680,62.856773
29965,29.542028
88144,42.944138
87500,38.69847
73360,59.522415
100316,55.92919
63608,37.68128
63567,61.13122
17161,61.65207
2590,60.735485
7919,39.893635
99375,59.142216
99299,74.04023
23630,24.034773
407,24.928566
17719,64.775734
7343,48.522053
40481,30.419113
84424,55.54362
95827,12.52356
44848,68.58327
19167,70.68887
63970,29.11709
97377,39.046135
62196,76.59968
86464,73.4367
94468,72.188095
91423,40.071915
88647,22.335632
317,54.991
81066,22.509144
18410,99.38216
95287,46.228825
62919,63.35044
38879,60.31775
8207,37.255123
26307,50.93636
20943,44.184513
53299,75.72113
51425,52.25477
23662,41.487106
80520,66.14997
8090,56.58144
43706,59.976135
27994,67.23174
39168,42.525173
62839,75.211296
83696,53.281208
90637,41.969112
78069,62.52278
68153,27.40304
5392,57.897366
26744,42.98293
57414,59.593
57561,29.70541
55106,59.300575
76352,47.665306
79885,24.083406
40188,36.560425
49298,23.681879
86049,35.308983
31401,60.560112
84610,54.861835
85508,55.738625
89128,74.45264
58432,57.405685
69636,41.14785
61674,48.687748
94488,57.126823
3626,63.93558
19281,62.933548
72049,40.130783
85164,45.637383
48216,52.56961
37808,68.65106
43359,33.582687
60675,65.24013
52113,76.19616
47830,45.317657
99157,60.40216
1012,67.099976
10581,69.624855
34333,39.085587
54115,16.717018
67553,29.54536
88080,47.002724
98557,25.544268
101902,67.03409
71221,9.901924
72193,70.86971
8032,65.35597
88116,70.25685
56289,55.124893
95159,32.4641
10195,58.979668
1620,13.151462
53001,69.42935
926,35.24182
76290,40.471874
16650,50.92815
39737,70.73395
1926,55.801987
81097,15.51638
14258,54.564697
33035,71.11514
99228,87.66903
40609,52.071297
87484,25.348385
36755,45.123432
1248,61.234673
92100,68.350365
84331,29.067709
61605,15.811231
33749,65.11643
53469,49.945763
18391,51.55916
57426,48.86358
77444,34.654064
54878,39.605545
31675,25.677536
99312,76.90329
97996,66.65811
95770,56.926357
85059,36.26107
5985,37.59657
51465,63.906258
35144,38.496113
33390,21.779747
88366,63.391636
34364,57.856327
55239,54.345345
99816,46.69315
17546,95.07946
7833,43.958237
69664,61.06424
85578,67.1705
36489,3.4896965
61137,74.99729
23842,35.988964
61511,57.04783
48807,51.769894
1192,37.937428
63628,19.724674
11383,45.89299
85497,24.346266
3043,63.62154
15364,49.04233
47407,47.48169
50421,51.68915
45990,59.7105
56882,69.95993
67276,53.515858
97062,42.978104
59954,55.94353
14906,60.074238
22519,61.232758
3801,31.780186
4523,54.9067
50150,44.11528
86240,52.744995
73111,60.4104
90354,54.88558
21469,78.82385
85978,22.299644
36698,35.37236
45761,49.076767
64112,12.932629
63234,62.520485
23994,52.554977
63648,69.66407
53249,30.722101
18758,21.980856
85050,49.282867
48440,36.092518
67791,50.239586
18924,58.52284
76419,79.39652
31179,69.901474
88387,73.42247
87240,30.7861
6417,41.77977
90091,48.032715
39967,29.402143
19492,69.5072
15745,66.653366
41829,33.185047
4276,34.566868
55621,41.767574
46194,40.653557
34114,52.44792
63700,29.983742
98786,32.251003
84316,32.998024
31175,60.86356
25437,67.74065
73036,37.75661
94543,33.705368
57198,64.33243
34067,39.194096
60025,77.2703
1705,50.976177
11061,20.391924
4711,63.888496
68347,62.965496
53326,41.090485
21441,44.487
9359,39.0867
75236,74.320335
4844,34.545902
5578,54.09199
97777,31.105942
80253,64.72546
75298,67.83638
73495,78.0515
59708,29.351126
21503,56.65909
95525,36.450012
53409,30.55616
28592,59.174713
22076,63.72391
61609,55.421757
73081,41.573498
44158,56.98469
85458,69.52459
58361,30.504305
49907,52.233494
64029,18.114634
98730,49.751938
60439,36.19833
8130,55.090874
93625,44.623318
5519,22.123934
36858,17.80635
15883,26.046757
22069,77.65854
90829,77.666824
60075,49.723156
91097,63.454926
32583,48.0478
102038,56.43548
26560,64.971306
25609,61.451153
38845,41.24039
68566,44.840157
16038,32.585804
53584,47.270996
83759,51.62155
29102,71.91096
60977,63.23379
67874,36.9105
28764,52.642296
90667,52.852093
34484,46.977238
39246,50.470543
79402,71.329506
25533,58.68226
29723,34.696445
65912,43.624676
36450,83.624054
11219,84.20912
66863,24.6611
71105,70.27119
2341,65.92754
87791,75.891
75522,50.36675
78108,62.862484
39835,60.999825
89377,57.396175
95542,75.450134
1162,58.459934
73603,70.1224
94171,42.568382
78235,55.193142
21408,40.595543
6120,76.75978
33638,56.074207
67184,25.317535
75407,34.56881
35467,34.705982
31889,35.859524
55463,35.7715
74554,13.706758
58279,19.878172
70661,38.00312
8475,39.922318
27820,56.588486
52048,56.67059
83350,36.407215
34624,31.44648
99045,43.783463
57991,23.7332
91623,57.683937
100652,58.14918
3979,33.81351
91961,73.69107
53443,29.151482
51355,65.39242
44856,52.55349
51713,56.05936
81922,30.468954
72924,56.80357
59127,56.903255
27708,70.741325
14484,9.542904
13188,75.362404
75813,37.419613
34413,66.46033
8478,57.941967
94525,41.084496
90182,56.29168
42554,45.984745
68690,95.41284
73345,31.17032
79808,46.057476
99140,70.113625
84181,49.22466
24966,66.54424
58858,39.8063
43031,52.201424
18003,68.9621
72601,54.549572
34223,37.269886
57669,51.864902
38472,74.09377
94140,40.647587
78779,30.130322
40584,36.26107
57675,47.869854
59810,59.557358
72124,69.185684
69980,71.03869
14769,66.0921
13683,27.48526
56022,55.533703
71569,59.36492
67667,37.53343
68050,66.19694
39664,19.001993
33607,35.189148
11772,73.54908
4010,71.53388
55761,30.201216
101074,56.1485
26576,76.04422
93258,29.853994
4315,35.44209
82225,70.79737
48446,26.70035
33602,60.858673
71976,28.556864
69460,45.58888
17336,61.757492
80447,55.507175
65691,45.3156
102372,76.71715
26753,42.052223
35209,26.26727
42524,63.7314
5681,36.021458
58354,78.44724
71571,79.90199
6395,34.22264
44386,65.8933
68344,56.66491
9530,38.14323
68440,52.178185
27292,54.174656
85047,61.36299
67817,70.36392
13656,60.187656
32600,63.798813
44663,61.63615
100326,69.855156
9831,52.679874
28202,61.693016
4833,31.436329
4179,50.197727
2401,23.895618
23226,56.755253
97103,24.72857
18631,66.47593
85279,70.67761
99425,36.589146
72201,10.367155
30119,62.078274
49837,47.04412
84093,66.154816
57645,26.97261
80594,69.810936
14077,69.629135
24294,35.666653
2099,41.489216
59391,70.22637
97925,68.667244
52936,65.60882
75629,44.58514
90707,65.15036
36871,26.306913
44192,39.578175
47349,46.902832
2034,47.309845
4242,67.80414
27266,61.853077
5902,47.932728
57988,51.1884
32007,69.84862
9813,50.85339
88202,59.38427
66051,59.790306
10798,61.52968
33775,49.783863
55741,72.44692
96846,57.24122
99538,53.808643
94682,61.839817
70895,29.244297
70418,56.112896
13280,72.485435
55923,89.238174
4544,71.98648
60522,46.516094
19869,65.60345
69412,45.326733
50393,67.73508
68912,52.045742
34233,70.54464
51613,34.545307
22034,48.71339
99207,59.490913
80076,62.374756
62024,75.718704
36684,46.815845
3161,67.28786
31879,67.22448
94391,50.21103
43586,68.02598
79954,67.75186
46422,75.030426
71751,68.76551
1815,40.8419
71490,61.53774
16232,64.16399
1040,55.6934
60068,69.86276
39169,28.18597
94891,76.17333
53094,71.806435
67009,66.50803
36752,61.131622
44372,59.678425
54813,76.61789
66682,29.54788
13277,62.831696
90976,21.85625
84462,57.995045
95096,76.97336
59291,44.37326
82260,61.61759
65891,61.95025
69989,38.651035
54801,74.402565
16262,56.287548
35700,47.4052
58863,41.14639
39688,43.849777
78722,43.5118
36563,35.57373
47019,66.22087
48082,28.716572
15492,59.816944
74982,27.146856
41279,63.470753
16453,33.16731
81368,51.982086
29925,33.59004
44212,65.34575
101942,45.147766
88594,45.867977
55830,51.672012
25674,59.36651
79149,33.781628
44244,36.052982
40898,63.99778
44774,63.09375
68534,48.95128
16730,44.16402
43614,80.538574
33183,69.1396
47848,73.30789
56416,51.63297
46458,19.921534
4229,57.38832
27926,43.99441
23325,66.907
49472,65.31179
1306,57.83174
97762,32.307613
48467,48.60447
19244,45.173725
101903,39.595432
86173,68.89646
27594,17.48593
71173,46.331795
49216,34.86407
46169,42.060463
58751,23.516813
62795,59.985065
57916,65.10736
15408,65.67367
45360,54.934963
33275,46.88775
73331,34.05913
30813,34.706776
15502,33.812443
93716,24.44555
11214,53.248642
87270,44.472
20471,81.62556
61848,38.09121
60791,36.957233
61802,51.04629
65465,43.612793
26027,65.456985
41067,49.69791
22677,50.019295
12651,50.26394
5301,50.395832
19531,53.06281
4773,63.574947
54667,67.40539
52728,29.291576
12917,40.713192
71245,53.101097
60555,66.98005
63577,32.005413
44186,77.72623
34757,51.861126
4597,60.662045
7895,50.095917
3131,68.44995
65145,41.720566
58850,28.050854
71257,64.64894
44493,48.39837
97335,36.482224
78609,81.71468
51926,70.089066
96819,41.481377
102261,35.087906
57547,33.43227
53794,38.95397
74056,47.56484
18213,39.446804
17492,82.21403
1545,45.479668
9282,57.373905
80556,35.937244
171,45.64895
8223,40.169773
95496,54.31996
15764,66.96044
23976,51.42575
97050,60.290462
85817,59.048058
56464,52.28143
69862,69.29567
17104,32.994656
93169,53.677338
62370,37.861526
24061,72.73745
18373,41.932785
35696,64.978165
81948,35.895668
76631,75.02297
78971,61.429527
7545,41.14139
76435,66.70656
75478,49.610874
6248,62.617508
90680,49.185875
20746,26.60145
47269,68.60458
80846,25.507162
31313,59.056812
14376,56.457348
81621,70.686226
26601,77.32262
64370,44.113796
10162,44.403183
8424,37.44077
11220,62.44779
48804,21.372902
61305,46.615303
1796,61.159283
41419,67.40149
50673,60.262474
72053,51.657803
91087,49.903492
33584,3.57477
26720,53.24656
54713,39.515224
67681,70.264404
2138,57.849575
29871,32.197975
59969,40.488937
63178,60.817986
65667,48.250534
995,16.304907
26341,41.556374
39161,28.471365
35659,65.3909
14346,54.816833
85629,44.268776
76618,67.16987
100136,32.101048
96748,72.53491
54835,31.409046
67182,65.82978
23990,61.37398
55129,76.719986
8392,75.23748
35114,29.514866
76168,71.5928
13700,52.69871
36029,41.812122
35730,35.607697
31898,16.349085
52011,42.799183
21171,50.891693
9349,43.36033
61629,73.46102
94329,27.863356
37215,49.877712
19507,48.54821
52432,54.31828
8538,37.576168
47053,68.03249
65675,60.66145
41588,41.186653
78086,38.14167
28433,45.342236
19581,36.265663
12424,82.86038
60072,31.154264
24206,35.75953
60938,46.580544
47389,30.81844
61790,39.505318
7626,40.190372
1243,67.12151
97864,33.02808
40862,44.34735
101493,38.469395
19905,55.919746
39878,70.289635
76674,60.062725
28733,40.799843
100378,24.126995
27578,34.587
22134,77.73289
30388,65.29727
96920,60.12168
56613,51.61341
12410,76.69462
69826,28.90337
34187,63.05909
2239,37.600925
53902,44.263943
55663,68.895386
54578,74.170235
76842,0.0
24600,51.137638
24913,53.78747
8608,68.28139
12415,54.143497
755,63.303875
31800,40.14998
79706,14.934573
23007,59.79129
90633,34.127277
14444,23.729065
76055,31.670122
33196,37.096252
47421,44.849384
100773,52.67247
14822,35.237244
20486,66.22785
74730,52.532543
51316,65.39353
25843,44.977108
73844,61.439606
93149,51.863464
33475,70.8056
87222,48.40058
82097,28.796051
65610,21.365767
9536,28.220541
25024,55.83517
66608,70.384926
69059,42.135456
38202,63.52063
32220,48.301586
101556,60.818237
33844,53.551685
75075,71.815285
45615,72.15444
101891,56.526814
12904,59.94944
58405,65.64126
93974,59.45067
77019,55.590275
74027,50.62554
33619,75.45024
60386,19.721165
68637,54.738632
78272,39.85028
14373,69.25074
25119,31.37371
61144,66.59591
61422,34.184364
18842,9.81375
51997,29.866415
10081,48.516468
4413,17.623432
10590,51.779892
88315,37.48582
91998,52.862682
95056,59.602497
50215,51.312534
73215,60.20357
71908,47.733337
77329,67.85526
48968,41.196968
91486,35.960003
67254,46.458992
45419,48.824726
98450,64.68258
29298,33.02879
79028,65.59844
25290,55.467808
3062,29.853182
23548,28.280058
75696,20.32258
42429,37.669712
93335,68.75625
23296,59.856136
66305,70.74407
75605,37.672745
17186,54.258404
92483,41.439014
73949,69.77677
11199,60.195568
77687,63.422333
30454,53.102524
66176,47.856403
52338,15.905762
93959,44.538406
60125,40.44686
96045,67.08072
28351,66.44764
33255,75.334724
67673,38.363113
75594,61.893944
48220,47.01621
14384,15.759181
101243,77.415085
93521,54.56185
58096,19.661865
79815,71.4337
69478,16.23652
60756,57.708576
66714,39.54585
40952,28.558132
34767,23.76334
32017,61.66034
15912,69.29547
39812,60.594296
17635,37.66057
82317,6.161962
55824,52.042377
49145,40.521877
17828,42.697662
28002,70.894196
18560,64.704056
57648,63.638508
68563,57.60703
56934,29.655682
17297,36.535824
37945,67.552536
62612,51.824944
16839,65.50059
28105,64.14819
83663,56.422306
28168,41.25182
28231,83.090164
46085,52.96425
37805,65.66516
21766,65.205154
2302,57.371826
35265,34.73848
50240,30.692196
80862,58.584927
5924,19.574377
75239,82.492836
9682,51.719063
49666,11.526905
88278,67.52629
80585,52.46459
92228,80.24017
90513,63.532986
98933,29.137114
85226,50.08086
77557,44.308002
88043,53.932144
15455,39.926296
80876,69.00459
79394,36.786774
74049,53.528362
30638,47.173367
32945,58.953133
21601,32.87441
96493,69.00865
47411,57.812008
82648,42.301296
81859,65.14043
45771,39.50746
43560,40.827896
47316,45.918602
101158,49.40314
56472,28.15195
65848,76.52795
55540,48.96911
72323,29.83042
19730,44.202026
80918,43.940994
81287,56.06238
70994,68.23897
95268,67.18108
10161,83.584465
57209,53.19545
53340,58.03062
15597,52.598248
604,37.58572
36352,70.13587
98089,73.70939
32379,35.726696
35727,75.13094
29681,64.183975
82259,70.69113
25690,64.74829
65820,57.37366
58798,69.5609
90988,63.46656
52216,63.208897
46067,43.30004
23979,82.60129
8247,48.8679
95506,75.62642
63160,54.65943
82007,61.269985
8366,69.00875
44811,64.56976
5620,47.123493
14954,69.307175
53152,34.68697
22454,44.18727
49158,63.413788
38774,54.34044
102462,40.800694
69579,63.124043
74543,52.510944
88178,37.895885
19420,6.9903765
51001,67.262695
38424,77.06244
99260,16.214617
79625,52.856144
95039,70.23136
52328,45.08581
9037,48.80489
24512,70.89043
46264,28.475851
12712,66.968285
44841,69.74096
10101,77.45635
3855,43.423214
48430,63.59994
50320,65.11844
34004,69.21487
54610,76.30062
59308,63.949593
19536,59.14163
30130,41.827694
21901,56.09825
48794,52.93559
37693,49.516293
96961,23.841969
43691,71.35782
50692,27.690243
9730,58.374165
25576,68.08945
45822,28.93681
47121,50.203205
64764,56.39
39191,24.76167
57570,62.364258
11334,30.62507
93765,48.70608
34095,55.166237
18208,33.176434
32224,73.58638
78242,70.72753
10228,11.632821
62701,11.117286
12118,49.816227
100566,70.63405
50749,46.89641
21640,45.259808
23090,64.14586
29661,52.282806
44581,47.955246
69306,53.62121
36102,70.42549
45160,39.026672
70462,40.661613
28157,27.420952
101810,60.14606
71159,37.640694
82136,34.557316
69824,74.21566
53784,57.945854
71701,60.452797
74025,60.70574
29060,18.212093
16560,59.66231
81759,39.398705
46114,58.30521
50261,27.86862
52377,69.79479
7781,39.087128
30189,54.60145
96767,55.227497
6139,69.892235
51138,40.944313
19864,53.584354
88211,47.048016
19588,75.528854
100539,50.357986
34583,40.597168
89296,62.815132
4363,26.901453
71531,39.643646
74424,50.778614
26019,75.26227
94754,30.118729
42793,47.38039
95504,72.01538
22305,45.113293
13722,75.65351
14309,30.050861
85660,51.96745
85782,33.931446
95205,25.870682
95116,28.420914
79357,39.233143
26488,28.726807
53271,36.231293
30665,55.152084
75858,73.55867
41649,24.46603
88490,46.13134
56733,54.694405
93051,66.443695
51900,28.992188
20667,63.544228
96841,72.18446
70662,18.932022
4631,27.593924
68730,45.22127
56869,63.8174
56206,58.129837
29592,66.84901
101350,61.079514
48175,40.838886
93973,47.01788
46963,55.228165
87812,58.594063
23674,48.096714
52182,58.56768
66204,27.989182
91075,40.67505
23113,66.62995
86097,74.49848
12680,43.201607
77408,27.433483
6046,62.232063
59539,55.689495
38596,35.019394
31937,44.286015
37982,28.70269
77209,61.94357
98091,63.203808
72282,42.952374
29134,79.25446
13987,66.09211
97136,56.529343
38703,68.29719
82222,70.16824
36172,75.841385
91178,55.6391
60455,60.056774
97786,59.647484
75238,69.3677
8597,36.32573
95851,59.28357
49884,25.10697
34091,59.18019
14803,56.43047
26294,52.073853
1884,39.79446
62382,5.7684493
84999,68.913925
11758,35.87747
60674,63.159164
76509,50.706295
29347,66.96259
52966,79.34925
97920,43.334072
169,50.511135
7955,35.96084
14978,76.10036
61138,71.78425
95047,73.480225
40990,45.25115
2342,33.536545
25496,41.639977
86463,64.279366
42830,35.767563
24457,54.69661
57394,29.492813
54456,74.21112
74846,38.746746
20427,54.572792
4175,44.671356
42108,67.48241
75717,66.78746
86231,17.280634
56889,43.6777
4191,46.44611
62205,56.002693
6270,69.99514
9244,33.09637
33576,17.831726
12757,35.649914
75811,44.510624
35200,27.922583
102634,68.630066
82880,20.610863
89114,23.75124
97874,22.996367
101690,52.587616
8759,42.12356
42798,68.96702
59001,42.70238
13978,63.82428
69923,40.372906
40243,70.02462
92740,59.897633
68223,23.668262
78470,55.100178
10254,71.14523
49185,70.15773
30124,58.577667
70146,63.92523
34438,61.2688
40022,34.82913
69995,70.59882
3061,38.060127
8494,70.21879
46138,53.002106
26946,57.843494
17826,38.005867
59387,48.12544
86771,68.52292
13672,70.52642
19174,26.781889
28762,67.459564
86191,69.58533
70316,51.352364
21004,37.45609
47206,39.11497
50219,68.12296
20863,76.79421
100569,28.74719
101927,82.26174
922,54.287254
69503,45.708305
77180,64.87282
23288,47.187088
52541,70.46263
21555,68.30339
92493,78.76288
53839,54.116024
23774,59.361397
73923,73.5368
56149,48.445553
46467,38.343533
37294,68.43453
102645,65.88059
69782,10.933963
71424,72.18225
99058,56.978733
14437,32.5105
16609,35.62683
64804,60.693356
99019,10.273163
40892,67.57609
92457,44.813614
82147,57.538452
81171,56.524017
194,44.891037
58980,39.856976
22509,36.601433
82827,85.653656
25037,56.033825
7013,51.787052
45773,32.221676
100503,46.90172
39209,74.400764
97094,25.148647
84956,77.801094
82218,64.01902
42166,49.009396
69213,59.892845
12019,68.70638
15942,77.96131
42906,35.407856
61519,60.259872
58497,72.74248
84949,25.692816
26492,50.94444
49846,69.39594
43287,65.91694
54355,48.642136
55019,52.268692
68560,61.133488
31794,84.85985
6232,72.98589
17677,59.863285
51423,55.673798
56021,34.965122
667,51.569256
39719,36.06827
57022,23.720835
3638,60.23004
40478,68.61089
87203,47.446823
30530,60.706577
10144,53.787277
92787,66.29358
45314,53.24631
19892,53.513477
64907,9.566897
63655,47.514225
94136,28.717688
86455,33.2492
9023,61.101124
70506,72.22212
63127,35.798454
72008,28.103567
84636,29.510317
11528,60.781055
55470,20.96957
23665,42.24952
77308,62.68996
57964,46.09564
102395,63.782425
26752,38.789993
74663,37.633865
24481,33.938805
20271,64.309715
68536,46.192093
47037,47.557705
31367,67.53404
31715,62.6393
32714,42.526497
55204,52.050945
101156,32.374607
71358,29.889774
71214,53.2802
7773,48.40367
83997,46.30955
70689,64.42095
2813,72.753075
54998,58.07922
53433,58.424168
57067,77.33398
80098,26.582872
20246,54.062607
4826,20.977392
43791,31.524977
1499,71.38034
51937,71.10581
38781,56.65573
52293,35.60576
73794,33.039276
53922,45.38123
8112,82.925995
27321,61.863792
77383,42.170074
39612,78.14137
57494,38.764057
101710,41.447075
37656,32.759445
19127,58.448242
1668,62.295395
80783,65.60356
20503,16.281038
32686,59.105034
38861,67.17867
20916,48.841053
93990,29.60529
33237,18.81267
80031,30.709015
33397,35.724564
66069,51.3438
100437,49.21811
55413,54.344517
7089,33.0759
22464,72.15003
81128,57.930515
95051,34.71541
12283,50.4237
58622,32.627857
59744,89.76956
36825,72.59659
72659,51.92318
15347,51.42305
77251,42.13432
26498,65.93819
49776,67.985435
67900,63.49213
94534,44.74815
14695,46.953102
46028,64.63431
81901,51.587845
73582,32.43384
19774,49.188488
35825,65.45183
24844,71.503334
70540,66.41917
50229,60.764038
94990,64.3785
90737,64.87933
51468,31.979408
80866,29.332272
56291,50.849705
76956,45.811287
3411,67.358505
14138,66.85086
63058,38.470917
53157,70.89735
48938,55.40832
29385,65.25719
66753,38.685875
97828,47.877026
6267,61.98355
8285,43.307068
38644,33.456367
79570,59.512123
49201,53.856823
25522,34.165024
70697,53.149612
10481,61.73713
22044,25.880941
6877,42.569942
97371,59.26762
31289,46.741066
17994,50.622192
45643,47.217644
76100,47.10377
73242,46.496677
4936,38.574932
24655,68.154854
54266,66.67956
93280,46.92489
21440,53.81388
56305,77.69886
96785,58.38769
16317,32.751736
78495,38.148426
29817,26.53252
50180,36.279724
34347,58.683044
64484,14.848427
81235,30.37172
26849,65.321754
85674,70.06739
57760,68.20095
70061,75.98803
48254,54.241566
93351,32.301865
16370,24.882767
53233,66.39196
1479,40.598324
57800,42.9235
38962,70.40865
25661,69.40776
21133,15.743316
102661,41.949387
1024,78.09441
44957,37.284748
640,49.848286
22985,0.0
28559,17.810705
9174,40.5741
26695,83.92616
37241,49.360233
96526,52.610813
80182,40.904823
14183,35.50793
74838,29.779959
96880,50.09263
28233,52.076622
90027,57.615665
69537,73.36822
96028,75.37945
21666,42.09565
69561,51.921047
98366,12.732311
17160,58.100925
78746,71.401665
82414,79.86126
79955,21.006948
74101,37.03974
9800,75.021484
90529,77.879265
32717,55.096478
82356,53.90686
33192,77.23504
53000,30.677488
25270,51.434315
74005,34.34852
37372,27.671978
68332,40.032623
67470,44.37312
36292,36.79859
27347,22.274014
30359,62.669376
45417,1.3288128
78368,44.280533
18402,69.54987
88874,33.077442
90887,54.914787
63671,69.930916
33532,63.748684
12106,54.222267
93827,56.565
46225,34.519104
81424,51.902733
85749,53.412926
83321,66.17756
50471,28.833925
48847,12.428233
11017,42.444298
72594,74.90788
21195,50.292416
101324,55.52104
66201,42.901726
49588,54.797688
60818,26.700312
75949,72.56518
5449,18.578754
63080,55.499737
39807,34.64512
11750,46.263657
63337,63.087177
40019,46.329777
25789,50.362267
44653,63.05763
93680,38.288685
18351,41.56092
88846,50.534348
63183,55.01071
8343,45.628307
50377,58.14331
507,67.19213
14545,71.10839
4353,67.31029
90221,67.225494
63824,46.71723
35694,57.079113
40069,45.75261
25272,58.727665
21540,66.98273
30457,63.4799
11389,65.04426
66100,42.172466
49688,56.511303
477,41.444134
36948,45.068428
95213,27.683517
83518,99.13208
98970,68.54809
58300,49.90146
78553,44.031296
70794,42.708984
32772,66.54613
88903,42.36753
62819,66.95265
42238,31.652039
49880,11.041986
71636,49.42733
69673,70.54704
76154,48.64373
78082,48.188072
66306,51.858387
93552,33.3906
27378,69.15835
70192,40.89145
87777,72.54022
86478,38.494526
8863,56.008484
21842,54.865112
69885,43.94586
29960,34.60179
54975,30.279863
25392,39.825207
49643,17.104912
86996,34.126965
20608,34.210342
27700,66.601685
37082,70.500305
3699,66.77169
5627,42.629776
83060,58.26361
37454,34.69201
62492,19.174839
21434,42.682674
22233,11.779579
59365,49.005478
5914,71.45661
33279,38.30304
87534,65.081505
14860,44.881065
79247,65.61439
46681,54.460835
79890,57.344353
86305,38.386444
95874,26.274712
52591,43.40775
87116,64.75909
31245,35.095577
59953,47.331387
100029,65.43037
89577,54.729763
102391,30.516476
74975,70.662384
60877,58.389656
88130,69.65268
52772,70.74323
37889,42.26866
35883,40.74213
74742,12.073332
75663,40.38474
14375,74.54377
82520,48.991684
6911,62.02702
76017,62.050224
32316,62.503548
68964,55.962925
100753,65.60247
56323,60.17092
74257,62.802876
101488,32.17817
66479,63.242355
68119,55.909023
64117,73.58411
38635,30.044695
51583,68.153046
81777,41.82572
85122,25.342598
8711,47.181904
13183,65.85977
12663,46.28957
79841,31.530624
29403,57.298492
31184,27.691044
3381,73.160034
58151,77.76777
72543,71.768265
21535,59.503883
26889,41.53752
82209,51.588467
51689,71.3414
91791,37.830425
29439,59.24795
10252,48.012638
5986,28.741438
24917,24.591137
99955,58.802944
86089,52.16375
37721,24.438389
11767,50.01385
45504,25.799568
39652,34.014374
27724,59.533554
40672,34.532562
54542,60.201347
78179,48.928665
86747,72.92751
202,58.75596
82900,51.169914
48423,64.07515
10860,60.085102
48505,57.899563
73191,66.88117
57722,46.82455
34462,41.50056
27118,45.77064
41258,58.457916
84619,51.97263
50226,55.577923
4372,34.347622
50141,23.194967
60837,70.71457
34545,56.83727
95527,74.188675
98147,60.769463
33906,35.0401
9315,57.779816
32029,60.06568
66455,51.310604
44010,40.67352
47250,43.696236
33083,49.94923
60505,33.88728
44604,58.90447
80165,57.714493
100073,63.606956
51553,38.707726
39181,64.55097
92785,72.62571
96695,70.37251
27811,43.495712
101983,67.82508
92467,37.84799
17281,51.19987
93805,44.523327
30620,51.440796
85526,37.73976
67419,33.168823
49864,75.77272
77906,49.807915
89458,41.505672
49082,38.968
24697,53.47766
39931,39.14781
24633,56.74205
31450,56.487793
83026,9.60571
57151,56.213657
7805,44.022892
51897,72.07274
91550,59.9083
44491,63.960754
53603,71.10725
8959,34.455776
11806,45.780872
45403,63.69889
79914,36.103764
92645,59.8622
46240,69.142845
53174,72.85909
60714,45.89866
37489,62.705746
74962,53.94275
87475,60.608635
79971,64.02144
67809,62.938
10403,51.720467
7946,59.76915
89202,40.61471
54178,25.229918
75919,34.050415
70089,23.989721
65431,70.89345
84407,60.71269
23729,46.41377
7893,25.322145
59543,60.08139
52272,49.475555
56384,47.926144
101392,60.269623
21495,58.92624
101165,63.220932
99601,36.690964
24075,41.7989
50097,65.49856
14452,63.204315
1469,56.609787
36543,59.127068
18304,64.66064
89923,12.281953
34131,62.226254
13127,46.458786
57472,69.71626
96549,48.882294
61599,61.049328
60584,64.98107
28011,61.65329
90873,40.68255
11524,21.090506
7823,39.38687
99077,53.11576
74480,48.142727
59900,50.628147
33513,36.472294
42344,56.464607
38977,83.89376
47264,68.0497
21113,17.284903
34614,59.525513
48490,47.31671
89902,64.396126
65427,59.84445
18426,63.478855
30690,75.189995
83420,76.97916
9876,71.31708
92140,69.897514
96377,63.852478
71067,49.89936
32666,48.25731
76265,74.61546
100167,21.892715
72271,61.921833
92768,45.501633
15244,47.64652
97029,51.97708
89466,39.135796
96324,29.960209
82547,59.098495
54785,46.29655
4577,72.72026
22074,55.18318
99569,64.378685
53232,63.892952
42659,61.21051
39024,34.08319
29516,48.018353
25583,70.94651
11835,34.67799
85234,52.1231
20053,60.663326
89826,49.674274
6785,75.485016
101478,65.500465
90686,63.489193
23540,72.000656
62866,50.710194
29732,11.279673
93063,67.43192
18328,72.032776
81425,36.211487
87906,24.249819
73390,39.959927
92620,22.33963
64797,24.892975
10350,55.18125
3681,44.414013
38217,55.325226
84246,68.339325
69986,63.064983
99512,65.50954
80351,58.947002
50376,36.99657
64745,63.177425
5333,32.242252
71855,33.611492
63196,70.29159
78852,71.99382
14540,29.082493
92281,44.665333
43319,32.80182
53183,61.103386
99914,48.46969
53765,35.853443
9281,72.593155
9142,43.232693
48123,60.351368
77655,71.27612
96937,57.498505
63421,36.825962
78104,73.40931
11101,64.432785
32080,71.031906
9193,65.75691
76304,72.18852
77956,53.37236
102612,60.123432
44438,56.56705
94486,31.286896
18852,20.890606
86801,31.94604
15957,38.899254
1407,39.31738
69772,32.72452
3201,67.55269
68052,74.43677
47817,22.629068
30947,65.358025
54285,65.33084
50550,34.241783
67895,18.916628
97507,66.88209
73037,27.40533
93645,69.929756
13597,30.864174
4802,49.606575
8875,53.56389
74764,62.31097
11638,41.7713
2250,36.133636
73073,47.15996
76905,68.06531
31237,55.41118
54137,57.579197
44824,55.473564
83494,45.29432
97079,26.414782
24569,55.061687
7038,65.14914
38228,56.05901
11268,30.544209
86987,33.798138
56006,9.178888
43812,35.499275
37510,52.26211
28172,50.97411
27530,45.03133
25927,31.513765
23137,62.00773
39977,65.11397
44726,77.36837
74120,20.648369
96181,67.941216
154,48.93126
79370,29.386402
78623,32.31998
62910,63.253582
25717,61.454636
31328,65.61305
94316,61.004868
89965,62.75333
5894,50.607883
34400,55.751617
72280,75.200676
40339,56.10537
69755,33.886337
35032,55.334717
42823,67.31647
98740,13.1119995
96562,50.89646
99370,34.418076
9989,59.558983
101209,49.096474
66288,20.824787
41267,47.229813
96081,46.369213
24800,62.41538
19312,66.95069
46014,62.52968
37766,27.402334
275,62.721813
7918,66.74293
65160,46.725327
78996,61.932995
70486,48.085876
47814,37.339798
52172,25.699133
73864,45.905163
67077,24.895123
27783,38.12609
66724,37.65157
11463,37.223804
70148,40.27712
21968,55.98073
55405,74.47649
82397,60.210583
15724,49.777996
58247,42.39483
5502,21.56269
29031,64.23461
43732,56.86575
12438,39.186924
87372,77.20577
12860,60.113052
13039,19.805561
72993,18.394129
8288,67.033646
26830,54.2398
29487,24.765524
74771,61.757206
95574,42.306877
34184,71.350746
66886,57.40325
11786,66.4202
40838,50.433517
93180,54.266212
86912,40.834763
52427,55.484695
84716,53.032413
2423,71.333
38695,60.41707
413,28.344149
62518,58.603745
38061,37.705353
92773,73.06129
35645,43.86406
37113,52.002968
27752,62.43077
71737,54.93702
23082,66.39138
8498,67.6799
15360,38.61695
25127,48.858257
36598,62.154846
62998,36.445786
12168,30.100288
11526,68.02968
24743,49.54117
15555,35.330597
10881,27.068613
69315,24.817905
3577,45.39666
23450,63.614197
39770,61.875607
33626,65.15866
24632,37.848648
15588,34.83447
76519,53.22904
18792,41.0154
27153,44.76218
46972,55.746994
42497,63.021194
27201,42.11427
101595,55.274773
62368,38.708424
72914,52.100243
23771,31.143162
100812,47.777504
97383,62.972065
86065,17.969116
67714,55.03967
45450,22.481182
33009,22.154327
69470,51.87401
22731,67.47453
65882,31.873262
45392,43.19514
47989,27.613953
42245,14.530896
81340,51.18187
2075,58.449608
15698,57.17882
98263,35.698555
54057,61.711487
2372,22.833948
26723,47.758564
87638,17.169819
46775,66.61339
1487,56.751575
53964,73.10085
80855,73.30337
70808,50.918007
71512,38.89305
34704,30.871422
65390,73.06077
93740,48.818943
87752,33.53717
73869,29.819546
32186,51.775642
97806,50.20572
49733,75.72077
11712,53.432915
45378,41.533108
5109,34.62761
81184,61.31297
102542,56.7854
64790,52.39224
86348,28.319359
41953,42.021763
67151,47.186375
40587,35.06038
94103,72.21834
34895,52.96772
33224,69.507225
63630,40.451454
13181,69.463905
18463,32.652637
39088,72.13978
34532,64.38308
39938,34.815193
357,41.400394
72322,38.041103
101343,73.7805
53711,51.994427
3,10.231729
31044,55.691883
30618,73.68377
11301,45.94929
15427,36.89081
56509,62.79285
22831,52.241215
54624,30.013992
79192,26.039797
100595,57.12141
67945,43.38262
72224,59.45333
91025,40.561424
92434,50.680023
17114,19.975773
3204,61.650726
87373,78.92817
27604,26.015099
1007,67.177216
41952,50.400585
57365,31.337103
28844,32.0719
66575,42.859447
35288,64.174675
53557,80.64081
83407,39.165836
7619,43.222797
9157,60.617683
28397,79.211914
30271,83.26212
17019,50.646236
13524,59.345993
33338,33.46763
9348,15.407886
31768,47.23633
22264,63.4989
55929,58.898354
85489,40.711197
62318,34.197376
97503,56.65788
58068,34.399094
99860,40.33326
6335,25.353851
32358,32.868664
50051,62.78956
73854,44.05122
59746,60.212616
2807,39.811653
66987,30.726557
89850,61.19213
8119,21.313929
42730,62.70218
76980,35.865124
24363,16.909184
40334,47.22153
71585,62.784145
73509,23.153118
19442,29.713396
14643,52.57392
88222,100.0
33507,69.071236
54615,15.470222
59283,70.354485
61929,41.37085
44395,52.431374
70613,50.866364
94745,73.946785
2489,48.355618
83116,67.05591
77430,46.921688
7693,20.411524
86469,69.530365
50762,64.131
88286,61.37458
71353,35.66143
36860,76.21382
82368,62.486137
62079,58.22191
86682,52.514164
10999,24.407297
66571,26.132248
3943,64.172035
97895,52.293697
54062,46.23611
2945,37.55698
70741,65.02886
63273,82.56759
37000,50.089996
86280,52.683033
60187,53.60858
18632,59.742348
7776,68.78286
9133,67.24837
508,56.96277
97182,55.769814
75762,47.579308
85258,46.226147
84276,65.83607
66698,78.16441
30621,30.445679
60546,29.939209
75559,35.252434
86926,54.073265
93937,69.4167
95895,68.61047
44942,55.542076
83675,67.34686
22944,24.160307
34702,51.259712
37747,39.320023
66976,48.142586
98368,68.93768
4964,56.1066
24203,37.414318
715,51.67373
27685,73.53754
97400,75.208275
57350,20.470697
15781,35.82411
32177,54.406128
19799,76.735886
37067,61.92241
55564,29.217672
69447,38.10867
61257,32.48157
30336,83.78932
52214,64.17228
59721,59.408443
85408,30.824839
42452,61.495544
52750,43.826664
56883,63.792477
14186,52.333965
34600,45.661568
12561,54.20905
47716,69.91794
48382,46.591183
99715,57.32618
31359,80.57651
70368,52.649956
15610,45.893265
95867,47.91655
55481,52.67505
11643,66.75737
73524,47.788643
80766,50.26922
27226,89.41299
67225,35.11633
71882,75.60433
6918,47.85798
97245,35.04412
7302,43.211487
52834,50.03526
38463,47.1577
56253,55.951668
98848,68.62055
21001,43.34752
26349,51.60464
41555,61.557045
97385,32.618614
60175,53.26393
3431,72.697205
14817,63.813076
51358,47.082024
15950,39.61502
48584,53.669373
55286,37.312916
84232,35.564747
73272,0.0
17503,37.205322
47271,14.021661
1124,69.102615
65956,45.13368
79160,59.422028
34676,68.41264
92550,59.19255
40808,57.75273
102639,51.110878
62045,63.288765
83046,77.564964
10099,27.865963
12758,77.25869
95357,48.1066
101670,28.095697
77194,64.13724
38464,62.04046
68465,55.30024
2215,52.00659
52812,42.112766
56928,69.8182
47131,67.914764
94445,69.687515
70799,52.235477
15367,43.76096
35184,55.403553
74094,22.892899
43468,41.123474
8565,37.539883
21926,63.313858
87739,40.807766
15337,28.092356
20946,73.20519
17869,45.128807
88964,69.2683
17094,39.8921
88604,51.80956
88427,71.25976
83012,36.732143
81550,51.263756
26699,62.713512
67212,53.056084
45559,56.678528
54312,66.53337
87385,66.27706
68801,50.431553
43134,74.55989
13367,55.210323
94192,64.81551
2276,29.151516
76740,69.0688
66941,71.549484
100370,73.73211
72821,32.83633
102104,36.441055
66704,54.397633
27736,52.010586
18125,28.743317
29396,49.04043
46828,54.117115
92597,28.751745
26990,89.59162
94949,34.21621
72279,50.300854
14693,54.269127
65537,72.4631
20366,47.521038
98796,29.399471
55650,47.314674
85516,62.097187
86499,77.77433
21703,58.334827
24227,64.08446
42454,62.876175
90479,52.64686
65653,71.36876
888,55.437122
43568,73.31068
67074,26.20749
72683,49.804344
101077,60.090733
63170,51.211456
5544,44.88583
45603,71.7986
102088,53.718445
68673,65.68816
44467,24.956661
2501,43.44016
37596,29.109396
58689,34.342285
2531,43.857967
65337,70.90382
102269,52.418106
11329,33.932957
2651,57.512085
73457,66.02875
32631,27.430897
74674,36.95908
102050,71.03815
10893,51.604473
89212,49.438805
90467,60.07623
65472,49.471584
92385,51.682484
42380,50.682697
83269,38.39548
58040,69.65805
16789,35.56427
24152,63.778355
37976,70.71752
64582,45.73067
65485,31.0644
15538,32.220985
29141,35.46415
97742,48.94522
70103,30.024078
2594,73.38782
33392,66.19877
4656,50.915146
69855,61.3693
2962,53.27009
100742,72.65209
33171,71.85953
56099,82.30378
93276,49.032307
58609,51.838825
89575,61.253258
67807,68.83072
100987,71.495735
40883,29.607986
73068,69.237434
67379,47.964314
16180,43.20778
35968,73.57016
79363,69.40024
40981,42.80635
23438,71.6536
5692,71.54578
15186,66.971375
35330,64.88796
1316,40.69931
47774,26.250494
67750,64.73354
72150,47.670315
17152,34.35884
75657,46.555717
521,18.202179
4064,43.160515
89847,19.21876
42590,60.550346
26309,64.929634
75009,31.628618
22915,65.855064
53418,32.13084
74905,40.74957
46411,29.907404
33466,72.15546
6008,59.678596
47658,46.30662
68729,58.452663
75044,49.49059
84926,30.261448
46093,37.096897
95743,32.06777
47813,35.09737
93735,45.99913
76536,24.297432
94367,41.54239
69129,31.313795
73262,62.228798
85448,60.756126
95488,49.74227
9239,14.365094
41575,36.07155
27636,67.30281
21864,56.599133
60753,59.38116
18588,67.28827
66826,50.896828
43462,60.532738
6912,37.740295
25642,58.77189
31542,64.74574
5026,62.829582
48236,67.48322
48603,50.026943
7097,65.903465
73898,73.69295
87758,56.614883
63846,31.051582
9379,49.627304
31174,24.239166
45668,57.332104
72427,65.04862
33138,56.52947
92125,14.888497
6224,43.253788
82824,41.914867
18851,56.251442
60167,65.06451
68921,28.777267
8125,62.452953
99429,52.344692
41362,61.364887
42856,52.97776
22444,31.597012
31361,31.769388
37199,66.65141
48750,80.447815
48258,48.057487
100522,31.810266
18330,45.229893
37463,20.452667
11114,63.541264
79530,42.788002
60619,77.26816
60137,69.5108
75150,60.553883
24709,57.55077
53717,21.6073
43396,85.27567
13264,46.737766
73330,50.70913
44944,36.941746
40615,18.888096
81418,69.80689
45413,30.463486
51194,31.32181
87596,41.778255
44057,46.680477
99631,42.63673
2175,45.775757
32886,49.10096
99989,68.3638
13041,21.94875
58731,39.440586
49769,33.33674
39032,61.839397
93093,51.97522
25552,71.73569
29251,42.552647
88696,67.67328
51292,58.26179
63148,46.792526
70422,43.362743
64375,75.590454
72195,53.80447
95288,73.522804
81702,34.016544
97841,67.99165
31945,69.13563
83220,66.922966
37086,43.371513
73060,46.693188
79466,42.779823
76480,44.779182
26072,30.366806
58166,82.72552
10533,51.284485
98271,60.74718
34701,66.3404
88900,49.20269
93273,27.568111
48955,50.993423
44003,58.496735
33866,18.72358
30910,31.27242
79843,43.27778
2272,61.10598
96344,45.25045
9758,59.117733
13959,25.445948
102362,59.53418
14572,53.94129
48842,23.440775
6791,78.37295
69135,81.44279
25296,36.473106
53374,64.524826
87875,70.999954
20557,77.58267
422,35.29052
8844,64.44784
33657,31.322432
64547,69.25978
66695,27.844654
55791,55.187275
71765,47.054043
100817,14.749895
32966,53.030052
55153,31.497322
98378,46.01374
81727,72.56849
69406,67.066345
81263,62.719288
34258,40.227604
87458,74.2488
34792,44.378345
15398,48.962753
74991,48.08974
69093,73.75033
93882,31.06818
39523,44.77781
71301,59.983013
74851,46.696987
32543,54.002823
100376,21.934544
11860,70.067825
31248,67.44756
71662,53.371525
4702,59.109917
36997,66.32588
65617,38.69861
26459,39.82909
88825,52.591896
75595,60.67467
24134,51.44347
24426,37.53539
34084,24.50987
29866,36.456604
101264,46.130245
19857,43.768192
12413,45.237114
414,54.506622
21205,67.06562
21420,20.556223
69265,42.375618
77856,43.26885
91219,37.297382
54836,55.394897
74292,45.5929
87895,65.27229
610,60.89309
24723,34.958504
101168,35.828773
73230,39.424835
38470,40.67456
29848,25.789192
63112,68.12521
66787,59.213173
74434,57.79725
87725,53.139523
33746,60.231003
12869,51.408188
47211,47.783333
1251,49.41594
45171,58.487972
88467,25.454569
26466,35.910984
83496,49.048523
58504,41.697895
83883,34.496033
16039,68.16784
20909,62.101345
2325,76.19325
83310,48.17313
19513,58.950146
62240,46.052048
3380,63.098583
92707,59.781704
14011,55.75732
53311,41.747284
49325,68.71725
8740,54.212143
14786,72.888626
29625,72.44975
8477,41.42845
101638,74.223114
88239,27.49959
52520,72.62677
92471,31.031946
45330,57.08218
98655,37.409462
39918,33.3753
55962,40.24822
41127,70.51306
48520,25.073458
62875,49.046795
62883,67.75183
80487,46.188297
52854,51.077354
93939,23.249739
6603,48.654488
31835,59.961437
20584,64.23065
43445,51.82563
6820,57.92104
60280,51.380207
70296,78.6928
91354,72.07778
92692,74.58777
34166,31.882662
63833,31.532238
48646,53.351547
15144,68.292305
1861,53.298187
58015,52.83247
74235,53.926216
38812,78.07557
70965,55.664345
64485,57.080353
38067,69.98448
54087,49.709057
86718,48.124535
45408,51.86781
41814,35.62657
10583,62.26441
96895,80.59726
25713,20.92581
88327,44.898853
45924,48.868546
16926,60.220997
33340,54.841324
78414,43.26989
88989,45.529484
15537,49.880203
97915,48.37901
87369,27.754435
2884,33.8768
25021,57.405518
75200,65.23726
28563,44.683052
19,57.974926
40489,76.70646
100094,60.077045
13218,28.34842
29217,56.863903
67761,20.045113
37019,67.07652
39511,44.287403
32015,31.552698
76398,55.888943
30531,35.902065
87460,37.617935
34718,25.644764
27438,20.871738
3716,26.25864
60510,57.903534
13279,19.856241
59351,79.649315
98732,58.23497
36150,71.69623
82187,63.672886
1050,64.95266
99782,54.505142
41578,10.620031
22897,27.49892
21774,73.196625
61728,45.732292
48455,46.577393
16671,50.116604
39756,60.759357
71534,44.12254
68641,38.663395
80137,60.678585
95993,34.14347
36970,57.986103
13056,56.338875
68264,59.04228
98048,15.034151
41089,26.712898
63135,18.131172
87698,65.80971
36214,30.347027
24693,26.645023
91139,82.490524
83698,59.17096
20046,30.422543
62500,49.9483
15311,46.62208
54474,75.10272
27038,60.869064
60450,73.90446
65810,61.219982
981,45.573074
20509,37.928844
74501,37.641094
90876,78.772484
100206,26.45114
55420,72.13296
20848,52.74185
33670,37.233677
27505,61.632984
12087,69.65714
80541,48.08257
37497,39.112465
49965,23.37239
80209,41.27583
14501,27.910793
2018,66.38508
71630,54.704018
91412,67.78662
60213,58.115192
58951,63.28106
3278,65.062836
77735,47.7324
25591,24.698458
33791,61.519035
26522,60.54369
14002,31.543661
2921,71.70176
84131,35.236256
85383,62.597164
56860,35.27591
93606,35.687176
58854,69.29828
54282,59.925232
94212,72.881454
20324,62.403996
102635,79.73175
11811,57.235943
101996,27.829231
49314,62.162056
88452,46.473473
82324,33.623432
66467,58.514053
8769,28.65728
28929,35.079414
58416,61.561615
45948,65.08426
89610,70.320984
41638,61.72801
8575,24.691742
25234,59.01541
25180,32.379005
45762,52.747536
81560,38.349297
78282,72.43882
43927,54.80448
21037,57.032555
27528,50.453354
59897,34.402817
49890,64.21054
10523,47.373295
76523,62.800312
100666,59.525204
64622,39.007942
28806,4.443111
5378,17.605343
81881,46.9946
52892,35.33589
14989,49.229664
1707,36.506245
41196,48.608112
43593,67.92897
29752,38.23472
38848,61.43153
63754,73.279236
64201,52.093143
54389,82.32414
11273,31.500383
94579,50.292625
20283,64.41574
95596,70.277374
80603,42.8513
76855,52.848907
89103,53.034687
77918,43.14827
34759,76.24995
101751,67.33943
89112,48.902084
17556,72.35918
14774,58.198284
41385,65.19837
85334,61.11386
95154,51.700962
45239,40.822987
28987,67.55723
38468,66.69334
59438,24.340874
84806,18.240576
75891,54.654167
36036,61.183807
43123,32.27217
29175,50.677784
13092,55.455505
2293,28.45591
26017,71.190056
7037,38.07378
16339,66.335976
20086,25.979418
59005,46.874718
15489,38.520035
17488,55.08074
43437,15.391473
91497,35.12924
50668,35.927036
72032,20.378096
38356,24.154913
53036,60.032005
28881,73.11342
102089,51.81786
35407,57.82982
67637,68.66721
42199,25.104454
77128,56.610004
7952,71.595955
46461,41.275368
25953,56.8651
91147,57.069214
25525,80.3572
77037,54.837734
26199,66.27371
32663,26.98562
46366,62.8888
25099,32.728245
29656,68.2438
49569,79.42362
11894,58.195335
99449,60.6888
15688,63.813328
99573,58.432343
17581,48.250546
54777,78.711494
5870,46.05152
82630,54.5548
95799,56.733574
91299,43.69259
72348,62.41082
18427,47.428997
11462,46.68605
70410,44.633858
86385,46.79443
9857,50.384098
65401,42.22606
93218,26.738
76711,19.594223
7133,17.801697
33850,64.47155
46217,77.78012
85987,62.74895
70972,28.146057
36230,53.76207
66218,75.91828
39402,64.47523
28097,64.65508
19478,59.13405
15351,52.931175
9811,74.17063
2629,51.803833
54609,34.240215
24054,54.20986
24781,68.88958
86680,46.94878
14355,51.94908
45443,74.522995
72709,65.4886
79829,54.389095
15258,50.76583
33930,41.40677
6812,25.774958
10436,53.91493
24316,41.063854
82775,55.406414
67130,48.96284
78486,44.5553
22156,66.32711
79624,49.171173
82745,73.64146
54616,45.248375
62765,38.319775
58547,73.82941
47625,31.023628
86241,19.59222
62699,62.5298
74472,66.088486
90842,72.13547
63334,65.37053
25253,61.57486
23596,48.858723
75105,49.10891
81946,39.882553
20675,58.350327
57962,31.935345
77626,41.434605
18975,68.39592
75590,66.73021
71135,66.78022
50039,36.946583
23240,30.318392
91020,60.471878
92163,56.530045
46359,39.918144
32326,66.93133
76355,63.975464
95084,57.70038
101607,61.596146
56274,62.553295
63733,63.657246
20250,30.627993
890,51.36747
82458,71.89062
16664,69.61421
86431,64.63387
36044,69.95512
23148,37.77167
56956,39.996773
19318,51.96712
80933,42.99869
90710,49.01737
67778,12.662091
87854,60.9446
65270,55.876053
34140,12.754091
72916,37.0907
27949,62.23507
57474,37.639896
34108,61.480732
19676,36.246025
14230,43.715885
41220,53.66632
87220,76.747475
101574,58.536526
82937,44.050777
24662,41.56856
63011,55.209007
13078,43.35344
18932,32.592373
97756,67.07374
42068,66.26498
96345,57.332733
36817,61.36918
83284,34.484432
60305,29.657537
18203,26.701082
8904,56.89607
89156,68.63122
86619,62.060703
4429,55.27218
17724,67.62761
97261,40.31181
6541,15.961079
72768,62.536613
90973,57.03193
87413,0.0
86904,35.443283
89050,39.44638
81051,46.73209
53416,77.65783
72903,66.7486
79892,40.098587
93829,33.274216
55189,43.29757
81618,38.560307
101709,64.569695
6779,30.156801
33374,42.21529
40796,59.518806
36067,27.99298
2566,48.280796
31407,58.146103
19032,62.56413
68731,70.65759
86060,58.836693
30419,57.27537
16750,45.86561
18573,48.787457
45248,28.69906
10962,36.856617
91621,64.84906
69856,74.952446
66343,60.114246
25479,52.93615
67584,58.36533
52600,51.835983
89790,52.52369
84600,65.20862
32436,74.01747
99028,60.911545
38368,52.573948
97436,58.16856
55799,57.55024
82300,42.35588
66931,23.288136
75428,39.093914
81369,35.083157
71843,28.393822
87103,54.936867
36710,55.235302
83335,41.84422
100229,57.417374
27394,57.41517
65205,56.96108
6370,41.700886
49512,65.19148
96598,71.67609
52173,66.364746
7267,38.392227
47215,28.770782
10108,60.24272
13833,43.421837
86427,49.146954
10027,62.186714
12728,56.65923
67345,64.99082
84129,57.575798
94363,33.845257
78342,63.332767
4432,54.878777
55422,67.009155
57632,76.486465
4632,38.682896
22491,30.786093
15203,40.38232
38851,80.63571
13008,61.809864
83539,37.27888
56282,63.125713
76658,61.833855
70608,62.903538
68994,58.34912
83154,37.901222
97921,47.817318
72763,40.654636
14413,65.90884
45058,55.56954
54999,78.36726
3918,31.523989
33423,47.072556
32730,64.444565
91514,39.621162
58042,33.19579
26772,55.223946
43256,21.804453
1892,64.972404
73630,55.7437
18740,70.16803
16765,39.972084
84286,34.601963
62032,40.094776
71240,65.62993
32480,30.037315
68343,62.494682
14564,27.781193
97019,28.076801
27040,30.66264
73076,58.00205
87393,48.70314
59056,55.472446
74086,6.6596375
66369,67.77279
35347,33.389114
69237,76.28141
85332,98.56105
4489,67.67117
1279,49.549442
101606,54.822285
34245,55.109486
7394,64.88031
31354,68.03256
5149,15.68523
55253,66.31306
48987,52.499344
61255,53.002254
3327,50.27184
81422,58.69195
43318,70.903015
90159,74.69824
79861,12.513361
19485,24.320671
77143,19.77892
60126,29.992123
41431,41.67835
76724,52.38495
101235,64.30915
50041,57.688446
80930,61.3563
13511,69.61778
102004,69.35936
30540,58.53716
50805,22.73091
42277,60.57381
33556,41.382233
92874,56.56312
81888,69.23781
13614,53.86374
6623,52.79144
10768,75.76666
65943,68.99652
12031,68.4006
77118,44.413086
79744,43.744045
52057,46.868256
14352,61.042942
23229,38.001698
55851,70.71102
74339,60.959602
99503,22.36109
19146,40.41093
92264,2.2073944
51499,51.394386
92539,35.358868
17431,72.58709
45915,34.82399
39858,38.75173
90843,46.668983
73769,77.525116
67835,72.709175
70239,36.643345
70776,40.605537
25161,47.385303
28150,54.900578
67003,35.90701
78016,76.24537
50446,47.023037
67525,47.456795
24275,35.292404
11865,52.544155
4525,65.258286
68267,31.625055
64875,57.3721
22426,60.315086
40454,68.32903
39047,57.655827
47628,39.428978
4108,65.42787
60486,77.54914
74088,22.349228
39733,64.90655
95254,27.230536
91146,48.815193
77717,55.559284
6692,71.988205
2635,22.55939
65495,68.32968
16114,59.37051
75319,28.21261
30422,70.959465
93780,60.837074
19276,26.416304
75458,39.77707
82626,56.76383
13922,62.398506
31123,47.863106
30930,50.702698
25967,44.59939
88201,53.297657
40533,43.404537
53607,29.680906
51207,51.945328
22456,67.19206
89749,0.0
91661,66.349945
31277,56.81526
45984,55.46083
45350,66.67807
45177,73.21346
74651,81.781044
19517,63.26835
27931,60.05135
51132,62.789143
32934,56.992405
80975,56.81163
85739,84.017715
90991,54.145206
32023,46.278088
57382,68.567444
36031,0.88442934
72112,33.00187
31783,22.090889
26274,62.21162
28197,80.89916
31523,50.429615
6908,63.43734
62516,56.964214
51642,71.03214
90705,69.912766
36495,85.100914
24661,31.292822
78994,52.000202
16739,32.109623
16570,42.216152
41774,56.313053
43713,77.92714
52320,47.659798
29852,59.17217
43170,61.338463
72382,52.82186
56633,69.12448
97599,59.411774
50658,50.577156
33823,9.308492
74173,73.83
26286,41.10466
79224,66.91138
11699,65.1464
76571,26.161081
56330,62.12164
4958,42.205326
18416,70.77701
84737,50.548573
16837,33.48426
55279,61.84478
42356,67.635864
96370,48.27119
11213,70.00612
7899,72.32511
72234,59.79276
58646,36.81926
97324,39.92049
2599,54.662437
26645,35.541496
79159,53.041515
6726,72.74014
50342,29.614681
54695,19.228767
14823,60.880905
72930,23.863949
14087,40.171555
58572,55.45607
100531,78.32989
79252,62.73949
3515,66.07728
61332,44.022873
75637,48.195946
45737,42.671215
35064,66.27608
67618,31.641582
68193,41.886406
9518,47.338657
99319,48.341854
65266,30.778725
77824,36.96011
88987,55.619457
67066,47.338108
38956,51.326313
15358,29.048405
779,56.025047
74535,72.39415
94437,60.00327
82494,58.169098
62836,25.191729
50708,62.331726
51453,63.485622
12634,62.556087
70692,49.25028
65900,40.18088
86774,21.726416
62745,60.980385
59083,27.41333
11453,43.093025
72498,55.838043
88354,12.869039
12483,63.67404
100141,29.295755
97760,39.03164
95277,62.812435
98682,50.276733
48786,15.69439
405,55.38923
18902,75.49719
35092,70.48502
52507,60.667305
6378,51.498096
87442,63.550262
3209,55.964306
44645,82.41385
59473,41.87169
43271,44.34038
49823,63.590317
36456,49.7717
5034,20.91146
57194,35.836136
14654,71.35759
62868,68.55121
83657,48.883163
65940,54.991478
34969,62.72944
93554,30.252209
97321,49.595085
46647,48.122982
16908,27.997412
57491,80.67199
2168,38.328644
72636,61.200623
17871,40.26444
59104,51.514145
22053,31.925955
33249,33.234837
20061,39.038097
84971,62.373352
76978,15.835125
51547,52.873367
41383,44.53031
61643,39.638435
86531,50.46926
46406,66.787766
6236,61.608334
55769,34.35236
30513,35.514706
73182,36.885796
63924,58.609997
23333,53.876003
21505,58.195244
63964,90.418594
32978,27.679735
18507,62.11449
29057,66.1899
30588,26.364857
43937,64.06543
27473,58.478416
23666,61.00882
3814,46.446617
97506,59.91329
91415,59.11717
29884,68.252365
1313,64.43583
99265,39.47613
13541,39.126347
37781,41.99772
82968,66.55681
32089,30.706627
60834,32.61712
40425,30.866611
101127,67.339134
39175,65.084694
6619,40.49411
49545,35.212902
95434,48.00739
31855,68.46516
4271,62.21113
81475,52.41038
841,56.453747
11,66.58571
16252,68.65146
42292,13.010434
33366,35.97807
101016,65.486084
80374,47.344315
31587,49.13885
85843,40.09551
57907,43.429684
7702,47.72277
17259,31.789583
38195,50.13751
47290,52.594303
6861,49.61208
14434,54.410187
29855,39.141422
29921,55.438484
22402,79.04828
100137,47.83861
26729,63.42671
76822,58.871643
5390,31.330349
24538,52.3226
7314,33.84175
55710,54.48517
52731,55.32237
98399,34.147095
9397,58.849514
10781,84.631386
84212,46.85557
63429,59.804535
73721,39.567684
4749,52.24608
23794,63.45575
35541,52.36137
99381,36.853546
48158,29.508184
67341,21.921082
92463,4.592211
36716,47.986374
99513,32.84611
84111,51.607002
57751,50.887867
67555,61.307755
78042,76.70234
58614,37.79103
44099,39.97457
55438,39.943344
53497,11.947137
61169,41.215805
60453,66.43229
17088,10.002814
91526,70.20438
46772,64.71548
18029,44.601925
82734,49.615845
102081,32.28788
79803,33.695915
84446,62.91286
8673,69.980156
2916,38.502552
41645,75.45931
68894,38.781757
98517,44.021282
96645,61.174927
97367,65.76749
3476,61.342464
68592,76.55955
7094,63.318455
1465,74.18537
97501,42.388737
78984,29.290209
10137,28.325237
21042,38.520832
47055,62.46914
89587,71.34216
80948,63.793343
62953,72.211876
56517,46.00533
30238,42.595615
898,36.643658
15908,43.220123
53867,32.123276
34825,79.172646
66615,67.95613
29654,67.23067
88480,78.27188
5030,56.51949
14463,50.994877
86954,75.64514
13304,77.94122
3698,53.246113
34207,22.316545
5476,16.862932
44679,62.258133
51745,39.007675
5154,60.50896
100936,55.97001
102253,47.979843
74143,52.03068
52282,71.4347
93417,40.994152
35657,31.65476
74451,18.308533
56541,27.294334
44052,25.926624
73702,68.6959
37187,62.50856
34285,37.223763
96019,43.41203
73165,39.16738
72186,56.96454
5413,75.84233
55061,75.13798
21206,39.882133
28873,33.928497
16806,37.95295
7887,30.480145
66526,67.69366
34500,46.754272
19891,48.04697
72843,47.960495
65830,69.14446
77283,37.079582
31565,35.666714
16831,62.934532
1015,34.80353
21271,55.280987
2767,72.652016
94209,34.64919
39376,41.03505
51059,60.83841
76803,24.306305
17196,73.9778
40207,57.05658
79008,28.494713
54278,39.74973
11311,76.14417
79449,9.362344
80650,53.53118
68150,63.89863
29721,52.002247
67946,41.76922
72217,67.29799
55983,36.35872
57023,53.448616
89817,61.624443
68384,69.763695
76792,41.352562
72516,57.213017
72973,72.087166
82588,27.579075
29730,74.88329
76526,51.331593
100430,48.933712
32033,66.01355
19995,29.994085
19867,76.878975
50827,45.51873
83804,27.19449
61330,63.40757
28504,71.52159
68660,65.96127
103,54.62045
64566,27.255404
17903,44.72879
46061,55.339836
66502,9.379667
35954,52.997932
28845,57.91236
58128,34.58527
83721,56.60033
46950,29.855835
57400,40.643604
68530,69.49231
81082,57.309036
52218,66.98741
36312,39.30655
63572,47.73661
90528,45.210564
51931,56.14975
10327,63.730953
98596,32.31397
36802,33.41241
51994,48.63207
84040,69.43116
29652,17.930391
70279,32.322323
51941,31.107338
80713,61.584763
23544,62.165024
33505,74.035225
55530,42.636337
47419,44.589367
40303,50.74151
22461,77.37831
98949,64.161964
12148,38.6289
19050,22.428207
93463,35.949566
81200,52.478455
4522,71.03297
66749,44.945095
57795,74.793785
64555,72.056366
82698,77.39808
16508,67.43152
71865,48.864754
94503,43.85681
38657,41.245724
74711,49.336258
83325,54.87022
65173,72.03058
93211,64.931305
7436,70.48142
1415,38.074783
32340,64.45862
13087,59.053406
72386,69.00512
8455,47.50459
40928,23.76002
34393,32.749638
44986,68.79244
26937,34.837234
49592,33.88692
36451,61.340744
86365,68.03067
93162,20.316877
35078,10.878188
23798,77.8595
92442,31.096815
43675,42.983994
31201,56.26657
66438,34.693764
90456,40.77884
83203,63.66629
57545,59.33144
61651,44.32153
78222,60.15725
76418,95.762955
6951,65.74239
7138,59.160114
90506,29.13113
36771,66.46079
91237,54.961155
29707,39.21977
52875,76.760315
38503,48.979553
4555,69.37418
28146,60.07339
3183,9.288553
14443,43.96543
100665,48.03156
29276,66.60225
82058,62.36397
5395,72.91417
30666,11.2616
72706,65.7812
40668,37.351727
51433,65.783394
55984,65.67582
32746,48.89372
63369,31.771254
99324,29.792048
44449,41.416107
84461,58.628403
6532,61.36059
22383,39.024868
21584,66.091995
29829,64.207726
93995,35.04661
81894,38.427544
73529,51.55052
26719,39.97701
51071,79.171074
83783,47.256474
61326,66.284706
64465,75.698135
45195,64.41874
78935,63.674442
21072,62.836987
86990,58.78342
21941,49.64972
84652,49.324203
102188,20.230429
21003,62.26154
17743,74.35076
45738,59.058876
20656,32.613693
41938,40.924747
45430,68.26546
22725,46.293133
10439,54.635506
62921,46.23263
77830,38.01692
64012,71.659134
99716,67.15009
41746,53.339424
78021,38.396397
30763,45.22891
82312,49.08788
86204,65.11695
64090,61.22186
37115,31.748236
7052,46.734165
100422,34.708027
29989,40.070736
24974,59.316746
6422,49.317997
70193,57.49645
92995,58.579346
58627,35.110455
338,59.87694
66697,50.000893
38623,46.8408
11272,56.891357
83028,60.484047
97774,54.644108
19410,55.016647
97444,64.939575
83009,73.1601
4629,40.056072
61909,69.59438
86408,68.753685
98756,73.17593
56694,51.44083
66353,61.53085
71092,58.35518
89008,32.874924
46561,29.539154
100520,73.390526
5474,64.56336
96411,57.423668
17445,66.200714
2392,34.53899
22889,34.25803
81322,43.045002
23827,56.739647
53049,46.10079
45340,34.037655
70571,68.00683
91682,35.923744
40745,46.18844
48890,47.20647
42271,58.14178
35220,14.075274
99555,60.600872
47609,62.60953
30288,31.343313
77358,27.56713
101962,60.53644
100434,62.587097
8487,73.90409
7210,31.418926
9678,29.539103
13040,57.91761
67281,49.168495
54487,54.12894
7071,37.13111
89794,48.18413
12175,63.865955
92979,50.64442
99245,75.824684
26437,72.04715
36676,43.418606
102130,47.407784
78615,40.05614
41236,49.623257
27970,28.354158
88685,68.89093
58277,48.692
17723,74.396
41613,60.245186
21458,56.81948
40308,42.466267
84780,69.407646
33339,58.81485
20337,58.531734
43627,58.894238
19073,60.35722
27531,59.770756
6074,72.5438
86373,27.698067
56636,63.79391
98153,24.904373
99096,58.748592
73609,51.3093
70533,65.91908
79559,53.12068
57213,45.605473
14072,31.332155
30804,35.63622
25564,57.711376
61089,17.289982
25439,49.041943
55826,74.75253
36889,62.095303
4873,32.120655
55705,75.42447
17646,69.3856
18440,57.50607
28523,64.09697
83642,70.77211
85452,62.394775
52460,74.83968
51839,49.50103
72214,21.544394
10696,47.77888
70712,54.397484
8308,53.17485
58918,54.75066
26982,67.322105
86524,58.17476
76210,76.6057
92641,41.786522
76344,30.572882
74757,42.583595
95566,67.2768
21188,53.845085
4178,72.53465
62552,72.247734
8248,46.465797
40263,47.371304
77787,54.884136
102489,44.190575
93811,76.09965
58604,63.3213
74970,54.618526
81396,39.78656
13359,68.978745
16629,60.934338
9089,42.258858
4187,38.88638
58341,33.322437
44584,36.51896
72338,51.829365
88206,33.6453
38293,36.862663
1278,69.30099
27039,65.51318
32568,64.35329
6329,37.800774
43409,49.684135
74108,40.30312
50253,61.51353
93108,65.768974
31252,64.776344
27748,45.67305
99193,23.491316
62730,55.572502
5374,47.264194
19330,56.05414
81956,46.86241
101636,73.05749
23234,59.445576
2844,52.5917
72110,62.53995
29775,59.424667
88344,46.561607
98659,32.974045
87684,46.13351
80334,57.684467
45495,51.027096
46987,77.49518
57807,64.82583
35989,68.073425
91376,52.71503
35075,62.399204
32644,52.09568
81891,68.961845
75388,20.462292
30991,41.59585
75161,61.458115
22421,70.53713
2394,73.6452
13238,25.444448
63851,56.638268
20737,41.38543
24106,69.764725
93442,31.76468
102625,33.947414
25869,43.687313
87279,69.03354
10969,17.180456
83775,77.72476
26916,45.80526
58406,23.777977
32208,40.165577
22568,42.637737
91866,63.467957
35486,59.481525
48881,50.091076
12862,29.377117
54632,26.679045
90442,45.58884
49801,65.92672
81115,59.693954
20442,31.478703
91052,33.431473
100533,37.868965
61863,37.22463
88882,49.79831
4074,38.450626
67171,71.69495
71545,58.473434
89775,60.980408
86306,48.134773
26540,70.4117
59771,76.62151
9972,69.61758
39466,66.88947
8573,58.653976
80505,60.038963
2476,42.007233
32010,44.37215
47820,61.07369
69239,40.69238
3174,66.379036
62083,38.571453
96983,55.3084
18650,74.818985
83957,69.911705
24011,56.46912
95833,35.99112
35342,35.62891
98042,25.627825
63732,54.27846
50260,50.76431
3036,47.692604
36283,12.28601
23340,39.22128
27836,47.36997
87104,29.194983
40483,41.515697
16529,74.37168
9182,58.25904
22980,62.128334
29735,54.85788
65833,29.962856
40777,33.32482
36409,54.14281
50747,61.632984
56973,56.481453
75204,64.136566
52862,66.99258
59446,57.90554
5246,67.43595
40089,64.00778
14924,37.089443
32629,59.134033
96430,35.55741
4354,34.42981
53855,29.710451
97801,21.931822
38621,45.885563
36754,37.514587
37450,58.78329
50794,44.821983
32376,66.38139
52955,29.470804
56559,76.4901
4475,36.875576
43917,62.800224
59587,60.85931
15964,48.22172
99634,30.24099
59880,58.828136
21915,70.22371
27215,39.999454
41208,54.798042
24790,57.071396
22175,33.46387
61263,55.796497
24323,70.22615
102077,55.38864
75752,76.95543
54660,53.476727
99851,61.180504
75220,61.536987
11755,72.46015
98678,29.266695
7375,65.70689
96817,24.869204
62688,38.596672
79022,67.46903
29746,62.72919
22710,65.3194
51187,40.695965
14012,48.605602
8309,71.33915
65951,41.36429
48435,43.58251
672,24.408333
3092,68.02112
21474,46.40507
16203,26.596989
5750,37.767815
51299,59.432503
88827,35.595272
37100,67.57282
54370,14.243937
31788,48.860897
94317,71.33588
91350,39.630363
57476,27.767923
67001,34.942787
101107,68.22167
36668,17.428246
83255,59.858734
2133,36.57258
26374,64.32852
56017,75.58243
84720,38.50288
85151,44.4844
30833,69.08448
51158,53.819313
96723,58.964493
72340,60.251152
67698,55.49394
16323,53.168808
48139,61.212234
3474,36.037746
53550,63.717094
37012,43.94902
14760,46.631226
58586,43.071705
6332,68.83526
55846,48.71868
30254,48.69998
24189,66.67404
109,59.962772
81220,69.61479
57904,60.670673
18348,34.882427
13877,31.62331
43915,59.50151
45991,43.421658
35680,49.585922
37446,66.999664
66484,34.90943
57121,36.974262
14291,33.81244
91502,59.22446
12766,56.945827
99790,15.928058
5178,48.59384
70065,23.473145
68680,51.00256
80961,25.833971
62258,24.651016
83268,59.71251
96316,54.19427
72166,61.198772
43492,59.01356
43446,66.74372
17808,71.37746
68849,70.54366
19187,41.72465
13971,39.595463
70136,50.775906
13650,51.973877
95658,62.057816
8093,35.93651
11790,28.499516
31150,55.89523
9162,44.592133
46498,15.011985
83664,56.862
6360,57.624996
84657,27.049374
75883,37.553173
66091,40.96008
60356,49.426327
85631,48.272423
95048,23.363712
12755,68.83275
78653,41.10719
89190,48.270565
15292,62.023052
53787,59.823967
10930,32.673958
5673,61.08123
71003,71.31682
34799,30.031599
76395,54.09406
83693,52.35362
72985,69.55828
55030,16.447845
50122,37.4948
92729,71.51683
75349,45.941883
3775,70.54489
46179,51.209145
44929,65.80623
63284,64.51482
38235,34.88677
56121,86.007996
30787,57.85067
3177,31.30501
20520,83.53827
29915,39.257614
38340,49.239204
27869,35.732956
79268,37.320618
69433,66.3277
21340,44.035908
12077,70.65408
102187,30.731562
77377,59.401836
53702,62.0136
15228,50.048958
58554,68.461754
52143,65.928246
25164,25.35832
7592,48.062954
1616,17.036749
60886,46.536736
43508,20.516459
72288,34.023323
14361,45.588345
5574,51.129036
38204,61.735558
59425,21.435068
17806,57.53863
44124,70.57708
100694,56.910755
39745,33.643414
84279,75.62569
68217,63.664734
35221,67.31792
70517,14.470446
37947,40.12739
44981,51.531223
59772,70.38416
18676,47.368687
62923,10.577775
97931,76.10425
37032,59.876804
86199,44.227158
19979,9.883284
39953,43.198704
33673,68.38677
88599,67.3471
2498,51.076706
90625,39.51297
8810,48.555607
31280,22.862389
26911,64.34537
34219,42.60119
93170,73.40819
92663,57.422215
20202,43.982716
83493,54.549206
73706,66.417015
69635,36.68565
5859,65.239975
56368,61.623173
78607,48.26896
43858,76.59659
76239,52.63572
63782,46.916164
46897,46.57142
26891,35.438843
29741,59.29691
37646,31.151243
4988,57.815792
9990,54.87055
4863,29.612488
89168,61.910374
74039,26.036089
75578,65.6623
48853,47.478016
94111,65.444824
82380,65.9732
56424,50.315105
12613,37.753944
62764,43.54484
46345,35.854267
35403,43.006092
100606,37.093
101925,33.222786
46186,57.62928
36477,38.588753
14904,74.62205
32278,37.756523
512,49.999207
46149,41.202843
47690,59.13622
65329,40.756927
90656,46.521847
34612,43.610893
9597,28.509924
5965,26.991068
23713,46.67079
8,34.342667
28702,53.449448
38645,48.37148
24033,71.969185
90310,28.776226
59710,53.714695
71299,55.258842
42763,53.58444
83751,59.28473
31082,58.41872
80660,40.91232
4305,59.307747
522,20.669416
83986,48.781532
55386,57.26999
83069,41.77561
28686,67.31379
59264,44.088985
74253,36.192635
1523,59.296574
17253,50.532112
100403,78.36194
82541,33.33564
30674,69.79667
97573,77.09102
18231,15.199757
32587,49.837208
27275,53.573116
38047,56.743984
45186,35.224964
87709,22.696228
5532,31.228464
25875,76.166374
35059,46.958645
99272,50.794052
82,65.85537
40916,28.590975
18263,54.40235
1957,57.533684
45129,67.26495
58488,61.395905
14284,35.516804
72423,58.754154
96584,78.90931
14675,26.244572
82642,68.998535
44151,96.884544
86853,47.363335
57311,65.849144
56421,71.72531
5602,47.825333
2867,70.03282
37230,58.11036
2077,63.70981
76689,51.386566
94200,49.833553
50886,71.35709
24994,43.470287
44965,63.77155
62428,62.240486
48327,66.19795
89088,8.154855
100634,52.089897
41855,55.223537
55048,48.04822
88323,76.872185
69599,14.978682
56908,82.71852
20709,32.935154
15487,28.601866
34468,47.457096
64342,68.696365
20300,27.303642
87852,63.95886
72663,68.675
42683,45.765488
81190,70.21577
91437,56.935993
97956,57.20791
17829,60.454433
34146,68.772316
43751,54.51685
7839,63.76732
63,54.49621
44911,24.283508
85908,12.352749
70695,39.695484
78363,38.89793
9886,36.33757
92362,38.53002
100785,62.120922
86547,50.268044
49661,53.176723
98923,57.9504
82500,53.24781
8307,58.1152
86059,65.29902
43371,44.263744
42127,51.857697
55837,38.469234
3024,70.95364
6600,5.440175
26572,74.47171
85868,51.749073
95943,57.809097
19659,57.661976
59087,18.010622
63260,72.81008
67933,60.88338
4412,49.435173
37882,41.124844
89338,59.670208
61354,61.991623
20536,76.71978
67376,58.058575
25111,46.706047
57080,43.271755
60836,14.0461645
64449,64.143936
79698,52.704266
49757,54.26811
52123,72.83265
88798,46.900055
47216,49.53346
19748,54.130238
40978,61.33727
101443,40.429802
57137,71.40612
73717,41.901264
44564,17.132498
71434,75.16206
85316,53.161686
42612,39.761738
17197,70.88444
14388,51.2932
77977,63.415657
28883,48.833817
55317,62.257984
91894,45.446587
49283,55.576725
46021,71.65264
90903,58.922337
78624,65.89416
10200,44.74766
100948,52.59439
22416,75.92342
15543,51.338177
68002,27.668415
260,61.826336
91298,73.40466
4329,9.499932
49505,64.952705
50266,44.072235
50176,39.878834
72113,31.347603
41135,58.144962
67197,62.52579
98700,74.738365
32720,54.994904
53707,22.811316
48143,66.39607
83789,39.973415
20879,40.038017
41629,63.02672
55121,66.30245
95431,67.25668
51415,51.382317
61216,74.02913
76459,47.83665
27086,35.26165
41747,30.954805
40477,61.90634
95275,61.5687
86730,25.577057
59828,12.038961
69618,58.991074
5728,53.60061
73847,40.89298
94800,46.447964
9717,70.10461
85536,35.562088
23766,36.95079
52061,50.96592
35501,38.9036
19722,36.603252
86080,56.911495
98903,77.72924
98322,48.73584
55148,29.944094
99550,65.66126
100093,58.81471
96708,44.39102
18776,66.84346
48141,45.996113
83744,48.630962
96054,40.152336
7687,22.291214
96926,70.19314
7718,51.72645
8116,27.677265
64417,67.83886
54246,53.040623
97855,10.158854
79376,31.088434
92698,41.487488
48354,62.83999
92487,54.416885
52226,35.65078
73835,38.87091
39358,35.151104
15784,42.233204
59653,75.81091
14686,32.914978
53089,64.42005
8653,57.908447
19777,66.33898
22316,71.19561
69231,66.085495
30746,72.53158
48518,72.01329
17119,62.570126
32041,56.733948
38640,56.2672
44129,10.906034
83983,31.729029
80126,64.39997
18697,63.987682
59379,44.757076
25209,42.617466
80424,57.635834
54702,63.805264
1291,79.279236
45653,52.083603
66512,58.958057
92932,77.15686
31240,76.53781
88312,24.76387
100898,52.925278
99993,78.956665
71576,56.22175
43731,69.70705
26795,59.96599
9837,22.304527
666,38.488525
66417,42.07812
2911,55.811592
13094,19.698847
22446,69.64936
2383,60.06127
26914,38.900723
74505,36.36371
87685,60.888157
10932,47.719917
50666,57.551758
80156,70.56889
78118,61.694893
649,49.596565
54309,35.67448
32536,61.689
87568,54.042538
70921,45.378654
29442,54.863674
60573,58.78917
89425,49.031208
97238,60.552322
8551,36.471897
78144,44.88876
1387,41.512848
91175,66.481606
39544,23.387356
30963,26.475649
58369,72.82051
9782,42.158546
45467,37.641502
75542,39.718628
8646,84.5259
26809,76.3139
89368,34.86292
24561,46.502823
113,46.16518
95643,50.90069
51649,65.27748
87204,38.817116
37406,33.898487
86221,73.67626
32672,77.20854
1795,35.88898
51692,52.921463
23811,47.83086
50454,35.076744
81070,20.040157
1807,30.20474
55951,38.82416
59011,62.312023
36090,47.284817
62005,28.326487
26256,61.16746
84962,65.35539
31692,55.289566
19298,73.52103
8728,27.179733
31804,68.6756
61134,68.46187
1602,67.96999
95558,37.590115
20067,61.08635
84003,63.96053
76142,77.70091
4113,74.66564
1901,38.727516
79299,48.59352
61439,66.140236
87766,67.39401
40472,37.66353
46880,7.7128973
62021,81.578995
62157,12.962267
34874,57.47862
12781,63.316914
46125,70.12987
35927,71.17417
38790,17.036518
29714,32.517258
81370,73.790985
16762,63.013817
63351,65.237564
19066,63.48114
48895,74.16087
6711,74.37601
21528,70.80673
29368,99.575066
2792,68.653
29407,40.126125
57160,44.822624
80090,38.466183
45474,69.25833
2482,67.515816
6342,47.82444
93142,14.336033
33743,32.53361
75142,34.073826
10579,52.12489
66666,49.82163
87307,67.87748
32132,49.44724
36333,48.025684
64050,71.460724
88670,75.38443
22141,71.72494
92643,27.51011
71332,65.072296
32444,53.626183
61312,21.3404
79853,51.8084
75754,28.556143
99501,48.451843
92387,23.824543
67347,42.900734
64226,57.17848
91556,77.842926
97497,49.865833
87705,75.45874
70664,47.48314
95195,38.320377
2082,25.97339
81320,41.42661
25238,57.155003
2242,58.935577
12252,66.68729
47441,56.06818
66025,33.999874
64434,46.973835
11988,49.336506
15135,71.76293
38250,52.99927
79729,57.623116
47718,65.658714
55563,38.487103
9560,43.513874
100841,30.17853
63201,33.273132
101672,36.126408
38535,41.672466
55553,58.18021
66593,34.29793
2890,52.400826
808,50.20112
86341,77.98272
30887,28.188108
53924,25.539442
33771,62.870235
28294,66.776405
43919,41.289173
100958,44.758217
32253,67.468765
13540,64.19283
62613,57.389683
3637,60.814217
96005,52.682877
50123,32.408817
59014,53.33549
3299,59.631573
47615,42.230923
20991,63.304684
30824,41.192123
64699,74.08735
31904,65.520615
78964,40.19928
102181,68.60712
77909,62.314705
8020,52.864807
66281,52.59602
6002,22.41226
43290,51.035297
77989,63.738457
71350,35.135487
37465,18.04324
81364,45.515144
73644,36.39287
68387,52.57112
35750,23.049763
14659,68.002785
87993,69.587715
87062,62.18121
21948,41.85567
56084,65.751816
1844,51.575363
77467,74.68789
65626,60.454018
86101,20.829096
22620,32.823547
65945,64.87876
16026,43.13638
93548,52.762047
51738,22.746357
17153,77.40892
68900,22.244926
41304,28.310534
74169,62.616364
27825,71.60059
15511,70.42694
15339,44.34954
11003,59.358555
33240,48.642487
17514,41.40242
17539,41.09523
94921,69.902596
70759,26.784937
28725,40.12796
19928,53.218952
42988,47.607643
24153,29.348724
55140,59.1004
74830,74.17561
12315,72.84425
84707,81.60866
47861,54.73512
52071,63.490555
89331,33.078995
72971,78.56952
28611,57.93266
30755,47.352905
24906,56.677197
65640,68.466064
30313,45.575195
77269,79.20737
97614,44.11922
65099,38.80179
99719,63.13611
92193,62.6821
68102,52.183437
100831,47.571373
64560,34.343487
14009,68.11714
29549,22.194035
51386,42.442337
100247,36.197247
50615,45.77764
59575,35.749653
58152,45.163185
42510,46.68883
62498,38.53872
13988,68.77529
6624,62.422592
6379,48.409996
32827,66.02141
8596,73.42911
25655,39.43023
53100,47.94419
5697,55.70666
1478,29.326254
11636,46.884174
46946,34.871677
6715,46.127533
77870,29.275826
82030,19.418633
92654,47.142193
59578,61.48778
38632,63.592827
60722,56.006756
24382,37.867847
70363,56.115406
31373,69.58306
99275,30.143742
86045,25.379408
78670,37.669098
3469,54.23013
95499,58.834198
57009,64.34837
59803,33.60632
6582,30.420248
76889,61.181297
79128,36.16744
95604,51.91074
67766,45.667934
76635,62.801674
96506,58.972656
41445,55.55688
20881,42.84118
97369,38.323444
101877,40.157288
36309,83.65305
4661,39.13789
96041,67.41292
88904,52.35063
9319,51.12527
69991,49.741642
46623,40.484062
47428,40.687695
61808,35.85758
83475,75.57196
31941,51.450916
3621,46.545
12199,43.728764
83453,37.80353
64104,59.23025
39606,53.345917
25391,56.889942
18215,40.412075
2104,51.755577
8823,54.670513
1538,60.072243
49306,60.02797
87621,29.052473
6482,51.36842
46654,12.72506
23249,72.53333
30229,30.546474
30384,40.916496
11099,61.19402
54750,87.27519
69160,31.226452
26471,36.648705
76616,67.97439
87759,49.139618
84638,36.95738
20546,26.062166
38348,55.532936
23924,60.05886
43761,59.01627
23419,64.57413
49341,63.76619
35135,64.27684
51411,30.641321
90065,46.138412
23975,29.410835
80284,20.158453
50659,62.16782
50019,35.46955
24221,66.74329
83773,61.17191
80495,32.17037
90098,46.946342
72965,41.14547
74667,68.56329
39361,43.184135
23927,30.108742
21229,64.54461
57998,19.025295
93220,68.213356
71465,63.30138
27246,57.802998
27914,60.01573
31348,72.10405
12496,37.96785
97728,39.549088
85155,64.34272
91708,36.692726
10799,50.359535
65105,30.460289
16206,66.3629
93596,76.80661
96576,50.9375
32498,67.5752
65320,55.905216
51602,43.27608
83879,68.69602
19027,60.492138
50370,70.160446
35435,49.21949
54951,41.70566
44384,24.721674
49181,70.70697
37527,58.98035
7136,61.857235
64919,38.311676
100232,14.519668
77331,40.1706
30242,70.05363
89289,42.942623
58929,55.39436
70118,78.609886
97364,68.93475
23467,55.418476
77205,29.027084
15481,67.67072
33665,50.448387
47299,53.597256
22673,61.495857
44094,61.561356
15404,20.735971
12025,19.956625
90089,58.311893
99981,65.17105
81279,55.077423
19783,74.87009
14436,60.81189
67850,50.132687
33000,54.128986
44982,40.049934
69044,71.904686
84000,35.078568
99616,67.9483
73243,99.62644
35928,73.26877
99911,73.57293
66911,73.68363
49386,32.067425
32285,61.508232
49953,60.664494
68132,56.802536
70116,54.94793
88912,32.82797
43404,41.222717
9572,66.48589
17548,52.018047
3662,25.365784
90148,74.321495
29262,29.05372
21963,58.995426
48843,40.132423
21011,24.239183
72454,53.824306
13810,59.627785
12082,53.70527
85011,52.070515
722,50.057346
22685,16.54442
61732,34.37654
21098,1.7403742
68604,32.220825
8790,31.18087
46927,15.933494
8567,32.78851
45528,34.5389
84763,48.060223
11411,78.65061
40676,76.10764
36686,39.397594
63916,27.965664
2251,29.670326
60363,23.023176
72090,48.78695
101956,19.294512
65521,60.4442
36530,29.53392
91959,35.8087
36158,56.652416
28419,54.14789
16865,16.598051
55556,17.627699
38393,45.152863
26269,41.653507
40153,33.458447
50464,73.64206
34301,59.56642
45966,60.14325
12356,33.178257
1657,61.81878
18983,33.820667
41934,33.96234
65392,58.969807
73092,44.74227
7374,70.97828
54022,45.03968
52342,61.61134
82921,74.06595
20810,23.252789
75277,61.006104
12668,44.396538
98533,26.758825
48709,51.04357
59237,41.943024
76686,27.156305
33956,53.900017
24268,1.7773255
35521,49.46723
31088,65.83349
12590,32.01779
66330,57.98293
57818,46.685673
10879,37.135246
26845,66.9024
28540,76.88372
91174,45.987835
9888,76.187355
16597,65.50643
69344,59.315125
43851,39.20587
1228,47.349113
88002,82.617386
17204,69.12069
2358,35.260105
80610,45.730083
26326,50.58547
47305,80.862366
89649,63.771347
44408,66.03257
68134,43.093746
49000,42.254456
62414,70.26197
65706,43.293175
44793,74.384
87128,69.57174
70456,76.59206
50102,69.75844
87548,35.664474
27795,48.508327
37746,26.024544
27212,73.293884
99711,58.425034
69171,35.774693
44403,60.38811
34850,70.10222
35096,36.308487
82987,61.18137
28494,72.84664
89287,31.169418
80521,42.094013
24981,37.425797
58477,66.1896
12686,54.3516
54154,69.27375
17802,50.116413
90793,29.337465
99023,50.7079
28754,56.91806
9751,57.0705
3113,37.968227
2096,33.908955
78412,33.046078
48396,67.681885
39449,45.771847
15042,59.17066
44276,72.43289
75068,41.74141
84855,60.68859
81228,70.21079
27812,58.345497
37009,59.388237
29869,41.003586
11330,43.75867
84502,15.871078
46046,27.881948
92934,74.43366
22899,50.217724
38815,59.42178
8272,64.5968
13047,27.515875
12057,61.999027
58248,30.357697
60056,52.646297
6361,22.244968
9104,46.719406
83848,35.497917
36521,76.09826
6031,29.346968
64062,34.600925
3349,18.144913
55229,62.735302
85550,76.07381
34013,32.249615
50172,62.022995
49943,33.591133
27470,25.803123
41513,64.517136
14060,67.56671
47940,29.998428
50811,71.127556
56461,60.408604
33238,21.480265
47373,36.483574
15229,31.070065
73686,16.282316
92894,37.076828
27375,72.28928
74229,79.95546
65274,73.67746
44588,53.23553
65066,64.0557
93577,65.386986
88149,40.56227
49331,16.226307
71591,59.936115
44947,68.048775
67909,51.28985
83161,46.325336
23672,25.80383
87177,17.240742
48946,46.58083
78896,20.817772
50958,62.230797
24128,75.747375
62108,61.548893
57227,51.30996
19204,45.054615
74002,26.344343
45277,57.24877
90087,20.83142
82108,61.699253
45523,77.244026
27735,77.72428
63378,38.37107
27144,34.935444
50674,37.796993
97854,58.496586
93991,41.288628
30188,34.52563
97689,85.80348
61454,37.30312
55539,68.47077
102112,58.52787
4199,67.297554
95410,58.60516
98706,30.057625
33348,30.182354
76446,43.116215
15448,54.08516
13207,75.57284
53649,66.940674
8217,28.878328
29155,55.265087
27504,49.748074
72342,39.92747
64468,54.509075
66106,68.807495
30198,41.202682
86935,70.39376
7422,69.43498
26838,47.35046
12136,45.48282
82033,28.554424
78064,45.264355
65122,21.278393
44172,40.545258
78040,28.280188
25694,23.137684
11981,43.750683
55738,41.49264
18695,39.281376
64598,44.104744
31669,62.185547
3726,67.293365
90097,39.698875
99446,25.364147
22546,38.91438
88378,37.861946
7041,30.476036
12219,72.48448
78463,17.521568
24310,58.37902
80883,69.09609
28443,60.113102
58970,27.499573
49405,18.644278
64980,20.666494
45435,13.781352
84310,52.24779
27903,55.708023
4407,63.333572
64106,40.84274
62169,63.478264
2632,47.905315
66763,15.319111
46620,34.10204
57536,48.277172
22494,60.43611
63936,55.187096
7870,53.3278
66344,43.011337
91886,70.48173
11552,43.58874
20796,50.396214
17095,30.565435
62386,65.55551
88334,39.09931
33600,46.58169
71941,33.187344
2664,34.488445
7423,45.36571
48083,62.726498
68040,10.27806
77246,56.85064
74160,34.847435
92151,68.45193
72863,43.641384
9650,57.47349
23529,57.055637
35588,39.061775
32560,44.217243
100466,36.591522
78954,55.648586
6641,26.707602
87835,62.015812
38663,65.22403
102192,69.71872
36892,39.736744
48824,42.006344
50587,32.614315
19807,25.861214
84376,31.320314
42073,70.78899
55639,56.13181
101596,30.215723
57850,53.30972
88933,52.037148
20967,55.61866
14199,79.451195
98221,69.6797
1681,43.048386
90406,37.07707
74121,82.38679
81478,51.145782
59339,41.747417
81813,73.532936
34960,64.74196
48580,72.11853
79499,46.989147
87545,40.797413
72690,60.551586
92052,74.85285
21616,69.754745
39215,59.401924
76667,50.75447
23559,64.8061
70572,59.38887
46203,43.690277
42394,72.98957
41388,47.35776
12357,57.177998
101814,61.191963
10591,61.264423
79965,66.40526
36513,30.973185
64604,14.899064
66812,20.177109
90423,66.508026
2902,30.51547
3753,23.390167
13711,54.713123
10124,62.86783
29637,40.13029
45728,21.751825
9756,35.232723
96772,54.104866
61873,56.931747
48119,22.01672
41116,48.75391
26065,31.243578
46966,62.521385
38200,37.6469
62292,81.99237
24556,70.77531
95703,57.407417
24551,46.375664
18945,36.841213
38440,60.374794
95842,65.50666
47837,68.749855
62011,24.0354
4467,53.121002
12288,68.5256
29315,46.031265
101653,53.713764
4431,68.00042
94478,39.336266
78892,38.90722
98791,62.03076
14478,67.897964
53459,52.028736
24371,75.8002
83774,40.31178
17818,39.16826
94435,50.09525
69836,45.028038
86369,57.2157
7335,73.14033
71371,41.51413
10543,77.177055
64463,49.345222
30681,36.71695
92408,52.792362
79565,33.03899
343,68.76776
69922,15.227256
26311,57.20465
34352,57.0175
73377,48.09837
15505,53.471855
84282,54.411694
58167,35.804237
88388,44.6721
99003,61.57919
60114,42.521225
69310,57.339157
23261,45.727337
89585,54.220333
9149,28.95159
38229,13.48752
41904,41.694405
102383,75.142784
37017,74.554596
70806,36.62491
82903,48.453625
80051,72.7668
5895,52.7641
41091,31.666143
58144,31.866034
99095,61.42
19194,63.876976
87524,68.16418
13777,55.738197
31415,37.63883
72882,67.51806
91088,71.06838
75600,12.913229
54763,81.14493
51047,70.687775
102531,42.541626
97687,79.47934
7191,44.482887
39880,59.62718
58737,70.23192
78311,21.467468
31406,67.22234
33684,34.59012
90190,36.372005
40951,6.5564485
47343,64.410355
27167,50.86878
34407,17.530407
30865,65.71412
28167,66.7997
79644,76.10583
16156,23.102701
20317,9.330385
13542,70.757744
79308,55.32008
41097,38.407608
99297,25.632927
94257,36.916378
85097,73.24372
37484,62.36714
79404,26.646782
43914,68.40658
9720,30.62257
72315,29.538721
19143,14.413359
7743,59.48344
54918,86.71422
95201,30.234882
13491,49.62243
12008,67.28105
3244,78.906044
10047,51.26014
62846,19.491905
45890,43.712856
44213,64.002075
60901,47.837
80236,35.84766
33425,70.67229
24339,55.486702
31600,68.22324
26915,32.759605
91593,20.133965
81542,26.946861
20956,19.625559
36730,69.91466
9117,25.271378
98141,60.99257
98597,58.019615
87004,29.812126
41425,40.85843
85946,32.57831
42136,38.20525
48937,66.50448
23315,37.03545
41919,26.247082
20394,44.11851
83597,73.51766
81093,81.60825
37824,80.08249
19388,65.215866
1776,44.458454
42801,24.936153
31021,38.597553
34795,55.154366
46451,57.142723
12576,75.048355
65423,58.79816
29920,20.89675
1351,65.959785
60300,37.581104
23734,61.380955
19284,59.205128
35076,65.88308
59480,76.56259
73964,47.64137
19081,34.82462
75665,55.30034
38007,43.770706
83275,49.900326
93272,24.3598
22318,54.88676
68646,41.845325
100575,51.104855
80484,67.6445
25436,52.52272
91726,78.11982
98359,26.101116
44176,28.341438
5096,46.814888
96290,21.855827
49397,46.439487
87593,54.239418
32669,70.52287
86805,44.01419
4691,60.697414
26575,30.143127
27077,40.40518
70997,45.438217
73526,54.239773
15013,27.865553
55727,62.20803
62478,58.289276
65517,56.5703
81837,46.632664
20734,45.97358
374,73.89034
42513,47.6873
15630,27.937407
99533,53.593975
62198,72.77849
61264,66.86215
61177,56.473515
72783,62.51331
51601,60.984627
67091,69.24703
39988,81.8905
32049,59.570595
23135,57.034847
4693,77.73337
32328,19.578588
1317,43.952118
97953,64.35531
54555,19.37735
48897,45.770924
37178,28.17942
14184,71.20232
16053,44.51269
74654,35.752556
48449,63.025547
82024,77.10515
12787,51.864574
52073,63.396248
46100,50.387886
19944,59.500526
7122,41.626373
46171,78.80279
14765,40.430702
94686,53.439262
58428,73.91578
95270,62.083195
46244,42.051136
1780,40.277737
3790,37.106388
86655,64.70624
84460,63.22397
54729,39.06379
72760,51.43966
28062,43.62138
49464,74.21045
11770,31.147015
4947,67.5674
25052,72.14558
81782,57.177685
40038,72.365456
17505,50.51398
52553,49.29065
53730,55.5662
87414,34.488594
15230,29.100412
53096,38.384445
6509,66.56036
37973,47.54268
25476,54.475693
44238,26.307795
39302,32.545177
78522,55.95924
58997,40.612343
68723,70.11326
40927,59.238537
39406,72.8538
56257,35.322334
9146,55.417892
43222,57.810856
101134,35.903988
45241,40.690132
24518,73.764984
79392,23.133781
58249,72.32632
70214,40.235443
34143,56.15595
26367,74.88607
16420,32.119812
29671,61.630787
93374,26.349766
66890,52.349316
14658,70.73062
22296,31.120262
62349,67.42977
52674,47.93366
5575,48.19501
83941,64.434
75685,37.79209
11290,34.249775
83575,43.526344
70008,66.26759
7480,49.669254
38532,54.25069
36975,38.462803
76563,40.05237
73944,53.61571
46415,41.53917
46443,34.060013
85885,65.58693
3791,47.13921
86195,36.771744
8197,57.431072
29676,69.5777
68148,76.15108
85879,62.702988
79945,63.840046
52254,55.685402
7978,34.347492
99767,36.008278
31334,42.944386
23177,26.853052
18665,53.19711
80048,66.99966
101528,74.06695
31290,21.60049
42222,45.986652
37602,67.72631
51302,53.135506
45264,67.89489
40882,21.806036
42402,31.183603
308,21.040842
10170,13.755715
64214,39.497128
39398,63.86903
26839,58.41966
92958,31.018112
96089,84.081024
64095,67.40933
44860,63.481102
2868,24.694532
12853,70.16786
67628,36.06076
4795,63.3162
59047,54.06795
8304,24.032946
97892,67.793236
82251,57.783527
8773,52.128704
37860,72.68129
59942,44.030716
50195,62.315414
82184,66.78329
86336,34.464165
81553,45.02133
31276,50.148216
20551,64.33066
69607,70.82861
70443,64.20049
31417,15.593116
46686,24.103401
3046,62.98831
92210,61.12607
68386,62.546947
47532,58.569202
72397,34.00011
94610,58.423923
73334,82.48897
15315,53.130184
41895,67.48031
20130,61.10163
78897,49.594147
58693,67.30254
56112,43.22267
10707,23.515099
63799,64.9783
46781,41.179726
62432,66.83271
85494,43.36812
93320,59.143196
17380,76.446175
81334,66.97173
12769,57.134647
71142,31.571993
38398,37.37017
91772,50.968033
25030,37.09175
16109,28.098454
49897,59.430355
55212,57.38252
9714,48.526726
88253,65.39746
65546,23.704298
27893,39.512585
71557,63.606102
1898,70.83787
40144,66.92757
84192,52.169376
43479,40.84073
15099,41.00452
38482,63.209854
55911,68.37366
15270,47.095173
15514,40.159245
91184,29.10063
1339,3.2910738
98006,41.70249
34433,73.16399
1647,48.105095
54535,22.81921
97086,69.058685
56037,75.06769
15920,84.583565
53941,38.749413
13400,41.152657
80163,51.814358
36473,40.96102
23,70.986046
102615,16.453026
56539,63.070114
37125,49.750862
83502,57.330044
62513,61.50166
82023,14.118803
71806,35.578587
48488,51.084297
101529,37.313538
73785,35.59783
101081,19.279552
55455,28.95592
37933,64.258865
74048,58.404312
50248,75.41696
60876,39.14061
9713,40.053535
65398,45.390835
84522,68.404655
88856,17.810282
13814,33.40797
70590,74.51135
40248,45.416676
68806,45.610283
102560,41.705227
30927,70.6874
9670,66.893585
77244,57.71035
93147,54.188057
88012,54.660923
5541,62.475487
54114,64.900215
80055,52.18179
84066,66.26417
64893,73.662895
84644,67.04144
1164,69.89883
36482,47.94325
1579,18.512802
23908,71.2094
68977,57.722942
69894,76.995476
92691,41.560577
56833,37.209587
90690,81.275986
88873,48.313892
69708,46.694023
73698,50.98126
100237,27.483969
25551,65.42992
14641,69.29109
64349,28.819098
59436,46.064373
64537,73.055565
64015,66.31848
39864,42.298435
92472,57.308582
201,59.54955
21485,32.048656
44883,82.48031
37526,65.099945
59209,48.595436
66758,47.913857
65836,39.239265
51392,51.474274
52508,37.47531
40513,33.114025
81722,70.928154
45703,46.443516
52400,44.643143
52157,73.01547
73347,22.143986
37107,68.72542
19649,71.87107
48620,65.39538
37742,56.824783
42336,47.499104
44121,48.072773
44242,74.71413
44877,28.541359
65933,54.763874
58159,65.010956
30819,47.694645
66254,39.213852
40945,64.81804
44259,59.261272
6217,42.239708
30496,22.288057
80326,40.631107
96205,45.361465
14194,34.23252
49927,54.51092
49406,67.04125
66139,87.257774
21396,42.558872
87348,37.30466
54909,50.956364
5050,56.33673
29061,64.759705
59910,69.87519
69010,49.7386
67201,34.254406
10282,53.485455
75465,62.606117
43350,45.802814
21230,42.552578
57948,56.68706
69610,34.631195
37216,37.68371
34580,30.532492
91949,31.300383
81407,32.646507
52250,75.35838
58887,28.361134
39836,77.37115
63017,70.78015
79448,21.804754
2685,34.267612
29635,58.60029
45799,54.14639
84185,33.67415
37246,44.80936
50627,36.311394
42651,63.217625
2297,62.53014
5919,59.45432
50699,73.41787
83406,62.762943
23013,38.362194
68456,58.79577
67142,54.20961
46384,9.254841
41558,60.318184
67962,51.504005
42437,69.13386
59599,28.61753
5180,58.379463
79598,73.17457
75843,69.027
10513,34.981613
45951,42.4073
101014,27.425377
20620,66.655
18221,64.02722
83596,20.514782
41103,54.186096
53468,58.92253
19467,48.782806
86057,37.11534
61970,63.048744
11496,65.00335
1120,31.126722
47243,48.766743
46653,20.447199
77895,56.442406
77443,51.317707
17162,60.561085
31187,28.726004
68535,52.74749
48395,19.22157
33920,58.364845
32168,60.018562
69963,34.158947
50298,37.282566
63533,50.443108
10211,37.999546
10208,60.037876
64077,47.53862
16712,65.34076
55906,59.65761
43814,44.29153
47287,7.317557
34977,54.393406
8099,23.205166
19908,72.33383
1516,48.740726
16717,59.987988
95550,37.255806
71590,69.266174
5507,50.673798
37842,59.78466
88306,72.968
70032,18.204626
55545,40.07317
68595,73.600945
100559,20.504326
80510,54.490414
86851,72.959625
50389,42.812847
79907,53.12424
43299,59.565815
12867,24.85422
77306,60.549812
84472,24.451788
100469,46.212753
19303,68.26428
34214,60.879578
7943,66.38324
94439,69.51851
68874,34.797905
39081,66.3617
84227,16.20465
39502,46.081596
81772,19.29686
83791,52.262856
46337,10.731863
71427,61.97995
46097,61.607407
42089,35.75018
53508,55.00932
69683,45.748684
52602,28.496758
15734,19.867683
41378,30.436014
98702,60.643623
26618,68.25359
60716,53.597904
92730,24.364838
55624,20.963028
62576,27.44523
86640,76.532616
60750,50.328415
80449,84.2715
7260,76.65262
8937,55.520405
6258,35.119373
59849,49.475044
34470,47.68331
23516,31.35138
90348,66.703964
8398,44.695023
77853,33.24877
52185,66.77051
28283,30.569824
22649,65.22292
645,24.596138
23182,37.35326
79170,54.72798
61752,54.65126
59263,65.53482
88785,53.817825
57616,34.734936
78938,77.98641
53520,41.98969
62741,28.172398
54327,46.63285
95426,72.19342
99509,35.24806
34677,52.838024
9647,57.16467
54464,55.026073
59457,72.41608
31980,14.943922
62982,67.853004
81879,29.698208
73764,58.332947
66650,22.01425
1824,27.39847
26555,30.982141
76126,47.338665
27030,65.18926
31883,34.163994
21692,57.598133
40371,65.333954
72432,58.081512
24470,52.417706
31572,54.824036
58346,58.385906
36014,28.522806
76440,26.338385
34055,70.20286
5999,73.882095
71156,48.2279
13494,37.92665
33278,71.27701
81187,31.865541
15268,20.511118
89609,53.381348
67873,49.89635
89743,42.61068
73359,43.529396
66858,73.89471
29346,25.864384
88063,20.958628
61086,79.56352
92390,56.08964
99992,61.02031
75320,18.397005
47016,45.113194
28076,36.94347
12139,41.664787
64096,32.67364
57662,19.093378
87991,36.324593
96834,56.660133
11258,71.33217
32225,45.030853
39832,40.22023
47840,70.04469
36007,47.830246
79090,69.81481
53347,25.147964
28713,59.450912
10057,53.819145
41668,50.34726
96134,35.872307
36859,67.11189
9865,49.342422
93912,36.138725
24584,56.31042
51971,37.338474
35025,67.95133
81100,23.610996
6468,45.81205
66570,59.960003
54026,54.477673
46635,46.76439
4111,80.78983
79148,64.985725
52478,49.88029
21855,59.067135
76680,48.304565
43176,55.034443
47014,66.70802
5324,36.292603
35492,51.765945
30325,53.417984
29742,33.7136
11658,70.31745
68375,51.360195
28840,22.52637
53838,44.998184
35821,71.526024
22957,31.544617
14951,65.62283
78530,43.47555
87356,61.746536
33871,61.165535
19743,76.70505
99061,13.7186775
68822,37.13352
56354,49.509438
100638,72.110306
16682,45.30712
5332,10.93019
98392,31.21254
76611,67.62845
99498,53.11606
87761,66.940865
87417,70.003334
59009,32.209686
70452,54.94269
16792,44.5984
51118,66.86674
78448,46.633724
15369,55.292892
18025,50.490616
81501,34.281902
94116,49.76319
2512,39.926926
63026,69.55484
48506,25.12997
1191,29.684624
32507,75.616035
89185,26.08459
37280,74.46979
66892,70.047874
31070,51.968124
51049,38.3208
8349,77.89397
40576,79.27331
74307,24.088581
14980,68.19058
40465,45.247555
40329,30.938131
24451,59.722584
11562,61.8872
70710,20.542768
39193,42.380417
38694,46.861015
65808,64.96015
1559,61.45205
99186,44.15904
42080,57.025234
99094,37.4181
75747,80.68598
77520,48.4502
71671,67.54005
65467,57.377583
50194,52.765076
98568,39.831333
75859,65.598404
82640,75.30785
36038,60.445988
94011,65.02459
7540,41.897045
95880,60.0108
14065,57.889996
23793,73.17567
48000,35.47332
84392,54.086876
30916,39.613506
13161,37.629845
23584,72.8884
7834,61.499973
28527,34.40592
62855,85.27306
97562,38.71511
20522,57.544846
43040,57.843792
57042,45.400696
45879,72.18956
38839,60.731716
64961,70.769
48659,51.911823
11525,44.963238
64007,73.86345
6996,69.65942
79806,39.658783
8644,48.52328
66404,36.223236
70817,33.14506
96515,48.169693
22940,52.62315
30068,71.73128
43336,22.91838
57687,25.983707
85799,65.7452
49749,57.50382
38254,47.614456
14916,29.89576
57710,62.963737
71008,64.27628
71309,62.449127
40401,74.30507
42363,71.24346
56514,37.76291
46398,39.195026
49809,37.09229
5201,66.76705
55435,36.969612
19462,60.09393
52794,60.189625
11461,49.72692
89696,37.64109
79222,10.054925
38499,49.73705
33640,30.663935
73072,66.79067
20017,58.862747
95340,63.271893
84339,46.986916
64922,72.683395
67445,24.131592
91926,64.205925
3105,34.523495
51739,31.89109
86445,42.11684
96621,65.31707
24356,37.42661
36749,69.100586
85873,61.320744
73621,59.89272
98030,35.331543
62650,30.690184
27197,66.56029
46522,24.688505
53021,27.469177
74404,61.022366
50493,37.532852
97084,53.149826
71059,60.359524
31583,51.342663
53014,46.35793
4894,67.459045
5618,23.186066
70964,57.620632
37690,54.40421
43103,7.0858817
66702,21.760674
92038,41.843273
5940,35.162403
44895,19.42918
25006,67.34908
75403,55.97584
44016,33.46077
13159,68.531654
34085,30.21699
37416,68.75246
38820,70.08903
42045,67.54992
36790,71.70794
43178,50.38716
26696,58.853397
7388,67.17202
28602,22.005865
43190,48.79223
67948,44.72367
39282,37.948166
87794,45.18128
102602,45.642235
93530,48.83787
3700,78.64942
24727,55.637726
97837,42.512447
17872,56.132786
52719,71.3357
83352,29.070032
94309,42.925236
89561,34.601578
32147,23.275911
90219,57.15925
96934,24.153332
60822,56.4941
98639,51.812424
75195,32.257607
9850,38.876186
19497,33.1015
86788,71.57177
45418,54.118164
47990,40.0043
1690,57.084244
78223,62.960308
56466,33.068504
48286,49.003258
62155,61.18569
12720,62.18307
53182,40.253983
24679,36.417477
80221,45.788635
93695,53.879852
90970,26.832039
90892,62.747887
83598,33.966343
55303,11.127588
37625,54.921535
92723,55.459343
7802,65.221085
62210,65.04908
24829,56.570328
47486,70.33259
74176,65.80235
78421,25.26575
63899,58.064934
29481,56.226788
70429,57.551132
89658,66.52179
87793,44.915226
98201,52.356174
69208,52.09582
10991,32.84764
83900,52.12737
74004,43.6206
45292,52.52505
76766,57.9827
33172,62.88582
68198,43.33563
15735,59.282143
23217,55.8826
21259,19.464815
7589,68.66805
65212,38.04563
19311,74.9726
12588,56.920135
58182,38.690346
55779,22.992247
29683,44.43234
75493,39.25151
71252,68.66765
4490,58.216686
85435,62.57028
29312,77.80725
99532,73.62341
69984,66.74095
67755,44.036926
61505,30.771507
69185,56.35434
9140,50.89071
62667,55.351917
3764,33.646946
45508,61.964104
68764,43.49071
99012,42.80474
20239,69.14324
90772,21.458529
86500,76.51481
50861,20.030466
39613,54.35429
19183,55.31428
3770,47.856857
83032,51.913082
64197,37.802692
29987,62.24457
88929,38.900093
44831,36.589092
99655,73.69488
16052,53.736885
67963,36.634777
20439,29.466099
53135,43.935974
76468,48.412518
12944,48.782135
31291,2.575427
77788,71.149
13828,19.820131
58058,62.178097
61154,43.344162
85528,66.310646
57997,51.927773
73845,33.23571
48257,61.01421
30339,42.666702
92352,50.275303
90001,54.688995
14836,81.56689
22823,51.16193
49339,74.1341
76019,49.37187
71894,56.589737
11181,29.339903
84533,26.303835
48458,73.44396
67886,53.45237
800,60.151325
15380,26.149826
43307,41.88287
91795,45.54795
56516,73.95578
39839,61.249107
71044,46.0915
58587,62.077225
62206,44.80926
45433,62.683163
97639,65.47418
99259,47.58678
40769,54.350758
83613,28.598806
46476,79.73657
41521,35.93113
16277,31.927542
58450,53.24717
34911,42.57254
79350,49.073967
15568,59.868504
85127,50.05855
19754,39.87382
92099,7.6120706
75599,81.905304
27120,70.04331
3914,46.153522
100616,31.761618
7934,31.502428
24244,32.593987
16393,42.616245
44633,61.75161
87313,70.41331
63014,51.406982
74888,54.396774
60487,36.4092
80266,43.276554
29201,67.087234
56115,35.23392
26515,13.927736
80322,48.451286
49906,44.578938
75521,63.662052
66225,39.261726
77150,48.765423
24389,73.0544
63240,69.17241
63386,28.212233
75064,40.937214
96685,51.263226
45795,64.696556
207,43.642647
89006,40.483864
56960,57.925648
57852,41.43057
4279,12.049594
48961,47.134266
55965,56.197308
57790,35.50998
53003,69.764366
55918,49.193333
82307,27.646732
96814,75.88705
50773,36.552315
38656,43.98508
90808,53.82482
85240,52.258076
50730,59.7004
94019,24.401785
41226,54.946205
52088,73.48862
70408,43.295437
76682,65.76929
13473,50.11406
23305,65.79672
80301,65.03164
31418,61.643875
23710,41.43619
5495,73.75404
71334,72.85076
97857,58.092426
92728,24.966587
78836,30.06096
73872,35.95738
100263,65.89297
64783,43.58209
80325,52.157154
88871,65.58915
38214,49.050037
18678,56.305473
57703,38.196384
73212,61.79564
19771,56.35772
18015,63.18672
32329,32.323307
20380,53.21178
57118,49.80926
86623,46.791557
31984,52.106407
56657,34.683987
84453,48.51372
29265,70.95523
54116,81.18284
85007,17.555159
12183,49.821636
92541,43.343716
94916,36.826473
61385,82.44044
71883,56.795727
80565,31.227922
10923,35.81722
43772,49.048977
35049,48.25013
27135,68.34581
58558,29.72031
4685,35.59656
1149,59.520096
21979,44.374695
6662,32.72507
6728,43.41476
12935,75.00503
95633,64.68013
27413,31.63155
98432,46.222076
32793,61.151974
31172,44.244858
30866,70.68932
60465,67.026405
14789,61.942303
96283,34.637962
49912,54.765877
52292,35.30807
94827,68.0021
86799,77.09037
91777,59.844795
35607,39.111618
32616,70.21205
92840,65.360016
84309,40.302395
26762,52.748634
58993,10.353939
33294,30.431997
52060,73.93789
80206,60.734825
61798,67.940315
63829,54.022892
92589,17.581148
35380,35.37824
61884,50.278927
44330,61.664303
18083,51.66354
30033,55.813354
88949,51.851208
79290,55.4346
82760,45.71515
52879,43.374954
19212,41.980225
97236,30.367214
96213,69.969765
99618,70.750305
44034,56.036587
61583,69.02943
80426,33.262592
10903,56.216045
3596,45.94973
35704,46.041584
15847,58.52254
97790,45.07188
18366,63.52443
85566,49.79
65562,48.88159
65358,48.413338
14164,37.311707
51009,63.516907
12725,62.057068
55184,55.068356
20565,54.049072
25654,38.909954
15541,7.9982767
11821,52.84914
14589,34.59311
11853,57.675407
98800,39.974434
33694,33.265034
16055,59.170055
6015,81.408394
51153,65.81765
51134,57.906025
22795,47.80976
74062,58.570282
4540,41.31782
24196,45.307564
47972,58.88108
84058,62.897648
28459,69.805916
94874,27.350021
6806,69.041695
51375,69.90843
8842,62.43985
82315,40.69072
665,41.909405
3738,62.21363
16363,68.18004
73235,68.43629
74354,37.11421
56485,54.190678
77139,73.01992
34017,49.610615
93613,72.1998
101632,76.87536
20650,35.43506
74556,28.400358
26330,59.939507
28512,46.219433
76047,44.016052
33783,23.519577
82839,73.62456
59945,73.26023
48894,67.8941
93562,39.98234
41923,61.652596
21192,65.755066
49149,21.015846
71936,10.27013
31654,62.17085
42932,42.274105
30210,54.253593
45339,57.312416
4469,55.746754
50089,51.43634
60697,55.21225
95982,55.414474
51109,35.080948
22373,62.318943
43411,51.875416
94734,60.861893
75732,56.225292
76031,56.261337
13433,71.37291
86418,45.141594
83356,34.99012
35365,34.26585
75529,54.638184
26251,37.685028
94828,24.395782
11082,38.20641
42288,64.47393
79379,66.96067
78019,62.279503
50086,55.75539
3927,36.79992
53848,17.233566
48933,27.82193
30639,29.559824
69157,69.56666
80577,25.73632
66596,58.81873
59952,33.814106
97284,45.64356
9447,19.806368
74269,34.763218
69987,42.584373
59646,52.284954
80226,36.849613
56294,37.251656
9495,57.366295
85074,37.401913
10469,65.831276
21861,73.29725
49889,34.319546
92247,23.500635
99985,35.163685
101451,62.689713
67860,44.099316
25169,49.836876
36779,32.00705
1237,48.514965
46164,43.061787
24028,45.65348
84653,52.900635
61227,26.884697
80602,69.82273
72666,37.02929
25850,27.196978
95460,39.991444
85773,66.585175
17533,57.192783
12484,70.26897
97572,67.42553
4830,74.53832
24867,69.69162
71772,61.082832
44572,58.136986
37613,72.59598
16170,58.929012
87211,48.49446
51597,14.729339
44758,70.46668
102481,46.030895
87922,58.277847
24169,63.54766
15040,71.49034
96959,52.444065
81662,71.66358
68898,44.12709
39095,53.02371
82081,62.2707
28116,32.964184
98536,59.320816
33287,63.609528
52515,45.85908
71398,44.842163
6514,19.833708
46667,74.56908
21437,57.60087
88617,36.121143
8404,50.848667
80770,65.54857
48508,36.019115
20249,63.63382
92797,50.35778
64330,43.75517
46580,17.019108
15666,49.54515
39114,24.074156
8377,41.91305
70760,53.116253
97283,33.040997
50407,56.793026
18132,30.011084
20081,40.592686
12885,22.678442
73346,40.51381
33863,36.716686
75987,76.57893
42511,59.838238
32421,31.830608
81011,79.25908
93456,60.89748
59716,55.229973
43128,34.404026
51145,57.119324
16030,38.49108
84830,40.96519
98658,58.90091
76410,33.73701
28671,80.209366
52318,16.061026
49195,47.50226
68521,71.5275
65028,77.11606
21691,47.305183
42191,28.306929
32366,61.169342
22634,47.21071
77509,29.052202
89983,59.14265
38748,69.462234
1753,56.43521
86389,29.25966
70729,59.9027
86790,46.990906
49385,66.94767
33386,41.673954
9209,31.9946
73090,47.060787
59909,75.02491
28350,48.90678
27182,37.008183
23546,50.889576
34606,51.94018
16463,33.005047
63979,61.601906
58411,70.6274
10561,65.03848
21489,45.63807
1793,69.56415
102587,73.19066
93499,55.624165
60738,44.213856
42299,46.243042
29764,52.02197
79602,67.891914
100353,61.220745
25304,56.12658
72999,40.406395
33538,52.934753
20920,74.17673
31693,51.870293
80002,64.67401
70156,50.579395
17835,54.761852
99779,56.28838
51755,44.24378
5904,73.718376
12987,75.614845
31772,45.38393
72563,8.294528
73204,24.728868
9532,66.78271
37213,45.53671
79040,43.864964
90081,55.26817
49617,39.96117
57170,46.89109
14734,71.969505
53470,64.21135
30808,33.09753
13520,19.195726
9773,19.953697
18951,57.4511
42427,49.827133
64538,62.844425
86985,29.718618
56849,26.153688
56241,68.02373
58116,30.531097
2643,72.133675
97417,77.66869
31221,39.078762
34546,45.54722
92216,31.270485
91847,51.15731
44028,51.75304
55449,34.451767
89400,46.566864
62742,21.073416
12979,54.938072
91869,45.379196
40779,41.50417
87878,32.88961
66711,71.13706
18082,56.084267
84846,28.287394
54054,65.30052
40291,34.422783
13206,24.237776
25631,69.453476
66251,56.70467
4565,47.603836
17675,35.410683
7016,73.35052
4230,72.54389
60109,56.255226
61965,68.706535
49938,76.279594
28237,59.558186
65512,46.695675
42478,32.578674
72730,56.370743
55678,75.788605
64866,51.53989
24865,7.6186266
65884,50.7666
68079,65.13871
2379,45.68389
82832,52.014225
27888,56.76634
91853,52.98503
28975,78.02314
14859,53.43915
20778,70.80673
68559,62.209805
34988,67.82837
69681,40.550667
76544,27.985338
26044,72.84518
33991,46.914482
70624,16.695753
15580,41.335117
69997,63.889095
42717,20.988958
94929,71.63663
53481,57.22151
91828,16.331728
9357,45.04176
78524,43.20811
99189,30.508232
84320,69.84053
18111,64.320145
43674,22.024769
37622,46.429432
27065,36.94822
93845,48.62362
4048,61.589836
82801,66.45638
30590,21.541758
44887,52.60489
71931,45.685154
85511,73.049515
71120,44.399246
80187,56.637806
28072,25.904875
57893,60.677647
27327,37.84625
45672,56.767185
25757,19.01134
43990,56.926937
31907,63.149353
7524,65.125755
65946,47.388622
10337,28.915758
68029,64.01598
89781,70.3298
44909,60.314926
49930,71.51922
25268,59.89347
65964,42.470108
66862,39.21031
59602,36.296524
3180,41.23578
97863,38.316807
52785,73.74999
52648,33.402477
53429,57.09396
66041,54.92711
87496,34.16043
90596,84.63634
48667,70.85554
83985,69.120735
61768,5.1829414
59200,49.95876
28783,61.499207
47183,65.17793
23449,41.238766
76957,44.64033
61016,66.29002
11661,45.240593
88552,57.559166
80106,58.58572
32305,60.667763
67397,68.00663
97379,49.25853
70107,49.83854
81852,80.06597
35013,63.299255
90617,39.151802
92344,60.452137
4284,68.497345
1735,15.118248
73836,62.328697
49970,41.42959
50033,23.09198
83566,59.64858
18197,45.160637
72073,57.066082
18798,44.839348
61512,64.26142
13033,60.62407
21991,33.91119
13431,48.055202
89756,43.403183
89853,52.651333
39990,60.899757
72938,33.442844
91855,58.793224
19482,58.103283
55252,72.20991
11267,23.865612
93636,70.77768
40115,27.680101
57582,35.001232
23215,49.669968
98849,72.90611
40400,67.403366
76213,31.080133
19065,61.092678
25379,63.373753
41648,26.056873
2705,24.16952
68841,31.042925
57312,64.76614
1527,42.22105
81179,54.945168
52651,37.987225
37471,56.02893
41913,35.928528
57018,25.507475
16575,60.132103
58845,51.151714
93679,46.027092
94615,63.167984
99494,55.425888
87520,35.61358
61108,74.74176
82658,66.33449
47142,59.15423
5354,53.68427
76261,43.117928
22197,56.63832
96590,38.272083
80312,76.73393
30921,63.563885
3498,31.763105
43151,44.205765
53084,59.70286
67650,46.23506
92788,34.73374
35230,56.66146
74290,46.742435
21191,18.543713
68358,61.85841
80058,70.223816
24121,52.108627
37508,73.21096
5103,58.978577
24765,32.374672
9526,83.649376
14990,42.846916
89512,30.619936
18279,64.88508
19152,52.26493
559,48.763702
92603,33.222866
86670,21.53037
47231,72.284355
73775,67.70029
3965,67.69457
49500,67.609955
27138,19.995361
101685,76.42891
25116,72.267166
11483,36.913
26201,42.7075
5534,55.77486
35768,49.089806
100976,46.281605
55267,16.382849
56678,38.55239
27878,40.82947
81090,50.4059
67861,46.294662
34802,29.966352
14981,66.48503
20107,55.7808
100399,28.80203
40821,97.05716
75067,28.607388
55950,6.9303246
36103,17.526672
85906,80.518196
39192,21.742174
51430,40.028873
99870,47.68987
43538,25.250774
59506,57.61659
57339,26.686152
26813,37.65277
78943,38.588852
24653,78.594666
83323,65.586334
86311,29.720325
73757,75.3796
26007,44.02462
38027,62.678604
49871,67.27438
86257,55.925316
72052,72.36629
43286,71.43512
101092,52.26985
34036,67.83354
97345,41.923973
54613,36.00636
53989,50.207527
79936,42.385494
70468,67.81935
43554,60.82238
23589,42.92706
32156,31.524292
44554,35.140163
13795,62.646427
79677,55.981686
23846,36.093334
91121,24.324396
9352,57.968918
73461,75.09124
53438,77.8659
53166,55.40661
11706,46.902885
81277,61.2586
22772,37.13559
9166,48.45464
277,32.798656
17195,27.531025
74100,32.758472
16781,53.394447
18160,63.148655
77315,72.60892
75266,49.827568
100318,70.78625
98316,69.97521
27689,74.27635
48679,37.020077
45819,76.31966
20275,48.076187
46886,42.671528
102189,36.094376
51576,48.2659
9917,45.58085
86433,67.01001
79096,61.14468
96617,70.56405
66775,63.09155
53308,48.93935
84162,49.071415
92048,31.263847
49062,67.12563
13336,83.68656
90980,59.64427
1390,68.01384
16326,40.87146
31435,69.402115
55197,81.89996
70996,18.059637
96382,45.02565
70140,40.870747
49120,39.516228
50950,67.55931
20680,18.444004
8837,46.151962
24420,50.183422
3956,73.46647
49021,50.81089
48238,79.163925
90803,67.01495
102493,65.338844
55472,45.567623
68130,62.729065
38353,17.106676
36279,24.8863
30660,57.715584
53491,53.890358
83899,53.04323
18784,31.32963
74699,59.753178
25822,66.75068
74452,65.288635
84918,60.638653
8995,31.816738
4783,53.241833
76097,60.780487
87157,46.58442
35219,34.21859
64496,37.01405
58940,58.256294
102401,19.671839
44145,42.393448
101108,52.513706
67992,37.23199
71269,65.69331
36317,52.570232
93357,49.41908
47846,71.47285
101961,61.931026
41890,73.96307
52784,53.655403
16297,32.74718
87542,73.87859
99075,43.20403
30693,46.45663
70105,61.23406
65282,35.290825
92827,46.39087
5408,35.882004
42361,55.23923
52476,38.814034
70009,25.82652
16696,39.17517
70961,63.15065
71255,58.155132
56619,71.77003
41863,64.816185
34726,76.556206
26426,62.0165
23475,68.235596
64815,39.181644
81924,74.81958
45868,71.86698
53869,72.91161
82705,27.0573
36999,18.412249
39301,55.59231
36009,16.225117
74262,72.08325
58230,56.480137
20410,45.354637
91910,43.83594
59582,29.26883
28520,10.586854
69325,39.883053
94605,37.013958
81617,45.17313
27204,54.53199
16090,61.02296
70709,45.13662
44740,30.78564
2338,58.20649
25176,65.319
15556,74.47703
2721,43.25379
101739,66.62469
1135,61.855915
78636,36.3257
74795,52.4194
52040,68.407906
27821,26.032238
93985,28.003386
55740,31.1562
82382,39.431366
66316,43.279484
10295,74.9138
71182,80.22475
79549,36.782894
85143,50.88479
60919,67.004456
84596,25.46898
74782,37.61134
54452,58.993423
100069,73.36973
83753,43.023346
73255,42.068222
3063,46.501667
53037,65.20042
38909,55.832485
20004,30.691708
62771,71.5895
11234,59.764763
62556,42.461533
53732,32.685024
88760,55.0624
89725,72.93836
91255,52.14755
62237,59.185833
77758,50.201645
46763,75.38401
22904,64.9027
64129,62.663967
68170,73.873505
89900,24.718912
70256,68.64617
57013,62.173386
82206,63.011215
33651,60.711124
84132,62.442436
42669,64.05059
44047,53.848476
45560,50.197575
27579,45.88922
49093,68.75095
98426,46.72587
94566,35.62309
26151,30.515116
31915,46.191315
79720,46.065308
51440,53.763508
22803,62.345356
73826,62.245014
25754,28.7221
97910,32.542732
64451,51.810966
65383,64.61171
1208,30.579859
45517,81.5693
32896,22.540392
41977,44.381615
102624,64.769165
17252,65.58893
24576,31.846828
83129,60.965275
18446,35.823742
63663,42.002293
80909,72.86037
46233,6.0997963
75094,30.624586
57754,46.554977
17150,34.282196
2488,73.68147
18472,34.114338
77875,32.428734
47245,37.074944
75519,25.297686
71188,85.78791
67049,57.76843
67372,62.960205
66293,31.182798
73095,50.77256
74739,25.146454
91856,55.584057
98115,45.45338
49224,45.06886
94028,61.734848
40125,37.080444
14414,72.58327
63600,43.366272
87770,62.88949
89507,63.504295
94114,40.277912
61745,35.908092
4311,16.23276
98801,14.147226
42415,33.695976
27333,54.8292
9982,34.29849
29632,76.15041
71244,39.600918
43660,21.271156
28545,69.65608
55866,19.416275
23399,28.82559
93114,46.89061
58865,45.591755
18940,44.506355
23849,32.891094
73935,24.058622
43480,62.280457
72658,30.183187
85919,58.293617
35926,48.862637
66472,35.247196
18177,65.80835
93976,65.02662
46994,19.62465
94408,29.945412
96552,27.201178
45404,73.01011
46847,34.169033
29454,31.717184
65458,52.248302
93025,64.748985
17154,67.9365
17812,55.83596
34587,37.29178
81014,35.147346
93284,14.676062
90789,55.296215
20355,50.182518
66795,61.89295
82247,40.005756
81321,72.38051
87055,67.192116
58387,56.627968
26605,61.20081
100313,63.670692
71200,20.59509
41914,56.650707
15748,44.552826
32684,79.03189
67018,51.284775
39060,52.869717
91461,24.743998
66725,72.61229
83740,57.448353
5548,82.89404
33273,27.221558
46076,67.382576
93341,23.875313
73145,47.4679
4157,28.56467
42939,30.896849
31081,32.651825
41194,55.65857
78908,62.258446
92929,72.24079
11095,58.381313
18040,19.933994
74872,68.12037
101476,67.5628
8030,59.448483
49892,18.492315
96806,33.067486
46373,45.16123
1470,45.218956
69342,56.482456
45647,59.71872
46091,72.113785
66647,60.275845
35320,44.66771
18897,27.157812
5037,82.69768
95926,40.51471
22994,54.66933
24418,80.62349
49275,50.792786
2761,59.489357
102111,55.56999
71012,55.773087
26333,35.32491
12636,45.938072
1033,58.692142
39354,46.60477
35105,42.258453
26941,43.054253
19406,20.773132
100706,48.453003
5654,73.83806
78564,30.830856
8204,75.316574
14953,33.768715
10745,20.671906
42455,50.194992
3502,59.077747
8919,52.309196
71111,66.29784
54148,37.474075
42778,71.72649
92928,63.950768
83631,40.297245
48835,41.94143
2345,56.599277
65435,55.638847
101224,51.740692
1808,60.580685
19703,28.798342
60924,67.51691
31166,40.17753
58974,12.999789
67377,49.80316
6843,58.69193
49675,80.96539
32810,47.682358
98233,61.96754
66823,36.684097
58434,52.624866
87384,66.64047
29258,43.162548
45243,42.19338
101005,39.968895
77799,64.46907
37281,27.68741
52428,34.833622
28628,42.04739
83658,46.17558
96254,32.423832
61631,48.37827
14893,72.222855
28862,72.078766
39230,72.15892
90711,43.289604
102290,40.50999
49046,60.847557
28327,77.34667
5003,58.732075
21821,59.08956
58299,26.082647
60103,76.41762
93461,53.74195
15335,77.09087
51729,57.81423
31223,57.71115
31224,20.808004
2170,68.14707
58045,24.41447
58200,28.783396
10984,48.580624
48146,43.84019
54798,43.313923
29205,56.637417
34932,41.57957
98694,41.476917
52160,59.353535
64694,69.91279
66346,56.954967
20168,66.34355
94267,41.84114
97308,64.268074
36582,54.350655
76694,51.096096
80619,41.545837
50916,16.670937
53128,56.78346
94414,36.05311
64905,34.278954
48627,68.44391
96996,28.923622
65849,48.354187
87682,53.324955
17034,72.845245
66128,78.4327
59199,47.093304
98573,64.06277
57195,37.139755
35984,58.623943
101267,29.548227
15829,24.954632
37368,34.844948
76206,32.466213
73366,18.063745
89659,71.89094
75945,28.741478
99079,28.629028
44452,37.249573
41984,56.230682
96037,63.249706
7948,56.141754
68689,58.930332
43155,13.999021
8677,49.806084
82042,46.03457
38021,49.812542
41699,73.874504
84125,44.819508
55388,38.87231
23921,44.692623
83533,53.64679
20853,34.74145
70345,31.999544
97797,15.158417
18763,60.772903
5268,40.272846
63857,53.671383
88611,59.694122
6230,41.595688
35963,45.33264
43430,38.547394
19501,60.428684
6534,40.11988
69641,45.725998
6448,57.14476
17240,60.85251
67654,39.130222
97098,75.78217
24985,68.43624
79456,34.845913
102644,73.865776
63756,53.373455
73514,47.84082
82641,28.344326
78290,42.04939
89098,52.437565
33419,47.073723
89809,49.374058
70072,35.408886
99120,48.459908
82689,71.61362
52607,59.994316
19418,53.54287
12915,19.157032
18418,21.0227
49142,74.67896
94393,50.676086
18138,36.016808
93818,54.98022
78585,60.77912
98286,42.328827
71864,79.245056
48575,70.15712
48103,41.065193
98878,36.356678
73133,45.221054
40107,39.482674
95160,74.87213
53350,52.015423
52170,33.506027
55173,70.270546
28656,72.37506
77699,17.537685
37750,61.394897
87774,52.263817
25267,17.308382
71508,29.282871
96329,61.61741
11799,61.480198
41981,70.64708
66134,63.809166
10615,33.604973
39367,45.29175
652,67.26647
48531,51.74305
59116,57.773026
7176,37.001186
97368,66.93998
15933,33.597443
66635,72.238884
27171,41.51142
90752,45.44392
24991,44.481525
21161,28.033085
67365,69.23698
17888,67.3715
9645,59.931988
1153,60.958897
62232,55.171753
91878,58.946003
101381,42.117897
4862,77.5334
68101,43.851704
42267,74.972946
61254,73.684235
70690,34.21321
9881,16.121273
42343,43.049656
100891,26.442488
11145,32.551945
79213,54.926914
83200,59.38694
24431,60.748955
5676,29.860317
62940,39.119106
54035,58.969902
39423,65.61891
26571,57.806255
96670,29.751253
99081,65.25231
29559,33.769638
81259,65.94585
96720,45.506374
54434,72.336655
26900,56.65784
5702,60.918407
2698,53.271637
50864,29.91342
87795,67.98229
51130,31.52248
24419,36.899117
25705,49.420925
10412,54.725056
5499,53.573895
32620,68.244385
16729,66.82182
28406,53.438435
95637,20.603716
76184,40.91852
40593,56.176678
22319,29.936205
63456,52.135517
94931,62.635357
96682,64.85146
102272,44.149284
44379,28.454489
30421,46.351738
52575,64.404564
29879,50.34407
5396,47.69762
89640,61.672855
37591,63.773876
40349,76.64571
101232,39.383484
99126,57.889427
2136,73.22053
96614,67.34285
17645,18.918108
73138,70.47425
72826,47.220848
79668,11.162654
46033,57.04988
42158,11.514183
56119,64.407135
10232,32.007484
49742,58.894882
90284,8.849155
43644,46.341106
75664,69.814415
87606,42.0608
38929,45.613327
79147,35.92724
13297,47.542107
93761,60.00201
99202,70.6389
59638,44.761337
86911,31.142996
96035,49.46105
26831,19.36906
31089,28.296516
35304,53.89588
68818,69.14132
73048,70.02896
77762,41.424713
24868,64.98056
62820,51.016068
10987,64.39098
95675,66.00766
16033,48.547714
78659,46.497032
64693,50.72256
51626,54.98448
36615,70.57691
33695,56.26565
93389,73.700584
18556,71.91959
94016,25.478374
1272,74.85427
61992,65.37206
7036,45.466587
7494,28.198841
94146,26.51845
50566,57.00927
45451,51.81901
88099,39.62071
43522,53.627445
54473,59.217842
93861,43.582336
9810,48.875664
24204,39.523964
87840,37.649223
86726,50.582363
59453,76.930046
59350,55.206635
34406,57.64886
38126,68.87539
42442,52.76272
4340,44.57048
33527,63.387886
24539,66.877426
85025,41.387325
34945,67.471436
2983,56.013
68685,40.226437
84852,68.847534
29685,54.01201
3983,57.86838
67680,40.605824
86610,46.95844
62416,64.32754
57478,22.631489
50724,61.53559
101995,72.17846
74172,67.790634
12123,56.112778
51209,43.28238
101610,75.16658
15044,61.946342
61210,19.921314
55584,21.012579
56587,61.394627
11493,54.677612
83498,67.92455
72743,38.559555
44142,56.81836
16485,27.868475
88226,47.970203
41262,29.740543
39461,65.09843
38795,67.697876
55630,10.392224
3032,55.580505
79429,21.259468
51773,73.17344
80543,62.167583
21875,67.01573
76466,16.066782
62283,42.612846
93467,45.682343
42682,63.516647
55878,61.80217
25649,61.751534
78765,7.203401
62364,33.89034
17816,63.49694
98334,45.790054
58816,40.095577
39724,75.78928
95616,59.427475
5047,63.316936
53479,52.82592
84107,62.26767
30096,24.500454
91629,53.238823
55723,55.65969
22032,66.155754
49577,44.92746
58728,59.05451
66256,53.022144
81627,23.40227
9402,43.005783
81841,59.33417
87800,81.725136
49049,34.94283
49083,72.958374
88974,50.848717
54396,29.557163
29264,29.570648
93954,52.746864
98077,66.340355
17963,22.226181
48909,43.824898
48197,29.550694
38647,74.11615
97669,50.481728
71861,59.774536
81384,25.848839
102565,61.68657
28014,45.521774
82656,45.05158
6846,38.549362
56280,52.962616
1075,41.666264
82619,67.86398
17423,41.38936
9333,49.80369
61936,61.063522
43635,40.71582
26742,62.70775
28240,42.7155
96280,31.820942
10130,88.24077
44435,39.923256
85562,36.43706
35256,59.010544
47112,50.975903
37347,38.90261
65944,65.450264
58056,27.857292
46433,65.21254
31074,62.107727
43420,71.12522
45895,40.538822
82663,35.888634
68106,64.09845
59304,52.33305
80838,39.997715
86879,45.385044
3219,30.703081
337,49.887802
93952,64.178856
1693,57.565815
16595,68.335014
37303,38.4599
18241,66.81331
93762,48.341393
32565,72.891106
19654,24.616192
78073,17.959742
20516,51.552376
65822,19.410194
8617,45.671574
5854,27.700819
89033,24.236036
22696,29.85138
99950,42.09419
95533,66.682556
97700,40.630177
69487,41.01623
76862,75.4074
25120,76.27952
36762,69.9143
22033,44.267246
74213,54.596264
30169,32.54585
21290,27.803213
79353,56.31049
17352,67.9028
89858,58.326504
84210,47.12281
67198,65.704575
68336,54.478176
51556,73.98073
93686,20.440712
44054,42.595142
1868,65.79338
76921,80.44559
31535,29.062387
66790,62.95019
39000,53.63223
35916,64.035904
50302,61.730366
21024,75.627525
94739,2.3834198
101238,73.696335
90929,69.93637
30195,51.239426
63742,47.49908
32056,64.060875
7863,76.146965
5473,36.59751
14288,67.171906
82279,57.879745
76491,48.070713
36828,30.426624
20758,36.817802
100077,33.658245
11135,42.238895
20347,31.301083
24301,60.19091
74400,69.250465
12486,72.83636
101268,22.886297
68609,59.63424
18068,42.422935
98985,63.32705
96233,66.46059
58075,68.52392
18934,64.74694
67754,67.26976
12041,35.316505
87830,57.62373
36602,74.41583
9235,52.281113
23093,69.62931
88484,49.36142
81533,57.602013
9345,52.58518
88403,50.536167
45994,44.786514
77680,37.85418
65200,58.0688
102072,42.687805
77449,19.577324
94184,73.618675
102433,69.6973
21889,59.766975
37607,70.6647
28154,59.03501
84933,65.022125
13289,31.470188
34211,47.10725
27857,67.639626
85612,44.87596
74859,56.65899
98035,64.0859
19351,54.16805
73806,69.327354
76455,53.919983
87225,64.88815
8496,62.67909
16403,46.304623
928,47.854355
23571,25.182697
57737,61.559986
63692,54.825836
69593,29.08343
59670,18.138748
43477,59.43296
102179,64.21584
44275,56.625324
89566,95.42062
49206,78.64127
33836,42.87363
14529,40.20085
78052,59.34102
34829,57.798386
64240,60.234512
35479,62.91496
1565,68.265724
22418,29.277044
17326,60.96035
16035,33.83968
44423,38.968758
73991,46.1389
16973,61.650284
86326,75.94675
9045,51.592327
71795,41.597256
60268,44.580585
45236,39.33087
80087,82.41388
94687,52.269333
10540,62.100998
72256,71.625175
81825,55.15267
86490,56.98322
1740,71.970726
29341,64.41633
2172,17.742067
53428,30.058472
70458,37.29742
18464,39.879005
46851,65.95628
54398,58.869595
40660,27.516146
91179,57.619026
75499,59.834297
22671,53.789448
25028,71.895164
15992,43.138268
9201,21.80497
24341,37.03556
42781,69.63803
87866,14.167253
15475,47.549862
48832,3.115374
10765,22.520163
85067,49.742016
82048,40.3913
68830,55.16724
70409,38.92449
98673,49.82969
9480,40.372154
34328,42.798176
77804,7.8248644
3202,63.23895
25905,58.539192
79253,67.03843
25877,44.00331
7451,49.422405
27381,30.205511
89997,20.739202
34052,73.59807
37070,26.419733
91542,48.153835
56624,52.432724
13787,73.299484
4537,42.91275
37641,71.94614
50375,59.59201
101303,31.636147
59027,46.740032
17836,34.226093
73045,45.501904
43564,74.023384
75139,63.34035
51269,43.647545
97316,26.320726
18991,36.491486
1573,36.124695
15385,63.85509
68792,68.82009
90440,67.19573
73481,70.618904
76207,34.130035
79,73.90877
3630,65.72356
87005,48.310364
86382,72.72088
59032,34.79774
84729,40.525677
8411,21.703072
20648,67.32447
78829,80.697174
61507,47.406876
17785,71.42091
46457,39.838737
61490,70.76067
98488,47.755066
72430,65.66791
22626,25.941097
99181,72.08087
13407,72.24545
60702,52.687332
96055,64.133415
61404,44.394302
101152,65.36013
29317,52.30253
4347,54.04353
42260,46.093323
79726,64.09992
56759,47.140484
77062,41.8726
22728,62.05089
66217,41.50257
13773,56.437614
22932,46.287567
69771,46.461052
45525,46.93751
41536,48.79845
33481,40.734592
58623,69.3631
81807,49.080597
15500,32.7418
78582,25.020456
47706,19.390778
85706,54.931408
42541,41.634453
1446,69.34754
60093,66.584625
37762,71.169655
3171,62.42767
18959,47.101482
22750,51.720966
11167,50.36025
100772,64.46132
4168,76.391945
58206,66.21496
68886,53.58442
13305,65.86001
55674,34.72634
65414,70.060455
50364,56.18233
74072,58.89095
84311,33.421124
49381,62.338943
18133,42.901245
5464,56.595654
52265,24.91949
71567,29.43605
81705,53.94094
73779,46.348457
64105,15.437181
107,62.496452
56033,49.27277
80153,40.703278
92412,31.933317
96904,48.731632
33320,20.088133
620,35.494453
61338,44.361843
77300,43.78965
27721,64.40179
83678,37.151287
26075,66.605835
59411,71.54317
101028,71.05554
32352,36.815987
81704,62.512886
31314,61.888653
48514,23.88153
68897,50.36961
35036,40.21917
35943,64.42856
17351,63.128353
90060,58.73729
1048,68.226524
16140,62.10454
45238,26.20451
58291,57.66852
67354,50.57962
17147,27.01406
30472,39.581642
75331,46.041805
38094,44.663853
82975,39.6897
21225,62.263897
87038,50.895687
11377,14.534358
26516,35.85768
62532,59.9701
49941,36.477345
40531,49.066727
81058,38.375595
57592,54.766502
59455,58.912426
48357,59.46895
4621,52.86109
102235,59.666954
46103,52.65693
3192,48.191177
58894,41.593975
87815,20.77929
630,24.9466
13447,47.602005
7408,73.46995
41377,57.48464
100270,52.812836
62950,41.790527
76020,69.60045
31962,40.762806
99904,34.335396
40902,71.80248
24218,17.57817
77907,53.84213
25048,42.456676
20018,72.97112
66385,67.63354
56477,51.012447
63640,36.925114
66934,65.85018
49586,75.19184
58628,42.83971
101892,60.654408
4138,44.170662
41543,55.08751
13997,65.03884
46116,42.749596
55702,27.02114
9202,31.550596
64473,51.881878
8000,38.994366
8736,73.647095
49322,68.65921
91884,70.01406
61539,69.751495
13934,56.799328
63532,32.879143
22529,49.576
22726,18.75303
91099,34.16908
96855,36.453922
101285,36.939663
79516,32.270607
64338,45.766113
26573,61.458572
17697,34.224506
95216,43.00999
55136,52.82239
83385,24.535488
32179,34.982357
41293,43.288864
56662,71.49028
17776,41.135517
51551,41.856274
68368,40.338745
61771,65.52278
60212,56.81829
37096,65.3478
63828,54.559666
80094,61.04914
49633,43.527992
64239,58.74407
24945,23.31937
119,65.440155
51512,72.169586
14965,68.05476
1816,56.23331
52493,83.631256
82178,12.115631
92546,16.661638
76555,48.479748
74326,70.43044
54360,75.48014
57695,26.437578
61267,57.624413
52425,65.93418
67966,56.465714
96027,27.226116
43481,77.5486
17236,75.45571
97916,81.375984
101944,65.97574
42248,50.510082
62843,67.29524
22250,34.982635
102666,58.77395
7242,32.789284
86922,37.626194
49015,75.36456
62805,32.695366
85216,55.800957
30488,35.062126
18065,63.894684
36911,49.621754
51305,46.66189
8506,48.913834
93914,37.3343
94243,63.602745
19942,49.904163
42862,63.538998
63613,65.66064
84148,38.562717
26032,60.055584
25959,5.335701
42010,27.069735
38593,54.546005
65301,71.946205
64970,60.320404
55045,49.105232
5438,70.04681
101310,41.757847
88959,68.79554
24202,43.290157
57036,58.06709
54335,59.14621
92458,60.44864
40993,72.32424
31025,55.03581
21009,47.014114
12516,23.595177
92101,49.77121
80695,36.371258
9370,26.458323
10384,62.231476
73753,32.679146
8854,31.059439
80890,66.059326
22067,56.8573
19093,57.25536
3152,50.292847
77025,43.039837
94142,57.942497
23532,75.572655
39100,44.48625
34878,67.90605
30082,44.42376
72515,61.188995
84386,31.09075
33785,33.89553
31682,75.368645
13909,60.338318
18880,46.6144
47502,14.748904
22589,41.219948
49061,54.39645
62225,14.976016
7420,46.54966
44492,48.580677
9845,49.84389
41801,19.08961
60540,38.24472
4552,26.725294
22601,66.58702
32512,63.787964
92270,38.54859
29788,78.88303
91278,43.839973
25138,48.794193
35642,55.820076
92049,62.557457
65018,69.87091
28698,64.26268
24188,21.696693
46728,28.387766
98741,65.70691
11954,58.1506
91451,51.697483
2273,27.967876
6327,33.65699
56601,50.19701
35073,46.47675
81363,50.0963
31095,34.802124
90917,39.925156
22657,36.74496
90083,71.34242
39057,35.453606
57782,47.0371
80341,25.514418
35130,49.632492
94301,35.17451
37939,53.5371
12051,52.128094
74391,45.58468
11104,60.90481
11856,24.643661
73238,29.810902
89859,39.867634
16423,58.775978
38032,34.05097
25101,20.76606
2589,44.276936
51768,55.319267
10354,40.61093
34516,74.187584
65149,67.506584
101413,37.839905
82513,46.86185
48237,34.141876
16829,73.4983
34291,49.178967
3121,42.334347
49429,37.500652
22187,70.16303
90223,62.516716
33230,41.056362
84576,59.62422
76996,46.75197
18616,58.875687
51117,51.167675
32382,58.005062
48876,55.88369
53490,20.14678
50309,51.199574
94809,64.517975
80362,75.64235
31844,20.757877
6025,60.8256
33817,64.73869
36123,67.07675
89312,59.244816
45757,64.974754
80056,60.809208
48072,22.818785
3056,33.55029
12233,48.97188
90006,58.8177
51280,36.640423
14160,39.26202
33904,25.314428
78650,48.327034
33376,64.31173
29253,71.1714
65821,57.55689
86222,69.959305
31463,64.365074
17686,13.252964
12075,62.66602
7760,42.85323
22580,75.52996
35606,39.96512
84752,72.06815
10664,48.674652
35188,54.86487
10119,39.495575
97328,69.46262
79335,34.312355
99390,49.091034
67482,68.151054
40639,50.233685
82252,54.616158
101342,47.10065
22405,50.72143
95651,25.438612
79342,41.56914
65785,33.251293
43119,32.31331
67885,35.687817
96604,18.728746
10142,57.52448
37708,36.58939
101932,43.716793
74286,13.651967
52543,25.41199
50271,48.02947
15888,31.94037
66675,36.905853
90062,51.068535
47536,31.911821
94487,34.965034
48510,77.073784
34172,58.402187
36645,49.248283
78349,49.462395
81459,47.335003
101577,35.517353
18721,21.0417
77926,69.087105
95958,55.452732
5988,32.031033
33549,30.539276
23213,49.113518
76484,23.307549
7901,71.58359
32930,16.442404
90169,68.559975
79957,86.23367
96048,73.16094
24358,58.20595
91048,71.49203
6176,47.744247
32251,51.72794
27883,55.037323
10656,78.601715
72828,71.20406
25486,49.52712
62297,18.26754
11370,74.67604
70659,40.610703
59995,53.713364
27017,46.991867
79444,51.59527
76653,50.98834
93103,74.31944
30774,39.804047
65780,58.89617
6053,67.56612
67717,40.600273
68135,72.17914
45101,52.02426
100825,62.96464
53829,33.65985
100085,56.84318
51814,79.401245
71499,38.08478
5946,15.752561
43756,74.451256
3350,32.56059
7708,35.06846
3396,43.47061
9923,55.99977
57316,60.788822
26077,16.112194
67290,84.52367
36515,26.043165
82608,58.556713
82863,42.83798
72688,73.83334
36816,29.48297
98640,47.60937
90960,8.2734995
16117,64.86351
96348,47.28595
60325,47.094753
73829,77.23157
50786,68.63401
76782,72.84624
74555,60.729404
68757,39.00965
27837,25.052135
36811,64.14139
84684,68.74552
65947,61.55525
11728,57.7938
24562,34.831394
35532,65.82819
17463,26.101013
21233,65.52424
38443,68.51889
89672,6.253851
75433,65.50747
40479,68.14252
71934,40.60986
87706,69.40109
64808,52.22363
27256,67.05849
79769,54.720566
46526,64.65526
72086,71.49113
29318,31.754501
8988,38.767323
91758,80.324814
53376,30.301365
55896,40.29575
15395,34.103584
5007,72.41754
33449,30.691175
47011,75.19199
58827,58.91317
36040,62.065342
63975,51.175068
23664,53.072704
42979,80.41834
59472,72.07823
54338,36.657066
97154,43.13245
74370,48.347977
47039,64.28944
98193,50.74923
28438,36.86628
25417,77.42964
73276,15.336102
10176,74.38766
24658,32.90934
9882,76.947556
77845,55.953728
79854,70.56628
102409,58.138
15115,37.96341
22252,39.559113
80969,58.045498
96960,70.16174
101947,49.6042
82080,45.87678
83374,48.310265
49590,36.444405
64938,25.637886
70848,59.28943
80623,64.32181
70900,33.98467
70552,43.798313
74117,53.007126
101603,60.844513
6893,27.838882
75619,71.145035
101210,45.971436
94277,30.151173
79195,77.20852
57099,60.449364
44461,58.126858
83424,63.12047
29904,45.81278
32026,36.455647
93714,31.718431
74314,66.95179
50750,29.119682
50920,53.52877
37861,65.62983
54503,78.04815
68783,33.195335
17009,52.699516
10849,36.17729
67292,52.454742
44859,44.176586
20019,63.4129
268,68.81778
16234,72.60068
67759,41.54934
19740,56.229633
59398,55.682602
101126,65.59698
48498,21.707712
61978,48.94689
77253,59.261433
95635,57.62497
19072,51.844967
4676,32.51185
72872,81.790695
9879,30.474346
14416,74.91361
77653,44.75635
74780,48.919056
35571,24.140808
8433,44.30595
98311,38.13714
74998,45.5147
67428,14.149645
95273,66.72064
69674,37.908184
41360,59.57495
14178,52.690422
20567,4.3805094
71051,55.079727
84934,68.62493
19412,61.627617
102274,42.75242
36546,31.4957
80732,37.00967
77838,28.231155
86075,46.81641
75976,29.92822
81027,39.91355
96799,71.912704
94680,39.307888
55067,57.466015
15877,53.788113
23870,43.98892
50853,51.43466
71174,43.58451
77461,72.60131
21362,31.20101
67937,25.030209
94491,45.415543
58379,19.303423
9564,34.520134
44214,74.22998
74491,55.41357
88160,52.271706
83679,64.15434
4360,25.538755
15562,72.69653
28215,72.59932
19154,59.524776
5389,38.72722
74627,68.687386
58357,56.321953
40317,24.619026
40161,37.08562
64553,48.59652
4751,67.51551
3279,47.776623
29794,58.27738
3668,47.76411
20783,42.090828
67099,31.112856
78510,23.660393
7761,33.64748
22364,55.66353
96310,67.51688
66956,44.40722
69147,54.55428
18489,71.27995
42607,56.46046
33335,81.43851
99166,70.27906
102161,66.26161
38913,33.540802
62610,38.3436
21895,50.423424
70320,50.479805
35269,58.49126
13523,54.61918
45600,70.74725
43354,64.97308
65559,47.607624
44702,34.678665
9789,65.522606
57880,6.8923383
28143,54.794983
31923,34.652657
72625,54.420654
62695,80.316864
20497,34.237724
59838,27.123798
1223,71.072624
29644,31.070728
41983,69.43456
76164,68.178276
7463,7.308379
65063,77.863304
51865,34.254757
34316,36.178036
18189,63.090206
21794,47.444153
7846,54.45405
78316,57.38977
68698,61.21025
3818,47.050842
68388,30.513712
64821,36.921097
29531,52.178886
28688,2.521624
20039,63.90664
24760,14.074325
19584,56.894783
66781,46.09991
39804,54.269104
1899,35.756935
85495,32.320038
91289,30.341509
27318,63.135445
98881,47.27568
57994,36.861782
60190,72.70596
36940,36.659195
17972,58.556755
72275,12.454701
48243,80.95178
32377,49.47813
32090,64.97351
58600,73.86099
36329,65.58564
59143,64.14192
68243,16.200434
78652,24.9904
2109,85.04606
54978,57.575714
57028,21.591145
30461,33.92195
16773,61.466927
37834,49.17271
19812,40.600567
20435,33.737514
74423,51.050045
17487,50.406494
75850,66.266
81456,50.138138
56273,37.385677
89266,28.562637
92811,23.872772
26683,58.6614
61097,43.73073
24972,40.84355
79258,42.871994
33559,55.290386
88313,76.535576
99137,64.77708
43369,23.810366
67238,45.242134
9764,34.071262
42788,31.99172
81625,38.933697
95414,64.84928
48051,19.530325
40751,65.37263
34360,27.419819
79130,50.804817
51782,70.7321
84500,54.40727
74559,69.071045
93204,69.3625
53952,38.50689
49713,22.898424
99451,34.753746
68346,55.029373
98448,21.261055
80738,43.948837
12349,77.239006
30045,29.74714
58988,76.48086
85547,62.97798
11775,73.01214
72599,66.04937
1975,27.57803
17145,40.30025
92450,52.143047
11899,41.328354
81622,60.293858
57375,60.655613
47872,67.714355
36732,64.97624
63965,45.93791
100766,47.40101
48100,59.288635
15533,48.139534
75872,53.35966
20425,30.123781
33523,62.709206
70968,34.81629
60631,40.92816
15768,30.950766
35682,71.33171
60521,32.273018
41556,30.954971
12043,57.267597
35643,56.509167
90462,45.372158
25721,11.54017
89631,69.49641
83653,67.978874
47085,18.749086
94557,73.06298
11417,31.480944
91042,42.0186
50027,52.712772
80847,56.71792
73097,69.74076
44264,70.32004
70397,82.952225
65207,77.75096
65117,25.897831
2588,53.257637
57079,45.773376
96745,50.58425
87398,25.780901
35385,49.37894
54042,20.023722
82970,33.860603
36764,41.644066
286,66.31883
33869,39.553158
70216,68.68241
20237,37.38512
51938,51.91396
1567,68.52896
28089,67.61468
43699,63.83998
56144,68.24906
54029,55.8969
29614,58.65438
22503,43.329006
33843,38.673927
20483,34.07458
49009,65.578285
64138,53.899754
38237,51.606304
41200,45.037735
11050,70.83457
65684,66.897415
27397,72.72584
71147,64.3446
66390,51.572685
91995,47.061096
9637,59.147247
66363,34.011314
49002,75.923904
32201,56.55689
20554,58.840588
62680,60.289986
90177,64.38467
58976,55.986687
28005,24.14211
67380,25.019146
24338,28.300148
9669,44.08099
101978,79.6354
86792,50.21228
13251,60.08374
86756,50.771057
79538,59.626762
100217,54.41738
57935,66.67444
24233,41.52767
13086,43.973194
39373,26.739662
5710,23.008413
31281,34.313183
43061,56.124516
86006,29.99979
69259,63.476383
93452,36.842545
51454,28.238697
10445,63.417843
19126,54.548737
100230,50.053833
63555,30.54263
68734,38.578102
69319,52.382557
70385,37.82648
63920,57.10541
40418,68.40497
4162,66.28806
6349,64.27589
59279,70.46147
89628,61.47421
78221,34.611042
56252,52.000854
64886,36.78938
67703,71.677185
18928,47.98216
22956,65.59498
75804,84.89768
81678,43.139347
47692,51.24158
26487,54.522003
58233,64.86819
59133,11.813338
62117,61.654682
44365,50.586662
17096,41.57402
47885,45.382805
84542,29.974068
64736,62.18817
85107,71.27548
56610,47.61524
10218,65.9044
69282,49.88347
22176,23.713491
29710,58.380733
84511,74.96754
25150,57.206547
83175,41.808117
20560,61.893524
33687,73.818634
83770,64.645744
18900,57.12772
41428,50.50993
73065,46.622314
7713,67.03395
18871,72.033554
89860,67.00597
53269,70.341934
16427,63.862015
62957,61.033504
65861,41.733116
12701,53.39443
36863,31.24822
40004,75.63091
41213,59.130814
83471,57.876247
35238,39.180573
26829,53.482635
52324,39.07803
31724,68.703964
10506,28.837803
46086,49.59381
37911,76.05222
66242,37.823048
31037,39.0633
37095,54.937065
38386,46.189274
80459,32.862305
90085,30.310625
78933,29.99515
83841,34.90982
26582,14.980567
46294,16.306479
40888,47.871063
19491,36.198322
60620,62.82424
339,62.966934
525,31.14395
43595,37.248882
43191,63.567654
67328,64.75226
9320,37.885967
10015,35.4447
45877,70.81707
8500,28.515417
83085,51.56987
10602,19.494202
93254,66.545235
101111,38.87327
46670,43.028736
100715,53.557793
84223,60.498123
67447,46.13083
74647,61.961082
61596,48.32975
15133,56.489437
91000,59.679882
7770,58.90494
7002,44.54332
37253,62.41504
77439,65.324265
59356,41.69592
90174,63.884224
17809,65.06657
91535,44.14666
60188,82.09482
4320,63.36993
81591,41.290344
79041,81.09316
83158,69.68286
47677,41.18957
85372,61.011024
20454,55.15633
60853,42.2566
72142,61.71318
48971,74.63108
16183,43.58148
63904,68.80914
73851,82.893074
82533,55.47393
73,73.18992
69074,17.714539
76890,57.944283
1439,61.537926
1455,55.834084
85981,38.861713
95070,60.252354
98698,68.61761
36139,63.536556
69539,68.95682
31028,51.10597
54106,32.02737
81794,30.957373
12218,52.81828
89390,37.45916
611,32.582455
69205,28.343618
38692,55.12092
48075,86.42617
6578,49.922783
12160,53.30593
70382,30.39179
66351,76.77374
4454,24.625881
53569,45.56703
96676,70.92139
44507,61.28092
56152,22.429451
4870,57.610912
61761,59.300144
8621,75.156494
71025,42.68844
3233,31.344065
13834,39.389893
102477,45.185486
97721,30.794804
33452,66.186455
6783,59.999355
18626,32.661587
48823,31.624765
27414,15.669298
49599,36.363785
87247,61.336365
688,73.40204
19520,63.161793
11544,23.063532
77411,75.07561
26318,38.878746
34904,30.971941
94248,62.40636
92395,26.268705
67330,66.602875
50282,28.906403
60461,71.55257
80390,81.584076
58703,70.151695
17617,61.281948
6094,67.126236
17090,40.711124
32136,58.816044
84732,63.315636
98946,55.291298
65052,52.07623
34002,72.958176
26052,20.165495
26806,60.62005
81139,64.85074
63900,20.349913
62823,68.55307
78798,38.87606
21911,50.604443
74723,46.06346
69379,74.31235
85330,52.879097
97766,77.98563
60375,47.6959
51944,55.07275
54919,38.27525
91180,51.405453
42119,39.717846
63605,40.44141
44045,65.99463
64744,74.35953
70722,47.29668
80336,66.043144
30625,41.70077
56048,56.27517
76683,74.326485
57157,70.3488
50303,22.230942
2795,60.75033
57649,36.119175
36364,47.539062
19019,71.35028
28957,25.822924
65439,32.64804
8949,41.45915
8045,46.678825
58122,53.97084
62507,53.5925
90032,50.583775
43622,47.160664
15963,42.61567
99714,64.54278
58315,22.995808
43024,64.09429
26245,5.2226043
76580,21.567133
68992,41.566647
43314,55.193085
94352,17.330254
40233,43.247448
70007,55.820408
53406,37.826775
23778,69.39046
77189,24.048323
79704,71.85183
41880,83.72082
87459,64.093376
75820,56.091644
15799,40.998943
46529,67.22254
66085,23.621746
53719,73.93125
94347,42.966015
68328,32.765766
75111,56.18768
50842,50.096172
93361,38.341377
32339,70.98896
25324,29.766233
9838,64.13717
50487,82.25199
70569,61.233685
57919,21.084084
12839,27.986382
74036,97.06253
85896,28.402548
100002,53.045025
54970,23.722015
5976,26.391611
50322,63.425747
18510,20.635145
32579,46.587463
98890,28.118626
40195,50.179073
32535,40.28847
79288,70.24648
30159,78.074135
9704,65.054115
85963,60.893085
60698,32.94583
98969,69.84565
83289,45.492596
41146,31.743958
73677,66.82938
20297,16.14813
16515,51.96858
32967,21.579735
73613,20.931473
32602,32.618553
43447,16.022207
56660,58.63428
32173,72.543076
31888,71.63455
56830,38.942345
33774,65.3296
7216,34.51084
95373,43.38736
17688,34.23994
44801,49.270473
85079,52.491528
99891,70.4726
1212,51.648106
55541,66.809845
77798,76.14629
45732,44.814487
21253,29.76353
93318,62.92812
16176,43.010902
69206,58.14654
58797,70.861496
56080,64.816666
24247,27.865437
35833,53.546787
71428,26.005894
24630,57.548603
97785,58.736282
98058,55.07053
72050,59.935383
60106,66.70314
98523,54.156025
100921,27.047506
28174,43.989548
86738,60.21008
15172,40.155834
71634,56.67476
27779,47.996933
27928,62.60727
12778,36.004364
58818,40.509888
16000,46.23331
938,44.406628
99829,36.127983
23342,20.963217
78008,44.620617
36641,62.05187
101276,57.30676
49284,61.969032
41584,28.145641
29073,10.589349
29657,29.416092
7635,66.88373
1601,38.84349
76432,70.82053
55645,26.325468
355,70.2463
93587,36.285965
7886,22.546318
93368,63.66225
67742,63.313152
91466,45.65641
39380,60.717922
46668,39.701546
31475,59.03869
3438,36.631706
75002,38.007584
24645,32.282383
61647,73.53169
64802,72.19711
1511,43.05881
51954,75.35814
101314,69.586395
88079,58.481297
4536,51.94867
5031,41.931316
80885,41.597706
85733,33.18269
61119,51.064976
79758,55.622776
97376,63.87061
57605,41.17982
24524,42.65921
2974,70.30938
11839,37.195026
42679,79.62309
4903,37.905315
99799,79.78571
40992,67.173416
89724,58.057674
26383,48.924297
34984,9.565328
88569,63.791885
74293,69.76844
40879,70.67814
21416,54.733307
101883,46.636185
63844,25.787693
10908,60.15155
22535,32.96569
37628,62.368256
101851,39.735435
65272,62.12298
51121,34.198578
71400,18.898836
55598,55.693745
74995,22.746378
100187,56.86208
46353,51.411064
65251,26.208408
102171,58.081608
17471,35.661247
91838,44.51318
34537,68.30613
71216,28.624693
16126,8.990032
71680,69.079506
44530,57.351845
98266,37.305847
40799,49.493603
77675,28.878489
56581,57.76317
67841,37.142117
54315,58.20021
92713,60.16511
30073,53.903877
36893,56.360855
11184,47.85031
90005,52.148136
64147,44.24219
53742,26.588442
11682,44.72391
69283,33.959232
94890,56.882175
98358,62.01434
24285,45.790638
83660,30.462345
65597,73.50478
54446,37.799004
68036,69.42891
56689,65.301704
89532,61.83152
63481,59.417118
20574,64.57068
27620,77.79641
61126,62.786945
88138,43.512897
20248,55.55272
48106,48.24228
81399,63.15215
87933,33.0688
4115,28.512396
23046,71.76814
61244,62.951065
86902,40.711758
24749,67.91409
51044,35.697968
20596,62.369297
60606,54.33661
43747,42.13662
31193,99.6354
85384,50.681957
61896,56.105434
53251,48.724197
79272,51.880493
21218,36.63068
36763,40.002525
74492,24.823975
84571,66.18262
10008,65.06414
87860,69.14033
400,66.54886
81828,58.109234
13432,56.785248
22801,46.905525
3009,34.20531
39695,84.31903
84561,62.25809
69880,35.85096
47714,83.23458
7410,31.96137
71083,53.986584
88361,34.894604
84313,54.476284
65948,35.64868
6060,33.884262
92211,29.048662
21244,70.44687
101988,22.621897
73129,35.93846
85714,50.29091
70595,37.717865
9734,24.034714
59223,46.665688
26082,67.118324
63570,54.111668
81743,56.708157
35709,20.950794
15767,22.005402
91161,41.433342
57736,38.140667
22891,22.242296
49068,35.584137
100862,48.521637
76632,30.701294
47844,56.301846
77713,50.745625
18006,67.92824
99789,49.021362
73178,75.66724
14701,72.80713
101044,67.44478
16738,69.7328
9880,62.41811
64661,49.012836
36013,62.389305
101933,81.05262
72769,65.73789
62308,30.508434
71314,30.323812
96615,41.937855
60915,46.720226
11735,65.173454
71047,57.80443
81112,58.360836
91130,54.29268
39888,79.39028
53610,2.0767066
22302,42.666172
71920,62.568443
51747,45.437695
91074,61.58649
44334,51.859287
98443,71.23911
63390,51.76238
15060,68.10362
101178,44.687305
37511,63.50686
81974,37.119984
37983,42.227486
47765,44.715614
89951,46.7342
41520,43.308426
93159,71.47673
27476,63.518456
67169,52.354416
19305,9.062953
39123,48.99212
23745,37.486893
65281,37.628998
13550,55.487114
50318,44.637356
39529,17.470613
21248,63.286507
92011,58.60833
22913,15.740468
64263,33.50215
90209,47.551186
61319,52.64859
19594,66.7882
89573,62.618572
48805,43.419643
1505,40.01944
74449,56.973118
19629,55.707012
32028,65.2339
1524,39.70429
82109,66.031494
95968,59.440205
24309,39.084274
71407,53.262123
65536,72.849396
75649,28.67043
2441,37.21533
75443,48.137848
14418,63.520477
35814,41.369247
80455,33.66591
45541,72.35458
28627,3.283873
96556,56.819874
15460,55.05323
94108,48.68123
23799,39.44399
40450,67.44638
18157,54.855785
74552,74.05141
95494,55.902946
54577,51.176804
90648,59.305218
94069,78.43177
51955,69.63484
48201,45.784977
55038,60.963177
35869,56.409775
95949,58.000492
53913,40.611546
80364,42.75817
90478,41.28873
3078,65.22358
76815,28.685911
32411,45.27901
39790,57.191772
8022,61.195126
35691,55.233387
71731,37.867268
100176,49.08285
86182,62.900345
81961,58.655083
74156,53.480347
21168,62.764805
58506,61.404106
87695,69.321556
29760,65.25499
98708,61.562027
71559,61.34814
31477,65.59115
45446,76.45459
50638,70.03436
9697,57.99306
31519,41.414455
81815,74.30961
85467,73.75429
23828,43.812386
28246,59.669476
17662,23.310963
87140,32.83065
99024,47.719063
57974,53.196686
95815,62.973183
83979,69.467606
56936,42.72224
86194,31.595486
87321,49.801914
38558,50.31068
48117,21.05839
79518,52.089405
24212,70.93786
40876,35.118317
53760,46.640644
40353,67.87879
68053,32.37118
54898,54.879105
84261,55.490273
85606,24.005978
21593,80.60309
21155,52.120438
8562,55.635845
50769,58.58479
12898,19.341015
2271,56.423416
9779,46.40737
55659,79.732315
87127,37.906147
12279,55.17799
21975,29.633928
1095,38.412933
2021,31.410633
37893,47.279533
34820,78.33708
97096,34.285522
93621,67.42505
100328,60.338936
78616,40.639095
19624,75.13127
56200,22.502169
28404,55.923763
84123,22.906801
42882,34.589405
81970,31.42942
74389,44.154034
35582,57.98097
21949,44.879524
62340,45.339703
21496,64.854294
25925,41.957603
87750,76.61236
86561,48.01552
3739,57.939205
43743,48.105217
87214,75.65672
61042,29.169195
19809,72.35309
70436,57.079304
66846,73.003105
19515,48.6472
57520,50.914536
37813,51.00803
41759,66.28063
46523,35.668316
16345,72.3765
66430,56.80461
57450,43.558784
20461,61.013447
95261,45.56316
59058,62.082977
55270,51.59543
97936,63.050045
66153,23.352583
47134,43.91033
45041,61.310284
51341,32.43888
78113,32.931087
77820,14.022084
3573,63.00161
46084,54.922783
88637,60.044163
41387,49.76289
36659,69.890686
70263,54.629787
11091,67.75438
9374,71.43241
94455,41.50347
54143,62.665848
98132,69.9253
63162,52.584408
58060,37.995644
63530,47.70983
81977,40.968525
19180,49.175488
92585,51.36469
46918,29.306303
68706,82.95298
1160,24.31256
63393,20.068188
74332,69.08479
76128,24.416176
71495,62.034935
55233,19.902784
22081,30.818121
62595,20.61491
55788,38.46225
55304,20.284098
79396,73.710175
26710,49.11212
71359,54.55387
31842,63.32595
36654,41.664444
42657,44.807537
12326,61.246185
81035,66.17559
94064,58.785355
34533,70.06349
83536,79.92167
29914,51.084114
89129,44.919376
56265,47.310802
64045,75.67321
16863,44.23165
90805,31.400373
83859,54.509037
70084,71.65881
74800,52.688206
27532,19.910982
56376,24.558834
32472,61.90982
28417,77.44793
78721,60.53025
189,43.38682
26989,38.835835
18709,46.117577
48780,33.593777
8859,61.164852
18242,69.84347
20652,36.413063
71716,28.712389
18760,32.25044
40532,71.5941
52963,18.694479
92891,76.51547
65857,60.241653
54084,56.95914
27398,20.966295
30265,68.30393
8907,70.1106
9088,72.03304
41571,48.76689
36737,75.88934
96071,70.853195
6855,61.75608
25050,46.196598
88332,33.82443
33236,61.147892
66177,26.929644
57124,40.039074
29684,49.846825
27781,24.026283
94289,68.44402
51678,27.26916
28871,6.96127
66653,41.668434
59176,54.26562
86393,51.113907
32146,62.263866
50106,74.04329
96398,60.39317
59111,66.621735
25723,22.806427
93601,63.394215
50394,60.432858
18815,67.0038
62991,68.912125
102079,17.782429
75541,42.633636
70746,68.8957
39109,55.83556
39948,54.825268
22222,36.46163
19264,67.628746
45396,42.902103
5105,18.134008
49850,51.30814
42450,35.839603
91844,73.05597
69590,42.561592
40669,59.463825
75645,31.439322
59608,11.2182
4716,46.85041
62704,37.347435
99458,46.26337
66562,73.85851
13006,67.13723
44071,37.511578
18298,54.899536
3076,52.116386
60206,50.244392
12021,51.015163
40935,73.92509
44377,47.36756
68523,58.088604
82295,59.038086
25764,55.27045
17385,61.328148
70606,67.09014
58352,33.30539
21757,55.273205
26190,29.834764
28308,68.46762
96838,45.393253
64172,38.849068
30434,26.383667
61307,25.153662
28821,58.16373
81867,35.91283
32586,60.661922
53811,0.93746895
50115,70.18868
55223,48.40631
14583,30.746542
74044,51.58407
95754,27.652967
95422,70.00195
62990,34.92748
43590,49.972656
55593,40.350983
88645,57.274666
50954,29.120724
36783,56.15775
61953,62.29287
42187,41.262657
21038,51.747166
4515,68.74139
1430,62.365948
100333,53.855442
82466,48.303337
54382,48.002197
65762,63.45757
74826,60.659687
41936,39.648
48304,37.945526
19129,33.33323
18332,79.76993
25660,65.711655
12195,39.710888
3765,42.524696
1459,44.73039
59228,55.94686
76850,79.791435
57655,45.51626
31641,24.845785
74057,41.922062
100507,56.006977
1928,49.454327
54030,48.114628
46604,16.646599
83444,76.43412
25648,48.94836
54377,40.314007
30340,62.845432
12957,53.97512
56673,60.2556
36690,29.183397
92396,41.92424
99285,34.168453
26496,60.53763
83367,20.009811
73273,48.47026
20082,38.81057
93704,49.67763
67260,20.608576
87205,64.96576
72689,38.208733
68459,44.579586
72321,40.22552
17660,37.54983
98317,47.458344
83780,56.413795
54107,48.06885
73175,31.328281
45045,45.00952
73577,68.06451
64408,37.701843
49683,53.661594
43376,61.308075
60038,51.52672
35359,75.67672
79532,56.173798
70816,34.567947
24649,52.799294
8084,45.947243
102364,42.26421
94023,28.593834
95390,53.09288
21613,38.44754
66599,45.625057
5540,31.136143
34423,41.11405
77056,59.437675
2707,57.85055
102659,40.400116
65037,42.3442
57796,35.4424
59689,52.281487
24690,8.717952
21115,61.13526
36173,76.77334
4652,69.58245
32407,62.93394
32861,69.731926
89179,56.294266
92167,69.73729
5423,50.74982
97395,78.32542
22118,55.68082
40809,63.937195
48299,43.859947
32304,37.876637
66553,55.672512
42161,58.46074
46126,59.052517
68156,59.68183
80394,25.557077
83543,56.20516
42093,55.784348
86210,45.63373
22289,63.438553
36992,17.88336
67854,21.181728
33737,31.344675
27207,52.01702
92805,72.98945
23989,51.718132
92482,41.454685
52676,64.762024
64580,69.26847
49343,72.769356
58855,54.540325
66443,55.52944
94656,58.913227
73822,50.1382
44358,36.704895
86786,39.347824
76481,43.692444
15188,45.112568
38559,68.78086
22812,72.1123
73017,43.52822
76167,57.620872
39061,56.976303
18656,39.263718
23427,36.614597
94742,44.74195
4989,48.195663
97063,40.900097
72587,49.900257
62037,69.94515
74893,34.904175
71722,43.54774
31586,73.195015
93086,39.777657
52631,40.484207
29106,57.08111
20655,56.98427
48437,40.396694
93903,41.98554
81457,59.752625
38375,28.040064
15471,59.24238
12623,60.704563
24059,41.40994
69014,36.210194
51390,21.324087
97667,58.904713
26725,53.058796
56230,59.83169
12302,46.582054
88554,38.195473
4380,54.109737
2598,56.94165
99076,52.55979
50753,84.606995
77877,40.05868
69497,40.556255
13882,64.34498
74288,55.975086
89708,40.58506
6844,48.11027
31882,38.185677
59550,65.38814
65373,33.6256
90068,67.109375
70175,24.93709
93682,66.995575
72717,43.1398
58438,67.76628
80653,43.976772
22785,56.57908
97419,49.262646
97608,39.40356
72177,22.607494
80612,32.01329
42297,20.405512
50096,65.06019
92250,52.762012
43502,39.134827
75143,33.076912
2747,61.747997
80839,48.488495
44139,68.26122
49352,86.67713
23316,65.47682
20925,43.889404
44498,73.78892
23211,30.318415
82179,62.462242
42062,39.00786
9014,31.790216
53485,75.71249
150,67.114876
44804,36.918858
47364,45.43837
11571,39.329624
85892,27.368708
61889,19.899546
52705,38.509197
476,17.026958
67692,53.921482
62912,56.769947
29570,30.10561
87156,53.119263
27445,23.12271
1738,56.64646
80052,78.9542
92094,47.00431
42038,66.77187
92677,21.25538
75492,53.82918
85171,57.06495
52274,68.25392
48538,45.69258
80307,66.32037
102026,60.47202
34454,19.358639
66861,57.133793
30,39.8197
38169,18.37163
889,55.315
25480,54.992844
80078,49.345207
86439,59.69611
6735,65.23317
61612,52.322693
69448,33.12884
98414,68.29427
52343,41.345413
14129,44.268658
35950,64.497986
41056,36.803417
80464,48.140907
56875,25.838839
17571,48.376163
7535,40.927895
43890,78.44928
40415,75.98973
97743,47.576298
19595,32.416103
19881,61.98079
98872,70.873886
84553,82.057976
93977,69.82353
73793,25.971754
56861,64.9714
28532,55.043354
70128,48.884323
57815,31.590895
76133,74.4791
64099,43.198875
99628,58.944717
778,51.488503
57219,66.28947
99014,62.315514
88729,51.984886
88659,59.760017
101043,39.18318
90847,49.585144
83139,10.877243
77258,42.281307
53614,77.294586
37311,46.755478
49258,38.486614
35957,28.866852
47179,40.43593
95509,60.09545
79102,41.98497
44660,31.568624
68197,63.76365
44137,77.07443
35753,47.51266
63914,76.17884
20460,62.542587
23923,46.386444
63097,31.08101
46820,59.20099
69524,26.792149
42794,33.197903
15059,35.00461
17742,76.177025
88703,46.006714
40515,13.440799
39266,59.2986
82599,44.212498
95742,63.470066
89776,64.245445
40267,81.9447
77923,60.580254
85427,60.15542
880,0.0
8060,57.506046
43238,61.562183
18550,68.85495
54894,22.52243
100157,49.455116
5804,55.62639
76629,63.722847
90088,65.9602
29236,60.648094
13224,31.39514
84270,48.874622
31466,28.470676
68788,83.68138
96420,54.152206
59255,26.8006
55827,37.69545
24029,92.298416
100956,50.214195
54427,64.576416
53909,48.271923
42891,61.83387
72170,52.649235
47638,73.40408
8877,64.19349
97489,46.84282
49355,63.47922
54592,72.82928
5318,42.46629
15391,33.763992
2717,47.841427
6869,26.039474
5912,50.57293
25428,14.279683
80190,36.149014
67017,46.037468
42631,53.829
61163,41.33716
80111,62.463863
91385,51.921947
20772,28.004822
58498,65.46899
30544,71.40181
76788,33.388443
92338,72.07133
21175,50.11112
53343,67.30887
97270,44.14378
97227,55.760723
101411,56.041885
30431,73.31088
43062,55.070934
14449,33.23782
85824,29.124786
56334,70.91179
58213,33.34997
19976,59.63645
87135,35.59948
85897,68.2838
59711,69.678505
70265,32.101727
88007,35.128365
51805,35.06648
28252,65.241905
26686,66.13348
39121,34.144573
14728,32.140087
125,37.65582
80327,48.166904
63428,62.221924
60302,43.87795
18170,43.36603
39389,70.890625
85716,54.35847
9984,66.658844
68769,36.49535
50982,30.565414
33094,55.029003
77837,67.441956
11107,77.74894
53882,39.520573
69512,13.341547
37619,51.475452
70479,56.204876
1739,23.578335
100303,30.042017
47812,69.59611
10657,66.229546
101515,55.288986
81687,58.40163
60637,47.54827
31846,25.203133
20747,20.428246
16249,22.287384
95377,73.04311
940,34.48673
69302,50.173374
85793,40.722626
7247,69.78217
36958,44.20441
44967,54.044056
37007,62.194553
18635,58.42857
36322,26.45896
100134,24.048876
29430,51.538136
42879,20.578396
54202,27.906061
58557,67.86594
41780,58.163837
54626,65.01743
14918,52.243702
76860,67.80771
68201,41.510933
97616,35.448544
37071,31.25613
67601,63.648346
59341,56.030125
88120,40.802532
28331,30.038424
86381,48.328575
52290,30.458153
66944,28.869123
77736,43.754242
75609,63.93127
7035,35.110256
25105,32.5863
91122,70.812065
97053,30.9668
64986,65.8032
49832,39.403545
38339,13.391232
92956,23.804565
76778,46.08292
100934,50.912014
41113,44.989784
669,73.18368
94979,34.65934
4492,74.00491
82779,51.151585
4034,16.895912
46072,55.197475
76011,33.111702
12978,56.19108
98224,78.86098
57875,39.745605
68982,19.084454
91543,35.48369
53804,51.887955
9066,32.270466
70453,48.78407
36907,41.706863
45197,54.040436
45587,91.72486
91356,62.35395
92198,45.772266
29759,62.856716
43113,21.468504
56762,53.21459
39147,69.160095
5613,38.101635
59980,43.507164
61157,20.977274
34444,25.18789
84754,44.20414
43448,52.288956
100621,55.450924
48790,42.515522
102323,44.417175
71543,37.44515
19912,71.321686
21283,14.532543
96115,55.080097
66872,47.455376
27668,79.875015
87480,42.429157
89686,38.61058
54850,41.978638
44490,38.76912
68082,59.090267
65871,67.991615
89116,37.224323
62166,44.570328
62967,43.958515
59193,25.573662
97890,57.869358
71681,64.09466
74876,30.364588
62213,50.235966
78818,52.571613
70934,39.08996
69704,62.770206
71715,38.201057
87806,48.409405
44540,72.32132
56360,32.323006
36047,73.19662
49543,63.235004
89318,13.159132
38746,66.68484
14119,21.354656
30744,46.57891
44178,45.651268
70509,32.640457
34568,51.63357
37604,30.278349
15076,40.618225
244,59.19344
16931,29.845785
90241,63.74903
19277,29.399435
29485,52.97913
66083,56.640057
2515,73.17525
81376,51.117195
57668,23.021862
66786,69.36215
39498,46.56934
7305,65.467545
58335,42.742496
76,57.81551
93313,71.38694
55397,31.743958
35174,18.750172
58536,37.992294
10442,26.005468
10551,64.52517
69726,48.72225
90341,52.571598
74882,25.436808
80332,22.770365
88365,38.74374
68458,61.05017
54844,40.25196
90736,39.339993
25998,49.107143
33610,49.762226
3041,56.136215
9192,77.7921
68120,53.93947
45842,20.91013
66853,60.027664
43840,41.465813
54983,45.24091
88852,57.57994
34058,64.77748
65728,51.00222
48845,44.238483
46414,57.84292
50474,50.786488
13980,57.110783
23883,52.401005
26865,67.71853
2228,52.589146
85101,67.085175
44830,39.910206
24992,38.870846
2688,54.330364
100868,73.269325
2433,49.64982
29633,73.307205
50386,76.94176
9617,63.264946
31560,21.63838
39961,78.13796
79485,51.479664
28897,57.890236
80463,29.479809
32604,61.795006
62078,68.058075
11466,47.716034
63473,21.999842
42270,38.81333
73809,51.442905
91917,51.412655
28613,38.114956
28299,48.387684
10734,64.09297
55486,55.038147
39632,40.00747
69106,34.70957
22247,38.167614
88200,62.65865
31305,36.719315
102470,19.343002
88408,54.166206
63712,45.51675
3066,65.33582
29131,74.65949
44132,65.69561
13245,43.33844
73842,43.76477
25493,51.76525
87949,61.707542
86009,41.256485
85787,73.39921
68366,56.76095
469,73.442055
27583,17.544836
20494,41.61563
44436,33.099007
89870,35.965553
12970,53.773457
84187,44.532566
66115,55.642815
65749,73.975334
53046,43.157818
75584,58.63809
49460,45.674503
91711,55.72329
83766,68.17091
6871,63.957645
55683,69.85347
64678,57.715008
38076,30.769928
346,10.847092
32678,49.30104
73578,39.203728
73332,46.81456
44525,24.97257
22462,70.66698
5917,55.19738
49626,28.485868
93978,81.20442
95990,44.11671
6540,57.40884
19433,41.897503
80544,35.315742
79960,57.067596
49954,54.847813
18319,41.765656
12942,61.682743
31496,23.477709
40116,80.74294
6210,8.675019
64969,45.995735
4248,67.48917
1273,42.327663
3324,59.65947
5731,40.528717
67934,76.91845
61410,44.572334
98122,79.82447
25416,33.63485
31264,26.695864
77362,42.306274
88331,42.56296
25473,76.80542
8326,56.418232
13530,62.18249
60322,58.79729
2926,47.2937
26202,31.784655
56214,69.97685
58363,54.448654
76678,47.294888
49839,36.32731
33178,49.581306
77149,52.638603
71834,60.541264
6939,44.10292
75562,42.637398
5297,65.944565
17299,77.54751
38367,56.086906
97170,7.988555
31250,24.337208
76943,16.75375
99791,37.441788
100626,24.899696
37654,67.44689
87130,70.21164
90441,55.637653
24469,69.31049
86876,76.93159
38969,41.01216
98547,26.378893
57356,59.574543
76052,47.285076
11760,55.26073
70555,67.82871
52636,40.00747
65557,36.33385
100650,21.788641
37269,24.090647
55581,70.59025
86855,35.848606
30080,55.686146
20562,27.791931
24255,27.687866
19941,34.179253
92519,20.99953
77120,59.939137
11833,42.878853
75544,37.671455
29561,66.10177
52816,56.76034
6873,41.520813
53419,79.58142
27454,53.57303
76500,70.05085
19035,54.98977
84034,62.305496
68252,55.396206
6227,34.513924
4484,31.732798
80183,46.2066
79001,69.1998
92905,38.232117
18687,63.5518
31664,34.780415
6993,28.267282
56052,56.249832
100703,41.939518
41245,36.920906
16941,60.042843
67226,74.71028
43458,71.69425
84578,58.81889
89049,49.18885
13947,50.23419
60021,35.45747
8753,53.901917
83448,27.113016
45686,48.990677
7683,46.82691
8182,63.052826
78043,42.015087
37109,63.19617
93407,65.232544
7227,29.260181
33961,50.48273
64976,56.929432
57376,29.783306
85241,20.359798
71899,27.45224
44359,48.138023
47860,25.356178
89404,56.36882
31750,52.576347
74076,34.03059
35178,75.36621
55137,42.53384
86829,38.18154
3687,22.409477
85538,41.604847
87043,26.535885
19706,43.73766
66945,32.515118
51849,62.437008
22827,67.20445
96578,52.132896
93604,31.214628
40074,57.45339
75096,58.24913
46737,53.037663
67303,44.370743
9639,53.727753
55367,37.98867
6070,40.70836
93933,25.843626
33732,51.98712
41564,45.43263
34027,50.665813
11218,67.94413
1763,76.520905
98913,51.680786
33907,58.982212
85179,73.772285
52378,70.753174
86694,46.916153
45936,52.574326
68986,80.19915
38038,70.29077
91644,37.11898
39338,29.787573
64539,60.88091
80089,68.381004
50555,41.957542
19090,66.81403
99020,22.672544
22182,59.05638
85130,27.762465
73528,29.19637
98352,54.873158
4442,36.78012
96649,64.31382
90518,38.25408
23264,47.33585
44714,31.932
18978,74.016884
27677,66.643745
39469,60.45502
33257,43.01854
17860,76.41538
9644,18.423971
20556,63.429386
65520,70.60797
53673,70.398186
42293,37.63875
10411,56.34643
33543,56.471725
58869,41.475616
78644,65.475716
29103,76.38911
67949,29.140343
11286,33.64149
82616,59.056625
63171,59.118065
57280,28.516914
55348,27.355776
41709,48.451927
20085,57.5158
18190,68.77254
80315,28.802874
4409,65.8966
92177,57.49614
28489,42.987446
69250,38.54645
66805,49.39054
102289,57.12509
15680,48.60548
43475,42.21812
66023,59.33812
1058,27.214207
61993,37.254948
56859,62.386387
99499,56.710648
23657,67.91865
66921,54.982094
16900,33.976753
98102,52.70373
29647,29.532377
15010,19.235975
91800,63.4203
46578,54.879074
70728,48.501213
97213,50.215996
95567,49.0865
3385,75.32714
59073,31.255661
96042,59.194283
14985,34.051502
16512,42.38854
1659,29.429218
43925,68.50949
70696,40.441204
23916,34.31457
21662,63.70684
4630,40.992317
23348,69.09921
7722,68.09531
95950,39.047913
90283,67.92065
23100,65.20366
100608,50.330025
41210,66.12058
75864,30.810823
14705,38.60627
65664,49.045284
9048,25.046707
23323,61.557777
26281,44.731884
28678,75.03986
19425,43.964508
73612,78.19298
88014,44.16673
90204,50.52932
50820,52.273293
92023,59.818447
40972,67.50887
47770,31.666237
21265,35.00038
56590,52.723476
14579,44.39044
8580,75.65051
84866,66.73359
24007,49.620335
95724,73.62595
67551,40.17087
39364,44.304302
37897,34.529713
19498,23.374641
54259,48.443184
32338,66.96757
85128,55.519707
66350,55.371803
93257,79.65027
35051,59.649
101414,32.3392
69276,65.75894
14068,66.5647
70676,35.714363
72616,54.12948
38234,53.420105
6929,52.36894
36000,12.446245
77310,62.617905
29409,40.251347
76204,54.88793
93121,43.53034
46346,54.27784
76348,22.742044
36243,33.99558
83302,61.057755
19220,31.544155
55490,37.628193
67811,61.690006
26639,66.26984
65094,61.77798
10343,50.378204
67723,37.255547
11223,64.19705
78596,34.472702
13209,72.110886
102463,39.403484
23594,53.03653
50434,34.67289
42115,26.211765
78045,22.6439
90788,62.985336
86261,57.8024
32887,47.91084
20013,64.92246
96333,68.20778
87353,27.35536
84741,69.11777
65287,32.484535
8590,44.94156
78664,71.33717
23307,77.593834
34186,47.345314
74137,68.947624
52391,57.40107
46809,53.454773
96158,39.217644
15215,57.54612
62775,64.63017
82671,21.447515
25858,59.95147
96360,68.86338
39196,16.76215
51787,35.04678
47612,47.571877
10906,13.674774
97989,34.036037
90757,60.626335
63889,27.807177
100763,33.91058
99252,53.59077
14180,53.83083
45972,43.009205
20398,74.191216
50208,73.50045
19049,72.65502
25110,33.57958
72928,70.09925
37595,62.550457
47353,68.42346
34604,20.581535
43091,56.935333
63954,53.45707
59122,33.07069
41081,35.881714
23679,60.34184
49140,40.67667
24953,47.7769
24332,41.382023
89451,78.470894
36854,17.246088
69234,70.19545
83920,22.460611
69977,33.325783
56983,56.13356
85380,64.819885
54131,65.288765
49718,77.16101
73085,60.444176
63319,43.622566
81729,30.149052
7532,74.31757
31058,58.589912
50002,53.17562
64502,45.430134
15707,48.84588
78362,55.83767
42475,51.195614
80506,47.012794
85641,54.295837
97472,18.262285
97039,49.628048
84985,54.889248
78426,68.7394
89766,18.468641
30036,63.191338
14530,15.9201565
66328,18.58063
38655,44.49674
23415,65.39145
53986,60.338463
80149,59.128517
85794,49.551422
46385,42.025383
26418,67.77431
69806,45.73442
55617,43.208008
40601,27.396875
81932,36.223736
51577,46.633957
44730,48.743362
100267,23.390533
4646,50.828346
45999,62.42265
62642,80.044334
17438,42.65168
97205,38.458138
40355,32.655266
16429,70.95888
85696,50.226246
8126,46.225796
2759,81.75597
19969,71.662056
80792,59.52765
22166,58.70326
14839,66.841896
98325,59.608776
57799,54.082546
33857,49.04464
63132,36.87032
41582,54.552505
19795,64.18411
45037,60.715637
27997,48.192764
44138,12.302752
82106,76.30551
13626,64.4662
13806,24.012535
80718,74.93727
76825,28.89142
1504,64.07926
75420,29.545588
55686,54.485435
35444,54.838093
98442,65.79555
83049,48.823837
73409,31.428686
36929,61.334454
3212,58.61364
16638,60.4436
100115,57.7225
31484,46.933117
5774,56.71567
35099,48.20976
94855,13.777665
327,58.611416
100988,49.869637
21432,45.072254
53386,57.10054
48605,42.54798
13259,58.739216
73673,50.06199
72105,59.915977
74032,45.30996
62057,67.93849
66190,53.301743
59321,22.89297
28914,39.959324
7838,51.879272
87608,51.344276
44075,49.98015
24667,65.48162
90584,37.968273
78773,61.156586
70885,28.665396
100113,37.90418
29372,50.130997
22631,63.236046
1472,72.9421
84278,38.135506
100848,36.80798
97294,73.489845
83333,39.44764
1829,79.81217
78654,70.71333
11499,34.612396
43038,62.349403
78299,78.47765
97747,45.725037
12816,31.924086
32821,44.843647
75781,77.41595
21076,59.19318
10621,38.742855
50696,27.53077
68103,65.147095
34616,67.52556
36809,63.15246
38160,69.20573
68552,64.548195
64157,49.325123
95327,71.78332
46534,66.40608
95053,39.861435
17041,48.53353
47599,30.808893
43788,52.21951
76458,56.062702
44339,50.385918
90646,71.70402
8434,60.96829
60014,20.773066
89922,63.763638
89653,71.59733
89606,9.349287
11522,64.78444
71518,49.46851
80359,64.29157
77600,43.765095
96269,45.05221
41469,44.650078
68389,40.497192
90393,52.969173
32949,66.31575
83334,35.101
26682,36.597935
87888,51.043594
31036,78.312675
55288,81.187485
31815,42.980347
23965,69.13587
48693,46.74431
87091,41.152695
69847,41.06199
74736,36.773174
47234,68.848885
87513,49.70488
88449,36.09819
34887,30.768337
67843,83.477585
65540,61.06108
31900,51.565292
16398,77.66233
33450,29.733097
73729,63.93678
88011,69.948006
32852,56.21182
246,73.94006
16029,50.018063
21343,67.29408
20528,56.228897
64760,64.45774
92770,67.59671
46198,70.34947
97818,40.002655
58238,69.50505
99915,55.095085
89002,48.946777
41962,17.98417
19445,33.000095
31478,49.02019
73641,21.784243
76975,72.21213
70401,60.73651
89622,61.78275
28106,74.2187
70333,55.96439
60295,32.190033
84296,28.953915
14646,47.580086
53147,29.336277
94044,67.392654
22623,67.01559
39112,46.538113
2294,44.175404
4929,32.49081
3786,70.10316
21180,59.416348
101782,70.40901
66398,68.73494
90014,37.954567
40461,62.829174
91034,56.653275
59134,60.339626
35961,39.56911
18184,7.6237226
51823,22.23558
79457,38.540092
37582,29.359896
93381,35.700325
54948,34.9779
35097,38.660374
70328,68.09838
101123,35.27898
34416,54.3359
40839,66.17879
3014,37.929737
91218,43.313953
77314,59.634888
82027,63.661312
48134,25.955065
100757,55.63018
1484,49.57647
48231,46.64104
40538,68.63854
78526,63.544407
45564,72.466606
94153,17.47763
3452,73.18014
38522,65.592125
39517,25.409216
42526,56.063812
46395,32.492306
58781,51.579964
85410,74.8259
29498,35.887108
50826,31.396729
47562,39.45034
27517,27.386322
50867,50.75191
17588,71.4553
19200,15.077552
82163,61.164272
63731,78.609886
6668,64.99237
23139,49.412548
47679,64.28326
95844,64.76412
94717,23.763765
99780,62.159157
61441,67.14514
96425,44.98773
64749,37.10167
40300,56.748814
77936,60.03362
3995,44.834835
45412,26.40491
36418,18.170933
3403,50.957603
98183,24.725471
95063,25.687338
87883,65.03863
55343,45.444126
58113,56.960033
97200,71.16282
70556,40.365993
19811,51.211044
94332,17.00091
8178,45.509075
96497,64.829605
71103,31.339066
76066,57.88099
28591,71.3418
24545,72.50693
39304,27.98932
71913,31.523561
40620,36.37569
77429,19.107073
64004,37.204712
60798,47.329597
57282,13.0264
70122,62.4913
88956,73.87789
41212,35.414135
9589,58.16372
101251,45.00662
23937,55.81506
49403,45.63028
55027,35.571877
85232,66.7663
55240,29.65663
62311,37.913113
82990,62.273056
31207,62.95425
16,61.81023
92016,70.1905
30029,71.33564
95263,51.35275
94473,48.432713
57153,30.419462
85500,66.41479
95279,23.438494
31131,62.57741
81911,43.54142
102548,61.733124
70504,63.057743
62104,31.54286
67190,59.40109
6709,59.060623
6350,30.213417
61491,33.54268
9297,47.16183
38804,40.4175
50460,17.800737
37855,70.45692
92671,53.819824
22460,46.97002
47324,64.13432
58290,75.285194
36310,59.616943
49873,60.482273
78657,32.987537
48788,59.94332
84177,56.215176
67746,20.805586
9155,76.59193
5060,24.41489
20126,57.49921
19135,29.762209
22528,62.978
90192,16.166233
15189,62.546577
88938,45.339638
32889,72.275375
76121,67.82606
40328,53.096382
78051,57.787315
27471,49.37685
25492,54.61525
21329,53.76216
20501,41.444016
81527,46.28988
27682,63.593628
100794,66.60789
48672,42.45898
52261,28.668934
90067,49.572803
49240,19.283403
67106,34.244747
73080,48.598995
26580,52.31922
38337,65.66109
87191,55.01576
23684,64.28844
40546,61.52962
72123,16.94121
85922,55.982155
34439,36.79357
30936,63.071117
99837,63.59824
47778,62.68811
95497,55.378498
95942,60.00032
15546,49.293438
75978,63.19118
89627,25.879066
32050,49.770283
52126,37.96752
25715,45.923035
56513,59.713055
14741,37.776176
80742,81.4978
97780,66.085815
101665,54.12843
75244,35.75678
1123,58.540195
1514,37.087
26557,38.85469
68561,63.77693
16840,17.405655
87131,36.052063
59791,61.344536
73950,63.49802
6547,57.65797
79961,30.706306
59914,61.841972
46372,29.022165
10262,44.51764
39035,32.843773
41688,31.363743
42594,19.005142
9189,40.220074
14468,60.13231
67641,52.01918
31925,58.53937
263,39.56474
4247,44.6518
79761,54.617115
7371,27.739006
5839,61.672825
68913,58.29514
28447,67.02768
1889,39.049137
4142,63.933735
15012,51.746605
47114,77.95213
4152,43.058594
74458,57.81131
9512,36.204636
37606,32.01894
64121,65.28276
74485,60.08142
16272,78.27136
16344,81.84934
49184,38.19754
1710,13.744073
2627,59.08658
37310,65.14323
66626,42.381035
37864,27.752705
70541,23.678135
23725,43.71848
65595,65.56782
55375,50.732933
46564,32.615078
31465,26.900986
79355,47.667328
62649,65.36241
34077,50.079678
76930,62.09843
94599,44.595215
13175,50.07145
65418,47.142334
38838,74.7507
24103,43.41924
44687,23.504679
26919,62.019222
32236,47.077396
9141,54.07266
4981,57.394035
78545,48.01644
99179,67.74415
49870,79.03629
44098,74.4961
52735,0.60254896
58738,71.253746
92386,58.88971
95691,69.36953
8906,69.062256
51338,48.416336
23045,52.0563
67402,21.506193
50293,34.359615
9054,57.003593
54233,72.113235
16960,59.79543
93607,62.059372
67972,73.32218
43259,6.2577357
38068,50.515366
69808,45.18663
61632,25.186054
11804,43.120674
93306,56.976803
47291,68.76108
32284,51.640877
98079,59.04553
3150,65.01722
5524,44.905197
28859,63.71514
65354,44.103127
68602,32.774387
27898,1.6275218
68365,49.408066
23633,63.690716
100963,67.46423
8425,34.994434
60893,64.85233
95789,49.17604
97,54.383385
86928,76.239784
72613,62.746124
10776,49.1017
32388,63.68271
24025,57.78846
99521,53.486042
5099,48.7748
64583,67.75032
26909,28.226938
40360,76.32911
13929,76.11598
48858,46.546543
7123,59.293873
30234,30.774776
86399,54.83394
52643,36.544827
74138,59.619858
99224,56.987686
56967,40.27186
52269,61.40258
53836,51.31813
34867,37.06119
24359,58.361458
50871,41.86566
98922,61.638634
13261,26.126501
18750,12.104894
36003,39.873154
1563,54.529205
22451,41.22178
51351,56.00581
16324,73.70323
1615,50.327374
89604,30.225277
4810,71.292206
11742,44.944702
63179,33.41884
37345,23.607252
86067,29.088476
52492,56.21589
87730,48.26712
27988,60.01728
89700,24.051178
59337,48.147484
88305,38.118225
11585,49.981277
25228,32.942905
47150,69.095825
14982,60.702454
43126,43.75031
35684,26.414963
18031,68.097626
88547,70.28096
23714,41.46724
15342,67.41517
17781,36.109524
52220,35.802025
67639,49.737995
1822,46.038303
14966,69.53768
39046,55.00218
22256,63.545315
69823,72.60428
57255,50.892136
47880,46.48754
28125,48.444515
2264,28.92622
12063,65.89441
34165,36.08196
4719,28.332863
69978,26.500229
14548,59.534378
65226,54.746067
91261,34.918247
64302,71.85664
29557,70.18714
16157,61.446945
20377,60.36679
27655,31.79782
44136,54.837776
86763,37.38574
8321,44.947453
98566,64.48503
96825,28.448687
91132,72.84202
59035,70.38646
70376,54.731346
101025,61.456516
101201,66.91534
7503,29.983059
78576,70.25283
78611,61.04808
15006,43.239204
61934,26.795288
99590,39.60609
38147,69.80978
82392,57.333916
35281,55.094536
46201,42.128994
48345,28.763752
18540,50.686092
77899,62.830173
14124,44.144215
31171,52.5349
35165,20.98043
21918,63.820583
11481,56.487995
38486,31.8596
72624,68.739525
38100,29.52703
49323,59.30037
54319,10.031853
44884,57.09104
65916,54.47978
7498,45.61109
5027,89.89781
2596,28.931534
86003,41.827145
80818,59.74122
24409,50.754524
82607,35.097576
75534,46.479805
77749,47.961514
66029,76.29984
63919,84.491165
70851,53.4958
58121,32.930668
2605,22.583393
76837,63.03955
98552,58.109756
22633,50.68786
65880,29.208044
34970,25.385033
66462,66.688515
8128,69.82885
67203,44.104683
37222,35.067616
83360,30.535736
25462,35.39649
64774,40.437973
78641,32.608624
17508,19.023516
8990,54.031162
72138,47.110054
41001,32.719765
17367,51.777313
2998,65.42167
72564,58.118755
38349,29.769375
53335,49.837444
18488,84.67575
67586,77.81531
44332,34.215977
48836,76.02377
91576,3.0438254
93797,52.497498
1013,42.559204
90891,47.963306
96791,32.058544
72004,50.01615
55064,72.11464
50408,50.787674
30495,37.590702
9474,67.52243
64314,62.827385
9454,32.66026
62494,67.13153
27541,25.210426
90486,43.76864
88147,37.380146
3761,33.960922
44180,20.134094
44014,17.624243
99511,27.77736
8785,39.139126
65594,76.58552
47062,59.75246
89866,72.7034
17988,61.445644
49292,41.92559
32006,34.781197
79606,68.43608
1920,62.652565
98757,70.164986
91162,39.31452
15902,14.502562
84070,49.149433
72389,43.104084
48142,12.428618
80698,70.172424
4211,21.781933
62328,48.53499
83137,75.82214
73447,61.819168
22730,74.217094
87009,39.553333
31537,48.507175
4246,17.144627
38347,60.244656
60865,29.22524
30459,61.05217
45897,49.049603
42625,61.959827
74801,28.307558
56029,27.701212
78499,43.22368
19207,55.67611
25171,61.903378
46392,35.09329
9509,50.603683
50334,49.071575
80422,76.28062
11582,69.794754
29650,54.629913
1151,68.219734
12052,41.47676
89457,30.03497
76577,40.200462
46585,77.78447
22331,74.50907
93581,49.73855
101032,65.424324
80329,72.76179
87661,11.738797
66045,78.28465
65203,70.93603
94306,58.985214
62332,56.23406
51439,35.82074
91885,50.477448
65176,32.319546
87364,56.76586
84965,43.12337
57821,45.560028
97355,27.718256
59224,78.856834
8441,68.89527
28839,43.56704
11182,61.301735
41995,36.32486
92542,55.781975
29639,40.855618
61659,36.638763
80386,46.585262
94467,55.62014
30046,67.0786
32047,30.838297
62827,46.242958
46205,34.372437
43152,76.75092
12655,67.89818
76084,28.04768
42933,42.096855
77974,50.435184
98105,52.745014
25778,45.996613
20517,36.175594
75907,43.033512
43582,71.00741
61536,63.57579
19002,70.59534
99196,65.29495
28729,48.93349
67424,65.22334
93744,49.08132
28311,38.499077
55711,57.365532
47574,44.519833
56367,54.512463
58667,49.377293
28814,26.334631
55478,47.373753
62617,54.287987
76263,59.752228
47321,39.677563
78280,45.171078
91152,69.31195
30573,72.32983
61176,23.357058
42395,64.289345
19922,60.226177
72263,67.06267
27357,58.67287
68147,10.7306185
5561,68.85817
59132,72.61405
49993,43.747116
97642,45.03373
91561,4.767706
8884,26.807886
79925,67.34406
13925,64.4149
17452,46.707485
51810,30.465387
21701,31.74296
50999,72.437904
59336,51.318855
89097,60.39467
76000,66.28644
7433,36.566563
5514,22.455652
79599,58.10845
47887,50.288662
29009,74.63669
57844,71.76559
25801,53.691597
50341,65.77723
13170,69.43206
68683,69.004616
4874,64.33349
22690,63.018612
34562,82.46075
63346,64.968506
3181,70.598335
32950,52.825005
83842,41.594208
63335,68.655975
41560,60.38504
48573,60.235096
74649,66.8198
102306,42.315994
83714,60.568333
70905,43.597416
67408,31.181028
42053,69.55372
98957,60.907913
35783,60.036427
51795,27.371206
22635,66.13954
87280,60.0466
71762,40.876076
35233,34.048412
12594,40.303642
85027,23.161669
58871,49.9665
74756,65.43987
41712,14.211273
28955,32.697517
100377,18.284788
92310,61.211357
57014,51.032276
19932,43.757477
27482,55.317986
60953,76.869965
47787,44.647808
92727,67.17166
99327,62.088875
71225,39.638927
5605,52.331535
86532,37.64569
77614,25.879448
19819,27.284603
18929,40.981426
7051,64.045494
100479,64.438446
19622,21.054615
46176,75.57566
29950,52.75902
12749,39.990597
70969,41.644367
74268,61.535038
23263,21.86522
93710,68.85183
17283,61.709686
23744,78.18447
31801,78.069214
95179,59.884537
53724,48.53751
21826,36.391
87151,33.25165
25970,32.85886
79919,30.416622
85809,80.46012
64127,7.8917093
65452,40.959187
73516,38.176014
56113,37.261963
25216,58.88129
92878,50.35281
35084,36.873352
90609,42.284668
69877,47.71096
16200,71.749275
26811,56.782795
72293,49.25204
12026,58.576736
22052,57.528805
2304,28.594246
93163,45.906895
85985,57.479298
4970,66.9749
5586,61.25829
57166,40.70204
30145,69.68557
56456,25.951765
86849,42.33304
25086,70.53719
16173,60.384476
92803,68.093636
82263,59.228985
37414,33.083782
93252,73.92129
48725,64.40426
17183,62.4106
84850,47.84863
15917,52.062145
36578,56.80508
68998,48.120327
100049,21.295343
29781,61.73847
7795,74.76028
72157,39.67652
82337,24.503468
35299,69.14034
89501,66.418274
61871,39.031193
96815,70.24883
82800,70.20809
63905,73.478264
5950,65.89141
9391,52.01337
48711,60.08283
20225,45.681778
38927,64.641464
94746,78.39273
91313,70.2105
70502,28.716608
92591,31.291126
38225,30.074493
453,50.240063
58866,40.925682
101041,66.50919
93898,24.029188
79374,49.426994
75210,42.53125
27222,25.52139
87565,61.97256
10389,38.280636
80096,74.87072
60387,79.725586
79320,39.730152
19543,32.417614
46154,73.984634
9655,37.879257
45680,64.997826
21490,20.88736
49614,70.19234
32591,53.509296
4990,46.676624
67995,39.57748
48795,35.299698
74129,62.204292
94012,22.90732
16364,41.93316
19534,67.499855
102392,67.40484
71660,35.437527
16937,51.193146
83135,59.0369
93426,43.7287
95586,26.328983
10386,45.363922
69029,20.715792
69383,32.724197
55108,41.242367
67913,72.340866
82884,54.866753
4860,54.85073
81795,33.35821
91909,57.386017
91907,78.30641
17,51.60978
100054,23.397379
8570,40.09912
23680,78.15607
7561,34.783924
98535,43.92821
33044,67.03806
57046,60.06733
30262,50.97444
31695,41.114124
73619,43.173637
52287,61.31803
26679,49.57029
31472,25.645948
63039,27.064646
18992,48.2674
81153,40.5884
44639,67.25562
38744,31.290552
11393,53.32057
80032,82.06204
18557,66.30939
21686,63.623463
7688,27.685085
21796,43.73686
7627,69.88068
59817,56.648922
82644,34.557484
31274,36.87492
77693,57.57823
15054,67.79086
64224,48.552757
48924,76.282486
66265,35.002213
53064,52.597042
25435,77.0653
99771,62.742645
60312,44.88546
5397,47.721016
70796,29.351162
6296,8.587012
15143,44.335426
98629,36.79277
71326,56.774746
23324,29.747581
49285,70.01764
49326,66.83856
28064,57.95982
53623,68.13322
12456,70.41563
30052,48.379387
83080,77.920456
21641,78.454636
27859,48.0876
41763,68.2558
10934,68.667786
50571,65.55039
75921,57.21203
50583,67.99409
90682,45.62009
96881,47.0914
66260,65.639885
90905,77.49885
17436,38.928314
18716,64.36833
99698,36.455498
9006,70.0711
2783,62.059338
83157,27.500914
49475,33.258286
3532,70.68471
48637,71.099655
3541,39.031734
33531,28.583824
13310,65.09985
47091,34.8123
29082,63.770653
15700,59.24664
30942,70.330284
92553,53.268635
76087,47.675995
87511,35.55114
82074,52.88443
82883,31.74572
36923,48.30118
98790,40.927895
37231,74.49424
38875,56.73036
28963,61.120502
10504,35.168472
45047,68.68745
58575,44.64862
58962,30.6413
10917,45.607693
59346,46.4362
29348,43.974506
9280,65.07291
28616,59.512913
92863,29.262194
8015,30.357767
42488,25.165789
11150,23.151367
48019,60.000355
46393,42.898575
12386,61.34517
1451,70.59912
92111,44.355034
95813,53.860847
41211,49.365345
64595,23.576117
11197,75.03742
83430,37.531075
90884,22.111029
93641,17.383297
21298,57.628246
23852,36.996826
84654,25.5571
36538,72.33989
54969,60.68381
4400,9.611343
80796,0.0
55349,61.892555
79982,50.540897
50349,46.431732
60704,44.738297
88634,40.5489
18275,60.02553
89349,38.732178
60715,40.956123
26547,20.127445
23166,65.70921
7042,55.587692
22637,55.68719
2091,35.071342
41485,62.31593
7904,71.280365
17148,21.538572
44066,74.55799
69438,40.032787
35454,64.203354
34976,66.85379
7282,70.04957
27615,15.68338
67005,71.44247
14930,72.04411
39126,29.876524
34552,64.04894
50128,72.336205
86955,53.631042
40991,75.50353
11296,28.437103
91107,59.894924
95752,55.62993
8146,55.52876
75078,25.35122
25328,62.526783
27608,28.563234
58921,57.237663
60501,25.870008
82463,35.356815
91837,63.598015
35122,34.534523
23881,78.25575
13108,77.51776
38161,63.26335
21814,60.21587
34399,35.057
15823,45.61221
64933,70.34028
40969,54.10259
63807,56.082367
43958,41.97909
36305,51.10745
32794,60.742832
82398,54.270603
444,60.10262
48867,82.360374
37935,42.87808
28038,72.51087
36897,60.4068
34918,41.83509
87746,51.51452
48962,55.772568
78951,41.317825
8737,57.35804
87971,57.81716
57253,7.9497128
34594,52.427906
61249,35.697865
95911,37.31927
36213,53.866714
31863,70.483635
38728,12.270428
72792,62.903915
55873,56.530846
28756,44.8189
49033,92.52384
62451,88.95649
18910,67.3953
48859,77.45505
99519,63.538033
102236,46.122375
38429,20.12461
101418,68.470436
25488,32.089626
14038,61.018044
48061,80.92038
70119,40.226673
64273,63.462894
11917,73.212715
78212,34.778065
63922,19.693106
65592,62.922646
41065,30.553999
87256,63.890675
52190,78.12458
77681,27.52656
41761,76.293564
2116,47.244614
75903,68.79658
28170,57.774834
43833,57.460335
41329,64.21629
46380,74.278404
61466,58.36328
45487,47.017963
82840,19.298986
56995,41.861538
4493,33.313244
93315,46.040737
34348,29.842772
51831,69.83506
91665,61.18572
19562,37.43588
97351,50.526127
82710,47.46247
88924,53.47153
61034,15.794068
8484,20.47112
30821,48.140923
12364,62.692055
5303,27.047369
25458,38.350204
12974,38.352257
48452,61.470394
50528,28.40418
91975,40.02653
44603,32.6486
60408,70.49701
82448,66.95869
45288,28.766436
9373,47.24378
101847,58.343178
39694,55.5385
35176,44.349514
50237,72.01207
84448,62.735584
16058,54.795578
60274,55.30319
51507,54.299644
22933,53.44393
41515,56.780876
88501,65.708405
19084,26.73498
81908,23.954794
82130,53.908226
84680,75.02731
31129,56.27774
89083,38.252087
25809,72.65664
88418,30.105415
9422,61.322525
17973,45.58777
43978,70.00106
36422,26.276419
14599,11.126584
97727,68.75372
84423,40.232986
25638,43.919453
66951,47.26432
48686,60.447514
22007,61.68892
2799,75.83042
82774,40.33044
80353,44.793262
7445,66.3888
45476,48.793564
16580,66.71298
30925,33.39304
99907,69.05129
51623,49.549458
86470,58.078384
39610,27.628025
14275,43.911472
102655,33.555016
45555,55.07751
73119,61.405624
9011,30.93148
89496,59.057632
88481,84.03837
49908,49.929283
27562,56.861183
79438,60.643585
31527,39.444508
28234,41.612328
64506,71.223
95259,72.949
94365,63.71764
45556,71.615845
3517,78.70801
65351,55.727657
38432,44.73155
95505,68.618385
78156,67.31083
77105,48.85506
41266,41.176147
46840,35.163708
57910,46.350143
41809,65.62503
94533,57.863728
49568,63.436245
50910,62.35115
30253,43.64461
22158,59.05911
41731,60.71127
78269,38.200726
75670,61.515556
92816,82.35767
60004,57.74156
62167,65.57079
73727,56.016895
61954,70.95013
38148,45.030575
82854,50.32706
62665,70.856255
72875,62.863235
26143,68.60849
71717,49.62581
76753,58.671677
42182,56.046284
55006,57.928677
21673,39.36622
87664,73.88138
49244,10.891537
6192,27.853495
45550,46.0919
42986,46.95093
69886,43.27197
88373,27.853327
99456,76.34284
14890,47.038998
42054,46.353832
74656,32.571648
92516,49.222576
42025,32.33787
43557,62.66713
73284,20.391815
66268,68.88223
9967,51.330463
26105,58.679356
13802,56.718334
92734,41.286484
88999,60.360016
66461,65.61744
30696,34.32401
38109,55.016613
64008,69.77567
98686,58.44338
100867,72.06491
79552,36.75336
92875,57.78505
24952,49.748127
10578,50.889454
3118,40.68975
75482,31.901506
63589,76.69539
7876,45.23045
45916,40.369442
78979,69.23528
7486,40.600468
3729,70.512436
61690,38.256
21276,70.01149
32053,67.565056
17792,54.753044
54267,63.146793
27952,56.889286
82810,42.41843
42104,70.3845
29224,18.318037
29153,36.322655
3963,55.02434
64356,41.127
75134,67.108734
82985,40.942974
68786,41.60762
88911,35.886475
79267,67.68138
1214,69.182884
1025,65.4184
19375,36.759933
48548,79.520294
58267,59.458233
51293,64.882774
8910,80.44669
72526,66.1902
12070,44.889347
18746,43.40286
46749,45.436962
16889,57.0022
70581,69.97941
27344,69.183205
36411,63.63716
70199,75.611145
17971,30.321526
21578,61.792976
9944,23.476324
26148,54.299248
97326,74.8506
42061,48.78543
83091,55.29152
6518,61.59032
5418,19.559788
19656,51.097397
3888,68.43884
5102,15.6325245
44219,61.479916
85746,37.7556
80399,37.333065
14925,15.629014
61099,25.399351
17832,45.51627
73917,56.96009
46253,50.078022
31486,79.3727
36623,47.73278
32350,70.36976
101904,21.541243
24055,53.879177
53053,41.842888
21953,37.800713
80474,68.6329
27141,77.62492
88435,60.838398
83348,74.756805
87926,48.643097
93274,29.56951
86013,43.119015
66710,59.16736
39480,39.053394
54961,15.071629
10062,58.631287
77215,28.666079
24078,41.403717
62640,64.02537
74923,46.775524
97770,60.10412
8686,23.922691
29897,66.51037
3832,35.77383
53889,28.916433
79153,69.66906
28908,27.718834
19597,58.879753
89970,43.26314
69692,31.795242
88970,62.074314
4203,23.395119
34629,63.933643
78766,69.60561
26499,69.41619
96223,55.38844
12887,47.03166
86625,74.532326
96498,53.909576
101186,62.47531
59128,57.39553
19096,80.27609
37390,25.76008
18265,82.24143
20479,65.27444
27942,67.29158
39562,34.36425
57440,43.363598
88747,68.51876
39651,71.374306
11545,63.56946
30353,26.606728
24051,29.67825
54758,53.68558
11056,72.90798
96072,69.69411
90824,71.65849
28186,56.450645
1682,42.232346
92945,51.71469
49928,31.328915
51245,57.60191
18762,61.934807
60518,66.59686
22849,24.930338
91279,36.117447
80874,41.510258
64855,43.31349
36844,60.524857
50624,69.0085
90318,63.32487
22892,26.741852
14957,39.259533
67856,65.19551
92041,38.749363
95891,38.982807
24430,70.74391
78692,24.233082
43184,20.937286
49708,30.166191
31585,15.037372
5560,70.40736
30926,49.68035
35355,69.33419
20448,55.93811
61637,58.42165
16581,40.526356
21728,46.339146
96641,76.15912
33242,74.83373
14214,49.44709
19966,38.689297
70229,31.024637
5783,42.00436
83944,47.86729
4304,73.115585
101526,60.973648
33413,45.145348
98540,53.244648
24965,42.47037
10961,61.078465
75640,66.50815
21085,67.40525
59697,30.118494
59807,36.955624
33416,65.83263
101895,38.99232
45511,70.39822
42559,20.374508
23625,45.191246
97966,58.701023
79295,14.232056
94008,74.66799
62769,60.14878
14820,56.03916
77277,41.329525
6377,48.888184
13189,8.832388
63288,58.4672
34957,64.75427
71168,46.552074
34814,61.972893
24521,29.760807
98074,69.09733
98926,39.595345
22605,49.598537
80687,70.30788
52132,47.45076
2152,42.043476
93398,72.543106
61162,26.903746
35764,61.79321
14719,68.15313
99251,67.12152
7303,41.569405
41610,64.56249
67973,0.0
46767,72.9228
10494,54.418438
56726,52.753086
36001,23.100792
37076,29.016697
85994,49.373547
91016,47.216816
16634,16.29986
70870,9.772749
31972,46.33506
4672,48.242992
69729,44.04664
88496,66.04537
52206,27.51729
33986,54.726624
18646,50.735405
86428,46.50619
38614,65.03111
96226,64.20358
19707,72.284096
51012,28.687798
52601,71.732994
79836,42.609116
78726,46.704002
22210,61.23808
71208,40.427044
54075,62.414394
70627,46.886215
32213,54.344177
90460,60.175716
24090,35.328373
92130,58.38437
43580,67.827934
26848,39.762505
85966,74.47481
81830,66.97897
60565,58.788177
45841,65.823326
7621,35.415092
98425,54.579166
69740,53.122364
31262,64.4185
39080,53.179897
66018,31.009039
25187,68.01048
12298,59.149334
44727,33.954845
94381,65.39419
1869,35.964935
11437,30.904133
100992,68.17236
78730,60.850254
10319,67.912636
22958,34.91899
102680,54.33782
9515,61.920803
78705,17.77344
22030,33.99849
6878,68.70369
91841,62.012203
49342,64.35039
92131,26.476988
32989,60.67376
74925,34.148743
57740,58.87306
98621,59.019142
6767,23.81329
72059,42.56963
65634,39.26473
62352,34.84979
7529,70.7069
62602,40.692505
68411,60.277657
82285,61.287018
35675,32.481552
14356,68.23913
10194,50.45571
31114,40.672695
51122,21.921833
97860,78.3354
2889,58.15857
52136,67.72249
18372,64.37835
56473,71.037285
8409,68.12287
78446,32.21973
101202,52.41207
26152,42.584713
49690,48.123985
62264,57.460846
15297,29.686172
50107,51.444958
24384,65.76641
98133,65.404655
63840,48.791096
78407,43.096622
100449,54.268986
38035,63.74539
66819,49.06671
12309,75.51627
29536,65.2394
64834,49.304108
47327,61.43331
90063,68.683525
52382,62.51877
63228,50.83307
59631,33.324547
29984,75.92202
20031,25.915653
100258,64.51312
59558,39.24757
5184,64.526306
77353,61.041393
16503,32.694107
57652,47.574852
51924,59.571182
42761,42.61497
83532,38.544724
32561,47.976517
20896,53.22271
15875,43.742
97554,47.815723
101568,51.73465
70743,46.527702
55602,51.151913
82842,57.63213
32453,50.146362
93981,60.91277
77000,22.07171
100526,73.23355
81355,62.0665
1338,65.403915
57732,50.809296
8659,48.757942
58817,18.654766
27938,27.224253
68607,59.951534
35497,67.90995
102412,59.478848
60458,47.214302
100762,46.28424
86553,29.010612
2842,60.30039
49519,52.793842
94774,21.751356
92445,64.42249
7185,71.93124
36888,69.52064
53877,61.29652
69530,49.444195
95969,55.8417
8571,63.260155
71602,68.78463
64777,39.88442
15015,49.90764
21914,55.33849
85291,37.379887
77705,55.191647
100737,63.091892
86602,30.498852
64051,42.176617
81413,36.63386
50588,49.18952
84740,26.80197
88512,43.02757
75718,67.58956
65330,12.380568
76463,48.426533
74187,44.98592
9486,72.79194
63771,52.67349
81244,42.203785
30784,58.252007
36703,37.333614
30662,46.419647
83748,63.472313
99242,61.792633
84333,37.612606
10263,60.567047
582,70.42462
84681,45.759117
16057,41.920784
47458,69.486664
87708,56.676098
88981,59.648697
29612,29.371391
20632,64.08213
44678,50.805443
94284,73.92807
40699,31.06877
56903,60.72574
37849,63.64076
97192,36.562836
2616,46.129963
10512,35.94037
14555,26.419662
31580,29.451992
92420,32.86101
16699,58.761093
62191,59.694576
63224,54.93837
76514,84.00516
95508,61.202847
96281,58.774563
54402,67.03433
62929,50.232853
21507,48.08579
60019,59.634556
77952,52.14523
70935,54.241642
40689,58.6121
16020,52.952747
91691,28.965353
3331,67.365616
98158,56.03578
70791,18.291513
213,56.79593
77491,43.621956
29164,63.96873
97934,46.831585
25039,51.69246
61217,57.950153
99750,30.449244
50687,29.999096
33667,37.73397
35001,55.994686
91006,54.944553
57583,30.17008
10474,32.625237
100158,1.0558012
94308,63.729126
62326,67.87129
55505,71.22215
46435,69.076195
39912,62.60251
98393,56.391075
35398,37.09228
299,39.101616
44181,38.721573
45901,57.741615
18606,71.20874
35241,65.27017
22040,44.98363
82127,38.3294
68758,44.270973
57538,36.922207
68650,56.203724
34827,79.42026
101854,46.914684
29386,67.34561
34947,40.595985
47367,83.99794
54557,67.06209
96699,72.600204
16369,46.661137
42318,65.711296
14945,61.78368
33612,55.852665
52330,59.149136
67708,48.03858
89345,37.902515
56010,31.199753
68973,28.7705
73474,34.06059
68963,64.28192
53142,61.964
65655,56.196014
24535,50.27163
38242,32.48878
20492,13.777603
43423,13.894662
42236,66.988
56127,84.24981
22662,56.121876
45536,62.405704
83425,58.66753
69623,24.19904
70273,43.091415
48234,58.34763
74994,39.100376
13223,55.833607
62761,51.27573
3222,64.45098
23949,72.06419
78240,13.409038
20392,55.681465
27905,69.75933
26689,57.119907
78443,19.724962
6103,52.813644
21562,25.887266
4316,70.48779
96404,76.37325
1759,48.143494
102321,35.03744
9339,47.197037
34451,67.34118
96338,32.9153
51801,31.515566
99925,34.896183
47709,28.453705
45522,61.570194
40331,55.804176
96088,16.876736
33022,68.09417
63263,47.17746
11480,82.72725
51197,66.030785
60860,21.340094
53744,28.457941
63601,35.585415
33851,76.04585
73227,30.78764
41246,54.045208
82747,56.352276
18658,38.640476
62845,64.99282
94526,51.862293
43095,65.00492
80837,70.81452
57402,28.862242
87200,23.353672
101466,64.2742
79399,65.09909
3905,64.29952
97811,61.710007
13518,38.783417
93822,26.324755
84701,42.792072
29342,45.359406
26777,42.988476
86947,53.67938
745,57.768845
48733,61.931355
25422,79.560036
31566,28.811329
8118,56.67219
50392,48.826824
100488,15.303583
82678,35.91372
78756,58.012917
30161,47.34938
28394,67.85305
70723,57.686657
67623,57.490417
61700,68.12351
44809,50.216175
86485,66.7816
90850,71.648285
95652,29.562529
35886,41.3502
716,63.392685
34149,60.581886
64836,69.872536
22804,74.43563
51368,37.16633
84943,74.837425
62777,44.409973
42466,75.96922
56272,29.90167
2361,78.1644
73312,22.281908
34824,37.49398
80803,41.810173
40912,57.524754
34109,55.687325
4925,29.588886
16264,50.951595
16893,64.05897
30851,68.22717
29838,33.821392
34849,55.37417
21575,23.532864
30920,48.424316
100408,66.16174
22436,36.37793
6584,73.00643
94453,53.69193
84771,70.72499
47342,45.04463
54359,73.97481
19773,74.24981
11287,67.4495
80960,43.686073
21819,28.996933
89601,44.23617
31741,52.731453
86616,68.67237
96294,36.530407
68352,48.02751
83288,65.029594
94261,54.427032
83849,59.785263
94062,62.4467
74816,46.23026
38291,39.745228
27019,49.8533
17226,52.95921
48492,79.245834
4644,34.07833
84864,67.41062
8199,60.753147
97686,50.73896
18478,42.911247
82363,48.012135
35734,60.826015
58571,51.800602
10968,56.172176
43010,38.569572
20749,39.85158
66549,68.697014
1028,18.249472
94532,46.87618
66990,44.16981
41921,57.0428
17404,54.859646
75182,64.23821
92489,61.237568
31452,68.42896
93849,34.543003
45176,62.628918
22015,30.615364
81024,57.6091
99600,48.04108
71454,63.11539
58064,58.685966
29043,73.061165
77065,55.59702
49596,45.457466
84022,59.586594
54048,43.46503
89370,42.649513
44446,32.099186
64541,55.292522
97405,60.969883
61412,71.04863
80343,29.860817
56025,62.675125
60369,50.30639
81134,69.33289
64507,8.0499525
62976,73.61983
24751,44.967968
58194,35.413845
52002,82.68216
25530,66.6339
61221,38.11076
22846,67.64983
55633,71.1959
55094,69.802185
87169,21.71903
71340,72.6494
96218,76.12483
66664,64.22889
84738,51.902515
101747,49.90866
7938,50.84003
42124,34.563282
31045,54.374073
16240,42.264874
65645,54.54505
21923,75.9323
38518,47.855423
21705,69.0895
41413,64.6745
85801,54.33146
96731,48.025715
58220,41.301903
30112,71.1377
32074,41.267944
94506,28.0459
12714,69.258156
4416,61.44057
74786,16.604605
36677,19.901299
28994,59.395027
90077,57.25421
58331,34.029022
45393,61.84936
48080,60.30129
1695,32.817192
11457,73.109314
96579,47.907124
6560,37.546833
66337,60.14725
91081,44.262184
26061,25.26696
29804,62.78404
78769,30.89362
60454,13.654932
25440,45.01828
62031,52.362194
72489,31.30526
94290,73.85552
35504,47.249672
2680,37.11846
1665,60.514145
73022,68.07203
32941,64.639534
30476,41.884735
84938,58.627796
95631,50.399807
95532,55.022133
90919,39.22825
52561,65.31047
50257,49.409492
59190,27.6798
90210,38.031155
84081,40.65978
41023,51.887623
95280,50.61497
18615,51.24729
61671,25.905972
12312,75.95622
28387,34.588326
70485,70.11159
98302,59.23173
97392,62.19303
74154,35.298832
57836,0.0
10396,52.317394
7721,64.41712
31912,50.536263
45911,59.016827
69812,59.20664
65406,60.512634
75129,61.13292
36568,59.745316
82436,41.470535
74012,63.346157
66171,47.13576
55763,56.3517
77466,65.17392
196,74.69878
68449,52.454777
8429,66.408165
81458,71.983864
7235,35.21148
14475,60.84256
73246,50.151005
48227,32.30237
87164,40.647232
50346,48.4606
39572,57.046043
68063,35.06489
26101,73.960785
58006,70.754005
19593,51.242672
9828,37.198425
11110,49.819695
64544,30.920023
13119,58.12182
31598,57.50362
51591,33.760662
73955,76.91949
51858,14.747831
33204,48.432533
55443,18.77677
74861,62.765923
77382,26.559841
43467,46.633503
37767,40.462803
58351,41.363537
41479,63.926018
26550,30.19236
16726,28.28935
9109,44.713562
90870,49.78185
93392,64.21303
55432,21.674028
42566,64.08139
699,64.40383
67412,67.80004
12722,58.146152
81878,53.12378
94431,29.119926
22835,39.613834
5970,68.11863
65647,18.947552
61127,22.923346
20424,44.13927
13005,66.725876
59294,58.80352
24888,45.032375
75449,45.459957
2897,47.37681
76407,67.4006
43531,53.78391
11512,88.08321
78149,72.99785
19711,52.394077
12645,29.619228
82558,56.71936
42031,65.13076
6449,65.74418
58720,75.75661
37094,38.341362
3352,80.4652
70936,24.218014
4214,45.324524
73487,78.216225
32539,43.304462
27165,35.745068
54932,56.34412
9108,76.06548
74940,70.99304
8789,70.89623
58095,23.040266
96044,75.61209
11485,47.728683
70260,45.365246
98176,33.575542
87646,51.55832
19592,18.849108
57599,44.478134
91812,47.02427
5787,23.520712
18571,58.729076
56772,63.56967
12044,70.21092
42209,57.492706
95487,37.420734
35011,19.347433
102326,22.276424
56204,47.309193
65683,48.191
67489,45.083508
74794,19.417461
34303,55.627285
50207,61.377777
3260,32.046738
61701,57.93861
75894,42.56024
83465,41.601604
44440,64.689156
89950,40.584755
36687,55.21181
90052,40.021687
76786,19.670847
44808,80.10304
84875,14.827602
30257,41.5603
78821,56.833035
44505,80.939606
60809,56.22149
8364,49.893585
64221,31.906343
30063,22.389416
11738,37.24743
64440,55.961323
56643,74.62012
26454,27.247667
53693,43.099754
16289,58.611576
92846,31.081402
85266,19.94393
1877,69.306496
8779,43.726208
67890,20.040928
22952,75.798485
106,47.859993
13705,51.720207
84492,56.565693
62455,22.434479
59898,70.268875
57320,51.91732
31358,55.477142
2713,85.720566
14222,61.55419
12703,59.814743
35401,62.703403
54135,62.676956
58518,31.587458
9260,58.93727
12322,37.710968
43030,36.596577
81197,29.36769
56594,62.98697
98088,41.90744
97413,47.54302
51060,31.69027
35524,44.667274
14433,59.46863
45852,70.50807
53171,54.508583
87090,55.30742
63325,65.38225
21646,62.7999
48039,63.570156
13939,53.30383
91442,62.100723
54194,64.82519
6438,59.234505
44516,57.289246
19120,66.10549
41398,56.647675
40470,65.10831
98874,55.453827
89665,69.43908
96375,50.800808
60370,67.562225
48700,50.11562
72884,53.227386
76936,36.82715
71999,60.43108
49639,53.139347
85317,72.35258
62246,54.740532
8946,42.833664
56134,47.562218
30398,54.63165
59901,63.201466
12822,20.902634
61841,22.836678
80009,59.017525
45209,58.449562
61387,36.487736
32334,62.440903
47350,66.95914
797,61.453175
44352,15.617392
63959,82.80468
87124,65.00543
47127,57.467865
28441,61.528996
83857,46.500256
83372,51.1304
79155,68.3188
50937,25.0907
89516,29.81295
46491,70.46385
29095,52.7806
40544,59.12912
24775,53.47211
74037,64.66559
29345,49.632336
100497,34.345783
27591,67.36952
96268,71.73176
84420,36.925625
88986,62.619576
12886,25.977793
8860,45.983368
4385,47.419144
35548,68.14243
17583,57.70412
13419,32.627686
43628,55.61819
30150,27.438263
31115,37.10995
57814,51.07918
75938,46.66782
27974,60.519012
5048,62.47637
23894,14.792126
14941,37.077343
79123,99.76939
76874,67.99712
319,70.41332
93105,62.7168
30713,20.908888
19105,62.59544
88972,42.111385
9491,30.30122
99010,31.279179
68008,66.155266
38456,32.838497
85437,68.063126
90264,18.698328
52617,74.88496
22357,65.71524
39594,60.64114
43351,53.84477
22162,32.230556
41214,74.03764
99238,68.44241
96898,27.715685
6611,57.91665
63354,56.103138
56408,63.960743
13573,68.62866
1550,41.613335
47304,65.03447
57442,32.370686
2335,41.515022
3191,59.81201
65925,66.694824
63485,54.982174
23959,31.766006
88364,44.347126
27249,69.324455
81736,41.870243
37315,50.485935
26874,38.64302
72851,44.898415
23601,57.841187
88271,40.203217
3246,27.002977
77750,74.93712
50578,35.701687
11727,23.75128
93298,19.462646
43449,61.442146
71179,54.155697
10265,39.8947
70637,72.91737
85341,26.207996
68700,62.86862
15164,67.21459
44798,62.55228
68151,28.46417
63120,66.46661
91832,32.923145
2414,56.788776
31956,21.768507
81930,58.726345
13761,34.177906
45658,25.108175
42752,54.29302
53703,54.298187
3006,44.535553
35158,40.646057
51981,43.759468
68657,35.834217
85850,65.32162
102656,71.00389
67767,54.596066
98073,43.166103
90339,30.562534
44304,35.081814
100907,41.31727
100501,79.92941
63149,18.539003
92400,30.35947
94312,48.00202
65525,27.056572
49444,57.076435
7447,51.284565
73804,48.304058
56453,62.690502
41601,41.782295
35210,60.654858
61357,20.308079
26404,61.67234
83615,27.688292
27760,52.70117
20340,15.750103
62409,48.483284
31934,64.763405
34029,61.558723
2046,16.333431
20105,36.8125
18343,68.6753
12679,62.545197
3151,62.545235
88428,48.731243
79831,8.76939
20265,53.722084
54629,69.21286
92218,17.197968
54945,38.712025
99537,45.0805
25499,28.376225
15692,50.998917
48391,57.240326
48785,67.47642
24779,43.562756
41439,31.126026
34028,19.602142
34765,54.982227
70999,35.32663
101534,67.95254
17222,24.429916
60227,23.337704
17639,31.785507
87517,46.784554
56216,46.27468
28182,10.0146265
102432,79.28766
60241,63.871113
70391,44.268375
30154,61.081005
69101,75.2429
21433,45.882748
56158,46.86949
90101,37.032455
101076,42.732285
88709,76.4306
10032,48.90621
47497,76.88012
3833,79.53404
32363,30.59091
9428,68.14527
22652,25.771593
21073,33.54164
15440,53.102634
57791,71.66368
37895,60.27953
69570,54.63402
62080,60.794945
14218,70.03325
24333,63.77295
64139,54.558964
60005,29.465117
62821,76.48134
63352,63.35126
91481,57.012844
49189,39.200752
77649,52.381187
24074,65.11023
49797,60.62461
6261,69.692764
68632,51.267616
29239,54.971714
47077,63.572205
14848,58.02851
75644,51.516693
11113,68.15697
85086,56.249912
61614,35.08128
30269,56.972275
25310,40.522705
48411,63.477024
94640,63.78653
83779,9.055792
8892,24.046417
74829,52.941463
70616,44.193676
40959,36.79394
2967,70.74575
83667,25.06167
14429,60.22212
50590,71.20501
44383,51.89324
49227,63.52557
87676,72.28321
73690,27.872532
14491,18.321043
16525,44.5805
67352,52.026062
41176,78.00032
66295,49.681095
87000,40.573765
10092,36.50005
31052,57.757374
45039,71.6589
40474,61.787647
13529,42.310863
7518,65.10326
8158,71.22439
61076,65.972374
73011,67.29474
56599,38.232464
100657,38.376083
83036,38.480114
30685,29.114937
3991,62.137703
45554,18.04798
28646,16.000172
15665,61.660713
58998,54.2641
99809,68.096466
44053,30.876207
45372,39.268436
26328,64.38156
41579,47.70588
35609,54.69604
29367,75.54495
81851,65.51996
91446,29.170483
48010,69.28179
32648,46.6072
65357,28.466475
9701,29.125359
4778,63.855507
47694,38.36023
32655,49.892048
12263,32.82751
10335,24.647625
75734,65.717575
40025,66.5381
2915,60.49792
26680,57.264214
93618,42.229485
27213,46.035057
74028,27.912703
24406,40.38886
58030,45.598095
91206,44.26014
77507,31.753609
56842,28.346655
42624,44.092224
54142,28.703873
78098,33.168118
92321,20.875818
86551,28.921072
43129,39.551655
61737,65.257866
18759,66.6849
11015,12.592642
84928,60.680992
58173,33.16854
67053,33.466034
11904,60.10688
66841,67.47188
59652,53.77251
18737,43.89954
61514,49.425964
54039,38.99021
39091,25.55485
8257,54.697414
64584,37.02533
57096,47.20941
100491,96.07001
4922,53.54064
84692,43.62151
84427,45.691025
42689,70.548035
92821,44.51398
99123,37.312996
11177,66.435394
7774,44.253788
91274,63.256294
24252,14.069897
90654,43.37913
33541,67.43867
34521,59.19065
93371,61.604713
87463,33.30915
55514,26.06651
41637,47.615902
5172,54.65448
14733,57.208355
75254,54.83309
16228,76.21135
33943,31.673145
74538,55.637238
45335,49.296654
16225,54.767452
7752,42.588596
39305,32.33689
21262,65.85153
82189,33.74869
61411,60.04106
4006,16.000345
91357,54.05316
101437,32.52501
43904,45.69147
67381,54.194492
6932,50.467243
80008,54.048145
9920,76.10918
70288,35.48466
71838,44.543587
36200,71.70569
80458,74.44176
43406,24.124996
50754,76.58821
97789,17.400515
49415,55.324036
31947,71.62547
89594,39.299187
21986,39.897552
13869,32.801083
42818,68.248405
81669,30.215786
97781,26.95063
42242,55.851776
63834,70.44367
94223,25.908596
47495,52.47839
101213,50.365166
10542,43.38483
47036,70.62225
42942,66.341934
2781,52.779922
71496,66.81642
51644,53.78445
91120,48.262527
81223,29.968594
39182,38.191765
83725,51.277176
40819,24.165024
59062,49.81148
75876,53.057
64260,57.433037
14657,31.96479
102262,49.491833
12198,60.714317
48034,32.288513
28070,45.690533
43221,54.361584
52942,41.871304
94977,61.73668
8163,37.581116
41225,76.635956
83365,51.97005
24015,68.60463
96172,47.719105
81121,56.66872
40199,58.40813
73581,64.87951
52031,37.483063
36424,56.594975
55289,51.52878
34479,38.14535
89712,56.37304
83852,74.01922
69495,29.332872
66393,37.758144
6036,70.14853
47374,67.478386
931,44.543655
60243,57.950623
48161,66.78017
64270,69.30098
78468,58.385357
3232,31.744547
14207,72.40403
34770,22.725632
252,44.82625
13219,54.019047
13017,77.835945
84370,58.06294
90720,23.043945
69852,43.7648
5632,52.454266
80508,71.87334
24814,42.46532
89842,57.83871
43559,74.35622
21621,55.498814
101177,60.15694
56401,64.905975
88965,66.16663
84745,71.50056
72203,41.467907
29722,56.49744
39909,72.62615
33459,67.82855
101885,75.12592
80767,28.700827
12661,77.62114
87942,67.67694
92587,25.886816
16811,26.054817
63606,35.749233
54842,38.058956
60428,51.909657
63660,44.3272
41614,49.837353
10020,60.800266
67442,11.936623
25285,62.440556
21097,71.73471
26603,65.74344
71769,69.50262
64640,45.29251
53047,57.364307
77346,49.89937
28046,75.5397
73801,50.54033
24516,64.5705
19005,47.238865
78230,33.065197
52023,73.236916
101423,48.306786
76534,50.319588
4202,65.37584
69309,59.415516
2997,32.25214
99597,40.100445
13682,47.64409
29389,50.013283
24113,49.52618
99072,52.837467
47124,36.899143
87577,41.77901
72849,39.171997
8286,30.139355
101886,60.650265
14391,69.3533
13531,30.096539
41392,46.843506
93614,37.86898
69944,51.12423
88471,40.24694
91636,58.70312
94502,50.027863
96569,45.95913
67853,70.1456
9116,43.51798
55548,39.5758
17717,29.487778
75655,48.47354
92279,37.449196
12448,58.159023
30560,35.632923
69787,58.394176
3792,45.17928
94034,68.62898
57294,34.876812
83794,53.454594
98653,31.605478
98986,41.552242
17589,27.225216
30018,66.453186
34440,40.43828
42562,55.2491
17285,57.074432
102185,46.979176
57598,56.71761
25444,26.413635
84898,40.433537
6612,67.35454
39153,67.323395
37244,84.695724
99856,68.557785
74579,20.894447
78555,40.09143
50120,55.44948
24171,53.16733
33076,26.369183
77259,40.134884
99650,65.91956
33225,50.07989
57186,33.94535
69784,51.430214
95638,31.843523
55407,66.354095
50631,77.67139
25763,48.96257
206,54.044167
43013,53.55199
52739,80.06858
26485,26.410141
19057,68.70988
24299,73.72378
5551,76.41572
101934,43.960686
59426,30.657465
25470,50.03946
16045,22.67538
94376,70.54313
14969,53.13337
9250,58.544964
26611,66.331535
59731,86.00278
69971,62.499065
53250,41.380234
85899,65.64537
34754,46.756725
42718,42.87206
34925,48.803097
7399,30.99545
90273,51.25092
17059,46.080196
74181,66.74775
35751,48.882256
66856,40.82381
9272,69.89363
48426,14.036806
35846,70.78971
14785,65.672646
69295,51.406364
68467,73.57067
29357,73.90001
78820,37.848953
63118,56.40614
31994,38.527733
54343,44.99396
22553,50.145176
11826,37.74728
82118,28.985958
14517,64.30311
83537,49.765385
9985,48.87118
53842,52.132328
79512,29.07212
4444,63.24156
97553,34.099724
87201,81.37193
83509,42.568142
95685,20.624016
92964,61.923645
99401,54.132477
47822,39.363247
47331,70.37076
67970,41.33784
29680,50.441147
102147,30.538721
94539,51.174404
32415,38.16808
82442,31.08999
6947,59.44071
14349,59.281178
64294,53.258358
24893,59.93378
60744,60.28701
51548,47.077618
13332,62.440002
44662,36.258163
4865,22.641495
69314,50.881298
50556,65.649025
44915,67.51347
93329,69.88297
67668,64.158806
12376,40.151817
53065,52.35031
5239,38.022423
4784,41.12822
55971,68.82752
20511,62.09557
94764,48.245853
44354,68.26843
90652,40.91187
87636,66.91479
37139,61.139286
34565,34.728313
10758,34.727165
56665,4.6073093
65415,49.129223
6164,69.731575
97654,33.413532
52375,61.34522
19745,48.776173
25385,70.79105
36045,64.19582
88193,23.594011
2149,59.165844
56131,34.13375
59030,15.972344
49210,34.503307
1960,50.016605
95433,15.07068
57391,55.359066
44457,48.31223
39815,46.547886
98955,44.102356
61881,53.011513
48595,47.103752
22754,60.82023
19512,39.596077
69450,60.23935
13216,34.1799
20926,28.024221
24257,62.99037
13970,59.59225
61508,29.405695
62371,51.60983
47270,47.81086
74935,48.93563
48984,49.37106
76835,48.32981
64321,59.176132
9666,61.787495
55792,80.00566
7992,71.99072
16887,62.966232
80679,42.583965
61339,32.03436
75852,62.074303
46141,32.97565
18634,46.098923
66449,66.7837
7067,73.62331
19414,0.2590458
63267,57.245377
12301,66.79768
11225,40.262108
10785,64.40313
27126,24.350908
53664,39.058514
88439,14.321853
21216,55.335396
67967,20.82123
10451,77.01897
31271,26.522032
12479,36.94189
47308,30.663387
54739,63.5255
35662,31.207027
33936,50.844154
26986,66.74785
32032,56.22294
14454,44.04045
63367,31.431381
916,36.564053
911,37.236435
73519,61.90462
64819,29.515347
35043,75.58208
8905,44.217262
62888,45.200195
29766,51.065826
8373,23.042576
63996,55.404766
49789,49.482193
63373,49.626827
59730,72.95788
83222,43.459675
41874,30.98951
83259,47.2991
36326,20.541616
73026,69.42758
92775,62.54588
17643,35.764038
62470,11.289397
37589,62.73584
33725,29.823061
57766,33.54597
39346,63.479603
70400,69.74858
27671,67.43049
40697,52.32778
90551,67.72319
45904,81.091934
43469,39.375774
5772,33.664402
83390,45.06523
54256,37.541973
47928,39.72511
66750,24.500788
87940,43.570534
43223,59.03663
91240,57.7763
81078,26.293034
56667,28.628347
9016,67.54615
49265,62.832523
5111,65.369484
80754,28.041183
27356,50.67757
47217,36.30498
78751,40.086025
96073,75.25827
6724,68.86901
53624,43.613663
11773,47.31564
4593,65.29957
32274,65.2825
72525,38.315277
31080,62.796726
85499,53.101215
84190,31.444487
30768,54.934975
83584,48.82209
59242,72.658104
70351,60.38993
92847,37.02626
57150,54.24433
12776,44.237133
65013,16.069866
72889,33.694695
87825,45.967106
93557,39.31663
23302,66.127335
63366,24.841282
73994,27.649517
90170,27.491999
32977,25.023846
26095,58.794422
34269,67.11466
39343,47.94098
34527,32.478855
18609,56.664806
95999,64.536354
65206,55.87939
12210,36.261135
99380,43.949455
18442,60.722733
66696,37.16547
37092,46.596394
78329,68.48316
5880,43.944614
81415,23.411379
7959,77.053185
98717,32.036415
1622,84.11446
46766,69.4594
60717,66.47154
66321,14.05316
79082,34.313442
56982,21.856756
27727,34.835434
73253,40.92116
102225,69.26211
80795,70.504105
88565,70.68982
63489,36.47163
5463,73.69864
100062,67.98633
35590,32.23757
13977,54.1203
608,51.412254
44067,63.989048
19673,26.95882
4494,35.18515
64367,53.423264
30933,56.484085
83369,70.29727
65593,24.24845
73456,69.70904
53668,76.818214
57733,74.3685
93678,23.798443
709,35.717266
15730,72.88271
54686,59.582348
8762,22.628998
60630,58.27101
78861,15.74975
91049,24.104843
77664,16.668062
41818,69.24647
96001,55.742065
75575,64.09664
75253,43.894444
80481,61.96327
59313,55.057606
265,58.210564
60069,69.76633
55209,62.739304
64227,49.68519
87566,55.86923
55430,60.3346
40922,69.345726
29895,61.675858
31810,59.731
19017,62.45529
52697,28.60745
24114,31.794643
18611,17.82326
58521,65.26334
35487,29.203716
49648,32.438572
23896,72.47663
5150,29.117102
47616,29.969349
100920,62.163277
8203,43.644596
32076,41.03877
48050,30.86151
7382,43.078865
17536,51.38802
34617,44.06641
96262,25.07746
11270,64.19771
33286,71.15336
49359,27.219713
69285,35.48177
6442,14.68643
93011,53.553566
19121,40.319893
43742,30.851908
85655,37.621643
101406,40.11648
95282,65.06372
95848,78.509384
69196,74.518135
98851,60.784977
68367,52.84225
43684,53.333492
21795,32.994682
77550,27.706875
5022,47.404858
96690,61.768932
23692,75.81
50979,50.10783
18502,41.639797
13312,57.653095
100248,25.904314
99932,65.12565
95183,57.111008
8701,65.18803
31503,57.7452
6604,52.22291
45949,56.69986
40984,10.414809
49565,72.942
89764,28.430456
57336,70.8274
54444,27.818577
67478,56.172672
60589,66.31045
76579,70.16463
31087,22.026146
30702,58.217392
100975,56.071476
70299,45.70798
92584,36.81155
52853,76.206436
82116,47.12655
4518,64.93832
39270,61.66255
92153,43.639263
59951,56.233456
56787,67.63255
66273,30.125553
9947,41.0855
51965,39.940548
58750,46.9459
10596,38.54338
68364,2.272936
31928,44.363907
73327,32.29485
87236,41.998642
20934,53.974205
47225,26.931795
14503,59.500233
55272,50.033516
4174,62.81126
18390,30.00607
7179,36.400215
35160,67.16529
22365,29.394432
51234,54.37676
46826,61.786205
32927,55.446285
61516,27.841438
25426,37.065544
18649,54.16646
71777,55.997604
62112,26.662962
70185,42.237514
33832,61.313362
63049,60.680897
75247,72.406334
20938,56.778652
72388,64.50423
25738,40.1413
23955,60.419758
52787,66.09878
71990,33.762936
40264,56.452515
8290,66.63191
49536,35.09898
47721,40.30034
7595,37.871986
92551,42.990593
82556,36.16497
31601,31.29312
66681,61.004128
28807,43.557747
33988,30.120428
57778,76.543495
40405,14.543554
71780,66.67417
49623,31.968048
43671,45.552242
30539,66.800896
44676,50.711292
32303,43.9471
5412,57.14326
26711,41.13987
28420,46.48285
100770,65.5995
16791,45.71285
8106,73.16728
75875,47.447033
84917,30.597086
61989,78.25372
44888,65.81404
5729,60.939617
696,60.974712
29019,52.51897
80016,78.08589
40980,38.402367
101663,51.145184
101170,25.985584
16843,48.60324
20148,73.22623
77597,65.45612
67979,25.666866
44867,54.014473
100803,73.64388
83160,60.4991
77301,57.268112
29077,60.38535
9198,73.17592
88434,44.792583
16049,20.860151
90587,75.45503
89765,64.11327
12268,17.898006
37961,32.028015
2727,72.87693
4086,27.373987
90579,42.301006
57199,32.6088
16405,35.12305
53114,29.625097
24205,60.559887
97948,39.16273
3840,42.766994
97189,61.720394
27956,42.56323
48233,54.401524
29156,60.083073
23951,56.892906
10368,65.91499
46025,68.31386
85548,59.026134
36850,54.92417
55203,31.579327
73089,52.686794
94761,22.923414
48335,63.63213
8805,50.59034
33218,69.47939
17357,59.064594
9741,42.46121
91964,73.326965
90675,42.314186
58174,26.934845
38483,57.48773
32551,73.45437
72068,80.867294
39570,50.49099
73466,69.829636
6896,37.152714
101159,56.433693
8916,50.79173
53281,32.235775
64067,65.450905
30902,43.732277
46953,30.596506
88039,59.97311
29801,20.732891
28254,50.419075
81856,57.568737
92106,63.44127
73899,42.581593
27850,68.51507
19665,44.78133
99712,28.596493
24685,74.035355
73831,33.582436
37468,49.47269
49646,43.046722
61120,46.825493
98645,77.61842
90771,44.93573
22168,48.570374
3834,5.012314
81420,74.503006
19684,66.00696
45567,27.824724
84006,60.938526
17545,53.598953
2499,30.4433
51306,54.792538
92087,15.517559
69012,39.76844
16145,65.735954
96874,49.24287
68929,43.16513
56753,68.5508
22949,59.33552
33759,55.83688
25414,60.571983
47979,35.714157
85742,78.360886
10184,70.06007
68250,36.32393
99969,50.073204
40058,55.099136
40885,61.410275
23319,39.673805
95674,74.577225
98205,65.479645
34099,18.812119
39386,58.52911
28514,39.147343
36612,42.530453
49530,27.715254
7272,74.144
30541,35.078495
99536,28.304796
45316,19.095928
46442,47.606197
102221,26.713457
16991,73.1253
74082,28.283918
16469,57.702194
28499,67.718216
6925,68.859726
40113,47.751587
79755,83.13696
34764,18.684011
32741,42.523087
71322,16.003946
5609,18.38246
6425,25.861145
90815,54.630062
41705,63.82326
46293,35.665318
18449,52.431366
70567,67.4414
74823,65.224434
95629,31.5125
92548,32.652046
55232,58.42007
56161,48.820366
37120,41.060974
51664,42.42774
37328,2.9759307
18379,50.079803
48043,78.742035
60787,57.843464
82749,67.60803
74139,61.010014
45266,68.207504
10182,63.424652
29583,29.72828
1436,51.886948
62228,43.003525
62257,59.229904
50593,26.421766
20221,69.97645
62948,45.80978
36977,25.959053
51,29.87005
38425,43.465744
30950,59.012077
1347,52.37487
98458,28.851698
78326,52.138504
87805,35.9434
45992,51.580482
70319,64.67376
79098,52.369236
14190,51.044327
73938,56.75577
3734,18.788038
60610,63.56908
1653,58.17343
101542,64.17536
26925,57.733402
36367,40.800495
50628,33.989395
90417,57.935734
10394,60.096115
49010,52.813026
2777,56.790405
44224,22.460434
100300,32.600033
58849,54.826115
51505,49.81538
18383,41.819553
74796,39.94876
82645,51.6888
40411,29.888983
69911,58.38315
69304,47.96178
89701,27.518484
72325,25.639172
68748,72.066864
11148,70.41739
57388,63.005627
13808,72.5106
44060,45.82697
14053,38.396183
71343,58.192272
27535,31.921368
21014,47.551662
66957,16.235626
31060,47.211872
10466,72.660385
26502,61.587273
39117,35.737717
60588,59.54467
82105,51.143627
77945,33.043774
14802,37.08914
58193,48.040867
17027,35.943466
70133,67.16407
33139,61.539864
95555,40.269276
85949,37.655296
92616,62.643005
66148,67.86573
19218,53.211338
84298,78.29371
17698,26.625694
8103,32.456833
84336,79.885704
28619,52.22866
66799,75.51131
94956,23.54189
5619,29.880571
55475,48.239353
27809,54.65256
68360,68.07727
94214,29.703054
92159,37.518147
68961,7.893685
72159,40.937782
84557,46.256683
73558,70.995186
83972,27.761177
18277,72.937775
60797,50.974834
84428,68.87987
64549,46.794582
50295,45.17236
74087,49.06578
42799,42.21637
32619,41.384174
41199,33.840572
33755,21.77659
51509,68.37386
70161,32.827183
1107,84.22922
69505,46.830418
91182,18.336508
54163,61.669273
39447,44.111244
57659,75.53493
84354,42.7837
48899,89.56111
86287,52.19864
1045,64.20755
39356,43.159164
52530,39.694683
4683,63.78906
82957,19.412321
99586,60.61583
48599,50.04236
17007,60.066837
96784,26.820375
30521,57.309887
40917,42.648735
26216,44.63657
55096,61.996815
40,45.362022
52969,55.088116
19053,33.77632
48537,51.782883
41060,41.468006
50963,30.025448
1187,48.066273
3756,54.678802
45279,60.308056
16594,51.966366
92477,47.253353
81337,31.265062
93900,63.925327
80895,29.291592
37974,41.30758
88608,33.97748
80295,50.2988
48066,62.13543
82653,77.13788
73724,66.02451
44745,19.44402
101042,59.059578
2055,32.57716
27918,62.233116
15862,25.97327
64372,8.023697
53030,20.52213
6774,59.24114
192,63.18766
7278,60.518646
87087,66.51067
12855,67.28594
75946,62.70081
49554,42.95288
92531,82.655304
25129,37.020523
17937,59.144928
9605,33.747128
30252,36.142666
6740,59.71345
67792,42.385323
4447,26.517632
62686,43.39066
75725,65.10204
10052,53.369484
60653,69.30372
18651,46.04317
54403,67.598465
52159,1.7007023
43810,50.229248
81768,49.321182
18657,44.341904
57559,35.094933
101839,66.43437
75017,60.36944
12492,47.98448
39352,43.75619
3077,28.427227
85590,58.07257
40487,50.054203
80381,26.148542
88478,52.46997
53106,61.61288
42092,75.68663
41454,60.57
48543,61.740032
53488,23.797785
16380,67.65536
76557,64.00711
99794,61.934498
22687,44.848648
87326,55.72673
18765,40.16427
2575,10.295547
60459,72.176926
89784,31.177528
45590,26.83106
67810,45.359463
658,46.71375
6994,45.67446
49060,47.8785
14964,46.498375
3168,45.66622
15780,61.676685
49550,42.003788
96127,54.27113
44069,27.739643
99053,10.162046
74988,27.016
72791,45.955162
102650,36.689056
1312,30.445396
102211,68.01337
75667,45.17138
94262,60.54072
22495,38.398556
69789,51.231163
85296,49.819485
92814,45.97552
13851,64.67803
100511,63.447544
72598,46.085606
26591,26.852581
28734,69.465965
40410,65.22497
13256,38.269943
269,48.781555
85134,63.881336
81573,73.22598
48442,56.790623
6005,24.470137
83172,66.6272
90932,35.8199
93926,64.178856
85887,58.54809
36185,20.63785
13135,56.098263
76684,65.82345
70303,71.00429
11206,43.704388
77721,30.280294
11913,78.99242
34485,74.908745
79453,47.905396
36699,30.72867
3185,56.43699
47424,32.846283
72540,44.964314
76048,9.752008
90355,45.2325
83380,59.256927
97445,60.20355
69526,66.957794
95749,47.684216
92343,42.33643
14167,59.573128
66065,70.99649
11070,60.09021
18569,44.211506
81377,53.312935
100959,53.947067
89678,32.227436
96388,62.456356
55175,42.45477
85029,46.188618
59755,63.10951
85734,55.995407
4406,41.850758
48017,30.529297
2015,61.06222
3645,74.67772
11266,42.32009
50452,24.277594
31438,57.938774
34126,26.275845
87911,27.950556
73517,23.88851
52336,52.491463
92398,23.445034
60567,44.61763
58879,63.938915
65227,61.14761
57771,47.707436
87242,58.872284
69633,55.52552
33965,39.13068
6680,52.5732
101827,58.581585
55497,72.644455
76810,73.15052
50603,89.19063
75389,46.73706
13192,52.5754
35809,31.51276
1171,68.97955
78047,16.12883
25708,83.92997
30993,41.14731
66098,41.496918
33268,35.198505
40302,58.64472
25663,62.348015
45666,59.681347
20592,64.317566
12777,62.44277
32932,68.919304
57578,50.84823
71242,69.61255
28322,65.65761
50529,31.282736
72969,61.72009
80405,67.75569
82186,67.052864
76320,35.779285
65607,35.814465
41381,76.551155
51700,41.857082
75402,62.47198
52863,57.885136
47068,29.72153
41812,29.373058
84163,32.591763
46007,50.07537
18186,52.261383
22214,64.1904
95818,23.540134
68163,34.745884
54179,44.491215
44822,50.895836
73007,50.09384
100053,29.459997
12108,73.052284
42507,71.513664
20093,58.455025
42614,56.30351
16258,64.51557
47975,36.050087
42423,26.147123
67697,70.82561
52927,70.695496
1034,28.103336
13139,53.179787
31817,53.853825
98833,29.573784
29638,74.17315
55377,70.36158
15755,36.026775
81480,51.85981
81897,24.781832
4102,69.57948
55084,36.15972
33917,65.439125
89920,43.603497
57247,65.294014
4352,49.01029
63568,26.322456
58779,54.758545
72371,47.61946
2907,28.85928
36393,60.171196
31109,36.728325
61384,74.85205
87448,17.840063
18684,56.687798
94256,46.584774
51847,59.005306
91223,43.79945
7881,55.655434
84405,47.866318
83215,33.003456
35399,50.521633
86403,62.851948
83438,33.90197
83353,46.432735
86411,49.874847
17138,57.336643
88829,48.99575
53038,38.687397
31409,34.573364
101552,12.684338
41157,45.43261
71978,59.68208
24031,48.56645
67063,30.046438
32369,47.61229
75418,47.764748
88768,60.10415
41242,35.792683
27731,80.64496
36430,32.005466
5553,46.52576
87831,59.94315
55850,31.888142
49081,62.52163
670,30.992039
59591,42.509953
65711,71.67239
92953,67.74693
26512,27.227074
53604,37.01226
96024,34.747223
57923,30.335272
66370,71.71568
95831,68.63542
97391,43.35451
76601,18.717428
13062,44.225887
96018,75.59275
23170,44.44384
88506,69.00836
32555,85.32234
86505,32.81604
26999,48.735313
55924,52.66509
17291,73.66835
45184,56.20702
36380,69.7135
34463,37.619232
25599,37.903328
99814,79.521996
52615,72.49254
7667,67.37128
51289,61.73504
88041,68.99519
81845,54.95745
75704,62.49975
13309,51.298573
44166,59.638702
20824,40.993225
38025,46.946114
102475,76.54518
73005,68.496735
44960,73.11446
34696,53.64801
11304,60.04369
102117,56.7845
70683,60.49779
32286,49.381496
76229,60.116615
53741,40.895527
10938,32.14825
9823,57.957123
10190,65.14614
7404,30.991436
86245,25.595518
91839,29.268213
58211,70.25943
3822,70.44555
69387,54.09304
84073,22.23604
93449,38.937305
51890,14.32704
57906,46.172665
63562,66.59201
85875,70.8551
69086,49.71151
82876,65.74915
16205,30.02662
18399,33.550625
100042,61.09753
65364,51.47111
98408,36.957073
30825,53.297924
59119,67.458786
44380,35.750153
47044,77.21686
13270,63.212196
94007,69.286446
79566,30.328087
78688,35.87771
57427,39.23562
88815,43.736645
91597,61.901417
21840,27.76815
49399,47.865875
88866,36.222813
5531,51.428333
101257,55.734806
85882,39.62005
53987,43.676907
97680,59.911102
4927,15.517094
98524,34.570286
6537,61.76765
26934,26.406754
65129,70.9935
30290,51.96118
8768,43.894505
72546,40.18868
75045,72.78387
3397,46.837795
49893,55.496056
81059,62.42607
53770,70.55281
3955,31.294054
49250,61.3967
12666,69.52878
11459,61.88135
98386,45.65914
10570,50.64238
32790,60.023373
93852,73.98356
74222,51.358387
72830,34.614532
56879,24.735088
79451,66.177444
82986,52.60002
65275,52.179554
58483,47.68249
81574,45.40905
70990,33.840496
29877,72.497055
23446,29.675665
371,81.27337
65505,72.86037
85238,49.550014
91448,39.252583
24173,31.093521
92535,53.926327
63446,51.864285
66520,58.39611
15139,19.886303
35979,67.4515
32002,36.055046
34999,44.82723
51651,30.722185
25096,52.71923
31644,68.223694
61875,23.08818
57000,66.24045
18324,34.86117
28074,36.557407
33250,68.49575
47132,39.064114
12504,35.893635
44631,68.66735
17091,65.81727
76705,12.373821
8239,46.151997
82304,40.3012
28091,63.801872
50783,56.40902
27761,58.47504
49644,35.405605
3667,50.70811
96133,23.704685
46428,44.041
49559,61.342796
7218,56.204796
76668,52.639072
82344,39.774208
30760,64.384926
20257,70.3591
38341,59.73064
70669,45.10108
51406,60.910553
34608,60.710915
68033,44.899334
97601,37.208538
76628,35.52414
64576,42.98557
5790,61.307434
84364,59.437546
61419,58.90146
6466,46.265526
68546,61.83995
41677,48.686363
18640,43.981766
99977,56.148895
95570,30.351774
74273,52.040524
27806,61.691307
77123,65.44027
89207,69.58842
48307,42.657707
50443,70.90479
24783,75.58439
26614,57.462017
56862,64.83417
95610,34.686077
74091,62.92595
35363,59.523117
84883,45.377274
56592,52.38727
9466,48.44984
54924,39.757835
78922,38.910522
24150,22.693823
54248,22.101095
24943,20.960697
26804,80.92497
87921,71.20304
24903,65.60694
49208,61.176037
55915,65.38547
12926,53.40074
58240,72.39085
4923,30.305563
6197,22.794153
69449,50.30264
101421,33.290005
97632,63.726048
79089,29.160378
293,36.820427
52054,46.917084
58697,31.173258
82597,69.35858
79036,66.306
25547,76.213234
79994,51.300583
63258,60.649536
18467,46.03326
138,38.039883
64927,35.812702
38613,58.838192
26610,35.277863
50045,58.340313
30814,45.662987
326,44.673035
13253,53.99715
57571,44.049904
91519,50.14243
44876,38.829685
98009,32.551506
40050,60.592266
101875,49.291893
25851,76.75338
42961,42.47848
89109,35.48027
97446,52.315422
24666,75.49905
92300,53.00613
94959,51.214554
54206,35.54398
88059,48.310207
56794,56.56945
59232,62.27422
13637,67.61212
15873,46.590576
68416,36.629646
76158,51.02627
56775,63.925213
8212,65.166306
65638,26.90436
60701,69.21437
9796,58.422787
89999,45.059536
36129,62.388954
66118,52.09452
101741,19.388058
17394,57.74043
63064,56.825954
2074,16.234596
47214,23.105776
96012,42.611996
102311,47.602642
2059,41.239075
38517,17.388353
78460,59.581635
77412,44.413803
20260,65.30534
45724,47.574856
96264,43.68884
11325,61.102074
92346,70.24803
21084,62.02908
95126,47.16951
66152,26.316223
30957,64.21339
86371,8.586536
82096,48.88561
32114,81.55599
26613,47.533993
14577,30.857023
52168,31.773428
30571,57.917934
39910,70.974525
51734,39.186153
78195,65.89819
86247,54.70195
33748,29.382927
60015,40.975994
23501,46.58361
35664,34.58989
43149,56.48609
85182,24.842175
54938,52.917236
10694,31.856833
8190,70.71145
44646,33.548687
100906,28.789135
51237,33.583378
50103,63.58654
28916,50.414356
22506,70.33645
70620,47.149635
63023,34.29248
8096,21.429722
48180,51.028244
2928,50.2519
9575,62.844643
34623,63.685173
77092,59.12992
61626,70.19373
24996,45.858337
71525,39.302452
9855,18.032747
91863,49.84225
7706,64.9684
47866,34.304035
33802,38.43693
11710,77.04465
15469,49.531086
59137,32.75593
53274,29.726099
86142,53.559177
88518,13.136887
75504,71.13178
80618,15.675861
78257,30.81998
100214,83.656364
5823,49.300922
64947,30.33415
23168,53.19149
54771,68.27496
59935,65.10533
25181,14.743974
68833,61.493618
33205,57.52494
50467,53.14737
31106,65.46014
22781,67.18481
75318,50.381294
27022,39.28332
84608,38.50068
28019,66.879036
81068,41.785942
27107,51.839535
16069,48.26506
56443,80.36869
72901,52.12834
74745,50.980373
8625,26.10923
49100,54.99299
64750,74.52464
52472,66.8517
29467,33.505867
93346,51.15033
84739,91.838066
42257,31.021418
11319,33.509483
78065,38.981964
41158,51.097507
15449,40.96545
57477,16.014431
87333,56.170452
80404,57.412
91616,6.8151402
91881,57.220848
50092,41.36552
77913,61.228016
55700,44.49611
1004,28.788185
45919,60.53848
77808,64.56337
13779,67.362366
33966,51.765244
94139,68.82546
28427,77.78276
65043,43.74919
11549,71.182495
71072,33.594765
95467,47.93864
42300,60.730255
79984,58.3321
62009,22.859386
21847,45.508446
76648,47.6557
42851,61.93203
13355,70.9487
47710,65.34734
28366,43.299572
43292,62.781048
10564,63.305904
70300,69.35283
9760,29.405972
85290,59.802994
65005,42.4597
574,14.688892
16771,56.011017
93345,58.18925
13933,43.533
82568,69.26161
27652,36.55153
43322,70.18247
3135,50.56346
55249,51.680794
65556,58.71771
85857,56.072433
86789,43.114906
68448,44.64098
96866,23.723078
5770,75.38533
55614,74.56681
77677,76.28549
31636,33.252666
70916,31.374752
42139,49.99193
2261,60.269928
63449,29.312756
10733,20.992569
26158,51.938602
15540,21.993841
76056,66.06828
94877,35.012268
54768,50.38107
84923,37.11903
68396,48.249634
20098,41.67424
38527,78.15955
98526,29.713877
7639,34.048985
75391,39.244396
60248,59.251083
41639,42.364365
45471,39.33088
5567,46.81584
71635,32.35637
17354,74.59323
41257,63.47942
36125,51.40709
18757,37.7007
24559,23.729542
58995,61.592415
6513,73.261665
46863,67.931244
73776,33.698044
49423,73.45335
66620,63.42606
98175,3.7424362
85968,67.340256
27033,58.019375
77896,26.306314
21632,61.140903
67652,43.516148
5252,61.076656
70004,57.19021
53072,65.34826
70251,29.806387
54514,33.637764
5356,41.9904
51381,9.437457
7557,24.205503
98555,71.316444
80779,31.158709
83947,9.701902
45874,49.975975
99865,47.64002
39042,50.318718
42100,29.121737
65740,68.35904
49653,70.338234
11630,52.751854
59186,54.584595
19894,28.780237
68112,67.63551
8294,31.974718
49320,19.565514
31588,68.62256
14809,42.31691
51754,70.68893
32318,43.573177
28997,35.705315
26386,63.596333
25160,50.9073
62453,53.273556
49467,32.395035
33973,46.4856
22663,25.041729
37520,34.879204
45800,55.26206
97715,56.118443
56768,70.488556
35088,38.12211
47387,13.991166
18061,31.619522
6606,70.72219
989,56.52504
39680,67.581635
28763,36.140728
97306,51.043293
80626,67.45265
82796,67.995186
31540,37.16076
94357,50.459778
34159,73.6472
17770,64.07892
66202,61.199238
3583,58.05006
39135,45.0514
19371,20.263275
77183,31.76871
94752,47.207634
37528,56.927906
74440,69.19615
55823,65.68041
20389,66.8605
63004,25.840227
69639,55.900475
49225,61.629887
32402,57.47197
7572,45.573105
43760,68.56139
100643,57.74505
38735,56.619434
98932,53.81049
11065,54.070293
64480,47.97411
52045,30.598864
76211,24.88511
35044,42.67842
55980,58.3312
3544,75.72757
13776,61.34625
12912,63.997288
53133,38.165478
39448,58.2225
88503,42.429058
73084,16.841312
94707,60.027847
82016,61.3825
22374,61.862625
44591,68.314705
16484,69.19306
65977,60.545597
2833,61.436123
14357,63.378284
25611,23.418615
57136,19.73565
75262,59.088974
86289,62.754913
89855,38.39045
17843,48.26783
34378,37.363037
99772,81.36145
93965,38.124104
65603,44.136368
97113,54.43236
85545,29.257824
89160,32.35166
91615,34.737476
44558,55.306507
56895,76.365074
61308,69.29807
60105,28.525698
30822,48.29917
31615,49.38038
2937,26.666294
17345,54.605366
60623,48.581036
24263,21.187294
46672,58.757275
22424,61.44805
26822,48.164433
81536,73.302925
8835,70.21861
58104,71.67274
85423,47.219437
94440,85.085754
3412,41.34427
80613,52.542885
27576,67.10226
78718,44.511456
15150,51.76247
61698,45.147327
39616,55.263084
88632,67.41448
67457,70.988266
8680,53.18497
14383,32.34056
73841,62.948093
43042,51.623146
2253,64.090904
91760,46.511765
36308,66.78223
2944,38.483356
11851,69.81892
99926,41.532494
1531,58.967236
90799,48.108875
78001,46.389965
59778,68.16668
84813,75.59266
14541,59.877182
23592,83.74998
98374,58.28756
32862,58.505272
88811,43.980045
57464,30.897842
21672,67.217026
72364,55.831818
63999,26.593178
100351,83.07528
61549,43.07339
14592,55.7437
12751,45.960598
94206,73.9606
11747,48.461994
5515,39.924934
84216,73.72067
32260,12.211726
77729,44.019447
78792,60.45633
92716,63.39205
54292,55.54281
62061,60.539654
49904,21.67502
22106,63.70046
90303,33.26064
79979,44.032524
759,80.795586
45898,57.16329
47826,45.467045
19068,50.92581
59904,81.0163
39249,65.252335
96490,33.41266
1656,57.024315
55615,37.11776
45074,24.419361
43047,61.06476
70512,31.592638
57161,59.749615
42902,30.845303
79517,73.12851
97469,22.964533
73730,59.656918
18693,34.143147
86609,59.29532
88311,44.901566
6859,55.184864
28842,42.718506
15129,23.272745
13578,66.13653
31897,32.272995
37536,48.625736
52398,73.65513
35881,59.67965
100142,23.900269
42373,17.810923
22396,48.430622
26697,57.101852
98387,63.12628
15824,49.162846
17085,22.447056
2610,51.005432
3115,42.511734
503,62.088802
95695,46.028522
29294,60.28465
67765,64.2363
66412,14.684456
58729,54.094032
22793,51.924843
16231,64.91173
42785,43.562393
3021,75.47359
32706,36.314552
79920,71.5812
8999,37.070835
80177,44.08393
32195,67.898056
64411,69.53779
86573,44.044777
29322,31.855988
66888,71.924
22844,34.20979
27834,46.846695
33266,72.87527
19153,68.7159
31667,47.48838
30440,71.577446
2346,67.98017
75708,54.669613
45018,71.60131
65726,65.68514
38122,68.800415
82241,55.56687
1296,62.864414
101197,53.39268
55154,69.74654
6587,76.19162
71124,54.720562
82909,48.21885
62636,36.2163
100254,43.896324
46872,71.25581
5610,44.204178
95223,7.0076284
78372,69.829124
6152,61.52533
53875,47.69141
14871,54.809097
26685,70.38833
45736,70.183395
21570,23.022131
92359,73.090866
262,47.51445
30971,19.073936
86977,17.56903
33613,35.92937
81470,63.974743
83525,38.612057
51579,34.424343
86716,60.135056
61311,63.419453
30240,40.90141
64110,40.094437
90154,34.945877
77516,64.079315
73554,70.224205
4394,45.739822
55427,60.81816
93322,29.44387
34129,43.06045
32361,63.68271
98093,38.401924
48101,21.707712
60319,39.94825
30373,56.089527
2611,75.74832
90999,74.11571
5373,26.077496
97092,53.406803
66088,56.63039
24164,63.475243
60996,62.595184
75771,61.693523
84233,66.2232
24195,23.376505
7558,52.36318
73256,29.8906
58399,30.818323
73169,67.30884
32143,44.416714
32831,46.424164
30423,7.258946
70837,66.922066
97758,55.315063
10560,36.003952
23048,23.868908
48183,36.156483
65211,48.16874
63812,26.429098
39208,48.973427
61986,32.235325
37053,73.05902
78068,60.235577
52868,53.703274
36745,49.377968
25246,42.42891
96472,69.369934
51996,30.384617
43272,43.867493
70847,38.38929
37559,60.456635
95758,29.131794
94120,10.14301
10274,48.42532
93516,53.1712
36991,60.887238
97845,20.03868
22391,56.94462
71724,55.727882
91349,69.31595
44563,62.49778
33313,71.35894
79470,39.116627
101103,71.806816
73462,38.26309
99627,43.202034
60829,44.853485
23770,22.011969
54735,12.528144
9040,65.689964
38938,69.25616
59192,61.283825
36107,39.005463
69915,62.083397
74804,73.98523
616,17.819424
23304,38.704937
18098,37.602257
102486,76.43228
18216,26.76895
9421,39.134766
88524,70.05221
21211,65.867874
41925,39.879684
73927,37.959175
50549,73.051956
3806,48.179737
100478,64.2064
64296,73.54757
39983,66.31188
42375,64.38949
32541,74.451164
22336,69.76036
16375,28.42216
29518,41.25868
33979,37.704987
33477,49.565777
19436,43.22458
44215,42.422768
63280,51.925964
18764,58.780846
64881,28.742811
7190,39.437138
21832,44.44882
61501,31.786879
53370,68.91142
59289,71.45656
96322,42.55686
52471,36.683537
47034,56.970173
11315,68.76836
17069,22.227562
11921,53.708794
69884,67.35408
52001,58.52175
97768,56.60911
52093,48.7059
13160,65.395294
61697,67.546936
14336,82.51128
61234,24.847588
67894,66.47321
49674,77.709564
50613,62.976646
50913,53.34592
88817,48.883995
29745,67.25791
54061,41.67388
4093,39.50251
7755,63.731808
3417,56.743443
102024,50.725704
38209,55.24964
72707,74.53397
52352,25.645155
11281,52.992466
53236,68.71351
90726,43.585796
36464,48.1767
72989,81.2463
66216,43.263695
51231,80.66611
14509,79.69213
20401,43.64631
101183,47.863567
96110,89.983925
32013,73.49678
4695,31.524899
24314,30.590637
97726,44.840218
17989,24.953403
87023,64.66576
81928,27.05174
96103,32.047226
77730,67.70828
10034,55.80038
42994,83.75102
36192,28.168495
9138,46.59085
10110,45.64976
21539,56.94188
96982,37.548664
80749,71.903435
21202,46.520866
73236,11.730948
96572,60.750153
62274,0.0
82524,52.1273
91769,42.292255
44416,64.84287
27921,39.00026
15106,64.82547
45024,34.167053
131,39.22119
86664,39.55452
63519,30.78516
29509,46.12611
21487,31.678764
23459,67.89548
79127,68.61409
91426,27.865984
7569,46.551197
50881,39.302914
57437,51.714535
2217,65.59398
101557,50.87254
77659,39.882812
24311,40.137337
1287,14.058445
59789,45.714455
39239,53.29204
2882,53.81369
76675,58.7724
95265,67.752144
92406,77.421776
20079,38.77688
48755,60.993313
71458,26.401869
30099,42.49884
33676,77.208626
3725,62.92921
10446,81.89325
77138,76.77052
17582,52.04136
31508,28.263115
72490,35.486305
51036,68.62854
59788,66.38588
14887,34.567196
80662,32.810905
47577,51.384724
43585,44.644154
34863,41.830467
785,41.04233
61627,42.432484
48512,66.447
14305,62.184772
100061,53.5256
74984,55.35091
1096,56.078186
46358,65.12085
97477,65.12758
60121,55.907475
100677,72.35535
39297,46.560387
6040,58.43259
23218,73.45901
58793,57.62875
6689,75.92324
2577,47.65416
15798,56.67243
34182,65.46946
6065,76.84701
78786,39.143253
48269,53.55682
47483,47.8516
33510,70.41977
16036,28.406872
32154,43.79198
34826,39.162178
98996,47.006332
71369,46.99813
65917,0.0
53810,56.68333
86360,56.872215
79314,61.70554
90231,65.274284
20179,56.054825
96146,55.757748
55832,52.46565
23912,26.673525
51108,64.86892
83261,82.397804
19374,22.989643
48850,73.488434
56964,75.07987
76101,33.991154
24392,29.073324
66866,42.04918
64829,40.203403
52141,30.581041
100997,28.774445
29066,26.836838
626,40.662193
71095,59.60295
30679,24.02148
98166,47.21408
54372,38.333714
101843,47.968956
38441,56.316624
77997,40.35679
78109,63.685318
80077,31.72625
65752,17.139801
43549,73.333855
87610,56.07856
92367,35.511566
77195,67.060646
89563,64.41036
2450,47.70231
11591,60.742348
82332,39.903553
3484,26.49964
18718,24.556684
70880,73.01699
92843,70.54142
100178,32.55957
3318,65.3863
23185,78.58407
23869,13.62579
40647,57.85318
101806,46.39405
11602,57.392124
6251,53.952854
40878,63.252766
46967,25.354214
20026,47.822334
43797,45.280704
42527,28.995548
93561,59.76721
46701,41.14697
81658,65.29804
51337,25.274704
44005,16.102844
24435,53.806133
88198,73.29231
75801,38.28665
31458,48.485657
65874,57.58238
40518,60.46494
43708,54.25187
2312,18.718811
34253,73.64908
3717,36.16532
11320,72.197
98880,29.95664
68527,35.44583
65533,57.767323
67229,68.50649
16246,25.423922
70753,32.89366
4090,63.529076
12444,49.777985
15341,25.556202
1783,59.526924
82518,73.87789
23560,53.766293
971,49.58935
74895,59.614643
16813,45.81272
16814,70.93705
62860,72.67878
9031,41.869278
89206,44.750713
901,64.493866
6354,15.653379
74956,58.510605
16223,78.333
99288,20.429565
47569,45.75752
65688,51.802048
4983,51.664658
14313,31.622387
53044,41.889565
62690,55.752453
89044,62.204346
73047,69.450035
86319,70.06339
82894,60.249485
53150,17.452791
11488,28.60518
25190,64.60725
82335,31.298126
77175,60.64872
78695,80.56023
5167,45.49768
54155,32.29921
64021,58.5076
2764,42.835014
48730,59.079445
99700,77.02049
25870,62.23358
21078,40.989872
84532,44.95
79496,43.521893
3386,21.47413
84774,57.61639
27093,66.976036
102581,46.854828
91737,59.54006
24987,39.30883
49601,22.258753
97906,35.967777
90875,69.88292
98504,72.66941
17097,76.763245
19810,83.97044
18860,44.17301
53309,61.28547
46762,17.490797
99681,48.958725
77631,77.72171
43443,47.363964
88397,61.669422
27979,41.49955
13334,43.07749
38051,70.16169
52590,56.931133
63184,67.09682
82756,22.365446
7612,82.29739
61414,66.52758
53906,72.643715
20227,44.19858
62664,63.345505
30726,40.262108
60270,58.946545
93608,68.87296
39287,39.721794
3898,20.156466
94438,50.12122
7464,73.1921
38712,70.30418
69642,65.25079
70819,80.89191
74436,47.378376
101249,71.483826
86375,81.961075
60500,41.387142
75788,34.600082
84321,42.51795
78277,72.75422
1238,51.692944
71812,34.231697
43758,39.001556
10173,25.307379
86095,36.171963
69109,68.89848
61023,30.639303
93478,31.827538
54927,55.093754
17900,56.43939
96717,67.47593
32138,55.342304
90769,43.94109
22586,36.14827
27392,48.00857
48153,20.225294
48787,59.97404
65143,53.8174
39923,63.139164
64299,59.65775
75912,60.388737
10344,57.34831
96249,68.79747
53667,37.19193
2571,69.078384
9877,63.90855
47897,31.8287
95440,64.88073
94449,57.143467
50010,61.490738
60560,45.85528
78163,52.345722
12204,65.30485
24379,25.365652
80936,30.979656
19256,40.785625
55998,64.67506
25983,79.06655
71292,36.316765
74463,68.295334
14154,60.30347
100461,36.056988
90073,62.73031
29227,46.999554
80441,60.121307
95491,44.86122
89323,73.03923
43816,70.52451
91971,65.764046
5286,65.85123
15318,36.840946
66334,30.33774
11980,32.766964
83198,39.76582
51389,66.86861
27512,58.448826
61418,25.696474
88983,57.51944
33962,23.9701
23871,49.567913
7430,34.993416
101371,70.03485
69334,61.616302
30053,47.781517
16004,69.904236
16563,42.63912
46241,19.713165
26478,63.930416
4414,58.607124
69557,70.76803
28184,65.51683
71561,31.154753
70272,62.23099
48808,60.99893
102110,35.79973
89275,57.82085
97646,64.86322
59444,81.13264
101666,50.09705
37513,36.390144
100297,58.915756
42768,46.180294
76713,60.675304
46102,34.124664
14096,70.501274
72051,21.306889
72891,35.14272
62452,39.245182
73766,26.491188
55523,32.031178
23711,60.882324
43710,44.641533
3316,23.349628
56564,68.8356
12014,71.1059
56780,45.714157
58268,55.54047
88861,63.18144
98312,27.713594
45077,64.03963
64444,60.091583
62303,41.579617
93321,56.976364
9220,65.71847
81219,67.30505
64185,41.169525
32228,50.46542
85537,46.584087
90266,71.760086
68500,59.409985
9255,28.169647
59883,56.40821
69375,60.680233
64707,50.563713
28891,33.241592
49446,42.40602
28377,24.815763
96640,42.084023
52329,58.635204
98069,38.580917
85378,66.89957
84764,59.313053
38928,32.641182
36614,56.828117
101279,48.456436
62955,48.592632
44787,58.47266
54424,64.45024
66252,62.47473
10911,48.260597
66772,65.0285
37127,43.433697
19280,60.279087
32605,61.293766
33318,38.909504
64984,38.338833
54031,9.288874
5234,60.83432
34264,29.014893
54432,66.73258
16788,66.5366
75654,35.943428
26939,58.588764
64590,31.552696
96318,55.42005
86409,82.34167
86316,50.664577
31876,52.552364
57858,60.128696
53477,74.79829
4456,29.154392
14250,65.06633
18474,28.619055
8939,68.74677
9763,43.3528
16776,53.726044
59123,69.098564
86940,56.8095
33978,66.80914
60473,64.96756
67384,24.011168
96897,36.08184
19981,18.871202
45743,65.38575
50897,59.42103
85498,16.304655
100278,37.19282
9375,76.00829
77493,27.48522
78011,49.562607
23276,57.13989
30011,41.200592
59542,18.51551
84575,44.57376
78910,47.66419
102547,62.72501
90278,24.31465
79782,43.955605
85984,71.25225
20847,43.84842
39244,38.98304
16620,41.59607
75050,58.542236
28587,45.39178
10732,76.20743
69436,47.149265
37122,41.525238
68814,67.22781
88422,66.64361
44759,30.415226
42239,79.800804
44340,63.79032
86005,44.806168
89499,33.159573
14196,63.91855
28098,37.81395
56799,54.058292
66946,58.830063
98411,58.571224
42904,62.510635
34338,47.848324
95341,41.5801
69046,69.14529
29448,49.014324
28664,36.181396
78150,64.751045
76722,46.65451
53740,44.242958
18057,26.737804
11949,31.529694
27220,42.39379
23663,25.689243
53720,56.817245
73790,52.425793
22664,59.368885
12363,54.13563
64269,71.29388
79833,63.699814
12016,32.07388
62945,64.65447
61846,47.33886
99269,54.70416
11676,57.170135
61838,23.423883
72356,15.8515005
27618,47.880623
16585,32.433163
82898,33.848446
97440,15.796342
62920,66.185905
51460,9.317796
60207,44.591095
72951,46.47398
18417,55.17105
37699,44.973774
62898,70.42881
29892,43.881275
85942,67.81234
55566,67.999214
76652,56.50968
69743,38.451626
92765,46.180298
64191,66.737144
120,26.043022
5580,53.525578
78739,61.235954
88127,61.400646
27096,84.472015
11634,50.355602
73479,54.419952
69765,19.072445
99479,64.058914
4945,37.456726
54856,46.9159
95894,43.15895
95233,66.01637
58505,40.207188
31782,25.611338
65130,54.80936
27371,75.92878
70645,34.90592
73607,65.2903
102251,44.22886
34971,77.6614
62265,40.233147
35578,28.99952
11883,61.721863
89384,55.96754
12471,58.433132
65448,69.095894
82527,55.00036
58305,37.081207
31579,60.59832
52475,29.888987
88941,57.98473
7676,60.991676
70426,43.942287
69270,67.60279
9746,64.70597
54731,53.664623
68612,62.14785
9292,54.17801
77813,53.676105
102207,45.93004
8054,41.262623
95578,27.765095
74903,48.219948
48852,39.78137
1751,23.772438
69869,62.01769
49787,58.220654
36285,62.68897
7412,57.641792
78120,72.84655
75830,34.99141
49695,60.384537
10330,26.782856
90998,23.344284
99060,75.870125
62938,34.332466
59514,59.103027
97516,65.23885
8803,72.67524
8733,42.2244
33328,46.164772
27922,14.279897
23610,53.680283
94888,71.104744
29242,54.45951
11890,62.102837
98507,51.78448
314,30.083418
75597,64.663994
98125,50.76131
20138,26.699457
92735,61.462246
16401,5.8974547
55736,32.187565
41482,79.343575
47475,69.421005
19310,16.082075
42676,29.479548
47746,43.869663
59024,23.762953
68857,31.977854
99603,34.421658
66368,76.866425
16935,32.553192
49256,71.20741
71397,71.66695
59704,77.46146
68232,64.27649
62281,55.126232
62450,70.52247
18087,42.56305
10377,49.95159
748,74.14625
181,58.178524
24375,64.04807
93212,53.96468
89290,23.519144
35123,83.021484
14613,28.003777
20769,41.415928
51834,58.230915
100816,61.81321
40357,21.92864
57963,41.709217
15218,52.47499
69459,57.073586
63987,42.524067
12378,48.16428
20502,13.355288
47385,80.40077
58812,27.397213
78714,70.89708
24467,25.049099
45907,46.800762
61078,30.073645
60292,67.04649
88576,69.057465
58999,61.927982
77647,10.7548275
51092,65.151726
26337,21.784752
81076,70.78919
58532,54.219135
39817,33.882805
834,61.147736
79052,46.97839
49894,56.959736
73877,79.19762
72617,73.173965
20861,64.55858
97398,21.130507
79265,67.11034
39900,58.218338
73925,17.939438
56324,59.0059
22420,21.045002
77538,57.740696
82955,44.73599
68518,40.94972
39165,11.596058
61774,45.679302
19393,66.955284
33819,51.992943
64156,63.693638
76591,68.76217
11415,68.483215
57371,49.8202
61869,56.964382
62441,76.94678
9548,26.503578
75000,47.055065
64700,47.53335
98382,54.487858
5577,45.22712
60739,31.372904
18005,36.47439
58752,72.76451
9085,75.14557
85639,42.933594
72060,55.40054
32569,37.5922
72942,62.751694
26377,59.415096
27793,49.791245
72447,59.345863
11271,76.193565
24810,69.96657
80892,52.799675
39339,31.738428
70735,74.578514
91185,64.23736
82379,21.511478
36170,41.686466
74920,34.598248
50880,65.42376
101422,63.036938
70803,41.009174
10832,72.42444
47444,50.745564
95365,48.996906
16807,31.38097
91851,46.199738
79888,68.848495
69047,64.39149
2700,65.79759
63677,57.023693
44556,29.791542
57245,46.35664
51210,52.888176
70795,34.671314
86836,25.038794
3012,45.191063
62983,44.09566
53042,41.956215
83723,33.363327
55101,66.854576
56670,47.69561
93145,59.072254
68220,65.48483
82947,59.843445
60419,34.203827
78284,49.549503
99963,71.504326
68742,59.65839
14639,50.467407
26784,62.761036
43664,49.4596
8870,69.54487
27885,52.614902
8467,38.500088
25094,58.33761
26340,49.64906
74568,53.778076
17187,66.162254
157,60.431076
84664,24.57625
60401,47.49483
86200,57.168987
19243,22.498018
15467,70.536255
21071,59.238186
84788,78.44421
53204,40.715393
38709,48.0699
51077,57.607376
61206,10.686008
91699,18.82146
61389,53.166138
45325,77.212326
38706,46.614006
49822,74.26565
34063,29.355755
876,9.72225
51208,44.650368
72259,51.233818
44606,32.617172
59017,52.265995
71266,36.215828
83810,61.903183
87102,38.226543
26918,37.443016
43046,36.32097
69084,45.458557
59963,30.49766
41025,65.69163
4359,27.773897
61619,74.982544
67580,47.172268
32681,75.86315
49176,22.694944
90143,74.45922
96219,59.314125
78899,54.136
97690,44.864326
68299,41.680115
10729,60.13857
77980,53.883198
60420,37.836605
17412,22.072222
15670,70.82882
47432,54.381584
57670,59.45393
53113,50.886497
28694,20.959286
29605,25.26042
59743,62.10304
58019,65.50694
1947,70.58168
24175,77.82293
55777,70.50501
53169,68.60954
99347,61.214256
2976,69.99686
14389,67.82181
86152,59.13204
14638,30.881218
89796,33.538322
77191,55.580482
101024,50.76728
54003,19.955765
43716,64.30584
96990,56.26781
73464,44.4737
53007,53.982643
22376,32.506306
69753,56.568893
32509,52.054012
56791,42.64958
16882,49.0676
15849,56.984394
44708,57.93273
17929,66.9556
89409,38.361588
23759,61.66359
21130,72.201515
7032,57.79545
83185,13.3923435
72619,72.96983
49918,42.339355
5237,20.29804
12929,67.32512
76309,32.79599
7670,46.029648
51960,60.79046
45744,28.968779
47259,14.097474
32606,44.41926
36705,49.799904
22887,68.90706
64467,60.938038
66992,54.12786
35992,59.35666
74884,68.02759
100124,41.593792
67264,38.305115
54466,31.3003
44720,75.42328
42989,47.999706
29451,62.662174
9640,76.86401
76985,25.661118
58037,70.495384
63621,13.481469
62752,52.611824
52783,20.602427
97394,30.582588
17864,45.709644
23014,74.5087
20547,70.527054
76034,61.772816
60340,55.123726
42846,49.735332
10000,30.369804
98798,59.40855
35247,24.91185
97018,62.506126
32646,18.928057
39313,34.955193
69131,66.320694
95676,6.6330276
42173,43.220493
40906,39.757713
74461,26.252516
55433,43.836567
95788,45.74334
32144,48.138542
38421,32.978523
15594,47.701416
13394,42.790257
38600,58.666172
12323,62.370144
36239,28.111187
85149,53.37955
39053,39.588634
35351,50.656315
39600,31.536032
41318,47.49922
69957,53.822426
92142,48.751865
70051,36.07789
45257,56.898327
91372,27.5592
72058,74.74494
90616,37.13326
27024,45.878506
11577,30.23899
14358,62.37977
9600,15.064776
82534,54.496838
2259,51.37664
91634,27.419804
89465,74.65255
38329,58.23542
1099,45.976692
50940,69.50153
73442,56.070057
89789,63.032124
21197,43.35439
29762,44.310333
65719,54.400375
78750,71.90558
79182,48.999825
28661,55.432686
52308,52.15571
20255,65.198
55219,28.268427
42362,61.515743
89991,73.29319
3634,56.248886
95441,41.422344
27217,26.191816
34391,57.663334
12667,53.780827
57286,65.79509
86406,53.677574
41314,69.883766
39222,47.00209
40272,60.062595
49095,69.80016
5364,34.64562
55083,37.056316
86450,62.600327
80369,44.578053
50015,51.457043
79560,55.43665
67845,64.52301
63355,62.034836
25682,46.7762
68291,53.52354
34817,69.473785
6007,30.880846
44002,56.317604
26042,55.640297
62968,61.309803
4122,33.98581
90761,52.556293
57051,20.106146
87050,62.872
91495,44.27531
15069,65.818634
99478,44.681576
38438,67.73856
60663,49.48123
7826,43.715687
39094,63.779243
36868,53.423817
28337,37.254314
91892,71.26675
62508,28.368898
13772,34.306885
60854,48.893124
9599,27.289467
30827,39.16061
76188,52.005444
98065,53.963024
97542,75.08118
20673,48.628986
39120,69.655876
12812,73.9173
55124,61.802483
70275,82.54856
58365,11.330905
33706,51.926537
85412,84.65463
7889,41.038536
74797,43.64188
28939,42.793575
64940,36.999325
102200,19.307835
26107,44.749992
55995,56.979614
52588,64.7527
46312,25.65491
39658,54.211155
72685,33.438644
39768,80.59241
80967,77.40184
11730,44.019405
48344,32.749695
98681,68.541985
81694,46.096848
21236,60.29617
101777,71.73128
6293,68.87796
24525,38.83755
81271,47.9281
77177,69.32607
84708,36.560764
74892,59.409264
12294,46.871513
27858,34.601124
24651,33.84895
89158,38.22666
77854,69.6294
30233,63.122612
68189,84.0788
50306,31.006521
3031,47.281433
90661,32.36372
71249,42.618053
71696,65.19564
91780,54.354065
57940,57.501217
6526,21.74286
58896,61.840244
91905,37.110657
26750,32.087772
35935,71.89513
70257,51.370625
93391,53.5071
84879,39.42953
81863,70.33747
76953,14.282643
75641,26.636377
98298,53.832657
74761,24.549385
85962,43.693306
51413,59.239365
99678,41.94934
70559,70.85957
28737,9.9880295
77074,41.209393
48393,69.96045
12467,53.714096
91915,76.55446
88072,38.72116
95975,63.44493
72181,59.279907
85396,80.313736
85591,71.10291
29340,63.742054
3427,28.739243
57386,68.20766
10595,44.06949
36041,43.252254
77605,55.404896
77293,41.440937
28875,53.960323
75627,51.29199
92475,43.178173
26457,62.862392
90345,31.809872
72451,73.054596
75729,59.497547
75842,27.32114
28907,20.292646
72376,37.875427
57641,57.044113
90969,62.116135
42210,28.835138
13638,48.855907
40039,30.82574
81290,67.91945
38216,61.848034
20850,55.723995
62336,31.707565
24671,57.870136
5497,33.955154
54714,33.72165
73074,52.458134
10085,40.536133
45578,56.34414
27242,57.655704
62927,64.651794
88877,37.382336
15148,48.368523
46470,84.458275
9171,72.31191
25463,31.875484
43631,50.783875
101815,24.55203
55701,57.11312
98226,41.111816
62131,63.379982
53093,59.466564
47311,55.486088
94791,27.787178
69353,46.68074
12202,44.681606
93929,73.98017
23479,35.85915
36438,75.46954
95821,63.86183
8973,64.74962
25133,39.968807
50515,69.44303
8718,53.37145
51821,62.532604
31971,52.291954
37011,65.27805
50792,39.228813
36616,13.506894
76630,45.415745
22266,16.091099
61760,30.434801
45230,41.58291
22560,41.914673
75007,42.465893
77404,65.123795
51663,44.427937
78352,34.66808
32744,21.142103
60378,39.897457
80493,16.820984
66534,15.651404
27683,37.280926
36666,64.68092
30977,64.97985
40695,69.93655
72165,31.411701
7987,75.68305
26415,37.8635
93713,55.38822
101477,21.128347
34913,59.51891
41306,63.205006
71097,37.67264
14321,47.77924
12055,41.819653
56706,61.84902
22082,35.74216
53410,10.991393
11763,29.409388
5530,74.294556
85002,59.613102
58011,36.89804
50286,35.444115
65695,42.15746
32270,67.41498
36463,32.750813
47851,46.34344
90748,70.93901
23189,32.40249
158,65.55806
61043,60.06941
3358,24.658861
78138,61.684
81194,60.24784
93917,21.475636
42731,37.83096
18450,12.02904
81169,59.13755
80721,32.403606
64568,67.717834
58088,50.4322
56600,50.993683
85759,50.408722
4361,55.116226
45126,72.0733
99961,66.31393
101486,52.80015
93925,58.63926
64634,74.2578
45069,34.065132
32240,38.814384
75698,43.99595
59773,77.993065
76148,50.413147
79924,55.49999
94885,34.265278
87951,26.41809
46661,47.225838
10151,56.97911
2984,60.096184
55527,39.951576
74107,35.789192
10622,67.992874
29556,61.998283
10795,63.94726
37680,36.66903
60571,36.355145
17830,63.57562
13227,83.53649
10233,28.53317
16636,50.087215
47466,33.305748
57233,36.783096
71507,40.61958
80319,58.006824
69192,59.48418
22737,40.33905
32315,49.4129
38054,26.863235
25067,33.53679
2831,35.768543
97731,80.979836
66348,58.49933
15975,78.568756
36789,49.227005
54158,21.893007
20730,68.18415
94183,49.886745
21622,49.234913
14270,74.14593
16827,64.4947
101811,46.15432
52743,60.64348
5168,33.943768
46127,67.48377
55561,53.647427
41132,50.258167
47773,61.72466
13568,36.7928
23542,36.79805
18080,62.76489
83638,38.394928
49330,73.173706
13451,42.4387
7115,66.92132
34093,22.805079
3007,7.6942534
23543,59.468185
99459,53.98612
81295,75.62413
100505,26.284748
75793,34.542397
41619,7.0423937
69076,60.857742
4366,43.944714
50654,46.24562
68937,66.78026
7033,27.503925
100325,62.809204
99946,54.068157
59254,64.69833
98101,71.3293
4435,68.31544
85305,38.661793
39929,36.21819
6113,59.221745
91212,67.27333
63912,43.418133
10381,23.321598
61786,61.451782
88718,74.3106
88683,16.783276
76237,50.28646
70959,29.853975
83595,49.748096
83943,54.658794
59973,67.36676
42111,58.423264
91314,61.717876
47218,22.920433
87552,24.173222
28855,46.98762
39401,75.78479
84237,20.430445
69278,46.337643
23977,52.90365
75104,64.04286
45547,73.00223
62800,69.458786
13220,56.156208
99463,49.31323
15420,73.09763
60217,53.07602
54234,47.58927
72612,36.193478
59164,56.734303
56155,37.96606
28618,57.72901
97591,44.855076
25918,2.6984606
71118,54.46572
68916,53.314774
46378,53.730602
91232,49.093784
59367,68.48995
24281,61.638107
62122,64.32433
45604,29.876917
19763,38.92543
47500,19.309107
94831,76.09052
17046,71.07101
22394,54.522552
87801,54.44368
54187,47.64771
53972,66.93231
79740,49.31822
35287,67.90818
53977,73.10092
61545,65.87479
89418,73.13978
18973,42.973354
7000,46.485012
26463,58.833805
55145,33.465054
93337,60.12851
24091,53.323948
4991,53.573563
96521,64.64971
55653,35.028538
77800,65.626076
34357,59.548424
8087,49.789547
55245,76.11333
17807,62.68665
91138,52.75196
38233,41.83067
26924,33.02819
605,18.67423
55498,41.390686
48064,20.222567
26604,60.083233
30653,12.834896
11713,41.83415
69420,35.889423
22389,68.08711
59225,24.3201
36835,44.513435
60255,61.842075
79883,61.589397
65648,37.84593
32157,36.742916
10485,52.50692
40713,69.53766
95017,48.576645
36544,56.186142
13435,59.24905
21792,64.85255
40388,39.786053
21385,32.81919
29250,38.686596
101876,42.292732
75913,67.47705
51598,29.992235
62833,56.181725
72472,59.547054
75513,32.350346
46305,42.429146
93842,42.661785
39201,74.017494
77510,59.47808
35447,68.89376
53384,41.43195
51105,41.425144
88734,23.268082
9070,65.601585
79423,39.16702
25273,75.08683
1197,35.842644
101848,59.874634
18480,30.16762
37443,51.330746
45918,60.143353
60286,53.463734
51665,57.038128
69115,44.007595
10160,26.67106
100373,25.863335
6888,76.6679
97043,33.50594
91076,24.108595
31943,67.63727
44979,77.94245
23866,41.183662
27145,61.977753
93302,69.027534
93165,65.597404
67410,23.128483
28436,68.716415
61982,47.708714
17878,78.862495
51721,51.146225
79178,20.064232
35910,30.580873
26390,46.168373
66499,51.391567
97550,49.45616
85531,55.999535
4073,23.393087
34785,61.344482
81328,37.798313
20215,21.561382
22098,21.45303
15222,29.924706
70271,42.083088
82004,24.539124
86133,64.85277
61202,63.088318
639,79.2586
39098,24.708841
33233,47.60824
83860,66.69078
101703,1.9281145
97360,47.08485
40229,89.944435
39982,22.575039
8950,27.274153
59750,74.170296
9628,41.70273
71637,47.044453
20231,56.80746
74551,72.10469
87654,58.35819
99818,23.99542
2682,77.01479
67709,47.465103
51818,48.181152
11987,12.396325
90691,26.797195
35325,30.938555
54257,32.472515
35706,65.56903
78563,34.02087
91924,69.96893
24475,83.72066
63255,28.781538
31611,62.594814
50915,45.24779
75315,67.82675
98844,71.0442
31899,78.61545
26055,70.07414
53261,51.125835
73901,41.171486
10321,9.225323
19884,60.837852
2446,67.32012
95163,53.789326
30609,28.415518
43837,72.709045
61150,35.462555
5199,77.24934
11633,36.11629
58808,59.397697
91323,82.55366
80035,60.69719
16573,61.55505
97117,60.31617
48975,20.393316
12224,46.78399
17178,60.674168
28379,68.2519
8386,58.407085
41546,51.657413
64845,41.662037
47222,67.949615
54015,2.2459288
90394,52.8367
59987,45.30805
91109,24.21921
34510,59.930717
31023,42.307304
9555,44.597134
98775,48.931168
40269,62.102566
53846,43.72245
97348,10.709118
81116,58.474995
11337,56.49621
96080,25.336685
83564,71.376945
31732,59.979755
36446,57.431683
25063,34.901382
89753,15.342915
49770,58.84091
21217,38.20944
67073,65.435394
2538,29.761614
44612,28.04971
74349,21.774946
68408,73.07614
52223,42.523315
96888,24.021914
79230,45.814873
90583,60.70176
72609,21.244333
89901,54.736866
3421,68.247604
59061,58.690224
19082,45.74972
29328,24.599821
5093,56.11235
18047,51.808033
55028,62.954906
58448,78.388985
37828,56.033585
2184,44.643375
15928,33.296917
26644,46.14477
84312,31.613369
43744,65.27255
80488,57.06591
33251,43.0591
64143,42.114525
17524,44.45881
46356,30.597431
65026,45.756985
6964,55.781178
37580,42.948822
11517,56.108547
59486,49.385914
18809,45.42484
85615,51.994213
18020,68.24951
81779,48.889763
87215,62.36924
14920,53.28533
31449,43.911606
77828,39.108353
94807,55.74077
66183,76.52538
17644,45.264126
38660,39.765404
52473,56.98869
48375,32.622272
38972,45.90077
75678,68.41542
36022,52.6096
239,50.43147
68790,66.49444
80851,40.136204
90977,38.37753
47317,58.9916
15813,21.447594
65033,66.519165
98192,45.5057
80131,26.923578
93941,49.34801
44086,52.875996
88902,67.55961
13482,55.668262
30908,64.7101
102283,37.199955
10283,64.67352
28549,66.0516
50785,71.640305
80091,51.917168
86288,69.51126
50431,24.100655
41143,20.950731
95295,21.92491
45166,34.965145
48932,65.23253
17389,44.516846
31969,59.218845
11165,35.824505
48092,41.77618
8512,47.79526
58987,30.727055
42254,61.480865
89738,38.559883
69056,67.579254
46516,58.965603
65499,49.73903
18167,58.27931
78748,32.854965
59187,37.149464
70650,51.355934
1902,83.70135
73988,53.48487
53980,59.1894
27599,59.096046
19031,53.174294
58911,34.42685
17614,44.049732
70304,60.036304
71230,51.328926
89446,47.558342
79858,49.89514
27106,45.523
70706,34.283527
25622,41.38738
42996,41.028965
48665,55.688656
53120,44.69877
35515,18.010916
87233,56.604332
4655,47.807774
75768,81.244385
1193,74.72213
79898,73.40081
49803,40.346844
41106,25.559145
88179,43.21038
948,48.81489
63845,61.986637
63165,52.727802
771,17.94212
17551,59.561756
78036,19.686836
66208,25.39392
40013,53.11798
99704,61.520794
27199,38.01369
32559,50.581585
80304,88.96105
15758,47.582
2141,30.15552
57528,53.017563
74939,46.814453
13886,53.1922
59509,72.8946
61579,70.01752
22661,54.52451
44483,39.05527
95411,69.03856
78279,55.41669
70653,30.740536
3967,65.80831
2071,66.469925
89241,36.301666
32670,66.293106
102234,29.74901
81865,52.097454
10965,55.732376
50511,42.535915
90137,26.811419
34760,72.22439
25923,59.472084
53124,61.529423
102084,29.178345
100749,35.42923
98750,69.98054
90657,67.91108
100271,63.517067
76735,40.81493
52286,36.24704
74390,62.338135
81906,52.601112
49693,22.85845
65393,58.08886
100654,74.51576
51018,35.743
33910,68.31761
6651,59.76824
60049,57.864807
75870,53.156456
65155,49.68717
70028,30.426786
28667,22.19879
53616,67.761566
53792,37.433426
78456,26.264889
77357,60.229134
18504,45.888355
45833,55.83139
43463,55.53978
99439,39.17084
69688,65.68879
84183,60.20091
62331,69.8464
15974,77.32465
41191,67.48352
79407,67.6242
47451,67.21522
29911,61.64603
53422,45.7396
279,27.050142
90915,48.22112
73679,74.73394
3280,66.276436
97387,63.76767
81285,37.4253
39686,24.2625
33929,67.93351
90888,69.84935
62818,73.574776
96711,66.20906
56839,57.91591
10783,59.42824
48694,40.3888
17575,73.22356
51096,38.74785
32822,65.24771
28039,50.284485
83895,19.543898
13758,31.156324
21049,82.54797
64650,19.829992
4286,43.169025
72063,36.950024
25241,48.65341
51878,58.6369
44961,15.017783
52521,58.24295
94986,54.729443
69514,30.30798
35884,36.25772
51437,37.14913
31752,66.65436
17373,44.666786
40736,29.767462
97097,44.363472
84356,60.629856
52321,58.32187
80590,61.86205
96694,72.608475
26513,36.36497
74565,68.854546
31238,51.731506
40988,61.601036
64563,64.80108
68097,29.41653
14422,66.09307
61601,31.719664
97886,61.391838
77731,49.9217
95539,14.842607
66413,57.08346
61007,71.12562
25017,52.40375
18420,20.501734
3289,54.410465
15441,58.23181
20564,71.007805
83065,23.153887
47779,46.65827
32215,66.629456
87248,71.92841
36726,52.53812
2122,19.734507
41524,14.709599
23337,63.188282
28340,74.37042
36199,58.038692
63465,14.969147
49192,46.07723
7045,71.3462
31762,52.06539
89445,74.139015
14166,60.292213
32496,64.732735
85871,53.25916
47366,24.58819
76777,47.455788
38772,57.548664
51383,41.716595
9325,100.0
5197,56.49919
45875,51.372402
4976,42.52527
86646,81.285904
22190,33.95831
79983,28.934465
26141,48.948612
58695,34.526672
45618,24.588171
61352,67.3843
30031,35.889194
100890,44.132973
33970,58.452446
30333,69.791824
80680,67.71649
37329,59.814274
65838,66.76192
100711,49.32391
76467,26.669132
92680,54.54521
52489,75.754875
62153,58.496166
21129,36.485977
49685,59.612766
64533,78.82696
7322,51.26851
22797,67.313896
71282,23.281595
93428,69.405045
75498,27.47899
14856,54.562458
86900,49.802807
63590,47.698395
65804,34.00703
41071,54.09635
25087,69.25595
96353,26.154222
61225,49.333862
48290,23.341633
63156,27.973383
64772,65.5196
39783,67.24315
54214,59.594795
83147,73.70595
40915,53.413483
79638,36.266975
7378,52.03501
61748,67.55875
16996,37.710022
77743,65.64544
52908,53.006474
74408,38.932407
60545,54.722183
64666,38.798874
17855,47.045006
91669,69.578255
85549,91.8954
83346,48.869816
53641,43.421127
89055,51.633354
46051,70.600426
38015,20.790281
72327,70.329
97622,51.208717
29003,28.151001
9513,43.358017
61335,55.005592
1855,75.28957
18909,39.60849
66189,37.238113
70649,76.353905
6997,38.64252
66932,43.97519
45161,74.46854
19292,64.57631
37156,66.13625
18097,49.469887
89908,62.903503
68155,72.15244
6393,75.111984
75769,73.797455
1414,33.103992
3828,48.99325
69136,60.74481
47743,22.003424
13210,63.101147
68325,64.14282
82395,43.982685
37460,70.94831
93654,49.563328
102367,48.919373
89140,49.816566
35731,23.18217
5484,66.11604
17298,35.20913
87075,37.996548
101533,49.61534
54845,60.979527
5923,71.52278
37300,54.315624
2879,42.704056
78323,64.15769
78936,61.754433
4698,41.449345
37785,34.52826
38890,69.03763
63093,26.000126
76543,61.629025
17055,58.297863
97088,54.068336
80220,80.97459
98011,36.8993
84158,60.585724
93848,50.09395
80321,39.498726
16956,49.80315
1021,33.69674
4710,35.59209
24034,30.745426
96053,38.185604
69749,56.954216
14736,61.472088
27227,70.88566
60247,60.859203
89824,35.716526
94554,38.962147
57211,73.89557
85825,55.50687
17378,32.41206
40036,73.735245
31077,48.40654
74737,33.238457
8464,68.16786
35208,42.954403
24689,74.28533
77142,60.98575
44845,68.13445
63405,58.63771
60061,13.19355
55972,35.958393
7862,70.56072
4752,43.372066
60414,63.32058
16614,45.026615
93962,61.27925
69774,39.28926
99335,64.36666
52467,68.39969
46973,67.35712
101297,22.503983
93847,65.97969
82435,79.09505
94932,31.370354
57300,30.2919
3758,60.622574
37192,58.544453
29436,51.007057
45975,39.537357
86668,45.702656
98899,17.370338
37660,69.10388
90610,51.66371
35725,59.967216
44865,68.73515
83263,7.35815
93642,50.158817
27211,39.172092
55970,60.94541
2742,52.157917
90957,46.017784
70405,79.703224
28362,42.043327
73028,35.73917
68691,47.58951
6121,28.888006
35147,59.440773
20390,57.008514
49230,69.518005
19036,37.729473
21413,55.890305
84318,44.083008
62147,37.714237
8135,50.110172
77470,52.742355
100050,51.41376
55558,46.391685
44501,26.112482
16306,55.146362
53198,47.553062
69689,29.597004
81400,74.05684
62436,47.69526
52625,33.26682
12358,69.736664
14018,69.75123
17456,43.952137
60083,58.706814
78915,33.549606
13489,50.86938
17810,26.99655
65305,64.078735
95469,61.263195
96151,70.86297
71683,41.609276
83311,55.87451
40142,75.02835
27545,63.02878
84263,70.827576
71500,41.0877
102495,62.3111
16784,63.86148
85835,74.14001
42433,31.277092
37919,31.691206
92136,46.889046
100617,47.751373
12916,66.225395
27154,71.302895
73459,68.09736
43533,42.612545
5494,54.625954
5873,64.924614
42414,24.002903
60394,34.45918
37424,44.561344
84969,48.131844
8902,73.57585
61456,61.62773
17098,29.634968
78351,48.28035
12205,54.870987
26123,77.43242
24022,37.84999
48527,63.80745
50458,52.53649
46924,68.577095
32511,62.830414
95971,56.40271
70110,47.54255
786,61.012104
39324,46.453014
13744,67.89318
64958,21.118488
77739,34.727676
78124,73.832275
6319,40.921024
4005,60.6314
82668,41.602745
76525,22.944231
28224,31.570932
35470,53.88018
15488,10.587959
53405,63.35299
3610,28.349976
59468,58.728695
73587,48.81332
69347,60.04337
90071,44.669273
26766,27.940311
81751,40.813328
24460,16.893044
4457,30.999031
26315,44.59462
7859,25.146355
44303,53.28547
51943,31.34091
86293,18.901361
94515,17.47383
79846,37.321087
54356,60.7348
40035,44.183956
50752,26.564041
101329,46.396484
90265,42.3607
46399,26.374977
8655,52.119026
100543,50.000557
8011,67.4108
86329,37.06459
80750,53.07032
68613,28.955791
75568,48.565044
48001,59.43581
72784,70.70323
8035,31.030144
28307,58.496525
25982,39.969387
18415,23.186459
37227,11.841544
52483,47.117218
38996,57.883907
30619,38.530853
99677,54.042206
84937,56.062897
33282,66.133415
46391,60.865772
85115,50.615852
63749,65.18774
20122,69.52672
24900,31.13171
30455,39.245605
60535,37.2314
46556,45.731445
92363,46.179344
44966,71.73417
33276,46.540882
19559,38.980198
78092,50.989937
87088,59.40179
45332,55.319714
50003,64.30728
51838,40.20725
81387,56.230843
95203,38.2027
65736,31.836987
37164,64.08097
82813,38.272964
12691,61.50971
28869,61.17703
84077,69.22948
89354,39.287167
98907,43.302975
60027,53.498737
1718,57.951027
39058,7.032281
12786,24.294254
47146,57.949314
41401,58.55135
19042,46.578953
95951,64.57958
62986,41.362656
12864,72.483215
6510,50.506676
88805,64.355385
94327,35.90522
49783,25.274584
20204,20.379206
6077,52.002434
52053,61.205463
2124,78.72856
90458,74.05463
3325,52.569305
25002,50.12239
11997,71.889854
1115,35.275627
98767,68.11063
53208,35.728157
83965,56.296234
80170,77.74322
14223,34.440662
50008,49.705307
92926,56.160267
67262,68.35648
58690,27.212822
85708,70.33535
4398,43.119843
68131,62.5432
59075,52.45581
1830,13.010381
44042,15.053839
55882,46.10993
16778,2.1516914
67670,32.262966
62193,55.664032
85736,55.578716
31299,58.442783
52253,59.375984
32675,63.3329
38138,58.334587
6821,12.457668
92299,32.928154
14175,56.88437
51304,38.55844
86950,48.85643
21213,82.281784
63751,71.30635
42886,53.308613
88443,59.557594
13076,43.87947
67337,31.518986
69804,68.04854
2675,51.30706
39048,47.231995
49270,61.300343
68932,49.85556
84505,73.64333
84281,57.68884
43435,54.924046
59534,28.229883
69556,50.956345
51761,60.569813
1220,40.377228
32987,58.632793
39994,27.642052
6677,42.57324
9361,64.906044
26425,48.074295
43768,30.49717
40933,40.630463
56094,24.388182
16723,58.614513
706,55.40749
12308,54.66122
86660,49.24445
93767,48.71837
79563,18.24224
79647,47.31282
68976,66.12826
54669,63.2601
67334,60.513344
50806,42.418762
13549,31.579866
102518,70.81084
2405,46.203167
2422,49.319553
101191,66.60445
11444,44.729473
12927,50.642513
2758,17.973656
95409,31.623205
32171,58.128883
45192,36.67031
85008,42.77206
61662,59.035534
71028,33.484642
88797,39.81537
22977,16.394762
67022,56.163414
77623,60.94956
82731,25.111658
94699,42.632587
96510,68.364174
32601,40.404625
97641,75.085594
40735,37.39297
61756,70.041374
19687,58.99227
15284,64.72766
8412,60.55609
52646,70.55059
83429,33.98122
67422,26.18359
33239,42.367393
48935,19.078745
19526,70.77493
64620,38.400818
17814,32.443295
99996,25.499636
10336,43.043163
91583,63.28496
89077,45.584473
10637,33.016342
28253,25.77919
17284,56.40573
92205,31.59519
92720,34.4207
69626,41.671253
75873,62.18311
29005,72.732346
92174,35.61976
82238,60.049946
47010,21.727407
95396,73.81554
81238,46.980812
70035,58.618855
20279,77.01764
13747,41.11091
16107,34.953735
65955,73.79199
38520,37.63766
66205,62.67573
10109,58.128944
99119,84.435295
36618,77.38888
83524,57.652393
75071,80.44852
6780,54.863605
41470,46.13562
27435,51.137203
83488,65.03411
48015,22.477345
39752,42.029438
65651,40.359467
80686,12.881287
76743,26.039799
46473,50.45238
94421,65.41935
102247,65.80196
7050,73.10462
8448,62.015778
23706,50.939262
72331,15.605905
69199,43.289776
36204,43.74577
58239,72.876686
40168,33.61229
6268,55.766182
42740,71.39638
443,17.014174
2854,78.24471
58024,50.91907
67536,21.016205
15132,13.242109
66969,42.96401
83623,77.20374
19269,48.505497
34861,57.870975
56966,68.1961
75169,42.37235
32937,51.28969
62579,56.228542
53606,70.49576
28952,57.46399
63471,58.949886
80005,65.50692
32447,19.897827
87275,96.252365
67848,47.098965
38042,77.03913
38174,57.112446
70754,84.860664
27399,41.119923
81612,52.96331
32359,55.088467
71790,34.573986
95936,47.33586
14369,74.6802
102626,70.11972
43131,53.88498
92124,73.68956
69705,33.40676
22450,25.31556
59124,70.10398
95354,65.94658
41879,70.75844
101266,18.520416
97957,46.73156
2339,42.307144
34243,9.843847
8581,71.90846
5322,42.582638
87763,78.294235
71488,67.90293
47952,24.774052
85888,68.64406
83024,73.88664
54726,51.959198
11818,58.10321
102182,46.94209
91326,37.93769
28931,28.471594
46055,50.35773
71110,54.65785
91443,20.53786
12089,57.476116
28383,70.54634
101484,63.93781
49150,60.97937
23187,10.62487
52069,51.597218
65140,53.688282
54441,27.611847
42733,55.164833
35113,17.337585
95348,43.445576
2349,50.530914
67247,57.92297
69273,57.76412
23088,34.74142
29953,42.54056
30297,73.17469
99471,48.879314
29070,33.364506
38951,71.13331
79993,68.127625
40439,65.93946
36947,56.1323
96439,57.993656
51378,38.89495
80553,40.59371
71053,77.3153
51127,59.526352
67109,70.52639
52414,76.61574
97259,79.310394
25676,43.584915
69401,40.611317
81209,31.363424
24144,61.539543
67192,41.7928
68541,51.82144
35311,48.421104
51986,28.399775
30645,13.296112
49751,36.307278
71107,52.746704
83819,68.45503
55562,0.0
14273,63.40466
19205,45.689625
8397,53.362446
38604,44.210632
12253,47.70809
67371,35.25667
56085,57.489872
8233,58.062805
37470,59.489124
7194,44.542442
6115,47.497368
98024,58.808304
41163,51.984955
32649,68.929756
68450,37.236702
78174,26.860617
90650,66.08667
31217,71.64387
805,56.619347
56239,54.324566
78813,55.546387
89481,41.539932
15468,67.645454
45921,52.063595
82406,57.58519
53735,41.801563
92318,16.237093
49379,58.63578
3491,77.91779
27003,59.285408
58425,32.547943
8932,61.045357
29284,45.595413
96014,41.17315
84832,41.07665
34711,43.919037
87584,30.567993
100424,35.618057
75475,28.927353
101105,38.617813
481,23.30204
19438,55.382786
88516,66.41599
47467,48.56577
9547,74.102905
17791,70.1234
1018,75.120735
89163,48.077682
30491,66.35072
95816,35.93922
76172,74.31807
2656,55.376614
11151,74.77405
71401,46.6444
101087,66.259514
53586,59.76228
49960,49.200836
51788,69.67912
14624,62.69622
6344,34.50669
42707,51.8196
13600,47.771862
53521,22.153465
42966,43.938805
35752,70.779396
48267,33.660564
25249,28.16538
61636,57.522606
25497,22.179806
78482,25.420677
78604,54.951794
49920,49.598545
59768,42.1926
79385,47.53229
24612,57.159897
78130,73.13306
31015,68.41123
69233,56.427475
94429,73.98686
61483,62.567226
49110,25.070057
24165,75.43847
90533,46.052654
70184,54.343945
62074,31.114164
57945,47.316483
77088,75.18143
54922,28.826328
8488,60.507122
48359,54.50098
97363,38.647366
81510,56.29041
35309,40.76663
802,56.164017
87742,59.442337
39765,68.74053
1993,34.16623
91113,30.254745
40648,74.94241
67421,69.45802
25188,46.28391
42599,49.60603
85177,57.44387
97676,4.338567
101372,44.23877
102464,61.91359
44277,59.3861
45854,51.05521
15123,73.14779
45253,56.121464
20474,63.4433
9816,28.707796
49933,62.11779
24465,43.40035
87711,21.449165
96600,47.805363
47306,56.76228
84435,57.23353
35987,57.533905
5579,30.741928
95095,27.875662
70730,62.80163
41611,50.572582
64292,65.812256
45548,72.40454
74567,37.537827
56215,28.852966
40914,67.263794
87346,69.8156
98990,20.192986
93135,44.913578
25589,53.3787
51655,53.603634
93957,17.759264
81001,26.75833
6326,72.22927
44008,51.368103
82311,72.56589
57214,18.179062
94912,59.669262
68848,52.826958
85854,14.023826
7095,50.380585
95700,74.88513
16047,49.06706
79044,71.74471
34667,64.58377
32261,54.774235
86593,40.222427
67280,46.36121
14779,47.342205
43088,40.49357
25449,52.36181
100499,46.489098
25761,66.517815
11226,48.121952
102605,69.93308
95589,65.69309
31451,56.734516
30083,54.99302
45677,58.79515
63443,37.17569
10493,62.090736
56409,42.250053
40040,47.44187
30146,71.42445
93070,54.61996
23850,30.847633
22430,52.54133
94018,60.90732
12418,79.01764
96207,39.626263
76655,29.928848
82949,56.864433
55282,60.676163
66993,54.276962
87150,37.583363
62389,63.477665
32254,22.534348
92047,76.75598
93153,49.786797
41153,56.919765
101204,56.305565
99844,51.120148
38619,41.817417
7775,50.145687
54329,38.77401
56528,42.79268
13823,49.84899
71086,55.29789
82638,70.851524
74753,17.14034
2978,45.3221
54367,73.58307
43822,43.978462
49969,58.371616
97125,68.28157
42128,59.710464
65890,70.355354
31735,55.619915
3360,32.128838
7843,76.46713
35942,52.786236
576,66.51172
25574,74.49734
87332,48.06799
63927,66.87214
68381,64.6533
60098,58.317753
60596,21.39102
27283,63.933388
50836,25.510305
24656,52.029163
37502,75.506966
18013,40.260357
4660,67.1517
68744,63.856873
104,38.962677
4867,66.943924
19094,35.70825
43720,75.19536
94763,69.223114
74720,57.578754
95483,61.601513
10558,47.2824
50514,65.614815
39580,18.525732
6158,50.732994
39538,42.673218
5462,53.736134
53968,64.105995
95278,27.4099
55919,21.356108
80980,31.382881
93287,70.650925
93418,63.764973
46864,49.358322
62070,45.0298
79029,43.026302
39351,62.05309
90376,47.064068
26716,62.144356
99582,63.180035
61706,62.33144
24138,61.45659
52016,54.970764
11783,69.98301
57692,72.277115
30661,81.574814
56520,49.073574
30360,64.91695
68775,46.202454
53073,44.143024
51662,18.056604
28291,49.777752
44353,30.653421
70749,64.75141
79183,48.479374
22279,40.29635
62100,33.408817
90523,38.10045
90431,27.377087
27403,59.305077
84922,61.337513
86672,29.491268
24921,23.304844
63691,100.0
14944,47.61563
52999,61.85643
39590,55.478565
97513,70.02631
24413,57.06305
44021,38.345444
69734,52.5642
3736,72.21483
90936,49.867794
17741,65.22892
26855,74.34555
1480,67.18689
37239,79.11945
15949,54.677284
41625,49.45489
9060,38.041153
32954,75.43922
90307,47.27584
79238,79.10721
21818,65.787544
71131,60.658676
99902,25.043186
77578,44.354305
24730,65.40172
62211,35.261074
100515,62.446957
40895,32.502945
58322,32.054935
6818,71.085945
101157,67.43126
19824,33.700024
54268,47.52922
18619,55.875828
46486,57.566692
34304,21.435043
45427,44.0308
39186,64.94885
14345,62.985893
98868,42.232437
91932,21.1765
13002,72.87355
64895,60.6136
48315,18.732174
52452,58.74184
99206,47.49093
54363,70.36157
16197,30.51333
3419,51.81382
72141,51.29273
45134,39.072136
17030,61.74457
101424,65.925476
48609,34.3081
65302,67.803505
100386,62.102905
67147,32.38716
73543,61.769238
14949,36.792183
99761,68.61506
55517,63.153847
72957,56.78183
42604,58.497818
92954,64.319435
78760,53.194523
69475,42.302986
58470,60.108837
24911,38.59612
2143,46.00132
27055,65.46235
92959,27.413084
39845,61.14481
6986,0.0
55387,72.55023
79564,53.55326
65112,43.13376
76170,33.605152
13642,40.501762
4106,71.00538
45827,75.33216
23162,64.03063
23199,58.813725
48747,40.10947
2129,71.54351
2229,68.845184
80725,35.8298
93440,44.834812
80864,32.869106
33284,46.876038
98204,65.96598
78473,47.002975
58378,62.704266
92644,54.271427
41466,36.225212
28414,64.97267
5643,56.49287
33516,54.333363
78872,38.30171
85797,23.586977
6451,73.72173
85106,44.718845
96021,66.443756
21762,33.544533
48089,69.99383
24099,68.87786
101236,60.55023
7453,68.71986
8206,67.94113
76057,71.04208
11666,44.866333
28258,14.313537
45334,51.345833
68321,31.00742
41104,40.956085
76302,70.77043
14415,66.62086
78084,62.166637
95793,65.86868
89211,29.86145
16248,52.736366
66437,65.79639
82624,69.52321
65257,71.812614
9653,71.89893
8471,25.958214
27494,69.46556
95549,47.849854
18528,19.80086
20117,25.046871
37191,58.633987
91684,55.711143
62645,38.992012
18491,36.980427
26974,60.838665
1411,42.902214
30677,42.26087
78464,53.93924
63141,39.985195
52997,47.92679
49658,68.34363
47517,59.364388
2219,56.776184
44193,33.30251
95964,42.374084
74263,70.75193
65235,78.89454
2658,33.025425
42043,61.23726
100680,38.16493
73127,57.208843
52086,46.004642
43874,65.210396
19349,46.6122
15174,56.933807
55842,61.683933
40469,70.84354
19957,44.758305
5488,68.7965
58031,75.60149
65194,48.79459
7659,66.670784
8952,46.221054
57162,48.827435
61141,56.036522
28945,50.659218
12865,33.577835
15552,44.45428
61962,77.12447
58134,36.491657
71555,21.700281
29354,73.66434
22131,71.67192
48941,67.15681
29931,46.08192
29010,44.46689
77252,63.163067
34088,83.10261
69896,25.168333
73450,56.085316
78815,61.485523
71042,67.893585
24809,52.42303
86793,73.985275
6706,30.913418
5064,34.132816
48067,40.342087
78091,29.367773
68494,37.100353
95630,49.895863
17590,61.468826
33155,68.91194
20089,50.196842
54775,65.88441
50424,63.298214
76346,38.642185
5935,66.98295
26228,46.124203
37735,42.5674
57755,69.639534
91017,55.284485
33159,37.084236
39038,63.88053
66061,73.38821
93166,65.621056
45048,19.003965
83150,91.45049
31806,38.132053
84637,37.59712
85308,67.219124
50551,28.748878
94048,45.465473
83238,35.73133
46993,51.495613
96967,59.51254
6957,60.735046
31455,54.278133
66114,57.891224
66649,65.33524
98407,65.53986
64005,61.902447
50768,35.99223
11781,59.024765
61644,21.378944
92845,56.045166
97510,49.814503
71129,45.846024
42558,49.172947
4368,51.943443
47635,61.256214
41237,61.64769
31958,49.073822
99661,59.7204
96326,71.339775
7432,28.830204
50225,42.658585
18976,41.940903
28815,54.0301
27863,51.319336
99756,59.146236
58932,99.61688
77206,30.948833
92464,38.04828
17455,48.001266
9781,69.46931
86737,69.30517
95557,31.101097
48255,42.530468
56757,32.19589
48851,69.7233
25092,32.10473
40603,67.0956
101262,60.53023
34923,75.08696
98124,44.155
45585,52.773273
4707,45.329716
95513,38.16636
8098,60.686214
29754,60.32513
102233,60.356365
38826,18.49908
11620,26.939407
90882,45.622932
74971,39.05978
94654,79.76037
96546,68.55131
73497,34.443535
97026,47.819347
14559,40.970375
97009,56.83267
49438,40.4839
17312,29.583786
35864,63.38963
55805,61.968235
18075,53.156044
98291,56.12747
93473,54.32599
77543,65.36804
93297,68.249306
63101,70.74023
16340,23.961271
73019,38.12537
7570,43.676712
2413,61.424366
84421,64.70074
88308,25.812155
23779,46.06443
26186,60.885155
64423,16.067905
92146,46.90674
63724,26.771702
37325,65.0053
55840,27.161898
23932,43.202667
74834,60.439472
14800,59.246178
98975,38.52767
35324,31.90175
1471,65.42767
56380,47.347046
2181,50.61355
38072,36.425186
94076,48.49533
81708,65.11723
7905,34.033295
102047,73.833786
86858,65.00705
25912,59.899906
55660,24.932291
60169,64.54494
39777,61.753395
33141,50.781116
62346,42.9182
61606,79.28461
83781,25.41181
63177,51.38041
8755,63.083755
22638,30.972826
85190,44.60953
38974,52.479195
596,23.051023
63960,30.332113
97605,62.740837
40716,47.416615
57155,23.155983
98451,62.384678
86218,47.653572
92983,68.4495
57329,42.04867
98398,36.461803
35440,30.40415
4374,71.004684
23402,56.991096
44762,63.659325
53294,52.201584
78573,71.01033
15286,21.05456
19219,30.2523
47108,69.12311
16848,19.578142
50181,56.77523
71678,23.438467
22941,35.714638
101050,34.952003
62538,51.16927
39583,86.91397
47742,67.034256
100734,18.9922
31509,37.967148
15827,64.075905
41453,26.91148
1850,46.19438
68190,13.161432
60794,21.198854
54293,61.806232
11025,63.81607
84326,54.85544
74612,31.605322
9869,57.719963
78891,31.378975
55034,16.88186
47803,51.958267
78030,58.248375
7990,13.160112
22768,55.16087
65070,49.345966
20763,61.48005
12464,77.752594
17634,47.582344
47921,63.706238
71010,51.672554
61146,11.745475
37686,69.84668
9287,53.81335
47818,82.3481
27983,67.487625
44650,36.449196
66895,74.25122
96365,55.349598
82031,31.610146
51052,67.379326
102664,48.434113
7587,49.198677
51102,44.578163
74060,66.16051
34842,79.48426
92638,60.240376
18964,62.256165
8855,65.238655
92693,48.944595
4823,39.926765
57717,59.624096
6670,47.292465
89498,35.955605
30591,62.837395
92819,63.201447
61033,63.279083
11759,83.8352
11445,48.14507
65185,49.38814
45252,25.775835
63493,69.8428
50636,32.76448
53519,58.977867
40094,56.553577
45642,60.94631
13505,52.33884
5329,38.98382
7411,39.82556
2173,35.74549
822,72.90937
39443,53.483025
82528,64.774
99378,47.87492
38888,71.3394
25420,34.714333
101657,24.168924
15749,67.117134
32558,55.451675
66465,26.632618
9963,39.912785
14678,37.749325
10437,32.27871
69288,63.535263
26446,56.546112
47725,51.63399
97552,52.647564
96907,21.706451
60767,47.51413
29468,67.78375
59147,70.57718
96357,44.945415
92061,47.018925
6347,65.04826
84109,74.39648
71184,51.61472
92992,64.358505
66779,24.02811
20111,78.39695
17237,42.484737
89415,77.29308
36990,42.30023
22981,61.991142
63827,31.736012
31950,58.09189
22278,49.8175
34176,63.331608
27143,47.819355
56540,69.0919
34688,25.33163
28746,6.830395
39396,80.16503
85109,59.511395
8705,64.19369
84989,68.14008
12018,56.637264
47835,69.02296
72879,22.811625
33734,71.63673
21549,21.752449
62220,46.290016
98950,61.93556
21446,59.866207
75533,69.96076
68939,35.426056
95632,67.54694
54942,51.094807
35471,71.97787
4545,66.62873
28251,55.011574
50378,75.447586
14398,68.78253
34261,35.080345
67795,30.81717
94611,30.551422
68919,53.260113
96315,30.30024
51079,68.20859
3961,42.79121
64658,65.97522
61879,56.896614
21568,24.298502
66673,53.062977
96380,31.836672
42436,35.631657
25193,48.715828
99542,65.141396
23022,34.627106
40488,68.64903
24480,74.250114
66740,63.15508
41195,65.82352
56286,57.38215
41898,74.75069
79786,74.95345
70762,76.6851
63502,72.65076
21745,72.53223
4973,54.06932
99338,48.744812
101743,55.586784
99156,52.00821
22321,69.54898
50589,68.0137
29885,63.694695
89778,45.680145
68011,55.328472
31748,61.73054
97716,62.823772
31204,37.88185
47911,25.545013
43366,64.8228
79278,54.029488
76964,60.110897
34456,73.18682
57003,61.185593
90405,26.59937
18732,26.99525
33815,77.371704
28689,53.423992
18257,60.021343
98612,67.486916
68061,63.237713
32907,76.29965
68489,38.646748
95838,57.228397
79030,21.733627
94334,48.15312
28589,56.277225
72777,57.44549
33807,63.691036
23242,50.032177
19184,35.33847
65083,41.232914
56724,40.693935
72040,37.246033
41654,55.625267
47659,66.81168
1652,69.39459
35525,31.803122
13762,38.197815
33680,63.87863
53427,70.95997
2603,23.263912
61406,39.762627
52072,23.486374
65044,60.995667
101211,57.30071
31154,32.464138
28550,64.02292
32592,46.88373
9033,69.40808
57530,56.840282
78700,47.684425
85404,49.59276
34450,69.78325
1022,65.858345
85129,44.680862
46562,27.550861
47534,71.30707
52758,69.29045
39703,63.839905
36016,71.37243
64874,69.071686
8699,76.11327
664,53.053673
68471,49.275543
31550,48.851395
81689,42.59663
18309,53.825275
4933,21.161646
61400,37.440956
43827,52.79496
28784,32.501213
76746,65.91659
60746,29.228624
24958,66.38208
75757,35.743866
79523,40.49478
23030,71.092354
5117,39.01881
33490,56.12323
75586,65.45083
85157,45.95025
77029,61.61039
73174,37.978447
102435,15.427753
83929,51.638348
32141,33.05589
39595,52.512383
37681,46.767754
6659,48.57199
63142,63.733757
84630,52.45949
29881,51.367134
59194,36.129612
94456,58.72177
65905,44.97693
29944,72.52591
33955,38.99032
66057,32.18546
19317,48.79866
21677,78.598015
8588,60.416874
64341,62.490795
26211,14.784616
48561,9.188002
42063,82.252
40046,63.672634
40083,60.211662
77324,69.85034
5599,38.311565
27573,27.178188
71923,30.461859
23252,57.86019
91416,40.0919
77849,35.293156
18739,56.513565
92224,65.51149
73943,53.221867
16394,31.12518
32088,14.672728
28625,29.789497
65269,53.204277
92998,69.42494
100972,80.70217
45191,49.100388
97237,25.964884
19558,70.95398
85019,53.432823
73594,41.22266
80175,52.088158
60018,40.363598
57029,34.86548
31101,38.68668
2960,71.62144
2158,51.108685
42032,74.628944
34210,27.98652
4766,20.130905
13507,65.69704
39772,57.33079
28439,55.850544
61449,35.52047
98385,60.17032
30870,61.085316
57289,71.67492
77533,32.731613
29917,39.943214
74870,37.171505
98126,48.406498
7977,24.00198
10361,45.961357
42331,36.166306
2547,50.738007
96170,63.06051
99853,37.63634
50580,36.042095
36336,40.56248
92268,51.690907
90461,41.45519
80211,33.243137
45374,39.239525
55809,62.38268
8987,41.626858
66186,25.40238
55414,17.427103
19971,33.09095
89403,63.85955
39518,48.252445
4680,23.838207
6488,49.492725
24440,68.480774
88623,66.9329
31423,31.665234
29308,64.1459
46513,62.28281
70196,60.48323
24030,64.486755
62314,54.523838
80968,40.70032
47571,30.178335
40564,32.931873
14264,44.61511
19348,66.92059
84870,56.379524
95493,65.46835
97531,81.05501
102478,51.879177
88922,61.874794
49075,99.58322
22872,58.739574
72328,61.726097
17029,53.524532
44764,64.67245
42870,79.48588
48545,61.23809
82538,60.081764
90019,32.965034
67984,63.732693
48046,60.94404
6764,51.87047
12676,54.289894
13252,24.62031
35264,39.453606
55112,42.096348
100946,64.102066
82881,37.92944
94618,41.002728
7266,68.046646
49759,60.742702
97568,70.09278
48592,53.71149
99560,68.43047
92940,30.621605
53,52.266205
69030,66.443214
85814,76.14065
52152,74.65727
101757,47.42754
278,40.105103
89442,22.7366
32311,63.31314
41134,46.25744
75796,35.18374
96065,12.00718
66912,63.218597
16621,36.79753
55945,59.425045
27695,33.380512
19416,46.90731
65904,53.620075
82711,52.657192
41671,66.099625
60878,43.734474
73947,43.71603
52081,20.992458
78780,30.676416
249,74.60181
49579,67.08499
95350,47.857483
30469,40.99289
76502,36.993114
2751,49.027306
28852,70.99841
61585,66.57013
98989,67.24436
50060,22.495998
59092,40.606747
100530,60.32928
100584,64.55563
82649,27.763489
53565,61.241276
18158,65.89204
17342,40.854774
31524,53.496513
6430,20.41891
42811,14.14986
45894,54.329548
89523,63.47176
71851,70.12695
51451,32.38195
6517,25.282463
77839,36.726486
60030,29.332384
63226,35.50544
40572,73.18467
98447,21.811377
55986,42.80355
68642,58.723953
60997,58.977707
37744,64.42331
98323,70.891624
51701,53.914337
76421,31.138151
16165,40.448124
20104,44.521725
96928,71.99424
98571,64.29498
51540,69.15406
22386,33.370632
48151,22.582764
100482,39.52086
34432,60.86809
43056,75.38865
85138,65.336105
41119,64.977776
3704,41.87569
75021,13.955487
4289,62.78785
94780,53.07345
67941,59.93306
58903,76.52543
21486,50.176907
43843,78.71493
10547,12.018875
14549,68.023346
10048,47.326313
74277,45.00475
10669,23.968887
91734,29.780804
73652,64.03845
4931,41.3814
14231,14.269351
43946,65.05468
50793,36.88196
2444,56.869648
39289,25.186922
101068,36.14958
87576,52.042377
56546,49.067772
33924,67.124626
44680,65.93113
28398,37.197815
68256,74.10997
8132,52.898857
93806,46.972336
1781,56.65893
81206,11.280918
13498,54.616283
73400,77.403946
99530,73.08228
59794,75.824486
73219,44.41023
67763,39.087837
35030,44.76066
100954,14.374633
59389,36.842304
60728,57.80487
11282,62.964867
77751,41.489494
90320,31.877165
42849,32.23477
1709,47.173466
48364,47.709904
12361,24.248465
5071,65.48107
13335,38.408188
87110,38.77672
84029,40.535748
32970,70.74468
80745,49.9937
56415,56.611958
18835,52.46754
61040,63.747894
94918,23.969067
74296,62.886112
59091,66.51539
58317,49.455414
71263,62.510986
23514,54.230644
86263,28.145365
57399,64.80313
9615,32.706123
61535,36.15775
52901,28.94734
36254,46.04495
4774,6.7760816
28380,27.154669
100931,54.040325
68377,42.130707
66407,42.624874
69462,57.11582
8975,86.45112
7835,72.848274
23142,32.57492
61704,45.916992
57301,60.934044
31144,68.752815
96009,66.13396
98648,31.847271
26510,35.51314
55146,59.771946
5174,58.813576
46703,28.868979
66796,65.830055
1334,23.454031
77590,20.2162
68060,14.003483
86423,29.907452
55086,46.072906
75697,53.44113
76357,19.267555
11435,50.687054
82137,40.20246
73364,39.578667
52313,70.87489
57116,52.054066
64018,6.016445
47535,74.27016
52610,56.51347
75126,61.88415
76274,55.946136
79196,75.19824
102512,36.552155
87645,12.232419
9307,59.86825
25914,73.402275
43037,69.16777
25542,35.648766
26011,81.11833
44252,42.689026
99321,57.03694
79059,23.931286
15277,58.183266
15048,68.83963
27751,41.83309
28778,24.700836
52909,31.12284
86924,65.82767
81803,61.40839
9355,70.92022
10611,39.433037
9093,41.43136
42244,53.106697
3513,36.76881
18513,49.516155
62581,40.18297
90853,69.156494
10339,77.58902
973,68.106285
2681,48.64713
6782,74.47826
45005,41.42417
11764,70.3709
46030,56.85767
65254,41.646877
22879,63.71724
92880,71.4251
31832,14.62998
80982,42.05708
76665,47.365383
75803,64.38034
94323,80.10475
41382,82.62331
68765,75.07448
14861,14.633615
12991,69.9396
81581,66.17162
49719,72.95031
7487,50.282665
95082,41.044163
75868,46.661293
83976,31.037552
10399,65.312416
79673,33.880978
18175,62.141514
39825,35.08804
8234,50.884262
100059,63.79084
11654,57.167744
91625,22.238377
28940,52.640865
79572,77.353645
21300,58.582115
7509,58.173374
74965,25.542013
70098,36.104317
96211,78.59749
67916,54.064957
80944,19.483572
15851,28.286016
18603,30.667475
82073,55.177322
49252,35.155754
1913,43.766262
39056,62.83876
33648,70.953064
79294,40.538067
18486,51.46755
95797,49.839592
1799,73.268166
20595,31.27897
31746,46.30872
5913,69.90405
34507,62.393166
48353,58.731304
51431,67.27946
48367,27.226864
27236,37.8647
46258,52.024097
16966,74.834595
37696,61.52556
2757,49.387444
60760,65.6578
95747,34.16667
28539,75.770424
52632,30.631073
24734,59.69047
22791,64.63617
68162,55.94464
56165,51.908604
28727,59.229794
67366,50.76566
2224,60.39882
72320,68.629845
41417,67.21012
27462,30.1432
22304,50.76161
58760,52.591724
21200,36.842163
1106,56.200047
58353,53.038998
83785,46.37952
21326,67.27754
83677,62.53388
59205,70.72088
57208,56.939766
58458,56.12487
57418,48.846397
41483,65.65688
73948,39.90854
28196,74.67381
56231,66.71697
93488,37.044514
25958,11.120728
52017,64.75884
42151,59.55162
34561,56.687996
82871,39.99593
74696,27.62212
74395,43.059647
73062,27.710758
97451,79.13688
47462,59.175903
78459,71.140785
49914,40.698135
77022,75.07585
41592,26.477633
28104,44.21499
77063,35.31024
63879,28.151024
72357,51.62475
93126,60.57979
59231,25.07358
57860,68.99209
90780,73.562225
27342,61.308907
4613,40.573402
34241,42.080215
87873,26.390823
41124,43.720154
62212,65.30408
48902,73.56305
79795,52.957108
30222,83.945564
51253,51.06742
36092,62.09104
39966,35.944008
4117,63.286457
72774,65.482285
69153,73.84118
59620,32.681942
23008,42.7778
26936,65.24626
96738,53.958614
61293,71.880264
20964,60.682182
94903,58.201385
18091,62.05913
53704,46.484684
64708,64.62746
85599,37.707676
72578,60.43591
85935,57.714195
24256,33.649456
45180,38.678646
25889,75.28229
28511,42.597797
71109,54.298676
86557,54.023777
54925,46.87423
1218,59.152832
32624,57.312443
68042,54.051743
56336,36.885887
25503,21.211403
62010,34.872406
57690,54.340572
77217,47.443253
26464,40.138794
29052,43.60179
48149,67.71284
32828,24.83877
74906,55.454544
75399,48.09183
7199,23.038374
47268,62.299713
53841,37.536633
39530,54.67825
83111,56.131744
24878,70.42961
38825,30.68071
65350,55.708675
12727,75.95765
61733,64.86762
69586,52.654453
1507,38.54103
74873,49.43614
68779,64.23657
28508,65.9648
89463,66.925896
82429,37.397335
20910,35.825745
70171,39.628963
64704,48.23911
72069,63.375786
57712,86.29736
15632,59.6252
62831,12.769318
19815,58.08053
87767,70.03795
11983,30.157707
89978,43.844494
59171,49.541164
35248,21.355373
79304,73.49275
5480,58.725395
34942,70.57125
65629,41.59164
63248,77.29538
985,43.05921
847,61.05857
41932,62.816593
76182,36.6815
60668,42.306137
39690,61.597088
60164,36.111187
58027,43.00437
95920,32.124264
100242,51.832615
82506,28.937654
26494,65.933266
16780,24.9644
50713,46.825172
45438,61.387867
61272,39.529762
7220,7.4806676
62460,43.051537
68774,59.979927
47375,39.684387
57572,34.448025
46354,45.798542
6960,47.685856
1188,33.256866
38247,53.088364
13278,40.75816
44946,44.069695
52191,36.11123
5052,36.612152
23180,58.38405
48230,78.33106
76326,82.91919
40067,47.090916
30585,67.72651
101712,71.5952
80476,66.388916
35121,58.929295
69871,42.292683
63221,31.292864
85015,52.162567
25204,36.29596
30686,46.043137
63003,60.19172
44601,42.551426
73161,65.20403
8083,40.346992
36655,51.945244
72698,71.082924
102286,43.675617
86992,52.89921
21663,48.879025
51136,32.224823
27205,57.970963
97631,23.111223
102176,52.04003
82390,33.13328
47000,62.939243
59054,51.091488
49798,62.66742
15858,66.4003
25724,33.540367
56537,28.974903
30518,12.610721
44863,74.53872
40925,38.401924
44547,41.370678
35776,32.580956
88672,52.27991
59694,70.1178
81253,37.850925
25269,35.737038
35493,47.242855
18881,62.723415
75109,55.23065
70838,74.77272
37169,46.269207
85366,54.280922
62969,71.30655
52334,38.18414
54262,31.853905
49144,39.271534
24506,75.996025
51742,31.576683
73418,29.740444
31169,40.550686
23667,47.356842
66663,30.041193
62993,57.266964
69517,34.440727
61063,24.748512
96859,65.95137
3649,46.87555
36327,34.219776
57497,53.613388
30331,72.468414
59580,48.12836
90473,51.848553
13704,72.55679
48246,75.41028
20220,73.106804
52685,54.134262
94696,22.66438
33151,16.864561
4033,39.45896
82472,60.611805
59618,64.11726
89895,10.933254
67361,38.952118
66525,45.651955
367,60.20341
66814,61.430332
54732,55.818027
82849,40.992172
52769,41.34733
70267,57.94353
63647,39.78815
28372,54.436474
69238,40.63866
28124,73.03848
87410,57.37982
93009,33.20427
14885,32.37506
79640,60.75444
42443,68.09917
80199,23.476473
40662,57.662815
50353,45.796455
25646,32.55875
84413,22.913631
20880,28.327513
99054,61.19278
28227,25.778908
65363,54.847664
23366,83.69536
4771,37.40584
73593,34.948597
93510,63.451416
1100,42.870583
32440,64.03967
6732,69.52535
25593,55.603275
56364,50.750755
34487,38.127357
11303,75.00184
6312,57.896496
76877,12.340404
68184,61.092823
59552,29.277454
7608,69.8553
67296,45.6399
83743,52.580154
8025,56.021187
16553,56.82701
75281,68.205086
73539,38.270573
85584,20.506464
35847,62.73572
38581,51.379436
13644,39.822166
25333,66.6703
62137,56.821926
6439,84.3537
89017,38.58889
24214,87.54186
97702,13.634767
82522,11.733545
71901,57.43399
54056,37.872555
48024,17.950613
9317,53.997128
90865,47.149727
13408,58.348125
67915,49.128555
81870,71.13395
66077,67.652985
24997,52.60772
39743,56.645206
83362,58.752666
35242,38.067326
37990,59.823257
33471,44.422886
71136,71.9931
46432,26.769339
80239,30.956131
71960,39.33734
99635,57.517612
19353,43.604557
73821,58.088448
90038,13.959718
54082,67.50486
12575,40.44444
25474,69.342606
91641,21.52301
87862,55.908997
22084,71.77891
91605,58.273468
38591,56.741745
19100,33.477276
12359,49.511463
87822,56.179855
98834,40.741577
45286,7.7766128
69780,53.109146
82354,76.292534
79151,76.98093
8788,52.093044
94125,32.327713
10457,72.173645
79575,62.012234
31504,23.50915
93880,31.990187
11231,64.74025
80029,53.036232
38004,60.30911
101292,54.950714
97110,44.108414
51438,53.12359
87908,27.117735
91159,63.066612
67700,72.60457
99621,59.909847
37104,68.97502
11573,47.04517
52585,59.133034
60511,30.357487
5565,35.055363
21422,40.953663
10997,45.257786
57055,65.1513
30060,73.784874
96352,41.107822
47325,51.276302
77929,63.63519
61098,43.634556
46277,29.56687
38431,69.876465
9237,43.799114
60651,63.756306
17726,52.108234
56150,46.83245
47005,22.078232
90453,36.972786
11855,34.125862
95759,39.474533
13865,26.560986
90622,25.323946
54482,69.68237
19539,51.600765
71106,42.429905
32839,64.863045
18032,68.6815
65008,72.44342
1309,61.837097
31896,40.21582
51326,30.32578
80593,26.127329
84146,47.22602
1431,69.14756
92525,51.209988
68567,32.52925
20661,27.620405
92040,56.718933
10588,56.375626
78300,50.700546
74679,69.18564
96802,50.90924
3504,24.369652
39598,56.137157
46460,73.58542
6112,61.711166
10231,34.27258
550,23.686806
5568,39.611217
32287,65.58865
99141,49.105488
57107,36.04482
70621,45.20907
41259,44.79366
98348,73.33513
80790,60.823303
6160,35.18469
57113,35.674767
94081,48.300385
69345,74.95001
62105,66.4448
102617,43.031723
99051,47.477615
58890,19.808096
21249,59.489967
26489,51.115013
74976,54.73827
23457,43.194084
87175,47.793858
59607,75.95496
72811,41.247128
50703,42.56229
91136,58.33097
88290,13.13297
26630,55.267357
47738,32.307224
93090,65.177505
24807,63.385536
35672,44.405678
18234,44.488663
55225,59.711903
49090,62.831326
1204,27.208485
61155,43.952847
80542,65.73558
29818,51.517338
57519,58.542904
19089,69.076256
62984,37.58653
3050,66.5056
6202,53.221474
14718,56.84117
24320,80.39799
20465,46.887928
90914,57.73925
92278,21.62198
47824,50.406654
102351,38.155247
60609,63.93203
13173,63.262264
92923,59.738186
86677,52.831036
48868,62.021416
41249,34.316193
99346,35.250095
23687,38.503387
66587,50.21035
61142,63.15483
2856,61.81408
23490,38.62107
24336,32.431828
42514,55.840546
36388,72.24684
53564,74.93674
30575,56.949306
8395,68.19977
6471,49.609474
59907,51.89838
12522,75.11437
79339,40.845478
14576,40.56066
38197,33.685196
52726,56.026283
90581,54.08753
33498,36.950397
41114,47.995102
63253,63.97496
53683,29.347212
48312,57.286575
26732,70.868996
97414,69.27055
21790,62.68461
94872,74.22409
10562,73.05017
77432,55.790783
91242,55.459
69604,60.973934
15657,63.45057
51262,58.31331
77190,43.28286
100200,39.91314
34054,53.714462
41911,71.397095
60082,69.377464
59107,62.492832
31273,35.127434
54802,41.753384
65714,49.354042
4440,48.919
97225,60.257652
10244,65.49504
88363,54.04438
47233,66.04073
58344,60.25982
83514,48.137318
67318,37.844646
23909,50.099957
43607,57.940502
9799,75.35804
81732,53.825855
5730,46.451424
61081,77.20941
29727,26.143711
79075,39.083733
47513,59.47901
13526,59.703434
6068,17.885235
36405,73.71791
15977,83.0058
35007,72.53948
49376,6.602082
100102,62.550636
46400,37.138367
30085,41.665092
45969,24.594044
86417,37.83127
72375,54.08456
5054,59.300453
6415,26.558723
98884,60.458355
91032,46.266064
41968,75.64124
42392,62.783985
93969,71.24593
16015,24.155197
13586,47.814583
5262,61.89871
78966,27.731007
40811,55.586113
73878,43.51835
66381,37.118423
18021,59.873158
90922,66.28901
14595,71.30005
63726,52.680683
93225,44.458046
29154,59.198517
42390,73.921234
55368,65.3313
6183,37.42137
17036,74.71811
61923,37.04161
23373,64.753845
5470,34.778175
43029,50.234085
12491,52.478107
28073,48.614185
25047,42.050774
21281,40.0835
13678,53.95164
45886,70.89457
1331,67.31892
91867,44.136707
51968,79.508064
29795,80.4086
38738,61.67379
45612,74.9738
102618,78.50399
38892,14.91345
36119,60.544113
45993,49.07492
97595,36.48879
48311,58.43272
67132,66.99408
82474,50.234367
26222,43.219765
45444,79.5707
8585,53.631344
25255,28.985983
26088,60.52924
30756,43.55014
15308,59.52945
3443,48.947678
48503,51.074062
80197,26.912273
8444,27.367016
41481,68.21118
41495,50.16403
2296,42.663124
13735,65.09854
97634,65.68174
50966,50.893406
66383,59.97354
25294,73.28569
44684,33.561134
10417,44.782585
34852,60.747078
2820,43.64994
101780,80.89273
70628,51.59191
55378,53.19948
55147,69.36616
5916,41.116665
85585,16.205666
65177,54.654507
30024,23.801857
90586,36.42426
67491,46.759365
14618,15.279197
27001,66.08787
54558,39.158585
38747,27.973228
56001,25.648186
58394,66.945625
61498,43.497543
62039,72.257416
53060,30.74307
102090,46.529537
55318,72.09319
13201,38.101627
19732,13.9503975
45627,36.349545
61640,46.398132
54305,59.30254
75003,76.000786
22859,66.60554
85662,59.928276
83345,24.1491
34890,29.055576
16816,23.961714
4586,50.2067
43566,61.42895
86536,46.63246
71837,55.363445
92547,61.59126
84240,65.882614
85768,28.738274
25489,74.11171
78032,73.186615
8626,47.891937
7500,81.86748
46865,31.566757
86612,32.901085
11969,42.592712
1359,63.368034
90003,73.87539
97772,46.57616
32111,17.239428
5076,72.87486
24708,65.7102
76729,35.195824
39049,45.60602
61415,57.929115
25059,52.92591
57496,49.546574
41341,65.87225
100014,35.308308
1262,27.238539
52604,66.47644
1395,36.6674
48529,40.714684
6598,46.464035
87571,72.15839
2162,40.940582
13439,53.59484
74248,67.69022
28415,40.843513
74578,69.75522
46427,74.33483
32615,41.350037
90374,60.738106
53298,26.241566
41178,57.5778
34287,67.74413
74813,42.666634
92636,17.884932
68235,20.014338
94937,84.41247
32122,32.206867
62995,54.855377
87914,51.472923
46546,46.184696
51673,56.4825
57676,62.603767
20877,24.907667
49401,47.576336
31720,60.93996
24778,66.87632
42601,36.014877
9436,49.9033
65491,80.17911
86143,58.26964
55100,33.18376
100429,61.848125
74418,70.53089
5911,21.5812
90319,44.142044
38529,70.48172
7625,39.24787
52721,45.286
5636,36.180668
53460,61.938805
92144,65.07143
50095,41.988564
34692,61.31494
74566,76.79275
54297,49.666206
90046,38.232483
88860,64.53336
63881,10.304971
77434,32.71157
18134,44.921783
43856,37.69502
44674,34.528255
62272,75.91336
49199,24.094204
17693,64.981
24192,34.041862
19650,29.392971
42759,58.70613
85682,45.578445
65865,31.744041
10018,63.724865
34277,41.541805
65389,62.320324
30027,52.25438
21971,40.748913
50618,66.474556
97012,55.287342
77973,46.637592
93059,56.11424
259,74.63333
15253,54.162354
88606,39.18523
54208,76.04353
58567,25.383661
24808,79.932724
78795,67.91986
15055,35.26258
28462,77.05648
47345,45.312828
99552,71.63536
98797,43.72394
813,28.392035
31005,61.545204
70510,52.793232
18558,37.876835
66400,66.73432
34810,43.251144
84257,67.5268
75125,60.292027
89072,49.48121
46784,52.33295
28501,37.768982
101725,54.61221
94578,47.352825
78440,34.27878
5218,32.830807
10661,54.252525
62848,56.756657
54306,29.039227
86621,31.281908
56666,30.018711
87030,64.36255
101110,64.72926
90765,37.533817
34880,29.484503
99525,56.029285
59825,20.879818
97835,58.412495
1456,87.62883
23960,76.82471
92327,17.573696
80020,67.86985
67057,54.35438
77082,40.563824
100369,25.512344
75381,56.193237
78893,51.658398
99565,54.065838
68463,51.43727
25965,38.40666
1521,68.6031
73128,59.60283
23466,69.210464
46565,70.91471
54210,70.83525
68572,82.66751
97439,29.84914
54728,42.099613
8993,44.510593
86452,27.147373
36895,70.81412
64001,46.219864
102458,14.194117
69191,27.301023
12710,63.268906
6985,69.92777
49673,33.758278
16459,65.01968
36343,56.8698
38889,50.47548
54936,55.74045
29628,66.49455
28552,36.415188
65147,46.97923
75602,48.562695
30362,64.71269
82803,42.845467
32271,53.2296
1604,59.89614
19579,41.835415
63798,62.307255
87639,12.917363
20084,36.62229
47703,31.604292
46844,36.228527
54157,60.309208
81272,57.253006
65012,24.179485
61480,30.225088
87549,59.74077
64529,41.8127
36930,21.246899
91059,47.942005
101305,19.98822
11838,48.111263
25381,57.190918
36459,42.267986
21778,44.765205
29750,67.26474
13812,70.17108
96260,70.67755
59775,28.980549
65875,59.793163
54892,47.2089
70043,38.972454
81871,46.957417
18267,14.325386
65602,37.09272
67818,50.070446
14498,68.258965
35837,63.040394
9164,33.21695
85619,37.793972
13438,51.28102
36624,45.260086
28422,53.889313
36574,55.513573
76110,50.533665
8970,53.790092
79200,38.649998
824,57.862392
16255,21.41693
42674,84.893234
59686,54.230522
60203,39.02842
98817,46.170853
13565,35.97636
18409,46.62633
97353,55.276394
15945,24.000267
11791,42.708225
71344,39.767063
39866,73.87595
8709,52.091663
5032,61.62593
10036,28.150412
46651,67.97231
48621,48.00382
90267,62.632046
21592,35.04792
21370,47.18888
63145,64.359245
102297,57.063778
31232,33.00914
72545,46.29531
32562,60.620445
90907,82.81394
52301,42.57049
19147,76.24924
6373,76.60475
8547,61.57764
75164,27.543375
42345,55.18058
58546,59.793427
65073,40.30253
68629,39.96274
65926,63.43322
20101,25.316498
60104,48.122673
79665,0.0
12521,67.92996
13269,67.81084
80075,37.534824
76453,48.518112
46245,59.20416
78681,63.179253
69572,74.429184
63137,26.589317
91394,47.54903
40112,62.722218
85294,41.178413
72874,45.719646
91234,58.205345
54094,60.597607
62146,51.826595
36719,38.60323
73837,34.890213
52994,20.364767
23054,54.075546
8081,48.01656
80761,39.606102
4351,74.34489
16396,66.6648
73106,21.837917
93720,56.775723
29870,40.34032
89535,71.570015
44651,72.9023
60608,65.48765
45683,79.121445
18726,61.448654
67633,25.665123
19007,40.50689
67430,50.31105
80735,69.50419
95840,69.09709
77153,57.55304
274,49.146862
33245,71.11494
43457,44.071407
13552,70.632385
43476,61.660732
34372,49.464436
78871,40.228333
3070,68.24824
94117,23.68571
33552,39.759644
63406,50.007626
96217,25.422663
82387,60.9736
1052,61.30723
43442,65.53238
4309,63.580902
77689,80.3648
25707,65.13905
363,60.348633
55956,60.454536
9477,32.67822
82869,71.71312
77211,36.882774
31050,41.07546
80752,35.891346
79067,43.233135
5611,62.353737
56393,18.655088
52672,29.401676
78592,49.14151
50498,69.35218
94197,29.063662
31231,33.81339
98697,56.986286
63027,43.888958
3598,46.627766
77468,57.90485
49986,42.099068
19858,25.58036
254,63.45769
95041,55.461845
22122,74.889984
7195,61.80481
7942,38.252014
25183,39.91198
3026,72.79987
1872,51.967285
46715,14.937239
7526,75.94748
98038,82.920845
12583,71.84098
10916,38.12184
19806,76.32181
64591,49.008835
6225,63.261204
95253,58.781387
2939,28.216843
97004,28.091143
7427,56.124397
94884,56.671925
15600,46.0572
60291,61.29379
12457,38.940933
42723,71.94421
26833,69.449196
37569,62.55976
29517,69.55733
20092,68.535675
94941,47.45454
64264,62.39847
40011,67.095924
102113,66.02697
58437,63.962933
101758,41.04087
23108,42.404907
41198,49.850334
11178,66.887184
50140,42.077656
99496,71.77581
47135,35.94808
51502,63.48146
87689,50.026848
93264,49.530712
66947,58.242855
30211,23.923092
23461,59.310646
67762,66.83774
23080,63.93798
62124,65.68033
10006,68.90675
91363,51.719852
84248,74.8017
22973,84.68518
54219,22.358442
2886,63.93426
78902,44.68607
61321,52.382298
50854,65.81359
4273,65.69075
20266,57.69212
335,49.638657
56278,46.169254
88676,39.219772
77912,57.929962
83245,61.1005
11960,32.03672
27332,43.958797
4607,26.494967
1598,49.396416
76331,43.724487
57686,50.03705
29209,60.948673
29796,59.17302
55099,69.3815
48495,39.36459
99031,59.72928
60575,55.668404
99442,35.23464
90741,47.34553
9868,73.32859
41004,57.878044
77549,57.153877
52245,38.681286
102154,46.97863
91380,26.16658
36744,28.727243
64534,31.537224
67314,100.0
8122,67.40312
71657,28.670849
91198,34.549973
47670,38.758423
88113,50.07888
14825,64.635315
4541,42.369053
51925,34.844143
54510,57.28354
7201,65.55438
63463,27.662458
83293,70.551
91551,26.060808
83409,59.256042
37531,64.047264
30628,57.442703
47504,19.633955
49202,39.333378
26470,41.266525
6649,64.0759
49676,21.24361
76426,69.21175
100436,37.516075
85441,39.85017
75301,33.457256
99485,72.01353
65372,66.96867
36672,27.881458
32473,57.464638
27587,61.34239
77612,40.033005
97691,31.359386
21338,27.736317
100585,25.144386
27718,39.83986
69595,21.765001
30183,61.445686
85253,32.614758
71536,76.80829
79057,35.424816
46867,41.136757
66547,42.927433
18164,67.76989
78808,34.743294
74853,66.99229
78181,27.265015
84572,53.132694
68802,26.841791
74383,53.7541
63043,12.316306
91485,26.514406
67255,61.254528
80040,60.673958
76238,28.69677
58565,36.788143
43340,22.490507
3129,30.212616
77349,58.049236
14289,40.460136
24454,57.14096
82895,29.36715
76475,71.07564
33442,37.518883
92971,60.331734
42314,41.615498
81540,75.35835
9395,44.79865
44065,33.996136
30127,20.183077
85092,28.546947
63777,62.656193
96060,52.456528
53523,21.084362
49408,56.482994
79812,68.14074
48996,73.95444
44173,56.809986
72337,26.863102
21715,63.617714
68538,39.864796
33332,56.182682
78968,58.924316
64350,60.8417
40784,41.71731
25679,56.519733
95134,63.070057
51519,75.15069
11346,42.262463
49088,69.96495
37398,47.41981
79175,25.499805
100153,61.078125
74119,29.619963
61907,47.58011
8556,19.256742
43395,49.776905
37461,26.15889
28108,40.73278
81691,27.665653
20478,40.63307
39107,74.58032
88123,52.921825
12656,54.93486
45031,46.906548
60928,31.227299
76198,55.002533
93946,76.27242
77740,68.23536
58584,73.472534
56873,51.583836
66075,64.49313
31581,45.64487
36586,58.590458
88510,14.396096
50799,57.362305
62261,34.453564
85315,31.854654
86750,62.982887
47277,64.5192
57506,31.096966
97871,23.788387
44937,50.409725
16601,12.001131
39055,23.153666
95697,60.19762
91275,63.877
92191,55.30698
5339,63.270912
87515,57.03087
81726,72.6372
82180,27.596815
35813,68.82754
72943,39.8564
19911,57.409958
35890,55.90228
33876,36.34277
4543,74.70121
58776,29.962435
82091,39.676098
9419,59.137794
20607,50.44608
47951,15.945877
83331,61.88169
63186,39.780174
80335,46.76195
82535,39.237804
79488,19.815329
55808,27.418854
3370,70.33945
92054,62.413326
91911,55.23931
93676,51.379032
27790,64.85979
18604,10.579291
5797,49.85095
20370,60.652378
74593,64.09442
53942,59.443382
102654,52.95762
48287,73.29762
71819,59.701107
63586,64.12472
79011,57.00917
17983,67.33934
45509,59.845123
64786,51.411785
59082,55.71046
24866,85.287766
5450,58.82857
102224,53.308575
80877,71.24248
9804,14.943587
18790,48.943996
19012,66.63025
6045,61.34556
66613,60.707752
11697,22.608387
78546,68.42252
87765,54.995132
88307,57.384495
65380,44.85983
19642,64.598015
56321,57.874535
33064,71.86039
93982,39.920616
53085,47.169594
64903,36.072056
36968,34.84206
93,71.02913
14235,62.885452
59051,33.742577
63831,20.509653
9824,61.532745
86303,51.69901
39294,54.240044
5516,58.09364
29443,21.595451
94614,34.453407
92599,29.947369
102218,37.972538
3355,73.235054
78394,39.906013
97034,48.06753
98012,30.612173
14875,63.050713
92081,34.42433
100986,60.595448
31694,49.582157
84967,60.438545
41232,62.126648
82224,27.641365
32563,66.648994
54290,44.901302
85355,60.15754
84116,64.22874
40855,31.963314
84416,66.55752
40015,13.682002
48912,34.31489
84978,51.98068
14097,40.880833
77490,41.55558
43304,43.499924
89437,73.127846
81926,42.67544
3155,34.853577
41602,33.737347
29383,41.060642
101752,50.980087
68726,45.736988
8362,58.68288
27713,51.318546
75060,27.184044
101655,61.86704
24507,37.95937
49792,72.11943
32635,56.652996
83193,60.46513
42993,47.16717
24125,42.149887
34578,63.15176
64732,47.7533
5978,45.42413
61521,52.843945
58956,50.669346
89837,39.015495
21954,30.031359
92176,57.078365
66964,38.237232
55697,60.703526
50439,55.885273
55754,43.601315
11385,47.69201
59523,54.834267
66228,60.407253
77709,55.58653
48753,32.00242
13213,56.68231
51516,77.57691
24763,56.600906
94188,57.434597
53167,53.473434
5472,57.279114
64914,55.94198
55884,39.414024
91993,63.88773
67645,53.313564
15560,73.453896
83950,41.228073
10033,15.2997465
18271,37.750145
68236,58.780827
55424,47.46556
75469,51.10194
54531,32.003803
23387,37.336838
40946,73.349815
24208,68.55078
50655,37.25569
69172,40.670536
23281,58.064766
38553,66.77739
99083,65.306854
95004,63.298958
66950,33.05636
49133,45.415916
38057,83.499916
41883,57.75333
27864,49.92752
1332,52.574688
78127,62.199135
47455,79.053955
17554,44.880802
13454,26.575048
14056,48.844883
22287,62.585155
93370,21.0886
42008,56.45409
64505,27.190672
84960,62.6386
11472,63.799313
67319,45.393517
36740,58.696995
28622,58.534203
38380,32.808098
16883,60.551033
8900,60.700214
64125,68.803535
32325,31.02769
13350,71.19013
54063,41.637753
47983,33.51271
73188,36.3619
26262,55.3216
15997,26.543257
72522,48.18097
92867,44.08174
4913,71.99056
97663,59.142017
49773,54.007935
64206,36.487896
101581,19.769228
14610,41.467415
24018,52.20106
88420,30.178852
82860,82.29325
92549,56.129314
82765,40.263187
86566,50.83077
84112,38.282036
96553,51.964176
72861,50.508354
60078,57.531715
42880,73.2648
30802,53.853718
86237,63.1484
14210,29.98988
40121,35.73679
44470,72.89215
22300,37.164185
57050,55.855637
65386,62.660213
47699,99.41983
59637,52.995705
18868,63.921013
13370,42.21882
4008,65.26003
96603,27.172874
33069,44.145496
54479,53.797104
8569,53.36238
6702,66.01933
79731,32.364773
54241,73.715775
21242,36.830082
74592,54.21214
741,54.498863
35225,51.75831
100807,26.612797
24907,64.40453
5660,72.34844
67137,53.287476
57265,33.978695
60460,38.53168
82135,82.41814
30465,64.1483
53513,41.003666
98434,41.494972
17663,66.385475
92389,45.49609
89846,36.709595
14534,51.383343
16241,11.726395
89311,72.30451
17473,62.881474
52684,48.506794
78989,37.13527
20526,55.83526
50437,65.78528
85529,28.197153
32515,73.671
14838,36.545883
26778,52.63471
54886,42.050545
63412,25.681458
11932,77.801956
79897,26.734821
74722,62.61552
4832,68.381065
9902,28.00828
95606,58.61542
95805,40.090157
40521,71.412285
91996,21.487368
49169,50.014618
21015,35.415154
46533,56.892612
23947,71.060455
87679,71.91973
84935,59.96434
36877,49.446274
83545,53.596416
5826,62.665035
44905,58.366013
59738,72.97659
32880,66.46861
66282,71.87308
101460,22.462725
84173,65.20314
90387,42.52039
69318,68.177025
21221,65.84526
26153,64.32883
12567,21.38961
17079,50.243385
29833,76.22408
31775,31.961613
86974,69.54232
44994,40.61036
95394,72.050865
85853,55.354195
32885,66.6106
58796,70.178566
51991,81.9717
51781,39.7916
83803,57.941288
79975,51.665607
90311,67.87612
71049,2.5798213
75673,43.386272
51848,76.58283
78665,23.415142
59767,65.507065
9229,42.77004
95391,34.79509
72180,65.46529
72814,57.73092
47876,77.2898
15553,50.96084
44858,52.132904
71603,45.284134
39440,69.31564
17892,9.563325
13891,54.668243
57322,49.979225
86366,9.892136
55207,33.81784
52355,7.1487503
28041,60.130066
46477,35.569405
26655,20.046137
43577,61.667835
52760,54.809322
4367,58.376118
22669,61.140274
40505,40.00388
49829,32.59159
91276,41.10952
4761,42.77536
18327,47.184044
50524,19.792572
83777,56.376614
99740,46.313877
37518,79.67603
41607,67.28315
3016,50.77223
46951,51.426895
30241,57.07303
9497,37.268696
11869,42.04108
96126,53.933792
12071,39.23742
102643,47.81203
44514,60.56413
9919,49.185177
60851,47.774586
83300,58.422478
58512,57.087364
9629,43.80097
33792,50.69846
98968,66.05046
21354,55.898273
82171,34.33839
67581,70.66569
52572,78.068275
37727,71.71597
49305,39.059643
99504,81.77105
67991,36.5214
47916,52.009304
53109,43.31484
63079,100.0
102535,64.39403
41868,41.85093
84900,38.14928
62694,73.00611
92301,61.870472
18233,72.51748
36334,77.40874
39682,40.737637
69455,15.405166
55537,35.620735
19202,52.300793
62016,64.682396
37023,24.825476
92751,70.83911
6913,43.762516
30721,30.85729
55328,60.65386
26964,78.80841
14726,77.30679
86138,26.236563
70526,54.615147
35772,61.081543
58482,49.175743
23257,44.2557
93638,38.701317
76566,64.86453
2676,5.9411764
88325,44.498814
25145,29.827894
36528,61.71456
20504,69.19722
30880,30.213724
44133,72.9311
65616,74.14477
5091,59.026993
61877,59.310486
69066,33.86007
8240,47.254704
69035,35.25128
61492,30.50316
7851,34.075283
87622,29.968039
97378,20.31432
93876,61.794464
29324,16.774681
59441,49.365562
5648,21.454355
48959,62.151714
68824,33.169693
92508,45.575428
76636,43.60298
69866,71.89231
46830,62.33056
13662,61.128845
70165,27.126307
73167,43.954933
22894,24.24296
9926,71.75217
72794,68.732666
16531,35.781727
71955,63.380653
60942,56.920483
12507,53.140175
40733,31.475029
91504,47.56391
5652,69.8558
5778,60.100403
38029,29.875946
48598,69.54786
34319,15.914887
37379,49.00455
78865,29.440321
65021,45.892075
64445,44.113842
98999,42.345016
8985,63.999413
30272,55.889797
94583,51.58738
12474,67.38401
19162,70.22925
66505,59.82568
79384,18.941368
24364,58.00327
78588,52.158417
71949,52.705513
23880,46.40487
25271,48.196907
81042,43.34874
102369,53.396885
6835,55.888847
54168,82.37726
62987,62.41742
26008,47.093784
94698,59.191975
43249,66.275955
17932,52.687485
49348,67.31558
52042,64.976685
91123,60.550793
66598,75.18238
7902,25.56385
72824,39.57326
69454,48.30542
43112,41.862926
96061,57.110657
27223,45.636127
18239,54.344963
85224,34.536114
63414,54.593178
55039,54.123775
36813,31.800617
79835,50.5609
55491,69.145195
66313,53.92514
28659,49.026447
81832,37.97064
36269,73.46161
37349,52.510967
65110,50.145855
21689,58.07575
70857,36.37529
8527,61.576244
63295,57.777878
73662,48.505264
94549,43.220905
44587,51.993576
10531,47.49621
91262,75.12833
98728,57.954018
24027,49.66517
90974,55.43923
48966,31.233486
19069,28.19554
3639,60.836006
53256,64.77153
17182,74.03507
80717,72.47011
71658,65.63369
74637,70.03236
78508,33.825817
70186,34.53374
95845,21.246195
76476,69.79987
87864,52.95265
61331,38.19551
91870,60.69334
90492,40.448956
84323,72.1169
31670,56.830162
52082,50.03838
65842,63.609406
62491,57.198997
37599,67.54341
40385,28.926603
56193,60.616657
75229,66.212975
74539,66.202705
98499,50.694103
79172,58.7282
43553,40.123703
53943,32.381004
49178,50.742462
39052,29.155865
31721,96.4502
79229,66.04645
102114,22.841896
20944,32.95824
45977,59.53842
95472,65.15753
82862,65.72833
91690,60.926414
9912,44.682556
101255,25.38627
65558,44.235954
83731,56.162323
12338,77.695595
69970,48.347885
33247,49.610058
1989,25.443947
97481,58.31315
96868,28.076532
29896,75.52611
33121,62.82352
84848,57.66454
72978,52.2056
90735,49.506046
83122,47.53372
79115,60.96172
61959,75.24357
27877,35.921375
61974,37.918713
44847,63.567703
14933,51.504494
47901,66.90577
88197,31.955963
48907,46.6687
91980,42.868813
13143,72.364204
96728,39.174572
12665,75.18302
40217,48.538292
1769,58.839787
74942,23.336811
55132,11.661781
65879,48.449654
8273,59.675655
77747,45.0976
80411,56.181526
16622,69.16527
60193,58.001553
29930,35.61424
7894,53.059395
39951,59.820374
37543,27.939095
95072,70.11294
20643,75.137085
89392,32.489094
41044,66.64292
14066,29.965101
61377,37.529152
20367,46.533474
21193,64.84953
47999,46.144432
72481,61.21079
14224,71.10059
95865,57.94989
5288,45.330967
73222,19.772635
16247,48.87975
55092,28.82061
74960,52.37816
51545,22.514824
22294,77.03747
50980,43.76862
69376,75.63903
92794,43.318882
9154,61.118225
64942,48.693165
95221,72.816864
58023,55.267006
4782,43.14487
4411,36.202152
85530,57.653866
29410,61.081646
60440,72.50795
37143,36.687157
36512,53.437
41927,45.546722
11147,64.68082
38813,17.617071
78720,49.930805
81039,49.316204
2298,17.573065
92941,68.62277
34051,30.347918
8807,52.03373
32534,70.66561
44278,22.026152
21982,57.68641
38824,61.46152
4404,33.384186
53672,64.42369
68355,18.849586
70841,46.054485
8561,34.31905
38636,28.705355
73053,51.8547
61581,21.73366
43895,39.134445
330,44.819416
50254,41.197674
16687,52.75068
88648,47.150543
54996,50.668827
77296,50.44524
24280,48.153122
85589,35.5883
15708,63.63974
76748,41.110855
30897,61.8139
68809,57.464874
12248,50.904396
20918,69.66668
37262,28.589027
88046,31.51868
53688,47.474857
63270,47.76144
34255,68.64514
5806,33.464653
75334,35.866528
71699,64.68302
52372,56.73519
96979,51.005848
76176,52.70394
77419,41.73139
24895,64.10482
69169,57.587406
36198,53.368706
2829,46.368244
60042,37.947308
62885,76.97624
97427,61.262466
70342,56.95849
100339,49.41937
59818,42.3701
84105,61.232777
79234,62.347725
40358,40.09105
17954,34.64302
74621,65.09534
16899,54.697296
25585,56.718708
92594,43.64147
41757,22.77737
76903,38.422443
98633,37.043797
61886,67.04862
63713,58.918133
39922,58.847176
8432,43.94034
63374,39.958973
85479,77.35417
40899,79.738495
21255,27.445839
79820,29.936132
5815,29.97641
70979,69.447426
88004,44.923172
20821,73.56718
70519,70.98664
68331,13.049543
29075,56.188988
99174,63.66272
47392,78.23159
92598,61.97775
32011,65.74514
96328,64.867455
96191,65.60433
32763,41.407673
80178,37.42325
7341,73.349655
20569,50.04668
69592,53.67202
31964,75.31882
71535,74.80778
20173,72.74944
67986,49.123665
44292,37.34178
35152,58.156464
81074,50.419872
12642,52.089058
23059,71.49078
62175,64.61552
12793,33.186577
21844,40.104855
100728,57.67839
48135,32.75077
69188,23.580097
39066,10.257837
95875,46.684795
87598,64.98485
101718,30.430338
12354,34.568752
79009,57.077564
23363,41.631428
16284,14.072516
85542,56.231388
63041,72.02065
33400,56.192467
52224,57.407314
10766,41.417614
95944,74.400116
64257,18.426527
50751,57.606773
99721,72.41696
45782,37.843822
20688,75.16592
49527,37.142677
89019,50.813717
88944,71.47381
37433,35.303078
73920,65.13055
29827,31.888807
75740,72.52153
20386,63.932083
83403,31.726145
68441,66.98467
92649,13.85808
4156,52.93753
74212,47.7332
86401,73.62456
64624,25.410673
5714,53.964005
74224,51.68112
22600,43.733776
88204,33.84876
58745,69.61944
93673,28.914803
6950,46.417233
91344,59.32918
6825,34.607307
83314,45.676647
42537,36.31234
80943,38.12014
79519,60.856
3146,58.012844
14929,66.574455
22592,55.48085
101661,42.102642
18680,43.325718
58555,79.10527
71875,59.107624
5857,56.87191
1282,37.36669
89657,68.33387
93817,44.47169
99729,17.941305
34714,31.838865
80798,17.119543
6937,50.733593
4765,66.75241
34286,37.810818
4910,44.98882
76244,68.29271
57090,41.25586
89227,62.829506
37991,36.572575
10862,56.864983
68455,29.52921
98554,32.857788
48967,51.601776
102653,71.692215
64085,49.174404
13100,67.28158
74632,62.128254
87207,66.213585
85780,43.184418
9041,63.66819
26468,67.6836
22769,78.51091
98594,73.70293
21857,52.655914
73137,68.22713
36142,67.32773
63582,62.797535
63699,74.30502
30084,74.29915
4321,15.491881
84241,78.77126
17927,69.78879
70173,60.773483
101760,50.094315
20844,69.87252
63243,50.37756
15237,44.582474
63764,76.05086
19910,26.730026
14036,24.386467
32322,58.25695
12092,33.153706
13366,71.49193
67724,23.886156
12635,58.51464
91226,22.832247
70264,72.687874
88034,70.55956
87069,54.41929
15711,61.681053
78783,72.514656
31170,10.141073
101784,75.020935
15968,25.591831
2205,32.60334
98893,47.999645
48232,59.643303
24112,32.238335
15352,29.54233
64684,57.755325
31949,7.352878
53316,49.359806
87694,72.237434
36786,52.589172
18837,57.726395
30291,41.8329
60299,29.994167
10845,41.90333
85950,59.225605
96679,54.60662
24459,65.127945
67055,77.31837
74973,26.491314
37417,21.619473
38460,29.398584
45611,71.512726
54461,61.84176
46878,48.73665
75564,47.9811
46152,65.59414
75805,27.354422
46314,62.368443
60421,28.537964
19163,69.10883
99840,56.387337
7794,39.49898
27405,31.502104
73523,62.255642
13237,70.76987
45835,56.889915
42957,71.09309
70281,51.464184
100056,69.825554
85207,10.080851
39905,38.404858
86105,57.63161
77695,56.38434
96416,30.269476
72765,70.171814
84332,75.66107
57866,63.16142
21410,31.917355
24198,36.875267
85168,54.398823
44455,58.63422
81227,64.03602
102658,66.3494
51321,84.38915
34217,25.958267
34893,41.405987
71467,31.659304
25221,43.59397
4951,31.165873
89924,22.943838
74652,39.612526
87722,57.7107
31917,5.8235493
1895,27.562447
21634,66.02668
42474,33.555653
78862,73.27568
76088,51.33978
23567,35.98599
86627,54.968124
54588,36.431026
18660,54.42406
25993,45.267544
90963,73.02472
86848,56.75775
73069,46.93469
68510,60.394638
70168,27.612226
56906,52.142155
22165,41.304203
56947,65.176
58868,29.790195
66286,46.989517
35566,28.873371
29482,46.664265
44799,10.800922
37642,41.932835
17681,42.65361
85146,54.98777
58191,35.359985
51152,43.109337
35090,64.832306
21978,54.219913
93288,67.74667
99500,58.864044
17241,28.330082
30453,56.598286
69686,60.291992
57603,49.74305
22203,59.824703
99277,78.31688
58652,73.03681
85147,55.010857
72554,55.163555
14263,64.31541
97174,42.179054
82302,47.385273
76464,51.842197
78606,24.632196
97961,29.329943
3317,74.57837
85397,61.033894
18270,38.2159
42807,50.964485
12726,44.50518
79205,63.417355
98159,56.761806
39788,35.63643
39619,19.283873
22161,53.409798
56136,72.67273
31623,43.429554
89536,95.63
86244,71.21994
84092,38.272766
46471,27.769829
54238,27.046576
48936,66.46946
64648,66.43855
97994,26.057678
92566,36.063683
59401,55.276073
44542,68.31123
1340,47.32164
38108,58.04722
16298,67.03824
12207,75.537994
22777,43.048035
81576,52.972214
89069,24.352123
56111,42.35523
82516,68.798935
83975,75.39121
18777,45.639923
54638,28.445282
44750,15.623125
87119,49.793797
41111,64.97931
28598,78.88356
70018,43.08988
12331,33.898106
27630,32.986046
50184,52.432045
89769,37.123405
45519,73.24401
63553,59.74918
92703,65.41436
61180,31.862644
47117,38.252228
81499,45.39867
87702,47.64449
74186,29.417822
7515,33.81188
8564,58.45413
40545,47.459652
30364,45.99226
1910,37.367313
25335,73.92952
6558,60.072445
47762,25.847181
77805,29.110527
25448,55.617878
83271,78.78878
46275,68.61993
47469,69.003296
15050,61.945908
39648,48.442448
11373,45.612278
57749,33.904404
42366,43.37337
54902,73.86396
12989,61.853386
35222,57.54176
50932,35.335552
25879,67.28984
59516,68.215294
30577,17.777384
67571,65.09308
95575,42.2516
98264,32.433777
92761,52.597687
75727,9.439329
78972,55.621284
32066,62.935474
45483,58.880493
10791,71.42564
8776,64.63405
85322,39.71618
59399,50.818512
44061,31.823612
9659,43.32334
60808,56.455185
39649,68.13199
97842,44.690845
61825,23.687004
57281,34.045242
68668,33.310555
51312,34.67916
100708,53.324577
17534,68.40741
6657,51.112057
46254,60.759403
22490,54.673283
82806,71.88746
27034,45.169083
77536,63.967106
82579,41.9178
58942,26.05474
61426,48.892372
56229,57.90441
57882,52.019745
47464,37.766735
8689,27.222834
22558,49.14446
36400,28.264366
75377,63.904575
7674,55.871326
54645,51.009617
81566,29.225058
88562,52.99947
98831,68.798546
86342,60.245693
40977,56.08285
59160,31.289022
68922,30.455471
19696,53.33895
54408,40.237385
5280,75.678696
78643,44.19571
64705,48.785576
56785,14.084222
83669,45.97026
65906,24.723612
48202,55.80698
70080,53.95847
61358,69.49436
372,37.901264
15063,42.588333
77129,45.11271
64065,30.944609
4262,59.877354
95387,36.654182
6833,46.7256
101056,59.225273
41230,44.51177
75454,61.04682
22865,44.050766
77772,54.517334
100821,41.225487
23585,41.842537
30019,62.278545
98512,65.183174
45888,65.43166
17135,59.423405
42122,71.16355
79016,31.662197
34409,38.228
10638,57.016563
97074,47.31538
59414,36.113155
45150,21.16001
87253,52.40734
74387,30.997261
1000,13.496056
29948,74.10239
69399,67.00596
46087,30.304554
30687,48.545395
56736,30.02672
34983,56.066998
9522,81.22294
76367,54.472336
83214,24.020271
79793,23.73842
80825,81.7652
7286,59.46663
7866,18.111338
142,31.936747
13120,68.377686
67344,16.254593
51458,35.308422
43122,47.552788
81614,63.408665
20020,32.38894
34019,75.57693
80415,34.43993
97030,39.400494
100221,24.87683
41397,74.84397
100276,52.65787
4221,66.16536
53202,41.692177
75212,55.807247
51883,31.60403
65481,31.135792
31362,29.295658
52778,74.65914
68618,42.253254
74784,50.027756
7250,50.14857
3810,71.87799
16314,50.019516
95002,25.46199
8342,26.496408
89540,34.026974
90133,64.7866
16299,57.92831
88583,66.68448
98136,33.417374
12657,39.40369
61529,69.47731
46131,56.591164
85763,19.955513
88257,73.718605
63945,48.82356
55844,66.74309
93629,56.75801
7474,36.089478
21448,66.462814
37720,68.18881
35027,29.685589
87915,48.15649
66339,50.10118
51901,51.27794
86827,33.58951
45674,52.62324
17731,55.018375
75120,53.549507
5525,35.606007
25443,45.060482
43881,20.310856
94783,61.15948
16886,61.745983
38488,65.75797
24427,67.73165
54989,42.23734
81944,66.70078
93060,31.249239
71016,59.544945
47905,43.934387
75797,38.01362
8813,35.913834
80572,62.57634
46401,60.640186
30108,37.22097
20768,45.5036
25517,59.85598
26860,66.69959
55487,46.780014
83608,39.632328
46995,62.328167
65800,64.85323
76737,47.905594
101455,19.954414
14048,76.49677
84251,74.46296
25876,37.373665
9407,41.177536
93173,54.00338
68528,54.126804
22885,68.56789
63974,33.69469
86745,40.38708
99924,5.6464787
48893,55.16939
41822,27.227139
16215,65.30451
2017,31.145226
37498,35.658245
98121,38.631096
93711,56.415726
79916,70.103905
8972,64.14839
55673,25.561794
3713,51.2524
43453,44.40476
15359,44.138596
100456,53.06216
6512,54.548855
394,70.55693
58223,72.23248
60360,80.71834
80706,42.8824
66140,73.209724
66617,59.178116
70565,31.329487
34872,36.05022
43048,82.26519
46202,24.442451
93583,39.85954
22641,58.571423
82488,67.757935
41887,28.750017
39950,69.403656
28129,30.516861
6173,61.124424
52070,44.920624
99215,39.55936
85626,25.42496
12582,40.336018
85454,15.591734
86929,64.8531
51271,40.788715
9423,23.002571
7024,46.141773
35966,37.12629
56061,35.20383
25367,68.68902
91068,38.259987
75676,90.156715
37205,48.58467
22414,30.502619
30967,57.182476
98579,77.31779
46165,71.23033
8311,72.459
12956,33.47046
72137,72.70571
17228,30.58833
76086,23.327353
5380,65.379654
52971,53.70784
46566,55.60588
65032,51.567684
64954,60.28031
84243,37.816376
84805,31.658928
77591,77.52184
10051,51.09393
55476,28.311192
27861,70.65182
76224,59.462803
50574,35.27472
39105,16.825308
94180,31.537472
38609,38.61636
85764,57.86806
22807,66.785416
48522,78.01133
72091,59.10197
67802,83.99312
90880,58.638355
58294,67.21216
102086,40.964832
27832,23.476486
93188,61.861576
91807,59.388054
36704,40.043365
75970,33.537937
46594,62.39161
63636,48.097122
23037,31.602648
46636,11.425586
55363,60.917503
80167,51.22931
102255,38.481743
79964,49.3956
23053,53.683746
23751,41.59443
11973,46.18507
73572,44.387638
92073,55.716934
79048,43.013023
817,30.040186
54860,61.265575
19970,45.104156
32129,47.39822
57767,56.50093
36761,65.719696
13412,67.93246
45617,67.1084
13341,56.95878
19591,32.00258
49656,56.036198
9249,37.753963
60168,40.362476
75066,74.26539
70144,51.743572
70802,60.953175
36384,40.11012
3592,64.39394
90679,68.31555
66913,55.465046
11672,24.206314
71234,59.270836
53926,57.696445
10864,71.595474
47777,56.548042
5758,52.507423
98369,71.23852
52990,50.814274
11062,57.64487
78005,31.192835
88419,69.310425
9553,52.433384
13721,38.7545
15793,29.547295
40962,23.577
79118,64.632645
15921,56.919945
62133,63.794407
61356,29.135366
100961,53.185253
91023,31.403063
2732,65.42385
69168,34.68177
42704,76.938774
21710,50.8603
22377,42.029495
85646,22.013014
67097,73.023796
81741,70.87793
21545,43.06427
48068,40.338226
95155,30.744276
8423,56.782272
40527,52.939934
88957,56.763996
11126,43.34685
57257,48.920605
97266,48.98225
79992,26.262527
78855,78.64422
25899,39.474712
95766,37.991993
94833,45.52507
32103,43.7285
61544,47.973198
10168,60.795547
93675,11.829171
101433,57.238094
88693,63.085552
2486,40.529636
41706,48.569214
90901,56.03534
61628,53.130978
81588,56.97264
62356,71.78742
30287,46.37792
20505,38.608406
7852,31.553108
49274,60.437218
98284,49.634068
99,69.3889
28455,60.48117
16025,21.62479
94203,64.38691
26208,50.00949
63278,52.444183
91283,70.54971
58235,67.47027
89479,53.48445
83174,70.679794
23757,74.789055
66825,46.6305
33987,45.116787
98921,40.315502
38055,60.590687
27444,55.08048
2810,30.829426
20384,57.05569
642,35.899548
35815,71.29253
38512,73.31152
17943,71.16127
19169,45.032665
63072,69.453896
5571,32.851006
62316,65.32017
47336,67.88158
13898,60.194958
21139,58.014275
53921,51.72339
97951,45.17787
85661,72.73293
24777,32.165394
34069,61.71392
49532,64.98703
53661,56.002167
88736,41.173214
91244,69.5513
81020,80.49303
76264,34.77021
42310,64.00064
53077,58.192112
68671,67.420006
44958,59.815495
74287,41.623745
98138,43.099808
71321,28.645115
46549,38.3313
1055,61.53575
17780,32.798286
47300,11.058711
25817,70.55643
44703,57.77772
86069,57.5339
73915,33.709785
66586,9.238532
38323,15.985531
49454,25.978548
72585,70.41829
91963,51.51972
83588,75.60933
42212,68.69077
30786,38.134987
59519,38.203552
54596,63.285854
89929,59.17358
79776,19.398895
87025,24.464203
92165,75.67797
71430,36.550625
12060,39.689026
36470,28.36848
40853,60.32614
66138,53.619164
83131,40.36096
43945,56.823967
96832,27.685234
86921,52.528606
70006,57.050854
39314,38.53958
99757,33.221653
10553,27.71044
60393,72.7773
61834,41.128117
53597,27.624317
54376,39.825
84909,23.861813
68850,22.97632
9336,68.821785
61573,44.550106
93833,66.38744
75251,61.405624
24357,71.37447
40138,54.938778
8065,60.514923
25528,15.685681
29666,55.6516
13989,82.238655
36639,44.052956
40224,46.16539
46674,16.504702
39399,36.750504
80129,14.458862
87892,29.169409
34953,61.815502
15867,59.488846
91155,40.617912
64738,58.552692
66965,43.179047
19404,42.050697
555,71.24276
48662,49.549232
72235,36.331493
79452,31.797756
93627,71.75213
73791,25.448017
99064,37.964767
33831,44.571224
82580,7.082387
2327,29.758144
93282,27.564816
27715,56.1111
56431,42.049145
4261,61.887955
99359,53.87789
82284,37.241657
78025,41.243664
14797,32.47905
7555,39.747055
2347,43.835014
73993,50.412613
21538,54.362087
87486,37.673347
89431,50.32868
13896,78.99856
72527,65.54502
72720,51.671944
64391,60.529057
45987,31.742811
87647,52.12584
60488,59.297474
79891,31.971956
26162,66.14866
89034,71.21614
16799,60.558613
60840,54.221645
24748,44.18918
12911,56.524544
81205,45.539474
9121,59.802017
26879,36.98135
37736,25.94978
72168,27.384007
8061,74.40105
71972,75.91643
10967,43.118988
1294,39.460083
72250,47.351933
77773,33.71556
67784,60.3846
30978,64.2894
64063,65.71862
101737,34.966724
52657,30.731323
98262,53.94859
58775,27.245653
47157,58.728638
59390,46.586445
96727,11.616679
41368,45.08924
14947,28.706274
86503,68.44261
8827,45.06357
72593,61.28223
99572,34.869537
100751,38.67209
8540,56.228615
29568,37.84053
99424,13.714204
75630,60.82368
60354,54.291607
87334,42.907246
68903,25.272926
44458,36.849464
17331,20.207758
10704,56.456085
25364,25.069078
78570,66.28159
38513,53.3789
8934,53.32095
30812,84.734604
29041,64.66128
87427,32.203033
60338,48.19414
31199,26.349754
86521,41.65528
8384,63.07386
97307,58.51132
74802,70.39268
32708,65.09036
53971,38.22702
89082,54.276043
53934,58.35203
58147,43.59591
43643,46.59975
96198,58.357758
5084,54.32899
42480,61.380226
11133,61.176544
15417,62.768192
28986,63.07488
87574,49.059475
84709,64.991455
9906,58.641956
68844,33.59174
32035,6.277624
21706,44.226192
12608,18.42925
9009,35.799442
53671,24.76749
29646,63.696537
2237,49.904903
59149,64.68856
19190,34.19198
90474,67.98521
6423,45.665565
68862,65.411804
16533,60.93675
23253,48.43589
17640,49.711693
15265,70.97898
78662,43.031506
11854,62.963207
76444,75.83741
77495,49.080772
26189,55.67013
59641,66.13543
12570,55.92513
69120,67.121826
62384,69.63314
64892,74.207016
39898,43.10993
6672,45.75933
83427,52.766853
72737,72.70786
13677,41.766872
90092,61.940247
25461,41.4857
5614,47.920982
100036,47.01413
77996,32.453564
87936,69.95726
57184,75.40727
95687,47.62458
83492,45.793037
65915,50.379223
36778,57.14061
14402,27.154442
42353,43.85887
19110,28.369354
82593,42.03335
75915,32.701714
5887,18.62962
94095,61.520596
100334,40.23148
49841,67.28267
53866,31.074053
38285,56.290096
100083,69.43412
78519,25.16773
48728,51.649925
54400,26.064903
64432,58.389
34280,39.50847
5505,31.307362
38238,43.285004
56930,63.253494
45957,19.064
62034,61.05806
30247,52.35838
11180,26.222366
97870,68.36597
91958,74.432755
62747,24.720703
67602,45.26569
22005,29.224983
91630,56.97326
52111,49.57074
68304,47.590122
72935,69.526474
53399,55.2804
28638,38.385082
11800,64.19811
88710,18.084723
3643,61.77684
88298,33.019623
91406,45.729225
25394,39.79357
101791,67.64735
70544,59.55089
72480,44.872055
24682,53.215588
25196,55.414455
60929,60.99122
57870,39.674747
33847,55.605663
25824,42.197407
1826,18.112328
27362,45.559963
96919,77.3727
71595,37.55854
76285,37.3055
71622,68.13108
21100,30.083744
79915,48.943474
18996,53.275932
53697,25.210218
34025,70.50769
53791,57.731567
63025,75.041275
13876,60.619144
49936,45.498787
47406,36.822178
22507,37.017433
38509,38.975826
52260,52.225132
84961,56.172287
44925,38.212025
60941,53.09353
13827,58.753403
74125,62.75516
57230,50.18142
42850,31.0944
98070,68.13981
33428,35.446777
48434,52.235573
48476,84.42074
3571,46.379005
52982,42.069218
29084,48.465813
24429,36.744488
70523,55.6672
65135,18.878561
6817,58.279728
5966,58.176373
12404,46.3233
42348,40.237198
5015,36.098705
56268,51.195988
99507,49.362667
91858,33.042255
96678,33.608475
87607,32.71576
78388,67.8226
44838,58.834915
71057,42.1873
54199,76.526184
20717,43.47175
62353,50.728218
18622,48.178463
67659,64.7289
63614,37.476067
36140,69.75308
30399,69.669525
78367,49.04874
76613,72.441154
68927,61.26966
63154,72.856316
31390,65.24507
68539,11.027965
21303,61.844044
1270,69.89661
20621,60.93072
82055,56.43479
1231,24.29753
41164,62.38286
69904,56.689148
28730,37.817753
77023,47.18875
102506,43.3511
2754,66.28037
30923,35.431572
8297,37.96925
83988,74.64954
18564,64.22979
3218,85.88578
76849,21.800692
62558,2.8530483
68383,52.961323
59498,62.58763
20223,72.30343
32520,64.94621
14004,59.14222
18199,60.7698
87589,34.303444
26578,48.305813
75902,36.615925
89108,48.724796
98157,73.65339
18517,67.476
63413,45.14196
986,47.617237
10310,56.428833
56950,43.926247
30542,57.676674
5447,57.66585
5910,39.70337
53994,40.79729
83097,77.142296
76552,66.919
35861,38.847088
90400,75.24619
38864,30.281347
3787,38.31968
8018,29.393028
60553,57.103912
95406,59.661503
79779,81.0111
96394,99.64736
16574,26.771593
92008,14.6976185
50163,60.276825
84835,56.278816
89065,43.26914
87532,60.85256
92200,38.632404
63451,31.094608
32418,44.35188
96674,61.177578
63092,69.03561
29578,48.80331
52707,42.003876
27782,49.89824
66062,81.064865
72623,44.28741
76779,24.138428
19319,15.184062
95735,43.197346
58008,59.015278
11209,22.13096
65934,56.92591
90618,58.360092
68419,35.093166
95981,35.365906
91982,60.375595
57816,24.942411
29979,43.26763
71337,73.81454
34813,53.626183
36270,59.98106
12660,66.811104
23962,51.998444
50620,28.336306
53342,29.59157
102453,46.93815
96999,66.515594
12004,37.02425
2985,43.211395
83124,23.353027
50188,40.177208
67879,75.80178
15865,63.545536
743,36.915977
61394,56.906693
23969,59.053085
31371,68.385506
3578,77.52097
46579,67.189896
69050,26.556147
66067,73.44634
67779,66.5076
87449,58.596806
40453,42.24059
29825,37.34612
1970,67.502495
39093,51.469345
82014,29.923952
25689,48.647736
10349,54.0659
96643,56.594822
13664,66.34312
16975,46.769886
81745,40.10843
23309,37.46435
61275,59.32529
51880,40.930298
20739,51.924545
75290,73.30364
78303,99.90092
22765,23.752787
33935,46.008278
48085,36.901173
8026,32.25423
72324,20.349592
54374,45.415627
79316,43.22535
65869,48.484528
94812,49.28373
13969,33.38918
69305,55.27404
53400,31.906221
46260,8.920332
85582,45.149544
59719,69.85805
77901,68.583305
75795,34.637135
89057,58.26514
9278,65.2617
78026,34.515175
63796,51.287983
39587,56.48422
62073,54.69265
99250,36.08046
47795,60.341984
101138,58.51947
75359,73.321014
11418,45.397255
85297,71.14243
88362,51.795998
52776,55.15367
6069,64.441055
8778,78.61804
95215,64.95753
102033,38.472893
97292,46.00068
4564,54.10967
50030,54.85091
75392,49.658737
14917,20.766798
43885,41.381634
12866,55.578613
83699,41.03212
37700,54.86156
34840,48.719433
69854,18.415
92435,39.85851
20038,43.764828
69543,37.1334
18997,49.043026
25735,35.04161
89949,67.19214
20154,35.865345
66748,48.035194
7175,55.94565
27549,60.115234
27317,35.419266
83847,63.94654
40934,71.319405
76251,42.960815
32737,46.513332
4307,57.750072
18512,61.082882
83213,37.18882
63060,41.222095
7442,50.49751
66486,38.147274
67423,39.513256
6029,51.090565
6581,47.631283
53949,41.27177
16374,58.184166
17100,34.906925
62383,22.203669
47580,32.808964
101499,64.00526
8717,50.5822
7140,22.763407
73135,55.474335
9102,39.075325
102476,67.93805
57511,50.56963
46487,45.18183
66028,52.558388
84411,61.943596
94202,67.324005
74023,66.93752
528,59.002132
45289,50.759224
55800,70.204666
88442,35.577663
21992,34.015984
36261,77.296425
91217,55.24158
66955,62.748554
86367,19.461828
42664,56.04944
66332,65.824646
97460,52.45386
96431,51.47856
17167,63.96671
55383,36.335537
34136,63.385185
80517,69.118706
90821,34.04717
87295,56.7426
15303,60.016106
97697,63.6137
86320,69.77964
18890,65.56376
77271,97.065544
83762,46.593548
51324,42.41039
55713,65.09691
9002,43.346657
46023,74.4175
62403,61.524338
59041,64.597626
98567,68.2123
9933,68.6007
60539,52.32065
16407,79.738365
39225,45.051254
72218,68.61397
85318,44.489666
89365,45.50174
87370,77.171196
58205,72.22245
61534,50.070213
91005,39.22513
88345,40.1428
66297,40.701176
19620,30.905796
88731,50.72092
71165,39.477863
39143,37.45885
16006,48.64088
56793,68.69684
87693,27.040657
79467,66.87092
63913,27.533445
66690,41.09514
6940,25.645113
46733,64.37071
28050,46.015762
6712,59.442287
64548,47.90374
37616,31.894077
100060,42.383076
70906,54.84201
24686,68.894295
87837,51.231705
15382,40.4761
5281,54.421295
35177,53.93241
82589,38.014725
81665,59.68263
2310,39.56997
93943,74.209045
71461,17.867615
75222,56.37141
56076,47.918236
36906,61.376316
85061,34.208996
87623,49.83087
54223,36.42437
20372,58.727627
14272,71.86966
49056,82.2353
57390,77.023384
56844,56.97351
81252,54.7267
27653,24.151058
91989,66.67211
82973,36.515144
82664,22.850655
80789,56.254295
21110,59.34479
43377,64.83938
82582,51.16512
98066,73.16273
3361,64.63111
54345,57.0889
6286,34.317265
46935,26.715433
49502,71.65589
47197,43.467304
19780,43.560467
21877,13.409465
47516,56.64347
79340,61.762074
52737,59.487015
38934,63.615795
30954,73.46178
2388,38.918762
98494,70.67701
54654,65.46047
24288,22.821224
65666,60.960052
63104,55.224766
61485,57.29197
98261,74.68748
13556,53.44138
23703,29.342056
25578,18.454473
46200,50.60131
96426,61.25398
98149,46.97052
18773,37.94552
15843,47.59881
68619,88.63425
50948,35.940285
75500,23.85749
9101,54.71968
31778,72.28309
37022,29.749481
67956,37.22827
19391,46.720047
7353,55.15756
82680,64.470055
28636,36.89874
91482,46.606693
26969,56.891945
44187,27.275757
40008,18.678272
87518,40.1702
32580,38.206585
102649,32.84777
27976,63.679157
18499,53.646267
37338,22.932108
7258,55.484272
6119,49.57414
54741,33.111588
63611,68.727196
26005,60.008545
92134,18.315845
26191,63.28502
42313,58.765984
50124,65.16134
50031,57.770363
72398,59.71038
3964,57.24769
45910,20.217136
26704,76.350525
49409,60.84489
86000,61.77161
10159,64.572975
1614,63.47479
96321,31.04396
75719,60.26635
68722,41.5659
70827,75.25109
63261,46.4716
29122,68.040276
41680,56.51213
29980,45.64891
94836,39.43908
18139,74.608696
83747,77.99445
19872,59.571407
6078,47.414913
8683,68.79731
50105,62.074364
11406,65.465164
51393,65.74388
25546,75.45668
38756,65.66947
63583,66.62195
629,35.71456
21406,56.20942
21969,56.525066
14510,57.934803
84663,49.630432
98972,28.19061
50726,47.8291
15637,47.327232
37441,54.589592
44557,40.07352
13738,64.26733
37212,13.736511
62808,51.125275
25230,53.916138
19326,56.92244
72831,58.55416
85014,50.62953
97556,45.315025
86168,45.032257
3434,42.27167
61983,29.490164
19273,35.224857
24390,64.398384
42649,56.78092
21807,47.997765
31242,62.06776
68987,64.757484
92523,64.897125
77416,62.45585
47232,36.71216
56245,60.4124
76089,64.187874
6594,50.463608
43954,57.74917
48749,50.391262
47003,68.96145
24711,35.495182
63233,33.837322
31603,45.476448
71175,28.317162
18767,40.563473
97524,39.78732
35197,35.10817
99465,50.295147
8076,58.56975
5266,46.905384
75035,53.646027
32001,48.17607
15806,99.66442
42898,65.0021
3342,55.555763
44258,52.815483
93117,67.44574
37717,48.696175
75383,68.611725
29846,21.32165
81036,41.69367
13768,51.23942
102349,70.496956
80470,57.174377
98017,69.63911
11515,54.38056
83932,71.16967
93454,42.483765
30850,58.235737
87147,27.975891
98343,42.079235
98493,54.744606
24201,34.080814
89322,69.014435
69289,26.391144
2528,40.55161
4966,40.971767
3836,52.01145
35186,38.278984
19681,32.058628
42105,57.06559
73805,60.212433
9366,67.38801
71825,17.277626
48416,54.245625
35523,75.435715
80410,72.16206
41434,35.878193
16957,50.522766
29359,58.634308
679,64.015785
59006,41.91089
49304,45.7801
6609,63.63329
95928,41.09226
25719,29.518147
28239,67.06628
76976,72.47529
36480,44.859776
36739,35.29777
26001,61.03039
48660,42.492832
70012,53.365803
77337,43.00837
47171,58.756516
45798,38.285725
63597,70.051186
15431,48.037445
26368,43.068665
85665,60.67082
29081,50.788742
36216,42.82224
81129,38.655945
85554,63.940212
80875,51.196323
75618,47.957317
66488,61.53398
49427,65.62349
33329,52.74048
31525,49.022327
61048,43.97179
16458,39.10971
40966,66.87513
2391,68.613174
68610,61.5619
6433,43.85236
3128,25.814356
39413,72.265015
12159,67.46775
94936,54.154545
99928,34.00006
59635,69.65726
87261,55.511677
14421,40.5884
5662,68.80954
17504,30.982466
47879,33.853317
47604,18.632298
47278,44.240437
60708,51.625195
21563,46.429184
24620,46.29004
68195,53.097496
43137,18.435768
45660,61.517906
74502,36.266865
7950,26.14582
57743,70.95762
89668,67.017914
100889,51.53132
44462,66.46149
43809,64.05124
37256,57.47397
24860,12.535511
81909,62.55086
70129,35.61106
56261,42.037792
15202,50.12874
88991,69.32993
41617,33.746483
83328,75.05527
56346,59.460423
9686,64.18883
38434,58.102932
26221,43.594498
80173,74.623344
10126,56.785305
53650,35.46757
31938,60.30139
30235,67.33394
6760,54.903675
47943,15.7050905
66998,29.8204
65532,61.67797
44344,48.140995
86865,49.16866
40030,36.83925
79406,22.759539
23248,45.005657
69062,59.132225
24119,47.80544
37321,63.670834
75701,50.319336
102006,18.16619
38580,60.418655
13024,58.149597
26266,72.82758
1725,39.129383
86127,57.876244
4996,49.117916
50223,32.5457
82561,62.738163
97397,68.881516
54807,64.166985
68588,46.26338
32876,47.96267
21714,34.00136
54589,33.396675
84520,46.900864
19335,58.691273
84694,56.086887
49694,66.50963
92085,59.074673
420,69.31825
26823,70.83966
65029,48.073536
24567,27.50112
24855,23.641317
16382,37.86582
52732,70.522156
15000,57.061382
95349,54.173367
37929,29.118742
94015,57.647617
22975,52.414135
101658,30.635677
77363,70.46078
40512,40.6294
87653,59.800583
2016,29.263166
101732,40.006447
9025,44.08352
95590,75.238914
56675,66.8753
188,13.660235
4871,29.635963
14148,56.75935
49610,45.823902
64287,43.598335
61423,59.37434
88851,25.949429
95843,29.439137
98804,52.490955
18143,18.71337
45251,45.896797
15169,39.57322
27633,61.766327
75053,40.38695
31683,67.85066
100401,52.753006
77950,50.875187
19768,73.00079
76276,11.579062
32499,56.61805
35396,64.10216
30445,28.859632
212,48.324585
31850,49.28825
13593,46.95545
70020,74.56615
53826,65.35687
76833,56.807373
33256,38.32047
82532,23.097666
28285,65.09729
89010,36.13342
2625,18.443758
16261,8.43981
61059,18.643978
1512,60.67821
12938,63.768753
3346,30.577436
19553,65.50921
46909,65.187805
48295,49.26056
39709,36.97278
67927,45.27598
91392,76.46404
72383,41.281235
78398,55.149612
34804,50.42422
11127,54.13117
64216,73.064476
34362,31.963257
2475,47.236156
97499,58.833374
23768,47.28307
2773,53.40895
55758,45.832577
92529,36.582893
33228,50.428684
46582,21.314745
22818,56.102264
20048,55.38029
7910,47.524582
11318,50.35651
51186,60.413822
53752,52.800613
91549,57.11388
46029,72.665504
102093,34.977814
54985,39.41412
12584,11.340779
72344,59.370926
67871,8.344236
19401,61.37124
76834,48.205215
78157,66.90324
62727,69.568825
16450,69.44486
25236,51.32852
69482,43.51277
6905,60.742973
99667,25.161491
37851,63.82669
18898,30.507425
97930,56.663563
63891,39.24908
99088,14.710426
82899,28.39221
51735,45.970844
25742,76.95724
33623,67.33206
84348,37.896877
53291,68.04441
54066,61.693592
45783,49.566605
10848,39.85479
16452,54.613712
39113,48.872227
21999,52.439728
8947,28.911188
74324,51.168762
70998,62.243565
49243,13.291077
80242,51.48707
98546,72.28303
71644,49.70989
44015,60.692467
86362,21.802034
24586,68.22216
61251,57.086212
10805,26.91552
30322,43.567898
7609,53.737556
25350,34.61204
97767,58.56592
91295,35.44665
8009,46.67751
43879,31.330393
21771,46.22236
57066,53.97587
74131,52.42377
28524,76.007065
13805,40.25751
10352,59.68444
85077,31.496716
58035,12.822657
49584,54.366425
75889,32.779057
9544,82.754074
14116,54.306637
47734,50.11145
66269,61.928463
26966,71.73146
20175,62.21867
9557,53.24619
77676,71.993805
74954,68.135124
94002,23.55956
54447,38.330757
54120,82.40888
52688,59.569454
87986,80.36832
84758,58.542595
33160,17.264168
3948,29.77422
5248,27.253347
20904,59.653084
71275,49.139206
36590,52.72431
100970,28.659094
96422,23.259266
78740,47.322407
460,72.366844
29474,30.14915
41187,73.59261
16472,42.087437
48705,11.154628
19240,53.928497
37021,64.73672
70545,60.276062
4119,75.149216
32905,50.513218
98599,29.263367
14447,62.140476
79901,56.379185
62728,72.267845
83243,69.94494
96107,48.35
53631,78.3905
50647,20.394941
1088,57.231907
25678,25.815853
51094,70.69118
1366,26.12222
66665,36.446915
30202,52.545227
78403,28.00134
37330,36.64632
65120,52.637707
75838,62.510353
73924,58.720222
12064,60.569702
1181,50.429024
42463,50.46609
9819,54.79467
92330,80.950264
954,45.09244
10801,82.46264
26715,62.530415
90465,33.55524
60507,95.35957
83939,30.943598
32441,74.565765
12829,28.126125
25842,70.95397
81900,14.959154
73960,61.045616
91753,62.265434
70639,56.334812
56106,44.33992
5537,45.47128
82446,43.41251
32336,45.72793
566,67.26653
58065,65.66566
46310,56.11975
14603,78.74338
42014,70.44336
32516,38.611855
36857,38.37609
102043,50.402176
95661,30.3606
71228,12.305284
9313,27.575203
4158,58.53557
6352,45.40951
52078,47.42585
57855,71.95256
88664,50.686974
23110,68.835045
51457,66.968376
96754,56.45736
6367,56.345795
38331,61.035767
52384,45.04378
88716,40.235718
86307,67.377975
81381,44.1397
62794,19.908714
16300,74.88718
18214,47.47721
38966,34.473663
15416,55.705112
30090,40.638195
35959,46.617252
78288,50.10681
27064,51.758003
27432,48.334232
47652,81.82469
67339,64.887726
60209,58.002914
26276,57.915367
26140,58.961605
25384,8.920188
23495,48.973103
71956,36.32852
36725,64.311806
53502,63.230957
77018,36.242714
84849,48.82631
80208,36.982998
24394,61.389156
25323,62.200462
11328,70.06847
49741,73.84901
34675,50.674397
53957,35.726864
62793,41.05197
67265,76.21117
76269,81.11246
13202,67.53397
69832,44.978508
97199,32.524574
74382,51.8929
94513,37.710545
62333,42.32275
41755,46.93411
54662,31.091608
67782,63.100624
49847,74.22711
27969,31.779146
77232,48.83044
62335,27.93534
102242,20.44447
79039,62.05258
101330,55.584373
88455,76.25286
101471,59.132698
14787,33.15406
53246,61.062336
75675,60.8366
94976,34.428185
35591,62.74503
33772,48.005974
30570,44.242172
54953,41.071625
465,38.46692
50710,31.426111
65041,67.11413
41516,52.391506
102623,32.021477
12068,43.5591
36713,45.31347
65168,53.646248
18686,78.45841
63152,67.72428
2352,39.699585
23513,32.219715
67159,49.903774
100107,48.54665
10145,32.295544
35717,31.438354
36635,61.971542
62296,59.545425
92229,48.880127
35198,24.839037
54440,56.535362
38159,64.961205
85684,61.95362
96915,61.939484
44821,68.4854
33894,56.581642
49734,22.45258
37373,39.615105
6695,29.058521
4224,57.77442
11321,47.761154
80719,75.00665
90285,34.908577
41031,21.110842
92323,69.73914
79871,88.83747
41149,50.426632
61613,58.48729
41255,31.344894
42581,44.648796
21184,69.90412
59793,54.30418
91334,37.55926
29453,44.51543
71548,56.09474
13191,40.081936
6945,46.905365
90837,45.191616
41351,59.140923
50533,47.61481
75608,19.585627
79212,66.45363
30404,21.552855
94318,50.725555
20467,30.785303
47686,48.44352
28951,67.41679
5718,14.814681
13463,19.953568
65781,35.3045
19805,64.176476
97858,61.54792
47519,31.97371
38585,38.849236
32652,40.92421
99892,75.73786
33221,60.372765
45326,64.5932
26565,66.87976
41754,30.506422
24750,67.496544
82293,37.001892
57696,59.75916
39349,84.2895
8303,73.52191
86667,44.406414
45706,51.24529
101939,36.950134
64323,49.725113
93061,55.500443
44092,65.2078
43328,78.3696
51452,56.91632
22920,61.028664
18625,63.370506
28655,37.463352
49357,37.50254
90058,70.21933
83250,41.175888
56187,65.39866
37054,39.22147
63090,70.25174
83144,67.5638
38211,39.811073
58017,33.223785
3205,63.66052
99109,73.635994
43145,62.270855
69415,65.80774
82205,53.903267
61289,52.02033
35805,63.644268
98039,44.11573
50818,64.5806
22847,7.011949
77007,63.826138
76431,71.666336
90402,43.95652
869,49.617397
95516,30.547638
47707,19.93218
10705,44.64927
93698,57.090275
85774,71.508095
39457,33.79043
74374,63.526894
90577,10.6930685
98318,19.336617
89547,74.69163
12377,63.579838
21504,42.086063
20619,52.690666
61374,56.82686
51455,76.21312
65396,42.944427
67015,37.98474
63210,60.466774
25318,63.956844
5312,36.52911
44189,33.632828
72154,68.9364
40299,22.753664
85702,56.385025
95648,40.30915
41053,66.11712
53121,57.319447
60304,70.94711
46539,71.06051
36680,76.9678
100251,62.248493
101540,74.45617
78027,52.109592
83562,31.552275
96100,69.80734
36005,22.469303
69200,67.77302
68957,73.92851
17647,68.26816
76558,37.715805
15719,51.264225
26106,57.807934
47600,36.747036
34981,43.125015
70733,68.60269
38283,51.77196
35310,24.990816
84393,20.023354
56604,41.872646
36829,71.60162
51296,20.037477
61407,39.80883
44434,38.555813
59270,34.023964
24248,27.099499
9762,46.74199
575,49.10578
19628,40.329422
45947,35.384293
84205,48.448814
70169,62.160744
21358,43.296608
41037,59.770123
20033,50.630905
73234,38.897102
49191,35.43366
5001,67.2186
79093,35.695126
69272,45.23705
37366,77.45291
98022,39.408672
73482,54.85544
8489,62.82232
42706,76.05637
57602,70.49983
9403,76.03399
8976,20.931816
75569,64.68526
20771,75.47831
15075,43.926548
13630,52.388485
51582,24.927746
48196,54.655083
24712,56.711643
58681,37.359543
96744,71.056274
26702,34.763706
42633,69.595764
9580,54.16751
11693,46.601948
581,47.66038
83772,24.889303
16082,35.146183
32005,40.1908
19601,42.27733
75368,64.37793
42064,29.38683
7996,31.987692
24573,41.590958
29097,44.411037
1757,66.31277
93134,64.84327
94492,67.0022
42449,71.895294
11529,15.752662
36085,43.759888
5375,47.790943
70755,38.097916
8271,55.35224
82319,48.541878
10498,54.496433
95325,78.37045
51401,68.45197
21117,29.571882
97041,33.529476
46754,61.462692
64223,44.23935
93802,53.015396
10937,45.398697
22675,51.16797
16128,47.189617
16823,24.702536
67977,74.93086
17363,51.11919
47698,53.47212
98982,49.03818
59540,74.74473
50575,60.970467
95241,58.08418
58229,47.739258
65560,49.495144
15876,35.23897
34254,42.099895
40732,48.828915
1435,59.67618
97471,29.57859
65953,17.652405
37771,45.197563
3543,58.28976
71773,75.49114
95839,35.03765
23857,76.06671
71140,28.99499
2966,50.774998
88572,44.677567
13767,72.972145
60379,69.16439
30597,29.605724
86099,63.354816
57340,46.444664
75724,36.65668
3796,36.960888
79610,56.180046
84072,58.665287
99908,47.075363
23374,57.81971
39735,48.452343
82896,40.33194
96729,41.08954
74944,41.26757
26371,73.06165
17863,58.095417
48115,79.57229
90730,38.21011
45546,47.132046
35868,62.627136
28067,67.158
57165,66.68659
2396,51.661205
64833,42.468002
7406,36.38126
16844,27.504688
98841,32.3382
42369,60.114716
62548,33.39616
42697,21.491718
13129,64.72056
49221,51.55501
90570,48.109993
17424,40.715202
67749,31.986164
74635,55.009644
99972,57.14938
31379,76.14723
5153,77.00374
68835,74.39168
70473,53.563454
35138,49.6351
42487,53.740486
83626,49.895725
80700,51.045486
44257,62.392868
82563,48.038914
36486,32.401623
99591,45.28751
83505,66.2378
14343,42.045624
80552,37.898502
63370,51.30664
5588,44.22864
57773,68.98075
87213,29.785059
66543,33.597893
6681,81.725525
80845,42.03173
74433,33.33006
24836,15.799899
102056,70.9124
63599,56.926533
35631,52.41162
66898,28.401777
81417,34.77511
12316,49.59046
88863,23.606268
18894,28.589914
54050,40.909607
27819,47.450706
50078,26.304312
15834,34.531097
90981,85.209816
70439,68.407684
37030,48.017895
11503,52.434383
80966,57.862606
72773,50.972736
28794,66.784996
43332,51.291637
39604,27.40063
4000,6.571183
91508,40.73279
95361,64.06976
96131,54.762035
77662,21.872076
30368,51.86503
62253,49.21797
74900,64.03645
38009,73.98686
51374,46.974667
23032,66.32752
77294,79.82117
2836,48.07571
325,84.63911
93922,69.70904
62806,75.62209
36437,53.48663
57175,26.814789
65720,81.08694
49073,66.54852
39322,48.355286
95117,71.7772
84328,44.528515
88280,32.8611
63018,32.141464
37277,53.385155
23017,99.43149
52788,30.266182
1874,67.611725
101119,64.287285
15901,50.09016
31148,45.27834
97430,64.25315
32231,47.785007
55337,59.1072
94489,39.19952
49481,65.37784
67653,37.69051
11235,24.632576
72257,44.19599
30773,60.27377
75935,64.8786
13338,70.52387
97119,45.519833
45562,47.453526
15861,64.17806
64972,30.812595
84869,28.18069
75908,68.12764
73486,65.38252
84695,59.843628
71258,67.962585
93657,54.635857
6003,38.694866
65986,27.762426
12508,46.467846
90152,57.90515
66533,68.56056
51479,46.703568
63114,52.851875
37159,36.067223
13906,52.009632
28280,68.81036
55813,49.41872
100695,49.068363
35773,81.39265
49606,63.91128
78737,45.377895
50992,64.50133
13132,54.470463
35575,28.950052
40833,53.123043
56130,44.737877
52822,52.218876
81810,65.82871
15936,54.33077
25281,67.75346
28496,27.674843
64429,61.037853
50279,62.902874
44614,44.6356
28272,31.38854
58931,30.826155
9148,21.284801
80656,69.856316
97635,12.666466
23251,24.640627
76935,72.42728
58766,61.25492
57960,59.757824
3565,62.74785
57502,29.813223
90900,58.297634
49508,61.351387
81551,42.55397
861,30.14226
51288,27.380877
29478,71.73661
36833,63.424267
98056,54.100838
70048,64.44966
46514,60.187492
37038,45.75323
45690,51.627605
80501,52.3535
29698,46.958664
37112,31.634262
85036,57.89907
32657,57.586025
42312,25.76252
18577,40.540176
76846,38.18093
83764,69.19548
8019,65.36607
16894,26.794899
88212,68.12
93889,57.246937
4136,40.51781
50330,18.680151
3778,26.850246
52419,47.084465
70491,70.907814
84139,37.422287
83483,24.051281
53226,36.117954
23338,74.5432
41910,43.481625
62712,24.257784
2232,38.20022
78382,71.06047
85791,44.400726
63385,56.53545
17870,53.618595
16653,44.63373
33655,35.48046
13313,41.362476
45807,70.83675
84369,33.45616
68583,53.214306
13022,59.31339
97771,49.075058
25793,52.870373
23057,22.065891
2483,30.842182
65328,66.96849
23220,59.613167
77031,69.23132
55881,25.283873
37272,33.3203
85700,61.777237
9638,65.87212
12069,56.222725
57784,48.692158
45032,23.15435
46383,72.25642
54933,76.64725
78348,38.06724
101128,38.87215
100366,65.33865
64562,29.115042
59466,73.71906
82052,77.428345
59487,58.475643
98838,42.617935
3894,42.327328
4769,55.740387
23350,36.567753
29974,42.063725
101985,61.577766
64889,66.68097
29395,28.023485
26927,53.86174
43696,63.15336
9073,77.34733
7294,45.80488
33181,23.083014
56940,76.17972
12374,46.80564
9200,39.990723
18935,60.992256
60666,40.890026
19182,73.79603
63878,66.57964
57565,60.012524
51319,63.430824
68591,69.70513
32933,25.632076
36667,75.14617
8559,30.202166
89482,25.273773
91129,64.646774
62673,49.148403
72919,55.98074
57433,33.838654
28132,40.553284
18738,44.5795
86804,75.85459
8187,51.980045
11542,34.552113
97134,60.50256
78341,71.95925
33968,68.107445
102561,69.94655
64702,50.08894
67923,71.58789
31105,56.499725
80212,45.143284
17690,55.289722
100207,55.745884
43888,46.994934
39288,32.949314
46694,51.411507
29540,35.04011
26602,51.462067
4362,62.993336
56933,38.594322
39634,66.65155
26387,46.833305
17751,45.653194
89132,44.04035
13027,38.02718
53817,58.32117
88920,59.673035
74595,68.60448
22153,65.14105
44836,39.22682
26265,59.3425
3553,32.629208
25511,69.77439
7976,89.25112
60859,52.131317
88589,51.819527
78080,57.472008
42374,44.954273
22006,62.795628
95576,43.167255
17833,58.45031
62849,69.944954
1378,42.85306
19657,69.88609
89484,5.0749226
26332,60.30058
60383,38.342827
58937,29.895252
69738,50.913853
50942,50.412086
67135,43.653526
17081,62.00741
85513,59.35199
75585,67.819786
77250,35.630436
39805,53.400776
10549,43.35922
38957,45.91091
26760,62.971428
15383,39.43209
54657,77.141426
32612,38.888424
98651,39.848186
94652,48.9226
20258,35.471348
4042,75.30052
79024,58.160656
90025,12.906896
65180,57.567356
45739,39.24997
84264,54.256195
2553,46.66288
1669,28.468557
5740,63.811684
91453,47.863277
72115,68.75139
4483,56.820274
56739,18.096033
86957,66.82948
101523,48.450066
55546,66.21395
51235,36.732265
71318,44.387466
48059,69.171364
56058,18.583265
77501,46.857304
94442,25.783667
69204,57.957993
24699,80.057014
7924,38.247433
48294,49.170815
98772,47.323494
37899,20.443098
93300,69.177734
5279,40.393383
6650,59.039795
2779,73.68223
29878,39.7886
7358,59.069447
92309,47.2912
82169,38.547405
43171,62.413986
51232,58.726746
7012,64.30446
55944,68.577194
94017,33.989094
21087,36.82712
74511,35.857307
101907,78.65769
42306,33.76819
82234,52.76399
64075,61.071507
95807,60.745968
26923,70.155205
8723,55.86306
39963,44.658882
23219,62.821785
33790,65.612915
60625,47.04235
50728,70.26764
18980,47.361164
66441,61.25024
58934,45.85105
39269,51.107365
90300,65.005875
19357,43.50854
91346,38.58335
55607,28.899035
58874,55.095337
29665,61.186615
25036,69.06124
6086,77.34037
42168,43.478436
37174,59.61051
52397,20.524687
35293,68.928215
100869,65.82547
6822,70.80928
102098,53.364143
40623,62.697052
13402,55.851467
52396,74.263626
91725,48.60949
25200,55.87032
93584,43.56684
71119,43.55427
66145,31.541668
39258,69.137184
11422,38.058388
38077,46.99986
75956,47.099205
62509,65.985886
102080,47.794113
46280,50.281918
288,52.16268
59905,7.3768816
8375,47.713623
2560,29.144966
7084,33.601566
56207,56.330036
91447,44.058468
67790,40.759987
75166,57.47572
99185,10.341059
61675,56.527912
47096,38.151222
87263,63.466473
80132,58.99901
93683,69.831505
79852,47.23167
5647,64.555756
69601,33.137917
28644,50.91342
100382,55.079872
63971,27.715878
88541,72.597015
20263,39.31097
69077,23.614101
75648,43.053135
70371,56.74621
29020,51.47204
77541,62.16004
72650,41.960052
50558,59.899284
27173,61.550278
88534,75.06699
49261,22.458025
77021,45.21564
58842,51.287926
98967,53.266056
4550,19.489082
59655,58.07509
9180,75.86639
2290,60.08234
27092,66.800606
55011,40.50376
90466,27.131449
78231,53.324734
33334,99.22833
8887,61.393078
61458,64.10069
25501,55.635082
14567,42.337025
3052,54.40324
15459,51.61647
17498,55.68639
5388,85.18128
88001,51.337616
12539,70.471954
38127,75.16053
3127,25.511612
59243,60.48673
23156,33.01021
45945,83.82168
2537,32.75388
30334,42.088017
72479,30.540136
58603,61.71226
12639,45.950012
3562,12.225662
1981,65.34457
89250,40.406464
15424,29.326214
7631,64.39191
40282,46.490234
4754,37.54325
63237,38.037533
24959,81.0032
80843,70.82718
80310,64.39877
33470,36.32297
5289,41.442066
13671,44.869476
15451,35.28671
8238,68.18768
34276,24.129717
88107,29.070717
26417,63.501743
62884,31.20058
37922,69.78617
18663,68.96746
94669,47.691833
15685,52.733833
38224,36.02864
31332,39.30095
19840,46.341496
51789,38.82511
52387,23.15656
65863,60.2611
24286,29.537422
89421,57.219578
44185,66.52555
60281,36.67509
87223,43.821323
83578,40.28578
89676,66.34108
15458,36.95221
20408,55.1578
70508,44.818172
55143,42.056114
29725,58.055283
97407,24.65537
1788,33.420906
32097,62.2697
87982,50.01982
58786,72.810425
60269,58.671574
7348,76.065834
96719,69.81476
66120,56.078793
66006,32.376904
100477,61.510963
30167,55.77
35161,53.80119
40492,69.96702
60872,43.02607
75737,75.885284
872,40.873127
88064,73.89054
67705,51.394405
30197,64.9654
99755,66.25941
100830,30.453363
91667,56.99916
52918,42.02387
62459,62.243748
25570,60.398865
53821,48.657116
56460,61.7213
34637,10.480789
73595,33.396526
39216,43.53171
39077,66.7126
36439,39.46911
50527,22.438906
28543,31.822273
78562,39.30762
102001,31.304401
95455,38.097626
38770,27.237152
48049,58.57352
30012,49.436462
78758,61.874687
75385,70.548805
39148,54.088127
13533,38.937164
34191,76.658356
14528,68.12204
82075,42.974957
66851,22.7537
4975,39.091034
81198,45.59217
32252,64.7494
37091,34.899338
3293,34.44062
74216,47.87517
87411,30.138803
86807,71.44844
6265,27.94444
87078,37.285625
75481,86.19688
20978,34.316868
89998,52.4678
75280,76.73122
68654,46.924522
79440,29.907883
84285,52.466217
6840,35.89528
49222,54.63973
58683,31.133821
34555,67.970184
96900,25.717829
15886,41.43575
14208,67.78331
102671,67.51682
81455,28.615406
27613,41.58297
7979,36.29237
24484,62.940056
90193,25.71495
61856,63.481453
35106,48.865883
81744,43.730057
44669,32.43462
29314,22.509415
56756,72.82974
6014,56.494366
55949,41.32772
83329,54.131855
34262,55.54175
44640,43.811417
27785,61.094692
11930,45.31267
48530,45.640625
37233,62.16819
41350,51.433655
58372,61.522648
79507,75.77743
49273,59.58948
83741,53.713562
39739,54.118343
46140,56.59894
50169,49.876774
48309,46.718952
85870,52.278748
59604,59.417362
23462,11.932183
76644,47.999344
32724,63.32209
102279,30.66342
65065,65.455956
92662,53.595016
73642,27.532227
89699,53.94841
12085,42.98727
77309,58.09075
89722,61.474663
23603,72.94393
15495,44.571205
63222,59.119568
62560,38.151657
12765,16.995321
80908,43.74409
28450,16.26232
15344,75.20608
82654,43.44524
47991,57.51202
55726,42.696316
36818,47.783108
55073,31.85573
57615,73.89775
48270,50.92659
72855,72.058655
37365,39.26653
68955,10.005802
6264,14.1157055
13326,50.911167
25251,61.60793
89742,25.557392
16433,47.507675
3523,44.27605
48037,71.456055
88094,59.27623
34239,77.09528
89821,47.031918
87931,67.58352
21039,71.3948
94211,22.096085
66122,50.639244
57035,40.99644
47954,34.862293
53284,58.070076
70424,59.279007
87134,58.0807
30555,24.934032
26705,28.065474
67827,36.321815
43399,57.26641
18826,31.614737
85491,61.450077
98760,34.675552
43364,56.815685
56708,34.87213
24115,57.40278
38269,32.6099
89052,36.494987
3065,33.552963
22746,32.65904
95830,81.409546
76875,18.884977
80376,25.432198
58348,60.88928
16559,56.234165
87976,43.897278
62069,64.644585
56919,67.82926
45769,60.12722
60397,21.912704
18428,35.40525
82791,64.059525
86019,59.934303
61085,65.82523
48680,73.9667
23403,73.77976
12744,72.52453
82991,55.40651
68038,43.018703
99204,35.693905
5046,35.283463
74928,57.335133
55294,58.177113
34553,62.07601
44120,58.299637
36475,44.93576
46848,69.329636
49232,64.95555
19238,46.336857
91776,33.533024
93605,61.818077
54053,70.75336
94659,63.923214
92514,75.86672
42228,63.598293
9259,50.71528
77319,15.882567
58653,46.362995
67411,63.54823
65144,28.48703
44552,60.88996
73168,62.105732
11376,46.654625
53041,76.81228
68558,35.699146
64119,35.256042
35142,66.64035
55947,65.38186
47288,62.31523
36577,51.867138
28835,60.20655
53194,12.291297
89643,72.84486
55335,33.52948
90732,38.182274
59354,79.142746
77635,52.719543
37340,51.64426
78605,4.4497395
45646,56.21086
69544,58.02198
101327,37.955097
100381,63.01304
23525,72.89586
24416,30.288675
63705,60.482235
100000,60.00033
14212,39.22352
6988,51.561886
22228,30.481745
30214,70.04183
47761,57.162754
94164,52.368473
100406,52.799667
99133,42.763817
7842,48.66367
93271,53.226795
2780,30.666626
16044,67.68972
58124,65.27137
96861,31.654257
24716,75.4049
13228,77.04998
36417,38.71655
56285,60.521614
63595,52.16175
43891,29.679226
98028,69.48089
76573,39.001778
49156,63.78022
49462,63.586098
6402,55.169353
92170,54.52203
93766,34.84966
42278,58.007004
75370,54.889503
62615,63.336193
3962,32.968166
81180,39.18849
99368,48.910725
31973,41.851856
57095,49.319138
59175,36.06881
80264,72.031334
75028,70.93923
59026,66.453674
62150,54.389774
81325,39.53777
81057,23.433868
56474,24.571302
92635,42.738632
50228,14.5716095
82866,50.69407
34157,62.34721
87569,36.87178
54027,3.4504213
83942,67.52703
65665,72.92129
100777,66.02121
10589,39.65723
14520,53.434536
38083,63.48682
80726,32.320824
27609,57.933907
93634,50.589325
54512,58.876503
57672,63.900005
53186,68.48981
7014,43.91427
98362,54.673862
19580,41.781715
96611,57.126278
59766,52.989983
36798,21.104813
79495,49.20879
23277,33.793507
22041,43.246647
62544,60.05145
10450,71.626526
11259,60.592125
40727,59.908573
16280,49.99765
40230,42.24744
2634,19.921032
78535,39.827553
58364,10.46021
47070,43.217308
7657,50.467903
99450,63.002502
86076,69.988716
7824,54.39988
77440,35.9752
77868,67.45159
99660,56.91071
88369,62.37345
93831,44.1682
73292,46.213856
70748,38.79621
87056,33.775837
77033,67.14288
66358,67.35475
19316,85.79868
5766,59.75216
39672,46.176533
16302,56.49694
24780,60.15207
72948,71.120445
94228,65.26185
5928,12.908189
75791,14.870596
2920,81.047066
19472,42.427063
54698,64.98504
37504,65.53573
72012,40.151814
12347,36.65058
26364,64.15742
2708,59.92772
26968,62.888065
1217,41.63742
96683,37.48608
93838,67.00108
36596,35.736534
91814,40.536854
40212,32.109882
51774,56.540726
41917,51.352463
69811,37.33927
34909,49.89335
74623,75.82789
58569,41.866776
30439,53.722374
46162,70.928314
37286,58.60353
77558,25.248457
71581,40.437973
22760,51.347736
6381,26.172642
19958,50.614895
5403,44.26752
47137,37.05149
78325,18.684416
56527,56.09751
44089,83.386536
26354,73.2129
73733,46.691776
90191,50.114914
69085,38.508728
35820,23.960003
89292,77.52822
32527,19.210907
82083,62.99058
101416,70.828255
78707,66.72586
26482,55.82781
98904,68.43116
95731,61.87675
58072,18.213047
8786,46.81094
90495,73.69051
85718,51.562084
37958,26.966171
98665,55.91085
36190,72.095894
27464,20.307264
9815,61.99051
95545,34.316753
94568,72.15688
11612,33.51035
93815,59.30894
87841,60.043655
99124,40.148766
101559,73.44756
67897,63.71336
3690,51.308247
81988,60.436043
2471,51.183712
6762,42.98496
47985,47.631824
83351,2.8447425
10626,58.369102
31443,65.034584
38630,71.38093
83704,58.047012
70591,51.452488
5095,51.240646
102582,34.04651
77683,70.86346
42666,30.745054
2204,50.012714
33418,56.698082
67965,39.80561
34534,57.456413
54652,44.2425
39899,81.17215
72057,60.099407
47655,60.421646
59893,53.496807
101694,38.694138
42197,46.621944
54606,62.334892
30809,73.338036
51558,81.286026
35408,34.728443
42504,53.211933
27730,52.118088
64035,33.810047
59672,67.7341
2076,64.674706
83387,31.191183
39819,17.145103
41896,68.25061
95008,64.55451
54346,33.372322
60290,60.82211
74616,20.015072
13994,76.86921
25362,49.068684
35576,32.8515
28607,31.08323
28488,55.014805
90694,69.86322
90347,54.367973
11923,58.207058
29939,44.0963
42872,39.416782
72118,15.638203
100955,48.782337
37299,44.946064
43784,62.640198
14474,37.954433
77192,72.84704
10313,45.99333
20484,78.619194
29351,67.80569
17798,71.13913
25277,35.300232
97660,33.3716
57995,49.58412
63218,79.8503
96206,63.65679
52514,46.53544
49463,48.262146
82882,65.41714
81639,48.45378
29146,35.355938
54559,46.70153
77924,71.92215
46940,48.60041
60839,66.86448
97256,42.56611
57950,48.46361
60720,45.804657
56423,73.45205
99929,44.485474
71748,27.886333
44621,32.144966
12971,81.32461
28137,64.63164
99369,47.431873
87221,50.833412
34242,23.244345
21748,24.23384
74031,28.54076
83990,66.56025
43218,73.95751
83266,65.67446
31063,47.068836
12574,68.8965
6020,64.701256
1584,59.41591
81953,77.3363
64659,71.09444
52583,25.930342
25935,70.71323
62887,66.3332
80104,43.51336
25034,46.3074
38295,55.553318
64660,59.341618
17924,31.982624
53040,53.256767
5644,67.7565
50866,56.276573
92600,76.91113
76824,30.866018
32096,45.57711
52764,72.832405
69803,80.39115
20572,66.61072
89025,32.783875
68865,25.17819
16518,68.19261
95624,68.89556
18245,67.816536
92251,66.11544
42613,53.014545
74999,57.415997
25872,61.546734
82515,59.99218
12801,45.186325
3069,36.710083
71575,39.167004
18768,70.87778
53935,39.695034
56792,33.199028
21088,73.77269
38475,58.410694
29664,50.99213
5125,24.12841
97655,71.18789
60215,61.96218
95746,78.28212
48150,59.584343
17421,62.667812
23547,71.2899
47452,52.04625
78763,39.68653
22672,48.20493
29587,50.4284
38541,45.7168
38727,41.570976
48077,52.996574
47382,53.006344
83299,65.208115
9327,63.255867
75395,69.12798
23580,31.210112
61051,78.03495
14308,11.931225
53698,50.5488
44235,38.480534
20901,51.52097
95707,63.596806
100872,56.783333
25311,57.388847
77126,33.985954
87660,49.992447
81790,24.833174
43994,61.94722
42909,75.16067
63923,25.60041
59447,54.892517
17425,68.36432
84527,40.79843
85064,33.339104
68499,68.88175
24414,25.315418
100981,45.60598
64016,55.651253
45367,34.816944
63727,67.00986
89571,36.05245
22049,30.23591
25287,53.433025
6041,48.2751
91490,44.759163
89829,40.503605
72387,39.880623
80116,68.28934
57549,27.545477
47744,20.918148
13388,58.4772
52644,21.394196
67513,41.2838
27868,62.56399
46431,58.31676
81255,34.916813
21586,90.57239
42083,50.724617
65055,45.936172
74915,69.74076
17202,17.465717
26324,73.105156
68363,36.777752
87743,47.777744
51346,43.87107
62773,41.626305
77388,62.686394
95473,29.701591
76560,52.320274
100388,44.921425
92369,36.36123
43427,43.254894
60898,22.388206
51975,67.48524
25346,48.969036
84202,52.54867
54239,76.420944
21801,69.46938
56847,42.56688
81728,49.276825
99872,70.08735
91649,65.38842
63087,46.642445
21800,74.41542
66471,62.149258
64234,52.839474
2233,52.860508
95515,67.6599
13114,53.97545
98270,56.930027
50127,32.883686
17933,61.582645
72316,72.84852
3404,65.16009
70626,66.33983
91125,70.45702
88489,51.935028
1784,72.20959
15470,43.6653
42854,42.015594
94650,58.582256
55905,62.123898
3405,37.323307
8104,54.54792
101338,66.07735
29756,31.254663
29232,56.574497
97722,59.273495
37357,43.25539
83967,69.5606
74167,74.59171
74192,66.14543
14869,28.417164
44414,53.858433
7606,44.10344
7571,54.62154
33468,54.461136
68531,51.14861
45861,79.14496
52815,79.99409
13457,53.157936
16278,59.906013
5748,52.09094
94118,50.841244
78536,32.507103
14451,25.403177
70435,29.629019
43764,41.824005
11900,34.65428
65960,32.917404
43162,39.67652
90569,59.774
87530,69.812744
94733,79.60995
87668,22.41367
89634,69.30832
54494,37.98903
83529,72.1456
10920,39.408436
88868,65.463425
90713,67.40703
25526,19.919447
61452,28.57935
75812,69.244125
19564,40.71009
32117,74.11534
28013,41.941113
69778,44.597992
87969,56.018066
26525,49.25661
87643,41.073906
2193,59.14492
100918,77.45367
55623,49.05187
102193,32.779
52850,57.08453
19602,65.991806
80578,35.99674
94377,41.663857
8511,73.28084
13652,60.83278
35632,71.967735
58215,37.744797
60905,58.222927
21386,61.73745
43578,54.341446
8748,35.057972
22989,71.19898
33403,39.584137
52811,19.37596
77686,30.821623
9533,22.892466
88907,78.7738
25587,52.108543
46914,34.737217
91265,57.69333
28528,78.03901
56567,53.66
40198,63.514854
30432,28.589813
86249,39.34548
37225,70.82143
57169,81.82545
79049,28.107605
38761,51.662086
2094,57.225945
80214,65.643776
62337,73.72585
35009,23.589628
69964,47.444004
77350,53.85254
55770,67.66353
77452,23.132656
13436,53.881165
31120,74.304886
27614,50.65859
78762,33.2945
44323,58.41681
92182,41.04966
98427,26.044878
63946,36.834152
42709,55.240776
66871,61.980022
99792,66.485146
78094,33.357224
1489,34.764484
13508,74.06144
11726,29.263296
84387,43.365887
94463,53.444637
22790,64.98238
8169,68.81056
71204,72.98771
9517,64.94909
78494,68.60614
65131,54.05607
28009,27.735838
65454,25.409603
14312,44.931293
41772,34.49811
20859,67.00097
26449,67.05128
55976,52.210148
47791,63.713814
39214,63.306446
82628,59.449627
96852,64.58959
37111,65.773125
18287,57.829723
68349,44.186707
13462,39.7991
29668,71.07082
79772,54.0181
83435,61.15371
87464,37.697796
102150,43.004196
99720,48.558815
19532,30.854633
43620,57.414726
16722,61.89054
39800,47.51864
19973,76.845604
62202,37.6764
78549,40.400726
38325,41.62096
64048,58.123745
46170,67.47681
827,50.601826
76941,42.577503
48883,49.16392
7562,37.357872
36815,44.497856
47474,55.500042
11105,56.573936
24801,9.501753
84828,69.88256
26733,45.426704
84765,61.413185
40575,23.607004
67323,63.12811
67048,33.738934
97965,53.927307
3798,29.160246
66250,71.45886
93076,45.94986
27692,52.99824
31505,42.707294
30706,51.016582
47113,16.03866
19948,39.604412
16576,63.572803
35983,62.38958
195,57.879173
23370,43.882328
61571,51.14246
93094,60.75388
18834,44.536285
33722,26.931395
35236,11.8564415
86334,27.843182
41553,47.779743
77343,59.21176
86207,63.018135
27390,61.096455
95457,55.73622
9614,65.09762
24726,39.82124
90140,54.047077
40591,71.1244
9122,60.507835
99171,57.915703
42321,51.899185
8647,63.485954
14761,74.428925
3881,24.179165
93918,45.61531
71695,46.703312
3954,28.979757
58422,56.90596
31802,48.29944
102371,52.011105
13766,32.312714
71002,43.236042
71750,48.578625
28119,48.239956
92235,64.62939
20672,48.871628
56189,29.2878
44288,19.246462
24258,35.863888
91213,64.598526
67901,23.037764
36780,51.65525
9485,73.66491
54134,42.286655
72102,56.54604
21841,23.152918
88477,37.80732
62448,41.75889
43773,61.870808
8461,45.08182
43615,61.53769
4758,40.676598
1720,63.55939
29179,46.01427
61118,42.49035
5198,49.548492
18723,18.512085
81142,67.31648
46259,60.014812
85895,51.06122
30932,67.24735
58828,36.002075
10998,59.139553
51894,56.93516
11510,55.552727
99041,32.90314
71754,51.551113
70527,49.267807
94994,73.55284
75394,62.882095
39317,26.68255
21026,61.768196
75350,71.34993
5961,70.258934
56786,28.525955
33331,70.01792
37793,52.82593
55900,22.360401
46282,45.18431
3189,72.068665
91496,73.42518
42482,41.78709
42848,45.01231
92192,72.19414
70778,37.79019
47642,60.70353
86907,32.018093
16461,56.2652
69466,66.051605
65411,39.074127
70253,48.785892
93380,59.214626
42284,71.68621
31759,20.730274
99022,59.8127
5152,49.28036
4700,79.3477
70919,69.59098
68717,64.452354
50137,73.84868
40940,70.13393
17821,67.94221
77843,22.06458
91348,34.8342
39370,43.311302
88030,19.128197
87403,49.122173
46297,31.207037
26041,31.850483
48131,75.446304
86384,31.180443
69451,57.476192
63128,75.55695
92214,16.664818
16543,70.79383
95054,71.79468
79138,36.674866
47980,36.051636
37101,49.198845
28833,58.598515
54840,34.108383
100547,30.294846
36978,72.90939
63188,71.464
35905,50.486897
43613,58.22529
6256,25.066404
392,62.93568
70980,55.519962
26993,55.41537
86466,56.52692
49220,45.29709
48992,27.291142
97878,58.178562
101274,56.210323
91645,24.64897
48432,80.06671
10107,39.632248
21067,39.83816
20129,53.274986
84799,24.193594
98437,67.53266
40010,39.48193
55959,45.62023
16372,47.323532
46740,60.50406
78004,67.15277
12187,74.46047
29130,47.998375
91656,74.09557
22265,27.461018
78764,47.179306
52376,58.340782
65067,56.443497
28315,18.36509
33795,63.43873
19904,57.61961
79950,64.84279
45620,64.12691
23124,44.28623
61574,39.001995
72336,52.313496
10061,31.515345
46355,72.22335
63195,67.72818
89691,67.508446
75242,50.528736
71312,9.67572
39445,44.990246
98055,48.071415
6527,66.344826
64405,72.36643
15278,57.97457
51053,48.17573
55856,28.456875
53961,71.95114
67600,19.462309
30624,61.87662
70860,56.142403
73233,64.43346
86468,24.83
98941,36.629845
49593,33.706264
1186,70.64142
69388,41.25647
837,31.14123
39536,62.950523
5100,24.207659
15756,14.013571
67194,60.96172
46207,42.709126
61082,29.600576
28190,53.9547
1670,63.274784
58149,25.685423
38090,50.1987
71938,46.723377
89928,61.69937
46261,45.60864
14026,57.088253
14574,40.86277
98707,48.475872
73379,68.83264
23698,71.2307
26178,61.43162
21352,13.146873
50905,50.725754
42445,4.313084
23422,65.52528
61284,34.69531
92850,50.594482
97357,31.102785
18498,40.114716
27103,69.9744
93334,68.753204
54215,27.21373
20409,64.82409
75881,77.4045
9498,30.880936
53185,38.94344
3285,48.1513
89213,53.468136
92837,51.138058
10566,57.260193
20036,43.91976
52311,42.308475
83123,71.188965
86587,50.37492
49567,43.71496
91612,69.70176
34092,72.837166
97052,52.897194
15275,44.046673
99413,45.629196
73350,45.13807
43301,51.19402
54752,45.911343
71649,65.890366
82154,75.03321
86357,57.91558
4843,71.98295
62550,44.544952
74514,42.389683
42275,68.76066
50099,60.960255
14979,33.526978
55287,53.2237
27365,52.563335
35390,17.21696
41248,67.488815
50326,33.225273
18336,48.990055
736,63.2347
3843,57.243164
22088,73.1896
94567,39.579617
75227,36.150955
2426,38.885143
84668,59.085155
3623,42.378506
72820,84.06532
8421,48.251976
84797,58.759087
85510,61.401608
100523,47.73011
58022,56.045914
34558,34.011234
98357,50.22211
41284,47.16211
59814,53.4802
55128,29.612867
24879,26.384611
15262,71.41417
45792,72.35883
88787,25.981909
23621,58.329205
101773,61.391636
32167,45.28873
14716,62.99024
55127,44.548706
49307,55.209705
15614,35.275845
79393,43.363487
67185,39.98544
87176,34.400955
32432,69.52288
4185,8.972828
20834,56.034218
35748,64.95708
26300,59.351868
54288,69.842255
42834,72.93208
50179,48.47286
15014,75.25515
57929,53.564774
65378,63.273804
22898,30.407005
45579,12.661643
54240,68.96293
86657,61.168484
64685,27.930681
62897,72.84045
70187,72.72355
99493,59.09409
71992,68.31046
73032,38.3809
69937,68.783035
96419,31.677252
102,76.97202
60603,58.421318
35862,59.880154
60263,65.56769
62447,72.32972
59114,29.924929
80617,16.675879
29771,64.08814
63561,56.19625
85893,46.194206
59822,34.559376
76548,44.144432
92275,61.184155
86355,75.432686
31998,63.231525
32878,28.046703
97243,76.956985
92970,33.467636
13631,68.38352
91379,17.010529
2950,69.0914
69161,64.414764
14672,67.95364
2110,65.41508
11810,71.731995
99742,37.22559
35667,65.89324
33835,50.22211
40356,68.3495
7323,17.58561
78003,45.067192
20975,77.22563
34646,58.769497
60074,39.120743
61915,31.563097
13968,55.590527
64217,70.696205
48057,21.079638
31559,66.4053
79613,39.56581
77916,65.76377
63496,34.914505
85828,58.16027
77451,19.8719
74677,64.05371
29903,57.776394
31592,69.889275
92446,45.839176
88399,62.01758
75486,68.44271
57954,23.09802
99830,50.42776
761,73.96705
53859,68.96912
4083,34.96916
34021,77.51885
42675,76.365555
11464,52.554077
20161,71.99912
71317,39.010666
46978,0.0
6954,60.36417
18453,39.181305
90906,71.97611
80899,56.918846
62438,40.121925
42635,51.1587
83936,40.931095
7083,51.208145
37238,37.1475
86550,31.492655
28596,32.58476
75269,66.77433
20602,14.570741
66270,60.811386
66530,44.711876
94424,61.805454
673,45.10473
58992,56.621105
3270,59.48182
94005,50.65363
85974,51.692482
61904,37.100636
29912,38.678112
72539,65.34234
80684,59.65433
48470,54.388252
12531,16.331554
20359,50.82202
72862,34.94676
39877,26.61019
25360,35.371822
49717,57.624672
17618,60.46851
19855,64.041275
43205,26.32371
94177,50.76946
65445,39.25948
6738,87.18386
82212,71.61884
66880,37.596294
53025,53.746426
75501,63.775185
63436,51.675243
90599,38.929234
54366,37.892162
29726,48.946587
13609,36.506752
1352,46.321674
96274,59.11447
34324,62.306602
7005,55.84293
64335,65.80652
67425,50.835346
67574,41.235786
64810,64.87552
68110,73.50639
10598,56.37236
9826,50.705936
87855,52.169136
68221,68.65825
66667,49.45897
32705,60.94356
92623,47.28642
34939,68.682
95740,60.73188
18677,36.713627
63976,9.903502
28566,53.396523
28195,44.286285
72088,28.073776
79271,69.76447
78435,31.111366
92248,67.46046
56784,17.131485
50113,45.00321
39227,48.69935
15302,20.740383
21488,61.841156
62554,31.260128
90836,59.933037
27920,46.46725
4126,14.570734
76807,12.675122
89243,66.94468
74519,61.736935
8002,63.806786
37428,21.819656
46524,68.47525
99871,66.07613
59181,49.035435
7277,33.06461
26543,28.394123
6750,35.31167
62696,77.8151
68088,37.033154
60635,52.618225
86585,66.998245
1180,47.020237
42017,66.00038
15725,28.44987
46196,80.66296
79612,53.13457
44106,31.299324
97713,34.18489
101258,51.89659
11513,17.149876
96666,51.866528
54816,54.902184
101566,34.53389
93857,57.213573
73096,40.38118
50056,47.890526
34059,61.11276
79345,67.41184
82829,77.96067
71793,73.61026
94494,34.316944
78672,42.90183
16043,65.169624
6973,46.827904
98223,8.069355
77047,34.94956
39176,65.77584
97452,79.659706
25536,23.5437
72503,51.871502
51510,73.78328
80530,23.600801
5381,69.2611
8325,62.734676
82277,37.800903
69531,76.079475
27842,71.20876
82704,36.054802
70252,29.72823
91019,37.535496
100184,69.91942
32294,63.722572
71158,63.798824
12362,15.446474
92393,30.177118
58261,67.554276
32871,51.720406
11824,43.0528
68639,33.17505
71839,57.49296
96764,40.3412
94426,55.541477
41696,18.627464
61608,58.37001
29507,56.476368
82290,43.53158
80751,36.721058
5511,42.656036
10267,22.350502
16842,42.25591
84594,55.72224
72421,81.448975
67619,52.15591
28796,60.437527
57374,32.562305
89436,62.801765
31877,66.66373
67059,59.140396
99090,3.6803365
87583,43.372562
3876,47.490376
35880,38.56011
36054,44.42083
41922,63.52828
52325,47.977192
88948,64.70135
100299,55.97492
50213,64.82924
52090,41.951656
11847,68.02075
25699,53.950134
50737,23.04011
26698,89.66502
73091,62.70781
35151,55.916073
101660,30.453922
29757,45.802418
88482,10.348248
24604,57.16227
92271,40.721027
74805,67.687164
24093,41.411137
84059,56.26349
98837,26.40806
29472,44.24498
45572,42.509197
7313,55.99277
16772,30.547934
55458,65.68532
68209,38.49293
41710,42.527584
87927,59.157574
29279,46.944942
1742,61.682003
29821,35.451862
31092,44.88911
36600,44.90437
88662,64.45369
64823,58.14936
92215,44.9316
80941,53.53253
52762,63.801754
20519,41.6127
42145,58.322517
72953,19.453104
73202,68.18687
90975,58.305447
16828,32.318336
31039,68.03142
61892,71.711555
16707,47.85291
8977,27.19202
25366,40.542946
61538,57.009823
42477,40.964405
992,54.215816
67938,48.228172
90908,52.149
73012,76.05009
98353,21.754204
102007,39.889328
68762,70.42116
66838,60.5763
68663,42.305096
17288,80.28969
73636,30.767523
47281,51.049454
73768,49.121155
67511,36.17525
3436,28.289465
53153,17.171244
39623,26.935383
58501,72.80942
18535,49.999462
15016,40.63277
46485,77.73217
46802,58.56891
94775,25.671375
10617,72.4317
16444,18.443687
28635,56.78786
40837,64.36731
53395,43.467976
65429,19.52762
14690,65.691795
52930,67.05947
26947,56.058075
30727,49.04443
37257,64.58826
91652,55.53124
34997,73.69446
21347,49.22266
37996,25.125587
13096,51.878883
5123,73.816734
63082,38.032074
54976,46.867287
77163,23.616545
11252,67.45373
56542,76.74422
93665,44.88915
101644,52.67498
26029,52.54656
7421,51.056847
60602,75.2753
59397,65.00551
102524,66.06734
61291,44.317608
88353,41.397736
66929,71.79436
16007,59.31788
102301,68.55671
62046,58.463474
65903,70.07487
70701,62.833694
21093,27.941046
32239,35.49369
17881,31.964933
91876,34.9954
94222,63.577248
15987,40.09348
25387,36.422565
43127,55.400166
32277,70.46009
88118,53.292206
79141,26.673433
56343,39.584713
18866,68.31398
28684,42.711926
42019,32.527355
31049,55.5334
3485,44.492123
47589,59.737762
102386,31.807035
93239,44.74307
93435,67.71139
57310,62.342392
47107,40.12147
63430,39.727913
6627,43.888523
73908,66.56219
78186,58.786777
6363,18.812513
17000,47.587986
86753,12.885847
3103,67.45429
48741,49.712532
30846,62.19405
68296,22.325878
59153,31.440939
92990,71.23177
79144,78.98262
96064,57.031155
11399,50.994255
92830,51.53107
4993,23.371939
85976,59.09392
68032,43.537014
99410,43.86823
17490,31.055847
8417,54.264324
6665,76.3712
47711,74.92419
101580,48.94628
40157,67.25211
35798,53.692745
22124,70.5712
93251,51.40162
42800,29.771048
38128,59.126976
19851,64.63306
29493,63.254322
51325,46.044804
72711,59.45255
29999,30.67854
84496,62.48219
99262,62.725986
66535,66.01378
353,49.86891
43598,39.925167
85725,72.37198
53733,23.482391
94760,22.273737
47673,81.98183
46135,32.432964
50591,60.464535
101999,57.19131
1247,35.916714
22452,62.497032
47794,61.67989
67460,61.179913
2647,44.507748
57192,62.185524
46553,62.98047
38476,73.8227
38634,54.95839
37133,47.201103
72284,61.523773
63287,38.361
87488,74.14056
88826,70.29604
7329,25.925009
88992,43.488415
3866,54.8262
96011,39.468758
20306,71.383644
14821,35.523865
59569,50.836388
66022,30.531555
77039,16.853968
90332,46.223843
68173,63.178635
101920,28.702011
75933,69.6023
29208,45.276127
58968,21.702398
43704,55.6773
51473,44.48784
19863,49.69928
22281,65.37071
73094,56.113045
1341,9.615528
46543,57.421513
23456,15.133087
47974,29.499256
92262,27.9237
41073,31.50325
59021,31.84689
66290,72.09775
51170,59.632698
1490,71.79199
42609,34.560284
56489,25.586323
60825,50.626053
71884,51.477486
18455,44.02913
15539,78.96237
93801,46.69849
101522,47.428482
92,52.650875
37137,36.19646
14064,58.363956
42828,42.971012
20683,44.71866
48982,36.028618
59483,39.199352
67911,51.45587
17188,17.058859
88814,48.6748
54659,41.58346
97095,62.047073
75989,66.156456
58662,68.559204
4760,54.899452
71084,45.863976
71880,61.59481
6571,51.558537
48644,63.227436
62373,22.510403
90698,61.839714
79107,34.070305
21520,63.93236
83918,74.15276
82061,73.27916
17129,28.632551
7998,51.38216
37910,54.13137
9929,50.095238
31338,71.561516
63565,64.9667
6479,38.09638
42,65.73907
80912,38.089893
23929,46.7452
56060,37.82395
68630,66.39125
99467,43.03755
7413,54.13549
101323,53.851765
74571,59.057613
84441,71.48179
21647,46.482677
76425,41.75565
77011,49.12828
35681,69.14921
57735,45.262646
8513,58.967827
45223,59.53282
25357,73.56396
46901,70.96829
17335,48.673477
90866,59.82501
17928,34.0688
88112,31.250628
86728,43.38308
27179,61.469227
28216,76.89329
16666,60.81874
63638,32.67854
101769,63.703995
76223,69.99669
23803,55.61287
29105,40.205982
14633,48.14583
51478,49.383667
53692,31.149685
74682,49.784206
41275,59.4578
50503,45.376915
102528,65.566
16489,19.619812
37871,32.097343
72103,44.226776
63301,38.77924
22333,60.663086
31330,23.371403
16193,59.47321
70546,24.392118
10207,52.583687
17502,45.21924
63197,54.66414
34735,63.468594
84307,43.740677
46601,32.043457
71768,56.748302
44998,59.898087
21398,29.363352
96180,46.19985
43207,67.16567
100850,49.583916
99345,70.85787
97526,51.573338
40187,58.15415
44448,28.874685
44754,61.078907
17602,68.99437
68658,26.016504
49636,49.860912
44218,15.883567
30984,30.826916
100170,78.857315
22799,36.604733
93085,31.693977
58119,62.90224
95924,38.946365
101984,47.978058
21254,57.0246
71146,70.593834
69532,37.559563
6626,41.912533
14523,55.32102
1578,22.748299
33517,29.863585
693,48.265507
37068,44.18365
57646,25.399607
96102,48.568077
2366,48.72309
50161,70.8744
67593,59.058598
30276,65.37823
23314,47.390335
98148,65.98002
18477,42.353218
15527,58.54204
62682,13.124398
56755,73.56538
28042,46.625134
1298,14.714616
79433,31.570307
71436,47.64017
98435,67.209
42484,48.41309
9939,23.96657
11861,52.091537
47190,57.435863
71544,38.164658
96734,34.62836
7792,28.83441
78628,61.92768
89113,71.2296
55889,61.57788
90187,59.87691
65723,42.94682
37196,72.44952
35171,58.68905
39041,75.8037
61106,25.498196
65790,36.079475
93241,55.031734
29129,30.721756
24098,49.591614
66410,65.333176
60006,40.09887
84445,62.27531
24181,68.84663
72428,72.02633
91009,71.16563
89406,29.392876
34346,30.809336
77939,31.501835
2891,75.43491
17984,34.98901
7763,14.388279
47592,55.394585
7917,38.028324
51104,54.042416
79307,46.69427
60858,74.304504
37829,46.71539
80848,21.72965
91723,12.895824
459,38.3039
23084,42.63354
90505,59.311607
63056,38.160507
37555,62.592747
41422,53.487606
91903,59.313488
10029,33.23988
75347,41.15341
93791,38.552837
34447,69.04232
26664,47.658882
55679,36.140472
53493,60.22122
46193,14.836274
81348,49.070396
97733,56.34694
14812,59.007668
31164,49.39416
38849,23.30491
61672,69.245575
22943,59.81913
93856,47.485115
87246,59.31734
52559,71.6941
70617,67.908226
98570,22.71663
87821,16.889524
4029,57.108753
30599,72.92048
24688,55.70796
72064,47.031727
36775,53.051014
44168,65.50405
100802,44.891586
56612,62.27421
78556,63.21911
45869,72.64975
47528,28.982763
77766,58.58316
62072,73.96992
41773,31.488655
45958,65.53634
77573,39.384686
69879,77.77722
64558,57.851357
6066,54.527386
13090,40.14824
10820,35.157936
20525,44.950447
85640,35.904903
91889,14.713417
65708,30.44288
68638,68.5248
65599,75.16247
1198,31.3278
70433,50.258743
96586,30.77807
61710,70.36675
80498,45.987305
86292,32.598064
71345,65.53386
19385,10.825395
47816,34.41083
93116,67.10552
79432,58.488205
42171,66.19403
17964,43.835693
5441,55.96767
41315,32.532368
98036,49.40592
100199,67.26173
89867,34.63224
87649,34.361652
66159,63.351936
45489,33.833748
58984,61.58524
15294,49.77078
68721,72.736
64002,53.282085
34626,40.214115
10471,60.855976
20726,41.373768
81240,51.285065
64872,38.110622
76637,39.203274
10874,77.01508
77313,52.131153
68954,66.17258
4274,68.29297
69123,40.620205
34283,33.979023
50689,77.13201
77850,60.884174
8613,29.211445
60142,37.441685
55228,60.660835
28792,70.18196
86549,22.454422
87185,55.233505
46999,50.273056
99279,85.653946
75823,67.92316
42670,71.299904
20870,51.653854
44038,49.192585
35593,39.552113
93073,23.851534
55934,64.7797
8189,59.267986
46949,12.13638
69675,50.541603
101022,48.47126
24931,54.80329
30742,51.941776
53676,11.254111
4697,74.86506
59520,43.593433
35738,51.88674
27253,39.80718
74221,61.380417
100139,81.37053
67370,61.396202
74254,36.605324
54794,76.04796
99758,21.240553
48632,52.300457
54778,58.154022
74669,62.321724
72795,42.67015
48550,51.020714
47195,50.790924
59991,24.409517
102616,45.926735
16715,44.90939
42720,77.79229
97037,71.24213
48949,45.073795
15709,42.806488
6616,37.90728
62594,52.8012
54478,54.63994
60932,55.09674
24293,62.90074
81442,10.735678
94558,23.886755
50993,59.969776
30857,48.963985
50740,29.323122
25134,59.712673
70379,30.601072
42399,54.49341
49520,60.614426
86192,7.777155
77400,57.40266
86909,79.24621
76415,76.382965
39795,67.81137
84974,52.75783
71100,30.51365
33431,62.75998
94665,75.336685
49269,61.088573
31014,41.99997
65624,53.812256
27838,36.3092
57072,57.486103
67368,35.89835
65722,48.823822
97185,31.788622
16869,40.232113
22838,36.947186
43683,35.47228
10870,57.06698
89981,59.097378
79802,63.87659
87469,68.018776
100111,38.00786
40551,42.12995
56616,14.568432
55974,68.14996
27904,51.464977
96940,70.880745
12624,54.923992
93894,56.734436
28370,61.308575
86471,63.313118
71426,22.083422
34120,38.21799
75063,71.017395
94685,33.325768
35561,49.07342
21688,49.716244
18749,45.2356
18936,42.496834
101331,61.687344
3807,64.427986
54420,59.658592
2898,53.557568
89440,35.60093
38900,28.477436
2289,61.82743
86825,36.393375
66727,33.877457
94642,26.023863
70131,55.003227
51953,41.833603
44962,48.293518
39947,65.35554
23452,77.92946
54570,42.27172
3920,36.26167
16079,51.024868
47821,69.68679
43188,62.072556
95220,74.467834
14120,23.924568
56893,74.47486
47594,72.96336
33095,44.427532
72907,27.525713
88358,63.942657
102160,59.60746
64981,27.21822
7379,38.91619
3996,33.370808
59050,72.9944
17303,55.171104
75153,46.016434
31427,47.750774
2684,51.338078
83233,45.299156
13665,34.419075
49712,61.477364
57568,32.639236
80283,48.530388
52145,24.412064
22814,51.690178
62294,52.209824
86475,19.452482
71597,71.31591
65774,26.319803
82199,61.63396
64607,61.659855
15171,22.945307
31595,47.056004
92502,33.702835
72541,38.782455
2687,75.13857
91773,61.57913
49635,53.445286
30716,53.68937
19746,84.56929
16754,70.233604
39198,20.279013
9610,80.53664
9691,43.056293
10223,64.55539
22144,37.79261
61231,35.629326
95801,40.816315
37459,64.87382
11867,59.14834
82983,46.778873
65609,63.18552
69316,68.67912
14400,53.630013
56874,21.783737
76999,20.302275
24738,58.235542
68571,22.446451
95863,24.620731
51010,52.484623
66847,35.236763
17856,66.74223
84171,43.554146
48472,41.61031
16986,37.981552
30968,68.41191
27101,64.198135
14737,47.649906
94425,59.393795
38739,83.94503
54138,56.49459
66989,40.097904
81275,67.736824
17221,68.477356
54990,57.316547
12543,58.10172
37783,16.729118
97036,68.90576
98577,51.178715
90598,55.74023
28800,54.205475
41525,34.439034
42960,72.75541
15103,39.6768
68072,56.999073
44019,42.430218
97626,65.71835
55357,85.14871
97832,26.940437
89351,46.942444
87422,66.47413
98951,43.519157
55608,51.450943
58349,33.989197
12514,57.870827
57114,30.135015
41003,43.340046
48834,64.01356
13919,55.033142
90144,62.212597
62646,35.97969
60519,47.27565
52033,72.16863
94607,52.254326
36112,58.346317
69053,56.632114
13699,49.4194
46590,48.49038
15572,44.026447
40110,73.05624
64828,53.342705
91169,21.007736
56591,39.60339
11873,56.3335
3889,69.2006
56137,49.823875
28232,75.32274
34317,64.85013
73800,33.379395
66756,35.729393
60470,22.508465
15983,66.24587
34573,40.091736
99008,43.954784
37894,68.2292
56556,51.029015
10790,57.067074
102298,26.6364
24425,58.411076
12849,32.61527
42518,44.76788
87036,33.69596
23898,30.606277
12249,45.759792
27797,57.3719
3387,42.018322
88621,35.814587
81789,20.602196
28121,50.513042
37865,48.417564
5920,47.79722
27489,65.599045
14259,52.170723
56773,71.084305
40704,66.89854
40664,32.799084
65799,69.54309
100999,14.253619
21942,70.1492
27477,38.6348
14461,60.00003
65369,55.893337
64848,43.558174
71014,32.62819
13484,47.489594
83120,21.120857
4948,41.55299
21105,71.26962
63895,42.31628
78328,69.18327
73162,49.428062
22700,60.550274
100211,37.21155
81652,30.266443
12711,43.532475
64229,54.179672
51477,45.587578
41804,62.45589
18825,72.54476
68636,69.24821
64894,25.111725
90899,69.54366
57873,44.987606
80515,58.56109
51298,73.94304
36643,16.648582
11657,31.288296
38906,33.330345
84677,61.91404
9726,70.92771
21374,35.241276
32743,55.7887
34897,48.68834
30895,27.165854
77632,57.760418
29333,23.875732
101326,40.72685
59503,41.010765
80514,39.067062
46503,42.006996
78757,13.734356
33445,34.69456
44035,39.66469
4239,32.889393
17341,34.272484
24833,60.771324
5233,22.069016
82011,32.354755
50869,50.715332
66869,35.556286
100048,49.46478
22833,65.418526
76993,27.89608
53380,66.531815
22140,14.3095045
41640,56.806274
79937,63.311256
15938,7.23243
73512,20.339554
56008,54.509464
33306,31.604126
4790,76.83838
50766,70.327065
93545,68.1909
34205,43.050434
71945,60.36934
68472,61.568104
100851,35.465652
64192,19.239523
33115,43.287094
96639,22.658062
65894,56.35886
17897,29.315243
38152,21.67437
50214,21.91286
77231,66.15485
96374,34.148243
51090,61.234863
89522,66.71398
13038,40.75721
64374,63.4453
18043,44.863865
79765,57.900913
53255,64.70558
83276,41.037704
85344,64.80374
102538,71.413475
72219,21.800007
89660,52.030262
82936,68.81617
51239,64.827034
27550,79.22807
54782,52.8475
61417,52.943546
51035,59.640953
16867,64.64754
55200,74.925255
27267,78.57545
1704,59.848988
49504,54.881985
41095,50.895054
47735,57.367355
48796,23.885561
4171,66.77097
73271,35.986534
71464,78.05465
30206,29.454697
64354,44.642715
45057,63.13456
56680,49.430622
38701,69.98431
49377,53.526127
18096,70.45228
87071,39.703533
38753,52.90499
32929,64.03939
50231,48.479084
93632,63.447273
43532,53.440025
34946,43.34948
76541,65.41881
22237,65.944244
2360,66.454865
51939,30.865307
100384,69.73191
4703,68.601746
78680,68.125305
89728,61.904064
1916,67.225525
24951,33.319042
92823,30.048193
39213,47.499588
49631,55.041473
73179,32.478836
87561,55.918266
18344,44.8462
84087,45.4411
11581,55.01866
54064,29.691961
42015,50.134228
22089,16.712805
30501,31.077532
1307,55.936935
77978,66.981064
38188,40.015114
52876,67.18601
49875,53.190014
90947,59.405407
21806,56.64446
90404,26.43562
7265,62.857964
68517,70.63802
4699,60.890297
99187,26.45764
43077,64.061195
98508,45.189957
19067,37.350418
2872,64.176575
3027,49.838844
31745,29.913963
90608,46.446976
35139,33.061157
83391,36.05112
82962,27.480091
71953,62.566406
83118,46.606293
68301,73.51749
97163,67.36546
3264,12.126856
46816,71.685745
50715,64.62254
100018,30.186539
7215,51.63249
3759,64.57755
35651,58.769867
45695,37.70468
5344,71.11345
20855,65.025604
4851,34.36707
63688,0.0
102545,52.64527
60595,50.664894
76681,66.014206
12640,74.2948
94307,33.85312
70284,43.479713
24062,88.12385
102585,21.439264
2519,27.46736
23239,57.373447
101395,68.30014
96755,41.177452
91622,28.312601
95272,51.78534
24839,40.30323
52846,50.512123
81686,44.105427
76598,54.339966
54422,41.98137
59183,65.15427
39278,62.383392
38783,60.70331
12237,45.871918
2384,61.2121
88076,64.038246
8546,43.038464
27998,48.9203
43106,66.22559
86252,63.89147
24052,39.257195
64691,60.594303
94231,59.979477
40616,31.92796
93078,51.64613
15134,29.972122
36904,59.366535
54879,35.35414
73388,37.9794
79085,56.865406
64902,39.819607
11090,62.65276
82811,38.23143
23740,49.95786
102062,37.97388
9158,42.669308
39937,21.344954
24588,74.52445
69108,39.840134
79424,64.27874
57327,60.68775
96933,36.524265
77117,44.444435
44781,71.86062
91011,68.055984
6495,25.590155
37214,63.65772
5592,68.2905
54433,42.897766
102073,13.784839
75058,74.56826
4662,61.459084
77537,72.06835
31590,31.581808
50243,56.536266
48338,66.61988
91231,46.86468
19313,71.924484
11138,60.441917
70924,48.264675
98497,39.45215
35468,67.74947
53218,58.542393
39337,71.3926
102469,50.385796
87850,64.276825
12528,34.461933
35206,54.805805
14722,44.107483
44766,65.48179
31421,99.36945
41782,33.895874
80981,13.914644
30289,46.598534
49488,10.630525
19130,19.338093
47110,57.31476
60177,13.66254
29334,69.84975
97046,35.12457
12217,29.911913
96234,42.595455
38089,63.48847
2541,50.759087
44784,51.437786
57185,62.04571
92244,23.376825
90744,24.966562
90946,67.70846
61694,50.2586
82197,27.268988
91395,70.598946
42170,70.26308
30409,33.516964
16187,65.475914
30207,45.45512
44090,53.76812
20578,65.154816
79900,53.877285
27524,41.82243
75082,24.922155
88441,68.04589
44175,59.84599
54848,72.742905
91912,68.61513
11354,79.01693
30374,32.78993
102195,61.091496
92209,72.23459
9980,83.98631
5140,33.177673
53352,59.860905
19304,42.674824
97853,69.082726
57420,29.680952
37521,42.40926
47966,74.75555
37194,71.69771
96896,28.455322
61852,64.17781
12126,60.4474
70457,60.01975
74223,62.088287
53518,41.98234
76926,54.66651
64996,61.743946
26776,77.71858
55004,80.366035
82408,53.22427
101676,34.39596
61123,65.73035
37773,37.204235
64460,35.357212
41349,13.977516
54108,69.8106
59968,53.283764
54974,46.822483
66424,71.85637
74346,26.370525
14876,67.052086
60222,28.848196
20368,45.42194
14952,57.204758
23243,25.957205
52115,46.26481
89267,54.83035
37093,58.142307
64268,46.189075
45913,77.66534
25997,68.04623
18358,69.75961
33571,17.28526
36738,30.964676
74179,59.073418
46363,34.298355
97295,67.747246
23993,69.52962
7653,37.033287
52416,56.92343
33197,48.799885
72185,46.312054
17475,46.233326
81505,48.15952
37792,70.13673
23634,58.666996
49570,51.12467
3969,63.0715
45863,59.182022
27520,58.136005
42796,62.36052
14086,44.71806
58649,72.28343
86806,63.267673
15574,51.661453
14203,65.92248
73016,62.698513
16598,71.27069
18109,51.515633
58313,32.91388
62822,51.272003
68974,72.52336
80722,30.25929
78331,48.63932
64470,75.16718
29247,49.81565
72233,78.351494
86410,34.58757
49824,55.754215
99159,60.359936
84485,34.903725
45607,61.877216
82142,23.530146
40924,42.22822
41322,60.732716
25292,55.236168
91069,53.1231
93057,35.966072
17032,40.928696
99693,68.929146
22594,59.83119
4978,35.106094
75081,78.22664
67914,85.93421
36581,74.56467
25861,53.841896
92724,64.2016
96432,68.99924
41517,29.406378
36126,42.390472
62309,81.68499
17624,52.51706
21116,56.599094
34922,55.01445
12208,60.680485
28832,67.61821
17016,6.5106506
7310,52.381226
85082,33.871487
2213,55.486626
87419,41.41984
93151,49.184578
31873,2.3173826
358,42.717113
74708,29.72261
8145,75.291145
98075,57.847824
30095,19.172045
52813,36.393593
95131,37.151203
83324,28.226732
100192,70.53899
47198,43.7033
28886,26.676516
66560,71.99125
3478,50.989796
100082,14.877186
62136,60.384167
71307,43.55869
71574,33.923203
2145,29.358076
11563,58.876987
82910,47.368797
34034,44.60099
59364,29.655125
70497,54.0494
68746,77.01246
38643,41.27636
64752,21.794819
6921,60.157692
32938,71.58024
58270,16.230322
17938,38.616535
12164,39.610367
87001,50.300262
78782,27.51416
12274,59.407837
81077,31.277346
25393,42.97496
52411,61.438877
16274,47.27649
25630,34.170605
67888,67.420555
80600,62.249184
97265,65.221176
25297,67.41385
60774,42.934784
84673,71.468124
89792,36.835644
62082,53.74843
81428,23.822206
49492,60.968033
33291,79.28538
34992,68.31549
57912,16.178158
61865,62.100487
99804,56.818947
11057,46.73503
47204,42.793594
89885,76.27783
87076,39.49727
943,53.620537
74369,67.324715
15414,37.791496
95404,31.283247
33461,58.023994
63402,43.157352
81723,39.897644
43053,47.996098
55195,66.18679
12746,36.1306
94544,23.399784
85247,46.70624
100220,62.515213
7900,58.078156
32392,42.191513
11169,36.160236
13102,48.54304
52368,21.154684
20064,34.690723
20738,58.861355
90240,26.96912
85051,58.53256
102249,37.49195
59420,62.623108
46548,66.050156
92297,45.12131
48958,39.97398
73975,45.555805
41573,43.82263
36349,53.257515
95326,48.79192
49985,26.79068
22738,47.80068
13236,61.485935
94858,54.449287
28944,53.064583
87195,55.48727
15201,57.549023
42589,71.67461
12600,25.904646
38549,71.69347
81512,23.164936
66206,60.679028
102360,70.26636
35104,44.558968
51140,57.44469
5013,51.082253
7337,58.090614
64284,48.619057
64727,40.54801
47756,69.67767
33070,47.579292
36569,65.98666
47071,38.020393
54800,67.88149
58212,74.08079
43022,78.93021
69421,53.470062
33086,13.913266
91813,70.73083
36797,32.937458
24721,13.257205
70141,65.70993
32016,58.13759
29688,41.577133
75626,39.421616
60284,54.089527
90294,22.627941
2463,42.43674
15838,70.74319
73216,58.369667
74092,65.64373
46856,30.644857
54628,72.148796
50374,48.41716
99670,60.496914
35149,34.79934
19447,57.678326
39548,84.81898
42810,24.907534
51356,65.06613
2174,31.549984
53663,52.14289
46593,64.21308
7527,38.632042
9952,28.804
94881,30.656416
49729,41.162617
85264,67.7626
94299,49.599556
26635,27.319017
33,27.341026
102087,40.89639
56922,64.84819
14261,35.916916
32492,30.090559
47924,58.705635
83855,36.804283
38997,57.408855
31004,62.65594
53715,61.594044
18779,44.195663
68805,27.314653
3607,58.001976
85932,65.346504
95408,69.53559
63684,38.630577
80080,51.40809
21032,42.769238
73995,46.04494
7356,47.66821
72614,39.80485
57290,59.019638
90935,55.888638
90116,52.97327
50517,66.88461
58374,34.996353
97597,74.27433
32204,58.278687
15905,36.65304
20882,71.03582
38932,60.248856
64114,42.41784
78041,55.37623
41313,41.77289
33764,36.10676
90716,49.747223
88707,99.56597
33615,76.82341
23485,56.801254
30891,49.45151
64152,48.84745
18340,57.79755
73075,48.3381
12258,71.68085
47560,66.8423
99674,59.639393
18127,71.93728
88409,53.77949
54812,56.10051
96927,25.585499
89574,35.065136
87869,34.372948
71859,46.61521
22,80.40812
55262,50.223873
5573,50.340073
38010,61.732796
82831,70.40262
10407,29.371058
32549,53.280758
82681,29.752634
76656,41.541885
31147,40.835182
6447,56.902668
23122,59.215717
50094,37.98366
95732,66.398125
46331,51.2264
42737,57.04343
3138,75.917564
42550,67.80527
8978,30.422789
72584,17.43824
30151,41.94965
41825,31.432112
3664,19.754528
16551,47.031265
27639,66.58709
40790,79.45839
81882,45.202206
12603,30.878023
12138,52.491566
9603,59.789116
81532,46.297867
78255,45.23044
54391,63.264137
10395,67.40042
6384,78.519455
38119,60.577415
32653,53.077736
32216,48.128345
14508,24.702559
51771,39.567436
38720,38.18034
97045,67.20807
58253,40.070675
71276,16.288649
72837,71.59993
36917,24.418564
19731,35.581356
4165,35.995857
62710,62.940346
52660,78.58106
2752,23.495077
96403,66.23163
15379,9.645865
95822,39.39871
51151,15.863006
21583,47.7294
36985,48.74561
76462,32.84297
36661,14.442059
90966,34.90674
58140,51.301743
42396,73.99218
59203,16.83496
69240,58.64704
27134,43.18516
78453,38.304752
606,39.827972
56479,43.12109
92254,41.944447
65847,62.64781
100279,40.886326
101654,53.756626
4651,21.450912
83364,71.92794
29085,63.711468
55269,24.55398
78683,60.827774
52867,52.65137
39566,30.428078
67152,56.829533
96248,62.135063
80642,62.881157
33908,29.113441
6930,23.579994
43877,26.688938
50545,57.07353
21780,67.8448
52180,58.91012
535,27.30661
34142,56.52693
62634,46.15488
22148,33.99396
85583,70.384605
26712,64.067276
99973,30.13736
15985,74.62946
8241,48.721622
19856,35.856564
20598,39.28091
67875,31.326147
2428,9.906295
23742,53.49497
70761,68.31714
83152,56.753853
80757,26.795063
95033,28.046883
16943,58.97085
101382,24.581356
58635,46.875393
85062,73.16447
54736,38.667366
7150,7.126027
95317,51.161808
3353,51.337494
31165,28.658356
5995,66.484276
100148,30.572636
92534,70.54131
81232,42.90718
75636,75.808846
21765,28.225855
92593,43.73075
12724,64.03668
39321,61.47724
63870,40.3778
25103,44.010204
60735,44.127483
3811,48.449608
101524,55.338512
60857,39.593704
83882,37.587208
32181,50.832428
89813,48.13478
79845,36.866905
58446,36.04109
7818,55.04759
52314,13.676465
36919,68.66331
32160,68.06261
38514,38.05719
35066,26.758427
90212,68.53502
50930,19.459322
62906,65.859985
63958,68.77443
24735,62.742325
70666,63.663513
97846,64.428474
4177,76.62487
28451,63.352184
46615,68.82843
58986,28.873287
29297,71.70963
15338,63.780052
38313,46.67358
87503,36.00951
11934,35.639206
73226,52.816944
92870,29.333284
21917,57.586494
66060,58.365746
31564,45.66523
88126,38.981434
85220,24.453892
4636,20.95686
73354,58.18118
33368,23.014568
62539,66.761215
39013,69.81887
62076,41.184834
3466,18.687126
61381,65.4985
55960,62.071774
13467,65.486206
70495,71.45285
77733,35.60211
85049,4.6320996
79690,42.83809
57134,74.52796
43338,55.67772
88068,62.50724
35535,59.61519
85054,77.51975
37741,55.01775
33752,36.513966
3240,67.31559
59829,76.64359
33103,28.573265
1643,35.061237
99748,37.758232
32903,64.12937
46682,36.348946
51633,75.50763
84881,32.829796
504,74.458466
35315,43.10782
42877,56.668175
42965,86.8751
16977,50.66201
31642,40.258476
14150,18.22238
92991,43.999386
55206,49.721317
19879,63.608643
57243,46.23925
8619,36.83512
43640,55.182495
8846,61.945385
48462,46.120667
82131,65.816666
61006,70.47601
83016,45.94021
46172,56.426487
77595,42.42229
3276,46.630695
94218,24.414106
84903,82.15143
37259,34.755013
22260,62.03032
60156,37.81321
83107,49.638382
4087,59.606384
1954,46.398582
14723,19.754713
33405,69.86161
30350,31.807194
82833,24.783373
1823,35.962124
38846,27.497892
6403,38.574203
41786,63.319977
33887,62.41512
83098,33.971737
9356,68.765526
97974,78.81588
80630,30.629318
99074,82.12333
15526,44.949238
39545,27.751719
88821,42.97983
19457,76.90717
88988,39.14968
20752,78.985535
87029,44.190582
22907,25.52015
8038,53.160442
98743,50.11211
30803,43.817993
11802,33.588947
26661,40.563255
66493,24.902216
20267,43.618526
45108,41.037285
95593,76.31784
5865,33.328396
46410,32.549877
45962,30.747766
47610,59.80334
90274,67.15099
548,30.255085
95671,75.73041
34574,78.48301
53408,66.69736
96238,55.670734
41561,75.433075
1371,77.625206
68995,49.326977
96317,32.29367
73309,40.900463
70414,31.015915
100995,49.45904
50639,41.95369
35012,47.24348
24079,48.017345
58309,40.531902
83146,65.725845
33899,53.802956
92528,32.450424
38104,60.647953
83242,26.278645
97952,51.44493
33427,37.16002
102292,35.228195
28368,46.74341
12157,53.313595
42784,23.127993
11156,63.167885
51017,65.98023
46569,60.281204
35118,17.730434
55518,42.396374
85326,61.458557
8816,45.952477
50401,47.65241
50856,62.77273
92545,64.909874
38973,69.7892
95897,60.35382
60736,59.546844
50397,66.10806
55571,35.052807
32665,35.723602
99293,74.57781
29167,61.096558
22742,27.048298
90560,69.74621
78369,33.936363
99697,27.329159
45224,71.69261
86390,55.834667
76809,71.806404
89721,46.82476
49255,61.95632
44667,55.76252
63507,37.946835
85663,61.808228
37757,64.5548
75041,64.5646
55024,28.279255
13460,46.808823
36983,71.31849
46226,63.40459
62545,48.951187
101894,73.469284
42634,44.880585
99247,59.6548
52690,73.24841
54820,53.80755
54502,78.95097
84464,53.595444
55937,10.9711685
40275,44.87868
26549,10.358992
27353,28.767094
46719,59.02976
1244,65.40065
61253,70.707146
10495,23.257475
26422,45.075
44070,40.023163
27694,52.543945
18172,57.94287
80736,69.46975
101054,52.597897
95258,69.51887
13528,31.229683
100452,28.337652
60330,26.837814
57624,64.244415
96287,44.92285
61844,63.48738
15744,41.18897
9277,51.244427
9545,29.100851
35721,66.41397
13771,49.432068
55694,32.662754
3731,52.58877
57448,80.51633
49321,39.777916
84327,36.857845
86267,62.29288
54825,21.392593
29072,57.248554
23786,71.14289
71177,46.74696
73617,72.601654
97393,65.311844
96246,60.56985
21878,51.124416
13025,50.76714
54254,38.98464
52049,67.71445
73723,59.955547
28782,72.99128
22960,66.31053
49558,54.481018
19299,24.748491
81579,26.722218
87943,42.66817
55467,29.04199
9817,36.18497
79023,47.1156
23425,60.61725
14863,66.8658
72817,62.250046
38423,63.95476
25240,26.028973
41411,24.134672
28055,47.05442
50251,56.019203
20792,55.5346
28470,32.192715
43796,53.632023
75215,29.189177
10234,52.679604
67713,42.587723
89081,38.59202
34284,47.69891
21082,51.674088
20422,29.31858
97831,32.68576
25136,22.262505
47465,55.989544
63517,53.748753
52828,56.82024
33842,61.177223
15794,56.028145
57728,40.740265
101714,60.345352
43321,72.80701
21532,67.63902
20676,43.95427
77524,40.58347
36023,57.69541
4252,48.15959
81750,31.00169
21404,67.09245
76924,67.30634
21007,26.321024
24350,72.945435
84757,71.39308
71137,57.325676
64623,71.488365
1026,26.209763
37970,54.343002
32298,54.777184
1809,61.902836
19540,45.042812
11142,71.87424
99885,23.059843
21409,59.43268
25700,73.36026
10769,51.62936
60730,41.502705
93248,58.3807
4497,41.90024
87382,40.642323
93992,77.33756
50885,25.471407
24923,50.33861
52135,53.02198
94643,45.254322
79427,68.80837
31631,46.416103
17805,25.923885
6981,58.66895
13911,66.1358
12269,22.850857
82418,22.419575
5051,39.274006
227,48.711952
39132,39.04501
93960,27.669792
73643,41.404346
37817,35.52347
60624,54.4516
9184,36.746723
47460,32.197647
34256,36.20605
34122,22.837252
66446,45.199875
5263,40.48038
58722,45.79169
22204,46.32234
19360,58.793766
90692,64.64966
83962,45.719547
49055,31.36765
82064,75.90674
62603,19.650488
76023,79.9076
1840,21.617128
73957,55.620007
49242,61.258686
66548,74.51254
24490,37.252594
78952,46.349915
44465,41.295845
9468,23.02749
42748,69.33607
36503,23.430504
38407,56.11585
80522,65.033516
81847,31.354736
17497,37.608486
61517,56.773216
18254,43.790024
59121,38.897064
9332,67.909584
41597,41.791233
32574,56.84529
50839,61.9274
58664,47.105106
64243,67.123375
59325,51.793983
3826,60.913624
66073,56.193363
91224,39.74605
26097,14.092436
18931,37.908966
54648,35.48248
48814,41.11668
25529,55.960808
15304,50.208923
28222,27.913446
65580,57.729614
66126,71.69965
82314,34.36545
94063,59.05587
64464,31.145185
95395,55.04653
19400,37.585682
2941,59.540707
39151,53.579243
67168,41.543415
1256,72.627594
74548,58.84201
96616,49.046875
27448,54.38658
67020,39.126865
13079,48.08644
20788,24.232758
37691,46.34802
100028,33.159138
65162,61.504925
16492,63.55092
19906,19.594683
60643,37.59486
52946,57.255993
88425,58.69474
25623,21.35035
20823,30.47552
93029,64.66925
66133,39.9679
99151,45.015724
97919,49.681477
14442,28.858004
23322,39.76219
8702,46.684086
12162,55.785625
75910,47.93879
82857,60.65209
25831,28.947412
97600,56.462276
44970,60.21544
88763,25.15233
1335,60.346237
5987,65.30966
84098,49.89205
98746,71.18723
95959,76.00958
22404,71.96735
44816,60.969982
24897,50.434006
51426,56.673615
12617,48.346558
23654,66.121635
48735,62.28536
23130,18.370197
58384,24.580454
58917,75.78482
16148,70.62669
25844,63.149357
54036,23.55924
100778,26.039803
91796,55.54702
29331,72.395645
23318,46.8077
36304,24.750566
48317,71.99669
3669,45.585564
96696,67.77062
7226,29.480848
57485,57.16942
55264,15.011361
80480,39.31663
72979,78.3615
32166,56.347748
19660,59.238914
76805,73.524
64303,68.03205
57966,73.77462
44615,48.402916
44251,37.842995
95857,48.57804
23999,50.73118
35796,49.547318
88796,12.03192
16418,42.833897
94499,4.9672914
96022,34.442497
37255,50.37255
99453,49.116314
41074,66.88131
9981,55.603962
24850,63.362083
23673,41.099663
8943,75.8265
92684,61.784584
83244,53.169247
33949,55.32112
713,43.604824
100774,36.42147
78115,53.644753
12629,32.07893
95307,57.36175
72898,65.906746
10134,45.572292
35630,41.38968
17911,52.19529
86189,34.91299
4791,60.535465
72552,55.414154
76515,47.858578
50448,76.54655
10239,55.68374
7026,27.887127
45817,50.482628
8963,27.604675
10859,78.37713
19605,58.022247
47509,62.482285
27418,63.73408
38544,65.93192
94883,24.980608
94014,41.297756
79778,33.47749
101362,35.95997
53095,49.830322
65760,54.023716
62282,63.78028
89247,53.68612
6632,66.76489
45385,57.903732
73465,59.21747
99455,41.733902
66360,49.747585
101589,51.622196
17304,71.69189
45960,62.30178
18551,24.538248
101645,69.31513
45802,45.651722
20521,66.40736
58959,28.64747
65045,51.67677
72496,38.434425
36402,66.2214
25815,40.716236
76702,56.387825
84777,60.492023
30356,66.2015
65815,20.264853
4147,58.977524
28384,64.6603
80942,65.8681
41797,44.890278
38925,41.196735
4785,69.09125
15536,36.90513
66949,44.95781
24614,36.924427
35712,19.641312
37917,36.91791
62321,61.84229
93731,69.58811
18212,37.38859
36296,68.75725
95639,39.893925
50423,43.20551
13920,77.65928
8458,11.929831
51026,61.95555
40103,78.20725
832,84.93291
69312,39.482662
3261,66.168884
58687,33.11076
31480,48.67065
26949,30.556147
20143,58.23561
11805,56.875072
16149,65.34873
15022,66.07217
94814,60.110615
6389,77.3188
75196,34.518417
80169,53.09579
95553,60.87863
46798,48.784233
100177,32.395493
86560,79.830574
64830,61.870087
44056,64.04498
39231,63.948753
30613,30.040659
18322,30.005215
33215,58.45054
79783,63.07468
9577,48.834076
90940,26.013771
101547,62.935436
61111,46.927147
13640,55.164177
79012,60.461758
72937,54.114765
66743,79.72863
77405,9.681728
7174,53.232407
44569,64.88033
84144,64.29893
1818,53.16463
8148,46.562057
41916,50.535755
93659,67.89584
96957,42.893715
43839,62.351913
38048,65.29094
58629,37.8593
89380,47.745625
79860,67.689766
22125,46.20163
46845,45.44018
15872,35.87921
61708,64.11768
51916,73.742714
11968,73.527176
4961,69.4117
8549,26.127596
34309,47.822598
31457,44.024162
8050,64.12163
59488,73.90493
65896,76.64371
71621,38.83439
13842,43.638607
84004,41.48728
5675,47.540443
92075,61.609055
23801,12.212017
87611,65.37577
11868,25.542137
27411,35.679466
100809,38.723003
1068,48.426846
86021,53.913643
97705,79.22004
84822,74.37503
102058,39.78268
32295,28.16815
19214,62.28073
8822,32.680603
68006,28.611649
45670,41.753437
41815,31.965096
27702,71.03859
48091,74.06027
68025,63.842793
98685,46.45997
26867,26.51327
33130,35.122288
93033,32.18701
28409,35.182552
97750,52.142986
32716,18.129496
88377,48.3918
87899,32.031116
45390,67.27307
55993,59.009502
81905,27.993078
48403,67.79635
39541,58.163086
3997,33.076794
50599,66.02439
48078,68.49088
100602,77.778206
79666,34.848347
37611,21.770056
15231,66.90203
51276,64.657265
12973,38.063095
23188,65.85087
88061,51.271828
55130,77.049835
55029,34.85987
23885,66.10299
68066,39.023033
75352,29.332232
48058,36.45364
50288,57.993683
50879,57.300747
15714,58.017925
18869,63.76094
98165,79.7372
58070,41.99014
93199,42.68909
37434,63.89871
83089,27.257792
98898,53.892685
45632,59.09982
8348,65.7457
21419,59.96385
26342,51.885517
101405,47.80333
91794,52.972206
18112,62.66147
86497,59.02361
64676,63.08671
49766,36.766827
73683,31.629835
101532,56.62791
90631,51.37786
78107,71.7492
71710,45.2798
97293,49.968136
17230,42.455013
50706,57.168537
89841,68.53285
95973,36.170914
70727,40.5407
17213,65.2618
10103,68.29784
87160,79.53679
101950,32.989136
28995,67.092606
23888,29.893465
71797,56.729893
82355,50.886593
60656,50.88452
32581,64.38187
37879,63.456047
69658,59.07438
8183,73.72567
11976,48.12503
7559,37.546463
53556,61.93662
81860,42.264824
27939,22.237436
59102,76.52768
85000,63.467937
80083,79.32814
48713,54.84933
1547,44.436405
90629,74.66369
65375,35.33837
98539,62.716278
26284,50.135376
42153,72.43957
5816,61.790813
38103,77.34264
84028,38.785892
95015,73.455025
39210,23.634062
63007,73.13792
13942,53.226303
36862,52.847195
52995,11.390473
40798,51.659184
6557,41.72652
74693,50.490593
24647,18.821703
86333,65.025604
55501,58.649418
84789,43.070007
795,20.974905
41802,41.59588
30922,54.018974
51199,50.74039
58981,68.05109
73301,15.022815
28843,68.7507
12708,58.90824
45805,56.92444
25363,59.092144
86391,30.845972
94675,43.710606
59424,34.765743
4272,65.36176
50931,21.387993
112,61.514942
49678,62.96852
31857,73.677155
20110,23.268135
33573,27.751701
90863,50.86099
56502,72.25748
36055,44.839725
71546,78.35669
6076,51.407692
7025,29.615156
90432,32.66547
13864,51.4639
64556,45.77555
90548,37.758747
350,21.03204
12738,62.23392
88832,61.07916
31146,61.14
47481,62.522324
5810,77.08435
21177,71.88455
87966,72.98839
59742,52.323326
74272,46.195072
7429,22.67868
20284,68.78369
15211,37.84016
98473,62.23043
77394,9.373827
49257,45.02681
36212,53.92617
78848,34.25658
7287,61.606117
32807,60.75022
87508,62.145817
93358,68.62936
10259,42.187656
40129,36.461098
99653,68.07754
65796,55.486397
72210,19.647116
27423,57.750156
32256,37.077816
25098,71.83518
42753,57.391254
26749,73.540276
64771,71.12081
21054,77.63685
100294,75.322014
14504,44.199654
41110,30.61979
58154,64.074066
33915,66.16075
61256,61.25414
75526,59.120213
34557,64.484436
14041,18.861624
65754,62.21663
43381,22.563246
20025,32.91061
99300,74.539986
56990,16.833397
61610,65.94701
74812,24.919544
27894,39.682613
19843,37.505413
49214,56.386234
51076,45.425945
93758,57.42567
11739,28.341343
32357,53.258404
40542,26.05624
45456,63.607197
89393,68.27979
96386,51.82687
20885,35.37236
58132,57.836918
43025,62.519447
40583,39.383553
22612,37.4008
56118,77.28958
66700,56.70926
60847,70.54541
71114,62.868656
52246,57.41824
82508,51.90195
1944,40.944637
11299,7.835699
29702,42.330544
44885,59.756462
51459,73.51308
3081,23.694353
80360,14.443246
27098,78.73612
15138,58.15341
38764,26.095816
86150,57.95609
53619,49.239517
71007,73.00648
56318,56.045593
93542,39.22097
43805,35.682423
53500,62.25833
62161,10.900577
6476,50.9514
16436,32.527874
83074,55.225258
45273,60.464676
13030,41.88741
6424,62.324566
9835,79.34839
64742,56.161556
57834,84.13002
18374,40.923874
49744,76.089424
7880,43.936966
20287,11.505801
33189,54.69473
81040,41.745224
4600,51.273796
66962,73.65033
102490,45.8417
89086,3.0750406
35081,29.597553
70566,60.919815
38097,1.0634189
52678,67.64281
95998,100.0
97399,20.676474
90125,61.505173
54621,30.743273
83182,46.79068
29035,54.927383
82925,65.56901
17166,67.85095
13923,76.63249
85807,68.567345
67031,68.212395
43924,58.15769
89822,56.045666
79903,67.809654
75083,26.774414
64937,68.86675
89511,66.880714
23245,59.715797
56915,64.80047
59812,35.357616
78379,50.84372
43976,60.21467
39140,34.309917
59937,75.02426
4011,57.94826
7180,42.7595
26102,50.24129
27281,16.405046
93691,58.813343
63708,29.246971
53119,49.786938
50698,66.75233
95227,34.87608
7239,40.481464
21872,62.903294
58763,72.18012
16361,19.895805
9680,53.64644
79303,71.503784
57177,39.428776
88698,72.307594
99620,56.806705
65455,51.907703
96140,68.86365
84501,52.88319
33045,47.531128
63478,66.61231
4963,49.17466
39167,78.33953
73963,50.257492
83257,69.263756
80655,60.33103
23992,64.905716
95885,62.38515
24064,42.38625
73743,41.679367
62418,55.924385
10372,57.243294
175,33.833794
66357,30.432775
38358,67.02758
7120,43.294666
64796,50.013706
77289,49.793415
78638,39.985554
60182,57.345963
38123,81.96873
100475,48.906986
23693,65.91899
72921,52.761772
540,62.483658
5319,58.93661
50138,22.730917
77582,34.667053
85342,30.788298
99850,28.238602
25962,33.442924
5581,64.16526
70864,54.160843
68164,32.83788
15720,61.759197
54671,41.241528
72754,36.27633
12117,21.92827
32163,53.04272
6936,32.02214
101567,62.09769
45748,44.14717
42240,50.664192
44668,53.996536
76828,50.456367
98763,77.927635
52010,6.185709
83884,50.363106
61552,68.287796
28081,46.825115
83332,36.32408
80854,53.607025
89906,71.15378
10148,60.296577
33118,74.42407
18591,65.728485
13697,61.159924
84761,60.07602
35159,36.437805
12154,51.037872
86295,73.124405
8244,55.196827
65417,62.567215
95869,59.681793
51226,44.637043
69584,63.940315
59680,29.000418
76799,84.5105
12286,47.144634
27767,39.366055
55090,57.19086
10187,53.76255
88521,63.329998
38725,63.1567
102484,39.14652
15854,44.189957
7922,53.21844
51723,65.68062
23298,61.751205
52187,48.649666
43237,80.895676
82809,29.084797
37014,28.634829
7188,43.925343
101525,73.51172
7717,65.79667
46357,55.189552
45164,73.10416
86695,53.452667
52496,9.553551
67887,37.631084
70215,9.323933
85837,35.657143
80003,42.30404
84894,28.783203
1728,61.239494
81257,57.90505
75997,37.55529
22183,59.239803
72287,13.124936
3392,35.205112
46054,21.100945
79063,59.57809
45291,29.794643
93343,62.45316
54509,77.2995
42060,64.24344
61413,61.186188
64682,53.08696
86580,52.432724
32798,57.797867
21536,49.293827
47912,66.05759
18592,64.7123
69095,62.85391
16648,41.30622
12735,53.42402
30886,74.854095
21260,72.61864
50059,57.427788
75890,59.08661
2581,59.342144
7131,36.38069
60943,37.363094
43687,68.07546
79545,38.31613
102156,67.12375
2546,71.080414
1797,31.043499
52765,47.151413
99897,53.3965
46475,37.4871
50518,60.89816
26467,69.46567
24504,42.542114
13399,67.50244
14490,43.83201
55185,76.6082
64628,60.254753
55848,45.782288
70500,37.0894
89259,30.100468
9199,45.445282
86958,49.822678
101593,47.561108
53366,63.73284
74140,31.542381
40154,53.033474
86402,39.818916
79569,51.60526
98314,59.673023
101813,27.546556
69843,61.273216
22226,37.898594
92710,46.767036
90588,72.57148
14329,51.93382
91408,43.393612
22111,77.70746
29669,44.199223
20235,48.67826
35108,71.57047
4815,49.935135
41630,34.72555
9212,63.604736
11535,43.942924
41205,54.95316
22680,39.89853
58710,47.123894
94436,34.855007
9062,81.92836
12230,78.98746
34374,51.371155
96845,31.750753
88075,20.095678
71981,60.542652
34936,41.05042
53611,70.03623
26275,62.721336
102027,44.09854
78121,37.009853
3673,57.57632
16803,37.21323
43081,37.2652
93755,59.847363
56480,64.14113
19547,57.34412
15930,46.650455
54896,41.060486
75710,71.55611
29811,42.199127
21291,31.988522
19493,47.230522
45311,30.78143
82812,23.120409
75672,65.68793
35216,47.178066
72172,28.55577
97993,73.10704
96460,72.2178
89863,35.726105
65264,63.947704
75977,19.153435
30354,72.76298
39796,63.656628
55366,18.83008
6992,73.77419
82777,28.18479
22303,58.051044
44489,57.68098
65027,51.554615
48926,45.925987
18403,29.309523
99011,78.18745
59819,43.218025
4831,63.51324
2954,54.207058
21393,55.525707
60000,63.65337
13290,38.193687
64435,39.3317
14304,71.27722
79006,49.588108
7580,48.06196
22524,43.99953
41451,37.451492
34007,76.70787
29285,65.48828
29622,76.16559
55036,61.814777
60309,49.57749
92488,75.44093
72031,45.52014
76647,57.337822
86645,22.835426
4337,49.24681
35400,50.14512
99727,26.923664
90277,61.502064
83153,40.799034
56764,32.298256
59823,51.253006
6552,65.590256
56288,39.793476
39578,35.005024
86717,60.67364
78904,40.40891
70067,56.021008
99486,63.3372
99112,44.043858
48409,10.832761
35038,40.099144
13323,66.8119
27808,27.680662
76138,65.33419
55429,38.973625
80835,46.242363
93892,43.105915
7724,16.742931
96090,67.18026
52554,69.12952
71243,18.115864
23040,42.018658
23941,68.05696
58327,25.595234
88047,26.633259
6975,62.62895
15074,37.679882
17277,37.337696
91602,64.40137
68055,56.446777
78970,29.978617
29204,25.237503
83497,44.198204
6920,66.44893
83823,43.540257
12967,26.96949
102214,44.41084
77752,70.19665
58444,55.048496
72401,64.190735
24964,73.57368
8834,50.04598
16476,39.901012
31251,46.869873
48943,61.13762
8287,60.80413
44510,50.16286
101112,48.427383
13912,38.660847
84457,62.68712
100562,27.742434
54185,58.88613
51016,59.352448
41442,50.889038
71538,37.393147
49057,62.619614
29616,66.75579
51736,63.528484
89423,34.94189
67104,44.44012
64762,69.2674
62091,62.99428
67569,64.31523
69773,2.031042
59779,30.134832
100527,19.073868
11109,66.66135
4731,58.22309
78822,73.67446
66056,67.992874
90131,34.44879
69917,29.201738
85979,49.353752
93401,30.930489
94920,80.69256
83761,18.308674
7911,26.856098
80689,57.117424
56422,72.031334
1979,31.230469
82229,39.979034
100801,33.24699
98068,32.578373
99646,66.864456
3685,32.337654
1323,51.936745
73977,59.452995
85071,42.905075
55425,15.920435
30418,40.73922
94049,73.38449
55055,63.573895
1551,35.280758
82845,64.56145
31697,45.16133
49939,70.30504
65089,57.54047
74325,56.243305
41244,57.14693
35683,63.94269
8957,63.00974
54272,24.481653
70557,15.181078
80833,64.87663
54653,28.748768
102347,25.158157
43947,70.70975
32625,32.620415
3857,63.259277
6035,35.958717
27496,46.571274
49065,55.187996
70234,45.7111
34748,60.516956
36498,62.71134
81292,48.10115
39295,38.06608
70787,29.46914
74686,38.357403
68044,65.80113
40918,68.831474
85018,33.540264
29138,58.920902
37553,66.814224
40148,44.083393
67256,40.46066
84048,49.46567
23682,56.786148
88019,68.426285
88886,50.883213
2744,73.19998
93205,65.79199
40958,61.584793
74703,57.905663
11159,40.830677
64475,43.02734
2558,54.171223
60040,81.0163
82674,53.155315
3339,64.40445
84292,72.126045
36488,41.80339
88954,29.931232
101131,14.371409
26006,60.020763
28469,74.632484
10237,40.965454
82266,62.9048
21610,63.004032
31320,70.35552
89339,37.46646
4075,79.31909
97525,41.900555
47953,64.949745
83850,50.28177
87465,67.516884
6357,84.67851
81555,31.042
15436,49.91021
53507,46.51103
3891,0.0
8692,75.794716
22009,72.060295
11777,59.54377
39014,66.701515
64522,44.191425
49153,67.91275
84819,56.26844
59948,14.637284
54901,76.948746
54051,61.412636
29464,62.45907
95883,33.762424
82891,42.939255
42864,52.576294
55742,54.416176
10803,52.714108
62398,38.90337
38080,61.75981
89954,41.205227
70993,61.04408
71391,34.6898
6837,52.478436
93246,57.62628
45083,58.572174
14220,73.73341
98326,68.5151
7056,82.88906
16186,52.18869
21318,22.568459
52454,83.58908
94729,41.20038
69269,43.905273
52729,44.360813
15677,77.78155
42272,68.39449
48389,40.544285
74285,38.889496
82323,20.499056
40338,59.60501
7742,42.80855
16914,39.709846
77910,57.567497
6042,44.456875
36323,51.67351
96323,44.203808
60904,37.608475
86135,45.25187
42141,68.476295
49123,51.863926
64049,57.030025
90755,32.842964
27002,77.07428
71145,45.051273
39946,60.01871
40817,71.28962
586,34.193356
59547,47.405285
61935,36.12865
18195,52.10957
79546,48.973785
75302,57.868595
37938,41.05603
37336,67.06209
62951,24.556704
75643,67.7794
53006,63.3985
40939,39.037167
32488,49.267944
8071,68.35274
62718,46.083424
9631,34.887886
10333,21.348057
33388,11.953339
72788,50.167088
98609,44.005737
33870,67.047386
89199,34.362755
8829,45.049103
81471,46.335205
51006,70.79454
5851,61.667694
88835,31.352615
57802,32.242744
15870,30.737125
64086,44.8657
64770,55.295696
25469,29.427946
2473,50.66888
101293,66.74465
11779,50.24899
90194,66.45346
91972,24.558468
53327,69.143906
41363,28.501709
58524,31.808573
7345,56.236065
57828,59.59145
58613,67.73057
53381,16.25718
88183,68.16929
15916,70.85631
92259,43.688126
76222,60.32823
85620,21.396307
33890,22.107784
55041,45.244373
92227,66.855125
41583,50.703503
89269,67.01787
13103,74.36287
7349,61.678265
90934,57.55153
54658,49.41689
73153,46.540478
74948,37.11117
93871,63.51738
1369,73.20493
16902,54.101227
35658,58.89552
50521,34.101936
48154,51.305492
61,8.567409
46759,63.280666
50732,71.31992
69928,77.09371
17480,63.82985
73754,59.84302
97228,56.45323
21268,70.16605
20371,62.90946
90145,44.366764
63792,73.13009
76114,26.552086
70899,13.914833
46122,47.880753
101357,65.079506
102447,22.092434
58566,48.842754
25022,62.738888
23581,71.08653
60329,66.20915
74867,61.827347
88612,76.066315
78620,60.173275
80128,37.497967
73218,33.0973
14102,55.689816
6551,23.85048
21272,25.651825
102589,43.25018
51658,61.092575
23025,23.229477
19607,38.104023
37004,28.357649
3098,41.62255
29382,65.02917
24348,72.87257
20895,45.81409
50336,56.226063
79657,43.35463
11326,52.622387
76758,41.10707
50340,46.55304
41069,69.559456
12557,70.53782
24105,45.197887
36927,44.257805
66436,29.048698
50053,69.48404
58618,68.34398
49299,50.40683
80121,54.259987
34851,58.88656
76112,56.253983
17181,61.842777
24122,60.217625
58503,26.219833
3313,40.61557
99557,51.316216
57176,41.656025
65223,60.803726
30448,40.271023
57878,21.55061
57543,77.18611
8142,47.648182
60034,77.98602
94547,57.004387
12662,53.605434
4110,72.6023
85201,35.712097
41533,16.877699
83141,31.867764
47189,32.796104
1626,23.806479
16163,46.239464
98529,32.128613
78898,56.694004
64960,62.47597
22929,59.789284
43267,56.15783
16767,51.9111
74645,41.4434
26802,75.094154
1448,35.514824
71962,68.89603
1429,46.96133
5651,69.2365
39574,47.801464
94981,29.942156
77448,31.593012
2159,47.51369
57617,29.232712
1553,68.690384
93685,52.65372
53806,58.377804
51660,61.8688
36520,43.47719
21405,16.430496
50634,25.004114
87031,69.25566
72462,47.781757
81226,48.281208
51021,37.39314
24477,43.35447
38296,66.52391
31554,78.822296
101928,21.684761
76417,26.272657
97972,31.522184
56081,50.269238
45157,47.157238
41918,14.83306
23892,43.186966
64686,36.406876
57986,54.575108
44241,49.431442
30924,59.739838
100994,69.69755
58036,76.81329
82451,55.80524
1029,12.177161
60481,25.850502
57144,49.281227
44198,70.937325
69361,48.310955
74754,75.207
55601,36.68299
94186,56.82068
60130,0.0
21023,47.036922
79293,53.668133
90756,18.351648
64277,53.10996
71774,54.345978
99846,71.458916
84840,48.368282
10829,45.61657
70041,71.67285
36915,30.693272
68035,50.34735
45714,75.63459
73503,58.635113
21899,43.81483
54162,37.981064
24715,47.161297
6974,24.313839
78544,64.36482
60580,29.015764
46421,36.702904
64741,72.74515
20949,30.27748
87351,39.666622
14543,59.79894
78884,61.11402
86479,52.80479
62317,60.86049
14698,68.40291
72062,72.91911
67435,68.65762
32590,63.090145
11262,26.71797
58328,70.75092
60119,28.05673
15030,39.33102
64383,56.17989
2456,81.33698
8121,54.345005
75186,34.150505
5477,3.0108833
61362,57.586727
35816,48.41083
20433,35.652412
68940,45.690823
24143,33.672306
62574,76.065544
12046,55.293583
37130,71.42825
88869,69.00055
46252,64.98233
27079,39.833664
55483,43.12798
57849,66.15234
74963,26.480923
100940,29.307425
12476,62.98734
36377,45.78759
77498,43.14058
101724,70.357414
14692,66.93801
54765,69.38562
62886,46.9112
341,39.76377
73086,32.285248
84484,66.85871
19013,47.164513
48819,41.213913
69048,26.662394
80806,71.75524
25606,54.23063
96378,62.069653
51679,40.90004
25827,34.53044
71735,43.08291
79804,32.695866
80820,37.35197
41283,50.763615
76673,31.726906
70005,64.70063
88269,73.848564
31370,58.26044
53045,53.016727
61204,62.064606
2814,39.49879
77871,50.277313
22756,38.179424
87049,56.946033
91657,35.04871
78723,27.780764
16222,64.39843
70702,71.528
50129,55.843388
47313,35.472908
51948,30.98354
42568,49.39676
60554,57.508163
45213,66.717476
63759,68.7574
6568,54.518127
48793,50.579357
184,49.101433
16562,23.175747
92895,34.878292
81007,62.50379
85267,34.47275
3740,36.73477
71918,31.132164
60970,61.57308
62623,40.166687
61779,49.29906
23755,61.396442
64116,61.024292
48593,55.35827
48745,54.723717
7100,63.82358
40954,68.79567
97644,53.59841
44771,74.49889
15722,42.43842
84114,46.997192
67007,45.085842
88527,41.419395
1918,20.95021
70109,35.50288
75268,38.50545
43602,0.0
9187,63.386925
41878,32.388313
16475,53.00768
88031,52.01699
47568,69.57236
13088,24.266605
47445,36.095474
101383,47.056877
61197,42.665806
100451,31.164907
30315,69.529816
22905,66.56197
7007,24.659197
3294,72.299446
61344,47.918617
25354,69.430275
92410,66.1471
97443,44.833744
27185,81.48694
39446,68.92199
82198,63.92425
84301,68.279594
59718,71.77412
66718,45.04315
48052,70.11014
54337,45.06315
40304,16.529867
33562,52.96641
51786,56.164986
97370,45.27857
38261,35.172295
37371,60.997093
29325,63.833282
20363,57.281273
81910,57.25707
55401,28.834944
47118,48.879745
23697,30.086018
52448,25.925848
3552,71.71541
10226,52.440258
61327,55.29224
45112,61.06909
74006,65.74916
12682,33.53244
57941,47.34823
81152,50.01736
5798,47.46739
95276,75.20622
42304,28.211143
80755,52.468437
50483,52.319065
92864,42.182632
1145,47.514854
85416,71.55649
87870,53.756695
62856,47.44753
72589,74.80548
68944,27.082687
47001,25.904516
80632,55.943798
46842,48.453236
62097,41.760597
0,51.21093
68322,30.847404
23701,22.207413
67188,24.448069
251,31.778793
66464,58.34767
30142,35.193428
64784,63.881237
95389,59.984043
78455,64.02501
8526,41.673416
9377,76.85505
73937,47.482838
23371,35.47164
86959,46.708008
99599,70.67965
7450,57.99409
85042,54.280964
98237,64.66676
81595,9.582504
51222,53.79401
79025,76.34772
73125,76.827614
33675,35.32638
93227,63.857914
30776,62.401768
11137,48.028786
34101,35.94656
13982,70.10818
1185,67.46024
78194,63.899826
16686,26.476904
34305,51.04897
63753,75.454605
48690,21.78104
22407,30.804445
33258,54.09843
30490,75.30938
46185,49.688335
92960,39.341114
83527,68.35555
75194,62.26419
79217,28.495022
80787,29.864408
87412,39.30823
46598,51.452995
31864,66.84917
78033,35.27356
5402,46.209778
72476,32.284523
71778,43.21712
54567,20.428411
7244,76.72949
95714,51.57639
96741,43.293674
20954,44.939934
54963,33.551224
20903,27.272795
55302,67.21975
61139,84.51185
101930,76.622765
87341,55.6012
74751,48.385174
88321,68.60721
81914,65.18811
59929,40.874096
36180,19.669413
12924,35.43496
26289,46.248123
60161,26.907478
68633,51.60772
94126,77.62032
64033,35.90219
59461,24.771175
23624,65.19754
4670,75.080666
92392,27.984116
56655,43.98536
48612,30.930296
72391,36.270123
80053,31.073616
44260,39.477966
78243,67.27997
49368,73.8368
36642,53.540043
54147,43.446114
16479,64.84232
74604,54.867367
52524,65.65087
16546,39.99598
97487,27.540926
77368,53.437996
7062,52.174553
57574,68.24048
65101,49.83663
15220,74.27469
47596,46.133778
7157,49.690212
81489,40.592632
64315,47.02863
37268,72.24176
5781,59.48064
24654,63.150936
55616,48.34321
59333,48.795048
64173,75.33943
82715,31.26567
22372,71.29452
22597,28.914173
7808,80.79838
33698,71.66645
41488,40.16368
6693,68.60145
98410,65.69214
17316,65.439125
22573,66.13284
100953,49.97056
8881,39.747837
28924,28.943096
852,32.090332
49922,35.8297
24889,46.128807
42998,72.43192
63774,67.55586
29169,70.14577
22715,16.603277
22129,46.152824
69396,29.001245
64058,17.482828
69082,71.09059
26763,51.9988
78603,66.12546
82768,74.126495
70046,55.284767
3054,32.042652
45812,29.956646
58319,34.264854
88845,56.151226
37825,68.52687
26995,34.719067
34179,34.170498
40684,38.3273
66401,27.781649
81048,55.34917
23561,53.96598
59100,56.968243
62557,36.25312
19583,71.149155
10601,69.589966
84265,44.598976
43576,59.77111
16422,25.902847
7931,29.257847
14125,76.42902
74366,72.07643
92388,59.671574
21065,69.663826
13527,58.116447
75563,39.328957
69130,48.334656
20050,63.455334
14195,89.62129
41190,52.63916
71256,60.227566
68270,46.06994
70387,70.824745
61165,61.68268
53368,66.71576
50561,57.95418
34560,48.375404
21304,35.492958
67243,69.84509
49014,43.11696
51163,61.472378
19716,73.53068
2056,31.670622
102404,67.88743
86596,9.405793
19108,30.090492
19106,39.700512
96775,19.841093
20933,67.841545
56448,72.64214
84408,66.071884
95774,36.057587
6478,23.88842
75128,69.44235
15935,37.45983
43649,54.932636
7112,42.26934
46785,61.91832
91057,63.5645
34663,65.79188
50136,46.97711
44755,43.940968
89101,20.987955
35925,32.89956
101012,46.034916
7478,47.89937
21788,66.85203
22381,45.154747
59052,37.67014
35461,21.98293
96449,36.352608
9390,46.18783
2782,74.40689
96830,41.80857
1637,55.616528
52802,47.861908
77460,67.72509
50029,44.89617
75601,74.37771
100754,27.422224
10405,57.72933
9294,38.270096
35133,64.60492
72306,63.088383
87756,24.696182
47182,55.628887
34916,41.23854
18016,57.171238
62366,38.079613
547,75.98622
79730,58.703037
98339,34.138763
4501,60.60658
17951,41.563984
18720,56.872738
83710,55.881054
93873,48.218025
98037,46.13522
66517,45.10829
2828,37.04399
65811,28.29267
42309,70.14936
29891,38.328682
29255,18.088022
22841,63.817474
47061,58.443844
92290,55.51184
27479,36.576294
19977,27.604305
44747,58.53797
46236,62.815434
53561,38.417377
56548,59.590588
100008,41.682903
39439,11.148892
54691,43.94078
36622,47.877815
52700,60.283916
85323,63.666206
1964,50.66495
77040,46.848095
23223,63.59818
14573,17.672907
54524,29.093237
82712,52.89394
58952,22.853428
53059,54.27059
7127,62.557583
20097,73.60483
40999,57.422226
84076,61.82373
63988,41.041397
16859,40.80793
9948,27.040297
88340,41.128464
30415,69.0201
71893,53.93232
50492,54.45105
98381,46.082535
47520,40.5526
71278,54.51378
81630,36.621162
48129,36.029305
90651,56.244255
8861,21.92565
87232,51.02985
57787,42.191578
54207,52.77095
12143,81.816536
18183,45.63148
97337,40.831264
82232,51.185017
70017,42.808273
63277,47.061863
60170,13.89057
86166,40.386127
14946,56.889492
7740,71.162575
91942,68.71205
7873,72.842125
57277,40.756393
68354,59.3036
32264,63.440895
29178,72.88238
40730,46.3457
77797,54.869656
73780,54.866383
61396,8.865496
17054,58.733124
23816,35.766277
72175,47.852222
4535,47.602978
92365,51.79519
22473,72.03672
9026,68.62198
42264,27.207184
56963,53.458443
31529,49.186302
40741,57.905247
37361,62.46783
5749,61.74176
44735,67.501076
30228,54.63263
85858,51.17225
27187,59.49164
5271,60.345757
46531,55.40092
79334,26.131687
25245,57.845234
19039,43.288303
28991,32.513447
22927,40.774525
35933,34.560123
27128,64.76564
29883,81.297
77070,37.37785
38798,72.63728
81771,73.27741
8654,30.84468
100095,63.9133
13483,70.06761
21746,45.33339
92166,11.418394
27829,55.458523
85413,71.36352
45716,65.36526
31722,20.96789
89528,36.811142
59442,58.594322
97069,57.869022
90356,64.19154
73696,59.4376
15412,34.561924
85973,26.47804
25029,74.54203
6461,48.47456
67665,71.59936
46884,24.793295
1917,42.1924
53541,34.50097
84671,55.3383
4886,61.83097
49831,51.449986
50660,60.15109
39170,45.140633
73852,64.16164
39203,51.848404
3560,50.716885
904,51.239876
30022,33.295498
67239,62.46197
48076,39.901646
42626,45.696808
81117,5.0070243
67039,70.883385
60230,36.818665
100546,30.893396
57064,58.05578
32062,46.38415
4516,27.644356
36924,39.736538
2206,20.910038
36398,63.07805
8391,32.971077
77658,57.176487
84834,41.110374
30449,35.363895
74214,66.47385
24553,53.327774
17440,89.718666
99357,73.57094
29327,61.068382
16592,43.176434
40560,36.95433
2179,24.4022
37651,42.984665
49802,66.033226
70612,36.00438
55690,7.5440454
66442,61.515873
101852,53.249157
55332,30.388716
30194,52.860744
47687,46.592903
71034,59.79664
6052,50.622437
36291,59.43123
78431,53.322456
77785,60.449024
48332,45.11554
38452,28.305756
99849,55.39769
20827,67.34011
85026,58.93087
25419,56.93227
87807,38.843292
52161,69.203186
31182,67.74632
86377,79.65995
18953,66.88207
28795,48.80832
89664,61.58836
52580,76.1924
65286,24.608583
27955,67.4235
18424,48.565006
32335,13.557745
70632,38.84282
100679,54.872417
26384,42.749393
53982,34.7349
80355,43.466618
77089,60.05056
22236,32.94336
10341,57.485516
5242,57.53159
33598,22.180681
35109,68.52972
11622,5.5117908
14185,40.50274
81405,68.56075
22555,39.666553
32162,40.787746
39906,37.251373
78146,63.331627
72583,38.93613
94033,34.78284
45594,39.159027
4499,68.2983
47226,84.85602
61918,22.468452
32368,70.07502
46731,40.047466
66458,56.299324
53206,46.74787
16413,41.818035
5922,49.348747
100362,69.26305
22199,54.415276
77944,58.87967
37210,67.93671
46617,35.90091
82351,65.01725
15570,70.65386
98376,70.210594
93001,38.431393
88921,23.981508
14340,44.221817
82964,62.54071
42337,70.22798
85972,41.082134
33411,62.525623
41808,65.05154
19377,70.80245
40167,54.52954
33540,29.695011
48732,57.353348
56374,73.09051
17074,67.821045
6690,55.819736
8651,39.692112
52972,35.942467
47929,71.39049
40026,75.99638
63689,76.83425
43388,71.3895
44404,66.841255
83735,70.71652
33508,66.99411
6290,55.334396
20720,42.028347
92291,15.632191
25926,31.60209
60231,73.680016
60434,61.190037
18258,26.83683
31713,47.95107
59234,65.357216
25904,57.2038
31661,50.107418
63347,61.90274
15523,29.935816
95825,41.752518
46535,61.86641
102396,55.17242
51972,25.736137
1011,31.322945
53748,59.36487
16951,51.336464
23157,63.965324
31880,36.45652
76374,53.61819
49830,37.15443
14570,69.04917
1322,70.48586
39248,66.76796
97403,28.76422
40956,37.3284
78976,68.519005
22688,37.137787
56411,68.10167
13800,43.737698
23482,38.693203
53990,65.30355
64366,53.86815
64199,58.871105
91937,58.188393
9900,30.27994
7507,23.218689
84065,43.034573
14030,57.420284
82670,49.336792
33723,31.269785
58913,42.503983
43962,50.693485
98689,34.83308
58719,33.108845
46841,56.299248
56293,74.57974
39895,43.386135
48999,69.89416
93487,64.206825
88728,65.788536
29769,36.7704
62528,59.000698
2163,44.361843
75815,76.45583
33234,54.92921
62106,15.731191
15486,39.97213
65134,59.463463
86225,44.382427
16305,51.22148
85133,67.0059
94354,66.89911
76298,50.131077
102320,78.04876
27361,32.72532
17940,64.09456
10510,52.195873
77133,37.39431
60178,54.138176
18303,67.36896
72116,47.002247
68600,34.62286
67271,55.629456
14095,61.346657
90910,59.446438
84569,47.62256
82289,72.97658
47082,70.44656
62734,50.572937
61121,65.83283
32731,57.902973
67787,29.423399
53944,62.375454
24592,59.2049
88423,25.188698
10888,69.30681
39408,37.895493
1161,68.242546
13352,43.544735
50600,61.37978
8063,41.45197
71466,52.97863
84676,32.541656
98177,74.65776
20601,74.1893
22065,55.395798
24639,24.541569
37197,56.541107
37457,24.825418
41433,54.053
35481,78.13943
74941,49.886665
70001,38.75185
95919,51.18881
40143,41.108326
96389,59.658394
49511,55.731995
9263,33.84158
76806,72.12961
51797,18.517973
94541,52.56435
29850,60.475334
26912,50.361458
650,59.6729
5743,55.735477
92202,36.31146
52961,59.772316
60934,89.17526
71351,28.194174
41788,41.54255
26906,52.37566
24092,16.265501
75267,21.627798
59970,46.226246
40471,55.98179
31903,70.21281
59824,34.894157
75076,48.88708
56412,73.80213
84882,61.57138
18067,63.321476
83383,58.30158
24067,39.2728
55440,47.71077
53647,23.27284
82250,69.30359
90816,16.290379
85156,49.647396
75702,6.873504
30980,51.282837
8352,48.65924
39103,74.80035
53618,59.971798
52379,60.588436
80346,50.440247
42499,36.45187
80977,51.9492
56208,42.465538
88249,55.628933
39372,49.93117
48278,6.9834356
1778,27.569324
99817,34.585846
39780,30.385925
30391,39.260353
23233,61.23023
100246,51.191067
64838,50.44406
68548,35.14358
86172,48.752472
28139,43.331203
67199,47.690006
59994,29.361242
15915,44.458904
81311,35.22698
69833,27.301188
48622,59.794624
28385,59.47035
61796,28.99267
24487,23.087868
84504,42.19058
31265,56.934715
58451,47.807476
83946,55.248283
35510,62.081863
12352,31.554918
58835,16.325289
16439,37.531635
88870,31.509024
58562,35.338688
70758,56.986782
81725,50.206318
81216,59.634956
63189,31.887285
40205,57.02496
3133,33.15954
86063,54.4988
47188,49.478207
51184,69.44536
29042,60.765915
73520,41.48751
72343,50.143604
10031,70.10615
27627,59.327972
5323,42.94119
64348,44.45437
101587,53.376076
42379,72.68965
66324,51.191643
22045,65.39407
14521,65.99584
70482,77.589966
49804,28.90842
69519,66.77902
101116,65.56173
25968,56.1579
55862,55.03476
25308,57.102318
63836,50.466125
56414,40.816505
48877,41.305782
75743,35.489582
102590,37.974686
53231,80.61582
80996,72.56361
99332,65.19378
97610,36.94674
27015,65.67281
12102,65.0604
52870,41.659286
63932,65.450905
59759,54.62332
241,56.111908
39886,43.749435
39365,13.586538
59932,46.669777
61478,58.12513
13907,15.605492
15970,34.028744
35781,59.223534
84152,45.63226
62025,73.68694
80730,56.736546
57167,49.87327
86251,57.02702
12193,37.907337
89805,23.714388
18353,67.82113
79973,50.49054
16115,16.052717
11045,30.632053
57889,42.54356
95,30.232523
93195,59.898636
56870,80.88994
82310,64.22865
33599,82.05317
86420,40.05228
64495,40.32509
17075,42.53796
9908,74.68533
2005,44.926785
24141,79.17696
11740,8.7743845
46756,48.93924
95657,37.35425
36492,56.239456
15762,41.81239
85701,40.56394
63880,65.96544
22695,78.4073
76098,75.39695
45746,76.68441
72766,66.94439
9178,70.56789
95704,99.312744
81374,17.503128
6831,62.263428
85252,19.194368
35475,50.97831
33243,29.52938
35070,60.647522
32739,31.280167
17109,59.953163
67832,43.5159
72675,45.811344
34471,49.503086
90857,64.92269
87420,28.568764
7490,57.254295
19029,52.842274
18896,44.92606
32476,27.048395
59801,25.805079
54000,35.00333
15071,66.50078
30956,54.510548
18787,29.255001
68369,57.96476
12373,54.393787
62125,41.53554
59874,58.98169
77694,27.710743
10568,85.28779
72075,28.571386
29387,64.49731
80990,71.797775
64543,63.643986
22457,73.9244
55022,45.78372
40750,38.90326
38627,58.093853
23607,46.463734
53657,12.387063
85058,70.374565
7510,39.249886
28870,49.770416
85375,56.057312
101033,63.065758
97175,61.04961
58559,64.834145
102102,61.61777
28715,39.28963
90338,35.947716
23136,22.47598
12848,55.2721
34844,14.389619
88398,29.109016
17384,67.68551
72229,42.626373
17906,52.70444
16959,57.601875
19669,83.16019
19495,45.455723
17530,57.913425
85692,54.553486
47937,19.891262
65870,54.455956
81519,44.362537
44375,69.18282
41189,72.407074
40854,82.47664
101120,61.249622
44350,31.49666
57435,75.95399
74185,49.69347
92665,62.074635
58925,61.626484
86260,30.623816
70197,69.64556
50967,52.121914
3395,54.201797
3763,61.17746
40017,45.484253
94452,71.17539
89180,49.5816
54931,42.96295
23265,70.44998
67731,46.36787
29125,37.784683
20045,63.356644
48127,31.02889
88167,69.0057
57434,37.5031
83700,28.802677
6182,60.28082
43968,69.05904
76359,56.666203
7,59.27402
46284,63.65183
31493,44.50221
64532,54.710247
95961,73.67861
66529,72.95337
63632,72.29404
67449,68.62354
97520,18.885826
13285,62.714264
69148,35.896877
66988,37.719635
89598,35.03439
50359,67.085625
65091,40.21177
30479,57.83414
91012,54.222256
8649,66.4946
43536,37.765274
29104,66.55924
95286,21.55307
90107,68.747185
22361,52.05298
100245,65.63262
40101,26.900867
47987,64.79049
26901,70.92717
75322,52.405136
10554,57.197083
66777,41.97912
59521,83.79463
6209,52.217896
55098,80.67926
98404,60.767082
50530,37.780743
68251,32.377506
62285,43.467926
39749,77.41767
60998,54.612038
87457,81.46577
93466,24.98362
75638,75.44173
677,51.53578
29339,63.44487
48291,55.175644
51529,15.371802
70094,36.2454
7981,49.76051
68803,70.846794
15393,53.52319
77481,22.28098
13276,29.920769
60275,54.67138
53138,74.42167
13522,34.885113
7458,27.748323
9860,59.848385
13275,26.708147
46605,67.52205
101878,70.2385
7599,27.149738
3545,62.287903
56007,29.091644
14552,57.068405
57619,63.270573
50391,33.694256
62425,56.733963
94434,61.69613
20940,68.83689
50771,50.920128
7085,22.52072
15479,23.887594
28495,64.8305
98813,43.332493
90218,20.772188
81310,46.52427
21429,76.22229
49288,33.736626
92749,66.922905
19778,62.339554
99744,32.846878
64609,67.923546
81952,53.74622
5672,29.311443
72350,34.296566
102015,45.611942
81753,40.196278
65165,44.796383
17509,39.783524
94113,60.79461
53151,25.491354
76749,37.004807
61682,52.911606
42680,69.45836
44127,59.188847
90724,61.56872
40690,79.82569
14089,65.38509
88447,73.916664
27996,42.43492
21228,31.803617
45110,55.165638
16239,21.502264
73531,60.472466
86159,56.128662
93751,64.24367
59372,55.372692
8214,69.45866
29142,72.608185
41415,70.912476
49327,55.33306
66300,69.02675
27152,66.67068
38536,73.921326
83594,35.787735
98345,77.234924
98666,50.510735
71523,65.72553
20701,72.468025
55020,64.43292
85009,59.83967
44973,60.237385
36015,73.95764
26000,71.2289
14496,58.90125
65457,61.977764
82490,63.243687
80850,27.108637
99824,51.265736
52032,70.22895
58941,59.76065
60976,77.58086
36471,51.55172
68001,62.696354
4614,55.73318
9724,72.27357
56899,69.23086
61758,53.357445
92002,71.967255
11160,56.97568
84359,52.56793
9261,14.761385
49498,63.53013
22078,43.84487
46942,67.525696
83381,43.954147
73589,40.425537
84304,64.19888
11655,54.3413
57638,62.3161
11514,75.42336
63262,59.187546
84623,65.28606
72678,31.847296
24871,68.4464
81733,29.95107
36122,46.555466
57141,40.96671
46069,45.11235
85667,41.494156
66905,57.2749
52992,36.793064
49552,48.686253
32263,56.6963
72902,19.345892
12284,39.542732
29832,57.614258
17908,41.382526
6708,53.957478
21729,21.337055
42602,63.339424
46793,51.688442
51409,66.85348
58570,51.917957
40666,51.27362
46716,57.36267
73231,73.65994
79269,64.00867
89313,27.626497
65174,64.87019
52532,54.168434
93411,43.85259
65221,33.018032
30294,7.7032
53642,77.96494
12723,67.09155
25055,43.75001
27192,71.984085
96084,40.014805
25198,58.74957
32735,65.91846
76286,57.798725
92776,44.239323
53116,52.358025
45111,10.20426
82085,68.59737
35562,52.328156
77028,45.717957
19604,51.934517
9329,45.39026
36922,31.58459
6942,67.48959
79154,23.994482
99643,24.241486
86686,37.110085
98027,46.711708
48212,45.601017
89225,29.175554
76366,61.021023
78940,73.37435
85037,70.992386
31183,55.706787
41166,64.59604
97107,40.601215
91840,59.11776
13839,58.612793
11962,73.39852
84699,65.43442
79799,68.19045
102029,64.38172
50650,73.57148
15037,35.435802
20469,37.941254
30896,58.888634
75217,30.160082
90840,53.365208
25192,55.08319
51712,67.68404
14546,21.696297
70322,40.618546
19408,70.02608
58699,47.219627
5896,66.02082
36389,73.87213
48071,73.860855
91004,30.758808
53734,50.08023
68664,68.86331
26204,50.06198
96013,28.410084
78273,43.04451
23488,22.893017
71167,48.398872
32459,49.929585
10014,36.728764
68385,65.73771
30424,70.59052
26518,27.37048
12959,47.74598
70139,15.608027
25131,66.195404
30973,30.426779
97262,53.509815
86335,42.18319
63772,46.41337
45071,66.94985
28323,51.554817
52938,54.722363
48917,30.246262
54699,67.036934
56834,53.255978
91441,72.466606
92065,45.486977
5769,65.94534
28480,74.134605
58455,54.86656
24042,47.133667
17797,41.653416
12022,22.61333
78090,65.52125
32061,31.122635
71877,75.20352
13774,72.41726
92669,39.924255
93249,56.754284
61895,47.627956
79051,20.436398
73703,19.280472
19817,30.388798
38230,73.136635
34180,63.653564
12340,42.558056
44079,19.24008
17060,34.98652
99382,48.04747
83917,64.17534
7516,65.91827
92187,58.820827
40244,47.49595
89768,42.53665
93042,32.919903
72673,57.366524
98961,73.17504
83516,26.742447
76906,31.442286
64963,31.974558
99949,41.690365
48363,59.37004
64868,73.124214
11136,47.927135
20887,35.788795
89326,70.23258
37558,60.308674
100243,66.96657
10910,61.41503
1746,56.810463
23496,59.64581
97002,76.76377
87192,61.714077
47961,63.22877
19338,53.083084
73163,59.43991
40905,8.8672
8001,44.841274
98360,61.510624
12390,38.924706
35556,29.83603
88319,59.186504
16331,52.11183
36256,54.666737
100086,25.227573
98852,46.604176
53107,53.874046
5564,58.42859
16825,83.56292
59687,76.06296
349,29.822054
40800,48.850887
72436,72.9668
32038,40.90133
93688,27.499779
93808,59.40468
79503,70.40766
13780,67.560074
87251,15.037611
77020,50.02841
26004,26.494823
67907,33.971733
101868,64.29347
10985,72.749565
74194,54.574604
67631,44.58373
15746,60.162815
19925,27.67014
32984,69.26677
5366,55.36322
50653,74.43115
20096,62.746986
3323,39.835827
79851,44.817425
28785,42.752907
7130,47.77757
84150,37.700153
36777,67.66229
35338,50.70166
3783,30.433107
94175,30.781387
87296,53.880325
77897,69.71479
69597,32.877163
56880,72.49254
22185,29.137257
65215,49.503357
1648,61.090965
12827,62.11459
98624,62.564034
72158,46.78717
48648,16.125868
80358,59.71634
3958,44.996838
43036,60.938004
94530,17.554134
48222,39.998207
25813,43.61963
62179,55.54264
6775,34.504436
25989,45.416615
45315,67.112625
82766,31.541166
61279,44.805016
68144,37.938065
62803,61.525784
21355,64.44945
29539,35.560562
82320,36.342186
76372,68.62369
101640,44.35522
86107,83.1774
21940,70.124214
56715,22.016094
44160,16.320948
67928,60.149796
101977,17.521254
28035,39.128304
60279,51.9019
50395,38.81323
93178,62.839764
31558,34.776028
14407,65.812675
16985,43.32807
101669,62.07848
49632,70.98755
20965,56.24829
55242,39.518394
6221,37.2767
95887,52.85126
29857,38.821354
13991,36.91885
52857,37.264164
52346,69.75004
53959,46.022457
37612,76.27201
69625,65.8596
9830,51.069157
79928,33.084854
37942,72.67589
59217,27.448618
20191,25.336008
37718,32.263416
43887,62.132885
42174,33.218193
14842,47.27287
96349,69.70397
65004,72.161354
47489,51.077393
62053,49.37238
73336,38.09636
3462,40.43493
17999,52.2226
43848,67.05352
82253,55.1963
75447,46.107388
2125,23.550188
54423,65.45284
34541,26.812828
33462,58.119045
94190,48.14022
100879,21.826435
100264,60.40667
1091,54.09433
77054,55.457848
31076,65.215614
57977,29.164309
22724,6.4693923
34790,51.410263
4124,70.308365
6022,9.765868
59077,58.401855
16785,51.43166
92001,73.34964
17740,71.879745
100125,72.292366
43402,43.296883
34424,41.352848
58636,55.474594
43979,62.97493
98866,74.741234
15180,44.72923
56400,48.505386
45027,58.112396
37763,44.36898
94319,17.289785
55877,31.165592
85722,39.285046
10326,40.50253
1645,57.59614
29319,65.77149
26350,11.656081
96529,44.322083
90034,20.802504
90800,65.00132
75733,63.35154
45222,30.352146
33323,58.81363
41335,48.424328
12813,53.341022
43343,65.1087
93739,57.638905
8265,52.629208
87603,30.167936
83234,49.782
19961,49.30294
48596,42.361332
87231,68.82948
66040,43.814278
15045,37.259148
47247,74.96375
22703,68.01655
19058,58.205837
88301,25.27716
54126,33.10706
12908,74.09557
97981,71.82464
12032,30.44188
39125,32.921375
9077,39.94686
87781,43.05241
10056,15.089661
30972,28.6877
90709,72.49861
31593,61.330765
19001,46.311153
12953,59.442905
38853,100.0
38500,72.91683
17653,61.19986
49886,75.63786
351,62.625927
419,53.103596
50477,22.216288
79430,58.388176
89881,61.833214
78488,60.9985
99743,58.10158
89771,79.99425
78906,63.310608
68176,58.140476
93067,46.270924
62705,59.35082
48365,52.814552
32137,41.10109
58581,58.786148
1089,41.10949
32732,60.41761
47320,26.14393
8801,40.3721
36989,22.051105
6303,70.985825
12303,58.236614
81840,71.92972
10964,68.128746
9620,19.637535
52283,56.78265
7320,33.05808
90176,43.081062
81426,40.84898
13044,72.37495
81626,80.83888
36891,24.650137
69960,44.98313
64863,69.30728
96291,47.48636
76894,64.581375
56820,42.280453
18201,49.452316
45033,76.53828
11714,43.48059
12212,42.839516
43486,53.24444
36378,48.67119
24421,73.00706
83252,71.41205
68928,35.57313
17865,64.65591
98973,26.710566
75689,71.73144
41928,42.450314
38792,64.19618
99487,23.875233
44596,49.324924
52742,38.862976
35046,60.32741
67308,59.433277
56526,50.734394
54751,36.430714
49455,21.330692
10209,40.53739
17857,47.630943
2851,28.039045
15163,61.784386
19626,67.206245
27100,39.652973
34910,19.570517
14587,46.7152
91287,49.15539
99291,47.817356
35743,70.649605
99730,43.910698
34659,37.130028
65550,70.81423
98010,13.976532
2095,80.138535
71541,55.176548
19230,32.914207
90360,42.90205
14430,40.386375
90545,42.354527
45981,67.42981
95541,57.766815
75190,58.325653
63326,65.64546
68476,55.319508
49193,69.428406
93430,63.102657
81383,48.63782
98455,54.590122
4249,65.21637
80340,71.38129
61215,31.905252
91729,80.31441
10731,29.22765
64459,63.797325
33798,33.722286
42189,27.426498
22610,71.720764
76821,48.30176
13595,24.92852
21223,77.82354
89189,56.867474
86248,57.887352
14299,69.15334
25632,63.81089
35897,29.986294
28155,65.389946
3287,76.60579
25405,54.353775
80932,53.08022
18243,26.977587
95572,25.874132
10662,46.541218
83821,49.10326
33837,41.80586
1396,39.43508
51654,45.43224
81282,61.944874
35061,46.209175
52462,36.169052
86477,48.480152
81213,46.153538
73956,44.974846
4235,53.776512
74385,35.994114
15863,42.3974
62941,74.089
11858,70.00005
94692,47.31751
42976,78.2762
51149,47.095566
96539,38.252125
83285,79.41078
20376,76.08056
98978,44.17448
6991,23.121534
35625,40.97319
46465,50.6223
84204,64.792885
54647,37.773796
39179,48.98822
62239,60.92415
11430,49.037113
74236,41.287758
48544,52.92846
85818,32.052914
47402,55.65
95315,69.681694
32682,34.955685
84948,25.983751
33322,53.255104
5444,55.635555
53355,68.20774
95101,59.234234
37952,66.96445
9519,69.53673
87872,59.59902
17070,56.264797
50416,36.182076
37716,74.40518
56228,42.019283
68208,20.628294
85654,53.285496
732,38.412766
34164,49.521442
59592,69.06379
48653,49.492203
4292,59.427124
9829,74.31809
38711,55.51162
34713,30.385368
40901,69.89153
43102,69.860016
76059,56.10787
96197,30.013994
73632,62.40864
95392,23.080696
13574,45.29708
79060,48.45644
74690,50.61609
73857,62.7948
64038,65.922134
25121,70.982475
38343,29.546547
30740,65.65893
36266,66.98083
65508,28.55922
75606,71.11271
57228,31.016314
87600,36.85404
62111,77.56168
79074,50.8922
31555,24.56237
4979,26.998983
51354,30.378832
38726,37.21287
1241,49.529476
16753,60.300396
60582,56.155113
61713,24.8093
85602,32.224106
70207,37.55517
27305,28.710135
78462,70.66382
99384,58.17993
40681,38.18502
84355,29.375267
18613,75.77389
10199,65.68954
84375,49.212067
4665,21.47068
8344,65.000305
52409,63.446712
36729,46.132797
89239,69.75614
83840,9.920614
68092,84.56447
100007,24.027517
101380,48.677494
34037,64.89243
48535,50.169434
64948,37.81397
72298,52.32014
65907,52.391167
67564,57.386574
34698,51.809383
39954,72.30908
22423,36.439255
2160,31.94715
80102,55.553513
29039,76.02704
20445,30.00827
67128,49.98706
90008,22.877203
32319,44.223545
56320,73.15099
89416,64.86343
15485,71.94328
68586,52.190697
12716,23.370155
20113,30.083439
27241,68.97333
39071,37.196964
22351,39.86529
79246,56.91919
68522,54.970734
59195,40.061455
78327,66.20757
29580,20.029636
58577,35.177135
64060,46.611336
29238,70.98502
117,41.94384
80044,57.933
71758,52.29931
59419,56.321815
14276,54.81605
16824,18.2719
28178,73.40376
64373,38.238197
40827,36.71361
39592,77.3974
72716,73.10479
80637,69.86146
74979,52.65245
82496,65.14608
71384,56.36819
10331,48.262432
53533,66.912254
11179,55.426083
1496,64.20761
89810,62.441483
85060,60.444866
94768,58.75889
39911,25.737026
82942,59.068806
87178,62.031338
20499,25.955881
14732,63.75848
18882,76.716576
73989,49.14927
30856,58.84778
75835,37.834877
13437,30.472557
86254,30.561314
44368,68.8668
15978,28.821098
97688,50.315437
13134,37.605976
90031,52.599354
7705,60.924225
57335,85.644936
100342,35.21087
64171,55.041214
41468,63.821106
69589,20.614712
36905,62.35396
36671,54.723427
30078,21.740423
51025,47.028168
60761,37.413815
3646,59.55651
8840,33.615406
95269,40.962345
22410,73.6932
68302,31.704113
89187,39.13664
28060,71.81832
101754,38.19073
21890,49.41952
61787,75.67834
19009,16.644938
73983,28.242887
47728,61.065628
100576,60.24222
79179,67.49503
2491,58.937504
54672,61.14918
31955,77.60988
10174,67.486725
99134,69.129295
89833,29.339355
92962,56.75359
80227,57.713253
49730,50.972427
36249,20.477678
84199,36.181076
82544,28.961145
52708,57.493816
100043,35.782726
30499,62.63395
62716,29.020891
18335,29.5757
96319,24.252537
61964,63.951145
572,25.803532
90200,37.93286
49007,45.35472
90791,42.725193
95089,62.229187
54104,58.70684
15047,67.07555
36096,43.169785
1904,51.27653
101541,65.44728
21751,67.20395
59402,68.1429
102276,59.28848
69403,37.944824
90937,37.768284
69739,73.12333
9689,39.729973
68537,22.131392
56463,46.867317
25041,73.70573
6811,21.004698
554,60.411446
60684,43.291615
46379,68.7885
35818,38.24302
8944,77.5248
61905,59.108128
59583,60.63166
100122,61.638626
47664,26.898914
101748,77.08535
97137,43.508358
67090,74.25033
96658,41.17359
8703,35.33509
79652,67.73412
85096,64.70677
75960,62.684624
22996,34.049923
4218,14.801637
54310,31.754538
95728,59.666855
11650,48.62035
66066,42.73458
73252,32.208942
27269,55.35368
65858,51.974182
92063,77.816414
15212,67.5474
40016,27.376453
48013,46.9986
90173,55.89983
43705,55.730164
100642,70.386314
70981,42.900097
83002,48.82799
66103,51.058674
27723,66.09414
73322,37.89909
76522,32.62162
17977,24.41637
42930,47.16134
68031,20.525763
21711,27.864033
19023,32.142765
51518,58.297142
59429,53.989872
51250,43.81332
7206,79.98679
10398,75.42528
47508,54.27488
93544,34.608868
70269,38.050873
43951,67.63611
79369,41.587456
64136,69.897545
68329,46.821037
34486,58.424175
26955,70.67824
92045,58.95756
82172,53.541588
50779,45.265285
66364,44.44439
74445,51.204494
99605,30.620716
39197,68.987434
100423,36.03574
47073,68.41827
63837,65.53112
81060,46.61075
71408,61.47189
33096,52.362873
3611,65.47371
89526,44.2912
63585,36.304955
23428,49.56424
32055,67.35647
53461,77.00722
59546,75.59411
100280,40.569366
13496,36.579082
61969,58.62449
87829,75.23034
16125,43.1682
30996,24.005394
10665,53.053455
41019,76.06818
43148,76.36052
95113,38.962925
18998,36.075058
102406,77.01756
86769,47.725807
66685,51.818466
85821,17.96215
29687,48.044804
52509,37.60671
13894,73.96698
101729,66.592514
37658,25.583603
85021,73.70464
68049,25.5373
39979,67.56309
84106,34.663788
52443,69.39567
89785,57.003143
9725,27.96781
31570,46.945366
49791,51.810024
86444,38.527115
9176,36.211033
48474,30.556892
79548,65.66636
28809,70.59679
69097,63.511555
34812,71.27975
24399,58.75996
88270,69.36245
39102,61.420372
89751,37.099518
54025,32.316975
8503,30.715502
60047,60.95138
24552,81.91806
45302,67.24667
79185,33.902225
62109,43.111687
11718,18.955727
98350,25.024593
6157,40.652336
67597,53.788063
55626,45.323074
15772,70.784294
80024,62.411472
17912,22.769127
79946,43.08338
29497,67.16633
13811,52.79897
68720,64.895485
75770,41.084007
12498,58.715973
21863,60.479668
70752,68.4219
32232,71.83606
32410,64.527824
51594,23.770285
9159,47.659897
85460,64.56896
27028,79.85519
81379,56.238754
26401,77.469246
22035,34.194714
52527,49.240948
98620,77.09023
59103,60.84651
69127,28.993158
48797,36.562336
6328,64.65471
12169,53.816586
91267,56.765076
51647,57.028557
58424,60.272465
74178,52.987713
92824,71.399414
47852,6.646555
70568,52.11668
24611,68.51916
87885,44.85231
42702,49.621834
61980,57.921127
52522,65.29707
58591,41.514805
61268,62.984062
35685,43.21942
20234,66.21616
67071,62.36083
21723,49.49621
88056,15.154771
65213,65.81876
1526,55.96046
27757,48.0665
42027,30.829538
68795,77.50023
67102,77.90105
88359,46.96192
26232,32.886604
51524,42.33849
58641,69.351395
31926,24.3208
68934,33.276268
60679,55.691505
62873,41.903465
40886,68.060295
68278,70.5452
33603,20.823301
94474,60.076607
9997,43.01574
22910,42.33752
62684,57.26859
19765,30.846518
62671,63.0911
42565,43.254154
19451,59.693558
2638,54.07461
54079,13.195518
24849,72.862946
10309,48.714207
48772,37.042305
85038,14.590009
83845,43.922306
84824,71.16747
47059,53.726673
79486,56.737858
97546,49.43206
15521,20.780872
88404,54.953278
53897,24.722157
80436,16.412354
59943,65.55536
99418,55.293636
51394,74.68173
46068,51.287422
88996,41.186253
83195,36.72795
17768,50.977
70365,76.60967
55271,19.192223
88316,29.011017
62229,49.1372
8505,56.07331
11516,71.52457
96393,58.021683
94397,46.82313
5186,52.703594
35543,52.069187
4319,28.943676
84195,68.36868
99461,57.569817
49703,64.81905
38150,42.029526
1284,77.38454
82476,29.71609
16224,55.076714
67629,66.58844
47284,72.94593
49263,24.957945
85439,48.227432
16175,57.036156
464,47.03918
66426,15.140826
93187,40.296917
5791,68.64917
53458,27.571293
8176,58.127483
23517,46.760406
86188,64.76496
39184,38.514355
71451,57.778603
81137,75.064095
76895,68.78793
24842,59.940605
37705,64.94574
92296,71.8342
101793,64.342255
84036,72.12842
10678,60.480434
23437,85.47448
75532,59.88792
16526,64.69956
54505,65.16447
68832,57.186584
29165,64.82768
13579,59.422245
16519,56.24104
27798,40.275932
70063,45.97066
76767,57.38481
36961,55.409477
37397,37.5356
28744,68.03604
25025,50.599728
58142,80.14451
88097,51.16291
34405,68.812225
46426,33.60219
77526,71.78171
39431,63.464184
46160,48.14554
54284,81.58763
61874,55.30219
74836,34.705055
102252,38.395977
79909,74.92459
27775,64.42681
94606,58.817677
71783,40.91748
37411,52.27658
16332,55.294518
48664,58.00804
90978,51.19986
52912,31.966604
78584,69.80284
32550,41.488003
55428,73.573494
50596,42.38041
101461,62.3492
7646,64.69683
13861,35.306007
47334,54.915024
50519,18.003706
40763,58.912693
34625,19.962341
50476,42.81006
21220,48.435097
86372,65.701294
5335,38.47978
35349,16.818357
17537,26.471172
58426,33.74686
55133,58.836926
44253,59.129623
58843,38.641483
20951,23.703148
65394,48.883083
21368,65.36084
95563,50.978355
25491,70.900856
25195,31.794687
88384,53.04233
7054,28.536146
86714,25.085733
58386,29.767126
81033,31.896345
41370,47.265507
8968,32.49339
27907,47.810875
93075,81.1355
69193,73.320175
36202,70.400665
75497,35.98061
101726,69.38157
57273,48.565784
25401,31.768091
94187,41.9295
85409,52.926147
78543,35.12361
31456,58.511093
36052,24.911346
83361,44.43102
52571,31.64913
21611,65.09899
62221,49.751705
54862,49.882412
31288,86.17282
43745,61.561203
21029,23.115225
69271,52.827847
65974,6.159152
51489,44.971466
20157,59.301292
27075,64.539276
85519,70.09373
60306,20.48912
82132,18.49139
91774,67.20104
25650,70.0714
7883,49.952168
85852,44.073547
2654,25.049671
58471,36.295544
55836,17.340899
61232,56.647926
38359,55.426067
92358,34.70347
9444,46.233963
82273,53.205853
93968,25.892569
44739,65.10705
68108,59.08587
15664,36.84413
57381,51.675095
59226,54.456093
37481,11.242618
81168,65.88442
32517,76.62805
88508,55.303844
6333,44.394047
61762,61.894638
36420,27.057442
27330,28.070307
100274,42.803352
97211,64.56786
98092,54.96299
2832,52.322453
23094,71.45223
55408,57.209496
84236,82.594444
23678,38.287613
102075,25.241316
61664,20.379585
93420,54.769264
10839,37.65433
80195,56.876137
94294,68.29003
24207,39.08093
74597,53.960407
44140,72.098976
92835,30.34657
65828,67.23544
9745,48.001774
89459,50.850292
101624,63.915092
46263,40.6574
42658,57.723442
19936,34.791462
15927,53.6661
82056,36.41937
100360,69.90382
20871,49.125034
22501,27.35817
20024,39.699615
69267,40.122402
1437,69.15496
78793,40.84974
80280,48.423595
62611,33.624107
40246,51.850792
90949,73.44245
53333,62.04352
7622,73.86265
61140,15.741985
27480,59.63605
25771,72.750175
54526,46.56844
14197,44.682682
82613,27.754929
49335,72.15885
41998,71.80316
53209,15.230186
14519,57.783062
70093,48.51283
80658,72.2566
93784,32.096817
93049,19.5777
94353,44.35537
97184,42.383045
25146,33.76235
14169,47.61811
44839,66.59626
45884,60.804596
86725,35.483196
85697,48.43497
24234,64.98164
59577,57.828304
68212,57.987076
30788,62.22989
93994,66.60748
94536,56.849796
66155,5.4758377
40431,58.539192
35307,75.733665
19224,45.45394
19052,31.384851
50865,68.1403
75906,54.94367
6097,75.540016
37429,58.78438
85114,32.993378
29613,65.4448
75051,53.401108
7655,69.115654
15053,82.050934
75180,35.0953
89120,66.37914
14771,42.177406
71702,69.42319
23877,42.26248
89361,24.891867
3915,58.160686
10193,67.490425
23107,52.85876
445,68.41776
71847,37.289627
64160,61.56548
47257,60.124496
4599,37.432144
28818,40.90539
2683,29.314632
59451,49.350166
101133,43.829117
57441,66.65286
92413,42.68839
31086,52.463287
2509,53.251415
9071,70.07436
2301,65.801346
5012,43.656837
74636,59.098133
1005,67.55629
84476,65.27332
78521,40.644207
73505,25.179865
53816,40.32742
40758,40.48308
96525,61.62326
1941,69.26336
67521,68.45704
68756,31.463816
23404,60.38341
13255,53.895184
59505,70.58474
78469,39.219524
54311,36.60755
29027,43.391525
60559,68.79053
20836,60.764038
28289,19.32187
38787,62.868446
84728,30.413818
95569,53.179382
53035,46.93775
59736,50.415016
65430,73.01957
62391,56.176037
18600,69.46073
13591,64.949646
101790,41.666126
85575,72.808266
99483,30.007263
30522,57.0482
23864,47.230297
46792,43.69236
99271,73.83692
52891,48.07882
69409,39.428627
101188,26.088806
24795,45.74462
77111,68.924484
18459,20.378447
100661,76.39054
15673,39.68212
7304,51.828037
17638,65.12645
70421,70.05978
85652,43.801117
43650,61.070274
96787,37.21276
58126,62.923683
57061,60.289513
88010,69.92017
25693,61.856613
13121,57.49431
22422,39.795063
78264,50.91225
62731,58.00059
87153,28.338911
49843,62.050148
20657,40.76883
85081,40.99339
41373,59.101032
21652,59.401287
46101,49.352562
29816,45.28613
94369,45.59129
79732,71.91493
62084,37.791824
75340,34.85013
7735,61.676304
52959,48.63409
77744,41.074432
64133,47.654335
51003,78.0428
42407,63.05554
72410,59.61402
37154,16.75195
136,48.743652
29826,38.201717
57347,65.08845
54757,54.169178
14256,57.743626
36909,76.94443
87965,25.19551
72534,63.961884
22784,50.425755
73763,70.01413
57087,60.379642
71395,25.850588
75358,69.56381
71363,12.887093
64982,34.89665
12028,65.154015
21998,70.34887
43017,64.91572
80731,67.513336
40828,13.123508
39252,55.581562
63427,61.00642
4578,56.372425
31563,63.693863
7568,36.942535
98924,30.574045
54766,29.87122
31533,47.217983
88689,69.48924
51072,39.845577
57454,39.507374
75714,69.456795
69184,65.886665
66302,70.760544
65136,48.140938
56580,39.64283
76109,60.049877
19551,35.772102
19635,61.874554
45148,22.398031
26197,47.224316
80012,76.34288
92887,55.397373
21407,21.834597
35022,52.545017
22181,70.29195
87779,27.649559
7644,78.1997
79725,78.188446
20383,61.075047
39263,56.174248
82430,28.489681
5604,22.271187
22477,65.04232
28029,65.27218
55921,61.18859
50133,40.85792
96886,67.28061
11717,24.59872
14287,44.386345
73958,58.28036
77548,60.219673
58611,58.707047
5671,75.85111
38626,63.14174
26074,52.56301
33696,46.021603
76279,66.410614
58224,62.066036
25214,66.90707
83889,43.877457
72411,59.31109
22916,54.206715
3369,47.808426
85004,33.921883
4426,65.13748
84118,63.75133
47129,41.412086
69752,25.404026
62468,59.284176
38304,37.722195
67004,69.79916
15833,25.15154
54426,37.69619
9861,60.56764
4051,53.986973
81283,68.56788
101562,9.314158
17474,74.7329
18529,56.558205
40173,13.7611065
77620,36.170578
79158,68.898026
68543,44.2623
53527,71.283104
80989,32.63863
26335,55.461906
87014,43.168064
18205,50.4171
79301,40.970196
57297,70.583954
94088,65.94307
79391,61.677345
90798,31.559212
4706,59.347916
86160,23.292542
13106,37.68045
101861,45.050385
37126,52.56175
25897,34.46492
25494,39.317818
68326,43.58726
4377,78.86078
81655,75.5277
60952,71.71786
78106,19.083683
59885,62.65814
29379,45.667313
70780,75.96418
10166,46.802822
49975,43.48854
27383,58.27384
66521,62.017597
15931,57.48189
35597,54.295444
60120,43.684944
49566,40.492218
14182,59.428867
19314,52.02118
57428,34.242607
37298,26.95057
95886,29.946148
30260,48.24577
48460,12.838843
50951,34.695652
33647,30.716942
98461,11.54809
88950,18.159145
97105,67.131424
52864,58.40417
12602,23.220863
4472,34.808235
35574,54.408165
66135,51.0164
25274,41.723022
42536,44.512165
80777,61.93695
18226,54.291073
71975,80.84996
70507,51.038013
68623,19.514353
4623,73.760735
15649,51.33938
87404,41.467278
101462,58.871223
86370,33.92132
95236,21.078886
15501,63.99022
14936,63.81178
53860,69.2414
19453,49.776752
34588,51.81427
51033,73.49524
100591,59.093082
35724,60.53088
86617,41.06728
10427,54.62771
50925,54.91721
46619,63.880054
55943,7.248864
2914,43.346104
96286,51.40739
14088,35.361805
89599,37.035164
68361,58.484703
47442,73.268135
94091,27.360151
23686,54.782356
46315,23.25084
28274,67.392235
84254,50.903866
52210,57.46247
79896,70.50905
67249,54.53014
62637,26.621271
631,62.89226
44351,75.59214
79165,31.008814
58502,74.07463
65402,65.33929
43214,77.67292
23346,64.206665
25774,31.233723
7088,53.410812
92378,73.06233
33372,65.68121
67392,62.5414
15893,54.013004
6331,24.845684
16830,34.402008
47512,48.589947
20051,74.57359
82228,21.206158
523,33.62002
70740,69.17039
83993,51.8694
10585,47.24624
37609,35.221535
64910,63.67734
90236,36.64346
34661,44.84722
458,75.13817
37074,28.576746
95938,39.634552
39965,48.56742
12403,22.949074
85481,65.7184
2430,62.51289
49198,64.766785
70849,25.108128
10835,4.261429
22341,71.297935
11683,36.665745
39552,41.197037
28027,22.933908
17965,56.285
26842,36.165142
54483,39.456966
18954,52.095497
36043,35.478626
73245,50.55349
23579,32.19485
9489,16.525112
80123,52.596985
6095,37.801476
22789,87.4116
67230,51.415047
11646,59.520576
30704,48.12824
86283,54.91938
301,46.048992
27036,49.085842
75342,71.60656
79343,72.52218
61928,57.98877
30720,64.54989
61788,45.9335
65335,71.44177
8951,70.12833
82632,51.97949
16301,51.281693
96732,76.33713
94454,39.005974
22821,16.530159
86685,66.69179
74727,60.96106
89726,45.603306
100323,41.10874
65709,44.715
96010,45.43918
95594,41.458477
60922,37.72392
84550,33.49665
98060,62.623528
97555,60.688034
59579,58.319466
29651,45.74768
66397,21.06418
32795,19.622559
24822,58.22265
68681,55.400204
40347,81.242676
63978,39.134743
14058,58.453255
71746,74.82095
102450,65.8567
77456,63.54543
45953,67.197464
50496,64.05057
39359,42.07673
50682,48.050743
70579,42.36146
102573,61.542305
19986,47.47354
31093,51.193512
48253,59.614834
73247,39.735508
46003,66.69777
22029,30.31463
97160,55.239677
84189,30.419413
7497,70.91304
37243,63.40053
41653,66.49226
50717,43.92223
80595,56.59156
34889,50.119083
25250,40.661003
62358,62.411255
95081,51.509426
26135,68.38733
22800,75.77467
48152,64.46165
23089,34.95761
43738,53.481293
95141,1.5701427
33369,47.617226
82693,53.58681
51248,43.79666
39272,61.229183
35155,68.27997
85483,24.52273
76494,55.535538
49689,34.798443
10073,50.274086
13702,45.663433
38550,12.992213
13021,51.835117
42586,38.874474
25042,39.441467
2893,72.717064
7864,38.86396
30074,52.53032
71685,52.559673
29593,53.654743
28142,22.978905
62180,54.18536
76752,59.33606
101173,58.669865
24770,71.77021
11757,69.02664
8289,68.36821
98782,57.294956
75966,53.215332
74819,45.455067
67534,69.11204
5337,59.386143
23023,48.881172
56728,56.521675
87154,58.823048
51728,40.923424
91617,55.691704
97104,49.897636
50111,70.763535
64952,18.27599
92754,46.04926
1833,38.98077
43500,48.48466
41683,24.189987
54060,32.08904
16050,52.768013
75882,70.40027
87179,70.02194
11242,69.27578
90293,50.686382
59185,61.62016
28435,28.152905
99898,28.746798
63548,56.511173
95644,54.115982
50597,32.55921
46350,13.829097
59656,50.62889
65217,16.73749
72197,32.908634
7697,49.898273
5067,70.46095
63875,55.30541
44918,33.927647
51868,49.34784
77593,57.130928
5393,32.326958
90362,91.87347
33712,69.05945
43634,25.031391
20723,56.502716
9418,45.967407
93403,35.965668
619,74.68517
1963,48.084866
88932,65.97863
70233,76.42702
94403,55.57822
65236,68.83918
82948,56.492847
49849,40.600212
37587,44.589565
44441,51.666195
19168,67.375084
7256,50.92696
35999,70.61532
72618,49.628365
20146,62.283997
84325,54.96267
47456,55.103443
3099,44.547115
51923,66.88832
38364,63.478947
10634,30.077465
42157,59.951817
396,67.95531
96833,58.033844
80246,31.414541
13240,60.234097
17501,76.075554
45307,65.259346
47439,52.647003
11120,74.80117
60671,65.337364
88584,37.38293
11096,63.53013
24095,24.468197
9775,70.08057
12122,44.867386
79497,54.782597
60958,34.669228
41960,68.305016
32715,37.87476
56639,29.039095
87973,39.16542
102417,57.80911
78239,48.66919
17961,53.356213
51799,76.56548
25074,19.912996
52323,59.539417
21481,38.6483
59028,72.805595
30466,53.73638
62964,54.491512
7935,61.713875
84851,67.07954
51217,63.88292
28711,56.3927
97478,73.16358
66625,59.39171
94083,69.784096
95088,74.82552
63138,38.93837
99785,44.99646
60727,43.86661
100025,35.127365
92884,17.236233
34572,70.15787
46807,46.787453
21761,65.31187
5819,53.12601
100544,41.47321
48384,71.89049
84696,59.22208
81195,40.89428
27569,79.87361
48454,56.21618
87874,59.225624
8202,27.732779
54808,60.578987
22727,48.499237
54269,35.657604
43688,56.67177
8501,60.228466
91700,61.362404
57075,37.327156
4459,54.99313
81873,40.147503
60592,38.80173
43107,35.30684
70011,76.524025
82276,52.81596
74438,39.8201
20193,9.849024
50604,34.498363
77436,49.438526
101096,24.275
19991,65.35122
88927,24.783371
76881,84.47829
76794,30.836704
67466,56.846348
95640,29.328733
15363,29.057697
1969,71.75812
26981,27.909462
51508,80.321754
25403,54.01511
48998,51.721897
70290,43.36564
76638,48.57712
85391,45.681976
85306,73.73584
58141,64.8269
90139,58.919296
47543,60.084785
51395,44.32453
21287,48.199024
27553,50.740654
60889,68.15277
91189,40.071445
76641,10.447644
18042,70.41852
35810,41.94297
76730,34.240337
4732,18.008337
19294,71.74567
31868,60.732857
17936,62.38396
21569,30.552853
10227,39.050583
23390,53.93463
1541,35.479736
21618,49.40894
57125,53.450165
96003,62.691227
19769,39.271202
44852,49.55552
94969,37.706364
24684,64.43838
774,62.28432
51980,32.70349
85952,59.314156
60508,51.028843
91960,28.22472
32233,39.30628
63107,14.801745
8517,50.57329
10905,60.762035
86919,59.61119
17976,27.274942
14878,26.641752
52903,62.053864
7789,56.311436
72440,8.873494
26230,59.66928
67105,58.294525
79235,74.870735
5669,33.498043
85445,67.12498
28329,68.99584
34870,64.95735
1001,58.81529
76342,56.230145
72722,74.30419
23570,42.318066
84140,66.76556
98340,74.82226
43709,42.37717
856,54.647522
43707,64.27763
33806,48.141914
82529,34.348423
55040,56.283775
49652,64.03562
329,66.922676
61849,33.664795
58433,59.003952
58684,67.34136
39801,50.23975
62310,33.02147
55573,43.145737
93681,21.122906
45116,51.057045
64839,31.558258
34498,59.828514
54795,22.46297
15097,49.15572
1349,52.003315
36681,38.821735
52844,67.37162
93788,89.82853
22056,14.1589155
37546,55.197304
54687,55.193317
72027,32.13696
17947,71.208984
54665,59.061974
101021,69.3193
1696,40.654774
28024,51.490997
25545,29.793322
96034,26.656929
31469,40.21488
88976,65.72608
46377,14.069543
63505,47.442593
56435,36.65345
81754,64.45452
100332,72.739365
86589,65.73941
62639,51.014324
66087,60.957348
52629,65.52879
23646,61.918987
10236,11.59266
15652,48.79749
70484,75.35542
8819,42.76057
14134,81.48879
9566,50.105946
64498,41.518894
62154,35.48323
29079,63.335663
82537,59.521313
66590,35.580803
91883,64.51209
70383,28.07388
102196,37.235012
88152,71.71858
95762,60.81073
71983,35.564674
27329,44.49742
13707,31.570372
72762,63.727394
90004,51.29596
28712,55.103695
41846,55.975307
75863,45.825592
60081,48.190414
78070,70.2355
97929,55.85663
88058,52.724274
71888,13.263049
35124,61.61306
71946,58.963818
18930,55.76048
22061,69.85351
22192,36.563774
53612,36.131557
67669,61.959003
68172,58.45603
90948,49.646534
78523,74.22617
94767,88.80673
93841,79.76429
45931,39.62692
99336,45.947723
25509,57.550095
54548,46.32589
16896,20.55586
51798,49.93793
20243,71.584656
83557,62.659103
33352,64.036674
97247,69.45611
21075,66.032234
26637,49.671623
44642,56.98548
31376,45.73817
76069,3.6380749
73184,51.391327
3984,33.1315
72094,71.83574
9646,31.582886
8530,61.840847
59836,2.0019257
87100,37.614643
35463,72.31222
39418,59.422924
3079,45.39776
5981,47.672905
33545,53.319515
62050,74.06164
51277,26.008818
102101,67.50517
31906,53.60779
14680,62.01456
85755,41.300602
24960,66.898735
85144,78.84073
97214,44.454865
100039,70.99934
102254,58.32191
21263,43.678432
72586,62.294827
76627,76.87905
45207,60.117958
33081,39.32902
2155,60.02118
97003,24.28838
19744,23.10435
57462,53.330845
90258,62.840153
25298,52.60822
40459,54.9405
77987,42.674328
33533,54.581963
94174,31.510721
45306,55.582413
42816,66.38532
81692,69.54658
91654,50.37347
17450,63.33579
51990,65.4117
37924,49.906178
56478,54.368954
29689,68.93626
3722,32.957253
73126,36.041706
69501,8.081239
77334,71.67122
82759,43.5898
63063,61.925354
89582,33.614952
92448,53.504913
44817,44.002472
92414,80.09069
68247,61.59014
60052,43.71737
99890,74.646736
58298,45.787125
44456,62.118595
18879,49.666664
78006,48.36767
33227,61.52458
57944,42.88227
68580,61.448536
32524,34.75644
20040,60.574043
99435,12.256964
41929,43.915558
63121,62.030613
18772,51.450657
84390,58.07763
50516,32.640614
93793,57.51822
48250,26.692776
97498,37.784523
100135,73.117096
97431,74.67884
71187,42.605186
52497,60.65919
25773,60.448204
91143,68.73187
6016,72.622604
28163,64.56078
63450,58.645573
33163,61.99329
12563,80.42994
98275,71.39454
37394,53.318497
46050,48.609478
52620,34.033115
41076,63.504498
56101,71.277824
54244,69.36282
48225,71.42983
16437,67.276886
78296,23.320086
87440,64.36059
98174,65.77237
68478,40.800037
50707,18.886208
70745,55.58959
12963,33.113705
59022,55.960556
6800,34.022427
41737,53.496784
96367,40.752926
46048,69.7558
6229,49.730076
27595,82.1762
19578,71.31805
23290,25.837025
27159,31.377241
74341,60.765945
94992,71.04451
52064,22.031218
13503,52.699272
25733,56.30413
25453,19.944532
38406,77.61593
57697,36.41589
70015,41.206383
94766,44.268143
82029,76.90461
21313,50.438972
62064,44.059643
13122,44.047688
96267,43.34309
33497,73.31152
6880,67.73219
92916,30.458738
54386,37.50452
70514,60.5996
99990,39.221027
22926,41.993935
86908,52.61313
4443,81.49638
40020,38.842876
41844,9.076331
35340,66.09175
67743,26.47106
78492,39.32342
84666,58.834236
98140,42.38633
11404,50.21443
7821,67.05741
97527,48.536385
88454,59.335934
82979,28.092522
98792,73.989426
92925,49.190117
71506,52.841812
45588,50.095863
54743,55.0287
24276,67.204475
14328,67.22362
21323,46.946217
16616,49.313065
70720,71.13507
52021,59.35365
22445,55.81205
56199,67.935616
71497,32.748806
87037,48.582977
17468,32.212284
7043,62.16432
62807,34.23651
71287,74.208595
59590,66.6301
85778,60.38484
14456,59.7943
102578,49.302654
43668,48.952908
21040,3.897633
50939,48.04743
5455,69.37733
63902,70.14302
88256,37.150192
61859,41.455475
83456,48.606518
32834,50.615993
84552,63.284386
50272,52.694935
52513,50.39832
71483,59.939037
45422,33.331867
44182,62.05537
11497,40.60424
5936,51.2274
90443,11.8320675
64500,60.63571
96361,75.48802
72733,75.60241
12933,59.212185
86741,44.070393
78209,44.648094
406,52.35104
73875,43.738167
74015,1.894437
7681,28.30569
15513,59.76555
92175,28.332891
74620,45.35176
65106,47.891666
59729,36.126995
74898,24.660583
56727,34.718853
32595,74.524826
65530,48.524033
38526,57.647152
66519,79.28541
7712,24.639305
53845,79.83939
61906,53.826942
16513,39.937218
97206,40.393345
98351,12.876218
80999,42.20055
76386,34.64517
53881,56.60851
96994,52.907444
79872,74.73931
42459,50.785126
88333,51.241432
44291,31.72069
48990,52.26963
39785,59.582077
69055,55.056175
61280,66.861565
72626,52.441517
65486,37.89988
64763,55.32999
50049,54.686493
28570,35.417065
17102,56.13125
32223,38.76086
90342,55.064957
86058,39.657978
101820,72.200584
75996,23.435217
78645,56.682655
43439,55.379837
65758,38.685646
76700,68.99175
43277,51.95149
69384,58.37
87641,43.449917
39862,44.941944
46519,58.10348
27436,24.802185
50292,21.018702
73951,17.670492
96978,56.802742
46208,36.257866
12615,30.687946
10524,48.89231
43125,44.029358
33738,54.597748
96668,69.46988
16108,43.29765
10847,66.23944
78046,36.30697
59120,18.077229
81696,71.27536
62466,35.102833
5780,36.73915
39868,72.72233
72304,49.22975
31233,30.600376
13391,35.35143
59564,28.240948
4036,30.646067
12400,72.048035
12823,43.794044
18666,19.83469
45983,30.178865
29189,68.93913
40457,46.112507
31908,41.55239
84862,47.362156
27791,36.20927
83099,16.583158
51528,46.431793
17023,47.384815
52344,49.29691
4395,47.71586
90697,65.134995
58242,64.385994
20295,64.98609
12748,43.748337
15913,54.81274
8036,69.38582
26209,59.041294
4081,64.38953
89732,37.98474
45553,17.957842
91591,70.391
55773,32.381145
66309,63.189667
63200,36.433334
49127,6.2494607
26413,33.248882
73295,69.258606
102682,70.14073
92340,50.380417
58087,63.553192
98161,36.54628
8519,73.44051
74563,57.102287
75898,60.381054
58111,47.304794
99516,24.763693
46396,76.84351
68917,39.216785
43655,42.892593
87859,36.216236
77393,43.18891
3976,51.69649
73810,27.81809
57586,66.309044
96766,73.621895
29971,28.699549
3044,67.78886
35127,47.01478
40815,59.008217
59908,29.513857
37476,22.169231
19827,55.418793
46510,98.50331
34778,42.532513
50343,62.216892
17441,75.47682
100089,61.586575
101026,86.88142
84633,65.12301
52546,30.30385
91308,61.968086
18916,64.804115
93476,31.548922
86941,23.617582
41093,54.49428
2151,15.354707
20969,52.759842
93501,70.33108
60766,55.237873
98207,66.84383
60492,76.83557
21782,49.080143
50310,18.53073
91722,71.75151
67481,51.564064
33144,48.050945
76764,43.980167
58743,42.83465
26587,26.137728
19339,69.27892
9385,65.585045
83052,71.77836
97541,76.249695
56953,31.746832
39345,70.18236
74429,58.975945
37431,26.054121
23204,71.78615
92010,45.863556
62013,34.13644
59862,52.070576
44279,38.989555
49576,19.171036
65852,39.931286
85119,41.1637
12196,66.38985
26910,69.81566
89341,23.707859
44101,23.828327
7566,20.969208
2115,62.9445
54118,37.784855
90823,67.23997
8925,20.087128
89407,78.2742
16233,57.90635
101479,26.560606
81607,52.44841
97537,70.46311
4745,22.86528
9604,49.804295
51318,59.502327
100045,44.206413
76405,48.819206
59020,74.56662
21062,38.682888
16251,29.67601
55511,60.56824
40622,26.120184
28347,35.351585
65440,32.14794
21375,29.798168
61747,55.803257
88065,37.663486
6087,46.808548
100839,75.3443
82482,59.58711
23073,27.90086
80914,43.80986
2624,26.315931
69332,56.612076
5952,56.731068
86084,55.846413
21573,26.03799
9780,45.062023
16106,48.879993
3743,49.524464
79380,63.202026
33473,18.978285
53292,36.60946
14689,66.81666
30345,32.624226
98496,28.578327
54769,50.597992
19087,70.255646
26621,50.412884
90123,53.753487
77367,65.03604
88794,70.037315
29983,56.195335
90353,56.751873
65673,28.119965
21391,58.82504
77780,32.31816
65846,41.491547
35094,30.618523
47942,39.745968
90904,36.758965
65224,34.03158
88055,63.216915
77166,66.24511
3650,47.217426
38860,32.150414
86282,65.5581
59997,38.228596
29295,33.39786
1737,56.544376
25256,62.137764
10268,36.535664
2320,52.69856
82643,52.67427
91022,73.36815
68228,63.419243
7945,49.34976
18664,66.84285
53449,40.226727
32133,56.379505
55437,30.550364
13247,43.5509
54576,59.92966
14814,74.4808
89939,44.04973
78594,70.24387
100815,24.867014
15984,56.742687
334,40.40316
90378,60.592228
60646,33.931362
24834,43.28459
92809,58.13721
57847,59.24085
48215,31.675714
1771,60.465954
36167,47.011444
75508,36.71899
3187,54.939396
61459,36.61713
95739,51.29033
19836,38.145573
101609,57.265476
2816,48.651524
42576,32.98308
57115,1.0378819
52506,26.99544
88822,73.21313
60376,62.485077
80902,72.17365
91817,37.28773
80450,36.374725
19506,45.197853
50876,36.227623
64588,52.63917
102543,70.10774
43980,73.304474
66672,84.65864
62851,28.337843
69500,40.807137
19546,31.287663
42113,41.822376
66803,59.790245
7501,43.70335
96478,37.52392
94588,68.34011
76646,43.883953
23203,44.29535
65171,77.55003
45595,40.106564
52259,47.25343
91831,36.48983
73056,55.68215
97263,43.60656
89196,28.340797
54664,73.90115
91778,45.347263
21187,22.811218
27886,67.38271
6243,30.90889
14432,57.61542
89000,66.10806
37877,75.10946
46958,51.862137
82598,73.97831
61799,61.22186
51882,44.19911
3158,76.57665
61408,33.09502
81038,91.37945
34974,13.797749
64785,36.689217
30390,81.275986
39275,17.789818
70104,53.030296
18534,62.359707
33642,24.291016
68075,50.181583
35107,37.510017
3904,47.351078
5628,21.990866
25830,61.517635
35514,46.060356
37833,45.60033
49412,79.45003
39241,35.26018
23599,75.15602
3408,60.081707
43804,46.914932
50417,28.878685
4080,12.323104
39255,35.064495
62804,69.48805
78877,27.781109
83190,37.322334
63752,56.556652
32826,45.422123
76774,31.583035
99886,60.160328
26970,46.407513
44033,89.89494
41026,13.254183
27018,38.581013
56538,34.610546
9965,51.649353
51344,48.8387
98873,67.5058
90291,67.20159
55402,60.788616
19726,61.227776
63804,60.332306
36583,62.07232
53359,28.55284
92817,40.028206
23841,40.246532
17311,21.254326
32796,67.250305
33650,28.985474
75806,30.479582
13709,62.313145
9523,44.75184
4384,68.71568
84631,26.53446
30840,28.455517
94163,19.681818
41792,54.737072
102525,33.959167
64843,71.27557
69540,29.565165
100396,66.243195
39630,31.026386
76081,72.405754
24259,60.237507
19715,41.446186
35692,25.093472
66645,65.154724
30441,65.4227
27643,56.380966
4082,41.45937
84250,47.493374
2069,64.92874
46996,37.157818
39129,25.487377
65040,51.703606
13329,37.012745
55547,75.71639
58733,43.765305
50510,65.76142
59118,71.0423
30094,58.285275
95948,33.755836
95449,46.006004
72595,65.821465
52985,32.668888
95955,48.6688
23197,36.76455
34628,42.07964
92417,28.076025
56488,29.215408
5348,36.883667
63081,62.19747
7709,38.4676
37430,73.50195
19429,38.89868
28399,69.28861
56309,25.755966
46690,64.80899
21776,36.72589
87451,62.614513
68877,66.30286
81201,39.289036
33916,37.817898
63460,28.900635
44897,35.691277
66595,31.445309
84368,66.57701
16868,43.91309
94155,62.09606
57776,55.949684
64552,45.582874
36765,58.038483
88963,72.242905
90543,50.270535
25220,74.66531
70138,45.93837
96725,69.41221
26472,61.589138
4052,66.839294
81346,44.426926
7641,36.117332
22010,22.145626
67821,61.66044
20211,55.002155
67747,63.564655
81599,57.264633
33713,57.319656
73498,32.639633
101283,16.274792
1376,58.081276
38731,35.517433
31666,10.730382
56723,76.76968
95858,28.090933
11547,71.023315
19282,46.898678
9043,85.682976
11588,73.6547
58039,27.425629
61258,11.959088
35637,44.38319
73541,34.026722
2150,41.647423
54037,47.945087
76498,36.75892
57824,61.28929
69867,18.735147
101410,67.66605
53777,55.544487
99492,24.463295
70157,35.288513
74104,5.8142242
20629,35.43664
36696,62.547497
85840,53.697918
31476,40.864056
24402,45.74471
11276,38.77022
58794,39.497932
23181,34.96126
81857,61.453827
83649,38.247223
102357,64.70723
5385,75.536476
65163,34.664818
4637,69.40909
95050,33.139206
16879,53.35079
47593,41.000877
83605,27.93364
51004,30.851738
23430,43.05499
10118,59.14826
27439,56.64913
3885,25.326303
77100,37.483738
54571,27.60197
22508,44.621548
77103,72.00644
9029,74.528076
32577,32.754753
65787,71.45428
94690,33.849007
33066,23.173244
25239,51.94086
75807,54.482147
79751,59.566357
73848,72.52216
47394,50.937733
102468,48.011463
4026,25.008821
97475,59.211025
98688,47.277885
68565,75.01571
71626,32.37548
28657,14.147147
26427,14.809194
74124,67.225945
35714,55.136036
34107,38.48245
79727,62.980923
85346,20.87018
98007,69.091324
102574,33.004044
24880,15.094935
9490,73.53743
72870,6.4635186
93118,76.768105
64613,42.288605
65802,40.660873
29272,38.1975
2877,76.80673
87818,54.21337
378,42.049908
86754,49.004074
56319,30.707787
69521,28.917019
43621,28.67212
93881,57.885437
48284,70.54988
49059,45.369858
19333,53.172684
70025,54.159996
16566,69.676025
70923,69.87561
45574,60.85486
58003,38.671906
86179,24.842207
83218,72.08998
59559,68.3902
51263,66.758125
100108,17.42288
93262,71.36911
2440,66.13089
42756,60.942135
70822,51.699757
93754,68.3178
58725,37.81134
27546,42.14001
93809,60.009674
28051,62.91271
55122,68.28991
42776,63.888866
10240,52.35128
95601,48.80009
31485,43.330513
59754,58.98805
99209,30.998243
24349,48.102306
9978,43.21742
78187,30.47956
92097,68.72503
34542,25.151339
25521,44.261066
61003,44.93393
102191,55.9292
24542,61.411217
92699,43.57087
74710,60.158783
83197,75.37441
65477,60.39966
77187,16.844679
47090,73.44963
39383,32.48976
84997,71.319954
101346,67.88035
69930,78.68599
41006,83.16369
53230,41.37874
33188,67.82718
75158,61.935207
14928,35.15589
66500,56.211994
46907,33.865562
37949,55.193165
22822,14.842543
19709,40.369003
38142,30.13183
1230,40.77806
5210,37.227837
48769,54.97868
101427,14.30465
82591,50.71273
53937,77.15211
97838,78.96432
85163,56.072594
5212,59.56432
22743,67.922386
91290,61.92952
32668,47.253025
58018,13.231375
97545,78.99424
100532,35.970463
78537,52.52047
36068,29.838638
74934,18.016165
1664,23.820202
26759,57.301247
99857,73.6868
81269,23.336308
19468,30.884577
27768,25.359518
10198,41.51803
25558,32.58963
2003,17.173637
67702,43.84962
84860,21.708607
53377,38.167175
98361,59.067596
81730,44.432674
50294,46.30625
19268,65.97143
19552,29.71833
92030,39.116474
67222,33.139603
102422,68.42306
81260,25.45123
2674,64.23663
101265,59.99335
980,66.84264
92478,45.539337
62916,51.24397
49101,14.808403
54212,58.8605
43685,48.733307
93700,49.648544
20155,73.59677
39557,66.03602
100180,71.49375
12493,42.179585
11228,53.918705
26339,62.504276
101085,59.69573
14071,66.711464
91918,21.74651
12341,82.46086
34167,39.391846
59831,18.470287
23503,36.97645
21426,72.41121
7963,40.261723
63722,47.514294
37110,60.15312
42982,53.623783
85395,58.215927
67737,37.800533
48594,17.6177
33617,12.103509
90971,21.482365
58815,50.660683
85831,45.10034
34952,51.35912
52211,9.678628
98210,71.12091
83602,39.22819
694,38.358253
80596,19.340996
24102,70.839294
74747,43.968113
56890,69.08972
76046,41.96162
42885,43.069088
32643,25.0396
14830,15.69391
38213,45.06012
74532,44.388084
1416,69.77933
31688,64.6155
99517,63.100586
4055,33.96626
29140,63.909164
35296,42.956516
49795,41.017197
41656,21.00603
19123,37.07813
88417,63.829533
78395,60.753433
66113,73.12987
17499,59.331635
70863,67.624886
21658,62.54759
75817,59.82938
85505,66.25348
32082,47.18737
57179,60.511425
9424,73.08576
21508,23.59414
19489,9.021535
66000,65.2532
89470,46.21247
30009,24.515902
55574,64.309326
25841,56.147156
39496,69.37713
75376,68.82807
22511,71.272606
31394,53.25637
63269,72.53845
64578,31.944921
73705,31.350155
16214,57.16961
90685,25.491905
10391,66.90141
23120,25.959383
81319,57.35464
68413,65.18881
84117,9.847463
5361,78.08944
75517,64.52228
75174,44.69992
8684,51.426365
97662,61.93807
96654,30.678812
93907,28.80928
23178,54.581055
47298,27.631657
90213,51.20423
27835,51.517002
20491,33.45807
23152,49.79281
63854,61.597652
26892,31.39042
68713,49.678974
69647,40.932346
30396,70.52698
44628,65.703026
43770,51.18345
8138,37.94849
24058,77.22402
17093,56.521114
2508,51.91316
89952,67.21974
84988,46.470375
18105,69.15791
28218,64.15688
42041,50.350887
2013,56.286037
63723,43.859703
34204,20.663532
23897,48.256046
23500,33.03382
92848,49.1433
43386,37.205822
29985,49.545444
15579,42.17111
52139,53.845432
18457,12.330285
33874,64.19359
18694,55.1592
35834,63.33915
48086,46.022987
71914,61.92185
64421,31.263624
35633,62.395172
23984,71.00704
94149,32.896233
62301,62.871933
1330,61.102886
51695,50.44283
58971,75.403145
17286,83.96054
68645,25.13778
37425,58.3056
6190,74.663605
73396,36.590458
37972,43.08757
12811,62.224167
52022,12.476266
102527,47.284454
26863,55.007523
71123,60.845524
21286,17.76522
26767,69.67145
14170,61.77873
2054,45.652195
17003,62.253693
92031,38.95671
35381,54.27127
86212,51.534275
87538,41.6834
40456,40.847935
8667,12.945072
53788,53.84113
62269,10.353231
18262,59.86417
27805,57.054764
72719,72.05299
70492,61.96761
67630,38.030533
77486,41.78825
47525,59.121014
42573,53.231026
87769,72.62434
21309,43.95422
36233,37.454025
20147,65.89585
59293,34.39479
90925,47.447334
42597,45.812923
97812,46.94019
56240,45.25277
22517,44.66243
79639,52.560875
95659,32.889366
78099,73.472916
40496,37.217037
73116,38.976112
92581,76.371216
45198,69.60037
78217,48.23992
66194,22.995815
78254,45.068302
42650,64.58189
23831,28.20389
41022,72.662476
78292,24.217972
66978,35.9324
98952,63.335445
50362,25.364708
19915,49.779713
86903,67.580315
16760,25.995337
50995,78.342285
73398,53.859478
28850,18.44028
98520,61.658318
6271,60.428604
87692,69.80661
62007,80.34046
89681,68.42519
40177,58.54187
3697,50.839626
66802,39.45081
64186,63.31491
8696,61.214394
30789,38.33376
79972,35.677338
79381,69.60501
40435,53.75071
20677,30.706673
23061,13.540758
20459,57.826702
89969,42.30394
7633,42.13132
97415,34.53624
93619,41.294125
85679,39.1895
82231,31.375565
70307,28.093767
99610,27.89246
87506,42.016808
32920,62.905907
45095,35.36724
24444,64.625465
69874,48.652084
30410,36.83719
86757,57.559753
83802,31.909025
22227,62.171234
28485,63.20348
42695,54.361755
38039,58.43796
87637,64.28135
71191,66.13012
74603,66.20502
61742,54.416916
98231,71.86323
87701,57.498325
71389,56.07388
92320,32.20412
21885,65.15496
16659,82.140114
84094,53.918816
14626,38.35718
36467,66.08501
821,37.155827
93498,65.83537
81812,73.444695
11523,68.14245
87537,65.359055
56074,36.052814
166,56.119267
4984,21.687777
57062,50.2154
71063,34.294235
88891,47.07984
91835,32.74765
31838,8.553269
89261,30.565514
3383,61.419914
1736,55.671665
81435,36.865257
98857,53.282257
3652,50.26101
37505,45.336346
65932,67.37791
92694,48.174995
13422,7.819635
4445,34.06699
57757,46.164486
70966,37.288944
10794,46.336563
42797,19.4027
39747,43.572445
33984,57.174328
94750,49.995724
33220,49.163372
19151,34.25296
99175,49.66851
71143,56.95146
30071,22.59053
37384,35.38643
84508,67.92068
75230,66.77536
39850,36.216263
13897,63.909813
60802,54.7853
60016,39.12414
93111,41.603676
83357,52.066486
47871,64.99552
20178,59.235905
96955,57.699932
11471,76.92091
46511,67.994194
84404,70.928635
81258,70.16883
77531,50.550472
26538,45.495434
2507,41.387657
48923,64.214905
62870,47.935337
37957,49.799614
14187,28.604914
56040,58.566277
82086,55.380802
42532,53.577015
21760,42.79484
28425,26.031668
71432,53.9278
100819,30.923063
85198,41.13921
2640,46.676277
81916,30.632381
6282,41.830772
89525,46.35977
68990,33.60322
36484,34.306633
71161,76.489075
55810,36.556408
68767,18.236414
17907,31.824684
45534,69.90355
24491,35.06858
88528,44.20855
95062,51.985783
52567,71.62424
66793,36.190163
40536,43.320343
97408,53.8592
46133,21.869593
52008,23.973679
12775,61.338257
5171,61.315456
13582,36.902447
11843,38.286434
32974,61.323
38278,61.973015
65868,71.55153
84365,68.84223
54646,33.394905
10291,39.072838
36855,36.443375
89121,55.681164
54349,66.76293
27634,78.65781
51190,39.403824
12435,56.197563
30106,79.2211
62703,11.987116
76802,61.68987
68899,52.3079
67355,51.686405
49451,59.717064
47358,25.011175
78452,24.560661
91449,57.275265
59241,37.060474
446,31.819088
3164,22.333775
10348,39.985607
18039,49.37173
99948,29.180386
96083,62.131
27080,61.888424
6529,33.283466
59684,31.159088
10355,63.65933
73288,43.853424
60799,27.190104
54313,73.50815
14943,64.91026
373,38.14437
2329,66.80539
86425,61.386936
64950,53.317226
4243,46.44324
1856,58.338337
29370,44.433453
24977,43.32618
56984,70.909706
70881,40.67681
27585,40.38286
69895,29.864986
100729,2.6562734
33518,7.002952
86542,22.958012
73654,60.11798
68397,32.59971
86091,66.950966
62573,19.239492
19808,26.848593
92288,46.05081
83807,65.942986
88875,54.910793
41796,59.337578
45190,48.116978
88492,73.88717
59733,50.55189
98438,74.285576
15130,65.07325
88381,33.36061
84165,29.464722
20512,45.59506
79228,76.72716
27348,25.926895
63853,42.087452
64993,52.982166
20711,18.943356
79204,52.610367
97057,37.962086
17849,33.24459
42687,54.449116
93730,79.56644
97028,64.9703
72963,49.441704
56835,30.266493
25013,24.844997
50761,56.480686
46761,56.980247
5265,33.63622
35356,23.035992
101990,42.66756
44272,37.387012
56038,59.628033
93324,24.163439
25972,47.83825
52255,57.31341
15954,62.129963
53904,62.8271
38723,61.60844
78451,68.301346
76973,58.129433
73599,63.148514
15567,29.75405
41942,36.300404
19010,72.87709
21484,65.11696
49858,72.39955
76143,62.18532
96079,45.865696
18668,64.87253
96655,44.181206
99144,27.618824
69227,55.367104
79797,61.505867
58093,59.890152
69386,66.5929
41340,66.2314
8219,41.537266
73560,76.156975
84491,53.79058
740,16.513319
68635,40.41542
44135,72.7877
79601,68.017815
75939,38.453987
85040,44.74209
29970,58.009083
23564,76.112495
101354,47.309788
28573,51.234367
83996,55.39004
88017,47.42033
26433,68.287964
17594,53.754898
32383,71.097786
26917,43.099392
75314,44.101246
22101,43.411453
24594,56.80908
27244,59.129307
63534,71.78407
54325,47.31631
71959,18.453041
18735,25.798916
56578,50.356148
78302,10.71317
45022,75.7212
8931,31.758114
66035,33.152515
39653,35.74782
57458,27.933584
52630,65.598175
67036,41.800198
8449,64.63911
8798,67.80528
4816,55.90457
73143,64.15048
49017,40.429615
34386,63.864433
53082,39.127575
64901,28.642849
83998,40.004993
60517,56.916725
39843,30.509808
52227,56.092087
4568,42.06478
95468,59.66283
96407,52.167553
38401,50.17817
34929,68.35367
49443,49.25185
102424,43.561893
3524,32.04627
10448,52.412987
61463,18.526533
20833,42.82754
17601,60.76309
52422,43.74356
58955,63.492317
86255,46.054432
79641,46.678253
82782,56.894684
27230,64.67168
88684,14.394926
60703,49.130554
69947,54.749443
37161,48.55849
97624,21.397041
53723,76.46681
18346,19.954977
5256,51.42307
53499,63.966984
21378,57.71097
72351,28.61302
14753,61.531055
15389,37.799324
4169,36.826134
70560,69.78196
48736,54.558475
90896,50.548607
6756,61.95897
39841,69.39187
21897,71.99767
73574,16.54145
13979,31.339685
25244,74.699356
57972,76.04414
55802,83.92285
52649,71.44683
32435,72.54222
64450,19.216768
56957,37.04272
93150,39.944687
3015,67.617485
79302,70.335266
45697,40.61396
69931,62.93986
57201,20.876966
27856,72.4095
79400,40.713535
61224,40.97038
15644,75.652306
8643,31.895197
17052,61.82653
50764,32.836086
23890,44.821674
20451,47.664772
8657,67.056786
96501,26.6772
39554,29.999527
81968,24.000248
55037,67.13367
92282,52.68772
21838,35.00058
94279,27.795128
7610,47.194706
42812,47.527073
13622,68.38732
52484,59.28864
30525,63.455246
28454,21.965479
2073,39.044235
84705,55.63976
101083,32.778343
68432,31.054916
52130,72.406494
40658,45.284252
20585,3.1284873
88218,58.469868
15065,71.02832
935,43.20964
48371,33.162743
78031,50.79632
87527,34.44908
72399,66.684944
878,37.34268
83272,78.95689
71015,59.574234
69279,63.686626
34819,28.047693
48325,69.9374
60261,41.570488
67605,42.00227
11183,40.64145
96025,54.860092
47807,76.87066
38582,33.60598
19272,53.73097
58321,48.303062
96408,61.4525
4853,38.740726
94790,61.361523
55691,71.71685
18699,54.049667
63490,67.51236
63551,76.4343
58533,71.8299
1948,74.28277
38493,57.28497
32870,49.838154
79932,40.879288
47684,51.863743
59922,50.135387
102005,45.615284
37083,76.62607
46618,51.12484
56169,48.40401
34315,28.184078
97362,64.54303
21492,42.868538
90666,41.215694
1357,2.9407628
45593,63.177116
13560,88.02905
52481,66.15626
54459,56.61208
44827,74.27088
93323,64.36336
94128,2.309164
77867,59.960705
61324,31.936668
8883,51.759052
40445,67.83039
56812,37.695904
51313,32.268475
27183,52.732086
16460,45.817886
40047,65.791336
48104,77.47952
99217,82.16793
50196,47.44713
79618,40.501114
38963,56.819527
46364,26.71456
43216,78.95307
26358,46.656113
96031,44.768147
20529,76.86821
72798,44.66688
72520,88.0585
39276,28.840733
23368,38.678387
11324,28.376694
82038,57.211105
100010,30.653442
76690,73.73183
77900,27.20072
79482,69.58406
64145,73.00565
54819,32.074993
27370,28.081367
79489,36.026745
68306,58.84539
8795,42.533108
98556,61.17305
73087,72.14795
9992,78.704155
96368,24.147984
70944,37.89465
56819,27.460407
84814,73.961136
58701,68.209526
7642,40.850246
36187,56.975418
12270,55.79798
4953,77.217384
20968,68.056564
49726,57.62739
7719,55.064884
50900,75.94085
6017,54.125298
16539,40.8824
44592,67.40891
31821,40.027298
100673,34.100014
3590,80.41464
96986,17.970377
65252,67.3752
100308,57.966717
82200,59.26304
63540,25.58505
57509,49.660088
19099,11.850214
8880,57.53358
23639,64.343124
25305,55.4245
65059,46.268936
9462,61.264698
83544,30.645205
11721,64.93252
29562,48.34736
55409,60.89751
16465,48.68414
57357,50.55084
102232,57.030598
71076,38.47588
61052,27.776068
10030,32.546814
56184,73.198944
74634,30.19061
92518,69.68078
52044,82.550934
36407,47.62052
27331,25.299667
36866,77.54345
30358,16.587988
62293,46.686024
91751,39.917965
28505,42.17541
2007,44.026497
15547,50.497383
92530,52.84019
65902,76.79622
98876,27.748419
95362,63.249546
5777,60.788673
7416,27.426983
1310,79.10725
84518,17.888824
62900,29.762375
95772,41.855694
48714,67.97049
31163,32.391838
99547,62.769657
11260,25.709204
59403,56.375706
72832,69.24884
57504,42.892605
72656,24.383623
102257,83.969154
21351,45.85656
12281,70.02165
39581,25.62505
998,33.740864
48572,34.862953
70670,52.27859
8933,75.329994
82210,65.78348
70521,65.8408
44296,51.224957
84564,74.435684
4715,26.522589
74798,65.3344
37835,45.547287
66469,22.077919
66900,35.26986
40307,22.23672
74247,54.75045
36506,26.222242
191,70.751305
79873,21.930622
35678,67.939064
74228,44.95724
88338,40.303627
39078,26.45633
36133,30.671515
93138,98.82292
5,59.98252
87065,27.737322
91759,44.450092
42307,65.56176
38222,66.61629
11374,74.18742
92961,36.697495
53465,45.55455
93316,72.93245
82084,40.02218
70973,20.973888
57110,48.207214
63556,44.05782
98928,64.63111
88942,69.583
5138,40.86957
41035,38.362793
9005,40.24539
96104,58.132317
42492,34.140064
70471,57.827225
44520,72.961205
32192,62.124363
43782,34.78085
96228,52.495388
76208,28.046398
101887,38.301723
94794,63.250378
65441,17.670187
24744,72.38331
35392,26.27308
30394,33.49525
81710,50.132046
93732,80.520256
51947,52.141983
76857,69.38356
78660,56.14851
1943,59.950935
19950,56.123264
25082,44.78919
52470,55.03108
52041,76.33393
38629,25.941008
33754,31.921833
80103,27.78848
94169,18.98751
13740,50.4621
65146,40.16784
23417,36.895733
16438,51.41865
27632,58.07228
58203,51.896023
48655,65.66902
51934,66.83725
37538,38.350166
69092,22.068182
41827,65.27667
63575,80.28574
6473,30.033787
14450,81.39905
44850,37.55651
12321,53.13346
95425,42.583992
31707,21.3769
89464,58.396275
27372,68.403694
90309,20.609228
48186,73.82704
62956,37.95047
13742,64.08042
46450,16.843033
37150,68.91958
44481,32.59614
13840,58.98017
3570,68.73345
63842,46.045902
66893,68.78953
90183,64.43528
6465,65.15128
100619,37.71587
43930,63.66004
44325,55.097317
77012,38.924477
91810,57.78978
81476,79.20494
36843,42.311344
44778,61.181744
59795,45.4876
34593,72.47962
86226,13.569393
48869,51.304752
40105,69.27966
26595,75.7037
48185,73.07563
48784,67.03902
81229,45.3499
27404,41.82404
81698,30.858732
102039,33.95972
79105,43.755096
71804,77.08304
97339,77.94439
18933,34.59894
98003,42.225563
6067,63.406
90956,29.123837
91328,45.7051
98328,74.669495
49400,46.29996
67462,72.96985
28250,46.005173
98911,29.043077
65584,62.50792
56267,77.135284
19173,24.551271
96453,61.19644
52781,72.10231
88376,22.499079
89617,39.633076
69603,68.88888
19117,45.853016
9068,43.18242
19610,42.47436
64713,62.29609
100253,80.37617
55854,40.39766
88895,59.95329
42086,35.708145
53172,28.612778
5827,70.44239
102328,19.166197
21501,64.173935
96908,40.049637
26253,32.40574
1772,26.23374
37131,18.663282
14651,38.190468
56505,32.626324
71281,63.958405
11239,33.75798
49161,43.365723
89942,64.383865
20654,45.229256
21264,40.058537
90459,47.21053
91618,67.861046
33688,44.576454
66907,34.667107
46626,70.99177
84559,38.31261
81366,54.51457
24432,73.582085
94168,72.46495
94253,52.13268
83279,18.174473
59673,74.689445
38914,41.80056
11130,32.207054
66038,52.522243
82820,33.039894
67640,71.696594
97118,82.310524
80823,65.33924
75973,21.064875
33344,38.801594
98668,40.73939
99162,66.1248
38811,27.072798
55222,51.2306
82612,37.949623
10882,20.64826
2185,51.553974
6958,55.801964
59517,39.972454
99974,56.549267
99080,56.786587
42973,59.837753
75993,54.79729
14464,57.477303
82485,56.780796
56867,33.44988
82928,15.04648
78706,7.9706693
45026,59.979607
88640,71.42556
102229,60.098885
28365,72.46021
50778,52.661747
58620,41.386112
101363,43.947845
92039,66.968735
35469,65.21113
59000,54.67667
81933,50.209248
31584,37.680305
53039,72.678665
21028,54.60382
29018,43.674755
76174,12.330274
97928,11.935352
51969,31.232885
6968,48.134727
95708,24.925575
12852,20.823545
20524,41.17512
102627,50.647926
73746,47.263725
58260,38.07487
43200,75.576355
54016,73.77736
68218,0.80222803
87717,27.201664
33394,45.32224
85476,72.66939
42742,53.792347
36751,23.666924
92230,62.26229
65988,10.536899
64906,33.255196
97191,13.658976
97075,67.80029
98283,31.47478
80834,19.18814
58496,29.944159
19877,41.255806
84907,59.80553
98416,60.999397
94208,33.50412
33509,68.99407
95548,36.158665
54383,58.64802
6648,57.687267
30988,53.326767
12112,56.762394
12243,47.850082
72735,60.953754
76720,69.10522
91898,53.38906
21612,21.979265
97873,37.171368
42844,62.333206
88864,64.60136
46822,59.07616
61924,83.014946
94887,22.458698
94179,56.74506
68497,74.229935
54437,46.31274
10929,92.2442
6919,32.439808
1984,72.51671
87282,32.02623
47751,62.698788
33201,56.177475
93936,48.82679
83076,38.02665
94288,68.97703
73584,63.913223
52934,67.83946
11232,59.652817
59871,49.946697
15759,43.510162
61795,57.129234
2131,64.56121
32362,73.122765
14023,56.890556
65658,48.220627
70440,29.45345
15715,27.823204
101681,50.16182
8027,57.04611
49899,69.09894
11995,39.787834
100128,31.868523
65503,81.360306
47858,55.88384
50936,59.204006
74360,45.927746
93764,73.84073
8254,81.03618
13924,48.221756
37722,54.735935
66844,50.39994
54193,59.9051
49302,53.496277
77176,58.630466
25600,52.77509
63538,65.2206
72753,64.88219
75695,36.53985
26493,60.84149
85095,13.879456
68520,52.73805
100293,10.738164
76954,67.261185
5759,20.938038
2536,43.5198
85802,67.542496
15779,47.656757
42693,76.69414
89378,49.964222
43880,10.826838
38303,56.84177
89774,31.74294
29619,73.09603
16313,49.351704
78400,47.60074
55570,46.25689
54299,10.718553
51155,44.59032
74077,70.56768
82358,72.318825
39442,63.5555
99333,50.432644
87409,52.32789
66172,36.974632
68312,81.51159
57349,22.326511
57499,59.53305
65246,48.36433
100799,76.919754
32413,7.951979
86271,69.068016
4234,42.148197
79684,25.776087
25359,37.983734
27172,44.82344
46080,55.962177
41086,51.63238
62766,28.805477
86343,63.111427
25621,58.120247
92068,45.905224
31000,60.04132
36196,82.59988
93782,64.48836
40804,55.17915
41557,48.192024
91790,54.516003
89971,46.133682
51857,53.032368
75647,47.0298
13190,69.69914
98693,41.90797
11532,45.727707
30859,42.64066
91584,54.852367
44299,73.43458
51037,26.69515
100577,41.307953
1617,58.316616
59614,67.57787
2666,23.287786
9298,32.523182
25680,49.11863
31822,53.595085
89913,26.887255
44415,77.86858
11645,44.948383
54525,47.86831
85202,47.779587
3938,53.154144
37615,38.15756
98938,54.91892
5019,65.15638
3837,35.401997
20407,57.245403
99775,26.537922
65620,61.093575
31336,39.816113
84317,66.55439
64398,39.027817
8851,77.02412
24819,36.982357
86274,71.09798
62320,76.572136
67707,51.109653
53716,38.048847
20241,47.869915
5296,46.706795
3793,62.817543
11893,55.007328
78561,26.46965
51427,66.685036
13249,40.366524
90269,60.771435
75077,51.059383
32843,50.484997
56238,45.65344
22220,28.621052
64388,66.66448
95181,47.036392
43372,49.049503
46361,21.492056
11357,46.034145
40586,38.601955
73942,48.19823
43130,44.880295
163,43.077766
43936,36.13222
34566,59.686844
42936,59.535923
69817,19.418879
34830,38.21406
91208,33.35169
3464,58.75942
67789,64.58785
102482,43.60291
17946,39.20528
8385,70.69959
54907,61.90491
25744,55.846333
75026,62.908665
29782,54.450928
42024,33.724747
54253,37.349766
13606,67.80425
94339,59.396557
12761,53.804688
51872,73.402916
63862,50.680195
2014,61.93387
89115,55.316616
29890,41.72411
61320,58.96081
8832,32.28799
100498,36.449253
24211,53.03385
50042,64.20243
91501,75.856735
39921,33.511795
48840,47.105335
81357,76.782326
76027,40.93281
15354,27.887184
87033,40.641945
80599,64.52189
48970,60.65907
31776,58.51885
50185,45.29441
13684,66.29194
58449,33.720036
20319,39.602875
95561,27.45682
72453,66.81654
59560,49.144695
74304,65.252884
79113,51.536076
61207,38.550186
22208,66.81052
69173,25.9636
99967,42.73368
24464,34.581882
18049,56.929802
24020,24.77253
65267,32.35238
4792,59.09128
79933,59.35022
9798,41.468346
53747,59.66711
17428,26.81118
96168,43.034737
33639,77.201256
32773,58.447433
99783,65.83546
101829,50.818542
81401,52.642628
9465,35.887062
101571,43.526894
21619,47.70249
86030,45.945904
99006,27.357208
94620,36.972816
59385,62.991093
28352,66.652534
80551,25.959743
93726,62.134773
22656,24.863607
77422,46.90844
102551,30.689352
99554,21.632704
51585,56.60649
93019,76.3648
11898,14.48954
61550,35.750328
2689,45.505436
24740,64.4975
92501,39.46342
36284,63.356903
56632,75.06743
78925,25.162743
101469,68.818474
25795,43.02975
35649,59.366505
2516,66.40668
8394,47.445683
74159,69.01318
83434,59.55676
70843,67.55652
58920,36.37457
56342,62.57659
61282,33.490326
37601,41.68122
44654,23.507666
11187,32.62812
11996,69.0283
87054,62.464542
15773,56.514187
89237,67.46442
49005,51.679924
26798,64.78881
94058,70.147354
16929,10.969802
46899,67.41511
21301,55.25724
71665,54.67871
33006,30.234682
8784,53.824295
100435,63.575565
79824,61.417294
97574,38.41952
19719,49.443584
30578,50.67528
55499,38.36632
75036,78.737076
62195,29.442383
33653,72.22671
89557,33.149292
70050,41.428547
99636,61.995674
89788,44.037796
71672,26.156195
60968,61.24785
71910,33.550472
71038,56.565533
26836,57.028984
30564,63.84968
52275,55.250996
45143,51.43062
25567,51.37475
96366,75.772156
77115,71.80174
96756,66.35256
98418,64.55962
29212,52.34778
69142,34.71033
40023,63.02542
1054,69.43739
81582,72.66358
62857,18.0294
48974,35.02345
95303,63.696075
4950,17.257896
55785,60.97296
18685,51.964886
36077,71.288826
43071,41.152718
76070,55.060913
96435,41.444305
51126,36.92057
6622,48.136337
84679,64.9226
74605,41.977985
38373,23.883923
68146,34.47813
33826,65.86968
75367,70.38788
46174,60.452076
42847,65.714294
40362,13.818791
97080,49.347214
18937,62.592186
82914,60.453026
12172,42.28181
82959,77.38764
95301,75.32975
43059,55.186226
4241,21.54047
19549,52.290707
102408,31.474558
98914,74.468864
35491,95.80021
75152,38.247467
32393,38.182724
90941,64.16114
23735,61.07312
64039,21.139368
25625,73.9491
61434,62.36968
57917,46.522522
40677,39.145123
67656,33.856716
37943,36.199177
75177,44.30903
39851,37.59179
88591,50.35442
41084,58.934715
68280,48.60364
74707,18.88678
70236,48.758156
73305,43.52063
7289,28.750677
40297,47.17933
65125,57.55712
79848,69.60585
69368,58.891983
80550,57.733177
48638,37.60342
59345,42.6125
14931,55.919453
19545,42.478626
89391,68.14208
33415,42.157726
48094,18.973429
86322,68.17828
45521,52.716152
16337,35.552944
85089,81.83212
92886,35.067467
53809,71.13732
50705,19.921965
27823,65.416885
84807,30.650768
15808,76.20334
62096,35.036823
27684,46.12942
51420,49.28219
26317,48.24884
48920,64.13551
57056,20.51602
55502,49.91266
89376,38.015316
1867,45.243847
51462,17.623808
89600,23.805508
70597,48.90258
62707,56.28755
51429,73.15037
92113,66.64971
96351,44.537014
52563,55.660378
3688,59.27952
91458,66.9353
43466,60.88835
25994,67.25087
66977,52.925533
22863,64.70222
69113,41.313774
13750,40.396515
4907,31.458416
46771,65.65937
88169,69.85804
67,60.03087
82265,33.352665
95947,49.957634
100885,18.81363
42461,34.529976
91638,40.000244
85557,43.049847
30844,38.64973
97418,58.76554
76907,63.4461
4463,42.469276
37123,65.044106
82301,35.89047
31430,45.275555
91775,54.55183
87020,26.932337
25179,62.141045
102153,16.76087
33980,60.304977
56308,23.64085
34342,59.029083
25786,37.158768
82455,67.547195
29124,55.168613
74058,70.4556
81526,46.493713
24337,56.96722
12461,54.068737
45061,33.92878
83084,47.557556
35723,68.78116
19206,46.860462
3576,41.32903
24675,61.748493
95748,56.180393
37637,13.448739
92138,25.967415
56306,65.55342
62394,54.39463
39635,54.633465
81280,66.912575
47024,81.8303
56992,19.490103
97334,53.34588
35453,33.06371
56887,25.830194
63578,73.110115
81623,71.362686
73888,60.7202
25653,35.068462
2436,60.7211
22356,33.142124
46490,16.74496
82511,28.115067
85506,74.85494
47282,62.839184
86383,47.02374
37653,48.726177
79645,62.042797
43844,36.098198
98537,43.24784
57205,41.292233
84038,28.474314
19046,36.175392
41950,61.89114
46725,38.596294
38837,19.260975
100604,55.826656
60166,69.831795
10797,50.180656
38,20.895649
25675,31.972
35822,53.024635
13661,64.092285
20798,23.870617
13113,33.033188
38330,39.29889
37840,52.73492
71921,43.205013
101579,59.327305
1906,57.338036
74431,5.115929
102020,38.217873
72017,35.468616
50009,67.46987
79478,49.24067
35791,45.9249
96279,42.69702
90856,66.976135
37240,33.548763
63457,48.18069
97623,41.58108
40170,44.74142
100092,39.50183
33311,38.31986
3268,49.35592
77332,44.939972
66440,22.000309
62913,71.58804
39172,76.598335
65622,65.912674
7426,41.0973
86523,33.268066
98107,49.460896
61445,52.03054
99042,59.941982
43266,37.288574
50269,61.412624
88346,71.44713
55609,72.879105
24331,79.42283
57220,55.067043
59526,61.00608
43712,38.045628
100379,76.195076
10808,39.29579
56602,40.341667
47057,69.36256
50430,43.07538
16507,46.538143
73761,21.100636
90984,78.489525
69301,61.178425
20007,22.521255
26904,42.168167
17615,41.242218
69754,50.05403
15659,54.862576
22019,38.09208
41173,48.600777
61242,83.23389
6345,47.30927
14829,46.672543
77441,71.50529
35364,60.805214
11390,43.40829
69549,38.76642
62874,49.606102
89956,34.298954
79336,71.30469
56093,48.381584
54905,55.024155
52009,74.64407
64204,62.952
4744,41.291958
51759,59.103477
23301,47.751026
88488,58.3753
88675,24.35224
35962,71.84498
43211,31.28064
98900,61.368412
67013,44.072517
85417,58.715782
64579,57.641464
52720,39.53649
58366,57.557076
27896,42.662735
12828,29.406034
51698,65.406364
55258,53.596962
102122,32.701733
40530,16.464005
37598,59.054173
70188,62.267193
43258,59.8488
53069,33.62092
71250,34.347794
69215,38.679535
99576,57.810715
24118,32.12483
59764,68.40435
86541,30.173332
38003,10.43649
78087,20.337353
26663,38.575302
77892,50.275047
59962,41.239773
66516,55.503902
32086,69.69219
59273,40.817307
81404,19.24243
68946,45.108715
77492,12.2221365
71492,41.90819
67294,54.193893
81559,48.49163
21524,50.685436
71713,61.179325
86290,74.30628
85162,29.09239
83056,66.739395
87080,37.10181
65981,26.306175
80786,25.339872
81341,43.496124
9245,82.416916
11367,69.80487
102213,36.942772
74807,36.597317
71030,52.726543
80791,55.943546
49316,77.63009
49979,41.050888
86228,69.28034
12733,60.26172
64730,57.136772
19132,34.771496
70083,36.6392
34335,67.19339
62512,35.64949
6026,27.682108
43996,72.829445
64909,43.95569
7750,47.892815
64379,40.992275
11240,59.876827
79261,74.85818
70243,36.393215
85337,57.899742
70867,60.967003
39691,68.34154
28426,33.594185
71917,21.897371
46885,66.55327
59709,32.23383
83924,59.009842
60618,63.391785
98191,37.824585
61562,68.94177
68444,53.224365
28277,51.095364
19500,50.23869
42261,36.04998
2111,51.121906
56237,13.753378
96545,59.26417
102128,74.93129
45801,33.588852
68594,21.150482
62141,35.341805
10246,33.0007
46957,43.039948
21258,32.517727
48392,58.416557
69356,46.566666
52215,47.817307
3143,50.858616
65219,61.711185
26828,59.744553
16702,76.074486
3340,64.954796
19387,66.94977
97065,44.53563
32052,46.26
21655,33.08741
82575,63.385014
40335,42.570232
39007,74.73881
50787,52.916042
42760,46.78211
16419,64.56743
34708,58.45466
101614,74.5085
90491,41.72539
24670,32.565006
63452,50.088955
2029,64.12102
1937,39.063755
50552,47.84488
64606,73.78856
23058,30.069725
62675,27.798977
60163,65.094696
857,20.027441
59549,35.47931
1787,42.08692
56952,59.185493
66639,45.494987
50175,38.602013
54910,50.38175
79784,52.009605
85272,68.81622
39726,46.620438
77260,59.469917
36733,73.03376
7564,76.08274
85090,45.897285
48742,46.473164
74246,60.228043
37362,68.21691
24282,24.43521
25109,34.698338
101717,14.801307
15551,57.101776
74444,59.972927
14566,19.260324
52307,47.995724
2956,51.289867
32343,29.971539
6621,70.77752
51705,35.44282
2288,33.745003
9856,30.302395
18299,73.53662
97023,35.14057
96887,27.384644
76791,60.535885
37683,56.094032
49345,65.3968
83830,52.085037
72208,49.376587
99644,21.631538
51588,51.41215
61328,63.80908
85832,17.614923
50351,55.461994
37787,65.822525
10989,20.140806
88550,79.61034
41353,54.985115
83133,55.928925
83515,84.74961
77276,44.991673
97580,27.386196
32972,58.679558
50759,59.332054
12009,61.732376
42354,45.098583
50824,38.81374
74393,27.622072
28010,49.409866
98444,45.691223
91172,55.521523
32576,73.358826
59805,57.42468
13641,30.063053
7309,24.415169
57104,65.468056
77464,36.592514
75185,27.324099
100609,68.996315
19189,26.324865
53970,22.188507
77386,41.806923
31474,29.007864
20342,48.132355
95245,43.2585
88429,61.66718
91714,23.026028
76718,46.32141
24096,68.2896
3159,71.020935
14711,55.94176
77212,52.433506
16023,54.50081
98294,62.11936
29470,54.385418
70693,31.92709
26238,36.283436
17372,56.3738
17364,49.619976
1250,45.187664
53229,76.31813
46770,21.114658
75225,65.371216
87426,42.992504
87107,55.035263
56399,43.25375
43403,55.426136
47359,56.633717
39978,33.064335
9234,55.336643
58094,50.32499
18024,8.234836
65023,66.70198
39981,32.98769
23834,68.01117
61901,45.03487
22150,62.02972
31831,66.275314
26421,26.571642
11074,63.9476
21124,66.35124
64964,65.137886
52670,52.48075
36566,64.63104
51590,37.271484
88765,68.66105
68553,24.064808
83716,45.8106
38834,66.3922
32758,54.289284
15925,36.13082
13866,74.96168
51704,67.065186
67213,77.86703
10852,69.940155
72139,56.74512
33804,67.64018
63051,74.02727
25506,43.582798
85212,38.12417
44087,72.80532
50522,66.96852
764,71.56274
45720,74.34658
55276,38.78863
93996,66.70146
51806,67.24066
59492,38.47498
67523,37.494766
94896,73.76986
96175,17.346117
55170,40.082874
10762,17.178528
16948,30.335918
19078,58.03368
30938,33.439133
2888,55.738396
30630,59.965313
16603,64.527306
13757,56.520706
88096,68.205605
14620,78.621666
35559,46.11107
68479,30.806019
8679,47.792603
2839,36.234665
39814,66.704865
36610,56.123806
10253,72.27228
99283,68.69115
95835,58.925816
89798,37.58113
61740,44.365833
79987,74.3423
90852,17.509079
19738,39.551704
23284,65.85401
49692,57.514496
102553,64.68794
41444,42.894203
49848,55.373394
99724,52.454876
62454,55.25243
94399,48.22221
62041,34.476536
102669,76.216446
64528,50.75426
62068,46.28871
58553,44.27425
19643,55.64254
95232,69.02582
59841,31.531029
25896,50.168156
52202,65.46865
77671,47.731247
9426,26.372343
96827,31.275715
80647,62.744507
6755,42.97292
95338,50.63933
13386,50.23696
89553,42.68866
89262,74.558395
100717,37.86554
92790,74.52524
81338,67.4548
56596,67.886246
24307,85.51893
63652,65.34595
18730,29.694452
95385,61.18537
24728,40.64819
10156,73.21127
66703,49.541245
48098,54.34009
90860,59.92948
79719,76.82069
85600,9.954494
60053,50.349594
60271,46.49703
58607,18.145948
69936,50.78642
17325,40.581963
54693,40.000443
84382,62.26404
51243,43.394165
9286,39.70287
5908,70.89874
6454,51.593716
11797,63.05116
86840,71.65528
88722,56.190166
18984,49.427383
21680,37.01988
27260,42.76348
28037,62.481174
5072,44.57355
29807,76.07577
5972,36.540813
2226,77.39973
53640,33.501404
72278,68.59117
11322,57.569748
42468,72.3344
69983,64.51793
35836,52.55113
79143,61.82597
51019,41.36659
64252,45.99225
34591,56.939423
82751,35.287296
12907,73.06451
57217,31.626495
63755,46.596718
35699,28.158045
100834,27.00024
48204,56.38225
4373,30.030754
58207,40.894222
45940,43.09696
86539,62.63359
6645,63.615776
92276,39.807873
58302,89.32773
57302,34.292416
97815,72.63781
100319,64.81505
60210,65.87904
13426,37.185814
5240,59.188255
31999,62.29356
57980,52.329514
61350,55.177532
87509,68.159676
34740,75.38597
92067,44.70061
37102,53.954967
26438,34.490482
61262,65.89544
6244,24.143446
54839,63.53403
39390,57.8034
13539,75.01048
26257,55.05828
28687,56.681526
96762,55.21785
35415,79.03679
46075,57.461967
63425,52.708862
52706,46.938763
13373,16.56868
33021,40.824627
92873,65.51738
98474,72.35608
36330,65.208305
53111,41.044296
54805,29.671444
87003,23.982365
74427,38.48577
36087,68.95209
59316,37.678566
7800,29.341255
39769,55.055553
723,55.6835
64728,67.450485
87436,59.742737
31222,36.013565
81359,68.863266
42656,11.4935665
61839,69.35515
27749,53.269978
44474,13.44344
44916,71.28436
29744,60.77646
66597,62.097645
60065,62.50856
49340,42.74094
86802,65.5048
44949,44.150578
4827,47.011223
95400,42.19997
27233,39.315952
101880,0.0
56390,36.637383
55313,38.92387
37648,62.627743
43898,43.290066
70180,67.57772
92115,51.804516
92557,60.5874
64643,64.70881
41499,77.37245
50838,67.812386
58975,59.470154
27224,53.00785
34596,27.636816
93230,74.17849
87362,30.733671
61522,24.48688
12382,63.88101
54994,56.540127
63343,30.075827
7710,53.770996
83487,58.286
85118,39.66668
46405,67.280495
57276,74.500084
58474,43.94179
80475,53.794018
34509,35.464497
45379,52.702095
28345,30.121101
39003,32.098835
15573,67.89089
37063,61.662918
99813,28.34271
55484,61.698208
74111,60.186237
73849,26.79091
1820,53.31103
19079,65.212715
89024,72.701294
57111,71.56499
77552,61.039658
38508,47.70981
67223,18.932257
77285,59.074066
73381,62.96917
36210,59.262
99776,59.39097
13413,25.026804
5583,71.40742
42540,57.93958
85204,47.785267
51015,70.20079
85770,45.957962
50455,57.724586
102127,70.40511
64407,60.791794
56092,65.8036
37848,68.55387
56789,68.50432
35689,36.95142
74825,71.17646
87074,25.302393
7209,72.08082
39640,48.680527
2697,46.16319
44912,20.998676
52701,76.608734
388,0.0
42462,45.624504
66508,59.686928
94266,73.374306
47748,64.24364
60095,36.233894
65304,27.705507
70912,66.53952
16457,55.42411
19736,30.37649
35205,32.749138
15473,64.54683
33561,64.42265
11946,74.64198
94777,17.36933
92419,38.316532
14902,72.06642
11903,54.090385
11295,74.840256
64194,10.993413
3496,64.84408
43302,51.72199
22465,54.87114
32448,61.137608
85851,11.00636
87123,65.86834
63620,53.05908
80423,57.25104
93664,43.37169
16362,42.638
86039,39.687107
54489,55.03402
66200,37.69053
73040,71.2255
56428,69.86216
47098,32.21427
86079,39.852932
38863,46.580738
13657,35.5498
49778,24.858828
53228,64.99108
1476,73.4434
597,72.64529
38931,38.01765
61260,77.31885
95299,26.08075
54545,71.642334
28312,58.64792
9851,37.16482
47857,23.943182
14742,28.659271
30762,76.27558
39645,53.850338
16366,29.53779
58329,58.071434
5362,48.966022
28680,36.187706
9147,56.035854
58906,36.064316
668,15.75068
53772,65.336334
6548,29.252165
78306,71.23247
70054,13.795412
36756,33.96659
90731,59.735188
102152,40.747425
73426,61.95652
23266,62.43897
33659,51.258366
102556,61.890865
82514,61.35257
50573,37.019157
14163,29.960983
49598,51.790512
16701,38.046726
38315,66.375656
33174,47.91315
42779,63.255566
94603,76.190834
86634,24.28307
43269,64.43824
24813,30.605629
37501,62.482006
60445,30.192778
7885,76.711235
270,52.92546
60228,59.233383
56754,55.3501
30616,81.075966
3074,47.547455
12213,63.751217
25329,71.82198
89932,56.786182
56358,57.799404
59658,62.570763
72633,57.312798
66610,21.979753
50230,76.80102
94061,99.51035
37267,19.659744
8378,22.903067
14962,37.570675
8279,54.04712
6661,30.22447
9493,53.044834
86162,73.50432
80416,21.778187
101175,21.620985
55374,63.298122
90352,52.690903
62029,75.7104
90337,57.235237
46303,59.24959
88052,69.52802
6802,64.071175
41708,15.566383
91108,30.976667
5459,75.426865
29420,58.42255
67025,62.443134
13692,39.165833
4265,46.74801
90490,43.502026
87241,69.8793
3368,43.656845
21118,67.50607
16678,26.292727
20707,36.594208
58963,75.8427
101516,75.47649
4182,75.8136
101222,45.72604
65250,33.036797
14435,27.946535
42941,22.75172
62107,43.751602
42135,58.175106
7582,39.874187
41042,63.806362
5984,45.333614
50772,57.304867
66136,59.344463
14724,46.25243
13176,42.57936
4437,46.297977
18350,25.037851
19210,29.758442
24163,62.982227
60856,37.421394
14303,77.06962
100551,34.147537
55603,83.93081
35334,39.935867
77335,53.781487
69111,66.694725
24068,47.383488
82322,52.71155
31970,18.475185
67710,38.825993
52814,66.24747
46573,62.92676
38167,45.332733
94121,64.80341
43541,35.920235
67305,22.7522
23578,44.511356
45605,29.441473
16138,47.94011
16189,39.169598
10525,64.95156
101139,43.311054
53862,54.101246
8760,42.55454
46026,78.23401
28210,15.779358
65805,34.95377
55157,28.797543
73570,62.600338
58761,48.449013
22713,50.23111
43752,67.26247
53979,45.97919
32193,36.2542
29824,28.609882
54110,74.543106
31672,46.376637
95437,88.339554
59373,51.26113
71024,55.694218
85579,68.12941
7143,17.010662
24979,41.9847
27130,59.284664
45322,29.398094
4546,68.992836
85647,23.130156
61531,74.54747
74639,23.622278
12997,28.611189
45375,57.129307
94472,54.251484
27052,79.988075
74949,55.9871
85810,66.37791
12569,64.34568
56562,48.02343
87672,42.277527
85775,56.660877
93546,39.617485
1513,25.879446
91478,37.998592
92996,24.073698
89444,62.659115
46741,60.204155
41002,38.51314
53674,35.204254
52306,28.721409
69320,46.250694
89099,53.217716
58508,59.207207
99556,36.740387
67369,6.1368103
81392,50.728462
3220,63.146633
36414,36.84611
47946,49.92677
27619,73.24606
20010,35.86274
42829,34.059742
46968,63.698177
41145,50.745804
18722,23.468279
22135,70.57695
6694,13.023928
9205,70.92026
74164,49.275196
25284,57.764202
42412,76.83102
13015,54.38539
52840,52.3864
67011,57.40883
77832,68.48245
65866,53.928814
70024,72.28354
43524,53.67995
10323,45.91023
99869,69.12306
84874,52.3657
101228,51.282166
87554,51.066406
34866,47.765938
54851,73.29758
101225,4.260415
67089,53.874065
78192,67.60742
4275,33.863728
47323,70.81063
29353,39.119385
71349,69.7514
31813,57.136135
80963,37.808247
50232,60.190582
62408,57.95317
10876,19.302885
74115,35.79485
6676,54.648117
25303,55.562748
6231,40.83006
6398,35.056633
10424,55.51055
51715,33.565342
66925,70.14543
34935,32.394066
29,64.945045
60094,34.122272
2355,45.171448
8246,69.811874
88243,47.67391
6266,38.885036
79323,68.48387
26623,53.016273
18407,61.398876
85183,74.22916
91994,24.777103
80651,49.96117
87751,51.17588
73971,66.259384
92571,62.80588
44095,53.947273
977,21.548237
15716,66.990036
48088,50.71311
62561,44.757587
15196,73.61667
15245,68.74265
47802,19.286367
8280,53.495766
100195,58.209393
26388,37.647545
76281,41.847054
30610,23.61246
7475,45.829266
6827,46.531387
32291,60.565815
52696,50.103165
30917,55.829613
59013,47.36007
90346,61.921146
85275,32.675816
23294,42.71685
34300,31.77299
92108,72.16763
53442,56.51483
68866,76.84574
67054,22.65259
80249,59.827503
71757,61.64343
99982,57.965614
67395,39.963646
69414,20.142511
97286,42.354534
60432,60.08136
67162,63.681015
31953,31.863304
34549,67.59963
74352,41.12912
86537,48.577724
26302,50.23428
28141,51.002563
73921,31.728512
83459,74.4968
63482,39.25709
21805,26.401838
54789,40.944843
53613,37.226616
92650,45.086514
48313,73.182
1483,32.967323
91744,30.008394
99687,50.484596
22481,64.99153
41271,58.871323
57685,65.787285
67538,35.685207
52951,53.542767
11537,61.95604
22317,38.898403
21310,45.286217
22499,21.052696
4678,51.174084
102496,58.778503
56160,67.48062
92624,52.649654
57314,58.92035
65293,59.71677
58545,45.87397
70834,33.532387
44366,58.264954
70164,39.71196
60819,38.068287
49620,71.08497
92696,51.249664
58343,77.644966
1267,26.781204
31946,68.88331
13881,68.363945
39914,26.72771
11626,22.804052
58928,57.049164
10739,53.27723
81053,42.241413
71886,75.12692
61425,52.16452
85222,29.892012
59703,34.079285
55729,61.964287
37128,48.7689
42143,45.471077
63166,67.84888
82082,37.05316
85569,42.62466
11447,67.11937
12158,41.990482
83458,76.04978
20356,24.276936
48825,38.03317
84300,45.624367
43969,35.570045
62475,40.982445
31919,59.85227
11569,66.45129
12076,79.37984
55507,66.282196
38196,41.254627
62575,35.616447
87512,61.864098
55237,65.00505
46210,4.7980695
63194,60.197563
10871,48.44351
72003,62.145462
51387,74.14059
59188,33.12554
12083,74.19588
73701,53.19437
45052,61.772575
48729,24.640112
43330,58.512234
58273,45.141655
86387,63.000744
75576,65.58344
52749,62.3403
10186,94.57397
25154,54.26662
102166,47.757675
66554,42.913876
83297,32.82691
10746,68.864845
1748,62.57899
54501,25.527332
53043,54.96402
43984,66.74029
37534,55.43698
21174,42.93489
40261,56.840336
80669,73.47682
5538,63.457367
72904,63.410427
431,55.066246
47689,73.79675
93927,28.205757
21348,60.02247
78015,63.933422
64520,53.845093
33796,76.35463
40048,61.1948
24168,51.643494
34728,28.07778
36221,28.7336
35598,30.288363
45215,66.77865
56322,61.098232
31679,44.61476
81921,83.10203
913,54.866405
8681,12.220918
68810,57.450954
77786,57.090225
86002,46.435856
77876,39.437313
22002,42.876423
59465,26.16197
32618,30.538795
93916,55.18141
28810,69.473206
51283,16.622173
44153,63.9201
28059,73.99139
15482,36.552776
70642,38.538784
16793,30.933567
88175,42.507347
20190,57.685257
15590,67.597626
88786,41.54397
8715,29.796267
37992,61.430645
11859,58.699295
62245,63.19003
83616,45.45429
12161,64.7735
63290,41.29017
79827,31.646275
45246,38.020866
90826,70.7783
3359,35.395573
31402,51.546703
81660,62.952324
33891,75.7808
66009,30.559975
100521,56.22092
65686,38.896183
84447,46.222347
61294,59.058323
60173,18.24446
73448,77.32427
48752,50.277264
31339,59.351868
33618,50.65688
72734,50.11722
77431,24.155304
48310,61.21169
18731,61.8703
37914,24.939598
7372,70.34173
46495,0.3671217
3053,25.842297
77161,30.890285
55268,37.875664
68064,70.331535
101649,57.911373
15017,58.06398
1063,61.340286
66020,49.51442
23818,36.704388
73077,34.97368
56551,41.90362
97666,65.27846
41492,52.06366
20069,60.93233
4558,55.644127
65873,48.010044
85324,71.53584
22092,57.548477
63272,42.07765
18076,32.622562
51366,68.45068
75659,21.975773
86699,26.188757
84096,65.10233
41374,54.79485
81432,67.51941
153,64.97693
4618,31.007933
57707,63.527843
47997,6.590905
564,64.73562
64816,22.749985
34281,11.607008
5139,18.382187
49262,63.713814
43494,8.327064
56946,70.634605
45912,35.74847
38462,51.291496
24627,54.25827
15738,48.20866
37669,39.7396
59616,65.01965
82388,73.879974
4619,33.093086
20477,59.13807
72268,58.399673
31135,40.98599
22263,51.78816
12760,55.04765
18957,42.3648
49319,44.70412
17250,30.108536
55009,29.547573
75789,27.111677
28298,22.59238
101399,53.52737
25901,30.792978
76145,48.132553
38164,27.665033
47685,64.01977
5005,65.34907
28894,69.045944
37494,69.63775
62537,56.333057
64272,10.348795
76312,40.445473
63992,31.029549
48213,57.722645
94594,60.20278
99089,63.041164
13179,42.407898
89943,85.726135
47850,61.55299
93129,61.108067
84691,22.558762
58400,44.239944
5685,46.45542
26432,30.236822
37593,69.92106
12345,54.16638
77249,47.342705
82094,40.342777
44190,48.0457
47084,58.981506
4250,47.111973
17576,67.55288
18009,50.407547
3870,40.281055
101086,53.98005
3450,56.8739
95237,33.77313
89646,27.549171
16325,18.34433
98059,43.379467
31616,78.82722
82565,52.07192
1385,78.06281
17127,54.64075
45542,33.229664
42481,70.355995
101296,32.769646
26400,36.218307
12317,57.879517
59669,50.118507
83265,51.909897
67556,44.65206
100292,28.57952
81202,74.55885
98308,46.285847
9995,63.162083
56452,32.21695
101563,44.83839
9846,24.857418
67244,63.208458
53873,54.860252
66408,71.33918
24500,65.44634
30125,45.604378
21312,40.413605
37807,53.247093
29071,59.00235
23518,61.28095
33336,48.814453
11862,38.209145
42430,77.570435
54117,67.46541
26517,54.69843
24761,70.20795
55172,40.57313
81353,44.939728
19789,12.738773
31594,47.407005
63584,38.509624
27008,80.264786
63554,17.912237
23928,59.890854
93774,46.410633
88625,75.286354
47715,66.66773
65324,37.66795
79939,49.82214
69472,16.689165
13072,57.192665
36721,34.442005
96434,64.78947
99342,33.78237
69367,48.038002
16016,36.15052
3210,77.86351
91826,36.85719
34716,56.782818
3708,62.158154
23804,61.835533
24297,64.53652
6700,55.616943
84149,63.04511
86839,40.222324
7782,75.232376
4465,31.309109
85314,39.066727
81709,47.33591
23320,52.36101
43212,46.376434
71328,69.358246
31530,63.662556
57856,53.259106
68424,64.01346
18317,29.254059
70477,69.3311
49136,43.894405
44797,69.85827
90270,76.200714
53910,36.782307
38866,64.4375
73355,27.657473
81049,54.267963
72692,49.17111
11157,50.52305
87731,30.962097
82347,55.053314
88337,54.37253
65885,30.631243
63146,61.65057
88546,65.69836
26975,60.037918
97061,30.854015
42673,26.349249
303,61.34984
33309,55.023705
73324,66.55057
55675,54.528534
49905,48.956417
37565,50.519905
72443,68.28881
45685,66.66551
45044,60.781452
49165,19.072289
40556,19.60465
23918,54.11757
28275,50.730286
53974,18.459059
41265,70.35051
65189,54.411533
24720,62.665752
6336,42.18785
76886,48.841904
11451,63.769962
84748,15.504325
6678,36.89275
3440,72.89718
88054,68.3425
83237,46.99842
74891,47.867294
19667,21.912857
51286,66.52284
38590,29.991385
3558,76.05367
78474,43.14799
70619,44.845345
96647,25.582537
40409,78.96536
78702,37.92065
70570,7.9369946
82177,72.57153
55439,36.820477
75084,34.642807
99954,76.71956
93853,62.884403
32142,37.51412
44868,58.37791
4740,63.96937
1667,64.47808
13371,73.480705
51063,57.25389
15274,60.571404
39378,40.110996
28241,83.68977
54369,48.532066
13870,60.073334
34635,52.616234
237,55.254208
93390,22.811213
9371,46.2727
24683,53.27548
86775,49.265038
70882,72.26859
17894,61.15779
35787,31.925571
84509,74.668175
7892,29.618576
46557,38.03222
8066,59.730145
49183,51.407196
72373,30.125784
2631,39.61675
85596,69.70199
86291,42.67169
53079,49.79094
16360,72.07004
27953,18.240335
62363,54.835636
13793,83.412895
45566,45.587273
47805,67.2855
43736,28.74202
15712,5.72723
12857,40.118923
100712,58.451
44429,60.114273
9301,56.565063
86662,69.241135
47004,49.6102
17430,59.880123
96465,51.638363
97912,49.272026
1661,71.63963
101735,29.534752
85616,62.903873
56496,30.072445
68826,25.830315
80025,27.59742
5024,49.425182
34504,35.893814
79678,71.17536
93088,62.805035
6123,38.067413
7118,37.808582
30041,63.23027
11094,51.209843
23807,65.665306
67144,32.63636
84110,32.79442
90532,34.402157
59439,39.54625
69571,66.530235
15598,60.562073
21721,47.26863
64987,44.512444
5629,36.288982
34982,15.240908
43523,77.43835
22811,33.91848
18283,45.081997
18525,51.532368
48200,64.49252
33479,41.58369
49594,57.783894
74646,56.81509
45038,75.89681
96917,49.814533
72799,43.290028
47859,21.905664
41777,60.378136
25513,43.78204
55456,29.761265
35911,15.722768
90770,66.92761
5346,29.966068
75603,32.82913
22875,51.61341
33333,55.63432
68099,34.85163
28268,41.430122
19171,47.73927
96441,57.78135
1246,1.6860046
16282,100.0
38490,48.89388
6758,56.237286
36792,69.35571
4847,48.668617
50339,1.6060663
48678,67.46706
91836,67.042114
17168,59.957912
70212,54.56371
19758,21.644833
13653,18.853033
76818,67.699295
44559,42.218246
89012,67.181984
63276,35.422268
68593,51.933453
526,45.127163
4627,38.344536
8648,89.19146
2418,28.529488
10652,55.566704
71991,74.657875
54955,32.17331
99025,50.38352
23957,60.220585
39326,74.26131
9467,46.06058
35,44.606064
92370,60.20454
33024,66.53461
17099,15.1477
39146,71.55638
50313,61.276917
73228,33.874138
91286,79.21852
36444,48.594288
34228,70.886475
41231,68.05084
43596,60.437256
23176,44.567326
18895,31.125282
46128,51.142887
102049,37.451256
50582,61.2896
48574,57.292233
14581,54.628544
12920,52.912285
3981,45.74458
64094,58.99442
71413,39.482113
10529,67.41543
34144,21.271446
79805,28.582493
79502,99.783455
35069,27.1677
7228,15.948721
86520,51.70287
69005,30.094223
9427,20.598375
90438,53.082596
43433,56.744434
36870,40.289215
77765,76.51633
10011,53.646492
73691,80.97832
77511,46.629787
48652,39.280357
4743,29.326857
6999,73.81441
22521,23.413063
23887,72.5256
79313,63.52133
84715,39.095345
91228,57.453026
11836,43.950283
24703,40.292557
82888,39.347183
100415,22.8374
97083,51.99421
1324,60.9317
15814,21.263454
42757,77.670685
62799,34.16627
9573,57.27301
7779,46.125515
16137,37.79314
22805,29.823734
101840,53.6474
5686,52.4225
21675,54.425194
35537,67.47056
25073,51.127556
12861,67.75925
24550,2.367661
99882,33.828335
54470,32.057774
91613,86.95423
38447,60.562634
71081,67.55859
75102,60.88724
53272,49.98036
16623,41.8871
71180,75.32773
39550,36.49457
86279,64.749176
87492,45.115223
27369,33.213535
13914,58.19364
7995,73.31094
53262,39.07948
17796,43.559948
26662,75.66812
25,63.439495
3300,65.02374
72915,60.662994
89385,39.942116
28296,13.115818
72162,45.359493
58523,33.307323
25279,77.169014
24374,41.986347
1611,42.39584
59840,44.059895
64850,69.13881
58820,72.48268
24513,42.25053
75442,50.797787
6387,40.97154
102577,23.818274
57040,42.89879
79506,64.784424
48739,37.023285
62400,47.127678
22596,41.61265
69422,47.22617
93040,52.96556
60581,74.03931
13658,61.119713
66677,35.914314
94951,21.725552
80703,38.31237
7200,30.867483
17858,25.780987
40949,49.732563
92161,19.287346
51637,55.579517
11927,73.42754
63963,62.500046
27703,65.11684
22248,64.291084
46721,66.47532
7251,20.149063
2493,77.65043
51538,56.575493
22020,75.436104
20590,42.48035
58723,58.01349
42809,78.68327
36504,35.507427
38624,66.23485
74330,48.728672
76179,60.356674
37764,51.63422
27659,59.92871
80581,16.068382
77290,66.72107
52666,55.825573
8493,29.610748
6185,41.715168
74055,59.08054
101937,54.837456
36,59.081852
70633,66.09024
77071,45.10279
14420,35.812416
32745,31.176794
65751,45.26506
36245,30.201416
28690,70.72153
74443,54.307053
26846,33.692654
34518,69.45063
81306,32.728363
97902,75.14959
14455,55.906868
34832,59.190998
8262,31.363228
84714,72.41135
22819,32.9037
78802,60.329845
51065,50.758656
90172,58.808372
97872,56.166008
43438,57.6341
75720,70.27122
97504,30.674013
25478,56.230827
87772,49.64274
55323,51.70884
63400,32.28418
69180,67.86407
35790,73.903946
65997,29.333958
86276,16.368534
99210,64.9721
20538,27.135208
82104,20.00995
23554,67.60535
46818,75.02999
78759,54.665874
60520,30.771194
56153,21.086992
10007,67.22147
65958,40.92165
92832,53.53814
69820,73.63272
90775,49.07337
10087,40.27436
63009,25.857327
19705,20.472069
100553,56.611584
20539,67.34269
88475,54.779804
49816,61.1292
76872,47.06125
34139,66.76821
27076,57.633804
5775,38.254406
20862,32.062103
26129,71.78355
63440,44.319405
66524,23.863825
37725,76.3031
3130,41.04636
45342,68.39766
3629,47.072987
1460,27.875666
54537,59.084846
56909,43.716652
80229,65.134445
42587,68.147064
12833,51.866524
45094,47.541084
21333,26.773024
61495,28.390642
98218,41.834553
69827,40.675247
48007,69.75917
27777,29.167316
15593,56.63065
49072,30.375853
60751,75.93941
73034,50.749046
56023,72.47689
31374,64.86944
89683,41.025566
79609,70.7218
36963,62.24971
41865,70.45318
45956,64.82736
3295,69.307274
84667,71.55534
36834,48.108536
21909,61.142246
54049,52.955254
45144,31.801655
8961,72.43584
86794,46.886494
42081,71.94767
91236,67.592995
17264,83.338844
71319,65.37159
66633,33.672318
71213,56.479786
81086,11.27091
85242,62.036205
10878,30.881004
30067,28.089376
58495,78.96611
65528,62.772186
68490,41.162483
17711,35.818665
4956,64.99335
100191,56.797096
81786,72.18561
23728,31.002493
39989,43.575886
8402,74.276985
47207,60.65257
11484,61.746437
13320,37.29772
43828,31.783056
81493,52.684883
58063,74.17305
36182,31.524626
50822,54.938812
61364,7.896019
85271,34.945858
2305,53.269646
95559,29.397562
4649,50.978695
28363,47.230167
38555,47.26263
38800,45.939
34948,57.384327
43748,65.06889
56481,32.60193
96166,66.8916
87210,34.058174
82961,28.857433
35599,76.391685
89161,10.992738
98151,59.256145
28663,63.50731
47067,58.309734
85255,32.78455
77992,49.15546
28083,59.80347
42865,75.6926
61315,49.714706
66209,64.73672
46060,42.801033
38382,69.49546
65886,58.17036
84084,47.644012
94645,80.786545
102568,71.55497
1864,49.391502
89948,52.401886
29802,40.66982
56511,27.758635
62334,71.80339
89705,51.95095
28431,11.933717
100216,39.94549
34035,61.119663
34787,39.973923
88268,48.85327
84598,70.47134
95103,65.639626
71742,68.57618
41504,55.738
2801,47.8142
44146,47.806023
16400,56.45108
468,58.607956
41207,44.76245
100973,15.369542
45428,49.460358
92718,40.96877
85,13.599728
80504,25.867065
42322,31.13737
25791,33.957497
74368,45.104122
60364,47.584965
71915,45.246098
2555,50.690212
36406,72.20303
83445,49.62203
61785,64.51568
50472,58.080643
64574,31.191477
44941,50.472485
17632,27.010859
82562,32.853355
100519,38.020695
79439,51.599655
62893,61.61262
3521,42.421234
39017,57.746063
26002,51.295753
20908,52.977375
74738,55.040005
23760,25.98497
60317,31.558298
81312,40.51711
18010,53.047947
71606,45.216885
16270,68.302505
5723,37.688873
50388,33.892445
91877,56.342648
47012,34.181572
29055,32.726955
71792,47.88659
91050,54.49622
91520,56.153404
102134,61.451057
40656,28.559721
36431,37.2764
39155,37.500053
92504,46.042423
13871,67.729065
39846,38.006794
85651,10.2014475
37445,46.852764
23919,50.99329
88838,36.87283
35739,68.06639
80935,26.685541
13921,73.48943
93446,65.13239
78000,56.992023
77130,51.237904
99296,62.62725
7202,74.78675
59106,62.411503
59887,56.767124
74447,57.8554
53525,49.20373
82281,65.15156
81183,13.908742
16755,46.055668
12795,76.122375
37574,53.020435
37631,67.15686
80991,61.450226
2534,52.33249
32490,74.72716
97285,45.306484
24568,63.929886
37836,41.201107
12627,31.553
60328,61.54671
8094,62.32307
13164,42.06165
97425,66.85251
84787,29.633072
83070,66.040596
83689,46.791656
30753,41.53434
71517,44.487797
99875,36.562397
35298,33.48636
70911,22.81792
40604,38.375134
10924,51.2971
102013,58.060028
91540,61.065132
69941,73.624176
7673,72.07082
45740,43.000893
94191,66.04833
13890,43.830353
55902,63.776524
94743,30.467678
69262,54.873604
76679,49.3693
13616,68.35742
51143,56.316452
30913,28.555872
16013,50.852043
45440,57.465584
35502,42.273026
61329,18.986086
90538,66.170334
11224,52.138126
2532,78.48846
25634,50.44511
1105,53.338615
84406,42.561333
96840,62.096165
19550,33.679764
7970,16.364246
15973,55.287674
15478,64.37567
6847,54.943417
29918,48.287918
55179,68.07014
95162,61.4388
45688,40.720795
6128,31.10349
52106,59.77764
74633,54.5389
43355,71.30957
64731,42.960876
28356,38.421124
46136,50.95277
58231,45.550972
77233,50.889965
27661,55.24476
51686,31.72687
61759,35.545097
97908,22.279243
97194,48.901535
55461,56.718777
34384,52.803852
50933,35.94944
36073,24.164406
46938,36.45882
46976,55.414333
1380,35.81361
66477,40.41122
45586,45.80943
62653,73.605675
33080,55.389454
86140,76.5613
78710,64.02554
92132,50.528492
54021,48.487892
78017,64.81932
29862,59.973797
5838,25.329985
94072,75.18953
44731,60.22358
14831,36.90425
17072,47.433704
38056,70.10675
49384,30.394566
48256,53.42059
47361,29.544556
66444,57.394337
33148,56.29415
2533,39.10509
9304,60.83514
76581,35.71457
95560,15.511197
93325,40.40479
17510,64.442566
40667,39.238785
7253,35.82686
80805,47.72417
92949,65.04183
99462,21.451468
27792,48.65488
95995,52.059658
100823,36.49933
45831,25.72094
64022,65.27329
44059,70.002525
10428,70.53919
4995,51.609818
83737,70.713554
82493,54.929436
86886,58.29978
52370,77.44916
49332,92.26777
70036,65.539894
79921,67.84801
29882,62.29077
9925,48.95183
99626,67.75092
42406,55.3272
70478,29.561941
102337,70.949776
92709,69.50025
92607,23.938015
86112,42.679115
30764,29.28109
14804,40.290543
23802,37.374413
47410,60.169086
1110,38.475716
25686,58.146008
61136,41.96798
23549,65.62289
95824,69.55133
95641,36.111675
71128,43.19483
14691,77.45162
99236,72.60368
88688,23.53182
91799,69.358955
36502,60.731472
8954,29.843658
9609,40.7752
63908,64.91603
26908,29.578693
15121,42.70559
47960,38.39474
72654,74.12105
47296,26.584713
14367,39.403652
52801,46.7488
62254,61.811558
65183,21.808527
67738,51.466778
24270,55.772015
56211,47.991272
94298,71.823204
80716,39.576992
50159,75.88874
23721,69.354454
78965,66.53804
84156,59.850338
14462,66.53584
52065,94.96259
63472,58.686356
99420,38.70847
77921,54.982994
61780,33.96812
45826,68.526794
16982,56.686222
94697,49.279514
21753,46.021008
6011,72.66519
82439,82.150085
81409,82.80157
47043,33.38582
4861,59.28493
12433,51.21948
87015,51.16183
5023,46.003597
96851,60.94031
16668,55.59959
81181,69.51852
90640,49.36768
82601,44.81402
34141,43.89726
11143,55.377075
5302,40.798847
41083,58.031353
70580,28.351767
28599,73.30372
32098,54.449215
97129,39.928406
23154,45.900566
76058,51.819572
85884,40.88485
100101,43.209637
593,63.28802
28640,38.167156
10836,59.653732
683,63.783443
29241,68.130325
7700,71.08382
51220,70.850105
88457,46.89969
60257,26.787628
92507,48.693573
46272,64.291115
84057,50.42735
5250,62.477005
98764,70.80128
43099,26.927256
72471,42.056873
6098,42.8775
63052,32.196064
87919,41.524807
86516,52.66235
36358,71.89837
90819,24.14765
70889,75.47147
77748,28.380436
87570,47.406677
51097,84.09104
65473,33.368313
8322,78.6337
92468,32.109684
88910,65.72426
90818,65.24816
65151,68.42543
4031,60.438614
54710,45.66008
98814,33.30253
92423,50.39756
2072,36.037125
43903,45.266346
10433,39.163887
60740,74.70447
19366,52.432365
20582,32.984486
3250,70.27507
82578,18.83197
32399,68.476875
23958,22.72896
86583,27.926992
91288,37.880863
76784,65.97592
56123,66.16901
84089,31.917347
85343,22.929554
68659,75.768974
90434,43.16578
41678,77.28324
59415,40.629604
17020,78.52171
51657,69.36557
91571,41.005085
98111,61.61983
83550,15.968116
2582,68.83149
74305,29.365446
48731,45.812725
10111,18.53269
24485,41.157135
46090,77.39642
63077,59.338356
17962,30.576618
93804,67.45365
13226,42.495907
89677,49.27154
21730,99.93126
96304,54.95557
4144,63.118874
69665,76.18113
37866,64.35007
8180,33.035004
38458,48.83355
11745,59.605156
94415,47.88918
82633,13.3217
41288,26.856524
4733,46.844654
56441,65.576
37724,42.908657
100583,35.65284
41308,52.55602
13858,69.96718
76183,32.75573
60127,64.716515
20326,47.140446
50664,43.650208
38546,41.25944
28130,80.500725
41009,32.650696
18493,33.890434
959,60.276993
72958,53.93963
27198,62.904327
5299,38.865402
80442,40.08941
21994,78.70754
78932,52.50949
94056,60.09999
101387,45.228245
6829,47.487526
72345,39.70767
32155,37.658447
33848,36.65256
55360,34.330986
36348,50.194614
80959,36.116905
4942,21.433838
26536,57.333145
57346,61.73816
31763,43.23934
15095,23.72124
49312,46.337334
25247,22.362394
6445,69.15758
59621,61.1266
97813,48.97618
7003,62.675713
9748,61.180244
40260,20.699213
79529,61.059258
56902,28.207533
98178,68.82339
76094,57.505444
92590,60.664112
78685,70.717804
18224,33.78212
72312,57.995155
37223,42.9176
84785,18.232399
72026,59.286537
57888,45.62751
78887,36.636215
101397,34.249157
85796,62.094757
13380,39.588364
24229,44.412266
14882,67.00362
40688,44.939663
92614,27.144787
98521,65.12972
17077,47.84475
3875,38.762383
3238,48.482533
18272,49.6871
76438,76.899864
46753,45.880585
21973,76.9484
96530,78.62545
78390,59.7654
48128,63.50248
74907,26.189999
74340,49.101246
6238,28.92064
78293,32.78469
41491,38.46955
60636,48.117737
22630,40.89158
72221,56.60268
28138,41.21685
19444,28.048794
54776,42.633625
4569,44.944656
3134,56.811543
25799,77.94898
919,58.166653
101250,68.58322
63982,46.590065
68634,28.108513
6429,23.880165
54634,85.16028
77887,71.96119
84859,38.175896
56499,67.95787
22504,57.08918
80357,64.22849
30505,41.319405
97055,55.365955
65416,49.374535
102350,35.08436
44729,38.218117
45648,47.24146
25838,68.378235
10454,59.93408
92683,40.536945
11381,39.50985
92285,55.35358
25147,59.149258
29380,38.71062
11446,31.41028
23604,76.52753
61554,70.71656
15214,48.90675
101789,36.841843
59696,67.53395
63220,56.35493
80196,28.777796
45093,51.85514
16815,47.23411
18259,73.15773
8143,43.069923
71211,56.782368
81497,44.663456
49947,23.87454
28736,41.440964
15765,71.007385
34330,31.923075
41269,62.41038
22230,72.90395
7146,37.656704
26231,42.287037
33805,36.75287
84256,80.90956
57867,67.80964
57422,60.531796
73846,76.9371
83792,36.633568
56091,38.024693
89488,54.008114
6567,72.80991
71605,57.712055
45169,43.775105
84357,50.558342
96574,31.27563
70003,48.80943
31737,56.898197
96178,59.063755
58679,47.45387
86429,73.85449
32734,38.58764
88879,19.517935
91327,66.23809
28676,37.800987
6669,48.275204
51630,52.21297
86925,60.397526
91176,28.158007
47254,37.18968
31444,57.37107
93065,70.21143
99472,79.0957
41886,68.75748
92154,83.32759
22569,38.005016
90206,56.24061
417,76.70295
23282,29.671837
94957,57.406128
16927,45.546764
43798,24.181505
15994,48.23563
92492,40.627445
59873,51.600883
9296,31.831003
79696,26.766474
19295,23.17207
11475,52.014294
1097,43.988956
64010,64.55194
91373,51.570763
75231,66.03587
63067,69.2009
89059,47.48648
81172,42.74151
100724,76.8127
31816,58.36901
47965,47.170086
52865,50.882305
69775,27.167765
85936,42.31997
58310,74.65832
28219,50.47784
71912,50.230125
39881,67.69692
15796,29.864882
40160,52.807438
62992,33.199875
97944,69.095436
25939,79.02536
83020,24.265556
12333,50.229034
68434,27.749664
20346,67.044174
86696,56.035343
92164,23.735561
84208,51.670925
24998,32.489323
81167,41.011623
5622,50.080402
58924,49.19961
41008,73.129944
15119,48.81955
43912,70.95682
48815,0.0
7101,65.070526
33346,22.3081
19755,55.467087
54472,64.41219
26051,30.086456
37367,41.87949
69547,36.510956
44658,46.520027
41924,80.0353
41109,34.555466
15848,43.831696
63398,60.564327
82672,58.43071
27971,69.512245
57484,70.25897
97255,18.989504
43023,61.17777
79785,61.60615
13849,64.323235
57431,41.016994
53242,59.594135
35410,35.050797
88051,59.694946
13123,57.04115
69661,28.9907
90234,22.68937
47647,56.447437
62067,63.1172
33747,48.460125
96062,70.75598
49715,65.44187
25812,61.868427
97177,66.61274
34934,63.863796
34776,63.7423
16347,39.223194
68962,62.532623
94470,58.17184
6851,71.48498
88697,25.34929
42253,30.60952
78322,46.06762
8446,55.18408
82443,57.993046
45203,38.992107
56779,61.790546
70531,41.177345
24066,12.7405615
99637,32.64302
86534,37.80709
18847,25.673208
19328,58.882458
28555,69.04649
88515,59.8409
99093,70.90979
1023,38.989574
22942,35.15016
93194,42.706963
31413,14.225306
87375,41.945023
89220,31.007896
4016,42.54388
3247,38.553406
10918,59.53741
84980,69.154594
18821,79.76768
3356,72.23665
76597,61.067333
43677,54.30913
38294,55.71568
63676,75.56466
89986,24.170973
61113,49.727634
95583,34.070198
8337,46.959297
76771,17.197748
53743,11.228678
44636,41.98254
23416,55.465145
21381,33.14078
73980,62.94007
19103,51.976463
35289,33.83904
48031,72.48808
18968,74.575836
97604,61.99144
14386,62.340874
64988,37.194187
43795,66.40024
18169,36.995888
29876,34.26934
41975,57.433876
43992,52.649498
66030,74.98884
63933,20.90354
64150,68.42081
21277,41.424137
81877,62.44308
58250,57.632545
93243,25.689281
39716,40.38246
663,50.874744
85464,53.283306
69762,62.094383
51589,48.071743
1353,45.96146
57053,38.25799
59699,55.91329
64656,47.88736
98454,32.719765
53577,49.42301
44934,73.23606
38082,49.813606
17995,60.468998
65957,36.272633
2502,47.64644
99253,40.29915
20065,72.07187
91965,62.195175
66169,46.05098
19165,26.565887
316,33.39168
51181,55.69876
90390,38.064228
8274,61.721127
32542,54.479748
76489,39.86978
79291,71.721596
73814,47.818203
93181,34.26101
32633,22.974312
87113,54.260822
44109,49.63301
33865,82.33502
99654,43.425774
74197,51.404404
37913,61.336052
20791,45.595516
38387,35.43715
56450,22.23174
101565,33.27355
52188,63.21161
8134,52.83563
14307,10.23211
44115,70.810486
10496,69.1621
86308,45.63545
89169,46.193787
66156,35.875866
55977,25.569223
74488,33.797447
23814,53.12761
78177,76.54821
26357,59.89241
9898,49.80925
2269,53.900627
92077,61.462543
2557,50.83218
76350,47.701756
46479,53.570457
62527,23.548702
20826,51.107918
81520,47.601482
79472,53.350433
73940,71.05114
79275,43.251415
98249,35.083282
91402,21.375032
49574,71.66811
28641,49.96898
843,19.999714
52120,73.78179
48789,42.69801
45147,39.177387
77542,28.62277
98190,76.818405
91029,45.973087
41958,48.170547
40703,16.205284
74695,32.75341
5597,63.1418
8437,71.33152
43076,42.566692
30007,52.972843
18607,34.141483
100407,56.89442
17804,28.235554
27704,66.192955
37477,63.128193
85485,72.59996
39308,18.677778
67261,56.62221
15639,55.49022
62271,74.67495
56263,44.685265
56049,80.10958
45182,44.899937
99065,28.328573
42180,54.932007
85024,33.0599
43327,36.42018
64618,61.514996
78497,58.26776
10297,68.297844
56691,60.897453
90279,48.639538
38489,60.382328
98908,72.652626
9904,28.061213
23810,71.54435
83734,66.65628
16147,53.03449
91893,64.341705
58355,59.500412
26092,56.504204
12807,61.88654
75765,43.15739
69456,53.464706
82039,75.376366
56574,62.279728
49838,69.5783
54604,67.83673
24975,47.85123
43075,59.46873
5825,43.112843
69659,45.404602
101941,66.66411
15281,48.797287
75900,43.91223
71215,52.18617
23129,52.113564
73782,47.497734
102516,90.744415
89650,70.21934
101744,69.40988
84358,68.935905
17086,44.524483
27069,74.0669
33948,53.695812
16184,38.24029
70913,34.948048
96835,30.556023
2672,48.25952
97389,35.393787
38819,28.999142
74638,53.437836
55248,37.2238
84722,35.131363
42165,57.92103
50720,21.791449
49096,67.72892
48040,76.6618
7920,37.4487
27559,79.99138
85656,51.9393
71519,66.988266
86093,33.549114
20352,72.64892
39553,40.09143
5382,71.62282
56800,66.09759
69207,51.599514
5504,54.88457
22965,6.5379953
61093,59.162212
98196,34.962227
91804,61.924717
35844,53.724075
35306,78.747795
13615,72.89357
98257,53.908615
13250,59.473843
53393,68.97561
94106,53.114014
4704,61.49513
21699,40.82978
101866,15.761437
93475,52.388405
2380,49.805946
69437,49.335075
13510,58.551994
2733,64.49017
49497,58.028282
43547,38.03933
64614,23.44902
10804,55.735294
84108,56.46692
41052,51.524807
18462,69.39847
93586,36.670628
61998,47.544827
42972,42.660423
97609,67.952126
86972,48.91064
35345,45.47456
31414,58.281258
21336,11.399328
74456,11.43888
101199,56.574615
7489,68.09899
33566,46.94633
65510,39.70917
85676,50.732376
75316,13.182851
11112,61.535046
94758,41.431416
64751,50.141895
82918,59.658173
56855,42.559624
87950,68.43957
72805,76.02813
90135,68.06983
43210,25.45633
37941,49.77325
76092,69.047745
45135,33.182312
6953,59.184734
11621,55.551506
60955,34.747116
44389,51.525387
23551,35.559433
90790,81.463615
45971,47.016228
99254,61.15256
93171,40.096527
24597,44.814293
56105,72.87568
102288,59.338783
37903,58.285847
40857,57.15291
32728,39.81461
20186,60.218155
57859,58.33543
66147,55.077854
16630,66.15229
8300,54.47266
3947,31.51367
21463,46.076096
99877,44.621395
38231,47.306805
18012,52.949924
10550,50.524624
25629,63.437775
95014,50.943966
46064,43.14943
62863,42.162937
50166,31.330587
47755,40.321598
93602,16.062944
48110,54.596344
23441,36.435368
74955,33.99497
20259,61.59087
17458,37.350914
45775,12.254212
88251,64.17752
56300,54.25962
20640,19.794703
46532,39.987576
48801,75.213524
45007,42.995205
24828,53.83447
45980,67.75032
66423,15.475796
75444,31.901535
38611,41.834457
7784,54.578526
63823,61.691254
13217,55.330124
88101,58.661522
72647,51.787064
167,57.5297
88878,76.66717
47413,51.536602
76617,55.22591
68436,52.686974
51360,76.44264
95012,60.29978
86147,66.89831
30940,60.937485
54888,50.007786
84245,61.470955
92574,32.51555
69696,88.92483
42910,64.416595
39784,73.15912
2012,64.05762
90126,52.520226
28753,22.143764
5918,68.1523
80350,15.982439
37571,71.44777
3109,72.66282
52738,48.448387
65404,69.98031
84947,39.419483
60845,42.190956
20042,7.497635
76379,55.494316
99355,37.615482
11668,62.253098
25085,37.28895
41059,37.024895
82927,36.24438
146,28.508438
78432,73.445366
32855,48.098587
82723,58.343952
24016,89.86391
2593,55.54746
47618,51.844215
12191,52.520508
23327,37.667236
101308,71.608635
6082,51.762444
63951,52.809444
10387,39.231144
52751,56.481327
19926,60.838627
8864,21.264471
93741,22.517612
61470,73.06139
17668,36.97138
52117,80.2009
87237,57.526432
44174,52.44349
11244,24.1646
74659,35.162933
6047,70.258194
91493,65.89275
83283,59.837856
95252,47.356636
31809,32.990208
20094,44.843765
100439,34.2188
44789,57.72522
73311,65.471146
19466,46.567883
58809,65.12943
11479,65.8776
81104,66.310074
35922,67.87083
47355,43.55473
28872,69.338005
52792,53.24493
24861,67.90049
15844,45.73765
60695,26.773586
18648,40.675896
82542,50.459194
92231,34.907074
3494,36.594826
974,65.14833
37960,73.21901
31337,99.79879
77339,42.356453
91741,70.041534
90827,74.03857
18539,51.294994
72925,61.789093
99777,54.521435
71547,54.214436
4726,58.252518
81920,42.771587
71310,8.147579
38257,44.65135
89042,46.788494
6901,50.680107
50536,45.558456
13429,66.006294
1462,57.778458
101611,62.54967
76363,62.065308
87044,52.699608
23874,72.35129
8918,49.62912
10024,70.32713
54069,32.70974
78304,62.317276
68466,62.935505
68628,44.779022
3101,62.135212
798,60.081997
41228,66.08666
43961,55.28764
40926,76.68748
27278,39.05058
3993,58.114967
57246,59.993397
77479,69.66986
28558,53.377968
536,62.913235
12038,31.451468
40319,56.135242
10872,51.58556
71776,36.331734
95370,35.400425
95122,34.896423
99520,65.60876
44159,40.64911
51639,56.500404
33226,65.68431
102467,57.63286
95401,57.30018
75969,67.40493
62313,61.194443
36165,59.05205
60897,49.1801
28460,32.956024
55618,71.952515
66751,62.13853
54935,70.83558
59269,52.269077
81517,50.643105
81883,38.865547
22588,30.900381
8514,56.627213
96761,77.99134
30312,71.02156
30643,70.400505
4072,68.04146
60176,49.783657
55762,33.63733
51147,78.61792
43551,61.10918
3333,67.2063
82843,55.907543
61814,37.01516
31234,53.791725
40163,75.69459
45968,56.331326
53139,61.241714
17572,31.508879
28194,21.251305
26929,26.928404
40632,51.111668
45043,33.746193
47123,62.120914
59700,31.213331
33017,58.91394
82625,56.331787
22712,58.196
33303,56.85085
48746,66.75821
34651,38.108456
3660,32.285122
42584,29.234667
37815,32.66851
6507,61.46007
20552,45.737854
100357,68.57328
94226,33.700615
86085,64.68726
8782,63.96646
30173,55.501472
38403,31.78972
9550,81.44716
95249,63.337208
59972,46.30051
46673,16.15341
88561,62.637657
69143,55.195156
5351,28.642778
59671,64.117775
29422,47.307293
37954,40.690586
26441,73.93965
22039,88.88166
5224,40.47592
40279,72.62836
14614,27.125177
6542,53.325157
5330,59.9725
65971,43.17358
94975,31.575146
77703,58.06298
94075,38.093826
63150,55.994144
90069,48.179237
1074,65.31964
16021,59.580444
16626,41.87436
82399,59.5887
27294,67.08574
43202,63.26981
19288,48.03046
61952,18.146284
43209,21.805408
61015,67.719765
24498,53.107708
62330,21.081459
44694,53.688927
19018,42.164825
65497,67.96741
15962,38.981167
29634,28.33031
62838,65.6289
79528,28.319368
22094,49.21497
102381,40.408543
48516,75.974724
89193,52.64595
38654,21.595228
60158,42.480362
56954,47.39719
42417,44.07635
35546,17.391644
16711,42.676758
62660,33.67269
35457,54.88189
37232,50.48437
12490,72.301186
43653,35.09047
16320,72.24845
49092,24.822586
27468,66.23836
43766,64.11367
82814,36.75864
56329,39.80325
78259,82.58705
17270,59.271393
94628,68.495094
32506,48.95037
35807,62.88472
64813,47.003513
21123,54.86325
49553,71.75157
75438,62.975468
45028,39.667526
16207,38.678375
32888,56.005756
84273,58.929504
56427,60.17345
29489,64.37775
55591,68.425446
50209,37.6865
24109,57.215637
76393,56.90967
3017,48.838467
61861,29.787512
61178,26.110931
76716,74.87697
67998,37.511024
65575,55.844517
37872,71.171135
48513,15.368583
101135,41.034855
99734,28.366812
53259,25.84664
101914,23.977314
48032,61.18976
60908,72.30957
86564,65.19265
52162,43.446434
63180,72.990326
12477,78.03664
60801,82.21543
37821,25.754835
27697,28.409538
6653,50.095673
27231,69.00045
6039,43.611404
95989,64.46506
1544,61.91772
14300,37.5452
92868,33.2367
39628,59.907627
35977,38.289753
83117,45.940346
63848,55.39512
81451,26.740576
14233,14.534714
14122,43.063633
5977,38.65374
28265,37.081753
46834,61.35319
43349,48.510853
14841,38.01234
43763,79.93789
73928,60.86593
5650,46.15491
63474,59.94046
76696,38.396637
10935,43.193806
100183,68.65561
35829,20.89803
72630,57.08354
70487,57.015736
45040,67.51433
95855,66.19922
6938,36.01801
55001,55.553425
72014,28.469908
30945,49.99193
57140,44.924625
17713,72.802605
4220,63.591385
193,55.817223
8915,19.818714
75741,28.523178
68318,39.782864
44616,45.13732
32694,56.81981
30177,66.48125
97336,60.26002
17550,52.26298
11013,24.523367
31520,55.69351
23158,42.186222
101576,42.816242
97461,57.817715
13257,66.13341
32994,41.04641
86400,75.73751
36357,64.58036
56510,67.036156
47539,28.433975
54522,45.203472
26093,61.637505
47040,58.201523
80670,54.2395
91036,24.43208
50481,75.09857
30003,46.935707
38822,69.59448
61355,19.719503
37794,60.771217
25066,26.484526
52712,53.47772
74061,60.664944
23943,61.956738
60526,22.53549
49182,68.80559
96381,26.899994
34282,58.669758
11033,37.65497
33458,57.876457
81467,25.508207
13953,70.54212
77045,51.93255
83019,56.156475
91950,60.39676
24536,63.965763
4722,67.75183
1350,48.652462
83290,57.341667
49104,66.82709
86989,50.242348
48631,54.624287
35703,31.612411
30709,56.14593
281,27.415905
64304,51.337925
63044,56.132294
90476,41.39999
78314,15.438866
101356,52.138794
45629,22.57303
6006,48.67013
19341,26.833344
61437,29.734951
39778,48.720078
77638,59.503063
8992,19.764761
93600,57.545902
36542,24.764734
47810,46.225655
23002,73.06371
402,31.164091
64951,54.006317
21080,75.62383
27959,43.449383
98956,73.22756
26724,40.889786
33877,46.862553
70352,11.733693
13544,39.22011
95501,42.320324
82313,59.730515
13171,52.52695
45872,48.684853
37673,43.36178
93156,28.71893
3525,70.129196
16578,40.43703
56071,35.801254
97322,68.63237
18884,42.456417
81233,68.17064
87339,48.60185
98144,53.9517
39458,63.556206
56063,42.99627
40641,51.034252
56827,64.41535
95474,60.212486
40092,32.677776
73815,22.083696
24441,31.081366
79162,20.349344
84573,68.7766
73351,46.71336
54568,53.032265
12659,64.38086
47461,81.528336
11579,52.029602
64668,32.37653
6294,39.426926
18511,33.309624
73376,52.775238
78044,41.633198
24736,32.08573
11501,58.88064
62562,19.402683
29377,25.553991
57562,66.765396
4682,56.52869
79365,20.241781
40568,33.415222
101417,62.750362
69621,55.772682
18867,53.93716
22110,76.22932
67417,45.46101
29575,35.42689
22998,35.027485
44030,75.747986
49768,61.904194
49112,32.12909
50457,77.92153
73684,40.867992
27788,67.309235
89145,66.98103
70115,45.87997
22880,57.31673
20819,59.158844
81755,22.767263
13221,14.163892
74203,62.25707
102165,41.71929
69942,33.619415
97454,50.572277
53540,60.275753
80554,50.99616
11531,40.349194
86432,63.269325
1078,41.471542
89872,34.69276
38451,68.7429
81773,48.3302
1196,68.301765
66504,34.410072
9343,44.2565
31134,72.829346
3946,30.794405
40655,51.650352
50084,18.04938
25806,66.41665
69268,0.0
6279,43.24257
58179,24.619205
42917,20.617336
26967,53.84392
40460,42.45196
70415,36.057365
66092,62.27102
61186,41.57551
97566,77.27565
89233,65.16115
98531,46.143555
66463,66.164276
97658,30.666393
42498,54.27713
6671,23.079117
31325,16.444582
100100,64.44586
54944,43.1487
7877,30.606985
60350,42.868694
4532,29.574932
48569,75.347916
39083,65.80894
31681,69.00982
46846,56.80747
22935,63.21344
99050,48.95591
15778,63.22291
102055,74.65119
6480,19.4846
48125,55.40982
16094,52.324245
32632,68.66128
79912,31.219385
84293,62.54257
62267,46.796474
36469,34.454556
94500,25.424446
18682,68.16806
21270,63.06624
11788,57.79885
81045,59.05894
94882,77.35578
68113,49.0221
35333,34.84976
98173,22.660648
38605,48.619114
102163,52.66297
23484,50.902798
8921,63.353943
27680,16.639818
68246,57.21209
7293,16.251621
8693,43.093052
78833,41.665504
74600,36.762566
79623,59.730396
69981,55.015347
55948,50.99703
17371,47.271484
94765,65.46702
41063,34.298756
59971,36.1266
24944,19.652699
26786,51.59676
76297,34.8929
81108,58.558212
52893,42.65341
13138,71.33548
85148,25.899105
30675,31.783987
45282,58.078514
76422,47.37638
21956,13.6159935
70323,69.332214
40836,53.074844
17179,30.308123
5421,24.47125
59416,77.323395
5589,47.930714
65461,65.49252
35705,20.467306
93737,48.60873
27014,38.770374
27946,48.96935
52092,36.651833
22097,36.50958
50534,38.657238
70668,48.42513
78489,22.885298
36344,56.0732
5350,45.993298
46439,76.794205
72435,37.382988
71226,29.370779
16596,69.33
20813,26.988968
101919,46.85171
20293,54.290264
45608,20.13578
12262,75.45817
13620,58.239777
91643,58.905342
48778,43.636673
10857,39.92641
88265,60.04983
69788,42.71033
99994,61.956936
84767,45.479153
77423,43.246025
26956,62.164745
43864,25.6684
74950,32.71859
89854,34.672825
17786,56.981426
37078,77.13508
70388,55.19121
80486,60.077503
51989,67.69106
28538,44.826275
22570,60.532227
34189,64.095604
79886,46.811325
91111,34.865982
94917,34.589912
2183,34.975964
61028,38.437054
71378,48.870544
53505,57.344734
55416,44.28909
69929,64.209755
52790,67.63793
94245,19.514444
47484,68.865036
10673,53.406677
10940,49.427826
80281,35.94452
99474,62.733315
97586,63.556316
86509,58.34068
81495,67.96049
11521,29.574404
26394,63.573708
91256,71.068794
85145,58.559055
81864,41.28638
10711,69.3717
59682,40.047207
67032,48.28007
73436,50.89339
9935,15.644591
46424,90.49108
84262,54.636566
42637,37.374134
83495,57.78899
88264,63.383587
32449,84.34795
81543,53.870388
38943,24.232786
9051,58.9988
85078,66.98101
881,28.302788
47895,62.724163
49219,32.40135
19439,40.75639
43955,29.258575
8545,33.709
76912,66.72321
9915,15.360311
93895,65.94898
17396,57.497463
80119,14.462651
67565,51.71901
100607,64.397385
17699,17.597843
70782,61.078953
87052,81.7118
34345,52.73214
54508,59.161118
25056,27.379553
81966,58.013165
101951,52.67376
10948,58.241295
49517,69.77854
17766,54.852047
13353,58.63472
23716,67.79342
58010,37.210945
78286,45.803337
21359,19.733242
95068,50.97707
9431,62.128944
60719,69.03122
20936,54.32609
74237,73.25978
61442,35.142418
66349,73.96213
42285,43.319992
7505,50.81388
75341,45.07889
44661,40.530407
5151,49.616325
49710,57.893955
12166,56.598682
63644,83.77531
35300,27.894375
24046,75.633804
7327,35.496037
30028,60.282536
69628,46.662575
91505,66.9238
92559,69.158356
73003,35.028152
36385,43.05663
18841,18.549353
24035,17.252426
34791,60.516106
84037,21.579742
34368,52.618633
24824,12.216917
33377,63.881367
32370,54.543373
99113,61.059723
72409,59.822144
102332,71.75094
14467,57.599644
28769,7.93811
64589,42.60196
33356,27.414341
81281,68.08424
38842,56.53767
3153,64.07692
65716,30.881939
92055,18.658428
46693,32.374966
31766,46.77245
51308,53.4092
8328,67.72673
56813,54.760372
33995,46.83928
33131,79.664276
84188,68.6963
8476,54.104378
82966,57.483776
6089,63.946114
61882,52.03081
91740,27.445225
57449,59.65364
58356,55.588615
21500,46.308956
58758,41.785973
53598,33.339855
40498,48.71144
15438,71.44711
8485,22.775219
77644,12.800874
14976,73.10982
99026,67.16432
38162,53.450546
14052,16.81685
33150,63.31976
83286,13.476074
28643,44.037224
57385,65.29703
65444,32.420563
35199,34.736637
49851,42.113995
12592,58.355736
30342,56.271626
14648,48.90721
44959,47.731823
44443,20.897562
83729,32.811367
35028,17.726276
72135,68.2294
6104,42.99033
39776,50.55046
43878,40.11912
67862,45.53638
93362,53.61578
30494,71.8361
51611,55.11058
13809,25.517107
28829,40.1142
7350,72.69701
10988,17.49026
32008,14.936935
10632,50.504925
39712,44.38453
58704,73.90279
47393,36.209164
52381,62.67412
61027,69.49767
6644,68.93163
91140,68.14019
101361,26.354979
93610,52.83606
30126,56.45599
79970,25.61457
95591,69.83765
35785,36.330727
34955,58.034523
91940,69.501015
82373,41.613777
9755,40.485577
36231,42.27195
36962,43.67861
22850,39.454567
19142,79.22181
67138,65.22751
77702,16.151018
10423,49.479977
34693,53.95937
72886,60.905186
16389,44.5079
60117,65.43594
90425,64.547104
100696,59.27722
25807,28.693577
58412,33.433884
26807,42.041386
101282,79.96441
31653,35.8826
70202,56.84877
11642,54.93807
89588,49.77272
4850,51.734215
28731,46.42851
41160,46.454
53184,60.36637
48410,29.482546
35981,51.89759
50255,27.084593
96936,56.443954
101634,81.43402
73728,68.413124
63123,66.617294
17092,61.455055
42888,20.91357
19632,42.359585
23165,60.66909
17753,71.56464
7940,35.585278
31839,45.25759
73144,47.32476
25117,37.728947
57284,45.1151
32389,41.734966
60433,73.16801
81506,68.72855
96259,34.184425
23552,38.12735
23006,44.77688
58706,54.88331
96456,23.72123
87968,78.692085
60046,44.57582
34738,54.07763
7163,0.0
62217,32.281883
4606,73.72259
33363,48.163773
70416,75.437195
67432,40.30813
70044,60.591602
28220,58.679447
73736,19.12428
74933,66.51263
19075,34.462303
98043,45.68478
49084,34.942024
101759,30.65837
40141,68.08994
93942,55.322197
93826,63.180378
28620,53.884308
87399,80.800476
50990,69.33632
39256,48.44564
77894,58.785072
4657,66.30657
64047,78.45994
79879,50.445286
6146,44.711998
14446,73.81029
41061,67.10167
4524,45.169365
84563,36.241074
45226,39.29256
89467,40.792294
9922,68.88842
54560,28.888952
33407,56.502415
66556,61.85692
63083,7.5200915
25948,75.1461
64734,56.712143
48084,50.857388
36340,71.42211
100755,52.318626
2292,34.78518
9386,56.255623
22425,62.459053
72806,62.28078
92505,74.372665
49052,43.224777
62049,67.15427
16074,60.936478
22174,57.71887
51492,71.39234
84792,76.04659
49491,64.87089
93505,62.297596
13053,74.9884
40434,34.230522
86144,23.105854
59861,18.29569
22324,53.939278
40254,65.91869
43741,37.994137
15038,5.091371
76741,60.7678
86781,62.98846
87259,34.203793
56100,50.23052
54679,63.73355
87461,35.598877
80947,31.15349
73974,45.24704
4498,60.551765
20205,37.94031
73422,59.819317
6162,33.82853
34513,61.271046
5173,19.344206
24497,61.43728
5469,73.188896
91755,49.018047
42505,46.561134
34415,41.48772
52076,19.95381
52494,41.251335
20812,52.949104
80291,41.19428
58685,31.572296
93083,60.606174
81995,53.96488
40314,37.13771
53125,42.626633
49618,21.120155
54939,73.48292
25911,29.285967
78717,60.830605
81182,47.744205
80361,54.726868
32832,31.755095
16096,46.037773
3989,57.821655
43363,40.22289
40458,43.642998
48208,50.33899
2176,77.71867
25871,60.660213
90913,11.862034
87245,13.068977
83604,70.98146
565,60.357246
33700,65.12297
96962,77.31959
27638,19.861233
76232,26.956017
44749,60.906555
5124,50.843395
74063,58.391968
7370,68.17187
96464,27.75422
25645,30.008558
31315,73.91197
17318,50.287884
55138,71.23046
51373,64.00161
1144,81.4214
8341,44.892944
102379,40.344627
28158,55.10292
42943,53.297905
27285,66.69498
62381,52.97857
58634,38.95677
64904,54.570835
40403,59.675957
18135,56.39844
28738,61.99006
60409,64.88386
49748,35.620804
88537,55.283726
72803,68.69752
20302,50.43345
85610,59.09453
13703,31.270771
22109,61.722088
31381,61.86745
46388,59.88582
95124,52.617275
6570,62.023403
80397,56.37805
86669,77.08964
38794,69.8761
82546,31.23323
75927,64.83276
55637,73.92553
84032,51.152306
932,63.27994
101035,49.934917
94485,70.99259
42118,47.961784
84452,24.803251
51266,27.34029
99921,46.180725
77925,49.05819
60515,75.79307
53886,76.89976
5419,68.755424
67939,52.976585
85735,41.67653
42861,60.438107
44064,42.0631
94373,67.92381
40346,40.59044
43786,69.01107
68889,36.35137
15166,61.022816
66226,32.03547
8771,74.760796
13798,51.44476
44317,45.759525
42632,58.441235
31029,44.40611
4809,58.024902
88862,40.090057
95251,40.988605
8047,28.976587
16607,41.85854
47875,61.24986
39315,46.669254
92409,58.88144
33594,40.75642
76529,77.798256
85576,78.550064
7386,59.775566
43087,73.56528
80764,65.861694
41075,72.59756
65515,25.686787
87320,46.033375
61749,61.553864
38607,24.1333
17305,67.716995
93441,69.97874
30627,66.81542
27759,52.621037
72196,37.185814
13605,50.980072
21319,22.13638
13109,47.89517
1412,27.12706
43358,17.713886
41999,73.025955
60881,54.658943
33496,51.840393
21604,35.55442
6674,55.515423
50482,64.957214
73583,59.922123
23738,67.17802
98367,35.528385
74085,78.15459
22427,39.68926
3097,30.5482
6320,50.66198
31031,37.27658
28117,42.800972
33664,76.69384
47523,27.272009
18537,34.33315
76888,52.088425
49001,60.911156
47322,59.359745
38312,53.26055
51470,73.44821
82740,31.452644
36728,39.61681
32414,74.84977
16709,71.799576
80605,51.950375
10416,29.465218
34571,45.152836
60838,53.923325
94479,48.179623
92428,73.0221
59144,48.88465
82146,83.21423
62997,74.08254
37209,41.319237
15348,59.298916
66046,69.78574
35600,44.503983
71366,69.65357
45850,49.27424
38290,64.41051
12937,46.34586
31453,32.20073
35386,33.25336
36562,31.551037
21169,53.819283
93617,72.41248
72997,76.69753
16328,77.81531
3258,13.9962
60910,36.520035
42914,60.62852
20628,4.2943525
87995,46.0782
93863,19.971195
36886,33.67134
70856,63.83161
32842,62.63864
28126,33.51465
29521,54.33889
64853,65.97153
39430,60.302094
54405,44.64008
78063,34.87055
52884,63.053467
73714,45.38046
78990,66.73199
63305,62.761295
80331,71.69522
52962,54.149845
30176,43.740177
100347,31.807156
93759,38.356236
68059,38.211998
82396,20.71962
4877,50.014145
59941,28.800415
30186,72.44671
11048,56.32618
40068,18.130543
42840,65.448006
76178,60.21205
5241,57.61596
33812,62.78087
41294,48.07577
58245,57.246075
4982,61.324627
29000,18.15547
10478,47.518375
36656,41.917698
53290,46.811207
38107,40.300533
59470,63.677357
41819,44.76465
92232,24.156727
94980,67.41676
3932,82.11104
8797,65.80982
5405,63.812473
15601,32.98722
8277,53.276203
55939,31.901003
9411,64.57891
7523,49.541252
31467,71.63072
58120,43.093193
15195,38.431084
14010,44.05186
9514,37.885162
62626,23.454449
62062,62.356632
89394,74.691925
882,75.30132
13623,33.424587
66808,43.759502
82331,4.29178
4836,27.100819
39944,43.108204
46496,43.709488
32042,25.038689
82498,23.400263
52797,72.3976
25211,48.565697
61789,67.47021
22478,23.397873
60782,58.773518
21044,42.74424
26277,43.95174
23987,59.37931
13654,46.06669
71162,44.41626
28574,34.3354
23961,37.590454
12365,51.012566
98731,63.59445
99966,61.40353
94189,59.683907
64683,81.13851
636,75.64395
19302,43.841377
101630,13.3352585
68393,51.750526
17889,57.755016
79233,42.406967
28058,68.22942
31177,61.007233
57708,44.488297
52502,42.55407
94368,55.29344
57495,21.129168
34234,53.10097
27029,70.92494
46717,76.91539
42699,50.97159
60578,24.114912
3039,74.41817
4756,56.871014
31195,62.98015
56671,23.631308
99021,30.262302
65835,73.4382
7124,62.917263
98112,56.011177
56026,62.85058
13272,53.670883
40947,60.963413
53354,26.117655
75117,42.281967
44374,64.93625
20245,57.895
356,46.705406
50475,69.70509
4980,63.20509
37867,43.693268
7298,48.3025
38022,51.50331
45810,36.58918
31317,46.499073
64333,67.22929
8894,35.766815
80701,78.164085
27960,29.224777
70358,49.659122
78039,54.40137
79064,53.718494
92490,56.993446
88341,49.353344
96186,84.750626
49461,57.195625
62362,34.434402
3332,69.58157
64739,58.331394
18818,50.922913
73719,78.15737
79454,65.521126
30013,27.57117
48908,55.719585
12595,58.98549
33784,29.737791
43983,51.597797
91938,5.00509
48792,50.745243
67960,72.71546
2128,72.5347
4024,68.61236
75300,64.20406
73716,55.94949
71006,46.590225
83301,66.21349
60425,67.5843
81416,47.340565
84473,51.708
31743,41.51607
50197,63.168873
42471,65.55926
4767,42.050987
93525,58.70689
63808,70.731
78023,51.17798
96152,67.93498
54078,34.101803
72005,66.95306
37784,46.951794
21089,57.05899
7441,22.762707
18744,51.88559
97479,66.2275
21633,24.575182
67112,56.258408
99241,65.44229
89028,72.625206
16910,27.720762
24407,76.05811
9170,22.90261
85425,50.216377
61712,48.646885
69116,52.194164
61828,36.85884
61707,38.882046
78689,41.766994
18801,34.153404
90778,39.993656
82185,56.714554
12449,66.10267
20109,42.63211
73058,83.389244
22206,44.821316
50890,55.483242
42022,53.608543
92116,40.678123
34382,58.9018
28386,54.70503
96752,54.05605
74403,59.36253
60994,24.800371
48677,52.68298
73973,62.877716
32573,64.88194
18857,68.32036
97583,67.6272
67805,52.934853
81339,24.994432
80112,63.001945
56482,63.92538
31137,56.811398
72960,64.88703
39809,36.57108
18963,35.32766
49605,29.801926
52621,70.47894
13031,62.226513
84662,77.97323
8955,59.859226
66692,36.52734
61734,56.680817
12535,51.977943
55671,75.1256
51164,58.5511
44271,63.963722
91400,35.358704
80401,32.931305
25053,57.117023
68016,44.91108
41687,53.79385
57011,32.33363
94632,41.364796
86397,73.46873
92032,56.751915
3416,59.058044
44904,57.97294
62484,29.340782
54677,62.55812
84031,62.527206
30906,39.11555
14522,83.63638
63867,31.796082
38342,49.083458
95722,38.96981
65184,29.69843
93317,74.911964
98997,58.615208
20845,35.38598
27498,63.402184
30608,41.086525
13621,45.177982
54673,51.553314
71948,40.22685
66011,42.73752
29755,61.615036
67544,57.24088
95407,22.906322
32786,54.778793
4926,63.75337
21234,51.842617
71480,69.73328
73784,30.79252
7319,76.13331
37332,45.560932
64652,45.453617
92854,25.77546
16849,55.599174
11028,51.228775
72680,27.501287
36074,37.46991
14609,39.453697
33277,28.158031
1138,38.83945
28348,32.25467
75101,79.13897
65310,35.685253
98467,65.58812
16242,61.213825
17708,31.926353
82778,63.931267
15646,57.846382
67806,67.61938
81403,59.95161
25731,42.962242
74022,24.11298
79918,52.349968
96597,61.037136
2161,73.48463
38383,56.960762
83570,66.69394
66859,22.918364
70751,32.918484
11708,61.822628
16155,41.49231
19590,62.57792
10230,19.735262
70347,50.81605
3992,53.58699
101141,73.49562
76241,60.802242
46142,20.779173
91364,50.161285
86798,61.388508
12045,70.29527
80482,36.479164
90785,67.15264
35489,42.796192
90000,27.414701
30185,49.37178
101575,36.695786
46092,65.9928
67453,40.301292
22955,60.10956
21020,35.5121
39477,38.31254
102197,39.41082
14380,29.252588
56524,59.279755
67931,34.045414
799,62.58063
47023,24.912874
85731,62.197582
36523,36.14247
11119,59.362335
64253,38.893612
54274,56.467335
74871,47.094204
8754,75.40196
40099,38.271114
12451,73.223625
100431,56.02762
96337,66.03195
5953,59.617878
54553,53.191113
87889,57.919235
64990,46.50577
60502,16.445316
86663,58.148735
30626,36.9443
8209,65.011345
10944,26.51632
63304,62.06688
45682,41.212734
47286,64.77709
3640,73.78705
4302,30.816776
46814,48.274426
72667,44.37957
1802,32.51016
57004,58.740982
56553,42.003838
71730,20.236944
15621,28.44873
58185,73.046425
101692,54.742844
75387,42.018936
90313,71.990135
81237,37.974415
97530,39.862988
33345,54.321976
24101,32.13655
97593,65.33756
11884,56.924767
46132,53.149933
499,21.59872
21285,53.399982
77482,44.147213
83507,63.906094
84176,44.384407
9469,36.981556
58164,43.432926
1410,68.00415
8314,59.051453
20273,65.19274
9111,46.366085
25062,11.714842
82275,48.69576
53824,29.779043
828,69.96906
63129,38.304104
49881,78.94351
16655,60.08194
5029,82.32345
47925,28.639418
11176,63.030052
61703,65.902016
41903,37.16141
13916,25.131145
15086,38.305977
72267,60.03961
47175,67.86128
92726,28.250738
91880,31.190466
83102,54.05255
19164,71.7636
56808,62.95169
29799,49.791973
1172,52.671867
72939,11.797695
85076,30.017746
29177,61.307644
55551,45.02047
44534,70.646355
57809,45.350624
31870,84.36973
7903,40.504524
84558,45.574104
82621,44.909683
66689,58.81183
89387,27.490303
87836,48.824596
58578,70.24749
40820,38.1371
44701,64.17443
35500,29.415815
86422,61.4556
87386,46.747967
176,46.07551
50082,36.217842
58522,31.199001
50032,75.09546
98100,42.483837
28578,79.36076
1570,31.77177
94693,39.555714
26800,70.33014
88357,45.930397
41692,61.106888
101804,37.014187
94779,44.03063
37248,47.844227
15251,60.00852
14515,38.655766
34171,60.243595
47069,28.95807
51236,47.16469
64925,32.893646
4418,42.45803
57383,57.333553
80867,20.479982
64667,58.391106
87573,38.775547
1333,29.870132
97208,21.742233
100331,47.052586
67589,44.438377
98637,32.925495
66774,71.40436
80412,61.424576
2716,24.533499
864,49.450615
5398,72.192024
83187,75.91388
45202,41.04841
88848,62.330574
7234,36.912914
61031,70.183846
46352,69.11714
80285,49.82894
19683,61.149498
16062,29.907804
14628,50.957275
12900,49.197735
81208,42.49819
19253,34.68972
13442,55.589417
95393,46.710976
79285,43.252533
62173,57.99005
58311,60.59213
57829,55.071747
25257,33.36191
43530,55.245373
62960,31.535797
102008,66.600426
64319,73.19269
36898,55.763836
73685,63.295387
3794,44.102776
27293,66.18559
53590,63.14718
12572,60.354748
86426,56.226658
61755,47.705574
66362,66.22118
45747,47.35759
47893,36.623966
5121,38.155365
43953,29.074738
96255,57.32065
87491,53.19122
10834,43.099545
82258,31.136602
27367,45.551895
21296,66.642586
82041,36.328953
7620,39.941666
100283,58.426216
72755,57.246655
2529,60.682724
41832,41.492195
97844,56.47749
39942,55.46179
26794,65.40619
85304,57.397472
20114,42.683163
10586,53.526665
69678,20.748089
31272,57.07519
52611,45.761276
98679,45.374897
44993,44.975357
73945,25.577848
35610,46.61316
11778,29.519703
92397,82.0382
39873,78.762276
72844,62.897675
34057,29.826859
60090,46.457554
66419,38.54029
34339,53.06097
39525,23.32084
501,48.229725
75156,23.629492
32467,61.905315
39528,74.36648
94213,55.47781
36416,40.415318
5727,56.178802
38901,65.27571
99344,63.585613
64000,25.991909
96240,47.17856
74499,62.286934
42101,64.693924
84367,53.156994
12327,59.010246
23506,61.57768
72084,68.002075
45381,64.98681
98930,30.579905
99608,50.864574
38236,44.696663
69159,18.09048
23538,40.764
11289,68.22623
69605,48.97546
22602,39.605743
66910,32.358067
95055,55.033684
56269,65.4046
22221,35.905518
27770,42.355072
75546,48.82909
100782,45.61381
17370,28.661554
5112,24.816605
60531,34.838303
47771,58.029053
25619,64.54386
44371,50.19972
34535,34.550743
42103,67.26936
79328,46.403145
18530,44.095848
56648,71.30013
63757,81.73628
13995,73.366684
50258,39.89926
48305,50.7348
79333,35.20598
87674,27.693453
77302,17.635672
54511,55.714436
51402,54.01532
18920,45.46709
9961,68.87563
69337,47.41817
24957,48.410343
8960,72.483
3658,39.15049
35446,38.776207
5420,67.57981
44231,68.7939
46228,34.327118
54098,53.834774
1498,55.22461
79249,52.207973
75055,58.74291
5208,61.92552
14604,63.03979
50944,53.427586
79287,44.59723
98559,40.092155
86579,41.542706
85259,51.34526
75520,29.257874
43166,30.700958
64130,37.310196
55860,62.44913
45909,27.992096
71471,26.314175
20400,72.744225
14956,66.65317
33682,60.232002
67677,47.081657
74103,34.969063
98632,34.520668
91091,38.198727
48108,40.644085
17120,68.31329
14636,46.107704
18291,37.068096
96113,68.96958
88701,26.44604
90075,33.42291
41752,59.329567
47438,26.240679
92763,51.111515
50419,54.770515
69022,36.480118
87712,33.756893
44482,32.394962
31648,68.264854
8067,55.637413
96258,55.89919
56841,72.51196
87833,55.886173
52833,50.087032
63387,73.825066
21785,48.87722
45619,60.962307
83922,70.34973
82492,56.762047
17215,71.810005
21305,48.64268
22471,66.85329
91536,55.95421
82148,50.130527
65355,38.941944
32313,57.155273
7748,60.814873
92605,53.498444
43735,58.81553
5992,73.27386
43015,46.12199
100118,38.343163
39757,62.919956
20587,31.305046
32100,28.797
4846,41.19659
16066,52.17937
92360,51.18879
3265,39.927895
59043,52.350155
52952,58.866783
76994,61.658585
23504,36.52258
74309,64.17358
52262,42.49559
62936,28.599308
93955,61.237446
47054,74.28068
1163,51.23916
2815,34.445015
65368,62.761772
85048,55.687317
61220,55.9301
4723,32.9837
66275,70.34973
26620,70.839455
83379,60.315865
19677,61.56032
57094,31.680737
41974,30.123098
81734,64.22595
82066,63.058647
71633,27.170958
19923,66.039764
93792,21.687975
76053,67.3488
50242,0.074293055
61649,28.688408
74697,57.352436
57628,49.591957
45336,47.16877
82893,81.07839
9266,39.83268
42391,41.32155
101189,53.124626
24370,44.00885
1083,61.99341
78373,65.65016
61589,59.716225
6050,38.548824
33882,29.323019
30058,64.25285
82732,47.9122
77596,37.93467
82423,48.93662
70674,68.26992
5191,37.183235
74561,63.61276
84079,61.06386
32922,68.1791
33811,47.526775
58838,30.379053
28475,18.818972
42281,56.26647
45917,59.175205
24242,44.93212
92190,20.604246
98420,49.472527
28601,49.21636
17811,64.48222
43931,63.81218
79685,52.572605
82110,34.476192
56151,51.601543
46181,27.245512
17130,63.88149
58196,54.601875
33716,45.53208
10122,54.622482
94813,56.30356
71988,46.14324
61101,42.703754
101161,70.59144
72705,30.340244
11021,52.05375
29218,62.963634
17885,67.28035
88677,62.656693
89408,48.005062
50177,73.62889
48587,66.59453
20989,31.424143
28745,83.05234
33079,73.862236
3214,60.199783
44638,25.943068
32846,65.86173
54275,38.457684
43865,54.028824
56276,73.49042
36746,22.714046
7437,31.027374
12007,43.94615
61013,72.10131
72446,78.49703
9448,66.11576
35360,53.0101
54176,33.581795
66232,40.413433
96710,46.682026
41749,44.875072
78978,59.36613
36062,31.73039
18647,55.886032
44526,63.506702
59717,23.147017
68034,26.330252
82157,53.68819
42067,35.16047
78574,47.09358
1019,66.39128
92266,56.656055
32365,31.61259
77872,55.24409
99029,49.347298
57187,50.033596
93214,32.937107
18849,57.46368
6593,80.03083
8469,67.08449
97745,34.9559
67975,68.81521
2121,50.19215
95871,32.617043
32621,53.18316
23183,58.56964
31859,70.24696
13011,23.013046
728,63.794537
96743,58.913322
16800,74.639885
96837,23.731817
74980,35.425793
4889,49.03296
79941,69.13741
36670,23.337355
44649,65.31343
93660,53.3014
39859,66.64408
93236,58.991364
38724,29.26144
32409,30.023909
45021,51.18588
78817,65.14978
76071,49.39836
48607,75.91841
50974,32.539738
90894,58.26372
97712,57.720722
29466,62.526592
21791,58.716312
19510,27.922258
24942,20.300508
44102,38.938625
30446,32.821907
45029,66.53993
1177,55.855465
598,58.49066
42226,63.25724
56355,71.55936
92717,53.152397
86666,70.24433
49291,37.495434
99526,70.76688
70904,50.92472
28428,75.62402
9973,67.84653
92946,52.46969
40514,57.60601
72455,45.07848
73114,10.280325
36939,45.33519
75904,46.487892
10619,17.767717
77465,49.218235
95837,55.62238
33740,67.090164
24876,44.870583
37928,45.6211
4133,46.119953
16847,63.992844
11238,48.39023
23405,27.356949
79906,61.58406
17531,25.121035
84878,71.48619
34100,71.56722
90647,20.546597
78673,57.720627
45934,41.645237
26146,30.774092
67958,53.32269
48168,53.112442
4062,32.45243
20684,56.631622
80946,59.114872
100572,59.231865
95453,36.96024
60647,35.88541
7841,77.51062
24024,35.545116
100257,45.04449
21960,60.52599
101495,47.496937
17038,44.044563
102499,41.702797
10284,54.9785
22871,59.906406
47443,53.700226
29529,11.428941
34137,43.18761
67983,37.3803
27023,67.13613
5439,35.916893
87782,45.727062
43360,40.365685
3338,64.22402
40801,55.911137
560,25.283205
17978,61.782482
32036,73.65693
34511,5.4473066
93858,30.141052
80921,65.62652
15899,70.14782
9996,73.612686
1686,26.384571
16296,62.6053
79554,44.57011
57215,29.665592
51193,44.44274
97115,69.88576
51496,65.73122
30757,60.457447
89122,65.01721
44582,41.56162
85703,24.910809
82738,11.459627
6171,70.24085
91785,49.09964
101179,68.21368
29997,63.26836
40880,40.052013
5320,64.99877
51963,62.57449
14280,35.991104
57678,29.83938
41505,54.0268
25278,28.804375
90665,41.695774
58377,19.841558
63306,71.67481
36114,63.438114
26958,73.91198
29611,65.28189
87216,8.081807
65182,65.75327
27297,42.882305
49172,68.6981
43630,77.69275
3139,57.097397
22565,52.67746
35431,61.4232
46150,72.884056
12630,73.79969
62504,47.923084
45662,34.111256
59600,54.455563
14950,39.73018
50488,72.35175
92212,68.89956
76240,61.366604
4878,47.89237
54872,67.376945
55069,38.534355
38988,35.445942
32775,26.763199
53694,55.092354
81714,53.546078
39101,24.526882
24048,11.2358265
26651,58.676735
98076,37.814068
101803,71.47028
5764,49.424072
62277,49.981884
86462,49.792645
29508,58.855297
3402,32.53126
1463,70.680275
14405,59.392723
92003,61.822582
42627,23.12116
62643,29.9026
67145,63.842663
170,80.747665
55767,51.084743
20403,37.979916
41420,12.652577
94759,49.718853
60762,74.022285
23587,50.291912
93228,40.5464
66086,75.49698
25166,58.013268
68770,57.46059
33568,27.931166
64072,36.580402
17082,68.91265
63040,42.248135
22107,41.058796
84556,46.955547
12447,59.244442
77243,62.98251
40805,58.32026
95868,64.48855
10256,71.82116
3492,32.870403
60548,32.274063
97969,60.54831
6102,44.685734
29573,67.80266
22238,23.768713
2332,72.77264
17767,56.67977
12808,26.643866
66739,60.20053
73348,72.977394
50844,45.594643
28238,38.6287
74582,29.503757
102057,42.961533
70308,44.54097
68239,29.360723
72100,79.82274
69701,52.291676
28911,43.680393
60920,32.91227
42003,64.43651
16229,58.817493
39204,68.86161
43617,69.50122
53126,52.265495
88600,62.392708
57539,53.818092
16751,62.66464
13156,68.082535
82552,78.99696
78747,36.58353
27664,40.936592
59216,77.0059
24840,46.70024
32460,73.34225
53004,54.503258
41563,29.856956
91518,66.587456
3878,59.774406
92582,27.884916
26031,24.33706
102162,54.528126
54618,63.56465
82077,65.2753
76625,67.68272
100327,61.581776
32198,50.46754
93247,27.71191
50044,41.49628
100337,27.257637
81307,30.486155
54630,27.45725
90671,67.82237
100120,16.992634
16901,51.12782
61095,27.629618
69654,60.38489
18162,53.283344
94546,49.598896
94689,61.257103
4452,71.485596
74860,79.299904
93309,45.10941
15085,52.73067
25446,49.122456
53148,50.457565
89762,40.74763
33202,64.96805
101695,19.939985
86407,59.16291
53293,63.74594
22911,39.750896
90261,41.395767
75270,40.069313
94204,50.01412
8638,42.71597
41384,33.5212
16500,55.963943
24543,53.867176
81602,44.911934
91,60.675278
90327,60.053127
62814,28.873335
48398,79.79214
32332,24.033812
25873,46.514126
99469,54.13895
86733,43.947002
95988,15.402898
63363,31.106089
55339,49.149357
83554,72.31954
6744,51.638634
97217,64.76157
12509,30.58589
40670,33.558807
65317,61.188885
45280,37.585903
29089,68.62631
3400,53.205673
68545,26.963896
99062,70.68426
31573,70.542854
22016,51.599865
42743,62.185204
62520,61.23218
96966,47.930496
26180,63.593216
93763,29.736132
86899,36.520363
66958,12.96683
24609,36.023525
55035,26.553335
100471,19.2527
10071,46.722767
80117,61.161346
89197,37.986313
88,50.58706
50637,36.485542
49102,51.755905
51146,48.801872
13713,68.93019
97463,27.860912
21144,59.554222
1713,60.977917
19766,79.32354
40369,55.356
42578,51.93067
8700,36.861702
45054,66.99143
45299,47.735027
101513,42.855232
73979,43.833164
63506,47.927364
90642,45.552418
1126,22.428783
9556,44.118343
28692,62.159275
77639,64.86107
11937,49.82529
3456,69.649055
97759,50.370533
38686,38.22983
83149,50.275497
24023,57.327557
67859,56.356476
63741,47.504864
23127,60.222626
36805,66.28422
73694,63.828903
93906,67.16878
82400,74.97833
95211,47.95949
55275,72.41133
33422,81.52965
33649,52.574566
102209,67.11748
57342,36.649506
22545,67.10811
32279,71.136215
4094,50.324707
84544,50.83571
40841,50.98106
28201,62.103012
91435,72.249306
33143,36.364998
80631,49.8011
18405,71.74362
41118,54.468838
96244,21.884802
49391,69.86854
47153,51.703976
39971,23.081482
27966,20.522697
4397,62.442936
17449,57.696
2252,74.55308
59148,50.687473
99038,19.727991
12767,31.42941
87955,40.67511
2735,35.650707
54718,49.061516
41961,72.30565
11403,66.32814
95615,37.38201
92255,57.900837
99161,34.74682
65682,25.019707
50532,45.65465
73210,65.13099
82873,33.34463
9167,54.59268
97693,54.154774
68772,43.899338
81594,59.206326
74215,24.566181
33964,82.319214
7027,85.28857
21995,55.434315
55803,52.1536
96938,58.72375
22824,34.19506
92197,44.879482
18808,31.625216
102159,73.3355
15411,34.42237
46031,58.006367
31965,39.385605
80685,46.881283
78796,60.75329
70262,53.65483
76832,35.280216
4849,62.406124
90831,84.86948
19576,35.681183
6073,59.454952
28086,56.356625
89495,17.69491
31040,55.893864
95064,77.43535
85704,14.090283
67079,47.521194
47888,20.980478
90382,56.939217
46711,75.404495
9113,69.59739
22874,44.67799
32434,55.33552
92927,28.435316
66361,57.549084
71998,23.126528
50066,53.86701
34691,69.90827
21596,62.336563
86294,64.081
16880,37.349667
27021,39.209755
67486,63.73086
70853,40.92225
78579,38.530045
35769,46.379414
41730,64.241425
39362,43.876064
48450,37.587685
59931,32.924828
58516,39.664967
81820,80.9061
61088,24.284512
99918,32.805706
39767,61.95771
79611,66.77342
23980,47.920914
70551,32.200848
72083,25.828304
50977,76.34834
52535,41.590637
39092,45.63682
72465,64.99362
40826,29.633352
30736,53.797554
44433,69.82068
71872,70.03428
80039,74.29592
59765,73.44454
76804,44.840538
46459,80.46409
49121,34.23985
66917,58.54939
22646,17.09403
64170,70.884384
59078,30.059929
44029,61.37633
34366,43.89441
5954,49.275913
44812,42.626354
66646,38.00743
44523,53.556282
2650,71.783775
77060,36.319103
31151,82.04357
40797,36.842865
61122,62.62857
80533,44.858376
10738,63.737293
31208,60.63703
90245,76.24866
78197,33.164112
78602,33.170048
22566,63.70037
63531,47.689423
87493,37.067318
70206,24.997028
85361,61.464073
1506,48.657158
70475,64.17355
49877,84.72786
99180,43.343117
26963,33.782307
99889,41.068474
102293,51.080822
22642,28.018534
25352,42.698017
35037,59.84282
59660,42.65278
56248,45.26727
20008,50.223133
92303,30.045591
5739,72.07849
93884,19.434921
5187,58.656548
89517,31.38054
79586,66.103455
12121,49.308075
60140,35.113823
40200,31.657936
89549,29.630257
48906,60.047928
16779,65.67348
86111,33.78773
47078,33.275127
40111,53.323586
77801,34.874676
47408,39.023678
17957,63.38046
55870,44.56541
28396,31.17668
31397,54.64472
57337,26.312109
83464,66.15992
72726,62.737038
96657,61.810524
76008,17.187183
30140,38.123184
33092,16.60278
37843,57.610302
66605,59.865402
94895,59.76979
25460,80.550964
16059,81.36838
6545,68.24512
19114,64.57777
67831,46.468796
7116,15.585262
32719,41.488033
54314,65.5476
14959,35.277843
100582,65.186035
66129,46.9542
49736,61.510265
2971,54.689373
47249,22.338608
99617,62.333954
101060,79.00046
24995,66.051926
47833,44.66964
37647,68.66274
52980,16.720076
94457,32.847622
26726,62.145954
52169,49.718372
24178,53.85358
33601,70.357254
5278,22.642328
10713,45.00755
8211,68.2144
19254,32.480873
93656,51.0239
1354,70.83884
79963,39.74307
95592,47.98476
34308,66.532845
16913,62.74919
13342,26.952595
66747,60.899593
87738,59.54766
75749,57.74739
102036,70.75275
49827,47.16479
12564,64.53722
26348,69.85301
86302,4.7231736
97856,27.799574
72728,34.88732
3087,68.36599
42873,66.08439
24776,73.74125
75571,63.41852
41286,39.93281
37369,27.534758
22868,36.552708
89697,68.20794
34924,53.411354
13984,72.17625
69680,50.348442
42071,61.995388
5177,67.27528
50669,21.947025
58945,81.77375
50557,43.33094
68007,20.715868
13258,51.918575
75384,58.58288
83051,83.057785
62572,53.46
76335,76.36824
16911,50.97649
33821,62.991245
50767,35.898773
11963,68.79989
37266,41.905983
4451,23.042418
47629,61.968704
29538,37.147694
5762,71.48837
52795,59.13836
39006,47.59151
53432,71.611824
37573,20.015568
12868,70.68358
31228,69.410904
30039,66.00976
30447,71.97238
50440,54.319485
54249,71.151924
33190,45.79455
12097,78.424355
47863,58.92957
6749,16.1072
9852,40.211414
17992,48.564888
84335,76.76178
64503,7.5332747
75790,71.42307
295,21.650915
8320,75.92302
89605,65.005844
100116,65.3332
66119,63.97112
33185,78.47261
55946,37.581234
5300,34.28343
21421,29.236198
7205,56.466557
99309,72.271614
79046,4.0280604
54518,33.491165
12614,59.163578
60122,72.101906
54967,73.63695
96560,61.10803
49251,69.31339
76923,65.651
102353,68.743706
27056,45.541237
8794,19.437555
70985,29.099258
13215,72.48036
88958,32.28716
61469,62.41608
25341,69.973404
21091,72.98639
83573,98.61245
58168,49.351833
55865,58.583332
95498,68.16273
93255,36.638355
45998,37.759365
79031,70.769196
32544,47.415386
57976,21.162935
40781,64.71847
1202,57.191944
98154,69.94737
9918,26.925982
45211,62.34402
62287,38.36036
58445,49.51193
49992,73.81284
25947,46.419865
79787,61.117203
28542,57.385807
102497,30.733025
6830,32.171085
65807,38.745697
27765,65.94734
59448,61.952873
8236,42.789085
20649,72.88336
44229,43.441025
71198,39.72751
13268,47.13758
58178,23.384758
16376,24.003271
79579,21.365824
82906,48.61122
9833,45.357365
74772,61.65868
46112,66.20552
21817,64.56713
51762,55.93696
6564,77.25387
23190,62.657085
32330,74.03191
10660,58.412327
27929,42.70739
53950,61.99347
53983,40.95048
72353,67.02799
12598,68.27794
59875,30.740326
25971,31.989647
82195,54.260387
87264,21.685493
1473,26.723257
24837,71.920685
59842,69.606674
61432,53.77519
34665,63.57184
50642,84.61043
53279,37.55696
59662,63.715927
63438,62.868454
97579,66.088455
20664,15.157309
45598,51.081654
81529,50.2397
23873,52.594776
28721,45.207767
41465,61.542904
16295,34.68225
38314,43.904472
38612,47.886745
66928,42.45265
86190,39.45365
78917,74.9642
10670,63.471146
70532,31.188984
18532,24.361765
82795,71.42804
97082,25.791325
102677,55.41515
60694,71.40278
60961,56.7283
33515,68.705414
87823,64.32148
56561,72.549484
89173,65.76899
96359,63.76692
8006,75.82736
56041,56.0005
65379,71.27799
24574,16.40605
2068,59.887115
65514,25.4795
53434,46.485455
8849,51.507023
5144,65.279724
39531,35.629154
27067,17.688658
101325,71.08009
23817,13.038099
74924,52.610947
15003,54.128555
60181,41.02422
21240,14.91344
86846,30.0588
34430,22.606558
94627,19.648294
63204,66.12537
43725,61.26847
63461,60.533333
31117,54.88077
30617,48.892338
60423,53.321365
35877,42.45625
93350,74.78321
83322,59.803185
38322,66.55486
32645,61.684597
27175,67.65462
73134,29.703299
91429,69.02879
4125,64.18444
100716,61.968903
97120,21.533903
53514,68.29156
20047,68.047615
78874,29.669996
46318,57.71783
51219,32.40534
61236,83.892426
30232,46.979076
29490,54.473267
34453,64.02655
29504,27.138401
15990,58.159637
42795,43.632195
62343,64.02504
39547,55.426823
77097,72.37247
15740,56.145477
30215,59.284058
42294,85.60863
77013,50.645645
5659,19.62131
84456,59.221943
35366,71.19977
474,50.481007
777,19.182272
21389,10.291668
33994,39.621227
43694,59.83496
14044,71.069145
25512,66.03678
31118,59.300316
25159,75.39654
58692,17.327427
97696,78.001854
83989,42.95107
34731,69.09267
42066,75.911766
42338,20.556908
11424,59.323215
91783,57.070717
34190,44.138546
88631,62.306007
65779,66.544266
48252,35.145874
64971,32.29063
92313,38.524208
98687,65.1678
78728,69.408936
33014,37.721672
7362,63.50971
54,51.97809
8324,68.5402
26196,32.222775
4690,59.33928
47076,67.31405
34263,28.36001
10812,54.295044
8618,79.57918
28292,69.61613
49895,46.16968
29598,60.581837
19383,83.79192
101697,46.5951
55311,60.551285
95829,61.290405
71890,49.945263
30196,43.577667
47339,70.253876
102059,64.76089
6497,71.281456
44734,43.58338
24746,51.236645
45328,60.065594
66215,69.45096
92679,57.926285
21764,79.87074
45355,77.52367
54340,59.9244
40416,66.55957
4132,59.699364
27818,43.81731
71643,33.77298
45760,43.73248
22644,42.895256
51914,56.993996
79045,62.831043
77121,35.485073
85374,45.162292
67236,46.10872
67870,42.510258
47219,66.975044
32898,54.690784
33546,58.458454
71986,29.603504
101200,57.698906
29793,40.940235
80881,55.742844
62648,41.396717
75839,38.43568
77967,40.888657
51765,73.80011
28918,52.87018
56281,52.19539
82736,71.7481
54344,38.871696
58338,68.30386
8237,31.145565
80540,61.73808
93283,22.259277
61591,38.72228
78225,59.458454
30725,41.354744
64081,66.52102
83225,77.76421
30553,73.47575
69555,67.46646
73468,33.241596
43498,64.692726
40327,20.779089
18643,36.634796
5440,48.59723
14547,58.215
8605,57.82372
51310,43.226086
59307,33.863865
97299,50.550816
93265,44.49235
11844,6.760773
41473,16.19586
56116,37.890644
467,69.26918
58648,53.459892
2609,40.40118
68356,57.828545
22315,13.9622555
31125,47.431267
91410,50.436615
57017,27.634699
53511,50.795948
49496,70.41976
62601,32.613594
56465,17.58202
26295,35.0431
98829,61.4303
23064,43.887486
1594,74.496185
25306,56.485607
35936,57.36831
19917,33.704926
54891,41.980774
89602,29.395477
92912,34.451485
70850,47.06764
64187,44.885284
8808,54.408012
64865,39.13925
80085,64.110954
58837,40.674274
71026,46.58586
12558,21.223465
7637,15.739197
9623,55.86206
102430,69.588844
93517,43.523132
38646,45.903606
64311,33.150074
43767,29.641857
6061,60.988396
71178,63.613045
22311,36.41201
40428,58.217472
84337,55.651104
92394,32.73361
92421,57.709457
6142,46.885277
16567,69.81133
77606,65.49661
74170,67.94664
12165,66.32544
46705,34.34062
53108,49.28611
102455,81.55997
22401,48.096893
25345,7.1634097
18608,57.298336
25441,20.073133
22000,65.033035
6647,58.3703
9460,79.49538
29947,48.751465
27982,32.15664
4478,20.385817
40785,67.18789
24267,32.22837
81934,74.6783
11396,77.92064
5855,61.93598
33214,68.75763
18093,67.373055
51984,19.172457
51124,23.950432
38355,32.77451
50480,52.5953
95627,53.645615
3311,37.40585
48586,55.18905
74079,54.0501
50855,21.320368
93101,55.009624
12560,72.75942
78301,61.357475
29050,53.66371
51202,71.26645
49865,47.26781
57295,50.24466
71775,28.05873
65419,72.868935
7985,62.543667
59395,43.471115
1043,15.757789
100411,64.626205
80231,68.69245
4821,64.026054
68988,52.459934
20164,48.234924
93393,55.574154
69889,62.687412
10941,11.5482645
44343,66.56251
61857,65.26141
48079,62.2362
72797,38.337555
83113,77.251884
23903,59.30395
89816,59.947693
14059,54.36925
27151,34.7573
74758,50.893467
69411,32.756306
35316,30.709126
37208,40.972744
68039,68.40452
60832,41.725887
20210,17.032063
77568,56.612408
96823,39.705612
89061,61.448208
49909,45.445023
17184,82.04724
28023,66.90896
45426,66.88785
34490,54.92844
21516,28.342564
77512,52.242313
32428,51.402695
21043,60.34028
34634,71.6588
41876,48.70932
49929,52.828907
28802,73.85669
29990,47.860176
19885,51.11746
97221,58.749767
92903,69.82631
31091,36.598053
49032,21.980211
41745,14.720163
98549,71.71284
13532,76.964775
60982,71.3744
82424,42.48449
28922,34.10296
20431,72.484505
89787,55.379192
102503,68.690506
96002,57.642994
88460,40.607994
11217,30.216978
2824,62.23423
18552,64.67243
96303,24.925285
76203,46.239384
4572,51.79814
94247,20.522743
61903,60.912624
76328,17.06239
17669,33.333595
38784,70.50745
99087,59.67684
86973,12.366703
94141,38.259926
82005,38.567684
79513,36.128635
50154,47.91837
82367,61.31849
50234,43.66461
75451,65.76221
39228,50.618977
48459,39.773453
10642,52.403275
85883,34.54557
78096,52.816177
89438,27.306377
60471,11.860935
51150,61.13631
88563,69.61915
15396,64.98556
26676,79.64933
85601,69.17444
89704,73.22059
31270,39.82798
22618,17.248808
96200,26.055372
91456,60.729687
102539,30.069437
38274,37.571934
58469,71.517586
87543,29.93605
56487,75.03325
80392,56.10517
54492,59.550346
41764,30.924946
93904,60.161797
31145,70.738045
81919,63.39304
52775,58.357864
14588,54.312973
77360,45.772884
36076,49.440605
40296,43.57405
67735,60.17177
51794,34.922016
2855,53.926678
76898,34.682476
99815,61.22083
26479,42.15688
59,63.77779
29045,61.452137
64267,67.8545
1699,41.087048
10264,46.87556
39856,38.881702
99069,52.18483
52284,50.374863
97804,49.545662
21725,35.201874
93649,57.216698
26552,27.786533
28723,52.822285
97571,39.138214
80873,63.808895
94624,38.5582
17547,57.569984
90684,26.776306
56683,16.155725
60600,48.268078
34494,74.09947
31181,38.542873
17382,15.403878
52080,77.74196
57154,43.217136
76135,82.96434
65230,72.199234
14201,51.342735
82047,38.976353
62043,69.63123
7073,26.336199
21086,68.10094
95289,52.385403
31774,38.117302
44309,54.183334
48743,60.17231
47463,67.43015
98303,28.726597
8345,28.279072
33886,28.552803
63130,55.606953
102592,19.882357
72093,43.722183
73562,45.066044
9602,37.036423
28788,21.048872
93932,60.64661
98482,80.78107
97114,40.76098
91660,67.96702
86449,74.788506
54361,41.109386
44673,42.08176
18296,67.60685
56987,59.749752
84669,39.112663
71040,30.31626
87381,44.559895
85808,12.593109
6269,33.885983
58671,29.000618
37436,16.824802
13046,49.368137
7583,70.30096
49186,25.405514
85010,47.142525
98783,43.406677
92748,53.69118
6768,57.62748
56146,23.13027
98034,33.608032
47700,59.204643
10432,39.091637
28047,66.60512
96563,69.32889
101402,70.57123
55315,32.00908
26249,62.992626
17851,38.056343
80907,33.55802
41507,28.225674
101960,64.49274
11882,38.352802
87013,14.682079
23460,53.540516
31071,28.219671
96847,34.628475
54790,52.71956
73759,44.918484
1589,74.24069
22888,67.58148
12225,39.628254
78381,48.927883
85788,25.721182
74274,58.18247
12392,61.06129
39728,61.5844
59090,44.89705
88089,17.184479
8899,22.186335
25725,49.932663
29216,35.2871
5638,31.001045
34476,76.52832
87937,61.840504
11450,61.34669
16718,53.31941
77158,68.495605
49923,25.731684
89299,27.272125
63327,61.45389
46555,38.43564
24253,59.536537
14032,32.495502
84455,35.308628
16961,60.801994
37363,65.65505
10224,28.905525
8994,0.0
75871,22.04541
1486,53.86032
34986,45.222702
96253,60.18899
23832,46.952755
70611,58.4966
87292,78.645615
13093,55.10744
61068,43.639557
83873,66.4854
3762,42.028004
41807,58.789165
51632,55.539696
61944,99.19624
9257,66.69014
85717,46.54692
87019,45.933903
85880,42.520184
93415,51.72901
20238,39.749153
75782,36.6056
5231,50.60406
29108,56.474667
85438,61.237335
36027,40.287376
44096,59.287518
74183,52.152035
36722,28.966166
599,27.423496
35538,51.541126
82679,72.26747
25863,49.17057
38377,34.13557
73699,31.300434
20994,41.30339
6823,53.50412
9862,41.43331
42099,70.78627
77768,39.714256
57467,23.413689
21377,60.09049
82706,74.08385
8867,42.713852
88708,45.6788
3994,34.880253
58880,45.988857
40812,61.453968
42817,20.97934
87345,70.227936
51587,30.12811
10966,29.373995
73867,71.902466
46581,74.480286
61246,56.245895
19999,26.726965
26048,62.376198
70726,54.964375
36973,69.553665
1672,47.301403
83994,48.340836
62174,12.031264
24154,64.25203
99876,53.249416
92510,45.646606
77261,70.49701
98590,52.33716
76185,58.432568
90326,59.924755
43255,53.30072
39347,73.58931
68178,54.88058
91484,58.17349
9018,65.31574
59314,42.726093
68202,57.720295
70163,42.897594
12631,48.21289
17800,25.377485
97569,40.898262
2102,58.790543
77818,14.782083
99129,60.186695
22550,61.296658
97162,59.52121
20609,53.237175
98525,28.216496
99594,51.5836
53691,27.308903
14556,60.413185
82665,70.787285
51029,41.611595
22299,55.89964
41751,39.188362
14542,42.641552
69446,52.52688
4585,40.206486
57665,51.16205
67189,54.00335
10627,49.734753
11233,36.97999
79650,4.6872168
91770,76.87713
65030,58.590797
83343,42.752636
57560,29.433163
51082,51.14005
32084,35.051567
78449,29.204712
37554,18.494318
87753,55.137875
96288,65.32437
10730,49.372738
101240,52.929935
25814,63.701656
29830,20.975975
60264,34.773533
66003,60.004032
978,61.20838
23126,62.23557
51028,57.822647
41209,67.2441
29349,25.331976
2058,54.91378
34266,60.21542
74557,40.2077
75528,63.53354
48763,68.15433
2050,43.297256
90537,66.10801
52859,52.114304
75983,83.314674
75390,52.734135
86125,45.315395
9742,71.864006
67528,40.11805
37955,58.328533
22587,29.091978
43884,57.604763
19940,53.119816
91407,63.86307
84478,31.792227
45473,36.7872
62903,45.0423
59989,81.62332
7135,20.205004
55886,39.293102
2222,57.166668
3330,58.625244
10898,61.50929
22577,47.467598
18365,40.4909
75971,42.41465
8879,36.1691
93612,18.323502
69423,61.617558
42655,78.95307
44333,58.18201
99852,61.063732
89843,75.58731
28705,49.40315
84184,67.21935
8129,58.508205
74379,62.199154
62569,45.653133
37193,27.414934
73220,73.35976
68491,77.03106
42638,17.3856
99795,47.788834
85607,35.3142
63856,62.384216
16732,34.024437
14324,36.364277
74030,26.331238
72194,41.7566
69194,63.294
68573,54.60129
90302,54.82586
32221,59.09891
12297,63.931095
35720,17.443434
61999,58.83939
750,51.026134
45978,66.04094
77397,68.04774
28471,32.296738
64542,60.104076
62487,64.45804
48276,48.489677
14306,24.543468
76457,35.29636
50997,42.795746
90844,66.68167
2316,52.541595
3563,62.154205
90877,57.79262
97538,75.265785
45361,54.998222
15753,26.611607
44331,67.88028
97528,34.873524
50934,74.03506
78716,24.536728
7677,58.051235
31988,61.494175
24785,67.1147
63539,42.2791
75089,29.712051
34201,71.77402
12671,58.865074
20997,11.930751
31787,65.71351
79681,65.73167
34547,58.848007
70818,35.29776
31571,70.025955
8355,70.856606
34015,73.90398
16009,51.584297
74779,53.358173
328,25.515999
62797,69.718025
41838,27.292686
12903,72.125916
78487,62.885616
25942,61.080173
83168,29.966648
61273,74.6165
61922,67.789024
29148,57.129883
25732,60.999756
4131,16.119162
63803,43.091297
39065,39.25901
19724,60.433598
82103,36.268654
93891,79.25754
97277,71.56371
6536,28.742727
67042,59.969685
24967,28.702732
50986,23.306469
22616,40.92003
61000,40.393135
85006,80.30517
34525,27.97197
22340,34.01253
90243,39.20199
91067,58.659107
15998,65.30082
99216,20.590748
81212,36.58357
40053,51.302715
10722,58.785732
37745,30.663765
80692,41.267574
95319,56.351612
29779,37.8011
76108,63.82364
29906,45.737553
71673,58.880615
56586,59.958286
39802,31.94115
99607,48.728977
61179,24.400629
90760,56.113136
87208,7.9268637
6380,83.267975
17466,34.683094
86588,65.55943
59408,47.52563
6272,30.932106
61925,51.87945
73027,70.87356
6427,54.800926
56783,68.57872
64716,41.07398
63111,67.8495
68074,23.690687
93092,47.166935
102267,49.281
14057,55.378693
46795,37.72519
82305,44.659107
87531,44.61695
58721,59.053593
88262,60.616512
100233,56.61811
41609,73.28137
44348,64.61755
63838,35.4284
62423,58.883865
89172,50.120975
41833,73.76196
72981,78.41506
49624,40.70786
70609,62.207066
100071,47.081276
80446,55.57324
7588,30.821852
3869,39.96972
21214,37.47978
10325,66.28242
4198,27.587162
4875,66.3493
50453,17.669294
29099,52.59945
31966,66.63568
58991,31.199366
70953,40.804592
85664,69.81143
3096,42.72847
31987,27.853994
74450,57.283554
54920,58.081726
46231,39.288055
47381,32.20506
102243,32.807785
70836,54.541462
45705,57.185974
89534,31.688318
16142,38.108364
50277,41.23312
43950,59.25736
5073,46.279305
66008,45.885483
51733,88.76089
101582,47.932392
3288,48.898617
5558,19.51321
65167,62.141376
12625,61.347294
66032,41.025414
11366,38.328465
78154,57.424274
55353,62.21375
58814,59.62156
91664,18.60451
37410,55.78558
78160,32.763165
21034,46.76318
87255,76.1394
81613,57.116203
24742,54.233803
71798,34.893585
35824,77.07939
38125,74.32882
47193,33.943226
4741,53.30114
6704,59.330345
29751,41.36932
84051,62.266666
44670,65.36414
82155,29.182285
51843,47.84431
26323,45.67011
79940,40.94202
90702,31.636555
6591,77.08161
93609,21.14878
21194,72.06745
84041,62.03304
94939,74.03382
28685,14.047347
10473,51.177555
11400,45.42382
74631,68.65165
68230,18.030893
7848,21.577602
58632,26.824581
72367,25.644638
87972,59.781643
57460,72.096115
42028,71.82757
86527,47.918064
32451,34.30041
13383,26.725739
91747,69.0545
15660,55.557438
1108,45.797348
38264,45.579025
81118,56.207424
30227,37.839306
58188,68.80712
25343,13.428124
41338,23.012466
64415,70.86833
85470,34.010788
75899,54.281445
58680,48.34735
17024,25.054308
18436,68.034355
74606,62.574272
36162,35.544395
65022,54.472927
71856,31.074886
34056,53.5818
72600,29.601053
32130,44.76265
19525,42.611595
91173,26.217926
46374,37.125282
28666,12.952393
100304,63.522697
60446,59.889614
90323,52.96847
15703,39.65179
12673,46.187855
77298,28.643444
96998,56.94381
51727,69.59671
21599,46.53687
23071,59.68741
14653,68.2079
19848,56.952175
3916,62.11805
85556,58.560883
94162,54.772575
29411,44.425293
13374,25.62908
86651,63.804035
38381,63.27229
67578,57.90912
55643,65.54619
57021,42.03675
94131,30.572857
35690,19.247173
98735,89.57944
79534,59.464535
51956,61.015434
69241,45.140804
47380,42.754116
41963,47.957527
33691,71.49193
100628,40.212986
53306,72.81144
49174,37.575397
72801,47.595776
46782,47.423435
35181,60.540073
6635,49.854397
14794,16.40302
70671,68.07024
26469,62.916115
43754,34.53553
77312,68.887505
72718,73.67195
49016,62.4432
43659,48.40768
6295,47.944164
72422,51.89155
92092,57.039658
69903,34.33958
379,47.3072
57820,31.528543
55418,47.469315
43000,49.38211
35697,71.6165
40155,39.642708
22774,65.53989
82440,38.858955
17413,61.359844
21266,71.92524
42755,24.297224
100910,35.123943
35480,39.58572
61860,48.169537
58308,41.01056
48224,34.82489
33761,58.201168
4092,51.239426
44419,60.328823
92195,30.897661
46334,27.195179
79819,53.934616
58129,44.285824
47499,14.2095785
61898,44.807438
20942,57.183346
27647,59.57054
40950,32.13103
85502,54.29977
62798,56.06922
100797,37.271114
41028,19.299404
98762,27.00646
42451,71.443405
2258,16.707678
64497,58.14994
101693,60.299137
71982,33.177597
74373,25.205956
27596,59.65868
82726,42.48336
18359,54.525154
83210,28.4365
85068,30.848064
47149,78.06832
72207,26.384836
86146,36.74852
83254,58.91903
65794,70.863235
792,56.888294
95083,46.5527
69790,60.40649
32783,53.7933
101786,16.319218
78343,66.624214
86847,70.28656
21126,73.61155
88655,44.033123
56296,44.34393
90487,30.608177
5424,55.11589
66154,37.394485
96297,41.93763
77320,38.507343
64276,46.233414
66589,70.9502
82401,39.200787
88073,50.191036
85524,28.068472
17207,48.498512
6307,31.34497
93217,30.67102
37147,39.264233
56550,34.54989
76911,34.21801
57865,63.163708
85421,68.24874
101449,25.776968
25836,65.57004
4210,27.876976
17295,12.797199
33187,43.28781
8298,51.07117
60195,33.17036
27525,57.4051
75,64.95098
8196,40.42571
79244,41.5624
54186,55.57861
71668,53.102905
29206,52.82578
95882,40.997566
53187,49.088043
13288,35.287563
47917,15.1432705
36804,31.493616
18715,58.669033
84475,74.41027
64975,78.14482
68340,48.528534
952,48.189644
15852,20.207386
57406,58.17668
80901,35.539223
13263,57.81091
19963,61.850037
7600,42.800537
68590,69.19748
11920,65.45698
9481,61.277435
94242,60.471233
8587,31.66911
58978,68.817024
86309,62.452137
41626,42.152386
63089,29.75259
100624,37.94349
41793,54.778725
32158,38.870586
57845,40.020145
15376,60.487568
66873,64.69969
30631,60.791245
87724,65.914566
21159,62.07359
59850,57.79412
68506,50.35461
34907,61.98672
72153,19.897303
18780,57.37412
2760,50.39296
101272,31.017717
52067,64.16144
99292,16.726337
41082,69.22072
90262,62.36344
15903,57.794353
12554,74.54027
66930,41.55987
23856,74.47792
81895,67.65552
63045,5.408269
6601,71.11009
21235,56.795895
23652,41.559418
48816,64.8227
10422,39.200195
71814,64.13139
75410,62.930252
87441,47.36384
19865,64.4554
18273,19.75935
44162,53.16414
27449,18.298857
37472,39.92633
32246,59.767277
11737,37.443783
93326,58.686638
73444,45.55377
101059,29.184221
101284,55.72175
41866,32.67106
36383,36.801624
52244,37.862144
23202,59.661575
14371,42.807438
44497,65.817825
61094,48.00629
76892,39.47318
22549,53.329945
99349,80.95543
86178,74.97415
53024,63.725643
99268,35.731052
17113,60.293137
92437,43.198
13629,60.514072
15226,60.804813
16898,56.08425
51945,62.765865
18927,43.808372
52885,72.16423
85399,61.73908
2387,33.184135
6213,32.085365
2852,56.23896
85203,37.627003
58844,79.74507
76940,50.127495
47386,26.387802
36240,67.33395
28391,35.501
85711,51.090195
34195,54.556427
32904,51.89136
20548,48.052742
9057,50.607544
62892,70.55771
26598,64.41997
22413,63.905685
16226,56.900566
27822,31.72899
2236,47.059532
1118,71.586174
92705,47.25213
64068,8.549703
37886,59.930214
83047,55.754696
48547,56.022545
30863,39.850834
59982,47.117065
91577,23.547636
34306,38.190884
54593,41.604237
95997,45.112137
70060,68.69148
2613,84.041016
102501,69.724396
96595,53.845875
33486,44.515537
84102,63.577488
88545,57.88579
8191,56.893147
17317,53.17324
69398,15.9739895
92059,46.98294
77188,73.253456
57618,64.7645
20985,77.17326
7611,68.81898
71493,49.88054
87105,41.91222
62260,61.339905
10066,64.65073
99377,99.766655
58454,58.31705
29150,42.33628
94418,35.965008
34168,49.480053
54682,45.738007
59319,51.604042
65127,54.325226
1632,39.780785
31709,32.346916
53011,65.8528
9203,57.197254
16408,54.32862
97730,41.490192
90603,38.239403
79708,62.789707
80797,49.87744
81327,12.529286
8548,63.816875
81892,21.539724
35894,63.787144
76068,60.406986
96660,78.27858
80254,48.998997
69291,47.593826
62842,31.611681
84854,35.368465
32462,63.2003
45635,65.151665
72815,24.23291
43571,51.146072
57344,31.637455
87274,29.291168
2948,25.773458
26411,30.784157
92610,36.82465
37103,50.325535
12961,59.719048
6281,44.69728
21783,65.95463
18345,71.360985
19998,52.509052
26799,61.178997
37173,72.73855
80037,39.274952
46726,68.09626
94593,72.58525
24581,61.613663
78298,74.21108
43331,33.91646
68359,57.93778
67340,65.62677
44118,42.39447
3846,65.89682
82328,27.229858
89711,42.251873
71656,23.118534
56439,69.60644
11380,45.796894
29854,74.363365
22881,56.765446
91678,70.66372
88267,12.720536
87359,64.99422
75723,54.342926
16920,51.02062
9753,82.17382
44517,41.528324
33892,36.413963
13879,26.389631
94999,57.64623
43078,10.390874
77263,70.67726
72934,16.566076
27800,69.325836
49919,43.902622
13478,41.62006
84660,48.59849
65325,41.494858
91114,57.68486
60359,26.778194
83538,61.617435
92017,40.138954
93353,47.924976
7974,48.660587
44000,45.416286
71655,57.75648
76885,65.50032
97720,63.746407
43035,53.862724
13178,50.584324
11830,58.14932
15528,39.136826
56672,66.20928
58579,47.845097
11841,51.606316
80878,60.927353
33931,50.31775
31307,65.209816
83540,31.910042
35661,60.82408
46815,26.043156
37649,17.489248
68353,50.9009
53031,71.53223
102597,62.203423
23939,33.602932
99248,75.249466
44924,35.70314
75691,66.69999
39567,56.32888
55280,23.376932
84002,47.49424
37136,55.440582
64371,47.497494
50170,26.692854
71279,57.509384
60803,69.766685
8003,31.058691
19034,49.262993
19289,42.93758
73907,80.82242
21185,44.230625
84147,72.04568
74409,46.089622
71201,60.332443
67516,53.90626
96225,37.770496
54209,45.196068
71767,62.636593
36331,16.706522
88801,29.816587
28710,48.510822
18903,54.95568
27961,27.358763
44195,43.39701
16448,68.6092
46641,66.63797
72646,58.21291
73320,44.144627
63943,44.20807
31811,55.849335
19450,53.794113
65777,53.814514
77057,66.18807
69292,44.55218
59109,28.366493
97401,63.17408
25595,63.950474
24870,25.02553
65516,45.87845
75291,29.787308
42076,44.376854
69545,45.392033
72674,45.379704
7916,69.91367
54780,7.2275143
67146,68.55255
94370,63.187916
50816,79.56561
36366,59.55297
26693,77.35959
46625,56.1229
24455,25.254414
90335,51.44953
19556,38.459003
15508,50.37577
31470,14.698132
6719,54.710052
2097,46.974026
88802,15.015937
26308,74.769775
73748,57.074924
101775,51.164093
68813,56.282436
81491,21.564037
14494,35.585453
50365,37.17327
71524,71.899895
77398,41.49577
85359,58.42253
612,32.128216
34773,33.29487
102668,64.41928
72318,42.001606
93064,56.885345
12015,59.81551
21372,69.61239
54002,41.06948
90809,74.872574
81913,52.520466
77055,57.710693
75707,57.418148
59958,32.08949
88917,79.61692
84913,50.881115
25556,21.937143
92433,69.98428
39470,6.205645
33153,51.49285
3509,60.12872
84537,72.824974
32153,70.62565
7004,32.5132
69529,40.45273
13990,54.409607
100011,38.22022
91470,49.82625
31845,51.421158
93259,16.22277
65860,74.87092
38587,64.9487
23367,18.22921
85695,44.40463
93624,49.320347
80367,56.223415
59854,20.299034
96697,88.11577
1955,57.470886
12999,54.766655
54271,65.42252
69444,46.93944
83040,69.43829
97694,37.742905
36864,45.783096
33269,28.042479
89645,40.619705
90161,61.922848
54748,54.780228
41186,59.40047
53595,49.57243
66236,35.81014
41268,62.139523
60112,54.1061
18753,40.95856
92750,22.44086
73225,26.06722
9842,30.94668
23950,44.386505
33583,67.9653
73213,49.58174
81185,79.54496
67398,77.60626
70027,22.876972
16310,71.18047
99957,50.76578
90195,57.992134
92578,51.18333
67502,59.91422
55210,37.828667
42070,80.98735
11452,23.649633
72108,62.75005
41289,16.930595
74421,65.983376
58110,7.8866496
14921,51.66332
80710,30.305264
82168,49.19968
17883,46.42897
68686,65.690994
16554,29.104248
95826,40.26696
85800,47.772434
54873,48.538265
54838,27.360825
84352,43.8316
90070,38.03391
88230,58.374733
50368,73.57701
12259,64.98587
9099,43.825596
64641,55.090023
17324,58.71088
69731,39.290985
9273,25.439901
63730,64.99197
10113,27.214552
72372,24.763874
24300,37.982235
76569,43.28915
28314,68.18288
41971,36.105473
31749,58.691742
22753,48.254818
19015,37.22405
23011,40.59947
67306,28.669127
85039,63.21166
80496,79.71951
65715,41.444168
72491,32.33298
35054,10.597046
48431,47.469883
70259,55.076317
47785,22.694485
6260,29.854494
101428,66.32802
2726,66.86583
42805,49.247856
97596,38.870384
17192,45.29948
32998,65.24075
68620,31.473867
41600,43.743515
34848,66.81651
66468,58.242172
76271,71.10781
78534,59.52867
54572,10.251107
58382,60.257
27665,69.93382
70454,52.027805
57278,53.888298
53960,56.070663
16770,56.390503
66699,63.15432
78055,61.196262
100421,55.246407
69480,25.789371
14682,40.34857
73353,35.68862
28502,33.408695
38959,75.358116
74401,76.57282
48280,56.89406
60051,64.912834
53643,48.643555
70793,72.135284
36501,20.335936
42194,62.807655
64687,70.60854
33833,47.884796
2617,61.227825
93787,75.93211
78337,55.353477
36428,56.681595
13004,24.39442
87022,37.37995
54471,32.642494
47590,68.52252
30072,36.6599
35860,72.63779
4763,37.05967
42315,36.059837
30528,65.283775
6372,39.188614
57393,68.388176
12837,53.03692
41229,26.636082
41247,40.702885
46329,56.33223
10725,71.85575
22748,60.37444
6952,34.254784
94055,24.953554
12200,50.205845
48008,36.937557
77147,45.604233
34846,55.00736
55941,62.978767
10629,66.070984
45625,21.18428
75406,47.28783
23119,13.881056
55757,67.62478
48491,69.93965
64026,48.151264
64196,65.33774
81764,35.412678
84887,72.46127
93034,26.922167
63615,59.470448
94955,24.02237
86784,55.553883
37024,27.490356
31084,57.361073
62605,56.86281
7757,31.989058
43250,34.636974
58180,69.556114
52006,65.31574
60388,58.29643
21083,23.237387
21576,25.646502
10059,46.547977
79788,64.00807
50912,33.849895
25743,65.08583
29758,61.258537
26114,61.301914
54260,71.777725
76797,73.47986
61598,62.425323
39261,54.394726
53729,47.534756
15951,55.224438
74126,37.866676
20438,59.901604
36535,55.009315
61107,47.83278
94984,61.46625
96763,68.61675
66686,68.71823
29653,88.97161
102227,59.412594
88486,21.315758
9571,64.712616
92948,71.25776
3073,52.50222
74243,59.816696
40213,59.632122
70494,73.30445
59639,53.20571
42413,24.389296
38960,18.483973
33254,55.98857
31500,28.490156
96991,46.277702
20899,55.518467
69189,52.165592
15463,56.190422
90878,56.055836
84078,63.040142
86482,43.49464
98601,32.8364
40061,55.92552
27522,36.139244
75046,39.768463
89652,50.312393
67921,60.142204
51825,60.714684
54159,68.96987
74180,36.039616
6485,41.70694
82817,36.24181
86961,64.729836
40247,26.453682
35745,71.58345
60676,78.435265
9163,53.380768
53234,71.77134
42934,32.89796
91083,68.85943
94372,22.808815
20276,30.421839
82943,53.271103
58658,77.667
19179,56.0678
32030,39.695454
86776,25.055088
76337,24.822601
58106,42.936176
333,64.16337
80645,70.39499
65193,54.70109
93832,56.799576
11492,77.09336
10456,29.834871
75660,44.915802
24665,61.0309
32044,38.84826
66657,49.359734
98710,68.07796
80519,48.608253
46204,14.589049
84612,50.979015
9262,45.66554
80575,42.985313
40332,16.851116
19000,56.14007
17349,46.711014
24978,62.075863
9394,66.87301
17175,58.998226
25097,26.66895
64164,66.3015
32442,68.5826
13481,49.28317
6597,54.624973
96143,49.83693
20095,49.71341
1621,31.07194
17517,31.94197
92742,50.762917
89258,56.481495
16989,77.22545
74308,48.897717
72664,64.7874
89347,59.9392
59386,68.732475
44302,63.00012
89504,52.073757
102596,40.49812
11353,68.97715
5959,23.537266
75378,71.14635
45568,65.49021
52087,80.31644
1002,9.847469
19568,58.75546
101913,43.537727
19499,64.51061
60204,41.06924
8370,56.29742
63686,33.77053
96922,51.98081
18129,50.393307
34369,65.7529
14781,60.11491
16993,39.20298
85865,38.668633
9524,43.038105
89684,57.17808
33957,67.3869
46734,27.357525
84678,66.28213
93484,67.68878
1574,47.423233
70893,48.916355
83418,60.560314
31807,61.879734
24976,33.764477
93474,50.98943
31176,40.745422
70370,38.546047
10503,61.697273
48643,37.59431
60400,66.70589
11023,59.09949
633,58.13396
2817,47.709618
77858,28.298378
50379,11.9300165
2088,36.119488
57902,38.80764
44725,41.641384
51856,50.432705
72796,53.5286
26484,43.07211
98502,70.37952
62388,67.05223
72308,37.55098
8353,59.928867
75561,54.484127
57057,51.403294
1764,60.82249
63281,53.18682
41013,61.41751
90397,40.040813
71382,57.498363
60983,37.073875
24176,61.021564
82037,52.894073
2549,41.766182
59393,72.10838
49721,70.41713
59917,53.95812
75022,67.57784
42047,51.07777
68672,48.116238
1968,46.373398
7675,22.116962
96302,29.606804
1618,39.322525
30990,35.601166
65334,38.62957
41447,41.742596
83563,56.350353
83228,52.80741
9475,36.294308
102609,61.7584
96241,48.47056
42547,20.798065
33430,46.61463
39670,72.18401
74653,61.59843
41429,65.60746
16970,41.189346
76578,41.143913
86253,54.908176
52257,56.736652
93058,37.517986
6839,70.89711
10605,76.93382
70151,67.65727
32963,78.4161
52203,80.49463
27053,37.781147
5004,51.924286
52153,54.74423
43283,65.79209
12304,43.85175
18662,50.343296
71429,42.329315
16647,69.11018
4458,64.5689
98584,55.899883
52105,70.42777
94102,37.9594
39958,41.753212
6550,67.24089
25330,50.146996
27854,44.73556
82162,44.934124
67045,45.28277
45347,50.33315
68183,69.14493
78433,36.195766
69217,45.25067
15694,27.306292
77727,42.69628
86528,58.959972
71791,63.320824
61996,42.729115
44143,65.52194
33547,72.08705
68579,36.795372
11332,54.84082
82170,53.799282
69724,74.79053
52655,40.549896
59330,54.718327
59940,48.362858
29526,55.26911
42719,54.857727
44262,18.913279
81487,65.28026
34601,58.652325
13867,30.586264
98336,34.519543
82495,30.436577
24049,56.850266
69008,58.04333
3564,72.24739
86861,21.516136
7283,34.83701
2763,58.091866
25173,61.466583
22919,46.11403
79520,28.951746
53985,27.758627
39925,80.68052
51779,74.8047
41090,62.033913
96878,54.256752
46508,53.141495
72047,12.210205
4841,34.787376
70663,62.849552
35348,64.71811
70086,61.15975
35702,48.440918
55796,23.727564
75856,44.539993
38832,48.72614
21694,35.459366
20315,66.83003
52925,37.44591
46184,68.52547
101599,59.48984
55415,28.623472
86139,60.21755
38592,30.706972
58295,54.656208
1239,58.3547
21707,71.89285
27062,64.59268
57532,38.36052
61114,23.136423
7152,46.996284
83159,52.434643
81659,65.27557
71505,63.383995
42815,53.561127
87945,57.870934
13200,44.97484
77917,48.203144
68047,78.95792
79849,35.073765
55469,52.6652
41881,62.573547
14104,56.92773
39928,44.270016
28293,65.652145
24065,58.61909
97260,23.86899
67559,70.64027
91037,66.16113
46903,33.51692
28583,13.920209
91171,68.606636
75119,45.54995
38608,69.7802
50067,22.605354
102240,64.53055
42324,18.894428
76227,22.936409
64729,20.226206
89095,31.867126
78207,57.263382
24657,83.62333
94595,67.92481
26757,53.276176
82844,70.416214
75115,43.32257
35496,27.788725
1849,72.970764
58069,59.2192
57522,57.730686
89447,69.70409
2600,56.065598
95881,22.248262
43612,15.781183
76605,60.292908
4181,32.1727
14101,44.890972
20591,55.494267
84736,48.9456
99598,21.872065
46730,75.5633
26590,57.45097
84648,28.190403
63704,11.373118
101317,63.720253
60649,78.455246
98715,23.249126
941,47.201
33635,56.800953
7912,32.23814
45244,29.839489
33909,30.95149
56417,28.619259
80160,61.177116
26434,71.72142
84818,32.255985
75108,12.723968
100573,60.459995
10141,55.310555
70147,34.82056
14731,52.299988
27606,67.30634
68401,46.10111
41646,64.94267
61235,53.77116
3820,28.009579
67110,34.462128
1991,9.888405
15126,80.20504
57526,64.56655
81143,73.93962
87804,49.23236
51196,60.799503
41058,66.538155
20041,26.56903
100374,7.614702
41101,46.26592
93143,37.572163
53061,68.90184
5011,55.96061
83354,30.846413
69358,51.14345
68255,36.924904
98181,38.75866
15219,75.667465
102068,44.63948
62715,33.194187
41497,66.091484
24304,66.93235
8938,19.85077
16359,17.890564
32942,41.183323
45679,46.70781
78320,56.89162
3930,48.175552
31479,48.115078
46481,44.138264
3684,48.579937
56388,72.58265
72191,59.64949
72202,59.134895
25421,72.7753
98593,58.441963
62012,25.182386
7874,40.417534
98563,36.411537
88122,16.371763
9633,35.71942
74165,57.292526
30651,44.42321
64916,47.82618
94335,74.27991
235,72.373795
74787,66.47648
27442,63.411278
8560,16.077566
67113,52.770805
57985,67.87597
95850,38.76819
20986,47.38854
91105,43.005344
52626,51.097427
43335,81.605286
68549,34.782238
45482,64.6112
42938,73.61954
62165,33.523018
79124,22.10433
12774,50.467506
73490,62.318863
61744,55.067295
82372,19.264755
93846,18.260492
52491,38.02593
102344,70.17741
53068,49.57177
49466,54.393013
36273,56.179337
27099,65.08622
86629,70.52049
1336,58.970486
81446,24.637247
80054,56.859295
7028,54.6881
102144,15.426006
49173,32.821827
15518,51.989548
64842,65.495995
14500,40.262127
90146,31.283058
96715,29.249405
92906,38.17717
80957,49.12335
58883,54.76264
81839,36.033768
75286,54.736187
65841,52.605457
35455,58.829308
13724,43.55502
45199,50.572197
27814,28.401993
40707,67.76749
20413,65.13701
94972,55.204605
25282,31.151827
43034,35.742203
55863,35.515583
71273,68.00226
32430,60.332478
20616,47.396545
25455,42.681107
51157,62.75326
94,72.62318
86296,64.111465
97636,48.51874
9858,65.10924
56070,34.78639
62247,50.906162
7148,59.5837
73656,63.00017
14084,48.64591
71280,60.352345
51444,65.98498
85643,8.459938
41631,40.25427
62413,50.7196
13733,21.959736
53812,47.87669
13950,64.993546
70306,35.207527
30767,76.75443
11188,53.490982
23997,60.571304
