id,target
25174,55.07695554360109
38453,69.14620683698365
29013,55.01482312733296
57463,65.7410005614255
51264,37.306986410074984
38911,69.07726340881847
1229,60.78373362753174
96000,43.87649337086505
10270,19.122930236467937
64513,49.351827439470206
102534,45.857144255011946
59037,45.07435041575832
34298,61.93717031847892
82669,30.972478796306163
100687,78.31263767064543
73522,58.67577163925261
48734,49.35136560808872
56168,64.69775817981764
84658,30.376562093162338
50646,34.10958810569512
1360,69.59028473392576
52095,47.34468046791494
65633,48.77166049303634
28205,50.12416002821485
57218,47.843797595537914
2601,56.3730654037457
85520,68.35222019040687
45402,63.50483449883725
93231,51.822930876072014
39300,64.95349731850334
67877,36.145052375041786
33330,61.28099214584625
79050,41.6897293751379
5081,51.135176543336485
13231,45.71674955823056
17628,50.097324348316505
80388,77.56113303230494
76808,43.68342027813716
100234,58.91786493352191
81256,50.22391012541775
57152,47.56759316271664
67477,66.90252941763947
74377,70.04462298004802
88292,60.9044945642449
102460,57.461763688388075
72878,21.71758751415838
77878,39.764086800357894
90885,43.163721428913895
5562,35.60523459744226
85283,61.25708307852865
66509,43.8969345681098
90296,69.49139869429078
4503,69.29344276981126
58293,30.818993045182356
64079,41.64559540695834
50451,40.60428636078917
77648,66.75071267492362
91697,51.92390914687985
28935,61.19664063767627
51809,58.07671760327411
57691,57.0276055087622
23043,30.963598963657656
98788,37.04642843240384
46943,53.32961369714612
34807,58.982843598669696
50520,54.57865242301683
92943,70.55843307079354
75909,45.08153082330064
78218,60.745612159705814
13225,62.301082563856355
30514,49.45078339993066
82053,64.55816759390588
3112,63.05272288714341
75999,60.860766140904005
58460,59.18705102417951
90475,67.04475269948108
33888,45.97790194517526
9299,60.345843345994965
90094,44.70253480431982
35904,68.86872432956952
97149,33.68048841419697
86693,28.10317137204562
99331,43.83161272078263
83095,49.68066385596116
100329,44.93640806459176
93056,34.66997332859884
30873,53.51131714600956
28579,33.15864110284879
20217,62.927604028974926
67433,62.376072935541494
56104,66.7815484917013
25681,40.46536057289639
10891,70.8995014744736
86004,43.72042421136147
36851,65.5480089515108
87094,54.234252927624254
12066,56.102082900872404
93555,41.8837013209312
79483,54.478381480323236
90391,65.95889678877941
85580,55.72555234073734
61181,51.99500589276241
98828,41.13961831588852
36626,70.12134045904145
13846,44.10736205095412
55091,53.80429191337534
46425,58.06363455342516
1363,56.65491036185705
70646,55.95302617045611
86481,57.68634920192399
6316,51.23421580782146
37261,63.56655044325223
51903,59.94316083028585
68887,46.35663794340394
3893,68.6566996561543
29502,24.9133088230713
56572,41.99997686619342
18999,55.80141743007015
2587,69.2201609096563
7854,60.2030037075844
29378,45.15014674545942
2036,57.94835680611446
384,29.122686862053136
9674,32.18023437426475
66574,43.76616594617234
48355,53.97720128171557
51730,33.34124882833227
37643,55.42382610898222
51348,64.70413901897881
21597,65.78382576298755
9240,57.10431157428011
79816,64.65937791933221
93877,67.70610509875748
39407,43.976387786276874
86751,67.68481520507328
59338,65.03039857777819
56405,34.318088474697845
17866,40.53612000630598
64569,63.02193789789856
90600,52.233262819563905
25963,45.941178008932674
7961,26.934040998670444
39127,54.252896719595654
81991,59.895699894888295
52426,66.09415403171279
93850,69.39001087651421
83904,22.07626730428494
76946,25.38154169422801
55666,53.87963480613826
44289,54.67945350506023
8845,28.78793191759886
73107,60.46034057680537
96428,49.689218674069025
52052,63.22405359178906
100865,50.63210902210219
17457,65.98692515129365
61472,58.94340062535372
95172,42.6402846159402
93006,58.723651264118615
94581,50.665273642685044
43719,60.764087003689404
101570,53.54333507582916
56333,44.09886689455183
80782,65.52647737747708
28561,23.950267516434657
7871,60.886741893065576
14948,61.5264723110434
73653,41.57076423947057
57372,67.47560018177073
12414,51.33127159864993
61951,56.494917154532
30372,36.99110943646108
28909,58.4707350486884
7009,33.13638250798087
101554,69.51975506819285
26085,55.570745984694334
100443,58.477554455708834
23262,56.77765872088353
97587,54.90780488056653
58705,67.43179068116032
21825,57.22616970443199
67844,43.74400416742193
64146,43.93121987855824
16120,52.99539390248651
23555,64.34134070275024
65554,55.79183177506369
70589,62.04590440249318
18725,68.01608892631019
99419,52.94331879097929
33451,41.75001576918398
67912,63.159327908714424
101073,57.72239416235473
39319,67.19028214446689
101711,54.280746591824574
23149,67.42180825740462
84451,62.95386618176748
47784,58.73613167492334
61553,63.60335000743694
37353,46.649769104402594
53168,80.18550089478715
90985,28.182342912763442
28546,43.839250223388596
94706,69.14436244307426
23231,60.685080994227
34618,53.461481135985835
29137,60.08702669965107
31660,61.00247540617941
54047,64.78938437513457
93037,51.154067176840556
83173,46.307140102899695
32113,61.97991929900908
14395,27.187500737961056
67820,36.4407984647873
67040,57.081125622456554
83797,45.25001901244208
66231,58.90121751099855
49705,57.495974808855614
66764,61.09813662195428
72603,64.14363124884356
12468,30.13861150095425
54914,56.28117423332207
25137,64.90167946443903
59287,55.99674683015393
97008,69.06621066629138
29927,60.32582740817321
29356,57.22725212385512
68914,69.29344276981126
34806,58.42089265447965
47948,63.012955186163275
17065,62.49397165446081
87547,35.45966660125717
37608,46.84724470931963
73001,61.24505629528805
77299,53.90610512945896
16735,68.11773863126781
18155,66.6285399731856
46480,56.96367998193584
8278,54.28610283060264
20781,29.567255210949565
3365,68.69036718648513
40100,69.40847911989619
55431,30.713975765584664
61484,56.720293323584684
70277,39.9802394326139
76867,61.11586937325144
24955,46.79269658344124
60828,36.79893950406187
22397,51.57789489586415
45920,59.63420841210086
76307,67.3292211241373
23948,69.01219503841178
53542,45.5901725356242
53625,40.50281605599041
72657,36.39082069765039
12093,52.71897902523658
27991,45.52024760831017
29171,65.26616978718145
27844,63.466557981630245
36260,36.72185644355147
18861,51.43723730021824
69954,58.47103149557364
96138,63.01041770016997
21307,31.47452390660322
561,60.524419509888475
77051,51.166578108755864
16909,60.57525537507912
53517,47.37467734984129
56650,58.64299479957598
86556,53.781731169658926
50889,67.6242600577162
20658,48.86433539175181
42039,44.70876095702056
2936,36.50491943978872
94511,47.519645451826484
41830,45.68826498768829
15269,52.59679530100512
40190,52.49414209982063
88469,49.02586853119084
88531,19.670560507519745
5062,40.294925862003936
39591,47.909300977956434
93947,65.10574145980644
74130,59.39487639837113
69128,68.44216679120719
88896,40.26580063190693
42765,42.907775458949224
20325,69.02719533714865
66746,60.2280706760081
79642,43.00133155526762
67563,56.03744718253269
51951,62.02751388054544
20540,43.199358029050465
57913,59.47700949729932
20016,58.93855613968275
52745,61.18919478493781
66425,55.503460633369635
37685,65.07105745086841
80473,50.7487490054911
15919,73.23189806494588
56921,50.81788146398822
7392,58.00108893121898
79670,40.42201306141416
69266,46.11151941203082
65573,48.59196719213066
73198,56.344450985531715
23034,59.22722089828033
3495,44.363604869628915
1522,61.05837021821005
88656,45.25218928396472
89420,62.53225521254207
6168,58.23551230359685
26638,62.507850136288795
33248,45.67489433249128
43637,38.72784603362864
97437,59.96237427886074
96250,24.386242026358783
29856,61.205500070064744
27846,59.413127401944685
68876,64.25836155354291
17429,64.14091106426844
86647,58.0940743864022
23334,64.16877329810107
32234,64.06600239610138
71801,24.978237537967413
95706,23.615681497160804
41845,38.644258013753365
74067,54.650627230718946
28960,56.21408383181639
21442,60.1692231267248
69263,51.56252226208982
20470,44.2700882329695
99015,45.35294806779751
7204,34.93084282679458
72926,62.394880010189546
102030,64.48455910502952
16605,38.07312383482644
16632,49.57431212795196
25543,54.212736895701326
66480,69.23218548460719
92866,68.1027593745399
1766,36.52586397142387
51495,48.27070195394599
37839,49.52711381813587
28978,56.18383257051647
102258,55.93643508600828
95105,45.6789811463893
40118,47.47797236544969
39698,62.63973302360767
37594,66.48985327043106
64025,58.47836380549159
59992,68.10413046365343
44050,57.970910770910116
27523,67.01303343826287
11505,38.852782307748114
40413,60.006640808596565
20076,68.78895948673407
102136,57.77224593903735
65139,54.676008891831835
23407,39.87526642281815
37464,50.95083423292902
59916,58.582051949123645
12042,60.886741893065576
64577,44.72138597734991
81331,67.5178952626789
61920,32.381823719667864
39099,63.45602664456553
78166,40.89225628589337
73131,60.856079594080946
64995,39.658764025998565
43278,58.94515753317964
15509,68.06830729694498
99611,66.95974905955705
67257,53.936440173254326
96245,35.84484777165679
52205,53.949055619023696
67084,54.37466570166252
60524,45.09338586315553
76518,29.199449025904798
50679,69.57592301775001
1038,54.497694256530394
55932,47.23998201027344
82634,31.692447421952284
79774,54.276330686604126
35445,65.7177332800889
66283,67.99298005595622
37874,57.161311526951486
1129,54.425195806142035
44255,56.793478938930555
26531,53.55768223673275
67720,59.468846016346994
43546,60.64400012098535
86304,68.57868956455101
54034,38.45348143905027
23102,57.71934482981274
75085,55.15436301488528
89886,59.26887198333094
80597,36.23706680114125
68422,62.81790198624243
89966,34.72242373499278
41867,60.97799124715213
86966,68.81089064795448
53117,51.273951636351704
34227,45.19279944814971
24411,68.43468283734272
44985,42.93184464036906
18292,45.954757188679615
62252,69.22203305414251
3776,61.703047831280685
8155,49.453605342312876
44643,37.40466309215722
85819,60.76528938353552
18926,47.42965546586555
15051,60.776575101558294
21057,58.767214113463076
67219,69.37893722829718
85931,62.5496069364468
67760,46.11879368161876
56298,69.13587185726651
99579,54.80004394135269
56522,57.3777103986806
65348,37.75847834928554
22855,64.18369619161346
64814,56.26007114205874
64759,31.82164300177816
79136,58.98747759676843
18683,56.089674793089245
88070,64.57486071720389
19704,58.53213459206465
77265,29.09721316600931
32378,60.3499644417789
31652,61.0545036587299
69355,67.61356839740228
74731,41.08380090942638
56810,41.04572177757946
52075,41.743922251268906
68203,68.5442812411848
100238,63.42911560857558
52796,29.264728592527998
24678,45.264476123816976
58568,67.61444536334234
84344,61.721856807252806
80066,68.1257042201798
78648,57.94539013987274
7840,64.17789945045725
56387,61.43047865681098
7102,61.30684183655385
53235,39.82078494364972
92914,56.63598202532471
15197,33.83728495202969
67686,41.07464836236035
74333,55.34952762586912
72818,55.42163867230235
80826,40.04550265042645
99341,49.30972926597136
6895,45.300832201802834
81241,45.828534579376075
34998,67.0153670187808
15001,27.28333164495651
65601,54.57119702608604
801,57.331126904361554
23401,37.17621006129041
48766,42.79609736609662
7512,69.72554331977085
72238,42.10787480718629
24405,43.48002900416321
41046,44.206713975632674
30040,56.59195173662092
4331,57.95307322067058
90802,65.78845018553963
19690,59.22199256232753
28920,38.86615301804115
63849,42.13235456801879
53012,47.31317136423706
14970,67.90128759282283
100686,47.24158735297514
29119,62.2442092488999
47898,69.2364530370542
86388,44.57467284063468
100259,60.70131190613561
25668,50.624615940840755
48509,61.975200352140206
17366,57.44661423300899
63991,61.14012299993653
100528,54.84281481790101
27299,69.39509754930315
74367,37.05396418345404
35579,44.388534439595624
8470,25.859216778127184
32785,68.39838202551942
89832,48.325536174100314
29223,58.50764279800838
76819,57.929765401674004
35319,40.85541844741468
67683,52.900636599391106
10462,31.29181722940517
99150,33.520209992604975
44618,44.722446451058374
71516,55.97327618156016
452,60.34294009932303
32070,54.088827346243754
85512,38.707773061111396
40581,48.990890982625096
70287,33.58655529958539
102544,44.592822764137175
35374,43.57715032626811
31083,67.7999503315471
63328,53.991622920275205
79069,60.460280285981334
82381,67.4829471952739
82000,61.07306316025819
17444,60.05476134941514
75006,41.94777376945407
1625,50.53038167940457
15732,61.31738802285716
85953,63.40825174066419
12170,45.49217665454433
65872,57.401306234688484
61894,67.89048372080565
37250,55.45073670943586
95582,69.30442760644722
23003,80.55975933244528
43905,47.56851150768397
60297,71.50400838674376
17578,69.74993544972011
20622,61.16202925614681
42469,55.857244399221344
84521,50.18694238829411
58464,65.4860361230706
3597,35.21540308876699
72504,51.75866695871531
29935,62.52535766071764
10116,60.890203108164606
61776,64.38734803176968
57839,44.25746022527435
88219,40.09422857896152
25064,43.0548567305653
39513,40.46497443348314
64340,58.59593524681054
18742,30.448584876274644
66223,59.224110913485866
62850,29.284657912644104
28207,42.37390293865814
40526,60.933455091995576
15675,65.28950718759877
35341,61.55343803235039
53141,49.59207672707749
84607,37.22339741164669
31501,33.582515334807276
97590,68.49693243541107
44023,60.09066430128507
36759,63.872560506787856
18375,56.474961148900086
21506,69.69821695417824
22575,62.62507772146562
455,46.44848455480304
91307,41.62109592616443
52359,65.13983407803536
29992,54.89913073353432
48316,33.08858781495987
97178,66.29054096811959
86109,60.44482928140051
26754,33.03786062712634
13057,59.582279335978946
71514,58.40329270228341
48221,44.025065716288545
29415,60.87856907567647
47330,60.330647518738466
89770,58.38990440334469
94732,63.44183953239627
21854,59.10704313571821
39596,36.02601495516461
86092,63.58960738829247
64233,54.81980152410116
6707,73.77578636698519
78814,70.01370734657922
92921,65.28902298087067
14193,52.863395558294854
3609,55.730615879774305
77919,36.07171102900283
32986,45.602439657417925
18820,46.541618431154255
44107,67.93591354444938
17605,58.249919838962214
34198,58.729203126503336
23081,64.9881785372491
62176,66.77292337921074
1518,44.29486778229364
35627,42.603998394088805
96457,58.138953682311374
89918,54.87283463552327
31104,56.80289915914531
30635,35.263686440055565
100756,51.061970221691475
102126,46.22360144435981
44220,45.516787389512764
8151,59.87635737405525
51491,54.45489415728585
87051,49.2771858894589
102064,23.48876532130916
35132,67.72629089275385
85544,63.5660805089825
1862,64.09044975571635
72547,68.59406801639336
4609,90.61051564199457
67065,60.521769056066994
11132,59.000156557948976
85339,51.90084876046413
63229,58.92559223997404
94647,56.797292224556365
83455,57.5216795962709
83426,49.86152010100406
66470,56.918076537465424
65669,66.975554852902
57896,55.16441026713576
34420,42.17811959822324
91764,41.70644666624481
102281,39.65637822039992
40432,45.475511532851016
98977,58.35969732682179
22628,53.89200278662683
92800,53.68722260337436
8675,64.89731850357424
47199,65.09336261697446
41078,42.87311262518526
19695,40.73108293004957
18070,52.49744989802546
39482,70.8995014744736
45065,56.2813683747666
98251,43.42130222206748
17289,41.072335531548
19934,63.90233861372348
9613,60.574175727169795
68870,41.602285946434606
99778,53.06770370102899
9883,61.69880706887696
3296,65.78436244770306
86826,65.93087481273075
26206,60.37518085617058
45821,35.74116181449848
56965,57.680707112262105
46920,60.79455875809364
13746,60.11803320926901
14868,55.33089768556105
79773,66.0317267675835
54097,28.9721332486687
71196,36.40546593693376
100249,68.64735558917525
20072,39.396111347562204
90728,44.65063734524484
52102,61.66224367950279
74490,56.54215287681346
8408,41.95064912192428
15067,41.78094778916845
39798,48.943493466391025
60048,50.285655416945154
83248,58.74226862765921
88686,53.12738008899918
43133,60.155232729434076
31403,67.14446897574156
16834,69.59789931892064
90112,56.32064188696275
54038,42.91579650093502
34403,57.536376790979155
91436,60.64355825939212
96135,63.67681164996291
37827,44.38651176186597
56531,69.2364530370542
95916,58.55465681726008
33480,69.05195837085084
30845,44.95607577587307
79388,58.2967415491798
41312,41.50117611667194
48060,57.692162123794624
27162,63.36234532170045
57264,68.87091711212116
13098,51.786880728216055
39589,59.77574037417885
61008,37.75463921478607
47089,62.79575406021938
60353,39.408175910003344
5900,61.719613210147855
66676,20.81281647980094
6469,66.33942846173518
85917,68.77810242923896
87704,32.31682740931277
70145,48.05513375026792
30943,60.9183446571926
99732,23.75557396126179
72283,59.254863155799455
32564,58.79720870152606
6356,61.52189849097405
25941,52.51930861067139
57142,40.1902488208163
61388,28.822206504346912
12718,40.316236025956705
15043,34.024862552106825
68526,69.40847911989619
9591,59.15144778873299
17682,38.52926440160685
20350,59.504765899913465
89910,61.11008666430799
65826,59.2391823752512
85088,41.132791419359826
34483,69.0845357913589
84180,56.37932535049953
59576,54.28445157466221
55966,60.58872763876067
18007,57.495974808855614
86346,58.13335149002376
79880,67.89774983727484
45518,53.84278708242998
55165,77.32311845709964
58700,36.32448291331318
71706,36.02426274695203
23078,46.743468235903
5087,49.69534878431169
94829,58.6877474333065
73932,30.941918407152844
83640,59.88401296170237
66612,70.44612539056641
94205,70.04462298004802
12296,62.57768440236086
52798,37.40154500094639
99200,35.47981305962421
45384,40.71934856535
95283,53.50592926927782
42204,58.36018731189374
88726,26.83353883706961
96480,70.7752667894451
66870,57.29208566780959
16406,34.63945794256341
1062,49.7819380128283
70332,62.317724011685776
19742,50.08471057506508
21111,67.53695518107028
34769,59.45453623379364
22842,64.01283675558085
30137,18.68237039248921
87363,32.57777098249785
8650,59.96027963551019
13708,51.97464733497074
59063,56.383612841534166
58276,56.0182397096211
76904,51.32934585103688
46445,59.247959276390844
30302,59.81526256900952
100980,52.040334037291274
49108,69.67097358256709
41241,34.95473768339918
5680,58.643369069572174
29965,40.423254372444575
88144,42.08133145595893
87500,35.23743233455077
73360,55.85274634344342
100316,58.55858524576264
63608,68.18351286802441
63567,55.14929945905932
17161,57.07384406483885
2590,50.708816005337496
7919,44.70842480687826
99375,57.70187469559506
99299,68.94935888901874
23630,38.81680780302035
407,36.141973868820195
17719,52.253740556654044
7343,36.444918428786
40481,35.24893445762134
84424,60.30233324375717
95827,21.94837485636659
44848,68.95410835025116
19167,59.66268170579944
63970,38.27669152409862
97377,41.43496210289507
62196,65.52650272270613
86464,67.47290930202006
94468,61.195877011579796
91423,47.625351066769184
88647,27.964127764342916
317,46.762758654824665
81066,40.74814418688101
18410,83.86771385016716
95287,57.882304256471606
62919,60.1488660420643
38879,56.47207018101962
8207,38.441483559323366
26307,37.84528059832187
20943,64.63651244000066
53299,69.37044712023277
51425,61.56500817082501
23662,61.142377201032396
80520,55.145626712886816
8090,55.84549250451033
43706,69.1490385861515
27994,68.5442812411848
39168,64.34765113901699
62839,76.61638158316507
83696,56.59430579258998
90637,50.29584409732306
78069,68.91026673982827
68153,30.855654625348926
5392,50.70027060067554
26744,46.717274866117286
57414,51.67372159196464
57561,50.45750533964075
55106,56.914059781028975
76352,52.99434828669795
79885,46.255127781039974
40188,40.404898000103024
49298,23.939960079392936
86049,35.9687119202579
31401,60.32582740817321
84610,63.73130718957943
85508,48.60500877126937
89128,66.21877558552484
58432,53.897893990815625
69636,49.74226298869212
61674,55.68286151006921
94488,65.35878142561869
3626,61.9148438895395
19281,56.84427583382708
72049,41.4433525041168
85164,36.259999932248235
48216,58.83334679258678
37808,63.41111062731044
43359,45.46746815246921
60675,59.46085038808796
52113,68.91469928159097
47830,40.728539989923505
99157,57.99710932862902
1012,60.99455908335101
10581,60.61270611651491
34333,52.49912259274688
54115,25.082804297693187
67553,35.26681912968842
88080,48.27224078547635
98557,21.784567816517306
101902,53.863785102200566
71221,21.113678689913222
72193,67.14279021900616
8032,60.8655686019339
88116,61.175694358651846
56289,52.75849106525582
95159,28.827048873052618
10195,46.26543722786632
1620,16.4857666625195
53001,62.01763155294689
926,48.5004391537066
76290,36.78218400695593
16650,48.5724922359621
39737,64.6564448801813
1926,55.837684066710814
81097,28.149576318820618
14258,52.90463129962105
33035,60.17990393592213
99228,69.37622633449297
40609,54.25651983541894
87484,32.2243536041838
36755,42.7357136242075
1248,57.39119676832692
92100,60.25824404293612
84331,40.18790188820619
61605,41.09777821164248
33749,66.06410626138107
53469,56.9955730856335
18391,44.49628781578022
57426,50.24490725198625
77444,46.87259126295053
54878,41.12138587635588
31675,30.482700838953757
99312,70.06659338617196
97996,48.22110235688336
95770,57.41520493814463
85059,41.9366202306605
5985,41.836951194236775
51465,60.599761842810196
35144,42.58044762913365
33390,32.84554347817907
88366,66.94145612603909
34364,56.85138073030117
55239,50.48471349804799
99816,39.68533345451981
17546,81.43794121746099
7833,42.0401348678017
69664,68.04273069228944
85578,66.22689639011207
36489,32.017757152787475
61137,69.0845357913589
23842,39.18047820602453
61511,52.50373052910833
48807,47.55483416935358
1192,25.714024286051
63628,33.16600122307229
11383,50.482594610723226
85497,23.54830997764892
3043,66.82575556845103
15364,54.469465408028924
47407,44.396232339663484
50421,55.67197269378241
45990,59.55484024545413
56882,62.85997490123632
67276,59.90524571743297
97062,43.5323080873988
59954,66.4801532423795
14906,60.39091348132026
22519,66.69400585475259
3801,29.147855483400935
4523,55.338432286861625
50150,41.61465176992864
86240,62.12500148671146
73111,59.556343821266566
90354,54.81121818875734
21469,70.8995014744736
85978,40.69899525012335
36698,47.5393455295942
45761,44.49518769172748
64112,23.45302128322299
63234,57.6783877846467
23994,56.65661688680697
63648,69.5170873587931
53249,28.580087614259615
18758,41.895792413763736
85050,45.20820679030079
48440,34.089402048146916
67791,48.38145572907184
18924,60.73308694082291
76419,69.59884627342753
31179,63.81688333425511
88387,69.27548885301798
87240,41.9989511621203
6417,55.93724152237739
90091,57.46018401788426
39967,51.83787208106888
19492,60.70245639644639
15745,58.41254245045938
41829,39.039490378782254
4276,55.1871754348351
55621,46.03002291470681
46194,39.98275800406725
34114,40.484427007222074
63700,31.598012710298224
98786,38.07880712827751
84316,35.117176060441864
31175,60.054930895103915
25437,60.337533240244895
73036,41.04342315766346
94543,42.86348698665882
57198,59.78002590682428
34067,41.596835088738665
60025,69.84818423175325
1705,53.124810794955096
11061,29.09141984881442
4711,60.659426628976945
68347,66.21711857494535
53326,49.370134841498064
21441,54.47370420036159
9359,41.71415211415681
75236,62.73428993141114
4844,54.526143104695336
5578,45.662736794490435
97777,26.141374233020784
80253,57.37746519775111
75298,62.686057653223244
73495,76.05398060775896
59708,36.63576021364722
21503,57.5868854167139
95525,41.9176934094822
53409,28.01667403087881
28592,60.17282831807269
22076,60.83409079271134
61609,55.187954345599664
73081,54.06327478640062
44158,64.10097066077942
85458,61.18753166879561
58361,31.323842955361787
49907,54.150822671773824
64029,24.125103250182814
98730,57.92188958235023
60439,36.590408956889966
8130,49.55799404447826
93625,49.94291267411498
5519,44.786641119100494
36858,34.105436913042254
15883,52.36425490296922
22069,68.621406000078
90829,66.54001760511969
60075,43.214251045701346
91097,68.9303242547843
32583,51.25437306451019
102038,52.25063604633155
26560,69.3558306309292
25609,54.601974532865796
38845,40.13211538164753
68566,52.560846269592794
16038,29.404180488443036
53584,42.818456774798896
83759,60.78724663157407
29102,68.3728238152214
60977,60.225593751819595
67874,47.286812574344175
28764,57.656971000148275
90667,53.05307531754879
34484,58.143054046079484
39246,54.148728787082746
79402,62.69724224194807
25533,58.23262811925785
29723,37.60098700660094
65912,52.55438180824321
36450,67.09953410404202
11219,69.29344276981126
66863,21.74322191828977
71105,65.72748912819088
2341,60.8941606614209
87791,68.12761582908801
75522,54.496888639435326
78108,63.663239797389544
39835,59.90523413850674
89377,56.39045193096751
95542,68.25927653542183
1162,59.22487799267525
73603,74.24204951029137
94171,44.776343711680326
78235,42.07135601838932
21408,51.0878717192191
6120,67.3088988329551
33638,57.303003897435644
67184,24.061037514893474
75407,39.447896684130974
35467,46.13005075689699
31889,43.016862701581665
55463,31.370054204676816
74554,19.7197445174697
58279,22.4126490884686
70661,33.94763433950018
8475,42.64394416887458
27820,58.45431629944194
52048,39.5723218762115
83350,43.521320906601986
34624,36.97203576831245
99045,51.09223128276494
57991,27.98554552336267
91623,55.386962688416844
100652,54.15980183864125
3979,37.38178044069882
91961,68.59088826298648
53443,36.95357960939173
51355,69.00255826934998
44856,59.6460059302492
51713,60.2032307362984
81922,46.474238725185394
72924,53.57770272447527
59127,53.17242642877186
27708,63.50272309088969
14484,15.17975041544169
13188,69.5992187041941
75813,41.68204935360218
34413,67.98170095217765
8478,58.164764950656945
94525,55.41392779492239
90182,60.47020896901009
42554,53.15619536158974
68690,83.86771385016716
73345,55.62502666257102
79808,33.08396673137503
99140,61.26061151018133
84181,52.21515105155968
24966,51.47755675918431
58858,39.86601684612444
43031,64.89731850357424
18003,63.74871095830426
72601,50.61401593635261
34223,41.27420291723738
57669,57.814392042220916
38472,70.44612539056641
94140,42.481886194032114
78779,46.74393822495538
40584,55.843312135865766
57675,43.56123397418876
59810,51.91555500689532
72124,63.84591292216186
69980,67.40785094839168
14769,71.86753599157147
13683,49.27962722625611
56022,44.8574315729651
71569,59.9427782025339
67667,37.72184471358666
68050,64.53519327826766
39664,46.28583291878774
33607,56.00403084159309
11772,60.81102792453901
4010,58.612540789268785
55761,44.458601062241115
101074,55.77507455151685
26576,66.99854251270344
93258,27.339522524443645
4315,39.764257377096534
82225,68.88263817368532
48446,39.90126096032964
33602,60.9155245022066
71976,39.15110777680006
69460,50.736844597003454
17336,53.33977730459353
80447,51.44407630819232
65691,61.11870052594954
102372,69.13587185726651
26753,43.95935546881241
35209,23.924209245268816
42524,62.54369707436386
5681,34.48271369159783
58354,69.21157345889738
71571,71.53152833513963
6395,38.0988908476263
44386,68.96799133955341
68344,59.80547776766603
9530,38.440677816101285
68440,46.42333176395421
27292,51.182963260718246
85047,64.56636236295294
67817,69.16994101696763
13656,66.27601195964876
32600,59.62085547250486
44663,59.19039936210616
100326,64.58403561420201
9831,43.808907092239686
28202,56.22212284909412
4833,30.69684375068974
4179,56.32140269636469
2401,24.793163861226272
23226,60.985953033492585
97103,41.16715633220193
18631,61.11043954847346
85279,67.79637704601197
99425,32.2444826877803
72201,22.699076911637164
30119,66.9657403845787
49837,46.33817807343119
84093,60.88388369316137
57645,28.49286771088806
80594,57.00760241605777
14077,60.7344472072139
24294,49.66550061826875
2099,52.8498410054699
59391,69.25269768883278
97925,63.58438858545262
52936,74.94153308960844
75629,51.94596697398464
90707,53.93994950000129
36871,40.243962298698236
44192,51.377436763951685
47349,54.26714127301498
2034,54.46192841346467
4242,66.11806437926943
27266,65.79549818007908
5902,46.32882329331241
57988,61.40517274253862
32007,60.499903030775926
9813,57.91506159690119
88202,59.69976653440429
66051,63.793114449874686
10798,67.87939575296981
33775,41.25562076722444
55741,68.33887781537791
96846,69.03070074220938
99538,54.67309658979496
94682,61.83054922499953
70895,48.536031356212064
70418,60.240890278343095
13280,72.88562105819868
55923,90.61051564199457
4544,61.7257318477312
60522,54.14969051616576
19869,67.33783538645952
69412,45.16341836357547
50393,62.572870854139055
68912,62.163681481118836
34233,61.729039284911124
51613,55.2745114245993
22034,58.10670205407287
99207,64.6222949319918
80076,59.63495338801327
62024,67.39349420613867
36684,51.61060496275412
3161,59.99339935541427
31879,64.10931010896297
94391,51.531879998003184
43586,59.64096713554186
79954,61.527906104381245
46422,69.9879135991068
71751,69.13670626996385
1815,41.15921867997465
71490,65.6814309687479
16232,60.73753487846028
1040,46.2850067794821
60068,69.41149553122625
39169,38.75957126501091
94891,69.10671980860475
53094,59.22905094578333
67009,49.57008401326149
36752,56.62781825272727
44372,55.025656476690536
54813,67.57846310160774
66682,35.16238730122052
13277,62.89442883602461
90976,26.79055506284991
84462,58.620839252242895
95096,70.24229754087888
59291,54.29561051849569
82260,59.84771193231889
65891,62.1577202388102
69989,47.14192685444726
54801,62.16931326223691
16262,56.04896741003695
35700,50.39133481591673
58863,57.6485871859728
39688,59.049468554639276
78722,56.17292284101921
36563,35.8739466947471
47019,58.24420808379195
48082,32.0305392701261
15492,61.259372560176026
74982,28.77926868214821
41279,58.20265317283581
16453,45.35119061763852
81368,59.6907190990742
29925,45.688735186143404
44212,63.593154420720275
101942,41.377400758009884
88594,45.590363059562826
55830,66.78311166425812
25674,59.19189152520532
79149,35.57949826214526
44244,49.30197895422212
40898,60.9717484478718
44774,57.32831868506998
68534,42.01983574595806
16730,52.02576858822133
43614,61.290657009902105
33183,52.99314524224761
47848,68.41638056666623
56416,49.328921813664834
46458,27.48651634787825
4229,60.29288037652154
27926,59.18733301431086
23325,59.699934941192325
49472,63.288754008193884
1306,59.212198053161345
97762,42.9761443986047
48467,55.083513833361295
19244,60.07948885748204
101903,40.36601224063536
86173,61.05927621874083
27594,24.29988940541537
71173,48.25248545568609
49216,41.80395876818592
46169,42.19343293326674
58751,41.28650851424257
62795,60.76330004886323
57916,65.51989274758871
15408,63.74871095830426
45360,62.23118682408027
33275,42.62049947131419
73331,62.36724458184052
30813,44.01801244081953
15502,40.167591718088865
93716,31.781281530049725
11214,59.28738607323182
87270,41.23424153352435
20471,77.79895634795001
61848,41.471165539668476
60791,60.7677122358273
61802,51.59700588707012
65465,61.503396810117714
26027,65.56425238465275
41067,61.834227023040555
22677,49.47810750333637
12651,45.68738955967995
5301,59.97783465129879
19531,47.97559590547852
4773,70.55659887250165
54667,64.1229779854492
52728,36.26719724579864
12917,60.11256765885507
71245,54.732209938965156
60555,59.91041333372678
63577,56.3016305030549
44186,69.07637824873568
34757,61.11154768911235
4597,56.94643835057056
7895,35.35032039061158
3131,68.55070319955121
65145,43.35907795090814
58850,42.622518166134924
71257,61.35291969410936
44493,55.49860823742512
97335,48.050414601416286
78609,70.07117164300762
51926,60.21449256154131
96819,42.22172658822648
102261,44.801836789606426
57547,39.07116579708838
53794,55.907453163575376
74056,65.9860251624423
18213,38.166222794472304
17492,69.05800476764483
1545,49.78990223965168
9282,54.388401240758206
80556,41.27751964681212
171,47.64001089104245
8223,51.502085163934055
95496,54.30308562154888
15764,58.78208605962548
23976,42.421320326573834
97050,54.4911030830427
85817,67.00022568965188
56464,58.95006976316043
69862,65.99460064529057
17104,45.24684399794602
93169,55.92452695689028
62370,42.96084774724161
24061,67.02282007127874
18373,52.31262000501918
35696,58.672827791047936
81948,44.03214202502088
76631,63.519919956242475
78971,60.659328110186095
7545,43.601639443261035
76435,66.90252941763947
75478,63.6022586049809
6248,61.570130303900754
90680,43.39832506195946
20746,30.628605419585462
47269,59.9282273505575
80846,38.958497637490176
31313,46.02033033761989
14376,72.2574368179206
81621,69.69156566498708
26601,64.92751332346582
64370,53.49017038569867
10162,45.394526063566765
8424,41.54126478332081
11220,61.35674456347006
48804,37.01598424980645
61305,33.90672406062871
1796,39.29053896737828
41419,60.068636137781496
50673,51.142603504041425
72053,52.536012478324295
91087,55.05157628106109
33584,20.313464596910627
26720,48.311798382474954
54713,45.611877879743915
67681,62.512496305752876
2138,61.3489890997813
29871,53.326349002134
59969,41.91874232486968
63178,60.12729917946195
65667,50.6941024096356
995,34.43972333590555
26341,41.81305571144821
39161,50.21532574481859
35659,60.218437824012916
14346,52.79826277939754
85629,42.867124670358216
76618,59.833696544555494
100136,24.647862308962445
96748,60.621932053796954
54835,33.05052895187999
67182,57.19529635322747
23990,62.13153667466586
55129,70.06481762917669
8392,63.40986481029003
35114,37.39950770976747
76168,68.94833357218906
13700,63.30367709603233
36029,51.011822970821605
35730,33.295003845473204
31898,25.173613567205827
52011,50.40178172646925
21171,41.05927714164595
9349,51.67654656503195
61629,61.4666247928374
94329,47.09241495960414
37215,56.13856883054714
19507,58.87650243657894
52432,55.35588624366933
8538,58.10612738078379
47053,59.11165324911166
65675,66.42599344701013
41588,44.8257964548368
78086,47.29631318910538
28433,47.544067916017646
19581,51.79612940498071
12424,81.63538679031628
60072,42.68521473053252
24206,33.913309075824024
60938,53.12806993774837
47389,35.93494369545693
61790,33.24128060824895
7626,45.606529546561454
1243,66.47580479556481
97864,55.47324862335845
40862,48.16921398500378
101493,41.080370751260915
19905,50.776076370286404
39878,59.54759064491749
76674,59.94851721593752
28733,43.666033562728224
100378,26.71532751202964
27578,40.98274174097421
22134,61.05328115671803
30388,68.01154512298868
96920,60.74902274711267
56613,58.11585048880994
12410,71.16348879577856
69826,29.541732811185675
34187,56.98302454696877
2239,38.664214817712434
53902,46.18949751479332
55663,60.72649504380297
54578,68.1958912118793
76842,23.475337994922846
24600,49.8979981804681
24913,47.23773232323203
8608,44.39993605883874
12415,44.96085200592819
755,63.160034795472086
31800,40.909482163121
79706,30.953823719171044
23007,56.68117682598257
90633,51.66714750944816
14444,43.57367582410459
76055,40.613722787679244
33196,33.70694386907429
47421,54.03452660196742
100773,62.14180064362475
14822,46.09107265187738
20486,61.11883230455811
74730,63.1382701737976
51316,55.66191981523931
25843,51.063298079586936
73844,63.53141131912521
93149,62.11802800618363
33475,60.227989495417376
87222,55.435623260126874
82097,58.67326713369851
65610,31.845993445963472
9536,40.53541953973181
25024,49.11353117955945
66608,59.48492189966678
69059,47.756339280182175
38202,66.30140244361414
32220,64.31243377840234
101556,60.483892410965645
33844,56.815639311689374
75075,63.855972597385374
45615,52.025606399334286
101891,59.51868727932223
12904,60.16641130705579
58405,58.6335016669103
93974,60.39046787523434
77019,67.00278052730226
74027,59.600916536291564
33619,61.23193233085336
60386,36.269423456827006
68637,60.21754444153467
78272,53.37858512703886
14373,60.65743609462662
25119,36.11570562482228
61144,54.674668713372
61422,46.01159840910126
18842,31.22477124324961
51997,31.88947725490116
10081,53.42625390523026
4413,36.09870213918586
10590,58.39718099845377
88315,60.26787201906716
91998,66.17111116441669
95056,56.63134940992248
50215,45.394822176695016
73215,60.13196929984904
71908,56.930076323011825
77329,60.345485763368515
48968,64.25533403020945
91486,43.49455602655572
67254,57.4986612155204
45419,40.20545361230492
98450,58.066437717648206
29298,38.63588525127706
79028,61.459281143469816
25290,43.217470709354735
3062,23.231782097978158
23548,47.911391921307434
75696,25.5556490801234
42429,47.34425766420363
93335,68.08720593291763
23296,57.12664382277002
66305,69.66390361918143
75605,38.47168356055206
17186,54.7722499366729
92483,59.86367655586012
73949,61.89739917932311
11199,69.13434280529624
77687,61.07380625454917
30454,56.669676932814326
66176,49.35439599701425
52338,31.044075778246906
93959,45.3619575456557
60125,48.761328869193925
96045,65.79557729602368
28351,60.15358471287239
33255,67.58782269128203
67673,57.034979858321705
75594,57.92038037364602
48220,46.20674698427605
14384,21.55555836761434
101243,58.110083773601986
93521,64.68086626350765
58096,41.315351502897514
79815,64.68524779193224
69478,24.617370279207762
60756,60.13485377040216
66714,42.71693563865318
40952,31.24092628129537
34767,39.43317328235433
32017,55.59537899274405
15912,63.72586518805334
39812,63.50568837075765
17635,58.965993423192906
82317,14.78230193815345
55824,57.15219783599092
49145,56.74286864544236
17828,57.789136720137286
28002,68.81181806219585
18560,69.11546445285433
57648,65.69138314330944
68563,58.62645907145163
56934,38.27894409041083
17297,39.36606804640289
37945,61.5055697935262
62612,66.70008585854771
16839,65.15219999205152
28105,60.24277714583124
83663,58.54319566560382
28168,45.041872601164
28231,70.04462298004802
46085,54.232255299199515
37805,68.27187286192643
21766,60.275766607892145
2302,67.42117437128462
35265,51.24940002924921
50240,37.963508151135464
80862,41.59172803966766
5924,21.620753391083376
75239,81.69736595698294
9682,55.16964379648606
49666,46.45265939969993
88278,62.52860281828062
80585,52.383065778791924
92228,51.51194841461407
90513,61.26883660038914
98933,38.799419419879996
85226,54.35870997687012
77557,55.132131036373
88043,58.93393732439008
15455,59.918127060617536
80876,64.4432590978372
79394,38.644157553828755
74049,47.55412354335158
30638,53.46018247629575
32945,60.994852284261285
21601,40.83428645925574
96493,69.36290277802841
47411,64.13640523705638
82648,44.14662455534728
81859,66.38278369869259
45771,39.65407981786319
43560,42.10965360403416
47316,47.31840705925292
101158,50.49894462692161
56472,34.72317163426691
65848,70.05159101397253
55540,46.51678707444761
72323,32.6097853731674
19730,42.12319868778578
80918,52.54191736603053
81287,60.81774280155369
70994,71.42053873498017
95268,61.31917273607432
10161,66.63862627938974
57209,48.89897897213518
53340,50.23447061706913
15597,63.94101670612784
604,39.31812850140333
36352,68.87552130483617
98089,68.55905899940721
32379,39.93162598895626
35727,68.94556266375862
29681,66.3241654208159
82259,61.256821695487844
25690,59.42426042588463
65820,60.978282534650305
58798,60.6496410660716
90988,60.72443162104444
52216,60.03575145644439
46067,61.69338663168196
23979,77.72905393566931
8247,45.499546868649134
95506,70.44612539056641
63160,59.07306569740822
82007,57.363752010111085
8366,63.57236349132313
44811,50.851130956529914
5620,41.75389758925166
14954,68.95410835025116
53152,49.551461437390365
22454,53.27361829536326
49158,64.539704722437
38774,69.10962854719611
102462,39.98091447226658
69579,61.07740300816568
74543,42.566939273784
88178,49.33576709761575
19420,36.517019604687555
51001,56.03328318453853
38424,64.98278506661974
99260,41.85663013368737
79625,53.10147076341614
95039,68.29821207124768
52328,53.34972042554241
9037,50.05512228752516
24512,62.96747172563174
46264,26.921947620892496
12712,60.469054634163804
44841,69.20232534849337
10101,71.34809198698557
3855,50.474399098337706
48430,68.77617553823751
50320,58.72171537364027
34004,60.55579918233003
54610,67.62032269128203
59308,57.68476911060938
19536,39.16894054271411
30130,55.38061666946236
21901,60.172734534721094
48794,57.493793970079395
37693,58.27218522224023
96961,28.31827667772976
43691,68.46806432042537
50692,34.14696714931343
9730,65.77699442878234
25576,69.68023889695581
45822,35.53756102216142
47121,58.41622712932693
64764,43.530527943873786
39191,35.03605256015306
57570,54.36271001157439
11334,45.26519038963426
93765,37.89285488904086
34095,59.471854630794404
18208,31.315134965984292
32224,70.44612539056641
78242,63.01070646296543
10228,30.137645811508115
62701,28.30599306590191
12118,56.481698978830885
100566,60.2408062550418
50749,43.065047055344806
21640,43.197767303336214
23090,61.78134330293703
29661,49.51315594954346
44581,54.04966210900286
69306,54.41662783386046
36102,67.39374525143515
45160,51.67239879838319
70462,41.773123807623044
28157,51.333302710101734
101810,58.84987781277275
71159,44.16738527376102
82136,33.839186888806815
69824,64.2633657805381
53784,57.47842633489956
71701,67.04475269948108
74025,59.16251228749196
29060,20.79614557885051
16560,60.253698430598014
81759,45.30443389502333
46114,56.526505451497215
50261,43.049109891485685
52377,60.05983870925645
7781,49.272496376618
30189,61.116655553830995
96767,68.07162930085944
6139,67.36433926378571
51138,57.794069084156334
19864,55.47613447272608
88211,45.008980237076074
19588,70.69470293227192
100539,49.13941350459805
34583,60.89412225779737
89296,67.36663148902777
4363,36.56064397721527
71531,33.58159064486771
74424,52.05473991950273
26019,67.0773987369783
94754,52.99710321018123
42793,48.42583233176345
95504,67.76745545966237
22305,60.74413330048378
13722,69.03444695762266
14309,44.04555569143655
85660,58.548059902397455
85782,24.181013077183334
95205,28.872963568703252
95116,30.053479907919396
79357,52.667381565523165
26488,42.13535133298689
53271,43.11408298974661
30665,53.988018222012016
75858,60.51718496713172
41649,35.894990628399235
88490,48.541384690545534
56733,52.370927456834735
93051,60.37879099115578
51900,28.20824187048609
20667,54.78276487963648
96841,51.06915042030121
70662,29.040373801060692
4631,29.132618341029023
68730,42.10532726137422
56869,59.569919359436774
56206,62.08692157391666
29592,68.11992702465959
101350,66.9538534187091
48175,57.216439060592094
93973,57.93632488489866
46963,53.79223946988012
87812,57.53330727747116
23674,37.416920367559435
52182,49.83251693308996
66204,24.7989287014329
91075,58.08750237473971
23113,62.00978791653421
86097,61.314974156239174
12680,45.77765224123667
77408,31.413184115108393
6046,67.02906200887645
59539,52.01434638766341
38596,50.73325391161588
31937,45.689216215983734
37982,40.20954668256798
77209,60.18799318838588
98091,62.89064768192099
72282,42.59497977772402
29134,69.55440645332988
13987,65.51989274758871
97136,54.236757436394555
38703,69.66390361918143
82222,59.02727578478692
36172,61.20249047457002
91178,58.161715292341604
60455,65.47476444250157
97786,65.6724826858324
75238,61.03690515051955
8597,41.08338544959108
95851,63.55661199156333
49884,22.77270869195981
34091,54.67788018195847
14803,60.160588904619914
26294,43.8071539557574
1884,48.07126259408236
62382,26.694111815623334
84999,57.47604089941919
11758,42.76950651103681
60674,59.71523827405423
76509,47.44894578952442
29347,65.25834247495236
52966,59.25655180083731
97920,42.6941500568255
169,55.655187515691935
7955,45.54569916153866
14978,60.31426680492213
61138,60.90589206307602
95047,61.23193233085336
40990,45.96124439654572
2342,43.23174426884913
25496,41.21610611827015
86463,44.42674728587309
42830,40.442833071700285
24457,58.689336357331484
57394,36.958081531165774
54456,74.20490904915926
74846,41.43951161044778
20427,46.745078566495685
4175,26.77290244220319
42108,60.145209582923634
75717,56.19510223155085
86231,34.47978819420495
56889,53.458392258747935
4191,55.276308973125595
62205,57.14853250181264
6270,60.97308263100506
9244,27.763666475424447
33576,39.45329693187512
12757,40.784862742512985
75811,49.98447358167901
35200,55.324374594336774
102634,63.42194629559347
82880,34.21381771807693
89114,32.61375409738027
97874,28.869289772835508
101690,58.65572283161291
8759,62.21238660437323
42798,57.946923595405245
59001,50.3757646966515
13978,58.4192665007849
69923,42.22887892571091
40243,69.16872342426747
92740,66.51884682418888
68223,37.29339865637671
78470,54.13845124577295
10254,62.02596738463957
49185,58.14909111209573
30124,59.36487655880278
70146,58.315119378699585
34438,60.18380259651173
40022,39.968860833871055
69995,60.22352638562517
3061,31.4707747746056
8494,59.348591667959525
46138,58.548059902397455
26946,61.74379595621661
17826,49.54082977607523
59387,53.35474878124708
86771,60.25856201909823
13672,52.119121652228614
19174,30.66048178902793
28762,61.176719415787346
86191,61.69563348222333
70316,44.71457407066701
21004,42.805984133553494
47206,39.84514772599668
50219,62.35237840931869
20863,73.66578636698519
100569,32.695074737955885
101927,69.16265625964334
922,61.503542846181816
69503,53.341626932014115
77180,63.24566727532029
23288,59.04516086643669
52541,62.65636548772086
21555,68.66150730715256
92493,59.78543954007745
53839,63.00218145659014
23774,59.83169448414365
73923,64.67655591113204
56149,46.4466300402341
46467,52.51594025531832
37294,63.212773351794674
102645,69.44687012920944
69782,24.297377344931586
71424,67.1615670692843
99058,63.91209750219069
14437,28.224326427566254
16609,40.13461964868574
64804,60.64852225533095
99019,28.90892295817137
40892,65.89056237301094
92457,46.71815566498636
82147,60.985288523449206
81171,63.92556977672326
194,50.29087762130599
58980,39.71551039116559
22509,50.98577521369027
82827,97.91425925925927
25037,57.343914480958226
7013,64.0997385703897
45773,28.21799830694429
100503,38.39492209014536
39209,62.71039417882022
97094,38.26702006360224
84956,70.8995014744736
82218,54.2920744256174
42166,45.13366893035436
69213,64.652320008659
12019,68.95410835025116
15942,69.9879135991068
42906,41.68177121229297
61519,55.95840337194229
58497,65.0067254130026
84949,44.441438855039316
26492,54.243611707956724
49846,63.91531247493907
43287,68.83045456811199
54355,40.51625931542477
55019,54.07354091879105
68560,54.46582622980873
31794,70.04462298004802
6232,64.45633629334029
17677,58.94289089916618
51423,48.14479902981949
56021,38.4455007401716
667,54.7612826941335
39719,44.57416247394595
57022,30.055679881646192
3638,59.10185614131667
40478,67.82925152487051
87203,59.09115209030666
30530,61.259372560176026
10144,66.11657634977665
92787,67.30091165592268
45314,54.2306515838337
19892,47.445469374712445
64907,27.14143760178066
63655,54.135755853890224
94136,36.62235565524266
86455,37.90358573395956
9023,60.60623641143008
70506,67.28496575870139
63127,35.405781238350535
72008,42.67320230015809
84636,33.91176684990774
11528,61.323834379504895
55470,22.740698747678966
23665,43.84035823859673
77308,59.65496534082044
57964,39.24154674053761
102395,68.73137520726377
26752,40.93771994176638
74663,67.23460700858756
24481,33.95509683122539
20271,56.6679746495002
68536,44.107916060646055
47037,41.80332312664625
31367,66.00513404396268
31715,62.048091674959934
32714,43.00423252059093
55204,55.81761525401572
101156,39.66373433777633
71358,41.309202860032485
71214,60.08038356072485
7773,57.76897317318611
83997,45.18804876374019
70689,66.16313684840985
2813,68.94556266375862
54998,59.92074349290637
53433,60.45460650917828
57067,66.54001760511969
80098,23.961753870164312
20246,59.02294165714644
4826,17.669127343717943
43791,47.19736539293853
1499,70.29153344323512
51937,68.30071600193659
38781,65.0007320376589
52293,46.44419935662317
73794,41.646540590438065
53922,44.640151452548345
8112,70.07117164300762
27321,66.63162582229164
77383,57.31780453499241
39612,68.62692843791551
57494,38.72622057202738
101710,56.10608880190545
37656,24.89516833853406
19127,61.275034326919425
1668,55.09979924407819
80783,59.81046723562529
20503,22.603982732007342
32686,56.82775654228993
38861,58.75544316112606
20916,59.50232377331121
93990,39.02050515545057
33237,24.358318602061384
80031,34.517817118693976
33397,34.35299236164733
66069,58.47691941274462
100437,38.62629707016042
55413,58.768747370271676
7089,38.27132469982262
22464,63.774687582932444
81128,58.56198624210795
95051,47.56039065060935
12283,62.9442113303537
58622,36.73551869456302
59744,90.25801564199458
36825,69.42436926376764
72659,49.25254689958326
15347,36.435309492023435
77251,54.39219494380675
26498,77.32311845709964
49776,62.55292498969094
67900,66.80557925344684
94534,55.509920535465675
14695,42.078449686623436
46028,68.41698461301782
81901,40.57065355002577
73582,29.39779037677366
19774,58.36821156473606
35825,60.22168133093383
24844,66.88470660878833
70540,66.80791585399548
50229,54.16494758148983
94990,61.17917906224986
90737,68.48614423315365
51468,36.60929945792344
80866,48.13441786736822
56291,59.24883455041058
76956,65.8719602216569
3411,60.04319753852311
14138,64.55374550903278
63058,66.11358104660188
53157,61.460259841122316
48938,64.78373141836677
29385,57.1944343701821
66753,48.449595736193594
97828,42.67617951703969
6267,60.75975455062378
8285,41.82210172159873
38644,55.395371205260616
79570,67.0331240528484
49201,58.39600116617063
25522,36.14732484082625
70697,59.948715999982554
10481,59.78650943687567
22044,42.444654867577356
6877,41.47728418455762
97371,60.91701112100456
31289,48.92050432160781
17994,49.57330368202102
45643,51.08873679827052
76100,60.095263613326864
73242,59.297268558586474
4936,30.682624200302257
24655,66.11806437926943
54266,64.40474166192395
93280,60.83867060787352
21440,57.13708219831683
56305,71.94530049382755
96785,60.06239677868826
16317,51.681288195827285
78495,39.41989988662623
29817,30.819650514769396
50180,43.99609351676791
34347,66.25187120661604
64484,31.33889158786777
81235,32.073557325878795
26849,67.33783538645952
85674,59.32666400838506
57760,60.997083001852786
70061,63.7903092042958
48254,58.35243484567893
93351,42.88923547546179
16370,57.04396205309382
53233,62.06713334646865
1479,47.38543113973051
57800,54.268970169290995
38962,60.26243106073347
25661,63.89921428707611
21133,20.855601448971278
102661,58.23000779823845
1024,75.17299121412535
44957,42.28239781632248
640,43.57833894875323
22985,22.465777090136736
28559,33.79543998421175
9174,46.22664797542382
26695,70.22745249599922
37241,62.65133098020753
96526,43.93110925366104
80182,46.743562909022515
14183,36.95541865907468
74838,45.72292488488049
96880,63.93750312206897
28233,42.87200347249846
90027,61.25129833806938
69537,63.37823560634593
96028,77.48382620138857
21666,60.085965649277405
69561,44.77601264023734
98366,33.84426477437001
17160,57.28791143909539
78746,61.788916511549004
82414,77.79895634795001
79955,34.09650774708821
74101,51.755118613660954
9800,69.42417803268728
90529,67.69687746248619
32717,63.585914770936604
82356,62.12098213378648
33192,65.52132318454746
53000,41.22744318420394
25270,66.1022860291435
74005,50.74965069599703
37372,47.686887968046555
68332,40.77192542739632
67470,41.95886876049107
36292,43.60146956032567
27347,29.40327203200163
30359,55.5147407688992
45417,29.003489944888816
78368,62.31443477185482
18402,60.801205109678016
88874,37.111421175654066
90887,65.93805301217266
63671,48.51178889128709
33532,60.06221466524361
12106,60.03835221077682
93827,59.35200696142013
46225,42.21876119812435
81424,45.188610640055046
85749,63.80658279373447
83321,57.808590568260826
50471,38.22988309449267
48847,23.71374904705595
11017,45.71909961266381
72594,63.45204819218813
21195,48.62288137982497
101324,50.84008761642735
66201,42.254085140740145
49588,51.35883135130202
60818,37.327835432264756
75949,63.09647561590619
5449,22.20063185817756
63080,58.307758868426454
39807,40.608260881553875
11750,45.427578267967284
63337,66.33949904984482
40019,40.627991406561776
25789,58.27252954575174
44653,53.49466161399629
93680,36.39186288653386
18351,47.371790137835795
88846,44.09746696197646
63183,53.889704879634586
8343,46.48192560017261
50377,62.48705517030517
507,58.59439895304891
14545,67.5065198666562
4353,63.46177475639189
90221,67.69429325610113
63824,45.05589864135015
35694,57.55497850648307
40069,49.4037942112381
25272,62.509415290535244
21540,61.04764696627467
30457,64.46563090952245
11389,67.0773987369783
66100,66.15325161563402
49688,57.849726081300794
477,51.179892422052
36948,42.571931137381554
95213,30.685791412380713
83518,82.05380114718672
98970,69.47468293665122
58300,60.81635617437275
78553,45.34105059320047
70794,35.306641654680014
32772,59.57525075221835
88903,51.79525818466329
62819,61.65086574404933
42238,48.12505802990017
49880,21.56560911977728
71636,45.20820679030079
69673,63.15104824514697
76154,59.09473173631785
78082,54.903656827784914
66306,63.952486932324845
93552,41.34085690505075
27378,66.96081687933301
70192,64.6302067467616
87777,60.95720399217822
86478,57.54017376839531
8863,56.33209525357267
21842,62.48705517030517
69885,40.082637551879955
29960,38.5997051218773
54975,44.31574209454171
25392,47.897248775044844
49643,27.46069388168074
86996,43.216297517501744
20608,30.993307280947175
27700,61.26154411704874
37082,66.97254447481825
3699,60.76377537122324
5627,34.98662833217886
83060,52.52258051171589
37454,45.814927409994105
62492,29.215532201611815
21434,43.41026413161684
22233,19.97921447489414
59365,52.15762163532147
5914,68.37652827219746
33279,57.84493547479013
87534,60.46663767645251
14860,40.17498465648071
79247,65.35313026544925
46681,59.67238539530367
79890,50.98359265237107
86305,44.37919378659684
95874,29.905021744786083
52591,59.50555668651307
87116,58.24663417238194
31245,45.71800278563683
59953,26.445375972970538
100029,61.63007863576685
89577,50.80530698988768
102391,42.041289484807564
74975,68.89143642605957
60877,58.383517590817746
88130,58.41843334796417
52772,74.03025823995844
37889,48.43526457361528
35883,54.34176088890142
74742,26.601283376324155
75663,36.57042696207968
14375,69.75317551597756
82520,51.82696010531875
6911,63.122296518315345
76017,58.43162636430728
32316,62.89618092710637
68964,57.72987084778152
100753,59.594699689204816
56323,68.18096252137735
74257,48.87732082943914
101488,39.31476696698528
66479,49.86977506794562
68119,60.62148217210435
64117,68.86440363475279
38635,39.14921858078091
51583,58.55185255147174
81777,58.240630173426844
85122,27.695834073704965
8711,35.863513007895364
13183,62.77884992060575
12663,50.07259795361044
79841,30.202418690415428
29403,46.51820896782348
31184,30.345632168855328
3381,68.46806432042537
58151,67.76418422574656
72543,66.72743632419427
21535,57.969476958692056
26889,48.436442392710106
82209,53.109887433455334
51689,60.271291820966844
91791,29.563847839853874
29439,51.375823015994435
10252,53.069324481680226
5986,21.254102675417442
24917,35.25968362666444
99955,60.62753995980099
86089,43.16410395791623
37721,40.36028639195815
11767,51.429116934563616
45504,33.00377638896287
39652,37.25576309131766
27724,64.19223715815188
40672,38.619454840713054
54542,61.67716716584251
78179,46.439701180779714
86747,69.43901978078561
202,56.891656260476275
82900,57.25501453189988
48423,61.55896535140883
10860,48.31072321590554
48505,58.63018984269443
73191,60.75536200253282
57722,41.39746488812059
34462,39.30882111025774
27118,54.60047554521347
41258,56.4500216188944
84619,45.36058547497512
50226,57.91286841338374
4372,39.098665244063426
50141,36.143081129716464
60837,64.84975770928513
34545,59.847909908858476
95527,63.557937298838226
98147,55.71832066689448
33906,48.991990104690785
9315,55.33225662694139
32029,58.64611811643876
66455,57.632713470266665
44010,60.22822534312476
47250,50.636214988880376
33083,49.563007379005114
60505,59.70871100138366
44604,64.1744871348023
80165,60.04616807749152
100073,50.16225453826455
51553,39.33573128617623
39181,65.44424494771255
92785,67.53846176081596
96695,51.63623048169004
27811,59.24009390046527
101983,65.82283258972143
92467,58.02762211474896
17281,49.53311853494039
93805,42.83180692751506
30620,45.68540266478126
85526,38.41600795260187
67419,35.92433555138571
49864,68.72787394582573
77906,42.63359414227125
89458,45.02463460857125
49082,35.8027841498036
24697,65.99720787874153
39931,51.9648639604193
24633,56.39508293815674
31450,46.30914073616036
83026,34.365457422101755
57151,64.10648139185655
7805,53.17699667776544
51897,64.62358961067515
91550,65.58499996142122
44491,66.627844690213
53603,60.764087003689404
8959,57.17963282813518
11806,44.11523501697843
45403,65.88727658603561
79914,51.62190263019549
92645,56.6467139400631
46240,64.31485889418012
53174,60.83384735393902
60714,42.991050576794905
37489,61.78115557534838
74962,64.20533595838415
87475,53.39959573123538
79971,60.11520108760373
67809,63.19867283632596
10403,62.97178358241035
7946,50.53802789278389
89202,48.911013847605425
54178,40.40892406375614
75919,39.01577131408341
70089,27.166304919971726
65431,61.80224289697837
84407,60.20992964300668
23729,54.28261502423856
7893,42.08720603164927
59543,61.20474728927844
52272,47.05454765172784
56384,53.0293859601753
101392,57.42834508960079
21495,60.64484198803045
101165,55.84479454866703
99601,45.00760877101859
24075,42.08898181106249
50097,68.57636663034528
14452,60.329907675546735
1469,67.85624038015237
36543,59.345506660045274
18304,45.816047511167234
89923,27.878312450484472
34131,61.429141264856455
13127,47.67871905430448
57472,66.30140244361414
96549,46.761820407908324
61599,63.55143757848658
60584,70.89173456750204
28011,57.4323996533807
90873,41.48612194258249
11524,36.90662321000756
7823,34.16116415561667
99077,45.41434296164351
74480,45.47011821109409
59900,53.21460471321763
33513,44.18680934207414
42344,60.48371981145452
38977,68.28491936999056
47264,67.38090758522968
21113,36.35809277016674
34614,59.814752347432005
48490,53.05116179858822
89902,58.05447635889187
65427,51.82586269556757
18426,62.61209377204244
30690,70.04730089066501
83420,77.1885623626384
9876,58.90188368108813
92140,68.35072494232381
96377,68.804198790186
71067,48.99442071194233
32666,46.64829070253319
76265,62.487491285492105
100167,33.46586246514933
72271,49.37807672274088
92768,37.276698283101325
15244,56.81283110629281
97029,44.94200067864974
89466,51.17235263293024
96324,30.412142456483316
82547,64.81813276586284
54785,44.23777492495001
4577,62.32056184004127
22074,53.62584041247835
99569,67.73324894291547
53232,58.49862883839523
42659,56.52923352461267
39024,36.60299965229328
29516,50.51141963392933
25583,66.96081687933301
11835,36.437091162249345
85234,53.67376774653557
20053,62.592432913587594
89826,56.853081283963135
6785,62.28915967406969
101478,63.59829734263181
90686,61.601683975317776
23540,68.46806432042537
62866,56.30105773162813
29732,26.333707867749908
93063,56.51475429904836
18328,64.62358961067515
81425,31.39408322351963
87906,42.96343558432068
73390,54.43791709733602
92620,39.29111277378913
64797,26.87899854800406
10350,58.101206942892674
3681,50.56394020627841
38217,60.09094690401114
84246,51.691587708121695
69986,61.497039192571556
99512,54.959166360632935
80351,60.457185677676904
50376,42.65357227526922
64745,60.202810770345614
5333,50.23616354256879
71855,55.07550712152605
63196,60.375379416843096
78852,68.43819403331081
14540,28.420767373347545
92281,56.86331285996084
43319,36.38077784716097
53183,68.78245370561373
99914,60.18815086084562
53765,53.709248624987374
9281,61.590119169465204
9142,47.25471689441972
48123,58.38364434074291
77655,69.43320336914817
96937,66.00753061729775
63421,40.7718012386938
78104,67.90129058177871
11101,61.52212935116291
32080,69.01719831579717
9193,61.79625748871786
76304,69.47468293665122
77956,47.94656779607267
102612,61.4623383584054
44438,59.107605403604566
94486,25.115226549266158
18852,30.305731049623834
86801,42.05676101277511
15957,46.44482483743306
1407,54.41598643443704
69772,54.701528520476074
3201,56.29179991027683
68052,63.56281029731904
47817,29.675941550002012
30947,57.378607960993016
54285,57.91845285728358
50550,51.54842467728602
67895,38.73791230118774
97507,60.661340636887616
73037,28.750738704865416
93645,59.66532702159047
13597,35.35556018704948
4802,66.10469941863255
8875,58.026580949506645
74764,57.399719211057835
11638,36.27898052783232
2250,44.44454910750485
73073,36.63727132484058
76905,68.98709084591276
31237,64.13654764603899
54137,48.96151663102134
44824,46.888949119625806
83494,54.75434785457289
97079,39.248250960484796
24569,58.06127235767113
7038,64.55975995818913
38228,57.93599715463924
11268,30.717151501413277
86987,47.4173853213851
56006,27.69055939062995
43812,38.036589495498305
37510,52.56955719515031
28172,56.28332328389925
27530,58.57259898286439
25927,40.10784280624084
23137,66.21711857494535
39977,58.80603716668305
44726,69.13587185726651
74120,39.16924963916168
96181,56.95680592840187
154,54.16472261193997
79370,39.19158271099837
78623,47.23600224861586
62910,63.186438656137
25717,56.474947960481174
31328,63.836144954828285
94316,61.679781604780835
89965,60.086757102457405
5894,44.487089167596515
34400,47.51581759056291
72280,68.71022247744646
40339,59.58895341319856
69755,38.66232900059201
35032,59.12867920226921
42823,58.36771994838169
98740,28.56003685129232
96562,42.820610574331496
99370,46.1530094464242
9989,56.754264214726
101209,45.29361359928206
66288,23.98379183694546
41267,42.81133241540332
96081,52.00379496662527
24800,60.09066430128507
19312,59.38156630554993
46014,62.47225846268342
37766,54.2057661341645
275,62.15963518194871
7918,60.288464994094475
65160,57.05310900569202
78996,66.95507042537993
70486,61.25902398829114
47814,47.46593109390395
52172,30.231354971495357
73864,58.320800404080394
67077,33.52334479104028
27783,35.78400811039074
66724,57.57185148270758
11463,43.15368790760602
70148,46.72782008623279
21968,55.558696642603046
55405,71.36358471974098
82397,67.24388600813506
15724,64.2356300096392
58247,40.84592288807673
5502,26.538271337896834
29031,64.2908648089294
43732,59.92031986609922
12438,43.49016644759332
87372,66.86274611499239
12860,53.46788555233961
13039,39.55367595113774
72993,36.15769265287228
8288,68.0584888069162
26830,56.828186813399356
29487,40.54990769214366
74771,62.357412351135316
95574,52.83920488871517
34184,67.14794824404791
66886,58.44662808001448
11786,63.37453737181139
40838,53.44416990089583
93180,58.9461066725494
86912,59.9935747422767
52427,54.04015716441616
84716,61.136779489778576
2423,68.48260341185966
38695,62.927382154503384
413,39.904795945327635
62518,65.48082097466997
38061,46.01063975144448
92773,67.59930605537828
35645,61.92523856876693
37113,48.70347004418122
27752,60.57199128353591
71737,61.18464481726622
23082,69.44053612959671
8498,72.38419990327951
15360,44.765020389834675
25127,58.205732741282
36598,55.86382759623354
62998,56.40331500021824
12168,51.33729096394069
11526,64.87592023412323
24743,49.25621847972603
15555,58.42433946355696
10881,29.501709369072042
69315,36.084864319721916
3577,40.981993199496
23450,60.080831356907574
39770,60.66640304033945
33626,62.78632750227404
24632,38.34386213325813
15588,36.77670185507052
76519,57.57788698761017
18792,41.0393490324442
27153,62.61838767832962
46972,59.02396113781456
42497,58.18941383751525
27201,50.86258089681835
101595,63.28716034707056
62368,46.728739543841485
72914,55.1478739408576
23771,32.33419949618306
100812,51.8533702478214
97383,58.79110816423452
86065,27.15495628342202
67714,61.98180239982492
45450,30.946191821998383
33009,26.65895805381505
69470,52.25482676099578
22731,64.97134366741865
65882,33.93770072427287
45392,42.76630960870125
47989,44.59159647255526
42245,24.771226349481864
81340,46.57540257102343
2075,54.4877662654515
15698,51.579978852117065
98263,42.84324561397833
54057,63.850120550905466
2372,39.32264259101595
26723,51.981575725172185
87638,22.6916909791024
46775,66.7538778709403
1487,63.73130718957943
53964,69.47659385378927
80855,63.5660805089825
70808,56.6354894898398
71512,43.52223810518008
34704,28.19450203249936
65390,64.36464741536908
93740,53.72030976880023
87752,46.00304918203611
73869,38.863739491946994
32186,63.46427839704694
97806,45.76234712950505
49733,68.51089156478882
11712,66.77078755035835
45378,44.54538624445994
5109,39.36890309106649
81184,66.4742627267019
102542,59.75138637412413
64790,55.70100359671342
86348,38.10311331641798
41953,56.67042904312025
67151,50.442267478722776
40587,50.41338628719856
94103,64.67539460926406
34895,57.620032891760644
33224,61.00160118609338
63630,43.23348074248922
13181,65.44424494771255
18463,45.866775895230106
39088,69.26395196520326
34532,59.03757519315225
39938,39.07369334147914
357,41.76233277997396
72322,35.61237899998212
101343,63.96766181991569
53711,58.51687643654612
3,27.48322922546669
31044,46.10360463297289
30618,70.44612539056641
11301,49.176199047950966
15427,38.606708282206874
56509,65.58822343212573
22831,54.01829347428268
54624,41.186048618542934
79192,22.082713357885297
100595,62.05732122414368
67945,48.48078847715178
72224,68.14829899488521
91025,47.336430136720594
92434,43.3657123088913
17114,38.780108254366986
3204,64.38564129252585
87373,62.82364798631945
27604,39.183239382428454
1007,67.42948831236309
41952,52.82942088018606
57365,31.379194197008154
28844,60.061372026051785
66575,51.93713315235447
35288,55.65972139717347
53557,80.33215115636477
83407,47.011335984271206
7619,57.143171288777594
9157,65.58822343212573
28397,61.53660481720641
30271,67.50012913794433
17019,53.85705452701137
13524,58.31634705075897
33338,48.179482812531006
9348,21.10279390338833
31768,49.721733006701115
22264,59.13656274989914
55929,63.91524981476769
85489,52.93781841369411
62318,32.411138003724574
97503,46.633719495444204
58068,30.758912867849943
99860,41.53738356701981
6335,33.22160385352095
32358,48.60646239772487
50051,65.82053652296695
73854,47.13641868544365
59746,66.94145612603909
2807,61.45972223250059
66987,42.22722406909046
89850,61.56470338375325
8119,23.24798685191939
42730,63.89404140591998
76980,49.70098885008153
24363,37.104886587652835
40334,57.1277382780707
71585,62.505941963488524
73509,32.68538139325342
19442,40.34108480045343
14643,64.40064599463375
88222,83.86771385016716
33507,63.12447873788055
54615,39.434694531060615
59283,61.2624619527234
61929,44.817786439087484
44395,64.78224734667958
70613,57.274542430750834
94745,65.95311577169086
2489,56.300457389026676
83116,61.15024581952281
77430,61.26899233000677
7693,23.869263368373737
86469,57.714055405511154
50762,59.944061677127586
88286,64.92857265963136
71353,35.26159418598173
36860,61.00393491484292
82368,49.408971902979744
62079,60.28952038546829
86682,59.756325852061245
10999,22.59744043065036
66571,36.407064433299645
3943,60.04131406697723
97895,58.128890283967046
54062,48.17883208207782
2945,41.65515709202875
70741,62.63312137973189
63273,70.87711510550552
37000,50.88008640053561
86280,59.16102925092232
60187,46.40910729946053
18632,69.81093428045835
7776,57.47713612482796
9133,67.39854092872653
508,48.33341053602752
97182,69.12046119276319
75762,43.07406687493906
85258,49.301187675492244
84276,69.6075663795005
66698,80.14072797689062
30621,41.95399408925668
60546,30.839421553093484
75559,57.2463752533633
86926,53.63988857566658
93937,61.369504313294414
95895,60.62923756151904
44942,52.10497868036755
83675,53.93994950000129
22944,32.05662130521048
34702,51.912883167110316
37747,38.93120499571376
66976,58.67563330253035
98368,68.41411147428427
4964,65.07105745086841
24203,40.69851163280064
715,53.09548729892998
27685,69.9992706082514
97400,73.66951846964281
57350,37.952347833659026
15781,54.94962781817252
32177,53.72072847049114
19799,60.608009323974436
37067,58.331844471536414
55564,40.851099883991914
69447,56.86141782355275
61257,32.070153987866355
30336,69.29344276981126
52214,53.41540518128167
59721,60.75349575392469
85408,56.60822674412939
42452,61.21699243178287
52750,44.75238855569259
56883,62.959160817155016
14186,61.54356715588619
34600,53.2766673752927
12561,42.999226398598445
47716,70.37229650161896
48382,55.854671157296934
99715,57.729681098624276
31359,69.74993544972011
70368,65.95368736574865
15610,56.43976156259124
95867,52.56687644462041
55481,57.965738829250604
11643,65.90253568331353
73524,58.62741572023046
80766,51.43196357463892
27226,90.53051564199457
67225,40.85001496747664
71882,62.03455581142146
6918,42.79620640084055
97245,42.467673983321276
7302,67.37233540390821
52834,46.35377008429191
38463,48.70166568187246
56253,55.547091981311794
98848,68.66150730715256
21001,40.21077619484245
26349,51.64402240469606
41555,64.3007571435609
97385,36.64423470228283
60175,52.48529843884125
3431,60.98358557929314
14817,69.4770633330566
51358,44.06832408194523
15950,45.02987940803874
48584,57.71017285923077
55286,40.24783388965447
84232,39.49593866564902
73272,25.663714159131114
17503,33.21573838626431
47271,21.596293188329742
1124,68.13125379269084
65956,54.759713996264544
79160,64.31013066462414
34676,67.23801772836504
92550,59.34885726667323
40808,65.7187470972663
102639,58.508246036237026
62045,56.631486580950835
83046,78.04468177420071
10099,38.414953973090626
12758,53.14915956426082
95357,37.764742979152324
101670,36.20339984621403
77194,62.14546258867689
38464,54.52263216556815
68465,59.110073528121575
2215,54.23404194960981
52812,43.9222889518891
56928,68.95189483573647
47131,59.738631259373086
94445,61.64623654176261
70799,57.6018520430313
15367,50.64649498303859
35184,45.445318911732755
74094,28.241605643453777
43468,43.10244767533921
8565,42.70113998932106
21926,52.911567999478656
87739,53.63978177202768
15337,27.985704977470945
20946,61.01513879742261
17869,52.686365016025846
88964,59.45759118524652
17094,44.63266927478678
88604,59.34499939284824
88427,71.93810703200992
83012,37.00187348092898
81550,51.78804578391042
26699,55.48957615044421
67212,57.27275276965925
45559,56.46779900522854
54312,67.26717537753723
87385,68.67687209057412
68801,51.74267125420011
43134,68.54017039145829
13367,45.92403926005364
94192,56.64409527680225
2276,41.446817712940586
76740,61.16018465826297
66941,67.69429325610113
100370,69.59028473392576
72821,40.04360279328269
102104,39.861435014513994
66704,57.62677682533523
27736,41.476566977858454
18125,32.97664477723105
29396,54.31547558052137
46828,55.52422394090507
92597,32.003252358730236
26990,77.81395634795001
94949,33.46014663444672
72279,48.230127608976645
14693,62.80032452797423
65537,61.95514278893984
20366,45.30582768796253
98796,45.677284399322154
55650,48.39410285621387
85516,68.76071561650113
86499,66.8769598732552
21703,61.275034326919425
24227,48.99248281946354
42454,57.787041475277086
90479,67.55695677139411
65653,58.811845965099934
888,60.24942210322629
43568,69.06216120994398
67074,59.54249153043773
72683,47.519645451826484
101077,66.17520073717037
63170,60.020564348761994
5544,50.770117619574165
45603,69.05294284649841
102088,60.51424385150947
68673,58.293345129812614
44467,30.72915725851835
2501,59.9203668528282
37596,30.610112906395962
58689,51.12633750108311
2531,41.61850076353925
65337,64.38147203060734
102269,56.43493692618229
11329,46.673474363303995
2651,43.29354273388101
73457,50.522830709442026
32631,38.137177489094896
74674,44.69275405568399
102050,58.775748629310336
10893,52.79993421802257
89212,48.16565811669193
90467,46.19638738188456
65472,53.97730881226322
92385,60.82906306451282
42380,57.42808617091439
83269,39.31030869434219
58040,61.82893067337195
16789,39.8248783444651
24152,61.15980269330507
37976,73.62237403526234
64582,46.802051684091055
65485,29.325469838295216
15538,42.28985061870413
29141,46.84730721770066
97742,39.40712485946653
70103,41.16945181530834
2594,61.223160045640924
33392,69.01854420518981
4656,54.634682192955154
69855,59.72425685312109
2962,62.126902520572564
100742,62.67243668785526
33171,68.98709084591276
56099,69.49198526317579
93276,49.76051137853918
58609,61.03308909331159
89575,59.26269586434174
67807,58.836213887122064
100987,68.3728238152214
40883,41.072154789939084
73068,57.08811327917102
67379,56.405042549731746
16180,44.57408972116454
35968,63.26135192640053
79363,59.043821103956496
40981,37.95348279859513
23438,59.03623952819235
5692,60.616468456150606
15186,68.63345199022964
35330,60.654261467307876
1316,47.24480708624918
47774,29.839762546629036
67750,68.06027198470956
72150,53.4659048781841
17152,48.724813494879534
75657,48.833220230111756
521,26.365307575660964
4064,55.58428814548964
89847,36.19627836332726
42590,65.6813933323958
26309,60.43542189320349
75009,32.38528326630585
22915,63.106550681348544
53418,37.72295473197324
74905,42.452676346448804
46411,48.83170553330342
33466,68.22911763803646
6008,54.46700936387891
47658,58.08928150030807
68729,60.493068222023794
75044,31.64693066382275
84926,38.60192689114095
46093,52.571174697383675
95743,63.52074248296351
47813,39.42160212409141
93735,56.066150224075024
76536,29.61267924585484
94367,47.006785448822974
69129,47.30015343628059
73262,63.96258245598828
85448,60.75663847680535
95488,57.980224292027636
9239,19.224705706039302
41575,29.632724256627128
27636,68.4441736077917
21864,56.95358017362644
60753,54.445994009785245
18588,59.85532613185027
66826,61.449717146536074
43462,48.98096463504983
6912,54.46309618212879
25642,53.82751524433179
31542,61.14979767084186
5026,54.46121801309421
48236,61.95472591405461
48603,62.55848808938363
7097,58.74898079143846
73898,62.945670371839945
87758,54.374865724869494
63846,39.525638724783136
9379,64.21230083442504
31174,31.70893407311696
45668,51.048213517305506
72427,57.21636289307847
33138,51.96671036396153
92125,41.52435980931397
6224,55.77038196251997
82824,65.78088004012224
18851,49.33160946151043
60167,61.46136774090839
68921,34.57704624581302
8125,64.46644760700377
99429,43.93147972688917
41362,58.56025111529687
42856,59.91173648692149
22444,37.77911960535537
31361,41.983118557047746
37199,61.697805976571665
48750,76.05398060775896
48258,43.34510355430017
100522,28.450708569814015
18330,53.14059745678053
37463,34.847455551745874
11114,65.56425238465275
79530,53.217149194580955
60619,69.6412837021482
60137,64.54177986046575
75150,57.072252699399925
24709,42.70468130120051
53717,40.73921741049938
43396,69.37544217625641
13264,49.26760199404616
73330,51.43196357463892
44944,43.433501355432355
40615,17.747616861088694
81418,67.77717209067332
45413,28.800513748511808
51194,28.260315937584984
87596,43.674609037949885
44057,52.878536674411755
99631,44.53775364727366
2175,55.41145382742343
32886,42.57160388790109
99989,69.36290277802841
13041,34.21534045296993
58731,43.596997768810986
49769,42.82384857303141
39032,46.221745332823055
93093,58.113558210147886
25552,67.85894062371597
29251,44.92115941314141
88696,62.879411310706274
51292,57.81658104902183
63148,40.97202776176631
70422,54.85826716305518
64375,67.67598633204086
72195,54.46093305907043
95288,69.56853445350839
81702,35.82564703929259
97841,60.28852054806288
31945,60.49354122140819
83220,67.47560018177073
37086,37.02603820460914
73060,60.46675329409426
79466,45.628863989315754
76480,57.81298091067958
26072,43.56628137165498
58166,73.32263506737762
10533,65.63576718724823
98271,67.74012983712261
34701,61.70460657615292
88900,40.17282870726288
93273,45.43671670753598
48955,56.873936822190856
44003,55.17694146980506
33866,28.363949735015332
30910,35.04665152565306
79843,42.87196915619897
2272,68.91026673982827
96344,53.03519958977739
9758,53.76205658379361
13959,38.47141544255945
102362,49.44919666949252
14572,48.74879501721488
48842,33.126593476396685
6791,69.33299927966864
69135,67.97653144987609
25296,55.31360150840884
53374,59.232107475057795
87875,62.208457906885585
20557,73.08429174802066
422,45.9801959818045
8844,56.77257630897234
33657,42.21875952969527
64547,68.1533738227722
66695,31.8063836268773
55791,47.427749625623626
71765,46.07118495802336
100817,32.415956790279274
32966,58.974735489071016
55153,42.75460876371578
98378,44.13801825112151
81727,68.24872380448
69406,57.69730970720411
81263,58.151507887881706
34258,45.620228913897456
87458,69.29126859145548
34792,57.63575671293838
15398,58.82301972143469
74991,53.139650721922564
69093,69.76656765866754
93882,35.17498572972539
39523,46.35271222875329
71301,51.35292271026374
74851,64.21678249499605
32543,51.875196636840954
100376,41.927101201175255
11860,64.81938493519095
31248,70.37697099903443
71662,46.421538149161634
4702,58.61789019140286
36997,63.5632752825741
65617,51.251823976298
26459,47.56652687273575
88825,58.720728690509496
75595,60.52478962157144
24134,53.6042520594912
24426,40.64531715198904
34084,47.48822153685601
29866,47.22501472869966
101264,68.68006604376419
19857,50.693595534462055
12413,68.68006604376419
414,56.46199452010033
21205,64.16925007737754
21420,32.32390921231733
69265,49.53863053076978
77856,54.78494285642711
91219,45.260795727417666
54836,49.64199611215628
74292,53.9407987247454
87895,69.69821695417824
610,65.98648746109203
24723,37.41276970676977
101168,36.25082878756191
73230,46.095845043454126
38470,43.57183673484908
29848,39.614175170568295
63112,64.5320986361901
66787,57.1781704906419
74434,47.20220935279096
87725,60.3657626886529
33746,49.109811902190195
12869,48.16707286771702
47211,48.67733056347242
1251,49.49289354053539
45171,49.26272432249662
88467,38.64095707387272
26466,40.10648051600421
83496,63.663910445801065
58504,48.8780805606552
83883,35.89805800396765
16039,73.1974504034015
20909,63.802592386462685
2325,66.31213108292643
83310,51.355033993866776
19513,58.68971937061757
62240,47.1044396218962
3380,55.94096536264413
92707,46.19532758515136
14011,68.98908433508458
53311,45.306974958983936
49325,64.21823897270774
8740,58.43101171774602
14786,66.44787061760643
29625,69.75317551597756
8477,39.222832910711915
101638,64.17623770918587
88239,28.593274295412012
52520,66.96081687933301
92471,51.719480957971115
45330,59.89994475637783
98655,38.13799095974074
39918,40.60863627154688
55962,41.494341604909124
41127,62.59904782334727
48520,37.590334726944654
62875,52.833570752490495
62883,68.21020820461142
80487,44.303316792978
52854,64.9715305813329
93939,26.3479857130768
6603,58.27858819217551
31835,58.05660134757062
20584,59.556343821266566
43445,44.13843432468051
6820,57.148830962758964
60280,61.176899770120365
70296,69.6412837021482
91354,69.9879135991068
92692,67.93330676051787
34166,46.270461850206594
63833,33.68257738499167
48646,54.63713436542471
15144,69.01324588153487
1861,55.03922081632897
58015,58.913440641377456
74235,65.93224360046878
38812,69.5992187041941
70965,56.552491356584135
64485,60.71554586970976
38067,59.688581041332974
54087,58.258059496016315
86718,50.90409752081311
45408,55.357315462696214
41814,45.71218779945282
10583,67.02155948550286
96895,70.22745249599922
25713,25.360771807470723
88327,46.159214870964405
45924,45.637094187820956
16926,69.13707299815212
33340,43.930705253032805
78414,42.50728318182031
88989,53.6314003514337
15537,54.37834394946483
97915,67.0045277099576
87369,41.1336614174354
2884,32.89381007112319
25021,59.23766808644857
75200,57.40587992928402
28563,56.05464677245505
19,54.14366203199411
40489,65.07612955409263
100094,59.812085412991
13218,40.4091264969402
29217,54.327581614627896
67761,38.666998282683565
37019,61.47814138922794
39511,47.17307070009566
32015,56.93560442945969
76398,63.72284752826371
30531,56.05049406273497
87460,53.948534135002554
34718,31.275741531960925
27438,32.39563309630012
3716,33.9661605595458
60510,58.6722863121688
13279,34.41279505688538
59351,96.85522858678956
98732,56.63794894782373
36150,62.85675644293593
82187,65.64043602429602
1050,70.29153344323512
99782,58.008646044990165
41578,24.012734919600067
22897,38.51134365158501
21774,65.49582034827766
61728,37.49543493284912
48455,53.07448520595753
16671,63.96948543757343
39756,52.616391926697254
71534,41.458459335628476
68641,41.97564350706741
80137,57.849101648455715
95993,46.09424010092598
36970,61.69378614020093
13056,47.39930254511695
68264,49.04508595424278
98048,19.714846092715405
41089,23.08425844793739
63135,34.47496842742051
87698,59.1393197403838
36214,40.51895681629124
24693,33.517232351419764
91139,69.71825271267511
83698,59.67746770427859
20046,40.36289622777161
62500,56.3363308323902
15311,46.071168323438684
54474,63.314200445670494
27038,59.32104030940052
60450,70.12208759598322
65810,60.736157996475505
981,46.58967851521716
20509,34.80358465521467
74501,57.03425212183054
90876,69.37088417146964
100206,36.32090967747367
55420,62.76189129647988
20848,64.47384490306678
33670,47.821104142995644
27505,58.20461062091434
12087,67.69429325610113
80541,56.13011548100222
37497,54.29408465352772
49965,41.45511894704139
80209,48.21162226463359
14501,37.449138026920735
2018,62.35226749443055
71630,48.23959137766817
91412,59.867230874170566
60213,64.40020810115398
58951,59.834009968324864
3278,60.037344264511795
77735,50.84720105719629
25591,33.673437527318754
33791,59.67980680614852
26522,60.91133615547099
14002,41.03170653864036
2921,64.91300508894653
84131,39.87146595874342
85383,52.676647468434496
56860,50.91274689619922
93606,52.49182581536472
58854,67.27974988143593
54282,62.371101708615896
94212,61.19595570152552
20324,58.99025270799456
102635,73.16316517227375
11811,66.77194334272968
101996,33.008627794683306
49314,57.74347082897829
88452,45.55496245630643
82324,33.67251903284425
66467,51.45148198940902
8769,42.67375295806348
28929,32.47396151146394
58416,55.50619166757162
45948,62.5574741536262
89610,60.449755556497486
41638,59.746606484293125
8575,29.11165437669804
25234,69.55973254497714
25180,29.441586235023095
45762,46.2457813362827
81560,41.57320872908428
78282,64.56792629352522
43927,57.544487711649424
21037,58.5457080472398
27528,54.738550453371325
59897,37.74247384381566
49890,65.81339287626245
10523,56.13348633563964
76523,62.52571777004835
100666,65.33931696791403
64622,56.29669959094712
28806,32.47318366838828
5378,26.23474256182011
81881,52.12993989861398
52892,27.63916906310086
14989,56.36222612043593
1707,39.79308986178193
41196,48.41560216689596
43593,60.65517890188485
29752,42.735767012710205
38848,65.09079550934413
63754,68.564571589489
64201,52.87915166851653
54389,69.05800476764483
11273,32.57092792067679
94579,52.68192296165545
20283,61.00505545254929
95596,65.72163764806973
80603,49.93687289104267
76855,46.638975233080494
89103,59.1564497676482
77918,46.486147094465174
34759,62.05998660134301
101751,64.29952031496389
89112,47.65397854040585
17556,65.05336975560327
14774,60.28814037875355
41385,67.09933821987154
85334,65.69057212038808
95154,69.4325134633435
45239,64.74982489241461
28987,67.96655287299818
38468,59.54166491727477
59438,62.65092536868987
84806,36.972827798121706
75891,45.515384592791364
36036,64.75240683859695
43123,31.829846638019873
29175,64.56849269628414
13092,59.167778282052495
2293,41.746099430944916
26017,60.42794147951248
7037,35.966183995701776
16339,61.14688847820623
20086,32.43161947935297
59005,44.31664903297876
15489,54.82341741870756
17488,60.0560737003209
43437,30.768747334974613
91497,44.45832088149506
50668,53.740975819643836
72032,36.07086985740953
38356,39.20926715390621
53036,46.60253838789167
28881,60.26505119302072
102089,45.54974061824353
35407,64.43531675173479
67637,56.885594331624304
42199,26.281251744506154
77128,48.383151394497084
7952,64.71348221355254
46461,51.569531105850636
25953,60.26338674254596
91147,56.7615754165929
25525,69.17959043736934
77037,53.68018902413887
26199,56.96551730580638
32663,25.22430712688306
46366,66.20455174403149
25099,49.19564858765635
29656,71.53434064896035
49569,70.8995014744736
11894,58.18270275905909
99449,65.54713526644525
15688,57.537074111289456
99573,56.78443258885206
17581,50.915053020987436
54777,65.96229056625646
5870,38.76573491068439
82630,58.55356087344089
95799,49.260212738366775
91299,39.26104185987664
72348,68.52206903373188
18427,56.545043470936605
11462,59.066062040191035
70410,40.046162452186756
86385,57.8436003159066
9857,59.984994009004886
65401,67.07997187522436
93218,39.72525032909748
76711,35.895129663168284
7133,35.12953464268068
33850,57.99950649042117
46217,65.49512162460361
85987,55.417346670638516
70972,57.82642393087876
36230,58.39772933198385
66218,67.69687746248619
39402,56.30542838789617
28097,59.10546859396424
19478,57.821096854983004
15351,63.04907816791888
9811,66.61892093605789
2629,58.20319673773747
54609,29.012396131720166
24054,54.58859457777665
24781,64.09247291086541
86680,56.13940572765088
14355,53.440578712784394
45443,61.9254964235295
72709,67.11861851238153
79829,51.019765940959644
15258,46.308878266183655
33930,46.26712704780237
6812,50.53382380402664
10436,58.13559395295042
24316,42.36116496678237
82775,62.95102101121526
67130,47.22639905489223
78486,43.830529094134334
22156,69.5531803358138
79624,50.52922739422248
82745,67.72183067456831
54616,53.242139276617465
62765,41.363832433154
58547,69.0260645758521
47625,37.52452322868695
86241,39.20740459602771
62699,60.708069274721225
74472,68.07065828063106
90842,65.28596057004782
63334,68.94833357218906
25253,61.263092964680766
23596,42.81083757725265
75105,53.577182355307535
81946,43.4087314654163
20675,58.3922045418262
57962,62.95261787835207
77626,42.48111498117959
18975,60.05550776561679
75590,67.14768904004643
71135,65.14308151807731
50039,53.96515652785233
23240,42.087721128463954
91020,55.21477409089041
92163,53.0137628214706
46359,66.93093282462354
32326,60.99252758827609
76355,60.08361929454068
95084,62.312237368864544
101607,61.501600283495115
56274,64.5941448424881
63733,59.507062042273816
20250,42.38527105194408
890,59.410125920301255
82458,76.02087361359052
16664,60.72169176262971
86431,61.107471796573364
36044,55.77085115346442
23148,41.90206533416293
56956,46.62597270280205
19318,47.4711056131025
80933,60.60786507783496
90710,42.93784272354701
67778,34.775304784509665
87854,60.58036019465755
65270,54.478381480323236
34140,28.212866126846816
72916,30.592278154573982
27949,57.553383845067884
57474,42.19578710462787
34108,54.80299697982419
19676,54.14317452867501
14230,44.31427728280962
41220,64.96711014371387
87220,73.16226741958334
101574,49.98835051640317
82937,44.17151592699276
24662,29.586454521511026
63011,57.594326397958
13078,56.321561029627226
18932,49.163938774531054
97756,59.90728148604102
42068,69.19156469745967
96345,66.99899458787678
36817,61.679781604780835
83284,47.78669033675269
60305,31.54491521212619
18203,32.540441610999494
8904,59.84013938941302
89156,64.49635686864977
86619,68.36096276408537
4429,48.90242299425186
17724,60.34219444564052
97261,41.00386190931008
6541,32.869884192116785
72768,67.71061443117036
90973,61.35677097594859
87413,21.854757146603596
86904,33.79551777404393
89050,55.25254620349681
81051,56.9272897769102
53416,80.73938203907159
72903,57.58269235788122
79892,55.94031145704585
93829,41.31795412913591
55189,61.71519330873743
81618,39.38854256230975
101709,65.39292380371828
6779,29.83770999254273
33374,42.58721992090318
40796,59.61184714788884
36067,29.781546506941563
2566,41.636436175443
31407,59.17601540053932
19032,58.8819634725858
68731,65.31960246303214
86060,51.58558310564476
30419,55.78415999058858
16750,41.389360536852884
18573,57.20348504104196
45248,43.521801075356024
10962,45.50797281864298
91621,61.58138923778452
69856,59.96503696657405
66343,60.65294412765178
25479,61.97422911912643
67584,59.88466631532556
52600,69.76266556220239
89790,51.37691389337467
84600,68.5442812411848
32436,69.31738750902947
99028,66.1069789739176
38368,59.22152218470082
97436,56.336890339145015
55799,68.9366114606388
82300,43.209953973637596
66931,30.158751574898833
75428,53.89757918567192
81369,39.545910348609375
71843,34.486195668180535
87103,57.102872296363614
36710,58.8295757454966
83335,36.8980133091675
100229,57.32484706037484
27394,55.19718387199221
65205,54.96846419146707
6370,53.22525331776982
49512,62.75503816588115
96598,66.96081687933301
52173,59.39459939758263
7267,46.38908601420085
47215,47.63023316984304
10108,51.76788041446435
13833,48.08741283845934
86427,56.05728927320007
10027,57.01010204477703
12728,50.438837224881524
67345,59.72291903232518
84129,58.933220662655174
94363,41.0856662486736
78342,69.69435793820695
4432,56.60892481162392
55422,60.84998512040754
57632,73.66578636698519
4632,35.21606151238088
22491,37.571846887124494
15203,58.210704340100385
38851,69.16265625964334
13008,59.69097621873016
83539,39.63774159511336
56282,56.97457525104901
76658,60.676068132007984
70608,61.83015413492792
68994,55.27327844318376
83154,32.47818470496412
97921,52.981900548791735
72763,46.17806740627764
14413,66.25769367790062
45058,61.39170059266316
54999,70.8995014744736
3918,30.62190641584419
33423,45.53710806965039
32730,59.03395418727957
91514,54.45881314921979
58042,28.157999947641123
26772,57.108319216221815
43256,27.01667473463829
1892,60.08156239077719
73630,51.35483571800557
18740,58.784771838310746
16765,44.51145404712318
84286,35.59229645759969
62032,34.44608374921042
71240,77.15570098335724
32480,38.72968604522608
68343,63.288754008193884
14564,39.703467936625245
97019,36.907032590675456
27040,57.531706503357356
73076,57.96682668481616
87393,64.33345649954899
59056,53.6626486220627
74086,26.48866581048148
66369,58.84886952045673
35347,31.908821595986506
69237,70.16115867454705
85332,83.08017552186155
4489,63.288754008193884
1279,50.359914110331744
101606,55.17929346158465
34245,59.52774743930707
7394,59.09287175134321
31354,67.7999503315471
5149,32.82680606306247
55253,58.20799848348744
48987,41.926030737545304
61255,56.8435445462135
3327,46.928277294987645
81422,60.34850895399536
43318,67.46546983950898
90159,64.22256801618397
79861,33.39241847117913
19485,27.969263408071047
77143,25.583580297152615
60126,24.22045686061174
41431,53.46897417193308
76724,43.929889203237366
101235,44.46443783150506
50041,60.74930539190079
80930,60.84373390296937
13511,54.81228407515287
102004,62.47798038561847
30540,68.69296701912518
50805,32.892098558846236
42277,57.63136239813201
33556,57.11683184000394
92874,61.87867103256531
81888,67.90501200434046
13614,57.45312019368034
6623,58.42502946198558
10768,68.03615738445889
65943,65.21948247253339
12031,56.889058050594876
77118,39.50465903965853
79744,45.76301497401684
52057,49.12678512247072
14352,56.47585760669
23229,51.148471307918356
55851,61.36918981499802
74339,55.5545113897608
99503,26.64952836061799
19146,48.04407594436784
92264,19.947021735727485
51499,44.22059222180843
92539,55.29905073799631
17431,54.863202093017506
45915,56.20771752080158
39858,46.2572152901793
90843,56.86473887578837
73769,69.5992187041941
67835,69.430060703594
70239,53.27340571268672
70776,56.87267121440362
25161,57.626926181268
28150,62.2046058705379
67003,54.714080804031845
78016,80.73938203907159
50446,41.78319088422756
67525,47.7235436310362
24275,42.316622291569146
11865,60.05858850450989
4525,62.10200239197758
68267,33.13545678603425
64875,64.14132042431025
22426,56.930417923551325
40454,63.70738709735738
39047,60.36262948634494
47628,39.86217953353666
4108,69.15589679606548
60486,67.4536754683256
74088,26.443958400500687
39733,65.00794454835167
95254,33.63746237696993
91146,51.388907432290914
77717,45.383593671507015
6692,63.16554741478355
2635,28.993553472979684
65495,63.64597567896462
16114,51.64754329842815
75319,30.192305660021056
30422,64.6456678892484
93780,45.52344261072706
19276,29.512446775510984
75458,35.36142355558344
82626,53.5513831058326
13922,60.65481463384004
31123,49.55627032965121
30930,58.49727466094734
25967,41.73012710111331
88201,58.33639484980882
40533,56.37021210700491
53607,35.60064983698881
51207,54.27571766041882
22456,59.059263621407545
89749,19.55586894427039
91661,69.00255826934998
31277,51.76094707327029
45984,52.92134618172609
45350,65.13017884045323
45177,57.77856152151369
74651,76.43854849994011
19517,65.45148869237704
27931,57.00746097502706
51132,61.60801878426801
32934,63.0574375187481
80975,54.59135053061793
85739,69.52947188574558
90991,59.32372088046194
32023,51.21705190895091
57382,63.81844083525767
36031,20.571500975931496
72112,46.20679873205274
31783,31.913720666505846
26274,52.540943601436055
28197,69.52812951271859
31523,60.06104603063967
6908,60.608590250232474
62516,59.29899228168155
51642,67.99809893091327
90705,63.13275038322118
36495,87.77626402574046
24661,31.306983216409773
78994,55.20548254096494
16739,32.927234826596006
16570,44.10307217988893
41774,50.09947396423178
43713,66.84689278496857
52320,52.88355852006448
29852,65.33931696791403
43170,59.54557407765921
72382,60.012125697576536
56633,61.12457185593945
97599,66.0973636540587
50658,49.187310440988966
33823,30.277873382034592
74173,69.75317551597756
26286,42.82709141381394
79224,59.65644118100929
11699,59.293970855696834
76571,31.062147456919543
56330,65.39700307916664
4958,51.36327663850434
18416,69.69156566498708
84737,57.311693226853066
16837,27.04891677051627
55279,62.193554415032914
42356,59.18710471430927
96370,55.1442259121922
11213,64.87592023412323
7899,63.093453816299125
72234,35.71402877257771
58646,47.19795938182644
97324,46.23218982671746
2599,60.18400689319798
26645,39.864079801650675
79159,59.372188699231536
6726,69.30442760644722
50342,41.92366129967455
54695,44.608177948243174
14823,63.34463694109088
72930,30.818834416830306
14087,48.81905804846405
58572,50.2879524198772
100531,66.7007015021452
79252,61.58503508889621
3515,67.145097730977
61332,55.892419851488306
75637,41.077956527753486
45737,42.0354953643856
35064,61.482908563470176
67618,32.91879947378524
68193,51.54959144231442
9518,46.15881527821517
99319,42.966452243167794
65266,34.90863800649214
77824,35.022627109881626
88987,68.8401560446388
67066,57.34374124254649
38956,44.691435207353216
15358,60.39003899917003
779,56.22984743386903
74535,69.30442760644722
94437,64.07225710718352
82494,40.54475687147709
62836,33.176142030270015
50708,61.225718946067765
51453,69.44796476181847
12634,58.64586789187333
70692,45.59277271082191
65900,42.72422283177185
86774,42.08532848137958
62745,61.203195157199076
59083,45.61524299443542
11453,49.395759509492215
72498,53.518344847181055
88354,20.578901670780237
12483,57.219850712172054
100141,31.41308796816931
97760,47.43404916308088
95277,53.871724584661095
98682,67.1274818864459
48786,27.04265292557588
405,55.82088745964175
18902,69.06554280454047
35092,61.75060001109858
52507,55.157458299390385
6378,47.87443778491692
87442,67.81728359112915
3209,44.22171599415178
44645,61.91963564546905
59473,46.50156650001906
43271,56.5479263423717
49823,64.76294203185948
36456,51.133814436120566
5034,34.1035425137913
57194,32.634683513410806
14654,67.59723173071656
62868,69.45672136240341
83657,56.62521788708204
65940,68.60822214908684
34969,60.61204466811971
93554,36.663872399799835
97321,48.15274332283471
46647,45.9237183488179
16908,32.53783573756595
57491,59.78039757533597
2168,42.29357380444474
72636,69.28495150950694
17871,38.96047223303938
59104,48.63242239243768
22053,55.97679408814871
33249,59.81988481495838
20061,43.774402342133115
84971,59.0372509184371
76978,38.52536057372575
51547,60.60299679081786
41383,49.51913452208773
61643,36.45189673128715
86531,52.93319565387025
46406,64.98313103268453
6236,59.215283308314056
55769,52.668907599296745
30513,40.057692468004085
73182,46.11152008062423
63924,55.41469382543788
23333,47.91130671315692
21505,64.9920685226668
63964,77.70827899232691
32978,30.932800930227685
18507,61.69722287435759
29057,64.73210233491187
30588,36.94049374023339
43937,54.92696700557187
27473,54.36839639670236
23666,44.435841502452966
3814,49.27532660150685
97506,61.510653581840025
91415,53.233562385228204
29884,60.606724158733535
1313,68.99799349388958
99265,32.08084566398398
13541,35.871318707430326
37781,54.418462610582225
82968,64.52484603168313
32089,39.66397161149706
60834,32.67182899229541
40425,32.132418398338885
101127,68.42368340428216
39175,57.627530051387005
6619,48.212230979519944
49545,38.495291250097644
95434,52.09136751094006
31855,63.03173860185362
4271,59.25886508626772
81475,59.11587451478061
841,64.16877525370325
11,68.78298102998713
16252,68.35401474414952
42292,28.477052498149593
33366,38.89348876518077
101016,59.38429088921364
80374,48.40998216614818
31587,59.18419296576416
85843,32.84458157928997
57907,51.07094664093017
7702,59.462431874539625
17259,38.60746419314193
38195,57.91998663548159
47290,50.58216979530447
6861,56.85735692228698
14434,58.960909370296534
29855,48.78939503954493
29921,57.15429105833453
22402,70.99356493229345
100137,50.71930783901771
26729,52.39172589051259
76822,61.06551590830263
5390,31.419113589744384
24538,53.776674716913085
7314,44.2799124824477
55710,64.69775817981764
52731,56.06002655118975
98399,47.59996766068162
9397,50.4128648697975
10781,63.07667702726254
84212,38.80629225849323
63429,50.95261898303169
73721,60.25132624457172
4749,52.49959476882814
23794,58.33398481315272
35541,66.29231196582077
99381,39.48961286943463
48158,53.86122044261589
67341,53.931279270282836
92463,22.981736437627756
36716,58.61150501331664
99513,42.10748887260625
84111,56.293721885007145
57751,52.407708096213604
67555,49.342272838735454
78042,59.48211631931883
58614,52.990578369340426
44099,40.6067939216296
55438,30.89200178951389
53497,56.00576743886012
61169,43.47952689949342
60453,64.51134911698391
17088,25.545456422060898
91526,60.33456592910509
46772,60.77669204714029
18029,43.51718520039821
82734,56.02503444054914
102081,36.183943445954924
79803,44.45382693310801
84446,69.01854420518981
8673,69.40847911989619
2916,52.07897942993159
41645,68.25927653542183
68894,48.89569339053862
98517,53.30515503558597
96645,59.130334224833916
97367,64.84765741661795
3476,64.71876763428959
68592,62.03455581142146
7094,59.804990915092674
1465,67.63712475019275
97501,55.83878605217778
78984,47.6091927586675
10137,47.755548561372144
21042,31.541464263956257
47055,63.05017505371269
89587,61.28221518130549
80948,68.96799133955341
62953,52.07636554414537
56517,49.17058768097773
30238,58.46777686010728
898,40.56378092982266
15908,54.41821121747674
53867,27.824068070427483
34825,77.56253074684311
66615,66.86022818195532
29654,76.80625328602923
88480,69.53602794965626
5030,46.698227908790116
14463,58.93295359047997
86954,67.68946369661889
13304,77.88649885002326
3698,57.81368246227378
34207,32.24162383036817
5476,41.144227360674876
44679,61.118514430053644
51745,52.6359399999707
5154,65.73261360393451
100936,55.466266505632845
102253,43.94498884382084
74143,46.94823242265137
52282,64.74148611621348
93417,44.82142221142983
35657,57.719254096516444
74451,25.845651412448778
56541,44.575916755679515
44052,40.972402923109286
73702,47.87623160488722
37187,56.99672659210406
34285,48.03913165134642
96019,44.28677674725156
73165,41.84256806884926
72186,68.60723129847283
5413,65.05356092868871
55061,71.38182297971395
21206,61.593671841374686
28873,45.19752811593501
16806,40.39708073365257
7887,29.31841348193309
66526,64.21782209302283
34500,43.03160560596708
19891,53.38132223281935
72843,52.98249482242028
65830,64.65937791933221
77283,32.98764678403758
31565,42.54644988955637
16831,57.35256440179817
1015,53.32457184093806
21271,48.60830131419766
2767,60.95653204662321
94209,38.06033475741275
39376,51.42714367137596
51059,59.51551945059285
76803,37.433736803716116
17196,67.98159682723207
40207,59.90275112911905
79008,29.96527586470654
54278,39.289189112660644
11311,69.1969212422078
79449,32.67935071285319
80650,41.420376940576006
68150,55.69786386235924
29721,61.372199909811485
67946,53.492268525143025
72217,66.43170098540314
55983,43.9810197932484
57023,57.76191623711776
89817,61.94242394232459
68384,60.4274119713775
76792,43.12691475680084
72516,51.102743384432124
72973,62.605359420701454
82588,40.69010023512485
29730,69.06356861997017
76526,51.350410588025795
100430,56.77921784516095
32033,60.01421107461035
19995,44.63514313002634
19867,59.43308363568998
50827,47.29895982537168
83804,27.92916641908662
61330,60.696637249886024
28504,61.90984484240314
68660,65.74020323458059
103,65.30594378174996
64566,37.58253128824649
17903,48.72230996755922
46061,65.61276529517939
66502,29.022810093801716
35954,24.683050279127116
28845,65.5664362669527
58128,41.68553267951492
83721,52.50622566010953
46950,35.65488581957307
57400,38.80084850379194
68530,70.55572097106182
81082,58.625759043444724
52218,65.38800304974461
36312,42.76447513045335
63572,47.19390273487287
90528,51.25104529752308
51931,60.61454271462126
10327,61.12823883821953
98596,40.551584906309046
36802,40.09042959165713
51994,52.180271182677394
84040,65.78557613384059
29652,46.99543223493251
70279,51.674879318463134
51941,30.925403103617015
80713,58.28057907396371
23544,60.219896016132026
33505,71.57045823456656
55530,51.163756677584004
47419,39.14616684618645
40303,44.39322723180372
22461,69.33974976336353
98949,59.832140605921865
12148,50.93497286613522
19050,21.697772708566127
93463,51.71718385867097
81200,40.65188365971735
4522,65.27186987457895
66749,41.67108750764484
57795,67.0153670187808
64555,58.82032004791594
82698,68.03191050011564
16508,65.78820266743395
71865,57.60403406739263
94503,44.13568721181607
38657,39.564361245065854
74711,43.35899819935328
83325,57.012934934650296
65173,60.282619689597084
93211,61.98428323661593
7436,72.12251532280241
1415,50.47228261844385
32340,60.17466535297986
13087,58.892762048630274
72386,64.20008924054508
8455,24.514005922074144
40928,34.297615676081804
34393,42.114841520536785
44986,67.25252318064393
26937,39.09685185452695
49592,46.386114238929366
36451,63.377067385382134
86365,68.37732358210826
93162,37.00836277509442
35078,14.878294403075227
23798,69.02934597596486
92442,44.3689737277109
43675,50.601769869073166
31201,63.22840569735372
66438,38.46836319268003
90456,55.375393075300735
83203,59.101565425852726
57545,64.5315118325956
61651,43.915039362323775
78222,57.31074976208243
76418,82.35909126798504
6951,61.260789899924156
7138,57.56179337890102
90506,41.72712420759304
36771,63.45113562418964
91237,59.23695170592938
29707,51.357332174995875
52875,68.2376988999895
38503,61.52273368460469
4555,55.61594225752258
28146,67.00889360815603
3183,21.362629057584762
14443,38.65187919133633
100665,63.85800867638767
29276,61.61104090042655
82058,62.7448414707195
5395,63.26717522685492
30666,24.804154800007158
72706,58.72749697476379
40668,44.782154439250355
51433,59.53967613362173
55984,65.04048522719302
32746,45.50027558919367
63369,37.49872620873778
99324,28.025847999049965
44449,53.02991280438723
84461,52.70001887606714
6532,60.78045318780255
22383,36.147732857881124
21584,65.11801822070579
29829,58.9151199338874
93995,42.34852432728137
81894,47.924442858490266
73529,54.33883636775489
26719,45.36252876107852
51071,69.47353110517119
83783,47.20960453467205
61326,65.34906411732479
64465,70.78930337386505
45195,59.15139560309572
78935,58.08275033496662
21072,57.64359365936368
86990,58.35880568881554
21941,48.87651867964135
84652,54.18246279006822
102188,34.442505708859905
21003,54.06164144424539
17743,62.18843302966229
45738,52.488786352845175
20656,33.89798804434562
41938,38.53564293207422
45430,70.54365289161873
22725,49.434288500548675
10439,59.06696221047055
62921,47.791551576276106
77830,41.77713168490631
64012,48.13515047485537
99716,59.218394264228984
41746,51.70970237600584
78021,48.87504437357724
30763,51.917505179209066
82312,53.178390079266954
86204,59.07832582956377
64090,46.66545013393638
37115,40.85156768557929
7052,48.82515416872998
100422,43.10604657162591
29989,65.7475258237424
24974,57.28451307967281
6422,57.31073811550206
70193,53.00361169796662
92995,61.98428323661593
58627,36.63901586631732
338,50.569860180510304
66697,45.980478139032705
38623,49.536613860956585
11272,70.02887592747257
83028,58.88193896291042
97774,50.43640902178812
19410,48.60795464192359
97444,64.44654757816873
83009,69.59789931892064
4629,32.310487292207426
61909,69.3591049214656
86408,71.37084471884438
98756,68.49479039385095
56694,58.963556768287205
66353,65.37190243454316
71092,56.677308469264815
89008,48.16388429187945
46561,43.09146182667001
100520,67.96655287299818
5474,69.24087029140338
96411,59.93383241582426
17445,58.27097666152459
2392,51.7707841004692
22889,40.282105548818926
81322,44.22988226954737
23827,60.229221029896486
53049,40.16496075599485
45340,36.47688433444053
70571,58.98553690070204
91682,46.86061361338805
40745,44.062743844868464
48890,51.819906679529616
42271,42.202430757228896
35220,25.364156692693378
99555,60.16105723629802
47609,59.91752477665108
30288,34.68389081958255
77358,26.94373351083451
101962,55.967076882671726
100434,60.343895713739
8487,66.54001760511969
7210,57.19818272008064
9678,29.719509184215276
13040,62.805463491271105
67281,59.796763929172364
54487,58.54199838656135
7071,33.33943703868063
89794,54.340150835976885
12175,69.30739867041078
92979,55.84239219126969
99245,75.13602793893156
26437,69.2364530370542
36676,38.542058020986566
102130,50.616907428063705
78615,32.001975857043746
41236,45.96720973499884
27970,38.434024090441724
88685,65.58955854195867
58277,49.4157083062625
17723,64.38191559154801
41613,61.437269786138955
21458,54.12483786665513
40308,41.02470342976243
84780,73.9330951824865
33339,59.121275619212994
20337,66.0252546843831
43627,58.535336411883016
19073,55.233774035192795
27531,56.17622698877923
6074,66.96081687933301
86373,37.63967419994302
56636,57.66055914507679
98153,30.369610407757136
99096,46.63366977306496
73609,40.907634694105894
70533,68.1990987719604
79559,53.39524709852701
57213,56.728612271120994
14072,43.02030072567504
30804,39.42341956250572
25564,57.74347082897829
61089,40.62494105914005
25439,44.27233942570005
55826,67.59187072447483
36889,60.18620540400541
4873,43.260026876003295
55705,69.47468293665122
17646,61.219576690607624
18440,60.70836284316985
28523,61.63706191341125
83642,68.79151599092708
85452,63.580825735700685
52460,69.17234206267153
51839,53.28380749714322
72214,38.69237071309212
10696,67.02903784129612
70712,58.496535331612925
8308,58.87912032529725
58918,34.947831728696684
26982,59.521349598692275
86524,52.911117816776624
76210,66.48872016678952
92641,42.13448187202832
76344,41.24971369584558
74757,44.39857500984434
95566,67.39067553058129
21188,36.85051611416616
4178,69.75317551597756
62552,59.44286635971916
8248,55.89599846870311
40263,41.843571103096544
77787,60.550268198189535
102489,54.63059023288107
93811,79.19238160811302
58604,58.38618993060231
74970,53.26002986982959
81396,37.469956097264294
13359,64.67319897448321
16629,62.80785188690318
9089,52.29426085554788
4187,41.76838962159237
58341,46.09927893462581
44584,60.20065184641212
72338,47.74097599389002
88206,49.59831689343523
38293,46.49773466184676
1278,67.79523448458275
27039,77.03329396689686
32568,50.547221502728256
6329,37.217689739866024
43409,48.11608261396682
74108,51.32907348968619
50253,53.7869421076685
93108,65.90393688585577
31252,53.01417785505164
27748,47.92009571425108
99193,23.480960823815806
62730,51.42281458241665
5374,56.089482645022166
19330,54.26846499598171
81956,49.29583470914568
101636,60.328367017443
23234,68.91333939581213
2844,42.860303339701574
72110,57.054544205791764
29775,62.25103374282753
88344,60.8805414312513
98659,39.84465028585256
87684,53.568938261833964
80334,59.72360872807557
45495,62.85960034341957
46987,66.90656290260678
57807,59.09131714967997
35989,60.14484694084545
91376,48.93226475574561
35075,58.805844785115
32644,66.57225301923404
81891,69.27094622400503
75388,26.340236887270486
30991,44.18646727310845
75161,61.16202925614681
22421,60.51700448756861
2394,69.47706506046907
13238,47.31084237475495
63851,56.177907663161044
20737,46.91575013944106
24106,69.86518681164182
93442,37.52795613185338
102625,44.29983708800672
25869,46.05957654372839
87279,68.1533738227722
10969,30.954094991971964
83775,59.11573935692902
26916,59.39109973366652
58406,39.73405941677727
32208,41.5301718259778
22568,36.93274729204444
91866,60.88388369316137
35486,65.58822343212573
48881,48.02127523339213
12862,36.55720734710906
54632,34.86525112179593
90442,49.13731066811404
49801,57.28397954395217
81115,60.610698528369625
20442,64.91252328530122
91052,53.75468310672375
100533,56.40576309948956
61863,25.238616159528945
88882,58.779942737270495
4074,54.48138432503393
67171,67.57846310160774
71545,65.41203140539129
89775,54.57703049046553
86306,44.819812386595615
26540,61.195877011579796
59771,61.868036258814094
9972,69.36747438288516
39466,66.30140244361414
8573,58.200039095936525
80505,59.936328100016496
2476,46.34653540318332
32010,51.519103043985076
47820,57.59037594605099
69239,53.61028507837272
3174,60.234683945310664
62083,48.11854977965812
96983,58.55269366331685
18650,61.24408833977075
83957,59.7749192300634
24011,44.38942774765071
95833,49.09135517302753
35342,55.860782849107565
98042,33.13468086133592
63732,54.490380424577545
50260,68.63509119776606
3036,58.385167554705774
36283,21.666131952023036
23340,42.18499725182944
27836,48.96709236536413
87104,31.656786341152998
40483,54.816310965755086
16529,63.42194629559347
9182,65.39269117037995
22980,51.04691354015239
29735,51.610044493058716
65833,50.5579059447191
40777,47.28511019833597
36409,58.976565487221684
50747,61.738956213714204
56973,60.89409199350035
75204,62.76848565716603
52862,68.36702652774717
59446,66.01284739795017
5246,53.221533660220295
40089,61.14794593639448
14924,41.01144717120399
32629,59.87452288240223
96430,41.31386713774655
4354,42.22007439350777
53855,33.26961650758223
97801,40.704276524689654
38621,37.482339127094
36754,36.2453946474453
37450,58.280640247119116
50794,46.87363008104333
32376,72.08535714501781
52955,43.35148844370608
56559,78.13218520469187
4475,43.84452709861171
43917,65.63427243774682
59587,55.12596571046618
15964,57.09276129245807
99634,38.51610602530714
59880,53.547627486688356
21915,68.81181806219585
27215,53.30839491790449
41208,56.654519496407445
24790,54.45719918380562
22175,36.064259151353475
61263,57.41651464781989
24323,69.04450862764625
102077,48.34648611062243
75752,55.33136259897119
54660,42.282866895894934
99851,66.9538534187091
75220,60.674067396443576
11755,69.1589817198348
98678,41.07517325915586
7375,59.03661320447688
96817,30.754927742511367
62688,42.773638778321754
79022,52.161233084053926
29746,57.323396325936635
22710,58.53555083366246
51187,43.5038860252986
14012,41.30706179362596
8309,63.25712182836939
65951,36.2135910458801
48435,56.18610115396743
672,35.31128922050267
3092,59.817327143592756
21474,56.65959848960466
16203,53.69209650710129
5750,45.666940121528654
51299,64.36375303847392
88827,60.322980975568896
37100,64.52962281468952
54370,33.8553636034674
31788,37.655977457293
94317,60.1668449690746
91350,39.594259022128675
57476,32.70825115976292
67001,40.844989920486725
101107,68.42368340428216
36668,28.61040770105318
83255,67.17852279428458
2133,45.035789807643226
26374,65.56117216376097
56017,71.10057338556207
84720,41.16693700760539
85151,55.03826755742556
30833,57.97143302887389
51158,55.57183566672918
96723,59.79708162590318
72340,61.81348651720986
67698,55.64584825156694
16323,53.771989189784065
48139,52.40695915356468
3474,40.50182173238488
53550,57.74003024674987
37012,42.71734415922339
14760,63.86725698461124
58586,56.75522838412059
6332,65.22631774903171
55846,47.28045488105281
30254,54.369188508167035
24189,61.042094378752175
109,63.70079028268979
81220,63.288754008193884
57904,60.5411089251341
18348,42.54271198854477
13877,31.962002113802892
43915,58.47404475367661
45991,48.921817443549834
35680,57.762505249417785
37446,52.03467797947611
66484,47.30846889664556
57121,45.65844299185589
14291,46.82336098106261
91502,68.77893942728765
12766,64.55600375338678
99790,25.328144848910615
5178,55.63477433926383
70065,23.23177504258592
68680,47.9160537099072
80961,34.573662899406074
62258,29.92654374412284
83268,56.86859762985469
96316,59.08227172998551
72166,61.48503685836425
43492,59.24041627068903
43446,58.405242434250894
17808,69.55440645332988
68849,68.81181806219585
19187,39.345566265667806
13971,42.76574610587701
70136,45.2726595930433
13650,53.93193951732344
95658,62.36444596545987
8093,29.84049142495769
11790,41.28055448061281
31150,60.38465092341469
9162,34.50107780150192
46498,40.90367144035056
83664,58.52985477562441
6360,66.08879951572325
84657,32.735570929990644
75883,46.93396782351213
66091,50.47122776462193
60356,53.49561830299208
85631,58.03980056652374
95048,29.646038522878033
12755,56.565678593491185
78653,44.456138083046156
89190,40.94851036342056
15292,60.70472313231162
53787,58.970975478018026
10930,47.81097188495958
5673,52.15186214141861
71003,60.741665894680345
34799,54.336256737646956
76395,59.43126238839397
83693,56.07021706387396
72985,67.23260903967667
55030,31.49012856656046
50122,35.56313259123981
92729,69.69156566498708
75349,60.15076383448098
3775,65.62177353027634
46179,48.390142332753356
44929,59.985063947480846
63284,66.1328865637528
38235,45.80949933934639
56121,77.20995337873586
30787,64.5315118325956
3177,40.60967252516099
20520,77.06324414796566
29915,46.78868254733629
38340,53.123976318926964
27869,41.33665919695364
79268,40.72681586456767
69433,61.590799470166615
21340,43.517816368477014
12077,63.35575684588628
102187,42.50539479651768
77377,57.527244910459586
53702,52.55464970039946
15228,50.1377320643737
58554,69.04909950918119
52143,67.85924075854989
25164,26.731657145090686
7592,52.61324164329027
1616,23.729023154114913
60886,56.90243254441679
43508,25.585601428115602
72288,48.03141559301081
14361,56.52133431962905
5574,33.79203825559505
38204,60.99843364665582
59425,35.950808234185644
17806,59.16472199270331
44124,68.3728238152214
100694,53.59037085584019
39745,50.87512797767219
84279,68.79685314916497
68217,53.789915893089976
35221,59.926757733062296
70517,27.843329941961134
37947,56.56905135064696
44981,57.86088145414539
59772,70.04232275314776
18676,56.14758248734955
62923,31.69772545732016
97931,70.51283329148755
37032,62.39106328806487
86199,60.33408631626951
19979,44.226315311913915
39953,61.34726889656025
33673,56.85736192436113
88599,67.72926337688708
2498,49.69167865163077
90625,42.30133181040851
8810,53.99691979175736
31280,38.72306407248929
26911,64.87623072657644
34219,64.63651244000066
93170,69.2897552950769
92663,63.76336509700013
20202,48.352057250515244
83493,56.91028012818786
73706,62.52509091695916
69635,54.039283691560534
5859,56.070351401392934
56368,60.91961173764952
78607,57.93861898409243
43858,67.7186345102916
76239,57.09864584707455
63782,58.12603666777127
46897,45.53613762796136
26891,43.36004762286592
29741,47.66471556164265
37646,36.08130889129294
4988,55.88491352876291
9990,50.28295488465032
4863,31.714246606391796
89168,61.011290495240054
74039,37.59668041513376
75578,58.270339321135864
48853,42.96398443204767
94111,68.83955798232697
82380,69.08109270919374
56424,42.211257523896364
12613,41.66902653203361
62764,44.32984888356625
46345,42.36210323243569
35403,47.88981678833553
100606,56.25924395063504
101925,43.287101713102736
46186,50.1616994436581
36477,51.2572133696242
14904,73.74461409662351
32278,36.473544049980454
512,53.27667648090057
46149,41.483877940363456
47690,64.93310054202267
65329,41.49987957484204
90656,48.20180751350571
34612,47.434973616854386
9597,40.99720017442647
5965,38.78024908184111
23713,45.84914804980439
8,39.01004270689915
28702,44.51093597998073
38645,53.48034932195485
24033,72.09480801904243
90310,44.65783042594264
59710,49.083231815381616
71299,43.82276113010379
42763,42.3971085746123
83751,58.58682190279414
31082,46.585632989906564
80660,45.41991369892708
4305,67.29822750471448
522,46.96931059213834
83986,43.633884214050404
55386,63.896306716963046
83069,47.54535310634062
28686,68.3793303189346
59264,35.55657938381974
74253,46.98612836922153
1523,52.966292378570955
17253,49.09103135426735
100403,66.61364355740218
82541,38.14446103784987
30674,60.05147114318456
97573,75.96104894493125
18231,19.829340199889376
32587,56.385764476004525
27275,67.53857829035934
38047,59.69975599472728
45186,52.22797281666266
87709,24.20795890303152
5532,32.95688514027543
25875,69.64356662670268
35059,55.737998700399686
99272,45.81369829412117
82,39.125739232910725
40916,40.83977053395894
18263,63.33314850485358
1957,62.80550777792762
45129,69.00255826934998
58488,67.67302118960417
14284,45.8173573449175
72423,59.86324036110278
96584,75.34599173359628
14675,45.70402024564523
82642,59.25277964869916
44151,82.49800946471245
86853,48.519025806928546
57311,50.48647284521309
56421,63.98425905658849
5602,48.08237543564877
2867,63.49875313919655
37230,60.5345401638273
2077,62.01354627750886
76689,58.49812727709339
94200,52.75089832467977
50886,58.952161030775706
24994,48.624026357117316
44965,45.18230337443615
62428,58.80877974353972
48327,69.69821695417824
89088,16.68194644304625
100634,56.07852963180679
41855,63.6978180414286
55048,52.25655348322968
88323,67.29635176428266
69599,37.31821696930777
56908,70.05171613316251
20709,36.83731617158193
15487,26.787808302299947
34468,42.19486237647028
64342,53.325073367211225
20300,43.39105653380462
87852,60.096560194854774
72663,59.91939951783538
42683,43.38352573246051
81190,69.5170873587931
91437,51.58558310564476
97956,56.78909497118516
17829,69.3770577991446
34146,58.47942698652266
43751,58.73933152150913
7839,65.56681802258268
63,58.964262623151136
44911,34.458538101927694
85908,31.184827799643013
70695,61.76043407415378
78363,40.175649997521994
9886,45.68623413463515
92362,55.67658902577566
100785,61.803438973496185
86547,46.45896998185813
49661,54.06990752695023
98923,67.3785771082957
82500,44.938699145281774
8307,49.11391988769635
86059,64.38384431953833
43371,58.07180705137495
42127,58.991662373563344
55837,35.687382362881344
3024,58.59495209443985
6600,32.93938645081881
26572,64.33979717905567
85868,51.04922709420283
95943,44.5198640457536
19659,60.39093912833022
59087,28.999116986474768
63260,69.10291430517799
67933,67.68481520507328
4412,47.6237163100508
37882,52.64630639197917
89338,59.54701128476008
61354,61.42347009336615
20536,69.59028473392576
67376,57.56870537521408
25111,43.313400577456434
57080,63.91463445664966
60836,25.4911025322408
64449,60.67888880064746
79698,65.45323228561
49757,60.0855927456845
52123,65.72317615286767
88798,49.116647783096184
47216,57.00881319547594
19748,58.946235783792254
40978,56.18269059722327
101443,38.98112919943126
57137,70.39583169341718
73717,60.140536544378236
44564,18.596210019034096
71434,60.21742531037285
85316,63.24124271291485
42612,39.99815942828288
17197,61.70232157639489
14388,64.79760438614188
77977,67.09671168856529
28883,42.398025521971
55317,61.15254935177027
91894,46.6628036113186
49283,57.64500671700537
46021,66.96081687933301
90903,66.99907321260063
78624,64.5789448915784
10200,47.68202804330936
100948,50.72563499768697
22416,75.96925887701813
15543,56.25335469250777
68002,37.751309696723695
260,69.3483626682866
91298,70.36712403162964
4329,23.83212802279508
49505,60.33450820969742
50266,40.046162452186756
50176,50.519056601543696
72113,46.53050945225482
41135,60.68655565902587
67197,68.129351194133
98700,73.50908537995265
32720,58.82034146371496
53707,35.3955353399605
48143,68.503317243309
83789,42.85425407621179
20879,55.40726649090905
41629,60.84582654766817
55121,59.48878556902345
95431,62.879411310706274
51415,54.97769177953786
61216,52.077973088874195
76459,55.38846307146068
27086,40.013376568549695
41747,34.448612494187
40477,63.96969948478463
95275,55.72171709802644
86730,40.77538851765613
59828,50.04819041633664
69618,59.05323758252755
5728,59.16311245209308
73847,60.18414314260501
94800,54.61014733263038
9717,63.81504185603217
85536,39.492711646953566
23766,42.213577996536884
52061,45.10722268978982
35501,41.05859035450751
19722,32.55885412811311
86080,59.02836702409837
98903,65.93188358951228
98322,43.41750222398843
55148,40.427554836027376
99550,58.87381943715526
100093,59.911975427283934
96708,43.83553805810821
18776,66.27441518409935
48141,49.45673483102243
83744,56.3720719823238
96054,44.01367269525596
7687,69.04819925266267
96926,67.96655287299818
7718,53.18170159943935
8116,28.909670390752034
64417,63.42194629559347
54246,55.657221831436665
97855,37.677457318071845
79376,41.33328093336749
92698,52.99345267708052
48354,46.28637679663305
92487,60.02761957792714
52226,33.38614987227119
73835,43.64113488250876
39358,42.55587296640665
15784,53.23892642862963
59653,69.94694960123098
14686,41.998647475493506
53089,58.59295147015385
8653,61.23358008277172
19777,55.61394767214838
22316,62.325251461750824
69231,57.06170975411841
30746,66.15238340044381
48518,62.81029594243972
17119,57.29825909893361
32041,57.499264172513094
38640,54.23544122064294
44129,13.795964548810643
83983,38.988785932984975
80126,63.87010693347289
18697,62.74310868788875
59379,54.42888199401431
25209,45.63353231849053
80424,59.3296738740651
54702,69.5179223400927
1291,70.8995014744736
45653,57.52586937728887
66512,59.41759150999441
92932,65.18994506091187
31240,70.96265333864568
88312,35.71732384378769
100898,46.597412378565515
99993,71.71713349016837
71576,57.8753022026113
43731,59.53909390802008
26795,62.44939116665592
9837,37.72120707405276
666,43.399383164477946
66417,40.93197691879895
2911,47.504502462591546
13094,41.709750428616196
22446,63.31341166127328
2383,65.96068699105875
26914,47.566378927608085
74505,27.61057004200519
87685,56.98501771751938
10932,53.27314051718491
50666,71.02751915729837
80156,68.76056527366377
78118,67.7877741694571
649,45.446497538242475
54309,35.544027986116305
32536,56.79423526384232
87568,56.74394973399356
70921,55.22261686804795
29442,67.04475269948108
60573,62.28068862926115
89425,64.05674872309496
97238,51.894906707119134
8551,40.92562927505883
78144,55.84961974173415
1387,52.54825582025356
91175,64.90853136396149
39544,33.457854686149766
30963,27.130966402863546
58369,67.63712475019275
9782,51.1650509858961
45467,45.35787357190387
75542,43.744177800343024
8646,71.9712926552495
26809,67.53846176081596
89368,37.26903948677008
24561,56.16534063404973
113,45.13664801911045
95643,62.35626205686913
51649,59.3986000889082
87204,54.002659584011056
37406,49.040955003836835
86221,60.46606504512323
32672,67.50749668016132
1795,41.53582706668554
51692,42.98901164937225
23811,42.00791097804958
50454,47.38256460309358
81070,23.142865282556887
1807,31.957999576135325
55951,39.721501382496115
59011,58.04313880252735
36090,54.57606352769286
62005,43.93688236739233
26256,64.14043437292722
84962,60.88650492924314
31692,59.67681485180278
19298,69.92551291785969
8728,38.703004918210354
31804,52.19483589686808
61134,58.569590928839546
1602,60.892937364277124
95558,39.974287044670604
20067,57.50239145119521
84003,61.159110888886396
76142,70.24229754087888
4113,68.59179337522767
1901,36.62791201928155
79299,48.955792681490074
61439,60.22168133093383
87766,65.94408656211118
40472,43.210521645942045
46880,34.43582637564667
62021,77.79895634795001
62157,31.465890224973013
34874,57.765620214066175
12781,68.91767766666982
46125,52.983462493926325
35927,66.77681278177693
38790,38.13397848111641
29714,49.27496278773563
81370,67.53846176081596
16762,58.62377551257253
63351,52.19914855207707
19066,60.02883620038516
48895,63.1350588160646
6711,70.60210800267114
21528,68.08293580892068
29368,82.94656379964312
2792,68.98709084591276
29407,41.51270943098068
57160,47.88286979729117
80090,47.73492334251208
45474,64.28712779585368
2482,57.281771078659204
6342,43.73899045516045
93142,24.504286423334765
33743,48.39649664098229
75142,53.976141398277406
10579,57.542789596501805
66666,59.91119821370859
87307,61.67227087581594
32132,61.18123108272298
36333,54.01847850161552
64050,62.3499495495129
88670,69.29201356436472
22141,71.37084471884438
92643,58.35922277834021
71332,59.22550203545353
32444,48.86261227987444
61312,32.704066742982796
79853,46.897714023985806
75754,29.923304733390154
99501,52.32838025600038
92387,39.47213954547045
67347,35.920488515009254
64226,65.22327056383087
91556,74.8271831506519
97497,49.9755837221216
87705,66.57311049880255
70664,46.383789910150334
95195,41.4799674342152
2082,21.96671108284916
81320,51.275404959378456
25238,53.026455159499186
2242,45.29633653143028
12252,65.228599037021
47441,65.97651747158974
66025,39.53813018813049
64434,53.65010043432544
11988,53.741333610416504
15135,60.764087003689404
38250,60.90151992678323
79729,49.69534878431169
47718,65.10738063076008
55563,45.12747082275504
9560,32.548164805908876
100841,37.824328274325744
63201,46.945934697028854
101672,41.80657458420406
38535,41.78660116121467
55553,66.7782590907361
66593,43.80251324718742
2890,57.833230841016594
808,59.95974628803648
86341,70.8995014744736
30887,37.32198734428709
53924,35.10116417945933
33771,48.70001741418017
28294,68.93593272392069
43919,48.013324490288305
100958,52.61852070246368
32253,66.02281396790697
13540,60.34261662927098
62613,58.10353553078272
3637,59.09804797376647
96005,56.61432832380513
50123,35.61933630939621
59014,52.273956167246496
3299,59.76941292968183
47615,62.049151463308505
20991,60.832691562750284
30824,48.795420514167375
64699,69.06554280454047
31904,58.39557841144541
78964,54.474983736673614
102181,60.035202767274676
77909,60.93112888603062
8020,67.28874808026875
66281,52.45643702327232
6002,24.615422744322196
43290,40.78523350584824
77989,48.538868110973624
71350,40.24783388965447
37465,19.10379839141136
81364,40.42017073773116
73644,40.58904236152432
68387,52.4947881694933
35750,37.66897223421689
14659,66.40993378088753
87993,68.55742089310718
87062,59.044264761039585
21948,54.749466629042196
56084,56.03090861697872
1844,53.746405023967725
77467,77.25356083188996
65626,66.30140244361414
86101,41.06129674772315
22620,52.2149691814096
65945,65.21179883536996
16026,47.24147199861837
93548,58.009256848821785
51738,34.45684321749181
17153,64.71348221355254
68900,41.76314508115326
41304,42.313057344313385
74169,68.37784225429567
27825,61.15453730317979
15511,60.616468456150606
15339,42.33539230584401
11003,59.95937222016036
33240,55.83669488742459
17514,38.61606778947218
17539,51.06993362266016
94921,61.46964174072513
70759,50.40136713349007
28725,45.7907199793364
19928,63.781072816504064
42988,51.38996374889435
24153,31.432839045310928
55140,55.44429052601954
74830,65.27186987457895
12315,63.29579411036038
84707,70.12592050299969
47861,46.50549328492032
52071,63.37260748167139
89331,33.0870511594386
72971,70.39731463280091
28611,63.19212884117028
30755,58.74692365224558
24906,64.49155450418179
65640,69.47659385378927
30313,41.2191117255477
77269,89.66490278787656
97614,45.48872659360782
65099,59.06428038543001
99719,59.883671121898196
92193,59.96111023186155
68102,57.269008570019075
100831,43.61257177864198
64560,47.14004881625195
14009,61.31307653321256
29549,33.09632668080983
51386,44.86656016959952
100247,44.02880374402486
50615,47.38848887008986
59575,41.59839713254444
58152,51.05930425462072
42510,52.4424748497622
62498,46.653944109281525
13988,64.31469604690272
6624,59.89347139168587
6379,61.4030244785633
32827,65.88336574961303
8596,69.30442760644722
25655,43.78663852788057
53100,54.87535590925196
5697,59.31602709482422
1478,48.6246590479804
11636,40.77129115160538
46946,59.732351696733424
6715,48.508683186900235
77870,41.4925656981472
82030,41.21856052884625
92654,48.201437743212345
59578,55.0160630228467
38632,61.17949023750433
60722,59.87423284763943
24382,46.167301879541995
70363,55.251230574788686
31373,61.39331356642308
99275,36.687894493831976
86045,31.396144046670106
78670,47.4253902912644
3469,48.319698646690675
95499,66.03517654684896
57009,68.83423869663372
59803,38.73935673780156
6582,34.885774367476145
76889,65.2612142743303
79128,39.05629343680741
95604,53.326302046445946
67766,35.68705303182848
76635,58.895586707505835
96506,49.38322713026076
41445,51.45358275284626
20881,45.053389826868894
97369,45.29066586822013
101877,49.161687467507306
36309,69.237376788771
4661,47.936348404631744
96041,60.38381438823235
88904,44.363173465913135
9319,59.28237360209608
69991,52.91465306692649
46623,57.696136135957424
47428,42.33446598903519
61808,28.882179580371126
83475,69.68666312567115
31941,56.821885113039734
3621,41.65197607800952
12199,59.68366912824294
83453,50.95053860240617
64104,60.98069722127636
39606,48.45987826775608
25391,46.595871187099604
18215,37.57279087836958
2104,56.74620089135864
8823,54.65907858717852
1538,51.84966794549022
49306,63.25972205803669
87621,43.815920410885184
6482,36.84479264038541
46654,40.11466451414874
23249,63.050774111930004
30229,39.60156575569587
30384,49.60782751796605
11099,60.50185989409166
54750,90.07496772294151
69160,57.31753288944615
26471,40.89299839610398
76616,60.04073332694862
87759,50.942690713044705
84638,40.25051576090576
20546,26.38078988020657
38348,59.49258036111667
23924,68.91816483771521
43761,60.616359233438246
23419,61.57709834619359
49341,58.919381942672025
35135,58.839756797734
51411,28.307351084449678
90065,64.70792175061976
23975,36.61417202074725
80284,39.26906586043438
50659,65.43754474729711
50019,35.81901630039851
24221,67.99323175315826
83773,66.48512530882391
80495,46.16284145368573
90098,53.55080965247444
72965,59.72194185177319
74667,60.42896475168399
39361,42.6853992212557
23927,41.08691998750549
21229,59.07873962798038
57998,24.077713898262168
93220,64.39320850098184
71465,42.96758112890029
27246,52.49002461188609
27914,69.0179822679598
31348,65.82294554362285
12496,46.10571146786246
97728,42.57080162035059
85155,62.054666654440034
91708,44.59397097836588
10799,45.77112914659749
65105,40.10952283565752
16206,59.25851395982304
93596,63.56035559679383
96576,67.49758051531258
32498,63.75663778971195
65320,60.37518085617058
51602,56.056665614837385
83879,69.24721558554134
19027,62.8523287869043
50370,62.0669899839125
35435,50.53296673679375
54951,56.98420161726668
44384,29.688302910257857
49181,66.85783831310144
37527,60.195212385525345
7136,49.51857308424835
64919,58.732529897703934
100232,34.295752719464446
77331,42.566212953207376
30242,69.94637950342006
89289,40.77195177443959
58929,53.223248537966604
70118,69.64356662670268
97364,64.16673853662518
23467,60.55528856583357
77205,33.17779470496569
15481,59.03432831197969
33665,66.8939568860666
47299,53.07194349731825
22673,61.79487307154388
44094,59.646172573724854
15404,27.703025980296317
12025,33.69440522139391
90089,58.7555796066247
99981,66.60103011077327
81279,58.02785317084342
19783,61.262808890173964
14436,63.33524849930917
67850,59.1533563753814
33000,59.27432721138224
44982,54.47346644158659
69044,63.183072314951126
84000,33.25382880951327
99616,65.95371831850012
73243,83.86771385016716
35928,61.23193233085336
99911,67.94020060449006
66911,69.2364530370542
49386,25.91416029076026
32285,55.154816171604814
49953,64.6222949319918
68132,46.81253780960858
70116,65.6778402606127
88912,46.807677683925185
43404,58.191205924277
9572,69.69821695417824
17548,58.71219987608349
3662,26.111566800552964
90148,67.0153670187808
29262,31.57540948306174
21963,68.809068290107
48843,40.67554792012717
21011,37.60172967900069
72454,55.05119784522797
13810,59.264969387198086
12082,47.060619656976854
85011,58.5736073908904
722,51.69401518112616
22685,13.205662282796661
61732,35.11370646903009
21098,22.833146305364725
68604,45.742126057443194
8790,41.976398871897075
46927,39.800454945154435
8567,39.28045940868326
45528,39.10348638124537
84763,58.20753534477643
11411,76.05398060775896
40676,68.06622055235769
36686,53.90811734075305
63916,61.932769975681076
2251,41.790356532112575
60363,19.158302594749948
72090,43.02411615205019
101956,23.9770293240348
65521,67.51375194475816
36530,60.67161313592066
91959,28.39435492071772
36158,65.54403596354541
28419,58.39228758345887
16865,34.27153600584198
55556,21.42649754978805
38393,57.55121187252834
26269,42.34197164068694
40153,41.60021043868025
50464,61.79731454251702
34301,59.93554225617563
45966,56.143502054644415
12356,38.69935122617995
1657,68.47608463040123
18983,42.082328825871876
41934,29.310043539932796
65392,60.412131984157206
73092,56.05060085986092
7374,68.89883668593468
54022,48.063379810049916
52342,52.144178766814875
82921,64.14778376307724
20810,43.49674407474838
75277,59.21370509695535
12668,54.37397644919488
98533,39.244224388245286
48709,61.55986345496791
59237,47.08509628839367
76686,27.131409081529558
33956,62.396292951926554
24268,46.53065202517021
35521,60.17369107592321
31088,63.21046322420531
12590,54.26850196706623
66330,56.22367929516616
57818,49.62200883467807
10879,39.59093574652979
26845,68.71435868514534
28540,80.39339784998158
91174,45.3761987998069
9888,68.0084001805726
16597,67.15091970880515
69344,65.63068322640397
43851,48.263129326780536
1228,46.45742765037169
88002,77.02313821770329
17204,63.42194629559347
2358,41.554357346045734
80610,45.97331690719254
26326,52.150495681438215
47305,68.14278960519289
89649,53.39472943836566
44408,68.39420883419177
68134,54.34974950306771
49000,39.4297482976061
62414,67.12274389290091
65706,41.28508015973605
44793,66.15565874577597
87128,69.01854420518981
70456,67.52888283453039
50102,65.21665089981757
87548,61.29877649069238
27795,59.87543363988764
37746,30.62972165649351
27212,54.645547313742156
99711,59.79735757575686
69171,39.515775830348524
44403,67.91254843835206
34850,64.45874200624692
35096,44.06855194221403
82987,57.014637650219655
28494,69.76656765866754
89287,28.265270159504375
80521,40.91723186992136
24981,46.068595058287436
58477,60.21807524725685
12686,58.91114807427541
54154,67.41858986926346
17802,49.98044744408472
90793,48.758283663555204
99023,45.98526908237921
28754,51.41745866517334
9751,65.43085745091561
3113,36.37014148174318
2096,40.66374656801198
78412,44.54079019758745
48396,67.01819140736137
39449,42.089526748359674
15042,57.159138183638404
44276,69.9061293710864
75068,43.67697687713355
84855,62.60181923973194
81228,69.25269768883278
27812,60.711862347583285
37009,59.727430608671355
29869,57.041571117957545
11330,35.57533074508751
84502,23.993417328256243
46046,31.111652882306704
92934,69.41296513842273
22899,56.59426738085208
38815,67.61444536334234
8272,57.80691499917735
13047,31.723043152195086
12057,62.5987959963109
58248,38.441635741205666
60056,63.374319162325754
6361,35.16360368008487
9104,54.20323424534121
83848,39.284384581773836
36521,66.48872016678952
6031,42.03370892312241
64062,43.03327006353956
3349,33.16972166257575
55229,65.17299658679121
85550,67.87903281004299
34013,54.07866996140611
50172,63.94991664905561
49943,30.549766172986406
27470,38.55439769582532
41513,59.0350524893564
14060,55.19581211322624
47940,44.119399495509185
50811,64.20773290981138
56461,60.14638192714187
33238,38.78989949166346
47373,33.912240019732046
15229,48.761030142207986
73686,24.694277855204586
92894,46.785432654420326
27375,69.19335526338668
74229,69.47206088166443
65274,73.88247407087371
44588,58.6897394472365
65066,68.15029331442972
93577,60.71636220455117
88149,54.99599860187156
49331,26.079458529386056
71591,63.41809388828303
44947,58.47605958444374
67909,54.40881079888579
83161,48.380249464061265
23672,40.97217442156538
87177,40.67826446092544
48946,49.37378278261668
78896,42.77687949523096
50958,49.47578917267333
24128,69.2738897257938
62108,55.083208549240474
57227,39.999343650787836
19204,43.99249896095846
74002,33.41152225863328
45277,41.374718053183685
90087,56.330306220124456
82108,56.45589038491705
45523,69.57592301775001
27735,73.89570707864844
63378,47.987056941797185
27144,52.603118043462885
50674,56.880681227201364
97854,56.668051277419906
93991,56.34451135014345
30188,36.14044968598538
97689,69.29344276981126
61454,57.23765896560809
55539,61.35873605512986
102112,67.84776705173111
4199,60.55370688611972
95410,62.33643688995935
98706,42.52122363146168
33348,52.96955639082087
76446,54.715810656260494
15448,59.34964794570318
13207,68.86844952467094
53649,67.42948831236309
8217,35.86042279600525
29155,43.770522253586314
27504,58.181095539368286
72342,47.874318397435
64468,64.3360171837244
66106,61.728759055954036
30198,52.02730745533603
86935,67.43712230697476
7422,69.59789931892064
26838,58.164618312093786
12136,53.57073142877341
82033,42.85516879720417
78064,44.24411134880036
65122,40.83836787134553
44172,32.87824572872015
78040,34.8575243010898
25694,28.013573147489367
11981,43.20705286862804
55738,45.1967118059772
18695,40.61202516043372
64598,50.39609819660797
31669,54.83684375345646
3726,59.600392458702544
90097,43.85581342656574
99446,37.84245380675801
22546,52.79743250958368
88378,52.142477564696044
7041,51.047686483279406
12219,57.599237622459285
78463,36.205757192141206
24310,58.82115571571275
80883,64.43247930407183
28443,60.65294412765178
58970,37.59101332147682
49405,25.79397759365051
64980,35.46007278768987
45435,23.63153825395292
84310,58.113558210147886
27903,68.34417801713535
4407,58.85240309468633
64106,45.45181834362503
62169,58.739230727453815
2632,61.055842104523755
66763,41.67018160377675
46620,41.80981407921127
57536,47.544851389175484
22494,53.19302404084926
63936,56.793478938930555
7870,57.30891168496853
66344,59.08228015106913
91886,64.42587723313164
11552,43.32509610789751
20796,67.3611848779084
17095,45.5789117566843
62386,57.94657181509954
88334,43.936500422460924
33600,49.0078445420205
71941,32.801832069751015
2664,28.81948718660992
7423,52.06849128814236
48083,68.58621455109906
68040,27.193461443619462
77246,65.45837133848923
74160,36.499529322014524
92151,59.77249304904237
72863,51.80921173939996
9650,54.31181560806201
23529,58.95258254431684
35588,44.296204298998475
32560,40.34508653834194
100466,55.83798821002376
78954,57.55434699510889
6641,39.79360782444733
87835,52.33721767133369
38663,49.002313395082155
102192,63.05150569443855
36892,36.29774703330736
48824,43.91924712527164
50587,41.687285521071765
19807,29.59069528910329
84376,39.87645965993488
42073,66.03014501979196
55639,62.33219125352021
101596,36.672836523670455
57850,55.346425283998876
88933,53.98129442069334
20967,59.167778282052495
14199,70.48245545868004
98221,67.90501200434046
1681,54.40810378197258
90406,36.55784869779173
74121,76.99795951443758
81478,51.2859977369053
59339,47.840754250873054
81813,61.9032606591623
34960,67.09671168856529
48580,64.11068253045148
79499,66.53413262714145
87545,62.843145404798705
72690,67.07301707232459
92052,67.00700511665775
21616,64.28583374978821
39215,51.28961083833519
76667,60.35008253087721
23559,59.7161728354144
70572,52.494770134845425
46203,43.57485752777816
42394,68.00684610602447
41388,43.81943287951948
12357,62.07992120121241
101814,67.78535974282876
10591,61.692080254880295
79965,66.98355599705108
36513,33.215067886483524
64604,38.391572752740174
66812,23.260001951054907
90423,63.66222854511627
2902,47.90533439903152
3753,24.02336448127426
13711,56.808427618953985
10124,64.76883802130372
29637,50.12100263792131
45728,24.45529376756231
9756,29.500407196345073
96772,35.30199130690485
61873,45.46810732627891
48119,30.491522947281545
41116,59.2883724345252
26065,36.73328014794869
46966,66.65852690346435
38200,32.063391596492195
62292,81.68975957400421
24556,67.66071459345848
95703,59.23613215576515
24551,54.0868066718054
18945,35.01902683296078
38440,65.58822343212573
95842,67.64597916260749
47837,59.16915427598717
62011,33.21143445396266
4467,58.319003555068285
12288,69.5531803358138
29315,45.944811154348834
101653,57.36039698516545
4431,61.920672027078716
94478,53.14742211392607
78892,54.58000410848201
98791,61.16202925614681
14478,58.9149386432892
53459,53.19733040129286
24371,61.55420819955437
83774,44.12508714140505
17818,38.888983387101646
94435,57.06993087998958
69836,55.82912617087088
86369,60.67128232045404
7335,66.51695157953127
71371,54.49162888418709
10543,69.37088417146964
64463,50.236931061698606
30681,41.00206883843632
92408,55.207550053796986
79565,59.97870859942067
343,69.69156566498708
69922,29.29974874416847
26311,60.86112348565092
34352,66.77374546503842
73377,41.350398282386905
15505,57.0102752495945
84282,59.99224929748448
58167,44.16882062247883
88388,47.58430813902214
99003,62.20913775275922
60114,46.00449090172564
69310,59.223403967076976
23261,53.04668861715169
89585,67.2292557304279
9149,25.001378663415363
38229,23.799798462840563
41904,43.54867909545293
102383,69.3405352273282
37017,72.99238521649976
70806,45.353114367864606
82903,57.450213110060844
80051,57.87056988880693
5895,58.10604014181912
41091,48.806738801870964
58144,54.58957076267097
99095,59.40444306710534
19194,51.30509835569618
87524,61.137480393659324
13777,49.55331840240382
31415,43.36261539727461
72882,63.288754008193884
91088,68.01310142904377
75600,22.18853481743
54763,69.5345169098472
51047,60.35845978254796
102531,48.71740301834381
97687,62.61598242201668
7191,50.04947014073263
39880,55.96331156399766
58737,66.76718458090875
78311,32.579027653536656
31406,67.32845166950803
33684,41.393882209536535
90190,48.28738487296811
40951,27.547075399785818
47343,76.48415025964078
27167,48.25762419794732
34407,22.14708880358691
30865,61.249180958677286
28167,69.5531803358138
79644,58.5067931087981
16156,51.81884655413839
20317,17.247784495856596
13542,58.07480223413375
79308,50.99857544943451
41097,53.737840308792904
99297,34.787213957798095
94257,49.63652644437563
85097,60.73496878183906
37484,57.972470322887624
79404,37.56939532376911
43914,63.83241368027332
9720,36.41136067386722
72315,55.17245988259915
19143,44.973854993629395
7743,65.47676553278289
54918,97.99425925925927
95201,27.27082176386156
13491,49.97488242923826
12008,58.16160955802412
3244,69.53282038615129
10047,55.919312532762476
62846,22.060604166469766
45890,55.974314067415555
44213,59.82174447930417
60901,56.33398301966288
80236,31.267764551281235
33425,60.43456930076443
24339,63.53964655632627
31600,64.8276433950156
26915,49.16910132147871
91593,41.34613076279431
81542,34.32152716069423
20956,41.407583315573014
36730,76.05398060775896
9117,36.79497679311773
98141,55.74997155139373
98597,50.62452479663416
87004,28.421744465986375
41425,43.19047282637013
85946,42.55441161564557
42136,40.832724440356635
48937,51.1716218377731
23315,50.06121680019689
41919,27.410816676976683
20394,44.967152054026464
83597,67.43510580282052
81093,71.54460493360736
37824,59.85998866633655
19388,59.53903661946337
1776,56.44301090499473
42801,19.1028840014111
31021,42.88454221621288
34795,64.07673257617604
46451,57.87720977105626
12576,66.57311049880255
65423,53.65385201482238
29920,35.18883056364499
1351,58.73613167492334
60300,39.94552156828081
23734,61.75109833608176
19284,56.978107779103276
35076,62.59659423085106
59480,63.20138736025669
73964,46.673200369191164
19081,34.861113232366876
75665,63.24274061142407
38007,50.68357485539397
83275,54.4121813143198
93272,39.15485369560129
22318,57.76443327754032
68646,41.102851136385915
100575,46.51096448136909
80484,64.90167946443903
25436,54.14363609904525
91726,80.93445997020179
98359,37.70060500483875
44176,32.04348341454014
5096,52.53921261771409
96290,32.49207643802224
49397,40.52658886387175
87593,55.86293636749702
32669,64.99236534487726
86805,57.083948722545735
4691,62.010662548267675
26575,37.01782779915954
27077,55.23395274142392
70997,50.2439248927685
73526,52.322156814809595
15013,42.15743209449341
55727,50.81900570159929
62478,59.74894195729776
65517,41.26676311304261
81837,47.15018662310889
20734,52.73012434401699
374,63.373121582603964
42513,63.172305073115034
15630,42.9152476159739
99533,54.123320622886176
62198,69.59789931892064
61264,65.11298582055173
61177,65.58499996142122
72783,55.18612107537732
51601,50.95555428171798
67091,65.1291666404699
39988,69.71825271267511
32049,60.543150498451475
23135,54.42036595368944
4693,69.48800813528706
32328,23.56483412455906
1317,62.05331517828557
97953,64.06904726620134
54555,32.58350923594543
48897,56.32694142961476
37178,42.6752793079986
14184,63.52193290869244
16053,52.97114633677403
74654,31.339054052507546
48449,59.134656819511456
82024,69.93755111541137
12787,58.16745686124839
52073,56.45128927228387
46100,54.48745688795588
19944,54.93955676801579
7122,52.16742700917926
46171,70.8995014744736
14765,48.49696057175419
94686,44.2012799805408
58428,67.50249015862295
95270,58.25466494766617
46244,48.87347554329779
1780,61.07391741627476
3790,49.62118469744418
86655,57.80915514347606
84460,68.18561519705538
54729,40.483415480347524
72760,43.885781519173094
28062,51.89950834478723
49464,67.21731805047972
11770,38.41500930202063
4947,63.41095664304109
25052,69.26037937915709
81782,56.79818749431622
40038,54.61363255730118
17505,47.85763874366708
52553,55.69544238304322
53730,68.22867330532796
87414,33.13828266294406
15230,42.99359644582596
53096,51.60796206000496
6509,65.13730633104916
37973,57.958122590012536
25476,65.99430038796388
44238,24.087218797287665
39302,30.61132074417828
78522,59.80209889925845
58997,57.01042095545453
68723,60.95323520947113
40927,52.55397265289035
39406,60.40254327924386
56257,44.242987141338325
9146,52.07487718833739
43222,66.99907321260063
101134,40.33903084451305
45241,42.581166284128166
24518,71.13474806697768
79392,34.521320035016934
58249,66.25495475088712
70214,35.39206359126926
34143,65.12275653841148
26367,69.23672319837956
16420,41.304270693519186
29671,57.180187684858566
93374,28.14800911826528
66890,47.56321711060305
14658,65.28446941215843
22296,37.010778647269305
62349,58.32134456614901
52674,41.78856138706425
5575,56.991986751656476
83941,61.40668126957531
75685,41.26105144798471
11290,49.035581788942565
83575,54.7802662578992
70008,64.30824083666631
7480,58.52825498271
38532,62.893121794369605
36975,36.98926770130021
76563,46.03493778495563
73944,60.02113280582405
46415,48.61928921772138
46443,42.26383086998239
85885,68.40036101193776
3791,67.1417407427945
86195,49.509076090960555
8197,59.244474170660816
29676,68.1533738227722
68148,69.19553622983521
85879,61.55650186315891
79945,65.8706090846421
52254,58.9794611883293
7978,31.148259215936537
99767,49.184656840565395
31334,53.85394646724589
23177,32.227846405095505
18665,57.92957474311185
80048,61.641189702767655
101528,68.00684610602447
31290,33.33103743752961
42222,44.75276428551708
37602,52.94039221892373
51302,41.76771777640669
45264,58.37734169838664
40882,44.94111977167775
42402,34.485683919816466
308,34.98558619659628
10170,27.11177460120976
64214,45.708569826641195
39398,61.14794593639448
26839,60.685237990464486
92958,62.63482057930085
96089,70.22745249599922
64095,61.88257753543086
44860,54.12333477440263
2868,30.346514344036347
12853,64.54327960962061
67628,35.88562377288711
4795,68.27187286192643
59047,52.27758869527202
8304,31.16531938517678
97892,59.079825631642336
82251,57.924292751668474
8773,48.20530072290272
37860,69.67097358256709
59942,43.95183797940458
50195,66.03517654684896
82184,66.21968590651322
86336,41.689184715874255
81553,54.6871672062997
31276,55.5119419605681
20551,54.27938817578645
69607,67.2882571262615
70443,61.03138880581596
31417,28.95214909004047
46686,42.988057011719775
3046,68.9526979267137
92210,49.689218674069025
68386,58.99099863440513
47532,54.17118672585747
72397,35.694185789523765
94610,67.09138331872477
73334,77.79895634795001
15315,60.18600961761182
41895,69.64790328129466
20130,67.66027578462113
78897,59.847909908858476
58693,68.64010993338104
56112,57.412024791911946
10707,26.303890545094916
63799,68.690325069865
46781,50.89290158928105
62432,68.96799133955341
85494,34.308932563222946
93320,61.0291989400505
17380,81.56258110916033
81334,59.78853948385517
12769,63.780111270592954
71142,42.30373468254002
38398,36.004178428129606
91772,43.460930631958945
25030,51.395122453721534
16109,40.35028054493059
49897,50.57491962288913
55212,55.04342829927645
9714,48.45685173320007
88253,62.909389963999665
65546,27.369036407280806
27893,43.9456869437935
71557,63.26278164291944
1898,55.363663505927896
40144,65.9143787831425
84192,59.16925628273462
43479,55.98509478903182
15099,40.980423983160364
38482,61.79627916322049
55911,68.94609475219984
15270,48.51920089230347
15514,55.108794347212594
91184,40.06930270441223
1339,32.90207651774237
98006,57.76517627515718
34433,62.311912123029515
1647,54.82958504511153
54535,27.297592182167445
97086,69.93755111541137
56037,59.34952781384179
15920,71.9712926552495
53941,42.65580388168243
13400,41.506361084077945
80163,45.8910688345559
36473,55.01370484837652
23,56.785224777521506
102615,25.306028832219102
56539,67.5958584858758
37125,44.12480477680292
83502,55.50631179164452
62513,66.00120095460254
82023,38.052489059076876
71806,39.86604919172537
48488,54.730982272850724
101529,44.48942727861011
73785,26.277708762647936
101081,59.70644358475054
55455,31.95460875993682
37933,65.16094556343414
74048,60.2398033695645
50248,69.70044477960293
60876,54.879609472259745
9713,50.85843904995476
65398,45.90512697941878
84522,62.686764665813
88856,29.16678983182752
13814,42.599393750229225
70590,69.25257041601667
40248,58.01438260187762
68806,49.296959324765396
102560,46.62389495028651
30927,68.25049310406857
9670,68.05664377518067
77244,47.42833355327365
93147,56.175916274880976
88012,55.246663550642396
5541,54.733483838192186
54114,62.52860281828062
80055,48.56930475608848
84066,59.23087941311805
64893,63.18301201448856
84644,58.06561246331577
1164,65.21948247253339
36482,55.79620413329173
1579,26.99454577559678
23908,60.23658356754424
68977,64.47763559084837
69894,67.69687746248619
92691,45.27252387301066
56833,52.33320436774002
90690,78.01218177420071
88873,48.6475350035344
69708,47.0287188282586
73698,56.18942537247437
100237,40.73559851601117
25551,66.80497982878782
14641,64.45283905055993
64349,44.45096733224364
59436,59.75744231214974
64537,66.9863021960426
64015,64.13483850298395
39864,42.33658399462986
92472,57.15096789076651
201,65.36662827171622
21485,37.45130910989491
44883,81.69225957400423
37526,60.88141681332299
59209,55.74338765781414
66758,48.25727382762856
65836,52.06041028794109
51392,55.84221750922955
52508,50.21422329509823
40513,34.34250591669634
81722,69.19335526338668
45703,58.3543610417961
52400,55.22311812521808
52157,69.2364530370542
73347,26.771175339450455
37107,60.39944686265586
19649,69.0780522388155
48620,59.137000668047385
37742,60.535458638481266
42336,55.40334368518252
44121,60.8310337407746
44242,68.96740346639353
44877,40.93600036238077
65933,47.090798286122066
58159,61.603428982463555
30819,61.00434145073555
66254,37.58373655796603
40945,69.05769230773083
44259,51.719530371370986
6217,60.582136027332666
30496,46.059426202264575
80326,47.794287533495684
96205,47.86681257822076
14194,42.05722504960503
49927,51.43024378965604
49406,60.469054634163804
66139,69.47206088166443
21396,44.814631707572204
87348,51.32339097105056
54909,56.12924912992208
5050,51.86969105692302
29061,54.27115433957218
59910,69.10767984623571
69010,50.50692538209418
67201,29.81371810058118
10282,54.10597221734811
75465,59.08461024956844
43350,52.65455208996058
21230,53.56154829800254
57948,61.103745119354805
69610,28.25851686080937
37216,49.09482926623342
34580,44.38707010741934
91949,40.98864420477972
81407,39.36837573564086
52250,61.68760780517639
58887,48.67183348846466
39836,70.24229754087888
63017,60.598592700435866
79448,37.50414785393232
2685,39.30943244583673
29635,58.94575386664567
45799,59.5981366810027
84185,46.262147979108896
37246,42.11883351689041
50627,40.26647785837626
42651,67.94073025386169
2297,64.5738336467673
5919,61.28606876462386
50699,71.33682146658843
83406,66.01284739795017
23013,41.95805416796614
68456,56.37635565896062
67142,56.98540707504561
46384,23.902229639145766
41558,59.28738931845132
67962,57.82538933556864
42437,60.764087003689404
59599,36.02306711854479
5180,61.20774241963181
79598,68.55023128075841
75843,68.89437568525534
10513,30.722003098321366
45951,53.30763115782342
101014,40.99017015987337
20620,77.32311845709964
18221,61.36553841079848
83596,55.80773488646046
41103,46.17048062298452
53468,56.211977334995396
19467,54.49487253438844
86057,44.343284410881616
61970,58.31976069660106
11496,67.01639205471754
1120,32.29400523366526
47243,44.31675461314148
46653,31.00119186508765
77895,56.27269190762223
77443,62.935221874915605
17162,72.97661998085579
31187,38.0914114779998
68535,64.484312959714
48395,24.79206639383122
33920,53.51533057096598
32168,50.70689318352305
69963,50.50616227167424
50298,39.08696367276152
63533,56.299501693512276
10211,30.68536002977329
10208,56.01751231008559
64077,53.30661124329092
16712,61.541767767508574
55906,69.0589288426862
43814,27.279978216024926
47287,28.364515213967984
34977,61.98025710430453
8099,34.25503793235698
19908,65.13242140006103
1516,38.53150945991757
16717,64.3109631669615
95550,44.978461429160404
71590,59.98683194228495
5507,57.66328588028952
37842,52.32404812345587
88306,61.7198965416431
70032,27.47519333026994
55545,42.83558680439883
68595,63.025563634755166
100559,31.881270780077724
80510,56.46284129134175
86851,69.80558337435497
50389,41.5838699644877
79907,63.37496938069697
43299,51.123728023835966
12867,28.635949086138375
77306,65.4407460724379
84472,55.12569839355426
100469,43.151115589670695
19303,59.8814419289558
34214,58.56815052101851
7943,63.54456395465676
94439,69.13670626996385
68874,40.48060390770356
39081,60.118389284820914
84227,40.53550623761003
39502,54.47224503698235
81772,51.061264199900286
83791,56.92521265678264
46337,17.20616899915258
71427,59.18454556217979
46097,67.54632934639602
42089,40.34924301044319
53508,58.77707545468449
69683,37.2025798560127
52602,31.813996622503282
15734,44.6363785455791
41378,42.69637264185037
98702,55.11601094438597
26618,60.084756782266055
60716,67.00278052730226
92730,32.30360549881265
55624,31.329109352488867
62576,35.03787829396917
86640,69.28870821748451
60750,51.47560267227118
80449,62.616816986765365
7260,63.557937298838226
8937,58.006575761407795
6258,40.79391609967463
59849,43.0302633235182
34470,47.82006586597112
23516,39.061271737683846
90348,59.42230041130725
8398,56.01707802743908
77853,41.538304247598134
52185,60.71374048676048
28283,41.95414968395137
22649,61.14794593639448
645,50.27733562540231
23182,40.57476063488056
79170,64.7561182815138
61752,60.09004560719605
59263,68.98866500961113
88785,54.62068874593059
57616,38.305382604967605
78938,67.21188199204879
53520,54.44110124102981
62741,42.80283464492635
54327,43.92159703468603
95426,48.49915176759126
99509,40.9507852435007
34677,61.919956812891975
9647,54.32052197183095
54464,60.44983894339287
59457,69.78366915924039
31980,44.106294137038546
62982,58.59833820611639
81879,42.98225816955476
73764,57.974776810008755
66650,41.1982809555334
1824,34.4127695310963
26555,43.66993096177059
76126,46.068556492139834
27030,69.18037641023861
31883,22.45166047880831
21692,61.3489890997813
40371,68.94833357218906
72432,66.9495336228571
24470,55.105807692267426
31572,57.66482494509128
58346,46.978170789873936
36014,30.810533233592267
76440,36.52819786855334
34055,69.40847911989619
5999,62.96817474406119
71156,53.64624848423665
13494,46.30805109356115
33278,61.36918981499802
81187,56.7649538856185
15268,29.136729499697157
89609,56.587631641532006
67873,54.11176736956555
89743,60.6519751129431
73359,42.29129515324043
66858,69.9061293710864
29346,52.4220240584149
88063,21.42584213256238
61086,73.1130396847027
92390,51.82651393529854
99992,64.97972709788455
75320,40.782803645421126
47016,45.23001011677489
28076,48.13685213811587
12139,59.137127730114145
64096,42.93313527146114
57662,32.77402368049652
87991,48.72958941552673
96834,64.28666561550513
11258,69.40847911989619
32225,56.67742804216091
39832,42.799336368643374
47840,63.40145842257061
36007,42.03086930067331
79090,68.88757116114257
53347,24.29668723759032
28713,56.65328205024055
10057,56.79516076654259
41668,60.29172241607125
96134,45.18532040574763
36859,69.22560446872106
9865,65.68753415694071
93912,60.067325060197675
24584,50.5549112789794
51971,41.36688988901584
35025,62.16920938291366
81100,27.298501431789873
6468,49.51589764763659
66570,57.36848977016542
54026,67.08420556992291
46635,56.22832895124039
4111,69.23818755704043
79148,55.44388329915332
52478,54.30840643305916
21855,64.42319822516956
76680,39.53386759923686
43176,49.432425205843664
47014,64.13326806975307
5324,38.47702478403081
35492,59.8074394948442
30325,59.47237740235886
29742,36.6448017028822
11658,64.4322993459881
68375,45.01185776285402
28840,50.440925764199655
53838,41.309980661372656
35821,63.198766552204944
22957,37.08718951541885
14951,57.28153889250675
78530,56.00959097836036
87356,56.242239533812516
33871,60.00033802054087
19743,65.11881919307136
99061,25.230245656077376
68822,40.4079324050257
56354,55.58947920411102
100638,70.44612539056641
16682,41.40166500005759
5332,43.578199003102824
98392,52.6843271517524
76611,61.15503889124106
99498,58.08567094873751
87761,61.73497205553366
87417,67.96655287299818
59009,42.575105167453714
70452,63.73130718957943
16792,48.400217568532874
51118,60.90620054244362
78448,52.164417759352816
15369,56.80486050632821
18025,42.61009642219772
81501,38.759322978638814
94116,57.5332980226558
2512,54.643529078565024
63026,68.92044534437835
48506,34.33272063186994
1191,32.68020134598161
32507,61.41863091910319
89185,33.06332873231345
37280,64.4244350689959
66892,59.30275371819866
31070,55.357380170747895
51049,53.30537727451986
8349,78.36183558567032
40576,68.62692843791551
74307,38.163249039639766
14980,64.22033512896793
40465,53.80678846548005
40329,29.680106039618746
24451,58.546136743552985
11562,74.0456225696521
70710,21.316174986420897
39193,42.41017286125459
38694,48.56446467426368
65808,62.26415380339331
1559,77.07407656666186
99186,43.55355946548693
42080,58.09151972314164
99094,69.0829725617881
75747,63.07667702726254
77520,44.93205943164646
71671,66.68485851245471
65467,57.59668482245178
50194,50.48018379511765
98568,36.056231602627015
75859,63.57155675444888
82640,61.69653657259222
36038,60.2030037075844
94011,59.68690646736715
7540,45.774502716693796
95880,60.5577190039202
14065,56.76010588159088
23793,64.353736029181
48000,50.624291542492244
84392,60.31785314264314
30916,52.079246127321184
13161,57.22087943755641
23584,65.41077339858064
7834,67.78535974282876
28527,42.841413526411735
62855,81.69736595698294
97562,47.10095191455143
20522,50.792296118312066
43040,61.934665113428245
57042,40.35907000600505
45879,76.49768896279373
38839,65.53791141877157
64961,58.9733491927693
48659,41.01226533981149
11525,44.81119979323716
64007,71.37084471884438
6996,59.54913889156987
79806,45.132825870037074
8644,60.96600670985272
66404,36.94233923742848
70817,42.70655297279254
96515,50.3185295722066
22940,43.578069421627895
30068,67.7295041195174
43336,24.551106178864703
57687,39.86409618067472
85799,63.33214401248531
49749,59.5137349955709
38254,55.6088504496321
14916,37.05526272349815
57710,57.648650205519964
71008,58.67535317579742
71309,48.76989782012149
40401,69.33299927966864
42363,59.32213338762377
56514,47.559151655711254
46398,42.21381462881849
49809,51.99054179665249
5201,63.49630497481383
55435,57.54880134229333
19462,60.62732012817938
52794,56.18108144501395
11461,54.41809372129508
89696,31.293438122486762
79222,21.4946792077125
38499,50.354748030678756
33640,36.29815748964922
73072,65.79019210886125
20017,57.04145395219159
95340,67.03078910256089
84339,57.729594369253064
64922,59.870612218362886
67445,26.698978104716
91926,67.50938404304476
3105,34.53366714478862
51739,44.71491296649891
86445,42.96834471928845
96621,59.96822519276081
24356,57.96471827269804
36749,67.5065198666562
85873,67.72004813632063
73621,45.59847182243578
98030,36.00519516888271
62650,36.95905848182515
27197,66.91934683709671
46522,28.659091954148813
53021,29.942487349124068
74404,68.29274895088467
50493,37.70844652700816
97084,68.48626386145331
71059,56.019997931762255
31583,58.00972083446305
53014,58.62416095888824
4894,51.70343000403015
5618,43.62780615167062
70964,58.70510308455748
37690,47.77151476225984
43103,20.502374922820124
66702,36.87179751739174
92038,63.06663925590183
5940,68.66595105218495
44895,22.234574698611286
25006,63.06944321629935
75403,58.16635084227158
44016,41.06653760446606
13159,59.20540729312301
34085,45.31412106978463
37416,68.7490846815184
38820,69.00255826934998
42045,72.86884317769676
36790,71.35171397163874
43178,48.847873929755714
26696,61.31920267984582
7388,67.5958584858758
28602,40.33634258804967
43190,47.939778872043824
67948,36.58880072256691
39282,39.25269415977484
87794,53.92563283372186
102602,53.135104926617515
93530,62.4302185011217
3700,69.5992187041941
24727,61.116655553830995
97837,59.29377122395039
17872,41.88758705964724
52719,60.79421019409213
83352,31.576213896078638
94309,38.50364839221578
89561,40.36545194138744
32147,31.978750803334297
90219,57.399568910916514
96934,43.785576320359915
60822,57.3437910486721
98639,44.73242665617945
75195,27.824640432226666
9850,35.53429864377676
19497,41.8930530094597
86788,69.39536723055502
45418,43.805664063826235
47990,49.203555968428084
1690,56.605802071346126
78223,60.04246020859092
56466,43.60619754931407
48286,57.03030037519783
62155,51.86303333332321
12720,61.36398701340369
53182,34.56378471010953
24679,53.858613704901344
80221,41.68772640827121
93695,62.96712249945663
90970,39.75714225166571
90892,67.71061443117036
83598,35.36417638272981
55303,28.86627821424278
37625,51.14669958527403
92723,53.06114144003116
7802,59.47067033961723
62210,62.167511700972824
24829,57.16143507665641
47486,67.41673834865563
74176,62.371427030923776
78421,38.17701428821389
63899,64.3109631669615
29481,62.202603399312295
70429,51.20397927379993
89658,66.08511062369116
87793,39.59160033618642
98201,48.62547183762345
69208,57.10719190345745
10991,30.66849543433355
83900,62.79231013235872
74004,49.8073947253052
45292,52.41947253758904
76766,57.05913337715597
33172,59.11167388491979
68198,45.8262411978983
15735,49.37632201950169
23217,61.85595149398355
21259,39.90513008974746
7589,61.1845036587299
65212,47.878231512057226
19311,63.9950537596328
12588,52.09150999542781
58182,52.720046403861915
55779,40.452345789567
29683,59.17145693077179
75493,38.53841674293987
71252,60.22168133093383
4490,58.72569103246624
85435,68.91026673982827
29312,70.24229754087888
99532,65.97757972087514
69984,65.96218371366379
67755,57.61943774096953
61505,30.672644497785488
69185,66.18419033357337
9140,59.75328111740414
62667,60.349684237945695
3764,37.195071535431836
45508,64.18369619161346
68764,46.62198296173353
99012,52.005583421718256
20239,64.46411307182346
90772,31.41979333849164
86500,63.9950537596328
50861,31.755654641983238
39613,65.6778402606127
19183,60.05629412105964
3770,61.69461957885453
83032,52.8803895539179
64197,33.53681476114905
29987,64.19056166488551
88929,35.36939165781726
44831,48.169021708734334
99655,66.61005928031895
16052,58.55966142258947
67963,53.53984517795367
20439,30.16965713441289
53135,43.184886397352805
76468,50.75401833872092
12944,59.13262944320354
31291,18.99244229717845
77788,67.60859057818037
13828,33.10436902386883
58058,57.13273268554686
61154,47.702577777451864
85528,59.55419048696903
57997,64.82432460799015
73845,52.721363297856726
48257,59.08807276848259
30339,41.49200678871648
92352,58.829193961687125
90001,54.72163036428943
14836,69.39509754930315
22823,58.170083560050216
49339,58.50256417697674
76019,56.099905955560125
71894,42.27222854742204
11181,22.94421999066351
84533,60.031583455647734
48458,61.53167111345282
67886,51.70688778564171
800,76.78041469394022
15380,30.433832436435846
43307,54.10678927428423
91795,46.296212207701025
56516,69.8648340861039
39839,60.28771926050703
71044,42.560306613244826
58587,61.31180787780207
62206,56.36718736788179
45433,69.01229872925717
97639,61.630564285349365
99259,58.578629423383546
40769,65.8589956134744
83613,27.620757316976253
46476,69.307195949795
41521,29.908211439502747
16277,37.14639427557969
58450,55.281971457360086
34911,44.315405691326575
79350,40.74170065959054
15568,57.31395606641476
85127,51.340353906364335
19754,47.231454181456954
92099,27.861478287298038
75599,70.22745249599922
27120,65.72748912819088
3914,41.812990342359946
100616,44.07101939855739
7934,51.225795786912705
24244,28.285231860293887
16393,50.88261119922572
44633,49.453605342312876
87313,60.2408062550418
63014,49.37540310216758
74888,64.51571127642772
60487,29.97609401030185
80266,35.10714643599922
29201,68.44216679120719
56115,42.46359004250536
26515,17.59127290781286
80322,43.30600951468886
49906,48.4763376338669
75521,69.0684651283297
66225,40.53458918640171
77150,44.714223410660836
24389,62.73577730619942
63240,67.13510492530413
63386,50.770943588891534
75064,57.00422322155259
96685,50.99684330430439
45795,69.01229872925717
207,38.39461618552723
89006,49.27785945503475
56960,51.758380838982205
57852,38.72852889385856
4279,29.42882198745376
48961,47.76320160394436
55965,49.63382136280368
57790,45.870177989000084
53003,62.688867646216785
55918,55.40609310442038
82307,38.237333476390084
96814,67.09804724753951
50773,34.39540483629316
38656,47.909346217390606
90808,53.96118095890796
85240,59.67966694378881
50730,60.0190395804306
94019,36.87866967231138
41226,59.79268245709483
52088,64.38219742137314
70408,45.595490566526706
76682,62.37596251574566
13473,59.34239535880651
23305,64.38384431953833
80301,66.69162667616276
31418,60.203824707178825
23710,41.99465228964859
5495,69.59789931892064
71334,66.20571622285176
97857,55.158491008151294
92728,31.887820599980472
78836,48.132341275107635
73872,46.434664445967634
100263,68.34331138914422
64783,39.32536442717361
80325,67.75526838873817
88871,57.88718223283926
38214,47.45140220858324
18678,53.58009727433304
57703,40.0564263773768
73212,61.318321472333565
19771,52.90341166705022
18015,57.62398415853424
32329,35.31365808243929
20380,64.11229866088213
57118,44.67030414594388
86623,38.97214300549423
31984,48.57424692737079
56657,35.40745263930332
84453,51.590135616074576
29265,66.86766014252254
54116,64.42891734042969
85007,29.100720914390177
12183,45.12598007361459
92541,53.85139787018912
94916,36.41679239231618
61385,70.07117164300762
71883,55.93243829484378
80565,33.642290933820234
10923,44.58612139557096
43772,42.75210736934884
35049,53.59940272679777
27135,63.959528137553974
58558,44.920975518416974
4685,43.51792752555642
1149,48.93420010720232
21979,50.655587703562844
6662,39.65953583734535
6728,46.62085605847764
12935,68.56461969100023
95633,53.39715543321069
27413,35.99384288721093
98432,60.40057869213392
32793,67.5204115974907
31172,41.760145597565185
30866,64.50566776598042
60465,60.75152750689923
14789,62.44124291458439
96283,54.11706271416766
49912,66.71190854462564
52292,45.02210182875872
94827,61.1845036587299
86799,64.57984087835415
91777,60.64852225533095
35607,37.58860001993994
32616,60.38362973209987
92840,67.20029564604496
84309,59.785752663336886
26762,56.49284719671127
58993,25.02638665001923
33294,50.03931725072796
52060,54.602965770782475
80206,57.71620465313628
61798,61.51904816039625
63829,64.89731850357424
92589,34.6068516705481
35380,40.93347370761432
61884,43.083306794682784
44330,63.55206629252793
18083,45.608062880286816
30033,58.8988543397575
88949,41.652007401386385
79290,55.75234112406854
82760,53.53639113914216
52879,43.86162253046763
19212,52.738228671218614
97236,46.14524373784553
96213,64.45608133842364
99618,61.369504313294414
44034,62.312237368864544
61583,67.04863694604016
80426,32.63729466623418
10903,56.45758419358249
3596,64.33923358701121
35704,62.50860334495645
15847,55.105807692267426
97790,51.8293150780626
18366,60.41115405232883
85566,58.52613479920522
65562,45.80903902614049
65358,53.79469213137841
14164,55.007062433205235
51009,65.85119554426592
12725,59.63611651924088
55184,58.25852608811169
20565,60.45591348009056
25654,32.706007024295566
15541,14.02453702300441
11821,46.984037342434895
14589,55.28017765619529
11853,68.5162860654869
98800,64.56849269628414
33694,28.10283989670977
16055,59.9547482944459
6015,75.0236573179517
51153,61.24491357614122
51134,60.37514405943858
22795,52.64945934155918
74062,54.871718939653555
4540,37.10148493413898
24196,33.56617665825535
47972,68.10336207590352
84058,62.88518367161572
28459,66.32747046884145
94874,33.737552830746715
6806,66.30315791104904
51375,69.01155977461092
8842,64.1330301164954
82315,49.61316484481301
665,59.913561963500854
3738,60.737334610820426
16363,69.02488827179177
73235,64.1840009571012
74354,34.89520678233832
56485,59.260034221746864
77139,61.12466624267247
34017,43.63437429135686
93613,67.90128759282283
101632,69.38483856234366
20650,35.66242768805036
74556,38.02599424942917
26330,64.13640523705638
28512,30.623793630634587
76047,43.33591190254635
33783,30.627363223568988
82839,68.59088826298648
59945,71.26604044642846
48894,68.7790653305255
93562,43.91061858346535
41923,58.950322032809524
21192,58.88143385573649
49149,24.74474037628607
71936,12.985582086205651
31654,67.40586878329985
42932,45.01728974291352
30210,61.03887506295125
45339,54.76154897787802
4469,53.98996643256871
50089,51.38350476553974
60697,57.8455268781207
95982,61.39128936359242
51109,48.0104302277187
22373,61.20674652631078
43411,56.28514309530581
94734,62.386322694380624
75732,59.7488616139965
76031,59.98126473690081
13433,70.12208759598322
86418,55.00006903206141
83356,43.30384504722015
35365,36.99058140847161
75529,60.68709372201003
26251,37.86799854927747
94828,38.03159004890515
11082,50.41853510274843
42288,55.83846207531257
79379,69.42218012121565
78019,62.531540385944
50086,45.683664979942606
3927,47.16729577457944
53848,23.23613259208094
48933,37.020431893377165
30639,36.209634927578584
69157,69.34347661492853
80577,39.45231031526614
66596,58.431635642943775
59952,44.802918147253564
97284,43.94404959044785
9447,26.25966991886345
74269,44.669529127859995
69987,45.19273347301185
59646,56.51065341686191
80226,46.74336722147613
56294,59.76348214254907
9495,65.22622986384164
85074,37.31265425865322
10469,58.73613167492334
21861,69.24747971788722
49889,41.544119368405376
92247,26.947329779787243
99985,44.92472495432884
101451,69.15589679606548
67860,58.2300425229737
25169,58.48757178579786
36779,46.37266983106011
1237,57.94954968705965
46164,45.02361355968112
24028,52.02230639118521
84653,53.25648912213537
61227,44.47089008675253
80602,62.96865606497091
72666,58.11972643802775
25850,51.78011911648661
95460,48.74387790450739
85773,69.09757650522045
17533,57.09034710541391
12484,59.441996652373135
97572,45.30354518577908
4830,58.212959567955686
24867,60.0226190491413
71772,48.35920060300663
44572,49.30803649183571
37613,63.25231998453992
16170,57.90574760794425
87211,44.48903475627509
51597,28.941599292163414
44758,69.47468293665122
102481,57.30166183224514
87922,49.893674060890426
24169,51.65928620750515
15040,68.47754555788987
96959,59.517057340510995
81662,65.74981827708967
68898,38.18877846194839
39095,58.61255494386089
82081,58.55806196808112
28116,40.65675831091324
98536,53.29632232449304
33287,60.81856466506676
52515,40.09240029117155
71398,38.86983271066054
6514,43.22273178923049
46667,62.76005562459014
21437,53.647311412505786
88617,40.130744587573574
8404,49.25826366101702
80770,44.11613344337781
48508,37.880101651220805
20249,60.83715128598655
92797,47.60814361640196
64330,55.75796466024403
46580,28.845910271538102
15666,55.2118890921854
39114,36.61005946011217
8377,31.654348251141744
70760,60.08498989953715
97283,35.7838247748725
50407,53.285106935359096
18132,36.58785599083833
20081,44.28677674725156
12885,28.01331075541347
73346,38.772500175801916
33863,40.85018214718912
75987,67.19126651867634
42511,72.13244265156936
32421,50.14693361989889
81011,66.96086133249644
93456,57.42357113890294
59716,60.230019500245625
43128,40.412425467352826
51145,57.29741750508326
16030,38.441622849140906
84830,48.06948482946499
98658,63.7590936211242
76410,35.669741136475935
28671,70.07117164300762
52318,17.657356529787588
49195,49.41751561154986
68521,70.2114685977747
65028,69.50326559568992
21691,57.68477551282554
42191,28.044170588226326
32366,66.40639275688761
22634,40.77964234295607
77509,32.03581515556356
89983,60.55435334158259
38748,61.79059148487291
1753,59.15768150527347
86389,43.98267428246131
70729,49.80649374421766
86790,51.77638136703564
49385,67.41067924129123
33386,43.80463344749139
9209,35.17335182856339
73090,48.840273606229985
59909,68.30638026315972
28350,60.796208178209255
27182,27.616968592091116
23546,56.480777689010246
34606,42.43818175712983
16463,43.529918743252054
63979,53.95704581452037
58411,69.41096496373271
10561,52.33721767133369
21489,60.04402136700098
1793,62.91773437345533
102587,69.94194230864359
93499,65.31441848708567
60738,56.04130243166775
42299,49.563593563183794
29764,56.26656494181443
79602,65.99471609354687
100353,60.70472313231162
25304,65.9816168522063
72999,50.4160318804877
33538,60.828909191628014
20920,51.759989602688826
31693,54.2042223946463
80002,67.18523675206733
70156,48.46463572568463
17835,48.060634004915684
99779,49.231132075153354
51755,39.06517471737645
5904,68.19258449375342
12987,69.90466418908143
31772,45.00849356366276
72563,33.404958152168646
73204,28.569907834086454
9532,66.84912469246005
37213,45.89000643542964
79040,33.73128632028644
90081,64.69845144272477
49617,35.27331078496185
57170,36.41263533028512
14734,69.33299927966864
53470,67.77598639259958
30808,48.78544078792502
13520,34.46192159734336
9773,29.04259946237268
18951,57.13064199734713
42427,41.96377560469119
64538,57.75175022551976
86985,29.41348795366403
56849,40.58645683504918
56241,58.40465090066684
58116,46.040821259580035
2643,69.69821695417824
97417,68.01456158641277
31221,39.55771188997626
34546,41.87397989084454
92216,46.3408078921001
91847,46.441780420809856
44028,57.983401624160585
55449,68.1381964873829
89400,46.76280121208243
62742,32.75525273891688
12979,60.61449013785503
91869,37.59593612749378
40779,43.341348055827446
87878,51.85458794025212
66711,62.34051732861901
18082,43.690509359522956
84846,41.66765335129244
54054,59.262212418788884
40291,50.36226299145915
13206,35.390186851996305
25631,62.38388269278493
66251,58.5938668999022
4565,56.351982688371024
17675,32.51417272320143
7016,62.30389158148292
4230,68.58044200220218
60109,57.64196218795027
61965,64.24335779431026
49938,68.621406000078
28237,54.33334602353647
65512,45.608249690615665
42478,42.428633954419226
72730,68.83490583994408
55678,69.37044712023277
64866,59.80766898764259
24865,21.021113809955104
65884,51.92917501298193
68079,56.94074711571245
2379,47.448092553805246
82832,56.95678575494375
27888,57.57192048322099
91853,54.798033104401156
28975,63.225937790266634
14859,58.79509512353341
20778,68.08293580892068
68559,68.91026673982827
34988,62.31480111907151
69681,54.10276910345137
76544,35.58181535056045
26044,58.00379200855527
33991,54.355013190306515
70624,27.445735729947057
15580,57.47208575132708
69997,68.4678145145138
42717,29.981960781014106
94929,65.03024614374596
53481,56.30529158777708
91828,36.60432556207192
9357,57.749871517982584
78524,53.19542469892207
99189,35.40004592849071
84320,64.91821533688928
18111,61.66088782067959
43674,28.97604916127655
37622,31.851047547170175
27065,59.40444818333613
93845,41.31141154548316
4048,67.65116568358461
82801,56.530175295637136
30590,41.08193928870111
44887,64.78373141836677
71931,65.06518863794754
85511,60.45541023827032
71120,49.75479108384843
80187,49.054900525067545
28072,26.093647077985043
57893,58.03529970807077
27327,47.15024203109428
45672,62.641823266642334
25757,21.604428046798922
43990,64.59067264088145
31907,49.13012744832938
7524,61.00505545254929
65946,45.05534110380012
10337,31.202966696250428
68029,59.631470973561726
89781,66.0162194004032
44909,60.76696371236669
49930,69.10767984623571
25268,60.35847007240741
65964,40.950389556657434
66862,44.12929568294848
59602,47.98028047531009
3180,41.30706003244333
97863,31.685309886482788
52785,67.62032269128203
52648,38.713421586216235
53429,53.29237327214837
66041,59.15856353902372
87496,36.54600848039505
90596,63.07667702726254
48667,62.605783153194814
83985,59.588833613297496
61768,17.793725185029977
59200,52.32349982323325
28783,68.5517322509791
47183,58.96782984466247
23449,55.96793824573043
76957,53.94137632945862
61016,62.09318836059548
11661,46.45483625527502
88552,55.51612628082226
80106,64.8201992074852
32305,60.47243187947269
67397,59.288690384684884
97379,52.85474776480084
70107,31.30722870437454
81852,69.53602794965626
35013,60.43217283498032
90617,36.93991016855234
92344,63.6747433812527
4284,65.36739708900832
1735,33.911648803193636
73836,61.05355315739887
49970,55.625006711349016
50033,22.89967365089389
83566,57.30893945402052
18197,45.24527831287908
72073,67.36617599860857
18798,53.231793257527706
61512,69.47659385378927
13033,53.58276086027004
21991,41.74621051975495
13431,60.35298325907622
89756,38.13526908481097
89853,57.84438660832006
39990,59.83519172720363
72938,29.357772624861678
91855,56.31972332805202
19482,45.974458742405425
55252,66.27515928399471
11267,41.14073381080678
93636,47.91503717702897
40115,50.04354783697934
57582,47.78592850404252
23215,45.57888194466707
98849,67.5855129094055
40400,64.04910283136714
76213,29.17312605552973
19065,57.17531061182828
25379,51.03043699805353
41648,53.205499043139035
2705,35.03242419942844
68841,43.04588997941379
57312,68.28938923390534
1527,49.21858268584552
81179,67.3422806937314
52651,53.926567559434254
37471,69.22222542482007
41913,37.32139840441199
57018,40.71220022848991
16575,43.27140611274377
58845,61.57371370840108
93679,58.552446083928515
94615,68.5517322509791
99494,52.96974653372906
87520,37.218883124959156
61108,66.54001760511969
82658,60.994504797298426
47142,55.478998400488344
5354,57.39755033338371
76261,57.149954888004174
22197,60.34749224615958
96590,56.94641525272252
80312,61.05301204694507
30921,55.80658743581496
3498,35.812944259151735
43151,61.44438574677376
53084,63.567540623456445
67650,48.02980360428793
92788,41.0792937156391
35230,66.03357501663665
74290,46.0853908731442
21191,27.084581198564013
68358,57.742734487639765
80058,64.90696392356129
24121,40.283858347225404
37508,67.72183067456831
5103,62.820610256853755
24765,39.35145764900632
9526,70.04462298004802
14990,55.384123128687634
89512,37.02332423353724
18279,63.24188221144121
19152,59.51997627160321
559,49.11241323856461
92603,51.53457168350017
86670,38.192792823665734
47231,61.12772994380785
73775,64.05389765560624
3965,63.54198624176698
49500,62.294701041825256
27138,30.373876818537234
101685,70.24229754087888
25116,56.93459307660683
11483,45.24330084410741
26201,51.657025981839254
5534,67.5141286988383
35768,60.35403097263393
100976,47.680221392507036
55267,26.950071118359137
56678,44.8918821759079
27878,48.2813856193393
81090,46.558229818640186
67861,61.16702549727919
34802,41.8302050876978
14981,61.04764696627467
20107,47.65524806540766
100399,42.342706302302894
40821,82.49800946471245
75067,35.60668831626964
55950,19.762519830268253
36103,35.653526476606224
85906,61.648296923934524
39192,32.90219097543958
51430,41.31418102080033
99870,64.61321585220725
43538,44.58550610885368
59506,61.026958268365235
57339,40.13209445317603
26813,43.60457030955856
78943,54.135336145456186
24653,69.64356662670268
83323,63.288754008193884
86311,33.6186876131818
73757,71.38182297971395
26007,47.763526567518184
38027,69.13707299815212
49871,69.02713810042965
86257,47.21065829358494
72052,68.88757116114257
43286,70.27099723759927
101092,57.30417381035789
34036,72.80776475717894
97345,26.911220156642308
54613,32.60853568379288
53989,56.50527388460313
79936,59.7765948247067
70468,48.470667723505905
43554,62.126286875673344
23589,54.039509181673495
32156,41.34167437003868
44554,44.75174100402063
13795,58.01853147571279
79677,57.17926301992154
23846,57.959285862002524
91121,38.423176600666146
9352,59.80722081720953
73461,70.12208759598322
53438,61.30733065696015
53166,56.88451073132572
11706,58.656301386525044
81277,58.76234615022331
22772,36.559756510863814
9166,54.94410406937349
277,30.258206497043833
17195,29.520563786095973
74100,40.03512932790961
16781,54.56725922898047
18160,53.518869275287834
77315,62.06123127899151
75266,48.94908962594594
100318,69.40847911989619
98316,61.23019627801459
27689,64.65937791933221
48679,43.16414876181128
45819,66.8898762623252
20275,60.09431799848093
46886,47.712725563888895
102189,33.30865067986007
51576,59.06526647396907
9917,60.41186584914951
86433,44.44067262375016
79096,67.86938149900038
96617,57.40549889886386
66775,54.97147272615305
53308,56.498807009625395
84162,51.92205983977959
92048,46.560774954183316
49062,61.03293855294427
13336,96.72495892483046
90980,57.37652154008275
1390,67.89048372080565
16326,36.30871349136278
31435,60.21248104524875
55197,69.21346839988104
70996,24.528636377525892
96382,59.346929886817215
70140,33.40492212130973
49120,56.1740296374483
50950,76.9389876170084
20680,46.79586342370053
8837,54.826219062164775
24420,49.20079421805775
3956,57.48377646418395
49021,56.141477397086575
48238,69.64356662670268
90803,61.12230174967857
102493,54.85712543806938
55472,46.87455694366399
68130,52.79154993430422
38353,32.2682488073046
36279,50.73935880157904
30660,58.41594481017246
53491,50.9222315687174
83899,58.28562946056796
18784,41.987184435138644
74699,68.18405089682777
25822,61.73497205553366
74452,69.75385568736439
84918,60.339413090065065
8995,34.819072728134685
4783,58.07551550206054
76097,56.81127544588494
87157,51.11817259896256
35219,33.407310828235744
64496,45.448823857840736
58940,51.24018583310391
102401,36.79705716669121
44145,41.88682562298929
101108,47.684801591394404
67992,42.35283088155333
71269,59.88769127493964
36317,42.24347185186436
93357,46.50595812727871
47846,68.02127870040917
101961,61.94661122100112
41890,70.25440017961793
52784,58.345468928785095
16297,34.392631774087164
87542,54.80852740854515
99075,54.16685094486811
30693,46.880876772127046
70105,58.9425243311308
65282,24.05718632812869
92827,58.17880952390663
5408,41.875888262122665
42361,61.834988322129284
52476,46.77388698616502
70009,37.5171698155846
16696,47.66896119758135
70961,65.79549818007908
71255,59.736751445471356
56619,42.49889263728539
41863,59.781418417325725
34726,66.70831441780516
26426,54.36340073199256
23475,69.94534305038782
64815,55.3691794140222
81924,59.22456360659291
45868,67.01708057725837
53869,64.30277157649132
82705,38.88039396505322
36999,31.877635487845343
39301,59.9597596755888
36009,23.856909759608385
74262,68.37652827219746
58230,60.95794106597864
20410,59.48078783320752
91910,48.82251639385016
59582,43.4136643417336
28520,25.460702106346808
69325,46.09636571618775
94605,47.9702196563546
81617,50.43030890757349
27204,54.89491778641116
16090,48.53556129631986
70709,54.98748351007287
44740,31.626314813514778
2338,50.11774697211741
25176,53.729963017745874
15556,68.26983896754064
2721,53.86973267802504
101739,69.69821695417824
1135,67.67156827477689
78636,49.554845250795985
74795,54.044373219601724
52040,69.86518681164182
27821,36.481246042921214
93985,26.549671717751966
55740,45.428227703479806
82382,53.0012885725995
66316,42.46463324432334
10295,64.39740035778198
71182,77.02914264805514
79549,39.28975981217236
85143,53.031477324107875
60919,59.825259092227164
84596,28.05321178501265
74782,37.42991176537397
54452,45.288943979646184
100069,69.92323668735264
83753,52.04435819886754
73255,53.27302577534842
3063,58.44108291543353
53037,68.02710191444285
38909,53.998635665224185
20004,39.98017627508088
62771,61.00462839604162
11234,50.2905825282334
62556,39.7787189794773
53732,44.69553236746336
88760,63.73130718957943
89725,67.37789121477118
91255,55.84011475282894
62237,66.22551441005395
77758,56.597169521247224
46763,73.80143359315872
22904,69.37333300747213
64129,56.717324264610525
68170,69.59789931892064
89900,39.32789010992308
70256,65.33968224402832
57013,62.29798557463001
82206,57.3447365570251
33651,59.818001474165584
84132,59.74246574100047
42669,67.87947650815528
44047,59.46003204267291
45560,56.97977972408866
27579,43.68267335546281
49093,66.90252941763947
98426,54.20039412725448
94566,33.94849494355931
26151,27.995533313935262
31915,50.45355827932078
79720,41.7879172933407
51440,44.232683158867474
22803,59.08608468669906
73826,60.11023758179063
25754,36.42510110351084
97910,30.579401109925634
64451,45.59811070904689
65383,65.21906707933981
1208,51.48473374892811
45517,69.5457055257053
32896,28.553287159698467
41977,51.995589006702424
102624,55.78871979278528
17252,68.3793303189346
24576,35.13289549979381
83129,59.64588238607741
18446,54.984430879561366
63663,49.927689646553866
80909,64.49707477203555
46233,23.13216275181346
75094,54.587712886319686
57754,53.984828279588676
17150,60.541788811608356
2488,62.17845333051423
18472,54.07291097987025
77875,35.31225853134862
47245,31.494084927354216
75519,33.45426028975103
71188,63.07667702726254
67049,59.2964677948469
67372,68.79687306745267
66293,47.23842598656743
73095,49.97650069583828
74739,42.01906967363351
91856,56.90012682308976
98115,59.51127207880566
49224,42.02117150261853
94028,59.52081245128313
40125,38.57158929717162
14414,70.44612539056641
63600,39.733386520797254
87770,59.57767610354198
89507,67.37706033332726
94114,44.62773672716213
61745,40.38453120964975
4311,44.80739426336751
98801,13.663369552531186
42415,38.610305761095056
27333,59.595685207500146
9982,35.158155994637156
29632,68.01010077520228
71244,43.37379747089887
43660,56.89222208036645
28545,65.4246064425579
55866,26.26912178771787
23399,39.26330542375095
93114,48.14055768264708
58865,48.10495924693567
18940,50.973414926170584
23849,33.662058575818925
73935,30.537842888214797
43480,55.083556640736646
72658,32.30691321716494
85919,45.46286928907712
35926,54.54484542934698
66472,35.778408245325565
18177,56.60434374793755
93976,58.37320904650605
46994,36.2543222647436
94408,38.82631757716477
96552,31.365864794075506
45404,60.43127678486474
46847,45.443405650199594
29454,45.14274646627516
65458,57.929081896076596
93025,64.76288521261726
17154,61.5722775769513
17812,66.40983592913976
34587,49.973767160073315
81014,41.88252860759391
93284,25.922323549152658
90789,65.2000464354749
20355,53.88323411725079
66795,59.66665806239835
82247,39.438991165200335
81321,59.97992173789859
87055,62.704487301223445
58387,54.98702547242422
26605,56.96441246940698
100313,65.16930049506429
71200,20.402401395630775
41914,52.95676668123486
15748,38.59424167658713
32684,67.5139227777571
67018,59.15591522709445
39060,54.03817785347502
91461,44.12917763824744
66725,62.7294618960814
83740,59.064415256653476
5548,61.342295834062824
33273,27.425873302865867
46076,51.195638066918804
93341,24.265071681774916
73145,49.69122235067376
4157,35.64312937805462
42939,42.87447356354515
31081,44.4827579172003
41194,57.6466389007187
78908,60.78247891481862
92929,67.64912698228119
11095,56.503770970313546
18040,29.814884915732776
74872,64.88654979240145
101476,59.808903152114205
8030,53.19248651346658
49892,30.043529775566782
96806,52.658501754048444
46373,55.005103299232
1470,50.69685508622578
69342,57.81276633931802
45647,58.549898672199
46091,68.70834986691358
66647,49.419019237712625
35320,56.4799313747932
18897,41.824947055012146
5037,70.323196574519
95926,41.63275938909708
22994,55.71286111872833
24418,70.8995014744736
49275,46.70268994241389
2761,55.67513428005948
102111,57.495974808855614
71012,64.00825031107279
26333,34.40612176106534
12636,41.812990342359946
1033,60.6578149357645
39354,56.96678198269527
35105,55.59068911716595
26941,50.402601840499635
19406,26.437444829339253
100706,62.382845558308105
5654,67.68272105298803
78564,54.36348572667978
8204,65.27186987457895
14953,49.25485865950623
10745,21.829009467954396
42455,53.88107591399154
3502,55.77529028882126
8919,61.48605020992552
71111,62.22841097192797
54148,46.060860275655884
42778,72.61570188279806
92928,65.84734707598423
83631,50.58062950686836
48835,43.42107493344237
2345,46.61822384903858
65435,55.23715837482214
101224,55.461016971768
1808,59.78433347362657
19703,42.0411921610381
60924,59.815049527833
31166,56.9999580887393
58974,18.369504373998886
67377,52.51640735816093
6843,66.22058717823083
49675,59.842660992284245
32810,48.9152832050203
98233,64.031251231147
66823,49.92581909552453
58434,58.25591037998895
87384,62.273432039703245
29258,36.3974985275228
45243,55.29315166576911
101005,45.3775906118029
77799,61.1262489706143
37281,48.16566589242815
52428,51.30321071682641
28628,42.411681796264155
83658,42.481796053012566
96254,48.00917029479687
61631,57.02347954764468
14893,61.23193233085336
28862,63.80760748375344
39230,64.88529913727673
90711,47.945005192514955
102290,49.658342886577614
49046,59.90523413850674
28327,69.07637824873568
5003,62.701730320664225
21821,49.94669763673742
58299,36.23370798118684
60103,70.476663666055
93461,56.45553179376745
15335,80.12576347434458
51729,66.78936313382651
31223,48.75663639101046
31224,31.36829206334837
2170,57.26182418216867
58045,36.50532570924317
58200,30.63417065905987
10984,59.222315197426724
48146,38.3351205516212
54798,45.292294843491135
29205,57.51257560932553
34932,43.890404225813846
98694,40.309944274327854
52160,67.46336105052401
64694,65.93087481273075
66346,62.80032452797423
20168,61.399740068291436
94267,62.48581396903695
97308,61.722640000645534
36582,58.10887305332256
76694,66.29415281605253
80619,52.51105830063228
50916,28.96342177177915
53128,68.29317759986307
94414,52.31903656917085
64905,46.40812878338812
48627,51.35262903156266
96996,40.21507491754666
65849,59.92376672471579
87682,56.73901954029013
17034,64.25555137693568
66128,67.98013068936471
59199,34.96877091624107
98573,59.716355413442315
57195,38.430294212964014
35984,38.98707174781328
101267,37.71253723410153
15829,39.26920486298584
37368,55.801438997753394
76206,53.37222737563514
73366,19.487919938979413
89659,68.71424447195827
75945,34.26314407557608
99079,38.136120661239254
44452,51.62190263019549
41984,63.20393061968626
96037,61.524359248621025
7948,63.20311611270219
68689,54.13478496234723
43155,30.479616931604276
8677,44.16399501842249
82042,42.61006033251261
38021,48.16565811669193
41699,69.07033693265359
84125,43.04131848981588
55388,47.448832219294125
23921,55.28859163462254
83533,57.18075042830829
20853,30.381094670304254
70345,28.097916612550634
97797,23.80911085169016
18763,66.87769080719785
5268,38.23915415102304
63857,59.67917698509342
88611,64.69903485690143
6230,46.229661340409365
35963,53.522285055653896
43430,42.468526402478076
19501,63.3536858952399
6534,48.26055169049512
69641,54.07088460172592
6448,55.668610128439575
17240,45.19563316236553
67654,50.43845623696459
97098,68.25927653542183
24985,68.53094183779723
79456,47.44819678485556
102644,67.85869312434944
63756,53.319631858897395
73514,49.54790478729128
82641,55.893413317461416
78290,54.79657583764763
89098,55.50037731360738
33419,62.720512622228846
89809,62.18946050263491
70072,50.06755083126574
99120,42.92709496554819
82689,68.66905639842116
52607,57.4912416050446
19418,57.6704444090122
12915,26.82267694436957
18418,51.82962197408615
49142,66.00994205856142
94393,55.182972282469564
18138,47.984314437456185
93818,60.39251264473747
78585,61.429141264856455
98286,36.06898476939645
71864,68.71031729868798
48575,69.53024233938
48103,52.567090366577375
98878,42.49056050653594
73133,38.153845367056086
40107,55.19921058296728
95160,70.91213634657699
53350,61.53781027845734
52170,44.88612481528957
55173,62.99711529602616
28656,64.17789945045725
77699,26.102223690661905
37750,63.55024277418686
87774,41.726887702953285
25267,33.17873475608298
71508,46.395545572561126
96329,60.99842388901361
11799,58.58773783263558
41981,69.64085958598638
66134,44.32511653787957
10615,36.74480113038654
39367,64.2160918376155
652,56.93426357072491
48531,60.21632092933253
59116,59.42443868341485
7176,43.46062979583476
97368,61.73889271920844
15933,37.539149610658384
66635,69.47468293665122
27171,51.141617065518055
90752,36.66192211856322
24991,54.592127946813434
21161,38.293444796823934
67365,64.42576276543176
17888,68.71435868514534
9645,57.31232990390622
1153,57.54254746918027
62232,68.76743965392491
91878,54.61007508139554
101381,43.083940816449214
4862,69.49139869429078
68101,62.38241552740473
42267,68.621406000078
61254,69.40764795818012
70690,41.84666719972444
9881,18.718050322815134
42343,46.429645371912564
100891,24.449306445454393
11145,38.15088697318326
79213,54.67411588453172
83200,52.65525902582912
24431,41.89942468867333
5676,40.59546060858838
62940,43.0903351247961
54035,65.96112182142001
39423,60.731470980313524
26571,56.11291814695248
96670,34.18485382424665
99081,59.45304458335958
29559,31.449161750667564
81259,66.49079276383225
96720,62.21329384840678
54434,60.18101599523328
26900,48.454391416208836
5702,60.102765697539816
2698,51.935563084560464
50864,21.066396272944225
87795,63.684405173058494
51130,38.5868615692124
24419,30.506433434987002
25705,46.35763142467073
10412,53.42390920408698
5499,59.64372375544976
32620,65.64869711556914
16729,65.98965780410573
28406,43.6276062546372
95637,36.779152785254524
76184,44.42114680617953
40593,63.913233885504766
22319,40.232353166856676
63456,42.73707517868739
94931,59.75246281914474
96682,60.469054634163804
102272,46.87206522900362
44379,29.630434495533827
30421,53.019011648373564
52575,69.01229872925717
29879,49.14717592454147
5396,42.16129854379146
89640,57.8854117064876
37591,61.672681321149994
40349,70.92311460744655
101232,50.98035153755093
99126,66.63508756521031
2136,60.38199182560741
96614,63.25016145822688
17645,27.918498031741677
73138,67.96655287299818
72826,53.20396779089037
79668,29.642971518914592
46033,56.99931866934199
42158,39.75526280357848
56119,58.80011940261221
10232,48.15788820544813
49742,68.99482033966511
90284,36.091955784196124
43644,55.43675593416051
75664,70.24677190882635
87606,37.41971338595687
38929,53.92425245838097
79147,51.52585743038564
13297,52.516372710245875
93761,60.62395246570518
99202,60.477773775528824
59638,61.205500070064744
86911,41.85933890300374
96035,51.43196357463892
26831,23.656442695510464
31089,38.00912121409859
35304,57.353723327584746
68818,59.475001238676626
73048,64.18230525088933
77762,59.48859425223966
24868,61.86195681806122
62820,43.48570438402639
10987,60.645944580667674
95675,52.018732393057135
16033,56.840029692564414
78659,53.88149299436724
64693,48.24583258287322
51626,64.31459108473128
36615,57.96664871031333
33695,57.74399981637953
93389,64.65937791933221
18556,57.20629919648131
94016,28.501383783808052
1272,66.4587040205014
61992,57.405094473856735
7036,43.90828168508604
7494,28.288367189102374
94146,32.40817635531049
50566,58.26814829217086
45451,52.94712143137976
88099,43.85754337026643
43522,39.34914135782527
54473,60.92845396621848
93861,47.4539983952634
9810,65.37468118610053
24204,45.685859985394345
87840,47.821104142995644
86726,45.18753079758156
59453,65.23617356909699
59350,52.66589620846754
34406,60.29326687153013
38126,65.21948247253339
42442,48.2250970620904
4340,62.054848407711724
33527,60.436351666676785
24539,64.92960916470803
85025,42.22172658822648
34945,65.21948247253339
2983,56.21835716532533
68685,58.153230781896966
84852,65.21948247253339
29685,54.86078838923663
3983,54.997309743399846
67680,44.65639560809361
86610,52.80555507845576
62416,67.45173825242709
57478,50.43628000718116
50724,60.30665057583234
101995,67.61456039283951
74172,55.32128877610121
12123,63.78603716034321
51209,34.53207973440103
101610,62.807459360575365
15044,56.15149400127197
61210,33.62542746133389
55584,27.804301300713842
56587,57.1713405406729
11493,61.562279004691945
83498,59.60876720327457
72743,41.82365599716553
44142,57.47221546965891
16485,31.335501267889928
88226,39.968245818526455
41262,41.069667460432065
39461,58.481100948117586
38795,62.24760527019281
55630,33.71169435952373
3032,57.795696547978
79429,34.04062492083635
51773,67.25088698338915
80543,63.45602664456553
21875,60.68787754136039
76466,22.742236419651512
62283,40.96319106904266
93467,54.69433744666132
42682,58.25559354367023
55878,60.529036926092424
25649,69.2550778341818
78765,32.00630470261976
62364,37.203591714439426
17816,59.07873962798038
98334,38.88249554948934
58816,39.434733046830615
39724,67.69687746248619
95616,62.46607287477521
5047,62.17461986205336
53479,57.467020129062384
84107,60.12356427843577
30096,29.201782858338177
91629,55.253346671185426
55723,50.12987063547195
22032,58.78208605962548
49577,46.10067462671238
58728,64.21701078600913
66256,55.671304476651194
81627,24.911029319916647
9402,42.84237921546971
81841,52.455175703846955
87800,77.5228139310449
49049,47.6553287953213
49083,66.1000039416586
88974,57.95592642083877
54396,43.418525457736905
29264,54.68581995659014
93954,56.91835576447573
98077,68.68823886397585
17963,34.40364059567039
48909,45.67703290154554
48197,31.54380348395495
38647,67.54657617279797
97669,54.33166663615867
71861,66.57852061392208
81384,45.10451985152954
102565,60.664741948235616
28014,44.44504702983298
82656,56.08397349032746
6846,45.94089526465392
56280,57.11690131636314
1075,43.318610298121364
82619,61.582859511897006
17423,56.45554814517479
9333,49.03890691953126
61936,59.68715840723104
43635,39.424561904266085
26742,60.08963633326928
28240,37.28355004350017
96280,29.39081496263798
10130,69.62716110180841
44435,35.33634525749832
85562,52.02519938700971
35256,58.4339266677919
47112,51.29496406799517
37347,31.105895802451574
65944,59.01252320037692
58056,51.44563510290268
46433,58.90275496415839
31074,63.05793714321166
43420,60.447439180218204
45895,38.00466265528471
82663,52.89218600150758
68106,63.749717349908764
59304,55.98246866254945
80838,48.442478408199555
86879,46.18400958292202
3219,44.047188626604765
337,52.677227528876585
93952,62.87569734921969
1693,65.0692971359922
16595,64.12076809338315
37303,49.81952902882579
18241,71.34694375118477
93762,51.9104399127884
32565,67.53846176081596
19654,38.35861356365976
78073,29.8412159635193
20516,55.152601816375736
65822,32.413371511439045
8617,49.738335258363676
5854,37.866420444432805
89033,36.03397308926975
22696,43.89127030676966
99950,42.309096162035914
95533,62.28885389766778
97700,33.94194135205498
69487,67.6940742265702
76862,71.65609998245053
25120,69.70044477960293
36762,72.55585292525404
22033,45.51966284410066
74213,46.2281202817578
30169,44.6415567435139
21290,36.795066705014776
79353,57.422491531163026
17352,64.3684542392032
89858,60.28064895861412
84210,47.35139158122349
67198,59.421168975334396
68336,64.03641446761617
51556,61.23146107775749
93686,31.196783076726057
44054,52.03080791722054
1868,60.29204463509937
76921,59.25655180083731
31535,24.215657843588037
66790,61.885693738394906
39000,62.838962667998864
35916,60.17210067975757
50302,61.259372560176026
21024,60.17156992190156
94739,16.497724068341714
101238,63.8383598931333
90929,68.95410835025116
30195,57.17717883880434
63742,49.89674749469821
32056,68.67339468726954
7863,69.39309101879775
5473,56.676012767801566
14288,64.82490344491634
82279,61.33626715300824
76491,54.347964266937836
36828,28.884276782975448
20758,32.57709844484348
100077,53.709404421558446
11135,61.17496805625579
20347,40.239349701673355
24301,58.49687204303805
74400,69.69156566498708
12486,61.7573853246295
101268,32.916879698080514
68609,53.16513071783852
18068,60.53413055997126
98985,54.52644394631307
96233,67.60928945997554
58075,58.33186796603513
18934,66.79397546759837
67754,62.301082563856355
12041,39.89973790003368
87830,59.44737966585642
36602,60.45016324647437
9235,67.52360255501428
23093,66.74178012914226
88484,57.95717323029527
81533,57.23648535722782
9345,44.70555491889442
88403,49.921273071202386
45994,31.831514695787565
77680,38.6208030436969
65200,56.97076877634472
102072,40.65144390750399
77449,43.192314456174536
94184,67.89050192373722
102433,67.6684899262275
21889,60.11579835541838
37607,74.24828216702724
28154,56.8403077809281
84933,63.80846514097873
13289,30.868450267633886
34211,43.81943287951948
27857,58.929291013029726
85612,56.94393307422549
74859,68.14051297565847
98035,68.29542718114783
19351,57.25930158726589
73806,62.532344552576276
76455,65.28381378442478
87225,56.62146604178038
8496,43.30341011266532
16403,48.129134680604764
928,49.28032750005407
23571,33.06242249439763
57737,61.40204748279687
63692,45.173250557689215
69593,42.40296896004875
59670,38.08844900313704
43477,45.91184976210256
102179,60.57020343857282
44275,58.62860018844353
89566,82.80367239072324
49206,67.2037091984626
33836,55.925532693070366
14529,50.221696573273746
78052,56.01539775305254
34829,58.82851627645823
64240,68.7454134948315
35479,57.001304704074265
1565,63.34511617622486
22418,43.54301488205745
17326,60.089426087468475
16035,29.594101968969753
44423,57.03526989279114
73991,59.92376672471579
16973,66.97286950349486
86326,57.70792201015902
9045,65.05921910827438
71795,48.19383631201757
60268,54.546380963458994
45236,40.60653578477812
80087,69.47353110517119
94687,45.467233765543185
10540,62.631497122156496
72256,68.55905899940721
81825,61.31920267984582
86490,58.04879435660355
1740,68.30412034991392
29341,59.3986000889082
2172,41.41375024015697
53428,48.586632003348804
70458,55.66489433267332
18464,60.10527980694823
46851,60.6040591925537
54398,64.81480364964168
40660,37.254844253121036
91179,61.814216726438644
75499,57.03301923136947
22671,59.90743873891044
25028,68.42724001529591
15992,64.14576549638824
9201,25.0284796435168
24341,40.19839878109262
42781,69.59578888528836
87866,37.60351465569803
15475,57.9008864830821
48832,9.722052746463701
10765,36.63571153979412
85067,58.347663894011646
82048,57.2249700330467
68830,44.13841688851976
70409,39.721109733435355
98673,64.70425912556593
9480,41.73919378004942
34328,40.83928916881238
77804,23.676080185303103
3202,60.6213035345834
25905,60.366725296720034
79253,68.99205051962855
25877,39.86784204616626
7451,55.74458307708006
27381,40.84545200083207
89997,41.69417809592418
34052,69.2897552950769
37070,42.24884757946571
91542,52.85266008868427
56624,44.95685650687665
13787,62.975709158935054
4537,58.36344316596451
37641,59.03623952819235
50375,51.91555500689532
101303,29.127058378254915
59027,61.08577072837707
17836,33.01137071710053
73045,47.31212768385599
43564,71.31542466167114
75139,62.19786809327031
51269,59.09564477543384
97316,41.942204522326136
18991,43.35863070294952
1573,40.57787592658689
15385,55.73861154999522
68792,68.58184028808
90440,61.65086574404933
73481,68.04203828093263
76207,31.24681414949403
79,67.52524900704537
3630,68.18568211292747
87005,56.26778489262958
86382,66.91090838086143
59032,36.98612211139224
84729,46.834664914342845
8411,30.61051608011881
20648,68.34649530830035
78829,70.8995014744736
61507,63.82528276988519
17785,63.82488968568555
46457,38.79348276872586
61490,69.1713845427997
98488,57.645762823917615
72430,63.339077429268734
22626,37.98561402398672
99181,69.430060703594
13407,67.38090758522968
60702,65.56964889486213
96055,53.96396104693035
61404,42.70709781123499
101152,53.86083400091115
29317,58.96555843895699
4347,60.5361467102647
42260,58.48572154219095
79726,58.2912146204978
56759,47.04106826666719
77062,47.966967807385636
22728,62.34613967578996
66217,36.95910300316606
13773,48.92040122213508
22932,55.58273238510756
69771,41.228840247603436
45525,50.92848375658958
41536,63.48990330104223
33481,49.048018671357305
58623,63.40145842257061
81807,40.466612866307905
15500,34.837129540161
78582,31.175044105493143
47706,24.84966217212366
85706,47.02535136749917
42541,49.82282103408972
1446,62.10127288148229
60093,78.94049248504457
37762,68.9866653334882
3171,59.17920091013986
18959,54.58687741899361
22750,53.655948647454544
11167,50.07508167263975
100772,66.18362059721318
4168,64.7472652767272
58206,55.944570623066454
68886,60.56762315149295
13305,68.4800734407989
55674,36.523771153465816
65414,69.07695182753191
50364,45.14406733390218
74072,54.78936532545136
84311,36.60699100773464
49381,46.221745332823055
18133,51.361125554033904
5464,62.675996455562974
52265,35.178968642724776
71567,44.1948859740866
81705,49.7897932547793
73779,55.49631555920001
64105,35.18072573431541
107,60.53796649739188
56033,51.84958474686664
80153,55.172651770897254
92412,53.128109580669474
96904,56.41411072244461
33320,31.670945399852684
620,42.60770739949212
61338,47.76735078874253
77300,40.540875297806714
27721,59.997930857122235
83678,35.60876402883086
26075,59.947509983416914
59411,57.7810000682804
101028,69.5461307331674
32352,39.942139011075426
81704,56.21408383181639
31314,61.14794593639448
48514,47.83342653095262
68897,62.21377523346221
35036,43.19738472859661
35943,56.63626477082546
17351,54.01125156455351
90060,57.2547182500177
1048,59.870612218362886
16140,64.14276673917699
45238,35.59583866730377
58291,62.276368453063725
67354,43.67929651357908
17147,33.74344079796659
30472,31.613395236435263
75331,65.17080697304041
38094,44.88246448524969
82975,36.560614797700794
21225,59.4181932263601
87038,47.690085840876336
11377,39.1085668091213
26516,31.272800256498257
62532,60.14645684346292
49941,30.398196822252608
40531,54.340614373276345
81058,57.594843806670035
57592,49.34112429351418
59455,58.61274067379955
48357,60.54778231838058
4621,48.455709601124646
102235,54.22671911597113
46103,49.444588017539246
3192,57.53818136651473
58894,59.123647308843026
87815,24.134436374344965
630,27.519277271386045
13447,43.2539280430311
7408,61.23193233085336
41377,36.764909235775306
100270,55.01923053089693
62950,31.3483455625212
76020,61.24585399619049
31962,41.70536124393582
99904,45.74702016564457
40902,73.438037010149
24218,38.410831216547045
77907,57.29052152400366
25048,39.807301747135746
20018,71.86550855827667
66385,65.74647062059377
56477,57.58034077550503
63640,40.64425289650931
66934,62.29765840060181
49586,69.03444695762266
58628,43.75075221797232
101892,59.757696734757616
4138,52.50226973637157
41543,58.79340411184674
13997,53.491274919455556
46116,44.62440181804984
55702,45.40496242104425
9202,44.77667475452234
64473,58.0394093610709
8000,43.65317825676723
8736,70.2653784404875
49322,58.65117571565836
91884,50.6711527046089
61539,67.82783422606336
13934,55.273001492716006
63532,33.2867502998998
22529,56.538954618924926
22726,30.653289570049896
91099,27.396829624286188
96855,50.508525859863255
101285,55.94587212361255
79516,36.976101495951795
64338,55.477544854047984
26573,57.95609898169274
17697,33.16510153816944
95216,36.230430480440006
55136,57.03570927198346
83385,41.774617777754095
32179,40.51729141998106
41293,52.98966874031963
56662,60.980188614173095
17776,43.017891407420436
51551,53.922085721216014
68368,38.11106531479935
61771,65.92628327584862
60212,58.47269047997177
37096,64.60605885929829
63828,52.61056731794672
80094,58.48745910891799
49633,55.38975506174741
64239,64.53595227859053
24945,42.151550187733534
119,59.187027799682085
51512,68.88757116114257
14965,59.89014479713999
1816,44.6951019337225
52493,68.226547529111
82178,14.282485461708106
92546,22.468338738748848
76555,38.21545251039156
74326,69.26181902277865
54360,62.06792346402759
57695,40.282689453228215
61267,59.29899228168155
52425,64.1280899919093
67966,46.03746066737556
96027,37.9473833031162
43481,70.25440017961793
17236,67.36539099053982
97916,69.49139869429078
101944,61.73497205553366
42248,58.381866155092546
62843,65.3786041027603
22250,44.07702953739314
102666,54.52229687312444
7242,41.46079749501283
86922,45.069487342704534
49015,64.91080499666198
62805,31.46547466311798
85216,65.59831857952238
30488,49.66196253454025
18065,61.855771237902964
36911,61.14108272452057
51305,47.23318582997651
8506,33.84511070394038
93914,44.127952843671174
94243,50.25823507543557
19942,53.94987396382749
42862,59.44045078093531
63613,60.00006936335481
84148,42.267571262055384
26032,63.25283053588753
25959,23.621262353613496
42010,30.84958451615041
38593,65.13800043432536
65301,64.35510529408461
64970,60.88041547216596
55045,56.07124962283632
5438,69.38376988911294
101310,51.98444233465294
88959,61.24045253405985
24202,51.98891020800391
57036,58.09105967444768
54335,61.83054922499953
92458,53.246035390659934
40993,62.36345696206986
31025,49.69550390646331
21009,54.21056326035425
12516,35.91127035095376
92101,41.41628184552876
80695,37.46909121601268
9370,26.17420184595023
10384,61.48719903647286
73753,25.894349364136144
8854,35.62050188837538
80890,59.31499057030418
22067,53.0137628214706
19093,68.98314030901537
3152,65.0739791015344
77025,49.287398628368884
94142,61.17591992607544
23532,69.38054995393712
39100,40.374229912222745
34878,67.5065198666562
30082,51.06260169781187
72515,50.10576278828443
84386,29.991361891605525
33785,33.785014397699264
31682,67.84308638609578
13909,50.89685675088419
18880,56.362104095228034
47502,34.917690677628634
22589,38.56041906470375
49061,69.10891619496994
62225,28.375450637801297
7420,59.26019887739075
44492,60.92308965502707
9845,54.0694298301511
41801,32.30417978223011
60540,60.62686337200791
4552,38.82401354434959
22601,58.59495209443985
32512,58.8267115760529
92270,44.06992525289726
29788,64.73342491642371
91278,59.650519401411785
25138,58.46543788625481
35642,34.101375856083315
92049,57.117707106077084
65018,63.54298797855062
28698,57.16011117530985
24188,36.446513410148135
46728,48.274523353515306
98741,51.87659707304454
11954,58.63795077889505
91451,57.428535657109805
2273,40.23379381016485
6327,55.22144062736412
56601,48.495009673049125
35073,51.32081088059851
81363,56.627421185233835
31095,39.230762487236646
90917,34.79324867881498
22657,44.47892499358042
90083,61.19898919502175
39057,32.94893841288049
57782,61.205500070064744
80341,36.59520769854744
35130,56.021379425211045
94301,37.766809061800544
37939,57.614493181281105
12051,59.357461830816
74391,60.144898947576145
11104,41.51613869803649
11856,43.0982798932348
73238,31.30713308293889
89859,40.90099540048976
16423,55.633948880281395
38032,33.27333084892395
25101,39.05279881600164
2589,43.36719569795948
51768,52.82847539318816
10354,38.5417408602102
34516,63.52962850694163
65149,58.95231141632248
101413,43.639564144273805
82513,48.27460740665808
48237,43.363607741446984
16829,64.48945621700145
34291,64.3488008346016
3121,51.38779186523528
49429,58.91929619306516
22187,68.98709084591276
90223,57.37306827100035
33230,44.988721034230274
84576,60.32582740817321
76996,45.89889628532111
18616,58.37096791760206
51117,53.04122598716383
32382,68.33313114229573
48876,66.17392650525642
53490,24.605551607869824
50309,43.714618463806666
94809,60.66071515433269
80362,58.542458484085294
31844,37.09765833184193
6025,64.24186192688789
33817,60.60934686550984
36123,62.258897766330726
89312,60.73082512757961
45757,72.00491000267515
80056,67.02847212319915
48072,29.030298133494302
3056,36.24331274028432
12233,57.071462927089854
90006,56.3820107085783
51280,44.22500697045153
14160,42.29029994221138
33904,39.98020019550907
78650,55.9202525638673
33376,65.97758143928382
29253,69.41284601623843
65821,54.70816320165517
86222,64.15755264061701
31463,48.200526527139566
17686,28.21707757200776
12075,59.957679828955825
7760,57.09793721688799
22580,69.03151955228451
35606,41.01140897481086
84752,61.73368904309913
10664,61.205500070064744
35188,58.25645627062021
10119,42.95033963786035
97328,61.9717411076235
79335,52.1386551356276
99390,45.957071067033155
67482,44.18597880800607
40639,60.628254331350554
82252,56.10544665837072
101342,63.60765241413494
22405,49.57800838448638
95651,51.452320104385535
79342,55.32692029879658
65785,31.739863212818207
43119,44.401015591990266
67885,42.326121409924156
96604,30.63687940652807
10142,57.860386957645325
37708,41.65394164422878
101932,47.33627681500516
74286,49.462857400948536
52543,46.5666021398098
50271,54.20717677207176
15888,46.990155225570426
66675,41.642850863159225
90062,48.57983362628644
47536,27.376550482276006
94487,45.97913047067405
48510,64.70288924495793
34172,56.13138967923015
36645,44.885487337513354
78349,48.274913902374394
81459,51.18998801097947
101577,45.162086954307036
18721,45.72243938912582
77926,60.904984575085535
95958,56.67990782819866
5988,38.89920771268249
33549,36.84031104721841
23213,56.0872036783587
76484,49.83120312873709
7901,65.72748912819088
32930,18.578069244596698
90169,67.66999432278095
79957,86.33044537464147
96048,69.51594536892864
24358,46.96576862116694
91048,62.67744844606432
6176,44.588199219358074
32251,57.43790772551023
27883,54.76012008810188
10656,70.8995014744736
72828,69.47659385378927
25486,54.82304841877697
62297,38.96985713284724
11370,63.93656706599836
70659,43.203840808254
59995,52.220635611976476
27017,59.87036626609643
79444,59.169424233473364
76653,52.79337006613747
93103,59.117663013604606
30774,51.10750935674606
65780,62.003257259178426
6053,70.81113316668682
67717,58.823929951517854
68135,68.41411147428427
45101,49.21512510583665
100825,61.093363680786744
53829,42.15081677153623
100085,60.72295313898485
51814,69.64356662670268
71499,38.10418595984527
5946,23.59512125317697
43756,62.99623697549655
3350,41.85507258670273
7708,41.16819890043721
3396,44.90912608143178
9923,64.81560954920391
57316,60.50185989409166
26077,29.197319953458788
67290,61.19934791668336
36515,25.03935658986753
82608,58.05614584556803
82863,46.43714503020608
72688,70.33764273913368
36816,37.69911128002227
98640,58.43897577603537
90960,20.88550764788987
16117,66.90588956229321
96348,53.171419218053096
60325,59.11296075427118
73829,72.46406716152342
50786,59.024119349104794
76782,68.5153658261828
74555,61.98602206858394
68757,36.28808335779474
27837,46.2958810232716
36811,69.15589679606548
84684,68.94495995978743
65947,47.62242382679729
11728,58.19538139219655
24562,50.31500004184226
35532,62.467197051522355
17463,36.090685899883674
21233,60.562161674027095
38443,62.85016723776903
89672,17.743896048801027
75433,60.004724263167134
40479,61.013678990705785
71934,44.79758854760543
87706,68.41235663625089
64808,49.84848351102878
27256,66.93591212313214
79769,52.402796661916476
46526,75.09467615734712
72086,67.99809893091327
29318,51.30379820715803
8988,33.66101682037449
91758,79.2068378042568
53376,28.327415936253622
55896,38.24771260354429
15395,53.1236343884791
5007,69.30400593843643
33449,53.03191084119031
47011,60.31979211768649
58827,61.33520029306968
36040,66.96829437978003
63975,56.321178267531614
23664,49.5533230382103
42979,67.7493205874559
59472,60.5786645176399
54338,44.528014285310775
97154,58.03823363663934
74370,59.22150021429584
47039,66.0106106550831
98193,54.84542658186651
28438,55.053659803325154
25417,71.93451375366811
73276,18.65143876974664
10176,64.87960086184445
24658,40.191501917825235
9882,69.37088417146964
77845,59.44737966585642
79854,65.31464515194105
102409,53.44890258236941
15115,42.42182036909598
22252,41.237202060724265
80969,59.527689794243614
96960,64.41892707092252
101947,56.02958311110224
82080,44.03762112805644
83374,41.222375157885956
49590,44.79806656684461
64938,31.317983803596412
70848,55.2161088675722
80623,61.58829773512203
70900,38.64515486436399
70552,45.91291267091414
74117,59.79032570774036
101603,59.01938637854362
6893,31.188665378224993
75619,69.25269768883278
101210,47.87995442727566
94277,41.578188109463966
79195,63.557937298838226
57099,62.331191223077354
44461,58.378900419576105
83424,63.392398675536434
29904,39.77304912757611
32026,50.69614668003909
93714,29.51847517065828
74314,67.33138598253089
50750,27.86830877119468
50920,67.03483112484787
37861,67.24325597544394
54503,69.31162457043087
68783,35.18365683392885
17009,66.77374546503842
10849,52.50186988579092
67292,45.827742408285914
44859,51.846871553496676
20019,61.16438095217327
268,60.69794141496092
16234,60.99992156398244
67759,41.18913403098383
19740,59.71487718251471
59398,59.56368828280597
101126,57.13705208398251
48498,40.73921741049938
61978,56.507107037330364
77253,59.64722373498382
95635,62.11022067929538
19072,57.13708219831683
4676,52.54630519684972
72872,65.29539725332444
9879,55.54277658605688
14416,69.32393606553268
77653,55.25754939042954
74780,54.18773850111864
35571,51.58229243277765
8433,35.0955878364305
98311,41.6945804884283
74998,39.679532126746146
67428,25.720190272484256
95273,61.28161179206788
69674,48.72737741753212
41360,56.466291006043264
14178,46.74437894824484
20567,21.526904086798325
71051,55.22931106279438
84934,62.77761794561989
19412,58.74026020749925
102274,34.07419411533751
36546,41.394505971088236
80732,37.55000598044566
77838,33.257155933144475
86075,42.976482864766666
75976,24.41480123262433
81027,34.29324708215314
96799,63.812956508593004
94680,33.09241747984602
55067,64.80922312305573
15877,66.19815493770248
23870,69.01418149331022
50853,47.44774008657957
71174,49.345852637956405
77461,69.76656765866754
21362,35.74773823935222
67937,30.954650514769398
94491,41.91810480683855
58379,46.615499422521786
9564,61.520202376278604
44214,68.25811633069458
74491,56.175513098278834
88160,62.29664574295145
83679,58.05447631318546
4360,26.58743906301139
15562,70.20745702952858
28215,53.888957749449474
19154,59.56198207404152
5389,41.15526019868437
74627,70.4989609710685
58357,62.10189117270663
40317,35.32233064862366
40161,40.327236775633274
64553,42.49830560456648
4751,50.590575291487966
3279,55.88944949486652
29794,50.030376959811335
3668,55.995270178339936
20783,41.45440898676234
67099,46.11253977069425
78510,39.907958357771015
7761,36.26668283143986
22364,61.863108307322555
96310,68.75952618627196
66956,49.77037794230497
69147,54.41453961062371
18489,63.1565725398654
42607,47.946157714509255
33335,81.68475957400422
99166,69.5350632752649
102161,59.09287175134321
38913,39.403535998398766
62610,51.74692310633837
21895,58.553798922091644
70320,50.1282086388866
35269,58.93437714891639
13523,55.70179890643439
45600,68.77024731948325
43354,66.55459557204102
65559,59.63497507853518
44702,43.42053278544491
9789,53.28005837961476
57880,38.555012373642406
28143,60.19365102915991
31923,37.97402534177849
72625,48.81904052523109
62695,70.8995014744736
20497,34.76929038714388
59838,46.941708032972265
1223,63.66812533026037
29644,32.75210089922365
41983,64.06925249745034
76164,66.8540135686207
7463,15.99482432641216
65063,69.62247463107633
51865,36.90368247778696
34316,49.3467146465312
18189,48.806881501154905
21794,56.87133368148354
7846,60.231493821391474
78316,56.42466463487255
68698,55.836665733002285
3818,48.00737268196011
68388,39.92070905077483
64821,33.465237243884125
29531,46.877531345334944
28688,16.366864448993393
20039,50.520675927963524
24760,45.28332752599429
19584,55.68879196867856
66781,57.31860175481224
39804,60.329985892304805
1899,41.67786147323236
85495,40.671907478592246
91289,36.699813732843616
27318,61.16770186086621
98881,48.80058406944826
57994,50.06771673985108
60190,61.417323802698455
36940,36.54659579530924
17972,60.1761964269109
72275,15.322390698200273
48243,68.64189520593555
32377,53.53591143327149
32090,66.93556151774582
58600,76.53414834249817
36329,62.546497937470086
59143,63.37079608956116
68243,37.850438708569115
78652,33.713961949940156
2109,63.07667702726254
54978,71.09116097919896
57028,21.98657793457128
30461,44.26351653014887
16773,61.2301560311585
37834,57.317021578395654
19812,38.1588914037812
20435,47.671422342902154
74423,46.195503359292424
17487,57.80777439725314
75850,62.309188865063604
81456,65.0558626316675
56273,58.11972643802775
89266,55.986792072767905
92811,38.018097148316954
26683,60.31126065538479
61097,42.86094132312221
24972,43.56412260180498
79258,44.68992537576559
33559,50.2879524198772
88313,65.21687358181899
99137,64.29515604594054
43369,32.16495677068899
67238,56.57448615544567
9764,45.102805635274166
42788,35.37585566955476
81625,44.44045547262886
95414,61.01733941706322
48051,21.589708057179106
40751,59.02808024077513
34360,40.816499247383184
79130,44.2641322939275
51782,67.85625041281133
84500,56.3730654037457
74559,59.7259904971231
93204,69.25269768883278
53952,43.95724289353542
49713,44.886995658544095
99451,51.617668821390474
68346,56.80087217957669
98448,34.93719030766141
80738,61.00370542376448
12349,62.03455581142146
30045,47.359258788463904
58988,68.621406000078
85547,60.18439340786166
11775,57.90673337195951
72599,57.3628996702191
1975,31.149909290441602
17145,57.53568308562229
92450,56.57243664365923
11899,52.18755486639293
81622,66.73838880127533
57375,62.462286264890444
47872,65.6378079811711
36732,58.92721085304483
63965,49.68047957907071
100766,50.796830245162084
48100,59.658640799739445
15533,56.58042296531149
75872,67.90527935920505
20425,50.57065132660221
33523,54.35860624588872
70968,52.089685701460546
60631,54.58937889823584
15768,44.35277913328524
35682,69.85226992504727
60521,35.258652104617134
41556,40.82877060143461
12043,58.16236486512149
35643,45.1009087489918
90462,62.454713255048176
25721,45.157049591848754
89631,60.81270562451586
83653,62.252228748181366
47085,34.797049310165306
94557,62.84877660240355
11417,37.80612217575712
91042,43.20305240136845
50027,53.07161138063114
80847,42.54127184604211
73097,63.31341166127328
44264,57.44197125991328
70397,70.04462298004802
65207,69.59884627342753
65117,30.557255763120576
2588,50.18427236566156
57079,50.9247524918893
96745,58.57544464059017
87398,44.584870067379526
35385,59.21345670577784
54042,43.8343457043553
82970,40.80319592194903
36764,51.62596954226329
286,64.29378003723653
33869,50.08281607130913
70216,59.48508672749995
20237,48.03995195918135
51938,49.242427785165425
1567,57.058224641013666
28089,56.03328318453853
43699,68.75388511730243
56144,60.04467726912831
54029,60.81774280155369
29614,51.037964436275544
22503,58.109812802115556
33843,46.47045369281841
20483,29.5514376276896
49009,62.3645325540285
64138,51.20957179585261
38237,54.94585611122676
41200,54.28004697254882
11050,69.2897552950769
65684,68.17399669401044
27397,68.2857065266346
71147,60.03929775592981
66390,43.87613562424117
91995,53.42778520436695
9637,64.68962985517145
66363,52.550392883550046
49002,64.81162308866448
32201,59.761395618817325
20554,61.21840812417381
62680,63.2815334109057
90177,64.92529974937031
58976,63.60117092231859
28005,29.665085964097372
67380,32.346397261826866
24338,40.385169087542664
9669,47.60070292814996
101978,69.74993544972011
86792,61.449717146536074
13251,56.414970687842626
86756,47.39610290767653
79538,54.44426547766311
100217,51.32907685261755
57935,41.62414709623513
24233,55.325994172220874
13086,44.81511029804285
39373,40.2885433521688
5710,23.845930425969787
31281,35.913380396022795
43061,61.80429658703642
86006,33.93198308523156
69259,56.82272827782984
93452,48.31116342195718
51454,35.6161543562312
10445,63.13013078254997
19126,58.31140545166337
100230,55.532298713321104
63555,26.91230495779874
68734,43.085735894895805
69319,62.496156966191165
70385,35.146659790356104
63920,51.63248574084342
40418,63.12438643729605
4162,61.73056708826837
6349,59.882322336653615
59279,53.62972238731372
89628,60.43173247147483
78221,32.28129031573323
56252,40.57513562529011
64886,45.6394505478009
67703,61.49106881381204
18928,46.335090838009734
22956,60.31252251375777
75804,69.5457055257053
81678,40.055758845966004
47692,47.280448326223656
26487,54.04219796007374
58233,59.85728872744001
59133,20.217553535395236
62117,64.47298553849824
44365,42.066845415365954
17096,44.50955210336759
47885,43.71562568109179
84542,47.800929281507024
64736,59.25255447917262
85107,62.37271774029301
56610,37.77477703804194
10218,69.29478422628426
69282,47.44303313133173
22176,25.462648170714193
29710,57.786151680891955
84511,67.87024336711829
25150,56.68064705584976
83175,41.592650847850706
20560,58.660097678416065
33687,64.6304422300825
83770,61.493450123709465
18900,56.907197187745375
41428,59.36547351141461
73065,44.37753430847597
7713,65.00794454835167
18871,69.77619790671785
89860,59.861322225891826
53269,67.73726210258879
16427,63.31890718810775
62957,58.37574685820206
65861,53.4710369872583
12701,57.81871766494665
36863,41.93267648664933
40004,68.03191050011564
41213,68.90032672026842
83471,59.191519536009544
35238,28.08308044627227
26829,55.868161637199194
52324,54.37417084387821
31724,57.396016217046714
10506,32.99899580548963
46086,52.574051884599776
37911,69.23788524008361
66242,53.03344665017075
31037,42.56705212990748
37095,46.583329093083975
38386,39.20559486674401
80459,41.1221725246289
90085,37.80198657747328
78933,43.83048060625877
83841,43.95110563271994
26582,24.915502220564864
46294,16.541420140130132
40888,51.97865465450055
19491,44.244248637712715
60620,62.310141431056444
339,60.59525639467527
525,32.71073732121942
43595,38.128409788509195
43191,61.159110888886396
67328,52.549758944508696
9320,41.90809813523154
10015,39.4370894286004
45877,59.7421775845228
8500,35.3908820414235
83085,45.65181302002716
10602,32.63194085872985
93254,57.25099516954515
101111,42.99769517084281
46670,42.94271280902328
100715,56.25851091895339
84223,62.30584073059566
67447,43.06358093834547
74647,69.44796476181847
61596,54.67012823138394
15133,47.11886528670778
91000,55.438827445025275
7770,59.521198065478075
7002,44.28617025810491
37253,68.48989533056633
77439,59.70924504637645
59356,56.24391528809813
90174,59.87511177161104
17809,65.0881692813637
91535,58.1266451148022
60188,69.05800476764483
4320,64.28557373424331
81591,47.06774496046716
79041,69.32981261501837
83158,60.179155683641646
47677,44.76778901830803
85372,59.818001474165584
20454,55.14067726962164
60853,54.47581919137256
72142,53.363607366019444
48971,57.73295065689815
16183,45.54133445861472
63904,69.40847911989619
73851,70.04462298004802
82533,61.91942166897683
73,67.67598633204086
69074,21.4939744346488
76890,66.15815445251066
1439,55.75474242776343
1455,59.127397158995294
85981,40.591378152509904
95070,67.16375025939517
98698,60.32650184671684
36139,58.65121381479499
69539,66.84341080915512
31028,56.37274755497296
54106,38.76108030322404
81794,45.69451134661852
12218,52.194697992479924
89390,37.80426439144035
611,53.25493899972201
69205,51.06854310442995
38692,55.00708173859191
48075,68.85225957444624
6578,54.481572844615414
12160,61.12721865170781
70382,32.82861781425673
66351,68.71031729868798
4454,37.83816988492246
53569,49.43990528664885
96676,60.509366689505875
44507,59.34239944453056
56152,31.393757398296056
4870,63.537684358483915
61761,55.08468593352436
8621,68.92874635304847
71025,55.347515115778926
3233,25.87179536026554
13834,63.675951267346754
102477,41.94233692724401
97721,40.3724358221806
33452,56.4773799730024
6783,60.69577444143102
18626,51.756036125709606
48823,37.472303394449774
27414,43.061828042002816
49599,33.8042263491116
87247,58.95771260942168
688,64.2392077932302
19520,52.48127801716841
11544,40.517459662633776
77411,58.57633352788464
26318,41.165685006149715
34904,32.76937902879088
94248,61.49604963749374
92395,32.1499102269493
67330,65.81637593787745
50282,50.73249857485419
60461,60.616468456150606
80390,73.66578636698519
58703,69.9992706082514
17617,61.141799836076686
6094,67.93782344337848
17090,44.94335899644675
32136,54.44144334035927
84732,56.63770062662301
98946,66.75792490087697
65052,62.04371763632127
34002,69.30442760644722
26052,26.66993655492128
26806,49.547953951249966
81139,60.906116974645144
63900,41.27364666884455
62823,62.73342468825277
78798,40.25502214512474
21911,46.08437904976892
74723,59.13782303859865
69379,67.59723173071656
85330,57.94983669027185
97766,68.72355411657134
60375,58.823746955236714
51944,56.92481236806266
54919,40.728513902763154
91180,43.333309986068315
42119,43.04713773601787
63605,58.47756726690537
44045,59.09135407885111
64744,61.67713883510088
70722,59.116329068372515
80336,65.71971601688895
30625,52.380114945637075
56048,46.7085677332349
76683,63.3497561908978
57157,62.16920938291366
50303,34.832209406946575
2795,67.11646644565594
57649,45.164443246233574
36364,55.37252652752078
19019,65.19922772488813
28957,28.94213554766925
65439,26.391680113007457
8949,41.10706287119015
8045,55.76993973236261
58122,60.447354656692056
62507,61.116655553830995
90032,45.0983297538422
43622,55.84978232880726
15963,41.78316508720198
99714,61.76597558205062
58315,28.467942000165127
43024,52.253740556654044
26245,30.366882550897998
76580,32.71669186407085
68992,53.48063574216329
43314,66.75060003029029
94352,22.336685320212702
40233,48.20538044523139
70007,57.07880119801941
53406,38.08653185241147
23778,59.40460576400449
77189,37.32497345171048
79704,64.65937791933221
41880,67.7493205874559
87459,63.45452958243891
75820,46.29256784049188
15799,43.40701207994553
46529,59.171208096432444
66085,56.62578749150369
53719,62.503586647885164
94347,36.87700065346344
68328,41.134592226663344
75111,57.52977700369748
50842,53.63433749154625
93361,40.717692367231756
32339,69.66390361918143
25324,39.12087218161421
9838,61.733332600902685
50487,69.237376788771
70569,61.19496645261704
57919,28.59237122263608
12839,26.137779402876873
74036,80.28935483759793
85896,34.90637083149722
100002,62.39747757210577
54970,37.038159526252464
5976,50.049326023076866
50322,69.43353357729664
18510,36.79093930378098
32579,45.88830502801336
98890,34.68736279062123
40195,54.04374257621559
32535,51.072454046123546
79288,62.194999085989295
30159,69.07637824873568
9704,61.87347800549192
85963,52.644274981917604
60698,43.67197491614423
98969,66.87005899140023
83289,41.745019708836374
41146,34.08301541746628
73677,61.401482217454
20297,32.22097806226717
16515,42.303162368865806
32967,24.22582393358055
73613,29.823558482449165
32602,48.46264979198292
43447,17.931045499095262
56660,59.03745547226022
32173,69.27204303760621
31888,70.51655017616656
56830,65.28383298663123
33774,48.51192464990138
7216,54.026552950630254
95373,39.955230224594104
17688,33.74348062532595
44801,53.66376591584588
85079,45.95498015194891
99891,67.75441386654865
1212,59.01348726869837
55541,58.04313880252735
77798,62.838842326396005
45732,53.884236386532756
21253,34.47826961349164
93318,47.94529626424169
16176,28.771372264735934
69206,65.49743499048988
58797,63.185553329447686
56080,61.5497663965088
24247,40.46379982182465
35833,52.49632838692333
71428,30.3378254946679
24630,51.32038702778579
97785,44.95378780571599
98058,45.1270955542916
72050,63.25876362825575
60106,60.208891696375865
98523,63.18154609275803
100921,36.472601489266296
28174,51.7936557531788
86738,55.66603740921154
15172,60.42530152910997
71634,56.381117187213064
27779,53.207087549235524
27928,59.9313418094567
12778,48.64733700368373
58818,36.59467613074785
16000,58.75863719286819
938,50.467060542004546
99829,52.242155031712244
23342,34.681513024333896
78008,59.051588364116284
36641,58.69411411069079
101276,59.782315295179245
49284,61.263092964680766
41584,50.66481324409101
29073,29.297543606238236
29657,33.58968250365634
7635,64.92960916470803
1601,57.268151955487426
76432,57.19733999426606
55645,37.512114230253886
355,69.37088417146964
93587,28.966382897915608
7886,45.71252888842689
93368,58.76966129788408
67742,66.55390041522503
91466,42.13268214281822
39380,59.03295457415149
46668,58.8365959213957
31475,55.138303090535004
3438,40.29780057569389
75002,40.22147217040321
24645,50.80569009175387
61647,64.23305798435294
64802,68.57868956455101
1511,59.77616208286699
51954,70.06481762917669
101314,61.49561652858135
88079,67.57085787957234
4536,46.570780936108434
5031,44.45487298103879
80885,41.39061113986474
85733,53.567217895821315
61119,47.900824982835545
79758,60.043378902319866
97376,60.49817704640031
57605,43.96121931673972
24524,49.152122079637266
2974,68.63625781554921
11839,55.65377495980573
42679,59.25655180083731
4903,42.396834160930666
99799,58.85573611348007
40992,65.2143915262539
89724,58.497829816511164
26383,38.734176558171946
34984,40.07960684614197
88569,66.94170697951958
74293,58.34221431191694
40879,68.12920989854669
21416,51.61438433198666
101883,48.71656964734036
63844,50.91652587881059
10908,57.208941681541766
22535,41.51467161789444
37628,56.39969093605292
101851,45.449959163991956
65272,64.54682970756794
51121,38.861932460687584
71400,38.61036124985671
55598,61.267881758342625
74995,39.57104329734505
100187,63.35625696787025
46353,49.726274862864564
65251,31.885435229699148
102171,50.2295860777567
17471,45.18938215179066
91838,52.105056203953936
34537,69.36341520205958
71216,34.3962618549916
16126,28.449573844454516
71680,59.45655242973936
44530,55.45666097641389
98266,54.276612093233304
40799,43.55487394046522
77675,32.59066521608941
56581,57.38232986429408
67841,48.711290669932986
54315,60.32582740817321
92713,63.312115050903316
30073,45.88952764818322
36893,57.8722623009816
11184,49.82673890022023
90005,48.49243782665328
64147,59.8663458599033
53742,48.14368817020897
11682,50.2068065911809
69283,33.3078275300488
94890,58.92830270430174
98358,57.213482585493146
24285,52.69849543976673
83660,35.80205745290702
65597,68.91574919188264
54446,42.63001032866664
68036,66.15800329640028
56689,66.90252941763947
89532,50.201942209362436
63481,68.9704194252222
20574,53.50908023218955
27620,68.5049230411415
61126,65.70529356691215
88138,40.8780093158085
20248,58.452639230772775
48106,58.118467664134485
81399,61.08930586967856
87933,47.10227060370066
4115,38.103222660435655
23046,62.09601763704593
61244,55.28041883900353
86902,61.600022888166
24749,68.01483124336289
51044,45.29687539354339
20596,53.83744940500736
60606,47.05930916919309
43747,59.19686283655431
31193,83.86771385016716
85384,53.04562715149846
61896,36.5205734428517
53251,53.3738595909809
79272,56.93282791370558
21218,41.95342533217015
36763,37.29091364616068
74492,37.682031340473806
84571,69.01324588153487
10008,60.8100756745003
87860,56.55486552016162
400,60.21666548662578
81828,58.909676734205725
13432,52.70242602385325
22801,41.10151224154919
3009,34.94548561163106
39695,70.22745249599922
84561,59.09034207842683
69880,52.22290124234225
47714,97.91425925925927
7410,47.78657658266339
71083,59.558789789086724
88361,56.479939457933476
84313,43.783308758020524
65948,34.796823493070626
6060,32.67612723683722
92211,38.54112299577204
21244,59.61094336631965
101988,26.5641739551095
73129,38.88278599673315
85714,56.34891256640861
70595,37.24756302353243
9734,26.166780872930673
59223,57.09228618612164
26082,59.782476013343796
63570,60.606113464665256
81743,58.92138415174908
35709,41.889340724031435
15767,32.13991710300656
91161,48.79176899334083
57736,41.55411122429785
22891,28.127042416828594
49068,49.910988905007855
100862,55.11781311786744
76632,42.668175655239395
47844,55.50631179164452
77713,58.54290587982969
18006,60.79574832708739
99789,41.6028819649445
73178,63.677151003264456
14701,62.413471010988516
101044,59.36565098704761
16738,69.78366915924039
9880,57.7635111034553
64661,48.846078470232285
36013,56.30772731906908
101933,76.6208966483014
72769,66.86241526010504
62308,53.4136237266498
71314,35.75442872690805
96615,49.43706317125216
60915,41.4906609202027
11735,60.851890276150115
71047,68.60547909785723
81112,55.75795637056724
91130,60.11637846273415
39888,69.21157345889738
53610,30.24789577172721
22302,48.437951313459145
71920,54.43792793904161
51747,32.27229612742796
91074,58.404712754175534
44334,57.884463745953965
98443,61.81703002115097
63390,56.56306093026533
15060,68.690325069865
101178,42.34293470604523
37511,58.255307382772386
81974,39.69575797198446
37983,43.82635986446988
47765,44.38692751002596
89951,42.19596091428035
41520,58.07567809136981
93159,67.76967280255757
27476,63.146746667105255
67169,44.63643651396536
19305,13.589733337387683
39123,50.91545573490507
23745,29.75179118044614
65281,53.301183434577275
13550,51.26495924945184
50318,56.862636712466085
39529,24.001818777295686
21248,51.455519627962296
92011,42.30751515730588
22913,17.361093606542564
64263,30.735261595145925
90209,50.98627713357077
61319,55.99322979795725
19594,66.23314719024332
89573,68.35659541288099
48805,60.898330322380716
1505,43.91189424396975
74449,54.260029706756626
19629,55.44748821245649
32028,63.450784000910716
1524,34.056300187690134
82109,59.615948874955905
95968,60.12410918488522
24309,43.129925552663515
71407,58.84647568505021
65536,69.23788524008361
75649,35.75840418558337
2441,52.480154883973086
75443,52.8824203283342
14418,62.61811507856325
35814,34.80728063482472
80455,49.35788565688633
45541,68.88757116114257
28627,37.62384955238569
96556,62.9976939645957
15460,50.97373235669034
94108,54.57448705587986
23799,41.900901250423864
40450,59.41205604997771
18157,50.76671745611812
74552,64.85153528024226
95494,48.30077475615177
54577,56.859133201976285
90648,67.68481520507328
94069,67.281631870351
51955,59.65977498048966
48201,57.1290641411934
55038,60.598384827102365
35869,56.502547287709795
95949,53.934052366411116
53913,28.445250500691483
80364,54.87189455807524
90478,60.68512621356317
3078,65.28429957861754
76815,35.86830237868322
32411,50.81083331604087
39790,58.32006545823921
8022,57.35565654032162
35691,66.62225039766471
71731,43.32071801309596
100176,46.719382047514536
86182,53.787911396169385
81961,66.3181218097171
74156,51.61261738696437
21168,60.395783545196366
58506,59.47472911337722
87695,60.266512476939276
29760,67.09671168856529
98708,54.0088948943051
71559,59.67980680614852
31477,57.698637204965614
45446,58.72482203441794
50638,65.72748912819088
9697,59.073192299807715
31519,43.125513046972955
81815,69.67474196010951
85467,68.00684610602447
23828,57.94330568769004
28246,65.03626096969832
17662,43.71972640826214
87140,53.378830266285085
99024,56.37131938975553
57974,51.16612070437206
95815,62.44124291458439
83979,59.51247798533973
56936,44.709008701283125
86194,36.64907364151153
87321,55.527729918983205
38558,45.77708555591589
48117,37.281091026665266
79518,54.44524284980041
24212,67.25088698338915
40876,40.82262438548568
53760,40.84200880971676
40353,59.14300448660656
68053,41.48308098551231
54898,59.191519536009544
84261,58.46690469606105
85606,26.87446393735286
21593,72.26842931923528
21155,51.59915137865943
8562,49.35441348051528
50769,56.59747418240256
12898,34.761263859163016
2271,59.861087128281625
9779,57.47081249353252
55659,74.15269031567158
87127,40.27399323977965
12279,60.18400689319798
21975,42.333020405934384
1095,37.996742530788964
2021,42.04130072175326
37893,48.158339909710996
34820,67.76418422574656
97096,33.803824684151735
93621,63.073050893556854
100328,48.8916104208495
78616,45.15457285583547
19624,64.84201476303463
56200,47.790042873427026
28404,55.64073598264401
84123,33.113459217198894
42882,44.73206251285245
81970,36.98745587493487
74389,42.63872194958379
35582,52.73929166294957
21949,40.84069374933869
62340,37.654607497011874
21496,59.90428377174571
25925,45.0634607229094
87750,65.29552067880384
86561,57.558903179932216
3739,61.07836814090521
43743,42.819873505753684
87214,68.03191050011564
61042,30.8812545266557
19809,61.412330340905854
70436,58.813475274649974
66846,69.0992478937333
19515,63.50020860026982
57520,58.7599619105086
37813,52.690464566484216
41759,58.39198963829319
46523,34.94725863805625
16345,70.2653784404875
66430,51.652391585694616
57450,68.80100422110937
20461,62.5845342490574
95261,50.24384950233123
59058,66.2912590336735
55270,58.129252751345284
97936,63.377067385382134
66153,33.87422790359927
47134,47.73514070541744
45041,60.588963063803924
51341,20.825707894275318
78113,40.68776524221526
77820,26.797662115485554
3573,61.15482783743759
46084,51.97645131421297
88637,58.131273845450735
41387,50.4798268810515
36659,66.34776371512413
70263,58.41028791289845
11091,68.95410835025116
9374,61.087063853141736
94455,47.85404390178633
54143,57.598769284617504
98132,68.95410835025116
63162,43.77589995936769
58060,39.874768219948294
63530,45.40679234692489
81977,48.77720454676153
19180,58.027819608132475
92585,46.01549653606039
46918,32.770988831079386
68706,72.31387301306262
1160,31.931477254901157
63393,25.047904328222703
74332,63.12371608555941
76128,40.563329177470976
71495,62.23048007666087
55233,46.40100700831503
22081,42.15594514408889
62595,67.85827492738616
55788,43.207517794026415
55304,53.54542328359617
79396,69.5461307331674
26710,48.21852277809249
71359,53.30453312525186
31842,56.553411816933604
36654,59.663554853072995
42657,57.95717323029527
12326,66.89610431633889
81035,68.96799133955341
94064,61.08415891222863
34533,69.91656603154406
83536,70.12134045904145
29914,47.91030979842829
89129,44.12558149133275
56265,55.100899845287486
64045,67.12077300457578
16863,42.725187694879835
90805,29.083320847517165
83859,59.475199685407944
70084,70.28445945886699
74800,45.14427081779928
27532,20.7341695156097
56376,49.23005872071726
32472,66.89947976871396
28417,62.28255855168287
78721,59.88466631532556
189,59.04575966836149
26989,48.04620657428987
18709,41.010623433967694
48780,41.76018391998179
8859,57.71055860019095
18242,58.347928641360305
20652,48.54493934753132
71716,26.364922891593825
18760,47.89328163194914
40532,68.621406000078
52963,35.40560242709702
92891,76.87607437697905
65857,67.84776705173111
54084,60.98966362262636
27398,41.464327689169885
30265,72.95965372177133
8907,69.8340760297668
9088,74.45543257353131
41571,59.73251487167919
36737,64.68011755540716
96071,67.12435987469307
6855,56.62552531083105
25050,45.31552755149995
88332,40.265392094781966
33236,62.96892329762399
66177,41.02757599027993
57124,48.16227033695222
29684,54.75290309244528
27781,27.466104546124747
94289,63.47503859613435
51678,56.54929057095744
28871,16.23573424098278
66653,56.32184491675337
59176,54.735441702384186
86393,47.453598908269015
32146,58.09963998364043
50106,61.2436078098116
96398,64.53195173170435
59111,62.356059024832696
25723,28.489850659266335
93601,61.83785505167967
50394,50.83649403610045
18815,51.215007121682476
62991,67.91047884188623
102079,29.530351712756453
75541,51.36265590599575
70746,61.195877011579796
39109,50.98798535180539
39948,56.65701318438112
22222,41.25022569631112
19264,69.47659385378927
45396,50.70255742590345
5105,22.449524619403977
49850,57.92765496073246
42450,54.242840811028444
91844,63.557937298838226
69590,51.41991491072374
40669,55.48141205149377
75645,25.709842398962625
59608,41.58194640267455
4716,57.05271745094622
62704,45.30904221361711
99458,42.911868013824254
66562,74.30580673167238
13006,67.86404800646464
44071,34.96075531338093
18298,61.13864498061409
3076,60.431783588310445
60206,44.89838896768574
12021,40.98545729562102
40935,61.16659444888371
44377,59.273938238956354
68523,59.98993882233296
82295,60.504925883988314
25764,54.408060674421364
17385,59.20113857908466
70606,63.94944295679247
58352,41.65912655812706
21757,59.59184482178478
26190,33.49559230714596
28308,57.3134384052824
96838,46.073226367347054
64172,40.01472002950659
30434,24.346504828083248
61307,38.779707929007316
28821,60.64336377795582
81867,59.273414342883264
32586,58.790929928110764
53811,25.38645179057444
50115,69.26028072498652
55223,38.99944366705455
14583,54.36003732655976
74044,57.372412126009586
95754,33.88793713138349
95422,64.22275296455514
62990,54.320299644922514
43590,56.29495232069494
55593,59.791946021322225
88645,60.59054158876645
50954,29.785065163161075
36783,69.17959179114266
61953,60.09507394448477
42187,50.04530207294304
21038,58.548059902397455
4515,60.080831356907574
1430,68.4043124770544
100333,59.87399012074152
82466,44.850985795780055
54382,50.39123554437515
65762,57.73238229228204
74826,60.24498582033546
41936,58.162797400124276
48304,46.23879701465525
19129,38.674846201324186
18332,67.91802369696968
25660,59.24705515040006
12195,40.158323514339706
3765,44.26475057861624
1459,38.30549981877998
59228,59.948715999982554
76850,67.8474740743963
57655,44.1637719570296
31641,32.46267597645183
74057,36.859844196023886
100507,47.22131614108146
1928,59.7917506494739
54030,50.62356728746701
46604,38.56909226275711
83444,73.66578636698519
25648,54.690594826624526
54377,43.59149996526966
30340,60.09981365765628
12957,52.239370920217304
56673,59.05022745152955
36690,50.15447288744918
92396,41.17659928903183
99285,33.75160618696454
26496,59.282818585727284
83367,21.587217940266004
73273,56.21982360300278
20082,47.392152798098905
93704,47.334154039377545
67260,31.612212774125993
87205,60.11561418749453
72689,50.786620738956536
68459,53.197445507483096
72321,54.96020452332696
17660,43.246001716433504
98317,51.50901293262379
83780,57.203596426000416
54107,43.9889854846166
73175,26.654468665588976
45045,57.69985575354866
73577,61.35532982727837
64408,41.40644903937261
49683,50.63393091821582
43376,67.08075213848309
60038,54.10802267024732
35359,67.8507253178575
79532,56.08273245762478
70816,53.5414355806258
24649,46.28370020496006
8084,64.8173174774619
102364,59.86671142156493
94023,21.059706312302602
95390,58.09412611870695
21613,42.566212953207376
66599,41.56153502163831
5540,30.854051833346166
34423,44.782875074625636
77056,57.75877256929094
2707,57.71940810927052
102659,55.96825670802109
65037,47.909447014846656
57796,38.02092189515852
59689,53.076285092954166
24690,26.084061640052195
21115,57.80931591676865
36173,63.0085371030255
4652,61.03919907154834
32407,57.90523077440398
32861,49.954921603881424
89179,57.910923294281986
92167,67.52598032774853
5423,46.00933922021503
97395,66.72188333070825
22118,48.353628204965574
40809,60.551399950068344
48299,54.60031963817395
32304,51.24218771732084
66553,44.96735594464272
42161,56.815049653639846
46126,57.24010039643961
68156,58.888435459913715
80394,33.67904701769155
83543,61.98239745082658
42093,55.48710925623556
86210,51.42789306968672
22289,55.682109711952165
36992,32.07980706904489
67854,19.125549611067626
33737,37.855749655555925
27207,45.753439672580924
92805,64.4781917192557
23989,59.8786933037842
92482,40.70646188905075
52676,53.00317651487903
64580,68.59163614480939
49343,64.2270328438713
58855,54.10706852094015
66443,65.6778402606127
94656,61.225673535812405
73822,41.095748303563
44358,57.01152524416243
86786,44.8439255768656
76481,42.78469693517503
15188,55.83484631499546
38559,65.72748912819088
22812,55.96122853669622
73017,48.95152512250411
76167,62.8836706527004
39061,68.41759231284254
18656,39.164339645784615
23427,36.92992987262849
94742,35.69669591429117
4989,55.10862771209446
97063,51.45690542163752
72587,54.21949256966886
62037,64.31485889418012
74893,33.11880106200659
71722,58.54930055402299
31586,61.20938034308274
93086,38.36764389970437
52631,46.828442243417804
29106,49.911031084489714
20655,52.50816896996476
48437,48.902873320233596
93903,43.197767303336214
81457,68.19847739030513
38375,25.43691936847982
15471,57.86661895620061
12623,58.65627842453328
24059,55.88525747689155
69014,32.53057847485135
51390,56.076785078563844
97667,62.01090547174168
26725,57.30376416626568
56230,59.67753091054521
12302,45.87478378483733
88554,43.59632936606375
4380,48.407278926520085
2598,47.34414209288074
99076,54.63117098982499
50753,72.03608460272937
77877,66.6999380942198
69497,36.08335025702048
13882,60.369218793453264
74288,45.84462349214773
89708,48.197477909881584
6844,47.86376913384687
31882,47.82244899063228
59550,53.154124682383426
65373,37.63534235895
90068,51.512194072640376
70175,37.9419071828823
93682,45.67428686025366
72717,58.89428658177612
58438,60.133276273649834
80653,42.178916229074815
22785,70.13095244506644
97419,56.21936769320107
97608,43.379968364343696
72177,41.76314508115326
80612,55.158879127813464
42297,30.619242799070776
50096,56.86197400146732
92250,60.94161325148756
43502,37.23359175014677
75143,26.0108435183099
2747,53.033827855688415
80839,44.40262036119949
44139,66.22689639011207
49352,72.24714154833745
23316,56.877626729369915
20925,54.29928182434824
44498,71.77851990060888
23211,38.13282154393922
82179,61.505261839506154
42062,60.0911982006274
9014,52.28052493588124
53485,54.94039842781521
150,66.9720293347796
44804,30.376634081638922
47364,36.9494574236314
11571,37.777245485810184
85892,43.55745638246802
61889,31.94870948100596
52705,34.38015966774004
476,44.021347187081325
67692,48.739851225020246
62912,58.98938113983796
29570,30.106900797305162
87156,57.615374692346315
27445,40.681616173039
1738,57.6277252760115
80052,67.63788592946514
92094,45.91964888269506
42038,57.76691704113142
92677,33.322124377873145
75492,54.93867761333165
85171,66.66230725832203
52274,61.1845036587299
48538,46.525851872158455
80307,61.28202316380645
102026,47.698868254171764
34454,42.53429220311653
66861,54.993280444097834
30,56.2891156792024
38169,13.785459116045404
889,47.090400859638876
25480,54.709913186204204
80078,43.73869890367206
86439,58.96596675044239
6735,60.51679505587267
61612,56.75624042087822
69448,32.20172168949537
98414,60.30815153101289
52343,44.645386415668725
14129,42.724735442479535
35950,64.3517634401172
41056,47.947563056963446
80464,54.3733921175567
56875,38.26119631529536
17571,58.81722815963884
7535,38.81371356307718
43890,66.9535144844975
40415,65.82690144474945
97743,43.19508170072172
19595,34.489282679791316
19881,67.20644212194925
98872,68.81181806219585
84553,81.69736595698294
93977,69.55001428269347
73793,52.96334224697219
56861,51.19282614894099
28532,64.84737177993289
70128,61.833365735536475
57815,34.31576756670782
76133,69.59789931892064
64099,49.87357813501486
99628,53.270815813731886
778,45.00548160496254
57219,56.16071033155159
99014,69.19670013793538
88729,59.91252407779685
88659,59.981074328440194
101043,47.55790509149349
90847,49.97254633467437
83139,50.04819041633664
77258,45.68250906728264
53614,68.71031729868798
37311,59.1015781755626
49258,46.43188660835182
35957,45.098958446628224
47179,42.167947851120054
95509,62.194708184828606
79102,55.401621287406144
44660,42.794233687006326
68197,56.73006775599188
44137,61.20962420768809
35753,62.38154138158233
63914,71.7540787473489
20460,59.67763760248208
23923,53.84167634673215
63097,41.02992362680827
46820,59.67980680614852
69524,42.024787693739015
42794,36.77067391256289
15059,49.935886568285305
17742,68.03191050011564
88703,51.77393526003412
40515,31.11062770776646
39266,44.788841362007936
82599,43.047228001033915
95742,61.35278411702424
89776,62.4013904107543
40267,76.8269222897582
77923,45.689019561924916
85427,60.22348058217266
880,29.06038116422548
8060,58.61994011137326
43238,64.21071481437347
18550,69.04121725998255
54894,39.353403725953804
100157,39.2679007061709
5804,57.718896586362405
76629,57.92824072419571
90088,60.25285071825377
29236,65.89619200908277
13224,47.638608248290836
84270,60.19038364738608
31466,39.87041552480832
68788,67.2480207186843
96420,55.37757985125517
59255,36.71839179747688
55827,46.05962447133336
24029,82.46034237994334
100956,53.74530132976397
54427,57.930583748378346
53909,54.983414881537
42891,57.089117271743234
72170,57.979998745153544
47638,69.37088417146964
8877,58.68208349939182
97489,59.08167871858407
49355,58.43680611685417
54592,68.78879567145556
5318,40.45124057282339
15391,37.044581829589724
2717,47.57337131891476
6869,42.583177445321
5912,43.296539413946675
25428,25.98500505875259
80190,40.95381808470143
67017,55.897978298739005
42631,58.916123321286406
61163,53.17089122315494
80111,60.814416744353636
91385,54.80984124886066
20772,38.00779594664002
58498,64.52800042631326
30544,64.99236534487726
76788,41.28406377967196
92338,60.739081318384386
21175,45.6374929541621
53343,60.3667684487721
97270,41.582591194710595
97227,49.358536095312175
101411,60.9627784318956
30431,59.64493028466463
43062,52.840109218750804
14449,40.98141219727866
85824,32.97817258550107
56334,70.44612539056641
58213,47.646002366244794
19976,65.58822343212573
87135,32.56663500180739
85897,64.14671954439386
59711,64.4457517244906
70265,38.420163686772625
88007,42.69033977939076
51805,44.00352846053059
28252,70.45321937880959
26686,66.32099556082993
39121,34.125144874217106
14728,27.680171315113363
125,47.50340899957963
80327,58.52935820544158
63428,58.17752063345138
60302,47.425480555417614
18170,58.374660122584345
39389,69.27305467068311
85716,43.4429920233176
9984,60.82754482145038
68769,41.0170917662921
50982,36.22719335199169
33094,63.84840609007392
77837,64.90167946443903
11107,69.05610701443105
53882,45.66933003827048
69512,32.37056412286766
37619,57.96461990130387
70479,68.75238785826605
1739,40.63708730129
100303,54.53514165408999
47812,68.33215216537559
10657,59.60264587649573
101515,51.81434079579692
81687,56.19758996461579
60637,43.05489071124602
31846,38.45098829324879
20747,42.072144205761845
16249,29.44680200423543
95377,76.3482605258232
940,45.16549568797571
69302,64.5837152548283
85793,60.042852270477
7247,64.71348221355254
36958,58.899730720423776
44967,64.78373141836677
37007,63.44895206791266
18635,62.44975878989817
36322,46.19937376464449
100134,34.48508807574193
29430,57.654787537680875
42879,30.27464481416134
54202,50.56770994185095
58557,69.52336686393782
41780,52.49336376740038
54626,54.51345131525804
14918,55.08071120598208
76860,58.10555308289612
68201,46.401761435409135
97616,41.89012989721273
37071,40.96043730055876
67601,54.43685474043936
59341,58.07522976320639
88120,39.561118414336846
28331,33.02864016599866
86381,55.6582138953215
52290,46.30209418405077
66944,28.83452878069816
77736,52.797194519669944
75609,52.413285109653586
7035,36.31604995592716
25105,38.52795077734626
91122,68.92975791730751
97053,39.80345136491084
64986,61.78115557534838
49832,42.12878215168248
38339,15.181206357830131
92956,33.81418581514368
76778,47.5535543121355
100934,53.12405378426572
41113,56.313557883270015
669,69.0867665939503
94979,30.98549223171562
4492,68.81181806219585
82779,52.486945961771156
4034,24.75055205995234
46072,56.92308680510152
76011,45.50222218630691
12978,62.47523690754217
98224,70.8995014744736
57875,52.37884053407519
68982,19.40767133689095
91543,37.00669769871827
53804,56.33694846231202
9066,37.603314334677776
70453,43.10536055709821
36907,52.37766741094223
45197,55.672443609483956
45587,97.99425925925927
91356,59.254863155799455
92198,39.8939620176152
29759,68.5517322509791
43113,21.62100018999589
56762,54.253661086407966
39147,70.9070998513801
5613,45.10199297813153
59980,51.86930708660648
61157,26.50667688010424
34444,38.22130403652538
84754,52.40543849957222
43448,56.94268005995089
100621,54.98695212015175
48790,51.77080287268447
102323,59.39751226623695
71543,42.9126413335412
19912,64.32567143591893
21283,32.365222078408586
96115,60.101138455979665
66872,49.79457937496184
27668,63.50223820401844
87480,57.92434407042944
89686,44.15656354332138
54850,41.58859117040457
44490,58.53677899793886
68082,54.570501220277905
65871,67.24325597544394
89116,41.317788700147254
62166,54.802603344073866
62967,38.01586848902922
59193,38.07112458483191
97890,62.43534069754105
71681,63.86562906247734
74876,45.05546152385032
62213,56.65343192968923
78818,45.389405500968365
70934,41.74572994840254
69704,64.2993837074143
71715,33.85100714641144
87806,46.12569162724989
44540,69.06554280454047
56360,33.50389505879291
36047,63.3497561908978
49543,60.959533540277945
89318,40.82090228081435
38746,64.04424819253668
14119,24.040373796426742
30744,53.27295016284372
44178,55.647271613423506
70509,39.503376890017265
34568,57.032668393004926
37604,33.253284205988145
15076,45.01390784564141
244,53.173703885957735
16931,32.92521580772438
90241,53.32947641281505
19277,37.100562214566885
29485,46.364827578145125
66083,49.62887151158442
2515,71.93810703200992
81376,42.812882269674965
57668,33.949458903699
66786,59.37728226460721
39498,54.308054915225796
7305,70.37947988903198
58335,44.00980856190364
76,57.35578695350469
93313,69.5170873587931
55397,37.488931673683325
35174,41.440149642383815
58536,44.83813517664229
10442,56.926287398932516
10551,46.0774798033101
69726,43.25216872158845
90341,44.225060056016936
74882,26.700046544423635
80332,30.261907737523654
88365,36.5607743742854
68458,57.10403286646186
54844,55.67830624694839
90736,37.29586506552316
25998,53.24889229433994
33610,54.8064131828013
3041,56.25432960080147
9192,69.0692263557321
68120,53.87835695699687
45842,25.028699101840107
66853,64.5376295508566
43840,45.270466400118565
54983,53.79731299243638
88852,63.77524305662846
34058,59.137000668047385
65728,51.85096998985574
48845,52.170646727410734
46414,49.58644992657147
50474,50.36036603677099
13980,61.387501347742436
23883,51.23353123252716
26865,70.44612539056641
2228,48.820517316909935
85101,64.29609541881244
44830,54.643529078565024
24992,55.50991952107934
2688,50.48322036042887
100868,68.88757116114257
2433,48.870372779150124
29633,70.39228699172675
50386,69.17604831967084
9617,57.65215450808375
31560,26.749236276460557
39961,70.8995014744736
79485,52.95718792020999
28897,49.86275297572823
80463,37.36457108416069
32604,57.10332566164841
62078,66.77176348637376
11466,44.99308197588941
63473,25.421807447649467
42270,42.25054632870362
73809,60.25729225321694
91917,59.35895493023869
28613,39.51183338612031
28299,57.45009742476476
10734,62.301082563856355
55486,57.77399175433039
39632,40.00123570169881
69106,39.0983345891294
22247,37.71140796185316
88200,64.54652405780966
31305,47.71540871291027
102470,28.14371692537336
88408,48.32040452554704
63712,48.099700986223105
3066,68.59474633766493
29131,69.01011323665305
44132,67.66135357186842
13245,45.891613965103986
73842,40.15318134769727
25493,47.42727933830824
87949,63.22405359178906
86009,53.53698326700688
85787,63.63129992199649
68366,60.226995036109464
469,60.3867575084481
27583,32.50461877856375
20494,43.45898688793056
44436,44.430100385741554
89870,42.35868202013649
12970,42.76328143665774
84187,48.990687595794746
66115,47.81459715503389
65749,69.29031041982029
53046,43.31859472537537
75584,60.73235575575111
49460,52.31035250784083
91711,63.76682500336071
83766,62.217954605423785
6871,56.3294064546594
55683,70.04972370396905
64678,54.63085675379079
38076,36.450787810708945
346,30.648921421015952
32678,54.66240942209149
73578,36.88739664716662
73332,61.67005885514132
44525,38.57028654670555
22462,66.88638922588717
5917,54.183311377231405
49626,39.472771799296574
93978,67.91802369696968
95990,54.551888422570066
6540,69.55743772906753
19433,52.52100589259899
80544,45.21854251201317
79960,58.63421563492794
49954,56.61961840779899
18319,49.91718739187627
12942,60.18379739200823
31496,26.75049221906665
40116,61.58509017371106
6210,25.741119800063103
64969,51.46945417579082
4248,64.60451281494471
1273,56.46950493654715
3324,49.43608958283072
5731,37.08585248242472
67934,67.76418422574656
61410,59.25644949029844
98122,70.6387055903062
25416,44.53370909452857
31264,32.49750421684513
77362,55.56782230021161
88331,49.93849223426992
25473,69.5992187041941
8326,60.813537992021345
13530,65.6842386858068
60322,54.00983529898501
2926,56.16042486393135
26202,41.047871382887415
56214,69.16165519803236
58363,60.7244052600105
76678,51.599006581573896
49839,48.17203094974644
33178,48.04606409919239
77149,45.47336932409942
71834,60.190798895801066
6939,51.25684095511357
75562,57.885394059520394
5297,68.22743134374068
17299,63.728760449660285
38367,57.227988686880025
97170,15.020541080971796
31250,33.9754424412384
76943,28.9906300945909
99791,40.94005181278967
100626,43.72865669117658
37654,67.37530986204479
87130,60.02188797770944
90441,52.06598351171884
24469,66.47707929698339
86876,62.61130122389911
38969,45.06966278009031
98547,41.615482718918095
57356,62.02747339315773
76052,50.707200034378694
11760,47.33039788932452
70555,67.9435304822579
52636,41.64711292759294
65557,31.738165976679596
100650,41.29246768864432
37269,51.0285938762621
55581,67.99809893091327
86855,43.35197209533842
30080,58.4456996326262
20562,36.48359729141928
24255,40.155453860915124
19941,37.12807677310885
92519,27.253484255717154
77120,64.44898018606011
11833,61.07391741627476
75544,49.05541800888795
29561,66.09802791983489
52816,61.696387060222015
6873,54.253430878466624
53419,75.34599173359628
27454,48.79569806343677
76500,65.51038869245646
19035,59.716566033193104
84034,59.45988635051342
68252,51.94020853772118
6227,38.82961576604929
4484,32.163772491628286
80183,55.89641251361838
79001,65.96940387264883
92905,53.22106148504618
18687,52.37215298552145
31664,36.78155412043387
6993,47.36061710377589
56052,54.885141315268584
100703,45.14878777456238
41245,41.43297984452589
16941,66.06284158251435
67226,53.888957749449474
43458,59.87384502621255
84578,61.31920267984582
89049,42.47397173406188
13947,53.42957174007145
60021,34.3867123125068
8753,68.16601822133056
83448,26.62737612013076
45686,44.7799605926681
7683,34.229104860048515
8182,56.60935019692916
78043,57.5813230363379
37109,60.42233549581888
93407,69.57220356700596
7227,46.136387505689335
33961,52.791763969356765
64976,63.84840609007392
57376,35.85875709274593
85241,32.31648022580098
71899,40.23531960101286
44359,55.17861977809416
47860,28.458217881977177
89404,56.85108629161915
31750,58.929093167138106
74076,28.35724921753117
35178,70.62167088092751
55137,41.605817349901734
86829,58.02661531272009
3687,45.25386026556603
85538,53.81905854189384
87043,30.51012115832261
19706,37.74323876385898
66945,35.41294422969349
51849,52.300737141053986
22827,59.5840588192766
96578,59.866638516205185
93604,39.632664369913954
40074,59.41669150763314
75096,62.450367374551
46737,53.91531556804472
67303,60.74888286655418
9639,54.253661086407966
55367,48.863556950402625
6070,34.75577542043562
93933,34.75605000622486
33732,56.4406148579817
41564,52.433136211894805
34027,50.77294729033773
11218,62.066265345733335
1763,69.10671980860475
98913,57.72316004882814
33907,63.73130718957943
85179,69.76656765866754
52378,62.685370114802765
86694,47.907164153236764
45936,54.008445800221416
68986,69.26477849479782
38038,68.66150730715256
91644,43.11686530278971
39338,32.296193109958764
64539,61.37515947175596
80089,59.60108391500905
50555,50.67980225591904
19090,66.797158371245
99020,38.19678261297378
22182,60.125593020386056
85130,47.72598668931204
73528,37.21673730758936
98352,60.16162124882767
4442,33.1588035400546
96649,58.711691393015144
90518,34.780887562013
23264,56.0956093053505
44714,34.757958298436385
18978,58.68734765574599
27677,58.517150724726434
39469,59.64441088071886
33257,44.446153231031715
17860,69.37088417146964
9644,31.35571080659273
20556,66.49079276383225
65520,64.20627243312259
53673,59.066478552735425
42293,54.30871615592864
10411,60.619599344579676
33543,47.68294959238037
58869,47.46515954395906
78644,68.12554282709225
29103,69.01789028982449
67949,32.722199790873525
11286,43.65354488456753
82616,58.289636876636585
63171,53.51428927367686
57280,37.20734055050193
55348,42.17303441874638
41709,42.40702961559112
20085,47.53727163387544
18190,65.19157077298166
80315,24.057711482775304
4409,60.34247770520224
92177,54.71997639581642
28489,46.343776730350825
69250,49.53883339336482
66805,40.53612000630598
102289,60.90752545842305
15680,42.52028296877207
43475,59.15571866432638
66023,56.143502054644415
1058,37.969475093474365
61993,37.45624087661121
56859,63.4557348263333
99499,55.23071687560874
23657,67.90501200434046
66921,63.94945673694808
16900,40.34190332274635
98102,57.41458452907425
29647,31.981048135309184
15010,42.41865501825775
91800,65.40258629616866
46578,58.72409131443923
70728,51.589491210466846
97213,55.240204666790866
95567,50.60330397677064
3385,79.49583369645255
59073,26.38128865892355
96042,40.8940448070997
14985,51.16840308685269
16512,52.80337170208545
1659,38.209611886291924
43925,57.00481002224027
70696,30.21553279273886
23916,35.83784741270523
21662,67.01639205471754
4630,53.272672232116726
23348,56.89310622822639
7722,68.5442812411848
95950,49.293340301953705
90283,55.067051216512915
23100,50.48061219857038
100608,69.4325134633435
41210,61.087565049183816
75864,45.84519937810445
14705,56.58336779304043
65664,48.757656323334665
9048,28.908935862557154
23323,58.69472613319678
26281,44.32716400148166
28678,65.17133458213192
19425,56.87284331649801
73612,70.8618343897045
88014,47.47288774757514
90204,63.05855160578753
50820,52.475747038811484
92023,62.18101950712922
40972,58.24216812618728
47770,35.63928258411905
21265,49.41317954854866
56590,58.329954343623946
14579,35.076885963417865
8580,60.16744204184845
84866,66.77176348637376
24007,53.791100502371854
95724,63.44682761586163
67551,44.767092802610506
39364,51.72512615328317
37897,37.0610331271098
19498,37.2819840762906
54259,37.199409413347695
32338,64.59334564851217
85128,61.70525154235251
66350,43.757996400390454
93257,68.43468283734272
35051,48.0174338911395
101414,35.20753131532518
69276,67.58614498170107
14068,72.36706127112076
70676,35.126390948930485
72616,57.53362193973407
38234,53.535348717868075
6929,47.959217996981245
36000,35.5000323606041
77310,49.093664128626685
29409,54.720558394545904
76204,60.18400689319798
93121,61.08238465061722
46346,55.70473045172908
76348,43.76027917520184
36243,35.32812609081531
83302,60.08138117230332
19220,27.252393276822286
55490,38.00411115900505
67811,68.7454134948315
26639,57.903000311173436
65094,61.72661604240459
10343,58.90213025607587
67723,49.492755927464216
11223,57.12352492291447
78596,42.97155698394443
13209,62.63070423927953
102463,56.376115394256566
23594,53.300652072774916
50434,42.987894623455674
42115,40.112223319706374
78045,35.95522895964961
90788,64.48831968951093
86261,54.23073076220658
32887,43.136953699294125
20013,60.095982197525025
96333,58.04380535639939
87353,39.57975720640173
84741,59.39748889535716
65287,42.19558484693769
8590,59.56001584539747
78664,69.86518681164182
23307,69.5992187041941
34186,48.45576405226709
74137,62.90278032277674
52391,59.882754061745025
46809,64.12298982171492
96158,37.264532340025596
15215,57.55867908160121
62775,66.82244484307691
82671,53.85858104634494
25858,76.57181617238967
96360,66.53711766848495
39196,34.598954133172896
51787,44.194170155661304
47612,41.91151445373952
10906,30.842264126539796
97989,39.39541157289453
90757,58.31191238439808
63889,34.164523010672426
100763,41.15829038949324
99252,54.413262165685126
14180,51.13194723256425
45972,47.19721093601425
20398,62.95015267222596
50208,62.93415886941439
19049,68.91078900121718
25110,40.484582902064865
72928,60.764087003689404
37595,54.23979536522257
47353,60.15466418280455
34604,28.994325614346984
43091,54.56115745020006
63954,50.548011256293414
59122,38.44319816549787
41081,30.43866686338257
23679,59.28738931845132
49140,55.688221193356256
24953,43.68877249552325
24332,52.81303598828007
89451,67.52025915912141
36854,24.912805151347925
69234,60.808978743012084
83920,69.31580170073252
69977,45.255002447143696
56983,50.384612946594444
85380,59.78469828510327
54131,65.5997630865888
49718,69.1969212422078
73085,56.83059501234577
63319,43.65491935889938
81729,29.57033275252635
7532,66.27383264614554
31058,57.65790828426507
50002,59.352057218450916
64502,43.06385981217491
15707,47.165642414153155
78362,57.362774009326614
42475,42.35935811445463
80506,48.217590974231896
85641,48.1780408190555
97472,31.37214900239127
97039,40.99740394444744
84985,55.177285300241714
78426,64.58525196695246
89766,43.33056689473874
30036,59.75889567870182
14530,45.28856444753404
66328,32.23430138140819
38655,38.443157412856344
23415,58.39557841144541
53986,59.11533086480423
80149,45.880110811602
85794,62.39801042518394
46385,46.12979999629823
26418,59.19944454895417
69806,55.68589769085248
55617,47.037416816786745
40601,45.42504710932772
81932,54.87168385895095
51577,48.70873036282009
44730,63.20165685623664
100267,39.87280544829147
4646,24.183970930167398
45999,55.385093039796566
62642,67.23984792509812
17438,38.45952762685
97205,36.82771053522516
40355,41.681183818876136
16429,69.2897552950769
85696,54.364750970372754
8126,57.998115898176714
2759,69.9800800321409
19969,53.726827339470056
80792,58.35880568881554
22166,50.74233509817093
14839,60.28344462896989
98325,60.10188010230796
57799,53.640912231457484
33857,43.16712326197672
63132,59.03916452510333
41582,56.4297055887502
19795,61.134365439340336
45037,58.39807146166359
27997,57.4267703865089
44138,23.949886997090402
82106,68.05155936577235
13626,68.65357228497157
13806,36.12894850421662
80718,69.5041174478176
76825,38.57559538383836
1504,57.84494149715121
75420,45.17417316667306
55686,61.074068241228325
35444,58.62747310493755
98442,61.72074503269993
83049,53.26765085599236
73409,42.24017161666016
36929,66.9538534187091
3212,64.11879668949864
16638,57.92038037364602
100115,60.75043299266378
31484,47.22754360876135
5774,65.22260399290846
35099,46.38172851447029
94855,33.85340869700764
327,58.073896464225385
100988,59.484212105544955
21432,50.06291756920982
53386,53.61932688144796
48605,46.73228415056551
13259,61.784066729623476
73673,49.784320403063155
72105,67.41129577406682
74032,46.38151962023274
62057,65.61960789409508
66190,58.81473282818355
59321,29.81930246065143
28914,56.526892581681494
7838,55.44167707416074
87608,61.70360548621088
44075,48.30061856692773
24667,63.70506362943353
90584,43.35274279733935
78773,62.80445068836115
70885,42.594591047125505
100113,34.261069615246704
29372,68.48626386145331
22631,60.42967293253689
1472,69.25269768883278
84278,59.1984118552609
100848,47.553645672743016
97294,71.30084719823144
83333,41.79615438966241
1829,67.2480207186843
78654,64.76042677020752
11499,34.98719224353994
43038,58.08478448685808
78299,67.20205988207108
97747,45.19752500334418
12816,36.95541865907468
32821,52.59296736492379
75781,66.73188103106419
21076,53.914304607828875
10621,37.527750166124534
50696,40.49792591092388
68103,51.730290302161194
34616,64.90167946443903
36809,54.68973281234526
38160,60.77127490161286
68552,61.70748110913034
64157,42.50642883845882
95327,63.284767076238865
46534,61.63974742076697
95053,52.36798508202959
17041,54.17502482804895
47599,36.93071786036729
43788,61.483741423051605
76458,58.44173751355406
44339,41.807549962382865
90646,60.41975405341869
8434,53.68284508084635
60014,42.93688306125899
89922,55.19752983862287
89653,63.01172142934245
89606,29.08516919086908
11522,64.21463597510785
71518,55.5454914588335
80359,59.00927616976769
77600,56.781475882291396
96269,60.01053687925914
41469,46.832836724795555
68389,45.66596325497485
90393,53.859987962800126
32949,54.08811802717154
83334,45.99991357417801
26682,39.300486570754884
87888,64.9241179694124
31036,60.159369647742714
55288,70.80781729661946
31815,37.83731326903487
23965,68.01903428383679
48693,48.745356731249984
87091,46.85019975132355
69847,66.69136540146809
74736,41.29933287107669
47234,64.0342942809145
87513,50.852574148246596
88449,38.524665918569944
34887,38.0510013574729
67843,70.72534396566247
65540,63.65486996447719
31900,58.36409462626948
16398,68.3888920770974
33450,39.036146761934646
73729,49.357326329418186
88011,61.19557159921941
32852,58.71606584355462
246,69.85899399642562
16029,30.817767324458224
21343,64.1884133003746
20528,52.1594724288994
64760,58.64704188217861
92770,59.89909507851299
46198,69.29648723215281
97818,38.79138373581013
58238,61.63134498443463
99915,59.5981366810027
89002,51.49826636241508
41962,28.93324294033609
19445,26.549314562816583
31478,49.15644279661987
73641,37.641860945435596
76975,68.19674407899302
70401,59.13989765674416
89622,59.99415858960331
28106,64.23435758410874
70333,64.32340938863481
60295,41.46077689148627
84296,41.277119849338135
14646,35.83229963970572
53147,35.504950838536736
94044,69.6075663795005
22623,65.09198364239913
39112,53.64434903978798
2294,61.95461509527438
4929,39.46568355622205
3786,66.21292563786592
21180,60.737191696505825
101782,68.96789893352931
66398,66.9720293347796
90014,45.12960714575217
40461,75.93135646445666
91034,58.559478510196456
59134,59.28497678163878
35961,34.520886358421805
18184,36.672134545948154
51823,35.08182117658634
79457,45.028029794964034
37582,33.26711437929659
93381,38.10423668926941
54948,34.830430361943215
35097,37.135810890615396
70328,60.29011453253077
101123,40.88482529932596
34416,50.5026143320683
40839,68.27961250065492
3014,55.82162517255425
91218,43.08610843235946
77314,55.27867068826913
82027,52.259484263272405
48134,44.994644019329264
100757,51.10297698841622
1484,54.27571766041882
48231,60.69577444143102
40538,57.462626338621256
78526,70.11473719465006
45564,66.14635120575302
94153,32.75758754995078
3452,69.23118689577186
38522,67.70610509875748
39517,41.12813994875178
42526,58.43162636430728
46395,28.65483992207029
58781,67.44494100553293
85410,71.10057338556207
29498,38.07246821825001
50826,42.65213428819558
47562,54.9965986088703
27517,42.59723111816383
50867,61.98714623880503
17588,64.99236534487726
19200,31.285514824055486
82163,50.53865424182163
63731,69.3084856372609
6668,68.48718973900448
23139,56.63781757998828
47679,59.93876187064821
95844,68.79822826744076
94717,42.41339615616173
99780,62.78276405101032
61441,68.11992702465959
96425,42.75942976930501
64749,41.19046431054966
40300,51.899379238651505
77936,46.794615110074176
3995,45.829663358092795
45412,47.22938718928633
36418,37.64898631312574
3403,48.14900332703544
98183,22.28682709717386
95063,28.069724309102977
87883,57.34124697083748
55343,57.276451870858835
58113,53.36460246595811
97200,58.36498684697982
70556,54.36754990282734
19811,55.64958385877264
94332,38.82764471962232
8178,37.157688215189324
96497,48.39562876068555
71103,34.74335261620213
76066,58.875960690321335
28591,60.96064845610467
24545,67.59723173071656
39304,46.46557348070746
71913,31.934778221429085
40620,38.07733447240358
77429,35.39199004399339
64004,53.30537727451986
60798,53.96428848364281
57282,33.31238604371704
70122,59.33617123115967
88956,67.34799503871182
41212,41.83681403237576
9589,58.91390448135195
101251,41.03339408657136
23937,60.709468212868636
49403,52.1534445189762
55027,39.26802426835632
85232,59.90752020383562
55240,41.474445284790484
62311,40.113585581720855
82990,62.786850941664994
31207,58.70753694218772
16,58.89596251867582
92016,65.11968663637795
30029,62.993774507550235
95263,62.27060173560732
94473,43.48640072395291
57153,24.311032682960462
85500,63.811942192931454
95279,38.335050518018136
31131,59.521349953729114
81911,51.67285680852179
102548,61.045398594576056
70504,55.93962466355089
62104,35.33907382531809
67190,61.336897253987324
6709,56.2179730124834
6350,48.27785691375468
61491,41.02287927875717
9297,48.77618426413087
38804,39.50143390113441
50460,25.335059312814643
37855,57.495861003735335
92671,46.696814085605894
22460,55.06576000163516
47324,60.47987340843908
58290,67.41296739072718
36310,57.60066111501676
49873,60.255284479944414
78657,42.700732351543
48788,59.30291185386369
84177,56.68143150535798
67746,23.10864443351636
9155,66.90925109847981
5060,36.62216870373144
20126,58.011194135670415
19135,26.662111539920662
22528,63.7147522047439
90192,24.35098325353576
15189,56.67728112981191
88938,41.76189204709558
32889,72.30030504617987
76121,65.28902298087067
40328,45.3982987338526
78051,48.09481653187151
27471,59.343529225818166
25492,58.115418728230914
21329,59.06404485798102
20501,59.18802502079743
81527,59.962133185982495
27682,62.32404371641067
100794,55.52489381262441
48672,60.33651436645377
52261,28.750937301082352
90067,44.09535763997838
49240,32.48555295723109
67106,38.79205091552282
73080,55.81452294292167
26580,62.154041391087006
38337,68.690325069865
87191,50.33842045432921
23684,57.396027481975054
40546,57.1982755227602
72123,29.53433084325345
85922,58.19152863563884
34439,40.73843047946647
30936,62.706846867915644
99837,66.93595831595972
47778,61.33907865681098
95497,53.940475547319174
95942,57.29208566780959
15546,56.94373113366999
75978,66.54411484336474
89627,50.89722387257958
32050,58.138234569669685
52126,41.57839042215469
25715,57.38494991632557
56513,54.54759997619982
14741,50.35743361160743
80742,80.90416282539611
97780,64.13209555318474
101665,50.449273463108696
75244,46.502393061155125
1123,56.3025164790448
1514,40.472337988949846
26557,64.60614543308832
68561,63.288754008193884
16840,28.14723143549135
87131,46.473939012880265
59791,61.35066780415783
73950,59.936635880306085
6547,59.90080035620112
79961,43.87378737611291
59914,61.54352482521242
46372,51.37752174940212
10262,57.902197338285404
39035,34.90234247199559
41688,39.8655852430181
42594,30.139833001658957
9189,41.16280777965073
14468,60.08138117230332
67641,58.69300972692595
31925,57.34486403937281
263,39.92500352875924
4247,55.84139409684367
79761,57.09052239427882
7371,38.90478833989324
5839,63.38535539436592
68913,56.227024728667594
28447,68.81181806219585
1889,45.82261630494992
4142,60.226265917653826
15012,49.21504242083005
47114,69.6412837021482
4152,49.067547545398675
74458,56.37525773138713
9512,35.13513118531053
37606,41.75507059299323
64121,54.65322731275575
74485,59.67184541913882
16272,68.62692843791551
16344,69.47353110517119
49184,56.101519003689226
1710,43.01066126748231
2627,67.89574030330137
37310,67.58570166160615
66626,46.713560499783036
37864,30.87747685113561
70541,31.98454373515156
23725,45.91735445084629
65595,60.65294412765178
55375,45.39231196857573
46564,30.928335915293722
31465,32.173028513886166
79355,29.571682571133593
62649,61.14175754007251
34077,43.20108643344105
76930,58.93608017013721
94599,47.402460624721606
13175,50.95400472955985
65418,61.26325514665303
38838,64.68695290642503
24103,57.22700899182538
44687,29.919997776283967
26919,66.40013407560086
32236,60.23323126190604
9141,43.32448986704676
4981,54.23544122064294
78545,46.91762284986621
99179,57.88447942252451
49870,67.20205988207108
44098,59.870612218362886
52735,16.586221626283056
58738,59.50356373800732
92386,46.439038103119216
95691,68.26317655896106
8906,65.27186987457895
51338,55.618458370644056
23045,44.46932485883209
67402,43.511485229981375
50293,34.29311089072777
9054,55.96224673748719
54233,66.2838992232525
16960,54.81673258226339
93607,58.673070660858286
67972,67.7295041195174
43259,22.990612781850587
38068,39.98726213112215
69808,42.744168401959
61632,34.48009992228823
11804,54.03831572376638
93306,56.150246514023785
47291,63.386290971428295
32284,51.56546799724243
98079,48.950111302734115
3150,56.22651982584639
5524,51.71696932718262
28859,66.21711857494535
65354,39.48829054729033
68602,35.82965710871141
27898,23.75169693019067
68365,56.67700556932745
23633,57.00696563410201
100963,64.35363284406601
8425,41.274221262026316
60893,64.74730475041584
95789,54.63162187181616
97,46.67333870124075
86928,68.16375480838516
72613,60.6283874546355
10776,40.82050769919575
32388,60.23120390396333
24025,63.84226304855101
99521,64.64955251491682
5099,46.10288782856294
64583,55.652725577419645
26909,48.94334164868992
40360,54.0302379754587
13929,65.87767536483706
48858,54.22947948374363
7123,58.85419749531674
30234,55.217594569041495
86399,40.30996321976183
52643,42.07528808670681
74138,65.65925305779419
99224,60.779268782669206
56967,54.53500482267905
52269,58.404712754175534
53836,43.45359490345907
34867,47.744905169896974
24359,54.92645691295037
50871,37.35079612928752
98922,55.66938910790453
13261,50.84145853767479
18750,27.768638466357014
36003,43.05093112868999
1563,45.74584783182476
22451,44.99002671979097
51351,48.20453326869502
16324,71.10057338556207
1615,61.76423519617122
89604,28.529955898364836
4810,57.65181967622978
11742,61.494356181436906
63179,33.752589696614926
37345,30.683141088195157
86067,43.91773233380537
52492,43.378907932255295
87730,57.15460170440981
27988,67.62923876032033
89700,43.55495716294788
59337,46.53496724919293
88305,35.77881467287821
11585,51.65585842326024
25228,48.03077649379703
47150,65.72748912819088
14982,61.10903806827098
43126,46.38940921440621
35684,36.828910835438755
18031,62.2978445608947
88547,67.51087614600803
23714,42.53088494640893
15342,51.993203547450655
17781,49.66815550211746
52220,60.77481956461455
67639,57.183485855002694
1822,45.491719036025415
14966,66.18758496306695
39046,59.874890977853994
22256,61.93555190122931
69823,68.3530814796889
57255,51.47560267227118
47880,43.76789181997522
28125,34.760184620942525
2264,30.806600848269717
12063,59.75889567870182
34165,44.53034612650667
4719,37.89275930930443
69978,37.59996417290015
14548,59.06802047913606
65226,46.47445189910845
91261,47.996847964644616
64302,63.06749091435222
29557,69.07152145603318
16157,64.39278114667401
20377,62.68010934819894
27655,40.67546661763861
44136,57.12551648176612
86763,42.864418343070426
8321,53.58161348096857
98566,58.70297510377667
96825,40.436175017572126
91132,61.265293966208816
59035,66.58411022014884
70376,48.95013530723639
101025,60.86726077298934
101201,64.26164001963949
7503,39.61959423851019
78576,67.06622548802727
78611,61.41682377604521
15006,39.17809059194075
61934,37.59303180393885
99590,53.35831089818002
38147,62.992137316594864
82392,61.22315517000135
35281,67.63448028637457
46201,45.9980122919841
48345,29.707352722850963
18540,53.071155790841104
77899,59.405895150070876
14124,38.0945994237783
31171,58.2639669527659
35165,34.066289317518596
21918,65.56681802258268
11481,60.03874242855176
38486,49.10160077180785
72624,68.67915570861653
38100,31.81973382760071
49323,61.98239745082658
54319,22.200224781445712
44884,48.00557371606631
65916,51.73100634989606
7498,43.72794775701521
5027,90.42692868547284
2596,31.294716159602
86003,34.431923807416354
80818,55.020507772596915
24409,54.07269426717347
82607,45.41374973330222
75534,49.23183563221317
77749,47.25465198002373
66029,76.05398060775896
63919,63.07667702726254
70851,64.69775817981764
58121,31.630966968899003
2605,46.726620475620045
76837,68.05324988079701
98552,59.08494304182406
22633,48.14836051242179
65880,39.359672904176634
34970,38.827753700537954
66462,59.93668893929262
8128,62.4187491177021
67203,45.78243628528137
37222,42.68781900555105
83360,26.177753784032607
25462,36.33951367982308
64774,36.97494093565382
78641,46.88942063684291
17508,46.1357574351814
8990,58.714954275118544
72138,47.92273566729569
41001,42.25461138649497
17367,62.79039746973938
2998,61.93681395714206
72564,54.16479538707893
38349,28.55195237010147
53335,50.54234910265429
18488,71.9712926552495
67586,69.75031887322825
44332,42.05909579667309
48836,63.407169580430406
91576,25.554573401627703
93797,51.24000838005358
1013,58.432980565838754
90891,61.613111113630396
96791,51.737547502222824
72004,47.4088912414888
55064,60.707640166053416
50408,45.24689907611554
30495,40.18340365488236
9474,67.45589172525159
64314,65.93470195573249
9454,28.039032309919197
62494,66.91829469012869
27541,44.46677499861734
90486,43.62154830123706
88147,40.82120142877005
3761,35.73820976297383
44180,27.662161482838705
44014,26.40005604747483
99511,41.206332087687905
8785,42.78779454277249
65594,70.87484160700521
47062,59.01332868485696
89866,61.924663326551034
17988,60.32582740817321
49292,61.993602954476266
32006,39.34065362111665
79606,54.160858281415955
1920,59.26171397908774
98757,61.460259841122316
91162,42.62396586278865
15902,41.5328859297298
84070,47.88912595743939
72389,41.474833160330675
48142,37.90135725159464
80698,60.66174704797039
4211,22.40268634381049
62328,59.46990069033261
83137,69.29201356436472
73447,61.03429741263542
22730,61.787241057376626
87009,49.2318852777192
31537,41.9438594390718
4246,34.773073753545724
38347,57.01266276341036
60865,32.219634786065946
30459,53.37617290355207
45897,64.61899322644597
42625,68.91000906686534
74801,41.46059320420452
56029,47.02366302131369
78499,43.48319376680807
19207,59.82420887966158
25171,69.15728118908677
46392,29.606578263268176
9509,57.97763211069407
50334,48.15943836317549
80422,68.64735558917525
11582,59.249292740825915
29650,59.35555981956217
1151,56.4505533630256
12052,40.7665764805897
89457,36.56981659209887
76577,48.11973854701469
46585,69.13587185726651
22331,68.57868956455101
93581,66.38187990925107
101032,62.576775539829306
80329,60.9621201483258
87661,30.6369579002053
66045,66.60949748929693
65203,58.6249955643843
94306,65.95793855338141
62332,60.99843364665582
51439,54.68863239763687
91885,57.26635206476795
65176,38.61569544124701
87364,59.621818161282945
84965,53.81308774347232
57821,44.40071143657838
97355,28.76297370866187
59224,67.60648463791817
8441,66.52506341878279
28839,55.30140647092406
11182,66.20287397464617
41995,51.63987856119126
92542,59.42046153169333
29639,45.4126432602745
61659,45.469523343557746
80386,55.08577466315958
94467,54.886011694247784
30046,59.56657409080694
32047,40.93202087845585
62827,54.72523454343698
46205,47.45109411983104
43152,69.37088417146964
12655,69.430060703594
76084,40.209913194274634
42933,40.81469150430653
77974,50.30772777849098
98105,55.91751241884751
25778,51.132003554801685
20517,38.91426182922006
75907,55.25254620349681
43582,64.8042060094794
61536,56.73871533912484
19002,68.690325069865
99196,60.25824404293612
28729,56.77466231886944
67424,60.67413125123556
93744,54.13194475186239
28311,36.36880050223049
55711,61.04827941122526
47574,42.976933059555556
56367,42.77161243740232
58667,57.18080085894424
28814,27.706847072616082
55478,51.81323480920566
62617,59.116208583998315
76263,56.90217418731956
47321,38.70646560040762
78280,41.58619386601354
91152,67.47560018177073
30573,49.96346719012558
61176,31.74686323623488
42395,60.352151891218746
19922,60.07395024209324
72263,68.02630377460302
27357,58.37595651482823
68147,26.389872224066398
5561,62.37004923730081
59132,61.32579265473211
49993,60.96524916149338
97642,40.39954967875468
91561,17.03136633258621
8884,40.52686098252833
79925,62.476416289957655
13925,61.16080259522609
17452,45.96933065419216
51810,48.47710253106638
21701,37.78437526583661
50999,67.93464180920266
59336,53.01353037009126
89097,58.28785574060154
76000,66.29989973271951
7433,43.658075089416826
5514,29.35623694626245
79599,57.56098240258016
47887,42.84513971133184
29009,67.98159682723207
57844,58.5999378773002
25801,60.135094750401876
50341,67.66135357186842
13170,64.6237643391037
68683,71.27088026826829
4874,68.5442812411848
22690,68.44387480998127
34562,69.237376788771
63346,60.037510240180445
3181,59.47190670619782
32950,57.184261951133045
83842,61.065500655397315
63335,69.430060703594
41560,64.68523250368253
48573,66.9538534187091
74649,61.13269650936509
102306,44.67952588659724
83714,54.572995063956434
70905,56.39679105446422
67408,34.43986996339226
42053,69.5011486856004
98957,61.84583209985388
35783,62.33198948927283
51795,28.409413471834856
22635,51.775956697277536
87280,57.381562408970105
71762,38.95211948312157
35233,51.63080213136387
12594,46.992582254820846
85027,29.418111539318478
58871,58.03836862803476
74756,69.15589679606548
41712,15.382751536587378
28955,33.677148703533106
100377,22.16647956666475
92310,53.551873302152515
57014,61.34241793800275
19932,55.64672486836506
27482,43.0079572734481
60953,68.51413678432402
47787,35.77206231489552
92727,66.84788048913097
99327,44.8501221257003
71225,47.54364424647998
5605,54.13002540794661
86532,56.444691621329085
77614,32.63677667201044
19819,30.407551396877537
18929,53.753634632863914
7051,62.68587351195207
100479,61.1323829484391
19622,50.9165691770097
46176,64.18405807133661
29950,56.47383957848699
12749,28.94576203313071
70969,50.98400445880391
74268,60.08694197448544
23263,61.713067498885664
93710,68.98709084591276
17283,59.627124203596296
23744,69.1295898578744
31801,70.42386532830936
95179,53.280166174598925
53724,49.64807793534418
21826,47.43364227685973
87151,31.70288988510658
25970,41.575647234839565
79919,45.59629823388586
85809,69.71825271267511
64127,17.700472592157134
65452,50.89766114812981
73516,49.795214839554035
56113,39.62292019253886
25216,61.39818279948028
92878,48.26394650831635
35084,39.84696965458706
90609,50.29748268535581
69877,64.48513719810845
16200,61.138774634173885
26811,59.73666141277967
72293,57.56599353424593
12026,62.48705517030517
22052,48.55827003679505
2304,31.065904222745665
93163,50.82260468123772
85985,59.71402829670914
4970,62.01683341082977
5586,52.99521299809297
57166,45.88599588647673
30145,66.07339005586087
56456,45.10922135755528
86849,36.824184306588315
25086,68.01619344308276
16173,66.80755642397236
92803,62.40310559590904
82263,57.82005549325114
37414,31.25526195051668
93252,61.68402537951208
48725,58.03006326411118
17183,53.66925157899736
84850,37.352692817232374
15917,40.41569682684821
36578,57.703756454980265
68998,41.6783153324859
100049,36.91434498864447
29781,45.95293149545303
7795,66.98405431111718
72157,52.11661309447494
82337,31.274566093825946
35299,66.6119173091592
89501,62.31904761142442
61871,40.67105941097486
96815,68.68925409146539
82800,65.63863751854697
63905,63.26136605653016
5950,61.956173814237125
9391,57.368827662653146
48711,58.04866347369717
20225,44.593249034375866
38927,61.260789899924156
94746,69.59884627342753
91313,64.35585666922687
70502,34.18449402590908
92591,41.10136940326748
38225,41.620393254845375
453,39.473331095052075
58866,40.756804639073884
101041,59.58005218739523
93898,45.383042057646755
79374,34.57892291711472
75210,59.406505901368334
27222,34.123884162149196
87565,50.29042792034342
10389,40.08186724068166
80096,68.64189520593555
60387,69.64356662670268
79320,37.50294584379808
19543,34.38503382809081
46154,58.23991807046826
9655,54.26346242599937
45680,61.68611079994875
21490,30.248570535307095
49614,64.17154932161134
32591,56.63325085945671
4990,59.11651717650892
67995,42.60283977545676
48795,46.70602397700226
74129,63.2556543955272
94012,38.13534183799866
16364,43.94704171963569
19534,69.95438232453003
102392,61.086312096857824
71660,35.170090878764704
16937,44.68295725098272
83135,55.77735047743132
93426,46.386781472386794
95586,37.224434593918616
10386,43.90668934348618
69029,28.44977032370671
69383,59.358446538165225
55108,56.190697421717665
67913,74.62277081967211
82884,56.73811717302469
4860,60.558904744697685
81795,42.68017272119606
91909,58.62186987314892
91907,64.68995483371462
17,44.63429346714259
100054,28.638339737939017
8570,37.722327704712576
23680,57.73524661565716
7561,40.353039678630466
98535,50.1861965734822
33044,60.59851366670827
57046,60.94938865117732
30262,51.804777555354086
31695,53.778203078475705
73619,37.49483926170832
52287,55.57569153862756
26679,57.048422915147775
31472,38.36942784214299
63039,44.108237676261034
18992,44.75945809341706
81153,52.05202694118684
44639,62.23916001043307
38744,44.18825606718629
11393,50.23109783907849
80032,69.71825271267511
18557,63.92125438673805
21686,59.96503346193757
7688,42.081072605565495
21796,41.86247655237542
7627,60.73484755647589
59817,60.13662457301178
82644,40.605707242320705
31274,43.74475465024761
77693,53.017508925904934
15054,51.725310974220086
64224,42.65077310626495
48924,68.07598279757104
66265,56.27335881011448
53064,53.777182409028555
25435,64.39604094092046
99771,63.771317961364076
60312,43.259626391886066
5397,62.6408149571055
70796,45.19452518397358
6296,25.49313003153718
15143,53.547235057726084
98629,48.07020449549713
71326,68.37715507813904
23324,43.44218783781693
49285,67.15116275011401
49326,60.886984655959
28064,59.53050715445962
53623,60.886984655959
12456,61.486697102105715
30052,58.70441749941378
83080,69.72012197784412
21641,69.24184013572649
27859,56.140201086695505
41763,65.89292905946877
10934,62.37203882055276
50571,60.65910032886592
75921,67.58649161625536
50583,68.91078900121718
90682,51.826907664859384
96881,41.80970142586454
66260,66.6285399731856
90905,69.33299927966864
17436,43.007099538106125
18716,63.654109913546755
99698,30.931245368778335
9006,60.16920633862616
2783,62.96892329762399
83157,40.621052181408615
49475,32.44341202347226
3532,69.6724136243046
48637,61.47127701642471
3541,41.89845806890204
33531,38.41024584832757
13310,60.99409095237473
47091,42.38024729431711
29082,70.41660762219519
15700,59.84807071392278
30942,54.019672085094115
92553,58.51124131906518
76087,54.727537416191865
87511,33.775838961880076
82074,53.898178364534715
82883,33.95779933010328
36923,56.21917943558493
98790,41.31968204369235
37231,67.79007872092818
38875,51.85752461546295
28963,64.6222949319918
10504,35.13611830193423
45047,73.82297020628363
58575,38.895129066853336
58962,42.43145505514728
10917,29.18261802592641
59346,43.04670350835405
29348,43.801652053927526
9280,61.293787238753794
28616,54.07113765234334
92863,40.10187777835533
8015,32.19701188773845
42488,31.96927430446536
11150,40.43102333606688
48019,60.45580561178298
46393,45.48872659360782
12386,67.93924079855816
1451,67.0773987369783
92111,60.53627764329534
95813,60.941114521050665
41211,48.39754382950731
64595,31.561457645533633
11197,73.88247407087371
83430,45.88784889202445
90884,55.29021073694583
93641,33.97059010859853
21298,63.73130718957943
23852,46.651551898019925
84654,33.905292860622474
36538,68.91767267296503
54969,66.09580802687681
4400,16.374879942599108
80796,14.087063694268434
55349,57.0090394955695
79982,44.53992691341248
50349,53.4710369872583
60704,49.78597897957082
88634,61.70752182239053
18275,55.41237290111898
89349,47.84858098229354
60715,44.673007241731405
26547,28.06298155190334
23166,62.635597245920366
7042,64.24950382953922
22637,59.90848424346489
2091,34.988193615007404
41485,57.839095594143046
7904,60.616468456150606
17148,28.447090884901655
44066,69.42389022318206
69438,64.34765113901699
35454,60.2328150941393
34976,66.90252941763947
7282,59.37488771606725
27615,36.805126280476514
67005,65.37464515194105
14930,70.38463728732512
39126,42.07879955251736
34552,68.73086191125853
50128,68.41235663625089
86955,57.2023821282223
40991,68.80488897101026
11296,46.26098824736433
91107,43.65185958006353
95752,41.18336877515474
8146,59.56761678051031
75078,34.239126626813835
25328,65.60820127016622
27608,43.18473736017061
58921,43.16211116331334
60501,31.018517445397244
82463,50.02339153201925
91837,65.07863627426272
35122,47.08551986695252
23881,65.06980507758105
13108,68.57868956455101
38161,61.49159945930947
21814,62.02731069069728
34399,49.41445329836331
15823,65.22823996732234
64933,64.57299568832448
40969,44.203506301985016
63807,56.30382356739844
43958,46.07096885925489
36305,57.01716638656163
32794,59.92949956302885
82398,52.39707670359628
444,66.24504820469869
48867,67.91802369696968
37935,48.33388575308255
28038,50.53452418546352
36897,64.8600686100039
34918,34.51542100745073
87746,64.17199420752428
48962,57.495974808855614
78951,41.82400097976905
8737,56.4786040216484
87971,58.87943568262487
57253,16.853827392501277
34594,57.860806055335914
61249,55.04105530255941
95911,53.028603210335184
36213,49.63953788162579
31863,66.21877558552484
38728,16.914668653728683
72792,60.22288508203529
55873,60.31645795096903
28756,41.698546414814786
49033,97.8275925925926
62451,97.99425925925927
18910,66.30315791104904
48859,69.031559270963
99519,60.51593160027196
102236,50.11575418449784
38429,39.26460937502736
101418,63.39590798832751
25488,45.1025172720831
14038,67.0144073911156
48061,67.2913630249068
70119,45.38151779148213
64273,60.23120390396333
11917,69.59789931892064
78212,41.85440091104208
63922,31.318308247932418
65592,60.306380756272084
41065,31.583626896098178
87256,49.99995136558057
52190,68.2376988999895
77681,42.93425993977033
41761,67.4536754683256
2116,66.24249659277912
75903,60.50111508484068
28170,54.93511335954015
43833,57.26974283085542
41329,60.12555290570764
46380,63.3497561908978
61466,60.65777563298896
45487,38.48551055555492
82840,49.1476377476014
56995,37.160514951601975
4493,37.397199761124035
93315,51.80929715602516
34348,36.72080543740358
51831,64.87418167938864
91665,58.970116704410394
19562,42.665680408665374
97351,51.28076127305959
82710,58.23148380160888
88924,44.283781506732105
61034,25.34481500938508
8484,36.05863367541227
30821,43.37091236910624
12364,62.47523690754217
5303,23.221361413128534
25458,41.1744199820795
12974,33.278205002822105
48452,59.9588487088062
50528,41.06750973369506
91975,47.85885857252512
44603,49.145866257103734
60408,60.616468456150606
82448,58.9149386432892
45288,43.35587002262957
9373,57.22380761290784
101847,58.04836988711432
39694,53.92734616874419
35176,72.38952291063583
50237,69.2897552950769
84448,59.09198888565922
16058,51.555677193060475
60274,40.23297256824675
51507,46.113912791616286
22933,58.8112793010504
41515,56.48022835326608
88501,66.86260073709343
19084,42.76085126781121
81908,30.771577874771147
82130,49.12196148248534
84680,69.42417803268728
31129,56.46316612368981
89083,60.77481956461455
25809,70.44612539056641
88418,54.43940286399439
9422,68.5517322509791
17973,56.2962742195595
43978,61.853964444071934
36422,33.99187300351286
14599,23.14657987047448
97727,57.3528303118585
84423,35.36807235765818
25638,48.179064963113
66951,42.824031638905964
48686,61.64287461818051
22007,64.60127573020807
2799,69.69336623500033
82774,44.2843670042034
80353,48.651871505798496
7445,64.23490237268396
45476,51.89251354878611
16580,62.83088377165787
30925,39.13310149786867
99907,61.219834676444336
51623,55.397710760632954
86470,59.33468574746622
39610,33.88872577009157
14275,56.91430465341161
102655,39.68715039118148
45555,56.92634719297182
73119,59.936328100016496
9011,44.40281176889175
89496,68.68620207966782
88481,70.22745249599922
49908,46.11802728518547
27562,62.330609636010394
79438,54.346435225852346
31527,39.24478237277881
28234,35.18174763080972
64506,59.98565638829609
95259,65.40242832498203
94365,61.931404908822394
45556,64.02711924297135
3517,64.4960788698799
65351,61.0430487388263
38432,42.96253319182905
95505,67.34102741438105
78156,67.23334680954082
77105,48.020761932659504
41266,43.555515706525306
46840,60.17058431773173
57910,48.06426077209364
41809,59.94729267545435
94533,63.6824297780742
49568,68.05324988079701
50910,59.178309936942995
30253,54.50233121862424
22158,62.26432599728671
41731,57.93033412669754
78269,38.775531873018515
75670,60.41533933278765
92816,72.64387219634368
60004,59.9331856512011
62167,66.00473730599192
73727,48.0772683425347
61954,64.30073131037712
38148,48.81660971900523
82854,43.28224737227581
62665,71.68452815106303
72875,61.25578723719386
26143,58.01555413785546
71717,57.407548903415275
76753,53.648805732493486
42182,61.85143428785338
55006,55.77561437018175
21673,44.83623084713361
87664,68.46806432042537
49244,31.960653063743944
6192,28.99216795461352
45550,40.44036608688115
42986,55.839178309766524
69886,45.33257128970567
88373,37.96171790314791
99456,75.79520979703449
14890,51.390840259735256
42054,41.97941282055218
74656,57.45102596567961
92516,44.808366075819514
42025,32.09958147346994
43557,61.16707032905993
73284,29.528370070720133
66268,67.29108783199901
9967,60.22082595867785
26105,49.79039651142114
13802,63.65753307309288
92734,58.090987452807106
88999,57.291644483985074
66461,68.02622829812884
30696,34.60419555104242
38109,59.096201693177534
64008,63.15104824514697
98686,59.22487799267525
100867,67.91290450858361
79552,39.24856316702896
92875,58.62645907145163
24952,57.85195959050159
10578,51.2467558624159
3118,42.04410121884231
75482,36.76516055454469
63589,66.62444902074651
7876,51.35476045687339
45916,38.36213648229188
78979,64.67635088059845
7486,52.14756049181154
3729,66.74178012914226
61690,55.413864160648984
21276,65.08036166601035
32053,77.63687791754057
17792,58.01590282830679
54267,63.764650182821654
27952,50.67282230319575
82810,45.868707163569646
42104,65.72748912819088
29224,21.806810930272942
29153,52.436469081673174
3963,56.939595547427786
64356,39.32472125946703
75134,60.38381438823235
82985,41.83761369272615
68786,35.096343358318855
88911,35.63662447589054
79267,65.14221993358588
1214,61.728759055954036
1025,60.87786192639969
19375,52.24091916953178
48548,61.50976010458663
58267,60.70601902845864
51293,61.72692728625565
8910,68.88215513626261
72526,59.09855650032821
12070,47.03551221054875
18746,41.17074556370677
46749,48.81055774868952
16889,58.97819844695037
70581,62.18978879173207
27344,60.08035001576195
36411,57.71301383479987
70199,69.23788524008361
17971,37.179853719566516
21578,61.26951034892637
9944,31.20136196879865
26148,54.7722499366729
97326,71.10057338556207
42061,57.77027926384591
83091,40.61815407229659
6518,50.51310763804235
5418,21.608256420855405
19656,50.95054641054588
3888,64.32079374625638
5102,26.064067333340446
44219,58.229952194526476
85746,49.23837573094371
80399,44.880558872421204
14925,22.016310326052775
61099,52.06898256822463
17832,49.684326186324604
73917,53.19840982322435
46253,56.37551710394011
31486,69.64356662670268
36623,52.84455955723171
32350,63.18377790718236
101904,26.83021595802094
24055,58.012327468390666
53053,55.119917971968455
21953,51.24082522585755
80474,63.1042194285694
27141,69.23788524008361
88435,54.68791112098492
83348,66.22280813298967
87926,54.16843596874615
93274,40.27445082704077
86013,42.61218665891463
66710,46.725368636035675
39480,32.70144807563677
54961,27.453011277777964
10062,58.1637363139411
77215,34.22235679337646
24078,42.25333241655803
62640,61.39510339649947
74923,47.31383435068444
97770,57.56594114850677
8686,40.95302088329543
29897,62.23903018290398
3832,33.71415890673502
53889,37.71752492720193
79153,68.92408095707168
28908,42.441855332685584
19597,69.26310276079597
89970,49.98517693820915
69692,35.12766732524907
88970,57.85508545811231
4203,47.6738833849617
34629,51.6292033383816
78766,64.00757846545486
26499,67.66593080271763
96223,50.79785174031926
12887,68.02310354754219
86625,64.65937791933221
96498,68.58432482756186
101186,65.88932649673274
59128,49.71907689080211
19096,61.65563412618483
37390,33.43472064520903
18265,69.3084856372609
20479,59.027498426677475
27942,66.84788048913097
39562,42.79637887229625
57440,46.43627085334374
88747,73.31136727968459
39651,65.2225094682171
11545,59.39733773790447
30353,31.112904424852758
24051,57.39368900296219
54758,58.34179015914182
11056,61.522085414913114
96072,69.5212509901807
90824,56.32723321831811
28186,51.95606007240973
1682,43.171580572638874
92945,56.81212226567058
49928,32.706352762713166
51245,47.86029050852184
18762,59.707158981532366
60518,59.27398654131659
22849,30.858193169293276
91279,44.575830370710165
80874,51.3160892147987
64855,43.47871033741747
36844,58.574322441540815
50624,60.50610792875798
90318,67.64597916260749
22892,31.114147465988907
14957,38.98560911133962
67856,55.4273532320287
92041,33.675525645717755
95891,44.391627274359145
24430,70.29153344323512
78692,35.07497673304576
43184,34.919081457936166
49708,40.59812861364532
31585,39.322999855721285
5560,60.76450895418906
30926,48.38998971518586
35355,60.82798117829991
20448,56.67118892064796
61637,60.050085445637514
16581,39.54468813213055
21728,48.25044783077318
96641,69.23788524008361
33242,69.59028473392576
14214,56.47965900045106
19966,46.67605807330828
70229,41.89448374987254
5783,44.570767489964446
83944,27.18101368998559
4304,64.21905005016737
101526,54.73383557034997
33413,42.520266995188805
98540,54.80536278855782
24965,35.63734895838634
10961,55.20486454512912
75640,66.87671339605137
21085,62.479848555198
59697,42.80839426788741
59807,52.30138500804917
33416,61.931186555866695
101895,51.434432067250825
45511,67.61456039283951
42559,41.425086535499695
23625,57.96109379031339
97966,61.81059420102864
79295,40.85372709308118
94008,70.48220041983177
62769,55.81606997940938
14820,45.20391428631076
77277,54.62687566642866
6377,40.76861515095092
13189,50.669560558146124
63288,51.09433060154734
34957,60.26117799764016
71168,55.753119401413784
34814,59.573614197250215
24521,53.42246828028488
98074,61.97326129757075
98926,45.52913592299487
22605,55.06021418514128
80687,63.91659995987275
52132,38.16633617252002
2152,43.70692849870368
93398,65.05356092868871
61162,31.441371479654293
35764,58.785104461561296
14719,63.10982970076793
99251,50.50005430290025
7303,44.95697664273117
41610,58.228643318230354
67973,23.78048935744617
46767,64.68560968903694
10494,58.62387665834713
56726,50.55485587030894
36001,28.485442568399108
37076,26.92556818013233
85994,47.192954530768496
91016,61.383368265832125
16634,22.91228893045388
70870,29.60187404079401
31972,40.8137974597925
4672,59.2026357777975
69729,49.69060288675843
88496,65.56425238465275
52206,50.1458558443177
33986,63.19294900724678
18646,50.68219687952771
86428,58.465335716524294
38614,60.31165154526149
96226,62.10033804906101
19707,63.23629859959761
51012,47.59793049026659
52601,60.616468456150606
79836,51.28135581938766
78726,52.100554663183594
22210,64.5315118325956
71208,40.81715060003874
54075,63.27172986595812
70627,48.00868260783051
32213,59.81076062616736
90460,60.81529365729755
24090,53.77508580193938
92130,58.985360051823875
43580,60.438960207437916
26848,50.21604131713451
85966,62.31418305484807
81830,66.27443643021749
60565,59.45181112410254
45841,69.69821695417824
7621,45.7928655867779
98425,54.51920304085804
69740,46.855727705484185
31262,51.28940629415538
39080,58.946235783792254
66018,47.134641542730954
25187,61.590119169465204
12298,60.81774280155369
44727,43.83529938680223
94381,67.92091543261309
1869,35.41294422969349
11437,38.9482512989151
100992,59.92544791323926
78730,60.28329577141959
10319,61.745551896533016
22958,43.03418724335624
102680,45.325740149201586
9515,66.86395406262525
78705,34.7951734880951
22030,41.6757797549593
6878,60.72419959640953
91841,59.29505320801393
49342,60.62151840382795
92131,35.160562124764894
32989,58.02293925721875
74925,51.609162392436055
57740,65.2157457347065
98621,50.15063787993106
6767,24.578471527876506
72059,58.025006623839296
65634,45.9958822079278
62352,53.74843324902254
7529,62.88852077250183
62602,43.3011846655695
68411,59.391440907301586
82285,57.645817653995636
35675,37.77735190358967
14356,64.78165458950339
10194,59.443742914993805
31114,56.29203209320969
51122,29.857230314916343
97860,69.45243592905766
2889,60.35076246512369
52136,59.003773228868106
18372,57.61484203487496
56473,64.77234076739619
8409,63.55940108157074
78446,32.29024787594892
101202,60.46479165762935
26152,41.38482603652206
49690,49.18901660840402
62264,51.934040157426494
15297,23.10400478094804
50107,53.04064071693753
24384,60.078542216850735
98133,61.11043954847346
63840,56.27582381582722
78407,35.20851102409409
100449,58.06458769392489
38035,68.18757207902779
66819,51.710665976119365
12309,65.0067254130026
29536,69.47659385378927
64834,57.87703553787244
47327,59.19981811385989
90063,64.49912934226813
52382,58.92156958219866
63228,58.431771692479636
59631,23.286322116773796
29984,69.3076287964615
20031,30.0827825080975
100258,58.55764990823935
59558,60.358547569413204
5184,59.200557122694505
77353,56.04566243479534
16503,53.93421000728231
57652,54.36196089086141
51924,56.36957426986461
42761,28.121947846968098
83532,44.76389378000937
32561,69.58508950738958
20896,59.804194833098876
15875,38.19294619140932
97554,47.04224475075743
101568,58.20291513326892
70743,59.806066047429155
55602,51.51133946590009
82842,63.42178154709798
32453,47.63638658925588
93981,58.76916297592623
77000,37.52456844824575
100526,69.59789931892064
81355,60.068946776790106
1338,71.35147149374505
57732,53.678740502048385
8659,44.305088698475984
58817,38.99172011325911
27938,51.48670141258877
68607,53.55534671264594
35497,62.252228748181366
102412,54.15007469324734
60458,68.42951119486433
100762,56.22828838048959
86553,35.82231608486798
2842,54.98152024678246
49519,67.52360255501428
94774,25.268600584435504
92445,55.91007817271893
7185,65.7153822032317
36888,61.634914610312734
53877,59.50492531933131
69530,49.50595180521453
95969,57.669890817938104
8571,68.5517322509791
71602,59.59779510319647
64777,35.53184276881691
15015,54.81204338993965
21914,51.11179310403963
85291,40.72195437421182
77705,46.88677875510637
100737,68.15992414578908
86602,29.94772199460936
64051,52.505205535434285
81413,56.673412658704486
50588,48.678210823621775
84740,39.69120910825412
88512,46.59359118698989
75718,77.37848136581644
65330,32.79017410765439
76463,46.350330995577096
74187,54.43420158797777
9486,63.23862749801097
63771,58.10219078535653
81244,42.81136793832199
30784,51.897057221410336
36703,44.12924151017737
30662,48.60693297425269
83748,66.50688436471496
99242,58.63303500398697
84333,32.23785888299842
10263,66.33491843268544
582,66.506826527746
84681,35.204487062847804
16057,41.75913192906436
47458,60.7344472072139
87708,50.619539689827604
88981,53.54470941728158
29612,42.163403533870294
20632,67.93028247845146
44678,49.86573786942864
94284,66.71093134076547
40699,41.065410796882354
56903,52.11389038554774
37849,60.295664626665115
97192,41.20630899136184
2616,51.45305149862676
10512,39.23964868884664
14555,36.41249115246473
31580,33.055502277901006
92420,44.802918147253564
16699,60.66146036003849
62191,64.30883768099442
63224,59.020584942990645
76514,67.73782219471488
95508,62.11004219180245
96281,51.86858026924333
54402,66.1328865637528
62929,67.0045277099576
21507,44.48989318101544
60019,61.134782089158364
77952,56.66131257817456
70935,55.72005862442401
40689,56.976100647604596
16020,48.79998171030701
91691,30.950597193933895
3331,63.18300532754273
98158,62.97178358241035
70791,45.57970234474992
213,58.446895957605186
77491,52.36020786707023
29164,65.96458656819779
97934,50.54526977370399
25039,48.51213018585909
61217,61.87051127129406
99750,33.14343635238228
50687,27.527951625108262
33667,37.19671751131493
35001,50.547403681549376
91006,63.73130718957943
57583,25.69444007317502
10474,35.829069083378165
100158,30.55345471223184
94308,55.960882702168185
62326,63.288754008193884
55505,69.9879135991068
46435,61.213912169208406
39912,60.32355923180398
98393,69.3335050736957
35398,54.16926974552518
299,46.50832988802668
44181,43.697851805303365
45901,57.40230773792261
18606,64.4244350689959
35241,60.83991312364233
22040,60.760240873166175
82127,56.90047839930614
68758,44.09812731235018
57538,44.68090751467091
68650,59.341430041869145
34827,69.52947188574558
101854,50.091425647459694
29386,69.72739896016951
34947,49.05254018522205
47367,69.237376788771
54557,63.64430980406101
96699,71.0109999415338
16369,43.41125249139463
42318,68.75952618627196
14945,67.86624488321506
33612,55.155181781613756
52330,59.61798739666961
67708,54.190978777530454
89345,39.361201382058624
56010,43.39314198130362
68973,43.69281984294204
73474,40.17211149912974
68963,61.93323629689563
53142,58.56671438187875
65655,60.25002610349741
24535,42.05455405594485
38242,37.17116965667879
20492,34.69236154566453
43423,18.057409747352153
42236,62.413762427803455
56127,73.78469031567158
22662,42.65520549151637
45536,53.91599157783031
83425,67.03984887047329
69623,23.442451617182172
70273,49.162136310646645
48234,62.324619820727484
74994,48.01087587495679
13223,43.428107009981375
62761,59.357461830816
3222,51.99856431300916
23949,68.45703941593487
78240,17.024759535381214
20392,50.68331700918271
27905,64.47319767710128
26689,49.95359813173588
78443,35.59151660643703
6103,44.033493459460416
21562,29.41695766951721
4316,62.38940114160832
96404,68.621406000078
1759,37.976936130319494
102321,44.12017722585646
9339,43.956136358200936
34451,66.13936893044229
96338,42.44270823211975
51801,28.242001487846682
99925,28.938719486900833
47709,33.56055076523641
45522,61.27342122439187
40331,56.81275279882716
96088,34.34330428327971
33022,63.02880489891618
63263,48.52774006523764
11480,70.69094885363083
51197,60.185674326859896
60860,30.987100942768844
53744,37.42319121922605
63601,47.83896847217644
33851,65.94522108135224
73227,27.054863048404663
41246,57.0762125956413
82747,52.64618659212858
18658,45.248775833449244
62845,59.395153417929826
94526,39.7814295999166
43095,58.77489690641109
80837,57.51453521112435
57402,41.571321468208474
87200,31.101222842761754
101466,58.47523416400738
79399,63.288754008193884
3905,62.71138143033849
97811,56.56843972428106
13518,40.93364573398856
93822,41.45503543334342
84701,52.74362623771605
29342,42.817292333724545
26777,46.50702780438924
86947,53.42867052203058
745,46.929301899370266
48733,62.01246462514548
25422,69.12442881083511
31566,40.39073320619622
8118,58.184531515461316
50392,49.25416112131604
100488,33.14064933799139
82678,47.63148904826399
78756,59.29899228168155
30161,45.82458144819674
28394,60.31658505143466
70723,59.51012144087547
67623,42.01185750340589
61700,69.7570332209927
44809,55.293302021513846
86485,66.24348412131586
90850,68.57778940534199
95652,39.27127988529899
35886,45.062716046101826
716,56.5624959814236
34149,59.20609084516768
64836,65.45314644562013
22804,66.82762245824988
51368,37.218669438252576
84943,69.84447608219628
62777,53.37919144426334
42466,70.16618053812167
56272,49.54880906599965
2361,67.09381050462792
73312,25.132938974419154
34824,46.93281397034902
80803,41.823631542534805
40912,69.00864124364017
34109,63.92011457549653
4925,28.396716426216862
16264,53.2409662040177
16893,66.9286177872217
30851,69.47468293665122
29838,41.656394451582216
34849,57.76059502456703
21575,41.76314508115326
30920,47.12371058183285
100408,67.39166950898775
22436,54.815644121856764
6584,63.8383598931333
94453,54.72929215533245
84771,62.62506496504176
47342,55.78350103300455
54359,68.94556266375862
19773,65.39243880348187
11287,62.86019001166862
80960,41.54767457699859
21819,36.1076344498639
89601,59.84938986557373
31741,49.072808098450516
86616,60.312082873610635
96294,42.59858170800453
68352,37.4906057470964
83288,58.908371383612895
94261,57.88274384953595
83849,59.180061934030824
94062,59.55805664928725
74816,68.81045254657155
38291,45.58948141219426
27019,53.42640497452579
17226,63.663062203960244
48492,63.5660805089825
4644,49.754321009633514
84864,54.027073579752376
8199,63.07800576008881
97686,56.307968438447894
18478,41.54528972693723
82363,52.81346412830041
35734,58.498456619921505
58571,57.91702033616891
10968,58.80315357446228
43010,33.70810254257411
20749,45.010145745387035
66549,61.00462839604162
1028,27.952008872159844
94532,46.533657576675814
66990,39.69531728272474
41921,59.88401296170237
17404,52.553209267528274
75182,53.88781662847048
92489,66.6309630829485
31452,63.78565061325255
93849,43.418860469228356
45176,60.168974134004614
22015,37.324915261195244
81024,50.901576720853356
99600,49.55458805294536
71454,61.922567475154295
58064,67.18080629149519
29043,59.534986865415014
77065,40.3992898957106
49596,41.71463322179604
84022,47.5750560399809
54048,49.32050833002379
89370,41.62629943919552
44446,30.47781235275222
64541,55.0344244612138
97405,54.98852476222152
61412,42.439387248173226
80343,40.43124132005467
56025,56.97022370202476
60369,50.64292994846076
81134,68.80462230425856
64507,29.31994304547004
62976,61.66153436367344
24751,39.516930834060666
58194,34.38976288875571
52002,70.07117164300762
25530,62.90669823679417
61221,47.38130484085846
22846,66.30140244361414
55633,68.00990198932995
55094,69.38783097399049
87169,50.42830647820806
71340,64.94688235726014
96218,69.16553758263323
66664,53.38384494959721
84738,42.210227827794306
101747,57.386726113460696
7938,50.375794985480105
42124,33.056766894720404
31045,52.494412388413714
16240,54.4664099811765
65645,58.56748015697504
21923,65.00819812139292
38518,45.598531986697736
21705,64.93210151663854
41413,59.137000668047385
85801,64.16794707848861
96731,34.72860224109564
58220,42.341309384492426
30112,62.50108622469517
32074,40.81583226226675
94506,39.76871465304896
12714,69.21834412109386
4416,59.936328100016496
74786,25.185375156269032
36677,23.733222584546773
28994,59.99587137636871
90077,57.89636021941547
58331,30.850591510320086
45393,59.653331060216715
48080,58.455371622054734
1695,30.616448594925217
11457,90.5147034621037
96579,52.645068057106634
6560,49.25702796430966
66337,64.4197850632782
91081,52.20035919544659
26061,34.59449184450267
29804,63.987300580387256
78769,50.38149413830777
60454,27.11076742645897
25440,59.97446018099443
62031,57.96475407633374
72489,29.941694158768634
94290,70.51283329148755
35504,29.338020116310535
2680,49.73386630375857
1665,59.65276820784554
73022,69.95438232453003
32941,44.14575664763003
30476,49.1383984115567
84938,53.30259263968287
95631,42.385157503861464
95532,49.18491870659305
90919,46.61871650059434
52561,66.18794023034837
50257,47.29680549178053
59190,39.382458074574785
90210,38.21832052358072
84081,44.027526861167864
41023,54.1155907502201
95280,48.58715202462213
18615,66.46505257307096
61671,40.645715722074044
12312,68.08720593291763
28387,42.72729551768852
70485,60.83628571068138
98302,59.12538362603983
97392,55.96905441928861
74154,38.12601799004208
57836,35.01375088952855
10396,61.02938757178407
7721,60.53119373063968
31912,43.11156938452305
45911,59.38927205295866
69812,54.52193660898419
65406,47.94529626424169
75129,55.8509454398048
36568,61.74123945139392
82436,45.1849781897103
74012,54.74827436939228
66171,62.13711891339218
55763,48.80004127272357
77466,52.35237110194731
196,63.12167171159858
68449,58.42617236391047
8429,64.01783606120063
81458,68.81855883824375
7235,50.524538098008854
14475,64.00121651622759
73246,66.12103781778418
48227,35.18701046226542
87164,58.26692527064912
50346,43.796229300540496
39572,48.57983362628644
68063,49.789509898971254
26101,65.05356092868871
58006,69.47468293665122
19593,68.61204220062704
9828,46.80263751206749
11110,55.207311357429305
64544,35.7967433184086
13119,64.13640523705638
31598,58.37653921975005
51591,49.748102598905014
73955,69.59789931892064
51858,23.512639836281114
33204,56.780811937213336
55443,34.098969455164095
74861,62.20597701530479
77382,29.918421425332973
43467,55.61669961838808
37767,57.522154653565075
58351,53.931740008784544
41479,68.91026673982827
26550,27.907161336155912
16726,26.24767626860336
9109,46.917376914052696
90870,40.58044778959162
93392,63.63881647879013
55432,38.47001350881255
42566,66.65877894394613
699,59.08461024956844
67412,70.7873477922085
12722,56.18788501647424
81878,44.98006149032722
94431,50.51757427563007
22835,52.22922735276013
5970,57.8701934883249
65647,39.637145801461564
61127,45.26032167349385
20424,41.228840247603436
13005,60.248197023698815
59294,54.26708072471525
24888,46.354739075113464
75449,47.41305086339395
2897,53.70835941676919
76407,48.54473482113768
43531,69.47333344122681
11512,97.99425925925927
78149,65.56900254856706
19711,58.94462075781661
12645,32.68446116430662
82558,57.50900377005275
42031,59.052338543567174
6449,61.314112334892016
58720,69.42417803268728
37094,40.11454020370763
3352,69.3084856372609
70936,23.21538603672582
4214,42.49856660550163
73487,58.19065115376061
32539,56.86965041593884
27165,36.810204779620136
54932,41.23905096950389
9108,68.64735558917525
74940,68.81181806219585
8789,61.55172717105293
58095,16.664077446280082
96044,60.92850798379222
11485,58.21047170690595
70260,57.42960632166612
98176,41.57078690181076
87646,49.29869335121151
19592,20.255595352068802
57599,54.810514003652116
91812,60.48212776346258
5787,48.586037533376356
18571,58.904267999910616
56772,63.20197327463756
12044,64.31485889418012
42209,59.32661062343932
95487,47.38425906086168
35011,30.577895960764987
102326,30.779791958067843
56204,45.33642420215496
65683,51.133969873077184
67489,51.73288278633556
74794,29.55416120080958
34303,59.966131781701506
50207,58.59447913609124
3260,33.08214467013564
61701,59.993645913781684
75894,41.331543925327935
83465,62.96366889810892
44440,60.128085858564006
89950,44.151645437169925
36687,55.49121594482488
90052,45.33640319560621
76786,27.273960652765524
44808,67.84409692655612
84875,39.04113366950625
30257,56.54283620197078
78821,63.34623610939297
44505,68.25927653542183
60809,48.108953949367034
8364,53.62466602682529
64221,56.60006733473564
30063,20.69965920414981
11738,49.679210974174666
64440,46.3494442303089
56643,62.60894206414164
26454,44.11362685885674
53693,53.95388670508858
16289,60.6817790625389
92846,42.33036420505416
85266,28.420021890252332
1877,61.23193233085336
8779,41.31380652577331
67890,29.99155046989896
22952,64.99936968863962
106,60.979111869585424
13705,49.97761011743591
84492,52.29045133933373
62455,38.335050518018136
59898,63.557539369780855
57320,48.321703184470735
31358,57.35157047313578
2713,97.91425925925927
14222,60.124106257640754
12703,43.95626022263143
35401,58.37185011490508
54135,57.87858303588513
58518,34.556389952565866
9260,65.47661920726928
12322,28.254394321885275
43030,53.561010401335146
81197,47.98692968782594
56594,50.79837962428963
98088,45.67207043054052
97413,48.735832510835635
51060,62.32406544814208
35524,42.38673478462881
14433,60.25605929223118
45852,70.37947988903198
53171,60.477048305211426
87090,61.144047936651376
63325,64.34875688350051
21646,64.55396691515038
48039,68.91026673982827
13939,48.87284677161265
91442,63.84429225107309
54194,68.4043124770544
6438,67.26791417543708
44516,51.16428375533058
19120,58.34328840137207
41398,65.7517550222254
40470,59.71695002449197
98874,58.11825463540608
89665,59.59295676044314
96375,46.72276859636527
60370,69.86518681164182
48700,55.93538786813844
72884,49.444309941954224
76936,50.74002569062463
71999,53.90148466329554
49639,61.37471604518634
85317,73.64596285156705
62246,54.905518345370844
8946,53.60525568302507
56134,58.562983152014986
30398,49.62370860106185
59901,52.31304609669304
12822,32.83303180339301
61841,34.48997899978046
80009,69.05590924942818
45209,66.25800095823483
61387,54.41769027698244
32334,67.77770605708909
47350,52.77783023405327
797,66.40639275688761
44352,48.7152495702546
63959,69.05800476764483
87124,62.26415380339331
47127,59.623838672654095
28441,53.731445554608065
83857,63.37496938069697
83372,61.22371018016335
79155,59.84876357092554
50937,37.893188366498464
89516,53.153952373441406
46491,68.76056527366377
29095,59.7035769594247
40544,59.0173346285869
24775,55.4206034506214
74037,65.87645945445166
29345,59.24858432151557
100497,38.42199026718732
27591,64.160426802806
96268,69.30442760644722
84420,46.66308505976989
88986,59.66362250422048
12886,31.773743835205842
8860,42.19779226672475
4385,52.76813893407636
35548,75.0206997562751
17583,61.24867102671295
13419,46.3265882205243
43628,58.2183620822653
30150,20.53310097144978
31115,40.40108097820196
57814,60.968365627994764
75938,55.44025667149097
27974,59.73459074581819
5048,59.38678169442421
23894,32.73987523625145
14941,38.69921003205933
79123,83.86771385016716
76874,63.010568491257736
319,67.99809893091327
93105,67.04103754688931
30713,35.945474988111116
19105,67.68481520507328
88972,49.36275934036758
9491,59.69053608729898
99010,36.983539228032
68008,63.12438643729605
38456,55.03436402231572
85437,69.07611998583347
90264,50.721323527345774
52617,63.466108809881874
22357,51.982323770064674
39594,58.78943726368753
43351,42.75349994074736
22162,33.98250735004504
41214,71.38182297971395
99238,61.777571972449735
96898,30.386272666105643
6611,57.091603748166946
63354,68.73445698004929
56408,58.63850426435763
13573,68.66150730715256
1550,61.066266692313214
47304,54.18144910282918
57442,34.80198027407144
2335,52.89348701099835
3191,61.32897373817607
65925,61.745551896533016
63485,53.99305598236431
23959,36.75326522085972
88364,41.95603293302017
27249,60.58123058066037
81736,57.11679470618361
37315,50.98972643473004
26874,49.441899734060996
72851,44.285783638590495
23601,58.885104480319335
88271,51.989465994060666
3246,32.60457471471282
77750,62.96650883103443
50578,32.712490434997136
11727,41.460021665414075
93298,33.194099311216526
43449,58.13703306863632
71179,60.674689464406995
10265,69.25241405116937
70637,69.43172523915071
85341,36.23753933950722
68700,59.09034207842683
15164,65.8736430339588
44798,54.99961210017402
68151,38.26382994019795
63120,59.26035519946124
91832,35.28626828333588
2414,66.3871026008578
31956,46.27545945866736
81930,59.87329399183422
13761,29.691060367567264
45658,30.167381893352093
42752,50.022361965898334
53703,54.99387548402003
3006,57.37960693820791
35158,56.15345497831831
51981,54.30969877449741
68657,48.50074948150164
85850,61.29683939389396
102656,64.40270412015857
67767,61.283964804355584
98073,44.212912262131574
90339,41.53153860722215
44304,46.45383552025956
100907,55.93939698312852
100501,71.68791493094982
63149,27.646131383903917
92400,40.22262254886648
94312,59.126503536435884
65525,41.95515816570836
49444,62.313651285940644
7447,64.78373141836677
73804,41.58118625863708
56453,58.96378502288919
41601,41.40726181921843
35210,60.96873916451822
61357,22.69802763293169
26404,56.17066579228731
83615,29.823784178784127
27760,60.68603605187623
20340,28.321497498932743
62409,54.70639063746443
31934,52.97850667264467
34029,58.404712754175534
2046,42.035047389635004
20105,55.17112322460298
18343,55.78389649896537
12679,60.68972262621808
3151,68.82792365781873
88428,41.947149884661364
79831,31.7237395172123
20265,43.58868572642813
54629,69.09563187166522
92218,22.167266515617438
54945,48.77679835457528
99537,55.99797163039336
25499,45.8248931449927
15692,50.11101161510303
48391,64.43531675173479
48785,67.62446664253466
24779,42.21668587329249
41439,42.22420381668435
34028,30.73072717605865
34765,59.981027166651046
70999,46.63384716759972
101534,54.584504361323404
17222,30.314059843479992
60227,23.694142307456655
17639,48.55468422543508
87517,58.35133530774595
56216,55.590949389581944
28182,26.334326759229594
102432,69.64356662670268
60241,55.33818606424785
70391,55.61891094334715
30154,51.71416400006364
69101,60.2777423813838
21433,46.605146192995704
56158,45.815151954756786
90101,48.88295539975347
101076,58.54253402207742
88709,65.0067254130026
10032,55.17427203114878
47497,66.55430142773069
3833,62.50320552828546
32363,44.121658483055114
9428,68.98709084591276
22652,29.72229743492142
21073,44.49343004198091
15440,48.10904452224425
57791,58.90188368108813
37895,67.10833264301574
69570,55.925255941115026
62080,56.826757517831886
14218,59.40265996490246
24333,59.00609393791617
64139,50.202997540157455
60005,33.18029959493155
62821,58.68169730027373
63352,46.89193544940744
91481,59.84149655971609
49189,39.2626079033091
77649,59.024249907955785
24074,69.65431972083604
49797,50.38529166730305
6261,57.08468250163104
68632,51.08637880102272
29239,57.24459087402641
47077,45.592453859414384
14848,65.5037673686936
75644,46.98303988907563
11113,61.51568736328776
85086,66.12135159442833
61614,38.62421216230761
30269,64.57810758046443
25310,38.21020036539079
48411,58.75309331611061
94640,54.89362636541013
83779,39.97991178765843
8892,42.135202934057794
74829,55.710060410481866
70616,56.05460870182579
40959,46.138652833280084
2967,57.39426203979673
83667,30.42163737051136
14429,60.32146264144012
50590,58.04366868222814
44383,58.37091460441663
49227,61.67910791837227
87676,68.16784750228061
73690,33.651972963192186
14491,43.503100901138076
16525,57.842918126042825
67352,54.428087259555696
41176,62.05442851676639
66295,47.07241802541859
87000,43.38157140782129
10092,58.838056149893916
31052,54.32107651387475
45039,66.48950700885304
40474,59.59705559735405
13529,54.80735645342883
7518,61.14794593639448
8158,63.05340374700485
61076,69.35682558333852
73011,57.4455287010056
56599,41.642207710350974
100657,57.05955081959935
83036,39.723565087933714
30685,35.32520639380658
3991,62.55968807191301
45554,21.261107475605996
28646,20.956856000974977
15665,62.77281229218523
58998,51.43311891976071
99809,68.89624070750268
44053,42.98230476598103
45372,49.06350023618651
26328,58.31808355155164
41579,54.72273685604169
35609,50.306340021421995
29367,63.20099835395486
81851,62.02707718674456
91446,29.810596883128333
48010,58.462780732419766
32648,55.96253256040632
65357,29.849199391015194
9701,38.18496124216549
4778,50.976978296848756
47694,46.31062817782829
32655,47.19998142335872
12263,52.71163542141478
10335,39.9741057558422
75734,63.2682953969753
40025,68.19514837624838
2915,65.4051701002984
26680,66.93579508126412
93618,58.87448919034006
27213,56.95226793403704
74028,28.946631434896826
24406,55.30007336905397
58030,60.60299679081786
91206,42.78018161714463
77507,42.841413526411735
56842,34.818539721873776
42624,40.18322292359454
54142,24.66165644465809
78098,36.5422739797423
92321,33.157233564241295
86551,40.94036954561969
43129,39.398532457300625
61737,61.84763847759967
18759,56.94691742479351
11015,36.001341494646155
84928,50.14287502194867
58173,50.97075479538925
67053,25.21143902276883
11904,61.08136799189345
66841,57.86456434703136
59652,67.00278052730226
18737,57.769982591365796
61514,43.04859255197994
54039,48.107607505686644
39091,32.342389923438226
8257,48.956780963455905
64584,47.106561828987154
57096,64.03420075137969
100491,82.70408214557082
4922,59.80044572821443
84692,36.35525104363491
84427,56.57617042863187
42689,62.46189067972286
92821,54.16353142878395
99123,39.34631853597399
11177,66.37198062255258
7774,57.07194154764602
91274,72.6864737466726
24252,18.60727092180454
90654,53.50016876140227
33541,60.43102036615539
34521,69.37565740401678
93371,61.83054922499953
87463,41.61141094959811
55514,51.8457484539835
41637,38.09949990699044
5172,59.82103780473024
14733,59.80627341657684
75254,50.850604136736635
16228,68.14057503888927
33943,40.11026849606927
74538,57.401306234688484
45335,50.49152730579463
16225,60.11248891452397
7752,41.458304379460095
39305,37.92108710713005
21262,69.60155737292304
82189,37.80682123569566
61411,54.7213246524372
4006,29.974725588716595
91357,56.41639201177654
101437,33.773199439180026
43904,54.70973320149001
67381,63.45200010533629
6932,43.141027935448975
80008,52.54870418522335
9920,63.39203217804054
70288,40.258274374897184
71838,55.77900598299958
36200,71.26604044642846
80458,69.9879135991068
43406,33.11669041049206
50754,69.6412837021482
97789,22.868569693391795
49415,55.18835425345465
31947,75.3462499645983
89594,55.4183818661635
21986,41.9690829171253
13869,38.70700277030365
42818,62.404131735166374
81669,30.05189810811474
97781,35.12209272916245
42242,56.46157717145391
63834,69.32871427706074
94223,49.24226890698014
47495,51.76747241347715
101213,56.32239264116103
10542,58.09248456623529
47036,64.84975770928513
42942,57.511451375070166
2781,60.1410731675896
71496,61.06372135926885
51644,61.269478345898996
91120,58.23409726265203
81223,34.01590492780134
39182,42.87375728581699
83725,47.53260162488926
40819,31.976008486068945
59062,58.47069836964699
75876,55.67370496222703
64260,52.62109765724208
14657,42.67755115730022
102262,49.25128056748189
12198,58.90722328552982
48034,42.346757822310884
28070,47.61024883689925
43221,58.565273097301336
52942,47.87476839668265
94977,52.93264216883829
8163,40.70225609244592
41225,66.47423669768972
83365,55.18089918859974
24015,64.57130433269108
96172,45.4317586156095
81121,50.12436635842745
40199,42.30573901714546
73581,53.5039362370293
52031,32.86181532469164
36424,64.69548034320607
55289,56.35822232323405
34479,38.847352717474806
89712,57.98667527038855
83852,68.71031729868798
69495,55.47323526268892
66393,54.897167777694655
6036,63.65062243895786
47374,64.80310709514511
931,52.02576858822133
60243,64.31162777962268
48161,70.36568600463352
64270,65.52497925947728
78468,52.86539253141772
3232,36.41862238556276
14207,70.44612539056641
34770,34.23739835245543
252,55.15633372532056
13219,51.386601465054355
13017,61.24556726327975
84370,65.07105745086841
90720,24.066331213587524
69852,52.104918534827675
5632,49.41445329836331
80508,66.67001421080978
24814,47.58375547803628
89842,67.2222936842451
43559,77.89561927420071
21621,49.580291199786814
101177,65.49550224137876
56401,61.54490153202852
88965,69.15589679606548
84745,63.80803711302619
72203,41.06717500448981
29722,60.22081318887128
39909,62.20201057889117
33459,63.63156583322064
101885,69.69156566498708
80767,32.07677498918488
12661,69.9879135991068
87942,61.646637077337374
92587,40.90939040445133
16811,33.176720528629865
63606,44.931905763426094
54842,55.4694649510868
60428,49.53005422563267
63660,42.3813058894772
41614,47.54852363358521
10020,57.153270860954656
67442,29.736649545485992
25285,61.28943370852221
21097,60.12175694780845
26603,64.60605885929829
71769,67.41858986926346
64640,46.64374830953881
53047,58.50990411838043
77346,56.85911141612837
28046,70.51283329148755
73801,58.45422821969133
24516,60.9593056231249
19005,60.04364982222672
78230,45.14091050605745
52023,70.40722927694375
101423,56.96460210831649
76534,58.77418839479869
4202,61.51821999038612
69309,68.7665411550734
2997,40.94687741912527
99597,40.86810404078563
13682,60.389680710875425
29389,43.25222180970834
24113,61.43330106914
99072,47.272522985757135
47124,50.15424469212852
87577,44.574404508736734
72849,37.517218342061035
8286,29.292538615494127
101886,60.76190417270985
14391,61.33761500198515
13531,31.228199837956836
41392,58.9861539345874
93614,41.419639420126714
69944,55.13017227741817
88471,37.204993698839715
91636,59.586432549690784
94502,59.11347432593474
96569,61.06094035602658
67853,66.05951590218089
9116,59.534684219909366
55548,50.179894024843385
17717,25.042733057466826
75655,68.682388648439
92279,53.64937633540164
12448,57.80835342155813
30560,49.547071851373886
69787,60.68822638229182
3792,41.949378142881905
94034,63.011399985737256
57294,43.33689477973249
83794,56.001186006044165
98653,33.03465301028972
98986,56.66758183047269
17589,33.66309474418682
30018,76.79299729079453
34440,45.20876110298238
42562,58.03192535106078
17285,60.61111957491072
102185,45.73243972431428
57598,43.24715801960617
25444,48.681621260293824
84898,44.44468818748692
6612,57.07815542948811
39153,67.78094775952832
37244,75.74805800241933
99856,67.69429325610113
74579,22.129251763031448
78555,41.4433525041168
50120,59.71151552409453
24171,62.5774081551217
33076,41.82096896384521
77259,42.28971345877527
99650,69.37201223185144
33225,55.16006935343232
57186,44.999872642179945
69784,40.28738080060424
95638,41.89874690023812
55407,60.03639320535382
50631,67.4536754683256
25763,58.011476476676265
206,60.616359233438246
43013,47.551040687282395
52739,68.43468283734272
26485,37.51784923680265
19057,59.202766695853505
24299,70.18025379435949
5551,62.32723013939303
101934,52.26230115971956
59426,35.416737791857706
25470,59.81027282184859
16045,18.93925511600606
94376,58.51139475555312
14969,57.86874882741759
9250,55.274542508265256
26611,64.1920510876519
59731,72.37189626531857
69971,62.30027411687038
53250,44.04689890726211
85899,56.623188641662495
34754,42.767694287881405
42718,42.147771807512974
34925,37.53259887997411
7399,39.79550781097931
90273,58.98535427146701
17059,53.219297609444624
74181,59.89017703891517
35751,55.06363931429661
66856,34.844942586412614
9272,66.97191903968968
48426,29.792193583358245
35846,60.68193210057377
14785,66.30437701008715
69295,56.10020077416058
68467,68.40412384423489
29357,69.06554280454047
78820,33.71927440126076
63118,58.22605823678356
31994,50.041184390011196
54343,54.33355163142603
22553,64.20685211086052
11826,49.94913358589475
82118,36.40573437326011
14517,60.739081318384386
83537,49.28036233905207
9985,55.06599238420596
53842,44.240420220063314
79512,43.69903923903669
4444,63.34210332649214
97553,41.81464969043005
87201,69.74993544972011
83509,54.73396705290551
95685,33.08330160004974
92964,67.01631504595807
99401,56.5254293948839
47822,28.855782796312056
47331,68.9728055046169
67970,44.15612983423714
29680,43.05054720335913
102147,40.93670599040925
94539,56.53391461839421
32415,41.96120692003382
82442,43.62512979059374
6947,56.10256636769857
14349,65.94728176459103
64294,48.921172892267116
24893,58.94289089916618
60744,60.56171085446109
51548,62.92145822287123
13332,66.86498092434266
44662,60.17314495860567
4865,39.953290633810504
69314,58.45621456061524
50556,63.216268438554806
44915,60.597338879413066
93329,65.69971391656215
67668,55.731103200150166
12376,50.549505001381405
53065,54.53495974325847
5239,43.767899837889715
4784,53.86027285457301
55971,62.91310642570002
20511,64.21565133295127
94764,57.51463268814028
44354,69.86518681164182
90652,36.35063270318136
87636,62.151724538729944
37139,60.3231305763665
34565,41.23243043331936
10758,48.50152342832706
56665,30.265988152757014
65415,42.89428672489287
6164,59.94801497492418
97654,53.654622094937395
52375,60.06348087626307
19745,44.87279447766698
25385,67.3292211241373
36045,64.98702800854852
88193,21.457903546155293
2149,58.44458876864299
56131,48.2809342847176
59030,33.90241381823399
49210,54.01190243099015
1960,47.20645847056536
95433,24.242471212388267
57391,56.28902490544318
44457,55.45320816962415
39815,45.407889154031544
98955,45.93490384898776
61881,51.59290176218374
48595,59.870273730107556
22754,59.315697830805675
19512,47.452649217397536
69450,72.0044773497816
13216,38.5049590049457
20926,33.78860009501996
24257,67.73533740019404
13970,58.77569323175311
61508,55.75064130011735
62371,54.36039712549119
47270,57.08052701168178
74935,61.62137417771364
48984,54.94129804357751
76835,48.44246202998861
64321,59.339704888666965
9666,55.87952635854144
55792,70.68185528637936
7992,62.74551338219153
16887,58.519456371962015
80679,56.531106986570414
61339,41.34539744738235
75852,60.09066430128507
46141,30.778653250271237
18634,54.76300123727691
66449,49.001463595036775
7067,61.460259841122316
19414,23.12569501225664
63267,53.89881767823842
12301,53.594581694777965
11225,40.24011392908595
10785,57.347879651753985
27126,31.431850354635102
53664,40.96929483391314
88439,31.41199968818176
21216,59.21112549512929
67967,35.824153665341235
10451,73.66578636698519
31271,44.96113439851491
12479,27.224093778588532
47308,28.472827158593315
54739,62.005503533404465
35662,42.16817351059828
33936,57.94606549436972
26986,63.47431130554696
32032,60.56391362285584
14454,51.44217058337413
63367,39.37074194848464
916,46.940971789460534
911,55.3156162872722
73519,60.54111702792511
64819,31.5793772604211
35043,46.991634122872604
8905,48.68121247010791
62888,48.267421741098204
29766,52.02767480083323
8373,25.360926570872344
63996,57.47889867228235
49789,54.3774726785778
63373,52.9842202815304
59730,67.59723173071656
83222,47.46352961519466
41874,43.35964874528605
83259,58.19231932053613
36326,23.095887676129756
73026,60.28277927764657
92775,56.51228034722849
17643,38.8061974023911
62470,16.180064630377366
37589,57.63667887159265
33725,36.883305328503084
57766,39.26683574022042
39346,52.22653331169576
70400,65.32866655986061
27671,62.88052734539405
40697,59.715318757427355
90551,64.17886896015348
45904,75.77910934210543
43469,45.35332224129697
5772,43.701163163460386
83390,51.63688026394295
54256,49.399085707973946
47928,55.26728170295379
66750,32.35641603421592
87940,40.290932274682724
43223,61.259372560176026
91240,57.774922314304305
81078,32.14884542046107
56667,45.22914372741664
9016,60.87228841502697
49265,66.21711857494535
5111,56.198687602591434
80754,34.627003629839976
27356,56.05255391927127
47217,51.96379234267304
78751,56.615345726456205
96073,68.03191050011564
6724,67.78217082954534
53624,58.899730720423776
11773,57.27834236196456
4593,64.32740483885519
32274,60.49696475198321
72525,38.776657863074206
31080,65.5300172486246
85499,49.20946029771465
84190,41.3754337912729
30768,52.43212877523204
83584,47.77214250280952
59242,65.30331357345433
70351,58.94302786458132
92847,40.79110637622081
57150,54.27969495609192
12776,42.239160866152595
65013,28.792310295988695
72889,32.07430518599408
87825,38.1862698200075
93557,42.88303653379816
23302,59.40401822257277
63366,47.162655580040706
73994,39.48784978452586
90170,50.443034194101344
32977,36.052258278202046
26095,58.35880568881554
34269,62.31480111907151
39343,55.63638517871371
34527,46.93636280967858
18609,46.71777585190564
95999,62.16802574615843
65206,55.83764786463897
12210,42.07329027681593
99380,44.30061406756183
18442,59.80953853379544
66696,43.42614163789199
37092,46.16806341716669
78329,70.10344990645112
5880,61.62376970715436
81415,35.43659148572326
7959,61.345105069833835
98717,26.47159574358487
1622,69.237376788771
46766,66.03176236301825
60717,62.52860281828062
66321,34.4120620745567
79082,45.55660755066017
56982,44.12026716925663
27727,37.005113415595936
73253,44.759193534021115
102225,63.31891870821035
80795,60.50610792875798
88565,67.99809893091327
63489,55.856393786867145
5463,62.38922857970929
100062,57.2303064284314
35590,36.22319286042465
13977,57.97260628554944
608,45.31589491083206
44067,63.58660533146764
19673,25.885556523397263
4494,26.622236262529032
64367,63.71687358538455
30933,55.777724701353485
83369,58.77675170888463
65593,35.280918255285385
73456,65.34001946685474
53668,68.621406000078
57733,69.5992187041941
93678,37.91254442888835
709,40.34017305442569
15730,59.85521534675775
54686,48.422672973793134
8762,46.047125234940225
60630,60.884998704430124
78861,37.2749532863448
91049,17.842763583251703
77664,24.46710306065314
41818,60.8677668994442
96001,54.0214834327212
75575,60.28153146051311
75253,41.9961241843272
80481,59.55549396722492
59313,57.49528974198816
265,59.98120037864319
60069,67.5065198666562
55209,60.050620968238775
64227,60.79747158297373
87566,55.09480140557916
55430,51.32821727576746
40922,68.02652695474147
29895,59.77187584816839
31810,56.13771494769662
19017,69.01229872925717
52697,31.689032709414928
24114,27.928003510148947
18611,14.864548102595394
58521,56.4449877591149
35487,44.148857305110965
49648,38.34473964823592
23896,63.3497561908978
5150,50.70790056064754
47616,42.99424766251873
100920,50.75689398943792
8203,51.31888122188091
32076,51.28320903635196
48050,27.668939669017536
7382,60.60976347881162
17536,65.83315476919606
34617,51.75540924575919
96262,37.682514722515094
11270,59.68893462721985
33286,61.41863091910319
49359,49.283297288282
69285,33.01303894039196
6442,26.264276720948548
93011,57.72783918953344
19121,51.470102082036334
43742,45.401444400435786
85655,47.66074698672941
101406,41.33084787363929
95282,59.26139261493353
95848,68.5049230411415
69196,60.28179917896709
98851,69.02604605262846
68367,59.088761404535575
43684,56.39953364204521
21795,39.11921435028068
77550,46.569252417233244
5022,59.12755462898559
96690,64.0525476525976
23692,62.194999085989295
50979,42.4367774353918
18502,49.34795569382693
13312,65.09984616633302
100248,43.73281585021771
99932,60.72848153505454
95183,45.04550299138912
8701,65.85760613572363
31503,61.5417956887791
6604,42.62147763814098
45949,59.244343368566334
40984,25.128411088543263
49565,67.59723173071656
89764,33.3429254564477
57336,59.51320149443801
54444,36.41951357004624
67478,49.42506446957844
60589,59.77954615777315
76579,48.614556431467015
31087,37.950884277043954
30702,62.71593904884523
100975,67.49691831131142
70299,55.22940258854344
92584,57.71473851055182
52853,73.65771605783138
82116,48.69163053649167
4518,70.55659887250165
39270,63.08294845640202
92153,42.29430367029008
59951,65.07105745086841
56787,69.3591049214656
66273,30.63090225524375
9947,41.298150628314694
51965,59.23925679298636
58750,56.063454175356874
10596,39.11735247574329
68364,25.983019327545236
31928,45.16643035053819
73327,35.49946071484262
87236,39.96353710704839
20934,44.29726629712677
47225,48.438279754387814
14503,50.254567449096655
55272,50.8778031927696
4174,68.86892143286548
18390,28.939962735783787
7179,43.90920341802253
35160,67.57878775443332
22365,39.77888405867407
51234,45.27825407414677
46826,60.00658740683602
32927,68.69795687946734
61516,31.600252838754454
25426,35.133712825997804
18649,54.693371336021485
71777,60.97340162824649
62112,26.321832527107432
70185,41.5456283937996
33832,67.86624488321506
63049,52.65941139767513
75247,68.79054939075202
20938,58.294280880786474
72388,61.44977885365259
25738,49.34492221421354
23955,48.417654950315736
52787,58.15851043341985
71990,41.131217208252735
40264,59.11141307684635
8290,68.42368340428216
49536,36.00637630113499
47721,57.0447869057459
7595,45.33931693729285
92551,55.274002714426544
82556,42.73676954007078
31601,28.456578750794492
66681,49.90934801017673
28807,46.37038700918563
33988,40.314817597050585
57778,67.8806709738332
40405,29.940246621808694
71780,60.235748104633096
49623,42.90319296487993
43671,49.313256160821965
30539,60.15047556852539
44676,65.6148125837697
32303,40.71244662731932
5412,56.25619394388133
26711,58.85097599977557
28420,45.83943563353704
100770,56.85432624965541
16791,56.425386520242746
8106,69.3405352273282
75875,50.46577227289877
84917,23.72415732950477
61989,69.51201027290804
44888,62.276611517283854
5729,63.90473257029012
696,59.1290825515444
29019,57.19506867039145
80016,62.98376819761078
40980,60.08849406331319
101663,49.83376112521589
101170,45.43793989978543
16843,55.93792758708186
20148,70.76757460294044
77597,62.01158916397065
67979,41.31158570782509
44867,59.59514945872372
100803,69.9879135991068
83160,57.533948376623414
77301,52.836349951957544
29077,55.435126899550326
9198,68.54431847896294
88434,42.69350995764925
16049,34.34681254821119
90587,67.74843312801109
89765,61.138725724522445
12268,30.084114124324707
37961,46.65968473410774
2727,55.99055412661406
4086,32.17611240888978
90579,50.925762942952105
57199,37.245975019924686
16405,41.29058597162001
53114,31.801002339941512
24205,65.65616388232017
97948,48.1450467963206
3840,41.929627159562195
97189,59.29757317454674
27956,56.99736022233808
48233,67.23963359446878
29156,46.90424700970505
23951,58.96117551046223
10368,65.40797035569841
46025,56.273078008626555
85548,54.17667744229743
36850,65.6778402606127
55203,46.087779811483536
73089,54.713837308038656
94761,42.943444254893805
48335,51.421923443354586
8805,51.480000519318445
33218,61.91917002241855
17357,60.60561859755233
9741,53.48152005378067
91964,62.66323184662318
90675,49.52867758271157
58174,30.661928082976193
38483,59.80766898764259
32551,60.453070651851185
72068,69.01219503841178
39570,60.717045123163444
73466,62.93705385276205
6896,40.89185482951453
101159,60.117416942578956
8916,56.03968951241649
53281,41.63249562936673
64067,59.07873962798038
30902,39.01607989089808
46953,31.63373772290874
88039,63.45602664456553
29801,34.735779280756184
28254,49.07222672683718
81856,53.09627550273613
92106,59.954260783233366
73899,46.34894928309174
27850,66.16059318062466
19665,55.18154717069226
99712,34.08575529293485
24685,63.46089508364165
73831,48.607875269539136
37468,49.697021341096246
49646,45.55687437859954
61120,64.57490574963022
98645,69.5992187041941
90771,34.2335283365658
22168,50.70780126861261
3834,19.318308400061543
81420,69.07637824873568
19684,53.68865166199335
45567,39.314146110426194
84006,50.69239389407598
17545,55.58320552011179
2499,44.73625774802904
51306,61.76699760953008
92087,32.15637523236098
69012,33.3999597735619
16145,60.44906514352794
96874,45.05966277030493
68929,47.62784340697288
56753,67.48166321751934
22949,61.41720693130625
33759,58.480148160831405
25414,61.570130303900754
47979,38.855014272302704
85742,80.1357279768906
10184,62.99711529602616
68250,34.500294535794254
99969,58.069663749941064
40058,59.88068349080814
40885,57.87561753137899
23319,39.70490069566234
95674,73.66578636698519
98205,69.15589679606548
34099,35.49150613071464
39386,57.32942538513966
28514,47.92661646852918
36612,59.097380306381886
49530,27.88571965681181
7272,68.9242939923148
30541,40.36219904884171
99536,29.836377827819582
45316,24.878497137507985
46442,43.183875798226666
102221,30.285185922351005
16991,68.1470926533437
74082,43.34258632970113
16469,59.29024817718116
28499,64.9622446454803
6925,56.57361698672492
40113,58.93422118956623
79755,81.68475957400422
34764,41.48808275024635
32741,54.8998366280166
71322,21.715226847610882
5609,27.82156879652009
6425,29.32107698274789
90815,69.10830235850791
41705,61.85714322313574
46293,37.59906206206006
18449,59.66130858800397
70567,60.303322217215246
74823,68.02622829812884
95629,33.827021665238476
92548,35.61736832022669
55232,42.48687754756858
56161,66.11886879894452
37120,56.623505080895626
51664,55.93243258961577
37328,9.722052746463701
18379,45.14544317174435
48043,66.84689278496857
60787,56.93612546291671
82749,60.615832298156036
74139,60.29263748476924
45266,65.1831516634385
10182,59.74329429082143
29583,47.232281233987266
1436,47.278532242190515
62228,39.70312220693874
62257,45.51063867473982
50593,42.71419836964341
20221,67.10436159296127
62948,45.11447903447451
36977,61.38727087832438
51,26.504426702971543
38425,54.50247030025895
30950,57.19048325450009
1347,53.167222068745296
98458,57.338007761782556
78326,50.467597550473585
87805,38.74270813856412
45992,61.49049462886349
70319,68.4678145145138
79098,58.20291513326892
14190,58.191728876080205
73938,65.63492530187455
3734,20.944481504604354
60610,53.43487111086476
1653,58.69446647686989
101542,54.89146353935094
26925,55.065865239598544
36367,34.43737426800695
50628,41.12746350181508
90417,58.90477454382453
10394,49.6130567551059
49010,54.60961365573537
2777,54.562503939704904
44224,28.366841690281213
100300,43.71775960569893
58849,55.11946772659135
51505,57.808430922298015
18383,44.21110948413147
74796,49.23257232565474
82645,56.51881264510282
40411,47.13648839493966
69911,65.35824702966642
69304,55.8261720074431
89701,44.95213570324918
72325,45.26529410692905
68748,64.52472499647898
11148,63.74642955855481
57388,60.58872763876067
13808,61.52002076358765
44060,54.580335223612494
14053,43.13671160286276
71343,57.19067300818035
27535,55.1103624130388
21014,45.6583071693677
66957,23.054279822755564
31060,52.579518928305326
10466,68.95189483573647
26502,58.62107589721573
39117,27.060305519803393
60588,67.65482687537605
82105,58.13611213682818
77945,41.67309396692358
14802,35.37981958036633
58193,58.06292651809537
17027,44.279526443105205
70133,57.02397730411002
33139,62.112321186690934
95555,37.748135370538904
85949,54.59700006150621
92616,58.510410550144044
66148,63.2388455097223
19218,58.70711973893315
84298,70.68767688089338
17698,37.38533591675806
8103,40.34731645757567
84336,64.7472652767272
28619,61.19247150674769
66799,74.6153112656778
94956,32.18614458389557
5619,39.18948876360972
55475,53.23350911947477
27809,60.34637677878388
68360,60.26555716280879
94214,33.72197058971726
92159,44.30280854542548
68961,25.678395193174584
72159,40.01535829201567
84557,58.03243043705458
73558,61.04529400970271
83972,44.592736438818314
18277,68.44447672096737
60797,57.08645166078898
84428,63.70954261168423
64549,43.76806954267768
50295,46.816685883901044
74087,60.18220625018615
42799,43.197767303336214
32619,52.55718601841522
41199,40.91195856434871
33755,36.855919623861155
51509,59.853912681826586
70161,31.244648873261472
1107,69.237376788771
69505,65.75324699716975
91182,30.453686882778243
54163,57.61597301619074
39447,56.59254045441013
57659,68.98709084591276
84354,41.774334707748594
48899,89.88902444293143
86287,58.99590642354441
1045,60.65414670280179
39356,49.35862198377082
52530,51.55640773556351
4683,66.08381739510367
82957,36.20478383058266
99586,61.56139213442793
48599,54.700547222988696
17007,68.51381473265961
96784,48.102975609946135
30521,59.55749780455071
40917,60.57687798807475
26216,48.7749466494603
55096,60.20996055648145
40,51.5872099724535
52969,58.287920420238926
19053,48.624494460103676
48537,49.284120443977336
41060,40.66963751904427
50963,42.00144618175529
1187,56.6167028854957
3756,57.27480020521444
45279,59.34392844863467
16594,60.86755262216404
92477,44.34904647100244
81337,44.872578903860855
93900,60.7344472072139
80895,33.452616330806066
37974,36.93089997786738
88608,52.37958951920558
80295,43.339902799218734
48066,61.533129745628194
82653,62.851133435009615
73724,62.7460155457333
44745,25.64410245705703
101042,47.03500991900309
2055,44.363687294802475
27918,59.25457342039888
15862,41.022256079221215
64372,36.930978076321686
53030,33.24475274949143
6774,62.194708184828606
192,50.194749511618674
7278,61.15479368272494
87087,59.51310505043282
12855,64.01619281766494
75946,66.35469068297073
49554,53.02309501445503
92531,69.52947188574558
25129,52.520882585329446
17937,56.532081983548466
9605,37.62502893682372
30252,48.39716983803426
6740,61.35420396675887
67792,57.802582048689466
4447,42.847828657240655
62686,48.406014031150946
75725,55.51856291782473
10052,58.871549332594896
60653,54.434417009677546
18651,41.674397247214586
54403,64.13326806975307
52159,20.255720822039326
43810,49.17544382283267
81768,52.092971048552954
18657,46.28552854252848
57559,60.03638934515479
101839,56.530175295637136
75017,66.94145612603909
12492,42.43699069011518
39352,48.47316377867342
3077,38.939082890518534
85590,59.604004826208126
40487,60.6230097126297
80381,30.362640972625957
88478,56.67788398946576
53106,60.484745637604775
42092,70.1051258750441
41454,59.85808172251135
48543,61.15536011346044
53488,29.28405267463153
16380,64.99460401323218
76557,64.7600718435371
99794,59.41280378521791
22687,48.44746751224736
87326,65.92933678955751
18765,58.85164687788236
2575,27.148077640271893
60459,68.75014171173602
89784,43.232534248094005
45590,30.124615469161277
67810,54.73982492093724
658,43.91586690933773
6994,43.083613785897434
49060,51.53334463020083
14964,45.60176585515546
3168,34.46283373499205
15780,59.49736998496507
49550,54.30104059631087
96127,43.918032684237254
44069,36.4257694667889
99053,13.447550708129397
74988,37.61918081206465
72791,52.81565995029096
102650,42.58041125973426
1312,34.91106865528175
102211,66.90252941763947
75667,60.65545192636487
94262,62.94221196748704
22495,42.790471974272265
69789,57.89043827082205
85296,52.089224784967335
92814,45.790396662812164
13851,49.596068495589385
100511,39.57840061320455
72598,50.644241146600145
26591,26.43054746758418
28734,67.94564949060897
40410,56.68393860251953
13256,34.94878651875261
269,58.45557685780821
85134,62.046002133675216
81573,67.59723173071656
48442,54.88642316051133
6005,32.65029325342422
83172,67.41980883307788
90932,33.38297885814593
93926,62.87569734921969
85887,60.7228265624992
36185,37.8480269002566
13135,44.033633299405665
76684,59.27108616634464
70303,68.66905639842116
11206,56.43213323953686
77721,55.649457811545645
11913,67.82972663395417
34485,64.36985352805215
79453,44.34105630449446
36699,30.31777739389195
3185,59.25374014548431
47424,47.873982702574985
72540,48.360766563141844
76048,27.281088669825934
90355,59.548329546757685
83380,62.17439389427048
97445,59.59867953041047
69526,63.36791712299359
95749,60.96186345313693
92343,55.382295373023766
14167,62.57554060503997
66065,68.690325069865
11070,59.51375245628845
18569,40.44569390179849
81377,45.05420736745518
100959,50.91671239666936
89678,42.57658394115344
96388,61.14794593639448
55175,40.824301613249645
85029,58.124410375311065
59755,61.31920267984582
85734,54.1768037095346
4406,44.253127604416505
48017,30.261929380822686
2015,55.191313813470124
3645,62.37134425712517
11266,52.40123053965368
50452,45.56191459056812
31438,51.26869289410074
34126,33.35522709869059
87911,50.91406370319214
73517,38.745692128298394
52336,59.21848823072781
92398,43.56768179958358
60567,41.29285223228197
58879,60.59355489845345
65227,45.70124417363429
57771,63.65080832140974
87242,67.79485575066968
69633,59.35816873145459
33965,51.34217653443927
6680,52.695767831534994
101827,64.31162777962268
55497,69.10671980860475
76810,59.870612218362886
50603,69.29344276981126
75389,54.690244691942695
13192,56.415523341834444
35809,30.49535932494475
1171,67.38328109132325
78047,24.004780706558254
25708,75.49983829710978
30993,54.0271482681259
66098,57.77724863370219
33268,29.26372462395995
40302,59.78317349617055
25663,59.82971514428612
45666,57.633963985803675
20592,61.24551859139463
12777,61.757676020480105
32932,57.26981054774201
57578,44.72053423212165
71242,61.655757815098575
28322,61.28099214584625
50529,31.853112149312715
72969,64.54652405780966
80405,65.93378978699475
82186,63.94001410258325
76320,44.26351267492307
65607,39.72291242474907
41381,65.07612955409263
51700,57.68777420080558
75402,64.02716934496888
52863,55.89828264934923
47068,28.11668775541581
41812,33.551177863921744
84163,35.136864650240256
46007,42.54822518791159
18186,52.39553747613659
22214,59.67265431167164
95818,47.652968090115706
68163,47.64249170909801
54179,49.36557185096415
44822,56.129574045175076
73007,44.54911759659204
100053,30.325494615350046
12108,58.81646178366891
42507,68.00684610602447
20093,55.64698547217395
42614,56.135324460245265
16258,58.689725094818776
47975,35.87552988630746
42423,33.80112286146773
67697,66.36026556709098
52927,65.19922772488813
1034,49.2585309617974
13139,62.76163414546939
31817,53.50568060225975
98833,34.43184086529148
29638,68.00684610602447
55377,59.67825091424036
15755,38.57809318874891
81480,60.94783209765049
81897,34.68376542675191
4102,69.5531803358138
55084,46.235650673710204
33917,60.196011516283214
89920,45.1928435916169
57247,61.30310812707242
4352,53.53195726348774
63568,42.02323276671663
58779,42.73719558840284
72371,45.35309029055117
2907,44.87896897018294
36393,60.7797359362907
31109,36.615991252433396
61384,69.29068227739732
87448,40.941207525232926
18684,49.88658413167419
94256,44.29549823333914
51847,56.27006449707511
91223,58.35015449617824
7881,55.22109356015117
84405,52.059538742209405
83215,28.54753798847169
35399,53.874051730861176
86403,64.33030194051634
83438,49.97636929999178
83353,53.71132264203583
86411,58.231586210100524
17138,55.25732578652101
88829,48.15362848280957
53038,68.49576261495203
31409,31.660097387225733
101552,20.644255464655025
41157,55.00399096935942
71978,59.88401296170237
24031,43.93939195076001
67063,32.86628220717441
32369,25.156332920221768
75418,45.31587908435501
88768,60.25844751164696
41242,60.01680829283382
27731,67.55497003975866
36430,46.646950782658706
5553,53.76738045064316
87831,63.423037696047956
55850,37.13298652255642
49081,59.52159317029205
670,40.61326746557052
59591,42.461222361304095
65711,69.10767984623571
92953,58.73613167492334
26512,59.52014116776823
53604,42.99196872054144
96024,51.6184197951048
57923,37.29122514312112
66370,60.616468456150606
95831,65.81381110937986
97391,42.96412098411807
76601,25.82519722599566
13062,44.59313943510415
96018,61.96751756741953
23170,50.54526977370399
88506,58.35768370720834
32555,79.41376261886263
86505,49.03165881205256
26999,42.92245397869949
55924,53.07793342389894
17291,54.52708209552066
45184,61.35734346022988
36380,61.256821695487844
34463,55.409182833552194
25599,58.44100036594087
99814,66.92274731622346
52615,69.75317551597756
7667,61.72535809185194
51289,58.77675170888463
88041,69.40847911989619
81845,47.427749625623626
75704,66.76440336260394
13309,52.437564274664545
44166,66.20638366284832
20824,42.1872139424593
38025,57.593503010623984
102475,69.23788524008361
73005,64.11628192694738
44960,64.33979717905567
34696,56.95066899338918
11304,64.7018241255815
102117,57.6466389007187
70683,60.74769129940581
32286,68.22216378464232
76229,61.473319791390416
53741,37.20204586091964
10938,41.389166948639975
9823,57.92611247379555
10190,61.14794593639448
7404,40.65732999635708
86245,35.7008468752405
91839,41.52087101706976
58211,61.64512988290266
3822,66.53711766848495
69387,57.346827281486505
84073,33.180337691364464
93449,41.329835795701364
51890,35.779367754030055
57906,48.130458041188064
63562,67.38625581045125
85875,64.86202644107249
69086,63.25740026375137
82876,57.36010992298623
16205,39.39676656233151
18399,39.09568060539198
100042,68.91333939581213
65364,57.22001587235471
98408,37.85718758287793
30825,65.37438400838707
59119,59.76836967116023
44380,41.48094269627639
47044,59.314463625974895
13270,59.97858636274976
94007,64.62358961067515
79566,52.6766617233533
78688,31.11990585257918
57427,55.0868027571292
88815,39.88640927858464
91597,64.42602755794866
21840,37.86877901777779
49399,58.67791372842101
88866,41.20707561964177
5531,42.13006954337333
101257,51.28383843601933
85882,41.557997595480046
53987,55.938315267767436
97680,24.18415945680806
4927,25.489386593520212
98524,41.433463710371804
6537,59.18268017982778
26934,37.27251956906325
65129,66.86766014252254
30290,54.221254589508234
8768,60.731586187238264
72546,33.50258945058078
75045,64.65937791933221
3397,42.850508335330424
49893,40.92432819560339
81059,46.22098700988263
53770,68.37652827219746
3955,31.304495635460366
49250,58.737951714591276
12666,59.348591667959525
11459,56.59718058018879
98386,52.462675638326
10570,45.3013624555997
32790,61.07709647440618
93852,67.13883475971753
74222,57.70906037156848
72830,38.28462626235537
56879,43.187686807936444
79451,68.06274730253448
82986,42.08368035188986
65275,44.02388289291675
58483,49.17137426710803
81574,50.75963587480559
70990,26.271860630142292
29877,64.49361693104628
23446,29.420885695975038
371,77.52746095283433
65505,59.784611904597114
85238,43.852415547530846
91448,53.06072173285484
24173,41.30392565328872
92535,58.709949608201676
63446,44.53992691341248
66520,58.80197071405744
15139,30.46169093270993
35979,70.02344990645112
32002,54.9467283282326
34999,60.712666749978645
51651,36.17636871800545
25096,54.03199302861006
31644,64.43473718030805
61875,22.753246253060443
57000,61.256821695487844
18324,41.815946676715285
28074,49.54948864624159
33250,63.12438643729605
47132,60.06301681209786
12504,41.979155128622814
44631,68.95410835025116
17091,59.02496080724511
76705,35.46994649259846
8239,47.393694829892596
82304,40.011436252016814
28091,60.60733266007894
50783,59.31636778164675
27761,60.610698528369625
49644,30.316847729697912
3667,48.3244974123657
96133,35.497838146048615
46428,55.544304228336394
49559,54.746210881584865
7218,55.9770172699064
76668,41.72738059967838
82344,41.71269448293217
30760,66.82244484307691
20257,67.3896860574563
38341,58.47907519937853
70669,54.9040196321414
51406,54.371238366060005
34608,60.42022431245081
68033,54.857702480729806
97601,41.37679444038265
76628,37.02453241272517
64576,49.113871858248004
5790,59.16323629578474
84364,58.750996692529114
61419,52.472095334098995
6466,55.67859600539912
68546,50.2469688730461
41677,53.657173553580904
18640,44.074342618763495
99977,57.604929801052656
95570,39.52676556442738
74273,56.619308196715274
27806,61.352115480578526
77123,56.25772879196392
89207,69.86518681164182
48307,41.22156476024747
50443,60.70401274822248
24783,61.23193233085336
26614,55.333527341833026
56862,59.611928479836436
95610,45.751148677976396
74091,59.653331060216715
35363,59.135658999890026
84883,53.73158873813325
56592,56.18158329497418
9466,42.713733135436335
54924,40.2316089492821
78922,34.468023624863434
24150,34.42245209626891
54248,44.89015415136566
24943,29.712877999393594
26804,72.21960081077313
87921,60.90335606538111
24903,59.14291847279206
49208,59.00076149325283
55915,63.59487208990539
12926,59.690941073750466
58240,67.76745545966237
4923,32.81074824491976
6197,25.80835001683095
69449,57.89151500755394
101421,28.949768830308606
97632,56.468690200651324
79089,39.236383346210246
293,46.13101601791621
52054,58.457312186441584
58697,30.427253457735265
82597,65.3922487677689
79036,66.45738014765908
25547,69.47468293665122
79994,64.84000391578843
63258,58.46533022340974
18467,40.20736304571088
138,48.53414240585757
64927,40.59699813490099
38613,60.66381060944258
26610,49.52825127896801
50045,60.57525537507912
30814,46.32024174541234
326,53.14238169110829
13253,48.917128756264844
57571,49.704081331195106
91519,57.211661538087874
44876,40.55211937876686
98009,32.81105286684242
40050,59.91770866342745
101875,56.87313373069208
25851,80.73938203907159
42961,54.353231067730746
89109,30.135748393732346
97446,49.552861938617696
24666,69.69908710202245
92300,48.20392072677724
94959,57.202397469711244
54206,37.586256174379706
88059,58.63683443003184
56794,61.54821880675753
59232,68.91026673982827
13637,66.06980914255024
15873,46.30189119172155
68416,41.5700335518804
76158,46.9364478056579
56775,64.38384431953833
8212,49.548120439577005
65638,44.510330016499154
60701,68.1533738227722
9796,65.53791141877157
89999,49.39944389522432
36129,50.93218382117746
66118,57.14453944076487
101741,31.489347621100347
17394,54.21547623084676
63064,59.167778282052495
2074,17.122565425238434
47214,36.91396131534458
96012,50.848618884082526
102311,45.365428290905065
2059,51.15923728611083
38517,29.345052865009333
78460,60.540284684305874
77412,53.69010789115086
20260,58.00609013687965
45724,49.50940938874013
96264,45.63250481097122
11325,64.1790352595482
92346,61.20249047457002
21084,42.87527102949828
95126,49.266892780702676
66152,26.712198234880177
30957,65.81339287626245
86371,22.50059560163095
82096,45.17228301679056
32114,70.12705046321294
26613,58.09125651434251
14577,29.703274671588556
52168,28.05370264832326
30571,47.1612720844123
39910,67.53846176081596
51734,58.455749959923516
78195,56.74463606910213
86247,66.12698528090662
33748,38.50910176058614
60015,37.55219257253751
23501,58.94917773625214
35664,42.62983888074704
43149,54.047545992335735
85182,43.45847470923139
54938,58.986226222388495
10694,31.25108301423684
8190,70.44612539056641
44646,45.83624798638597
100906,29.93641505180543
51237,37.4242954838725
50103,62.83373610292824
28916,47.40469317607736
22506,68.81181806219585
70620,55.610161875035786
63023,34.98215585670027
8096,35.624251979290946
48180,67.61751468185987
2928,54.145164786975364
9575,57.8879540494761
34623,54.13138254243288
77092,62.759880148714274
61626,66.05780481334189
24996,60.153931098812585
71525,38.69832541191
9855,23.448772687321675
91863,49.71187364195154
7706,59.8814419289558
47866,41.60144303346981
33802,60.712955128460834
11710,73.08429174802066
15469,46.854035525569444
59137,32.678315252182664
53274,31.992661940819445
86142,49.90686869655714
88518,39.88195448409986
75504,70.30687642643956
80618,40.01678456509018
78257,43.33486807828268
100214,69.97301844294587
5823,54.13260147919797
64947,34.4923514123001
23168,62.6140073549798
54771,63.70738709735738
59935,62.6855455043591
25181,28.151667023270434
68833,61.16202925614681
33205,59.2021004252975
50467,59.94316083028585
31106,62.03138755531072
22781,66.14295811638975
75318,61.52659081453388
27022,42.04159161534644
84608,41.779470854656104
28019,60.59571532856288
81068,53.81963058082505
27107,55.37076369232771
16069,60.48704576471241
56443,69.74993544972011
72901,47.75954530430048
74745,43.01490648073082
8625,30.241581244409357
49100,50.30915397243979
64750,62.49817603751032
52472,63.7069129078603
29467,35.31594938994698
93346,46.5539199439966
84739,97.23692403198655
42257,42.013268310267996
11319,37.21585508281057
78065,58.25130612758435
41158,59.712255203337776
15449,44.877422211429824
57477,24.812632485796627
87333,54.78863941273532
80404,57.64500671700537
91616,31.7392924991709
91881,61.283964804355584
50092,57.36616952187671
77913,64.9290405352229
55700,43.77047136967521
1004,39.98943782093622
45919,61.4863566607804
77808,58.045663992917234
13779,62.29510810200814
33966,60.398237249265215
94139,52.08609054460369
28427,69.10671980860475
65043,56.317457942214304
11549,66.54001760511969
71072,43.52466474264283
95467,54.842070419164365
42300,49.68116688832248
79984,63.64060535809786
62009,39.081117973268775
21847,38.89882450531672
76648,49.332538661119024
42851,59.722440922458944
13355,63.353149902862135
47710,57.97188201203436
28366,47.00391159270077
43292,65.97332902980398
10564,56.300164640624956
70300,60.11088361549346
9760,33.76837104965267
85290,61.40237085497457
65005,57.20903315111231
574,42.49442261070505
16771,62.33219125352021
93345,54.796504812110115
13933,54.21367382728814
82568,63.350681127893225
27652,56.93508652554558
43322,62.88662800200436
3135,56.84769040218047
55249,47.419838030903726
65556,62.312237368864544
85857,50.222068766631594
86789,41.74701775467552
68448,49.229760187831616
96866,32.35467081290374
5770,67.60815307148741
55614,60.818170997447844
77677,68.71556081584671
31636,42.59848279540441
70916,37.75542414352181
42139,65.77210161865507
2261,61.56139213442793
63449,48.985739612424084
10733,32.215422213771625
26158,55.093326688230285
15540,41.347111537107594
76056,67.0755598718689
94877,40.36190578466194
54768,50.65381538407401
84923,55.7848150049998
68396,46.21416325267767
20098,44.28677385497472
38527,69.45593808392144
98526,41.17183252514847
7639,60.856841097577586
75391,59.11216329971261
60248,67.20740709046639
41639,34.707623431869195
45471,41.34515936765511
5567,48.22448540670088
71635,38.167359890736236
17354,60.780290992960964
41257,61.224789194101994
36125,43.458947983037596
18757,41.89795322601144
24559,31.439370001143097
58995,64.40139309506866
6513,63.5660805089825
46863,60.61375025281401
73776,36.0526431018317
49423,69.9879135991068
66620,58.43680611685417
98175,24.34725346544433
85968,64.70019496417183
27033,49.879997230987385
77896,25.46627938717581
21632,60.20992964300668
67652,55.9686971956297
5252,59.64588238607741
70004,58.52140723475632
53072,66.91934683709671
70251,45.42010989236801
54514,42.67612951158607
5356,53.11772557580434
51381,46.14445938345876
7557,27.580701988189627
98555,63.353149902862135
80779,50.529477785063015
83947,31.512902227905343
45874,50.33247876258526
99865,59.17859372882092
39042,51.78074057511878
42100,36.63471861031997
65740,71.40600713677466
49653,63.866029361594634
11630,54.54224011872933
59186,63.808279076335246
19894,29.262281358786325
68112,58.05945918505713
8294,40.348174796335435
49320,42.05937544958458
31588,61.04764696627467
14809,59.20468520806726
51754,66.14821996664612
32318,61.27698566622239
28997,39.77146180185644
26386,56.09571144876555
25160,68.47710032215268
62453,57.402499547341684
49467,37.75039832618341
33973,56.882445679131685
22663,35.93871888688008
37520,44.258055408815544
45800,56.19782496794044
97715,55.865211807966716
56768,59.741873170668406
35088,50.95272801048106
47387,17.832509875750258
18061,52.7158932650523
6606,60.16796995437877
989,58.86320916043929
39680,60.37577011912839
28763,57.219970653779
97306,56.586912453650235
80626,52.22990613878469
82796,56.11319723774299
31540,38.96584242061755
94357,44.39608733203333
34159,69.0845357913589
17770,68.3793303189346
66202,67.04888999923178
3583,66.10694211559527
39135,58.46740105500926
19371,24.048103704166188
77183,36.89328226554215
94752,57.49014578165973
37528,56.46018480427343
74440,63.74871095830426
55823,63.2388455097223
20389,59.67554013146996
63004,42.436916635707924
69639,43.83942090092972
49225,62.89618092710637
32402,57.41802023205702
7572,44.95685313824655
43760,64.47863280156443
100643,52.836349951957544
38735,56.73014551004041
98932,62.80032452797423
11065,44.28245900151884
64480,63.25128433679239
52045,36.91951004744553
76211,37.29309161262385
35044,49.65792189539202
55980,64.07914715822585
3544,59.223528782189284
13776,59.335970777510795
12912,62.20201870022749
53133,44.58290444207507
39448,42.155869398715694
88503,52.93417272760102
73084,25.344033143214507
94707,60.3737808843388
82016,50.18798681266394
22374,55.77030263454331
44591,61.00739663241487
16484,70.29153344323512
65977,59.48838234115702
2833,58.60849597291283
14357,54.24562397465164
25611,22.725323020446577
57136,43.11011595387235
75262,68.951127609823
86289,70.57028106535057
89855,50.48700629708376
17843,45.03755580269682
34378,45.39716991700135
99772,59.11608289143766
93965,49.45243358095714
65603,56.69771462218735
97113,60.56240702560395
85545,46.57028246128633
89160,40.90588823597715
91615,50.265885713997974
44558,59.843229401244244
56895,68.03191050011564
61308,64.0562645312623
60105,28.683358210240517
30822,68.9910239380244
31615,39.551473575972516
2937,28.4022275045421
17345,59.9351733920578
60623,52.37408242810481
24263,29.743750628180656
46672,62.23868664829584
22424,59.36716834994529
26822,42.42401648536156
81536,61.115964114705946
8835,66.9297263469617
58104,59.66811874312448
85423,56.74926323308468
94440,67.62210847486043
3412,40.560014042752016
80613,59.580701446563644
27576,60.446952147331295
78718,41.31141154548316
15150,61.86298160662922
61698,55.958425318001055
39616,61.66933121815778
88632,68.34649530830035
67457,64.71348221355254
8680,55.12212178123556
14383,53.38896288639825
73841,57.47908581326221
43042,42.31509287892758
2253,52.04816087645298
91760,47.9053066923617
36308,64.84071200861275
2944,52.507877415292654
11851,63.8925595274188
99926,55.391431335357396
1531,54.68751448700248
90799,53.38896987289446
78001,56.01508774317813
59778,65.04979892213917
84813,67.45127248775421
14541,56.15228255637758
23592,69.29344276981126
98374,65.21538856799941
32862,57.55488723047645
88811,50.13211001858561
57464,33.50566822883186
21672,60.87401724071548
72364,53.734485934088795
63999,42.3131387476439
100351,62.93806163515797
61549,54.43935128927524
14592,61.31920267984582
12751,56.48262622910201
94206,66.51986887226137
11747,58.97110919382915
5515,34.22697650271688
84216,62.00587973340816
32260,34.41151116337115
77729,51.979931969753665
78792,61.33733205661108
92716,56.759270023410444
54292,50.81667677368675
62061,55.71883870632151
49904,33.08214170020553
22106,76.74458113779161
90303,43.014104038387714
79979,59.155681797660094
759,69.64356662670268
45898,46.837521114001575
47826,50.331377183816386
19068,55.23832003153483
59904,80.14072797689062
39249,58.56177715457824
96490,29.752539632876243
1656,55.837748591134414
55615,32.672309171109134
45074,26.3685800612862
43047,48.371175905575996
70512,37.78603062941898
57161,63.69533986225303
42902,40.60193809370064
79517,69.59028473392576
97469,16.662850002456455
73730,51.464688877957705
18693,44.26692369861531
86609,65.80406793140759
88311,45.564072021050016
6859,51.502964035934426
28842,55.8876536535669
15129,39.91525863777007
13578,66.7605853400933
31897,30.086891896104966
37536,41.91281695105206
52398,72.08443599173614
35881,57.526836972327466
100142,33.453741112997776
42373,31.45885758015972
22396,54.695105181386616
26697,63.901441454093664
98387,56.08699755161641
15824,55.10921744606065
17085,47.24273538338928
2610,68.78952508617185
3115,43.23922020701577
503,57.01010204477703
95695,48.903799865784514
29294,61.07783626348757
67765,66.97164872886614
66412,33.34985797468504
58729,59.48091751915942
22793,50.87735646732447
16231,61.14794593639448
42785,54.976099867023784
3021,68.03191050011564
32706,40.47401948978165
79920,62.326508133306106
8999,34.80528623717257
80177,59.213348802776665
32195,61.8702401236929
64411,66.64943140368374
86573,56.58368304741901
29322,43.620952190994586
66888,63.80803711302619
22844,48.359929890097426
27834,46.491488425993005
33266,67.28496575870139
19153,56.551127301218315
31667,36.045691181163214
30440,63.560425129960365
2346,58.366857491971935
75708,54.79831085027773
45018,67.61954532009715
65726,63.27149143126514
38122,65.4463534109051
82241,53.65748765955582
1296,62.396482719783954
101197,57.71624377454842
55154,58.02299069025412
6587,70.9727542143232
71124,60.66954736892364
82909,62.3920276746735
62636,35.87729210658248
100254,41.97782420568001
46872,60.95653204662321
5610,58.79658376552421
95223,13.190885051968209
78372,62.20027718476936
6152,59.0276547582656
53875,49.37512661554459
14871,62.89710015248732
26685,65.58535653209896
45736,64.65937791933221
21570,22.932670447992027
92359,63.23862749801097
262,49.102435253276724
30971,29.582654412585622
86977,24.525754356441038
33613,36.01275537530508
81470,60.253069434287845
83525,42.5333915957342
51579,43.11793006787953
86716,60.4578431670961
61311,65.45575213973764
30240,34.64736282050898
64110,39.02827053764792
90154,41.132791419359826
77516,61.90025325422197
73554,60.557541402854156
4394,59.038570180209696
55427,55.40658008455707
93322,36.14599762158018
34129,39.53255807058915
32361,60.26692251201005
98093,36.36814660828248
48101,40.73921741049938
60319,41.2772115630573
30373,62.24868666810302
2611,68.70834986691358
90999,62.65267079971789
5373,36.39315552861007
97092,51.78752683456797
66088,66.57890140717659
24164,55.735337805027285
60996,59.30920094213837
75771,52.70776872861399
84233,66.84788048913097
24195,44.225614056423574
7558,59.352057218450916
73256,35.4368412503384
58399,42.60376287303108
73169,58.35239171464029
32143,40.43803472789385
32831,64.76004914871461
30423,18.716175828608744
70837,61.31917273607432
97758,64.51571127642772
10560,56.5035695519378
23048,32.58523694845306
48183,43.866408497638844
65211,57.22680214186946
63812,52.83413352660903
39208,55.02424127110143
61986,51.12477249568481
37053,60.31979211768649
78068,61.78147151389505
52868,55.1178055737762
36745,48.98844618143244
25246,54.72340429760675
96472,68.5442812411848
51996,35.50812077892306
43272,37.13984041454789
70847,51.44732587122575
37559,58.85000999742
95758,37.11294425090655
94120,28.960024568109894
10274,51.036759061446176
93516,61.37554190907586
36991,69.00136030098051
97845,33.69838128082468
22391,68.99482033966511
71724,63.365595806965665
91349,59.8814419289558
44563,60.255659176872534
33313,62.37613791791311
79470,69.44479979893616
101103,65.44509498792553
73462,48.99232877422819
99627,44.14528565015988
60829,52.577827677648855
23770,39.307494363172395
54735,41.76797087853507
9040,62.03052334554081
38938,67.73726210258879
59192,56.9358791845044
36107,55.3293008474542
69915,63.74939052865192
74804,60.516740469662274
616,21.44674108910928
23304,35.41561043123023
18098,52.777766400980006
102486,68.4701346189016
18216,26.913128481955
9421,42.769525852459594
88524,60.278455968866346
21211,57.379819029066674
41925,51.78373618211786
73927,57.21082907463093
50549,66.18461655804822
3806,50.43234502074374
100478,60.59126408393012
64296,60.07296335193635
39983,53.59088767597936
42375,60.07889287011234
32541,68.08720593291763
22336,63.01377850811133
16375,23.25548291419638
29518,27.34060900731777
33979,54.24620423177064
33477,43.875532852831604
19436,43.562782391748854
44215,44.54564267766695
63280,55.15367859515729
18764,58.57432931015732
64881,32.85378137615367
7190,54.176383918666126
21832,60.6392152191245
61501,41.015732516235765
53370,61.23292338727883
59289,69.37237427925122
96322,53.43059529660309
52471,35.31097731936298
47034,65.59169097843774
11315,63.172765235683954
17069,31.591761014541817
11921,64.14882559254961
69884,60.84536252446803
52001,60.17540298554214
97768,61.53957801463584
52093,54.69458500893866
13160,57.0090394955695
61697,65.33968224402832
14336,70.22745249599922
61234,28.511393978379584
67894,68.62209164746659
49674,68.10053887708942
50613,68.4678145145138
50913,56.358741533646345
88817,53.4221833951088
29745,66.00513404396268
54061,64.25605691713895
4093,49.23291251428338
7755,61.481587665155075
3417,47.431322665060776
102024,46.14073707910374
38209,56.552803704719715
72707,62.45652564314947
52352,26.926079336225143
11281,59.00197523370931
53236,55.70715487607279
90726,39.155317764514756
36464,53.85948981892694
72989,62.03455581142146
66216,57.794274782426974
51231,70.8995014744736
14509,75.21173159874073
20401,46.39340579529963
101183,60.652495116503985
96110,75.48330578175161
32013,63.557937298838226
4695,35.80585914456277
24314,41.72553853395324
97726,52.79889598579298
17989,31.45105277948885
87023,63.86975936554946
81928,36.26086209478496
96103,25.375520183996898
77730,62.10340492524886
10034,67.55008969330322
42994,69.237376788771
36192,22.749415585398005
9138,57.943395915657604
10110,44.186603500862724
21539,58.44906173969603
96982,48.205639161193446
80749,76.27999231816953
21202,56.74312521067266
73236,28.156116400156634
96572,60.69886902118777
62274,26.923136112815044
82524,51.62036192530135
91769,45.94603322366549
44416,60.00006936335481
27921,46.80195533228488
15106,67.09671168856529
45024,44.424465629462404
131,50.3788216115944
86664,40.5516439578288
63519,34.12171147784822
29509,60.32314075327839
21487,28.04908109607543
23459,61.90025325422197
79127,61.08737420858991
91426,35.28017463492787
7569,43.98353002331529
50881,44.725184536211394
57437,57.79639256561628
2217,69.47659385378927
101557,58.73594990735649
77659,51.3509335556556
24311,52.813084936218566
1287,30.598202688642026
59789,55.774898195091986
39239,62.227923279907785
2882,59.178177112244256
76675,67.49691831131142
95265,64.09138835676808
92406,66.11016032345155
20079,42.21445541605011
48755,65.07990276805408
71458,42.667495051194074
30099,37.5879039413625
33676,69.49139869429078
3725,54.04705408697801
10446,69.6412837021482
77138,69.13974062550452
17582,47.70913807466101
31508,35.65032461161722
72490,51.9218259972456
51036,69.430060703594
59788,68.48614423315365
14887,46.66752637505455
80662,38.74816108607472
47577,41.75510268428566
43585,52.66364097487411
34863,51.59806117391426
785,53.163603493765095
61627,43.30589327070578
48512,60.1492261193944
14305,61.14844300218196
100061,63.799606020173606
74984,56.874089128694415
1096,64.10648139185655
46358,59.061677940774665
97477,59.64374207771929
60121,55.64073598264401
100677,69.51315285407745
39297,37.75269361427772
6040,61.429141264856455
23218,61.39112212408173
58793,60.22156423751753
6689,61.250807603797185
2577,53.24847462972713
15798,59.176607413518205
34182,67.58614498170107
6065,61.97422437670186
78786,41.05244892666631
48269,53.11166435728179
47483,67.72145262166511
33510,71.26604044642846
16036,37.587664927155245
32154,64.40983919599314
34826,41.483376593414135
98996,54.28550159293285
71369,46.71606175340711
65917,25.0749317385143
53810,56.11045637944113
86360,64.63629209096447
79314,56.50713658721872
90231,64.60744119789477
20179,68.60822214908684
96146,68.44119306832862
55832,59.85087412400363
23912,38.02183987502463
51108,66.89780101789356
83261,67.90786200670665
19374,37.88621425150915
48850,63.557937298838226
56964,69.07637824873568
76101,44.627944094601034
24392,43.68033912163822
66866,47.38613789235894
64829,43.946749865687906
52141,45.00237132537934
100997,32.50745077758191
29066,29.050839506620832
626,35.13159534812903
71095,62.82110003019849
30679,42.043510761511634
98166,41.943557006931
54372,53.10988494312707
101843,44.1983017314526
38441,61.61628533338133
77997,57.51283638773859
78109,60.02649855173408
80077,30.434075278662316
65752,27.051648464996706
43549,67.22124216698968
87610,53.563269601839956
92367,31.619686636325255
77195,69.69821695417824
89563,65.62305686524448
2450,46.965168971465154
11591,62.696275492410486
82332,56.266831392272906
3484,41.5358913035661
18718,40.73611734042484
70880,64.44823120138031
92843,58.73186731743535
100178,33.08477338853726
3318,63.89404140591998
23185,69.9879135991068
23869,32.315565714200254
40647,63.528207260312705
101806,54.523164330374684
11602,65.054236136906
6251,60.70459118888194
40878,62.786850941664994
46967,28.199955096419757
20026,44.15263349740494
43797,44.80429874710849
42527,34.500793459384965
93561,49.49305846731288
46701,40.03508940429116
81658,65.8264209434864
51337,33.106008879462046
44005,37.61602548982094
24435,52.08061442569266
88198,69.2364530370542
75801,44.912627960322716
31458,55.32254659191981
65874,59.49367523836552
40518,55.8462204402437
43708,59.24079736413149
2312,26.14606381942893
34253,64.33979717905567
3717,45.877298739371014
11320,69.75317551597756
98880,30.345798594845693
68527,64.29414947788942
65533,61.55331440649769
67229,62.00501371425587
16246,38.25902351363695
70753,40.12113523254567
4090,62.161374860481054
12444,56.510061854240746
15341,39.022929877711604
1783,68.75952618627196
82518,67.55090672659902
23560,58.51422838309298
971,54.29642897111303
74895,60.5393561620667
16813,58.91704246268996
16814,64.82130378423695
62860,63.20772391649076
9031,42.33672192502067
89206,44.225542307003586
901,58.0917060033106
6354,22.916608889613435
74956,60.24447778611877
16223,66.90656290260678
99288,34.74355848818593
47569,53.15562052773612
65688,42.84825452671858
4983,67.87475622367764
14313,42.29692139206407
53044,47.51452590793292
62690,57.94063658984402
89044,61.76580667280976
73047,60.958377459802485
86319,69.25269768883278
82894,61.320830592475346
53150,25.530232447199083
11488,49.864067127118844
25190,57.216385682125946
82335,31.689403727049417
77175,68.77893942728765
78695,70.07117164300762
5167,52.948281018079726
54155,36.157600851177705
64021,51.22101129267217
2764,35.00049574618572
48730,61.12129388057563
99700,62.0135735158915
25870,62.17807246927636
21078,57.25119697815086
84532,45.640911520844746
79496,57.03687619051609
3386,39.014084750372
84774,38.40372235849374
27093,61.91128009968993
102581,41.07080003892078
91737,59.5349518736276
24987,58.786098113108274
49601,42.02087998642073
97906,51.530558870537085
90875,66.94084384245272
98504,71.10057338556207
17097,63.47990427811152
19810,70.04462298004802
18860,40.775414321157385
53309,57.21173091828561
46762,27.29093262052446
99681,46.39532141304615
77631,66.90656290260678
43443,56.71626268034282
88397,56.976100647604596
27979,49.452439659138236
13334,39.68837492434642
38051,70.44612539056641
52590,57.97579723587875
63184,61.95748970667683
82756,23.221697292916495
7612,69.24184013572649
61414,63.25580739923984
53906,60.57042267596932
20227,43.344254520292886
62664,59.77819155332703
30726,40.08040721575043
60270,61.275034326919425
93608,65.49382872290664
39287,53.77737857199905
3898,29.50274147972617
94438,49.03179486939393
7464,69.10671980860475
38712,76.1380634481853
69642,61.281532120789755
70819,76.15552744470187
74436,50.93195599234632
101249,60.56485298546113
86375,69.15654393490033
60500,53.945280068269646
75788,31.628703656264687
84321,55.890626795512574
78277,67.53080171330505
1238,48.998673371181255
71812,33.3448171004822
43758,53.37858512703886
10173,43.43698984495805
86095,42.61141633077537
69109,63.557937298838226
61023,31.80707992259564
93478,33.28219849855312
54927,45.033964259054
17900,43.561481380675666
96717,64.67319897448321
32138,49.81643460965478
90769,54.52842687301144
22586,43.33782443990244
27392,50.1678123987094
48153,31.032508179151446
48787,59.72685255166916
65143,41.59270535967594
39923,64.68855348332774
64299,59.69666486742948
75912,52.971760519468425
10344,63.990240915186334
96249,69.25994783967967
53667,42.064275000425916
2571,61.79985694181051
9877,68.86078179593257
47897,40.7887663080101
95440,62.52680070603308
94449,57.57408094625439
50010,54.570501220277905
60560,41.36544288655961
78163,64.78373141836677
12204,57.49199090372721
24379,22.878764116932572
80936,36.87528660699243
19256,63.14234230427437
55998,61.85714322313574
25983,69.74993544972011
71292,44.66335701055635
74463,61.45265791787196
14154,59.39670179376423
100461,43.559867307188114
90073,58.35773452238663
29227,65.16124790080795
80441,59.121275619212994
95491,52.346153418869605
89323,71.84637781107104
43816,66.53250803140462
91971,68.4043124770544
5286,61.79625748871786
15318,37.52055716649774
66334,30.091345398375005
11980,27.09175264263913
83198,50.63376507037862
51389,62.93030079094986
27512,66.97880683795943
61418,38.67730552708204
88983,65.41203140539129
33962,38.25369800821417
23871,60.167580182658206
7430,35.04316536323413
101371,58.73520689457686
69334,61.899516222711696
30053,49.27114291443142
16004,67.72183067456831
16563,55.066199259175285
46241,25.58359745711279
26478,71.09744861024723
4414,62.26689158662688
69557,69.04450862764625
28184,59.3648379401271
71561,46.28544194026662
70272,61.159110888886396
48808,62.106992527843886
102110,30.036180134512247
89275,59.50303761063772
97646,59.71067683486703
59444,61.006013212042035
101666,50.787765359767825
37513,38.77657950624901
100297,55.337130163522716
42768,48.65240287318057
76713,57.72614788405226
46102,40.09046876621885
14096,60.90303337762547
72051,45.19056372659796
72891,55.55759572946638
62452,41.0026400867997
73766,37.337431291425155
55523,36.85991099634239
23711,61.42354711102276
43710,43.5800472280829
3316,25.473453574324363
56564,68.91422775096737
12014,62.16511407634906
56780,53.94606143631546
58268,68.64203540717035
88861,67.42289149170722
98312,33.16818321675481
45077,65.28873538217687
64444,53.30907752614585
62303,58.50776240609756
93321,67.67411494147517
9220,66.7764840064637
81219,67.30091165592268
64185,44.486512795484785
32228,57.4409408654868
85537,42.91236412982805
90266,66.51343670906938
68500,60.592588090827746
9255,30.88030472531294
59883,61.572495128784176
69375,59.429086007199075
64707,60.717422529596696
28891,38.398467182171764
49446,38.91955281211648
28377,25.31116210902641
96640,59.249628522757796
52329,60.61875864706095
98069,56.02228147200346
85378,61.95748970667683
84764,53.74734379397747
38928,42.20282790122833
36614,57.74483435810921
101279,49.251556821382145
62955,46.33642378071659
44787,62.1125300728227
54424,57.07786711482209
66252,62.554724198993
10911,54.45653244336801
66772,63.40896783098469
37127,54.154075555017016
19280,62.53072219162732
32605,58.78555953190717
33318,57.83795428454684
64984,47.89332878989197
54031,20.057313131516803
5234,56.24815306062246
34264,39.637554662537674
54432,64.52800042631326
16788,67.26197329697365
75654,39.718584102110384
26939,57.29657181755494
64590,32.4458194179504
96318,56.793478938930555
86409,70.07117164300762
86316,55.389923261079346
31876,57.33134787380413
57858,62.31627205672743
53477,70.51283329148755
4456,35.16506581744382
14250,66.37553582997899
18474,22.383756837198913
8939,68.13125379269084
9763,58.03662702920881
16776,51.2650328619605
59123,68.66150730715256
86940,58.30904052069318
33978,55.7676871312942
60473,60.92990357385253
67384,27.938679972563236
96897,43.70864691651162
19981,15.399528105951708
45743,67.30091165592268
50897,56.25031948470013
85498,27.444533474815717
100278,35.07188449645805
9375,66.69400331436499
77493,36.125050138204216
78011,57.94997821750959
23276,59.87452288240223
30011,40.59358967395514
59542,47.14903999691947
84575,49.237449492447325
78910,53.66677372424185
102547,55.746670903749994
90278,29.739212116689856
79782,42.727353594002786
85984,57.51050268157564
20847,64.14238960770325
39244,46.391760648093225
16620,46.590707044967246
75050,45.19140420672261
28587,56.31945149706553
10732,66.19013647022103
69436,54.685825443651474
37122,53.136940520592795
68814,63.847370558292624
88422,66.7605853400933
44759,34.009620708929866
42239,74.15269031567158
44340,58.491611294535566
86005,48.316069696262204
89499,61.169195332594526
14196,65.04883458707424
28098,48.712373643430844
56799,44.110201952071854
66946,46.30555361231637
98411,61.54398750358979
42904,66.21711857494535
34338,49.289378034984146
95341,51.51756523016343
69046,68.29554245303103
29448,52.05214565033221
28664,48.67770122125012
78150,60.63736915876026
76722,54.42870469245557
53740,44.42073641954974
18057,35.522606209071505
11949,41.91501177537055
27220,41.46065206028234
23663,29.710355440773796
53720,64.80922312305573
73790,59.13262944320354
22664,56.271195183463625
12363,52.57759161344296
64269,69.5170873587931
79833,58.67998285067528
12016,48.53434202663691
62945,57.8872825006746
61846,59.03502236377939
99269,47.25631594085427
11676,59.98883459818227
61838,57.978234169106166
72356,20.013710577571132
27618,39.774907735011155
16585,38.807848702484364
82898,36.9386918590916
97440,31.589471694088488
62920,56.32344154088523
51460,25.31416584522891
60207,62.171158130802816
72951,46.2859298473761
18417,56.27672310156136
37699,50.422698506285904
62898,63.01070646296543
29892,31.330286940822422
85942,65.2785814807542
55566,62.301082563856355
76652,54.97107802626628
69743,37.664454564456776
92765,58.82921026353136
64191,61.59063571212544
120,46.69868180453754
5580,42.89500761731217
78739,47.488466599251275
88127,60.18439340786166
27096,70.04462298004802
11634,40.21906965687131
73479,40.052903963405036
69765,36.04039322999922
99479,59.83328758471352
4945,48.184228991662984
54856,54.72708421444056
95894,41.52369417448929
95233,61.74157491126477
58505,43.22060771894801
31782,36.61090402381397
65130,63.1546879128774
27371,68.08720593291763
70645,54.42082431721276
73607,59.14414946429199
102251,58.89373868837055
34971,65.24002163131011
62265,62.96097969385519
35578,34.44819115206042
11883,51.60056608465242
89384,52.966602883075275
12471,67.62308936568903
65448,60.42180724178242
82527,51.91089804632357
58305,43.60758039109056
31579,57.23672339779488
52475,31.461279424857057
88941,59.005404258724305
7676,60.1045172767423
70426,47.104337417603325
69270,64.34397138452844
9746,61.69045499055542
54731,44.28090864496581
68612,63.056619657046674
9292,58.13588972354849
77813,54.64708004723427
102207,48.570482993451925
8054,42.999799215479534
95578,37.44740728095303
74903,55.49627046046894
48852,36.0775782534421
1751,58.98352332845752
69869,56.400912522581685
49787,51.95432516803533
36285,61.36581457560508
7412,63.37027536684493
78120,61.78085822894443
75830,49.77793062408895
49695,68.61509462774794
10330,37.450602362113514
90998,27.266402405481944
99060,69.0260645758521
62938,36.66437798051501
59514,57.88410055405301
97516,65.28190988136961
8803,64.99236534487726
8733,47.96012964494655
33328,48.52213630865483
27922,25.05490923703122
23610,46.56164535275653
94888,54.175940181088045
29242,59.74320960429372
11890,64.14449049511246
98507,59.83811506332059
314,29.295833827116944
75597,61.69384808959591
98125,41.10771951174132
20138,43.44558103346184
92735,55.15120893098313
16401,32.58245969165207
55736,52.545770159791864
41482,76.05398060775896
47475,60.61432678005299
19310,32.45163706206785
42676,43.13872091231237
47746,51.506349461510574
59024,40.23697281656102
68857,36.30206371758793
99603,40.52760511395697
66368,68.97816518851951
16935,44.11995276251027
49256,62.24101157583854
71397,60.154594627575285
59704,67.64143157699634
68232,60.10307901998444
62281,59.69187140050959
62450,59.25655180083731
18087,38.1820171013851
10377,45.37135574197073
748,70.29153344323512
181,59.4616283101995
24375,49.99995136558057
93212,44.98059278008637
89290,39.123087097887286
35123,67.52356427064045
14613,35.372985950675336
20769,43.06199594622916
51834,55.04640343634399
100816,66.89734761589058
40357,29.874759125436427
57963,39.07403966451736
15218,51.14327867466975
69459,51.70215414392407
63987,49.679301229285905
12378,61.205500070064744
20502,40.64056893790532
47385,69.47022793131819
58812,34.3430876894649
78714,67.99809893091327
24467,24.875985761327257
45907,55.648504151604705
61078,55.72206486927517
60292,61.24951043575856
88576,61.748246023726736
58999,59.27508472624495
77647,24.119148460197554
51092,66.70047477592573
26337,21.999906635134927
81076,62.09601763704593
58532,62.892880934497306
39817,41.00869258289432
834,57.435283034240555
79052,53.18345133553517
49894,61.026833025367026
73877,59.21749122508391
72617,64.2604648060057
20861,65.27083630583117
97398,40.458102956782156
79265,67.9415699035137
39900,54.3724544191927
73925,52.20830517858632
56324,68.8066549863749
22420,32.407582645948125
77538,43.53809866303033
82955,55.3863098168681
68518,58.411211085873695
39165,34.27584815272222
61774,44.65716282115084
19393,59.906351336016094
33819,47.58417006211675
64156,58.091913083611146
76591,65.15067817161294
11415,63.38513701300447
57371,57.29021521822285
61869,59.92852710371989
62441,69.9879135991068
9548,29.098224263368436
75000,57.55435222184385
64700,51.0972835225377
98382,55.6525632241702
5577,42.92900237516701
60739,40.92300202583729
18005,41.315910672398324
58752,57.715714131430204
9085,66.37643060874983
85639,44.618170811137155
72060,49.31897274514322
32569,52.38487123068862
72942,59.28635635156236
26377,58.86506956449896
27793,53.99699648816668
72447,60.14645684346292
11271,69.70044477960293
24810,60.060978349510506
80892,52.59232215018483
39339,41.843031033255336
70735,70.06481762917669
91185,59.8814419289558
82379,27.549970241042953
36170,57.68573629372867
74920,32.8734128936246
50880,67.7628176627452
101422,54.69907843063509
70803,43.23476694389514
10832,61.118727027171104
47444,58.859859555787146
95365,51.92264921713749
16807,29.706357979729663
91851,50.846469074211434
79888,68.98709084591276
69047,68.51218371753194
2700,49.82684011400198
63677,48.49507062625881
44556,40.60190259854522
57245,58.28514933687184
51210,55.812250283974834
70795,34.937710248670754
86836,26.277648441592692
3012,50.388724459020075
62983,59.50772380528652
53042,32.789069286749076
83723,42.44780932595309
55101,69.75203262221221
56670,39.479151803004854
93145,58.91390448135195
68220,68.63345199022964
82947,64.45112442928992
60419,39.218813796513366
78284,57.44752319143427
99963,67.90128759282283
68742,61.18307972317675
14639,60.7968543054999
26784,64.97410675400795
43664,52.97967227248082
8870,61.46882730557026
27885,51.63414521251003
8467,33.09484466805827
25094,66.14356801784322
26340,50.80085498286274
74568,53.071852690522995
17187,60.83715128598655
157,62.5845342490574
84664,30.304037817188192
60401,45.30582768796253
86200,54.70397642407341
19243,35.16639503419494
15467,67.96655287299818
21071,60.70601902845864
84788,61.44507545642223
53204,41.98293577295291
38709,56.77223551603626
51077,57.89991556668965
61206,23.607173623107688
91699,36.691899278334596
61389,66.84175030100398
45325,70.16130002608152
38706,54.98194396022167
49822,61.20804203825362
34063,39.92657624223407
876,25.725417007804477
51208,64.7170569178345
72259,44.22891091933418
44606,41.321831129373024
59017,50.994876494780236
71266,32.94397207637894
83810,67.0412877022429
87102,53.02363517204708
26918,34.02235632813976
43046,54.27870308672991
69084,48.82124079803175
59963,39.09059405959588
41025,55.483638845948974
4359,25.017255964320135
61619,69.42417803268728
67580,46.44038422446135
32681,68.37652827219746
49176,22.76360454477569
90143,67.37015343426282
96219,59.08752690534899
78899,52.66404138641178
97690,40.78127891922843
68299,55.60466675067313
10729,61.52705490065108
77980,65.70595864099961
60420,43.18359507083727
17412,28.617954284137635
15670,59.34259307281295
47432,58.422426744997125
57670,59.75127489450396
53113,66.12103781778418
28694,44.18157489960522
29605,29.427451315633142
59743,64.69627743986213
58019,58.29119706259042
1947,69.69491605593785
24175,67.1650215450384
55777,73.59440316051608
53169,61.15822208208588
99347,58.98215112681318
2976,63.69844092804279
14389,69.20232534849337
86152,55.09232063027298
14638,36.50543425470916
89796,44.31263301232395
77191,54.19036302853966
101024,61.222928204099965
54003,24.90849548596251
43716,68.48718973900448
96990,60.598025965837614
73464,38.163840763429796
53007,48.016903781082
22376,44.81939857743223
69753,46.00194186151785
32509,68.89140607706838
56791,48.01360099747002
16882,58.158839102990605
15849,57.307736770046866
44708,53.39751860999533
17929,67.07908675479278
89409,47.43786904649224
23759,51.42982430024975
21130,61.791492631804175
7032,55.04732046101555
83185,23.60530241789067
72619,68.35531780310312
49918,48.42395746852347
5237,32.10209071333992
12929,67.99809893091327
76309,39.84559460138191
7670,53.42960829904568
51960,64.6222949319918
45744,35.86429290181452
47259,31.796044277466212
32606,46.195236701965996
36705,47.440614054159916
22887,63.59222989058946
64467,66.94823826132512
66992,53.88282399609195
35992,66.75831412156424
74884,63.042308301668
100124,54.26461962457682
67264,56.08769026339006
54466,49.06268168903015
44720,60.72345489196898
42989,33.32214672075147
29451,60.079801154097815
9640,58.84935847018271
76985,46.45306298654291
58037,64.2633657805381
63621,52.263573672145206
62752,60.15150690775411
52783,36.23729446370043
97394,38.426470049447836
17864,65.17599570127904
23014,68.11868023757064
20547,60.50610792875798
76034,61.16202925614681
60340,65.79957155479283
42846,58.9768883837816
10000,33.950822360024176
98798,60.8143677763201
35247,37.18930134846936
97018,60.644417737803536
32646,23.65800307433944
39313,31.745997065078324
69131,58.53450198334667
95676,27.485781625891185
42173,58.29600271841857
40906,41.31338743959766
74461,40.520393624893586
55433,52.536394683779776
95788,44.61762391444137
32144,54.57606166481614
38421,53.89536066231295
15594,61.323263825078364
13394,41.24857366506519
38600,60.43358226522641
12323,57.95123570458177
36239,37.512114230253886
85149,43.952926435689704
39053,33.52346359228241
35351,55.682222463951604
39600,60.56514178470599
41318,57.28216626869887
69957,48.16061644041131
92142,60.18526985571919
70051,53.05296983704379
45257,46.051474510716915
91372,42.44441132034536
72058,70.72534396566247
90616,52.08514794240621
27024,64.70425912556593
11577,34.930313370470216
14358,62.19832489251378
9600,30.84972454086397
82534,66.77374546503842
2259,55.80975500602648
91634,28.935492319133335
89465,70.38625477883528
38329,58.23262811925785
1099,46.50569890808641
50940,61.373644612613155
73442,58.77060752912914
89789,49.35264869561343
21197,52.124902361681144
29762,36.81261560767082
65719,66.20387293992563
78750,67.8400720771246
79182,56.95191102725461
28661,64.50165133198057
52308,49.50408750412374
20255,57.378607960993016
55219,35.938224513614266
42362,68.82792365781873
89991,61.791492631804175
3634,59.3355832179939
95441,48.438447367455886
27217,25.176333584786633
34391,57.070524061763415
12667,55.15785651768775
57286,65.7773810455741
86406,56.793658867247125
41314,67.52281668711495
39222,57.91419495320718
40272,58.93827917870798
49095,64.68387425765268
5364,37.43090692060326
55083,38.02626304366615
86450,48.15873928403309
80369,53.51676193447144
50015,58.38541182865467
79560,53.00802521004042
67845,53.139968321034345
63355,61.566185276234144
25682,47.59666143793529
68291,60.799058509110964
34817,53.47055483376132
6007,32.76556493679204
44002,57.97579723587875
26042,55.409202608854805
62968,56.318951051552524
4122,44.86930757940925
90761,54.7722499366729
57051,28.24890763640061
87050,59.472643872403715
91495,40.206552889964684
15069,65.68620766719442
99478,53.13457449026197
38438,60.436279361329596
60663,54.76149917386498
7826,56.033119029436584
39094,55.00117038209886
36868,53.21623863359159
28337,35.82826389738589
91892,66.83884951753389
62508,50.10286707472155
13772,43.199683232641426
60854,62.224305743125015
9599,32.91706887188397
30827,38.19904811399939
76188,68.15125595618144
98065,47.370610051211955
97542,69.9879135991068
20673,55.01554404995185
39120,63.54356674856239
12812,61.25708307852865
55124,51.82919566317842
70275,69.237376788771
58365,29.903387868605076
33706,59.510581584555204
85412,69.29344276981126
7889,52.18350124515568
74797,53.40565007265152
28939,61.41974063543006
64940,43.432322740041556
102200,41.30767374967331
26107,50.7822479166211
55995,59.28402272492025
52588,58.59026312695075
46312,35.752028091305135
39658,69.42418533495479
72685,27.357827469773568
39768,76.79940907155114
80967,67.74476742655281
11730,42.30816889843903
48344,42.95295752038592
98681,68.26094378258463
81694,45.913878382009116
21236,62.16827726614191
101777,63.5891197222339
6293,72.01648171798038
24525,42.65207593656601
81271,58.12805557677523
77177,71.88779335912633
84708,37.957397159843964
74892,60.522918477418706
12294,54.28654480294813
27858,47.92637829523622
24651,32.7499475189686
89158,39.26131137094083
77854,69.18966310368415
30233,48.573351460522765
68189,97.2490904040282
50306,51.984708174703016
3031,42.66316985059906
90661,35.02759781126165
71249,33.080296072437264
71696,60.02034588485739
91780,51.22032607620512
57940,41.29279445289158
6526,33.60998777821384
58896,60.06312292744077
91905,55.73914430532421
26750,31.934778221429085
35935,73.23404985181683
70257,44.35742203839408
93391,63.72797794759886
84879,35.28097631323512
81863,62.194999085989295
76953,20.633769834716787
75641,30.685818895879002
98298,67.46204008060495
74761,30.598513955197458
85962,41.58146985083201
51413,53.92969169927407
99678,48.1674774197939
70559,60.764087003689404
28737,44.06775415241935
77074,55.93724152237739
48393,67.96655287299818
12467,47.07590690300974
91915,67.26692228281787
88072,42.58044762913365
95975,65.56425238465275
72181,64.08783959362572
85396,69.59884627342753
85591,66.66262857008229
29340,60.79962070353331
3427,39.71450851963104
57386,59.98613875329759
10595,59.48361475082635
36041,42.236715898375515
77605,58.7062341037961
77293,40.5905401376537
28875,60.10541385735175
75627,64.8765867960195
92475,47.52626232242522
26457,58.580250154262885
90345,32.595626894251744
72451,71.10057338556207
75729,65.41203140539129
75842,42.20993610776253
28907,37.15445720026115
72376,56.160029890939626
57641,58.402610644688046
90969,62.06245848685554
42210,30.475795084992942
13638,59.13262944320354
40039,42.79572950214021
81290,68.71435868514534
38216,65.58835461104673
20850,61.84001519713525
62336,25.563990864499953
24671,59.45267000813058
5497,43.47216329064875
54714,39.2237761212592
73074,51.80813112174796
10085,52.18452921634026
45578,54.95872169748232
27242,59.1548342697969
62927,57.190332792268876
88877,40.06043620282656
15148,46.566165021766835
46470,69.29344276981126
9171,67.40844902584332
25463,43.39560337446139
43631,56.45043681215347
101815,36.41008949038135
55701,61.73185668446374
98226,41.639506732294464
62131,59.66093473991987
53093,64.81480364964168
47311,64.29817097788096
94791,32.19555844764319
69353,47.36138610849217
12202,50.09001838599
93929,69.59789931892064
23479,49.9689041360306
36438,68.45703941593487
95821,56.77022648378739
8973,67.88620293326859
25133,61.167159494150035
50515,69.48619793988378
8718,62.45344825541188
51821,59.60376126329509
31971,53.92300413162891
37011,61.35327945624157
50792,41.510503450989226
36616,33.99332910015606
76630,55.250212648052496
22266,29.85884306191178
61760,35.39945989010582
45230,38.349690744616105
22560,57.642170417346826
75007,50.54144706576831
77404,67.0337599116244
51663,49.02838466183369
78352,53.41706342783372
32744,34.68760834330883
60378,42.78830672131286
80493,29.596529915582128
66534,39.54731323455211
27683,53.29216910200174
36666,52.049752336160275
30977,60.95435927470099
40695,61.93088243291507
72165,52.77811510716115
7987,67.81256998417027
26415,35.27991521148844
93713,54.35000989338675
101477,29.702643929033275
34913,60.61617520201385
41306,55.161523853503006
71097,39.85510846964058
14321,58.456173435425335
12055,56.25317185553584
56706,59.52592503273623
22082,34.18141679515422
53410,15.710827781351545
11763,54.85648234922386
5530,67.5444525507002
85002,62.312237368864544
58011,39.86000122085554
50286,41.29245790614404
65695,41.03605300576206
32270,54.60020407538841
36463,47.84631051729941
47851,55.651904517832
90748,61.79079333177906
23189,34.32609056566423
158,56.29547986512917
61043,55.2307012984689
3358,33.072933053989466
78138,54.27531645170092
81194,65.60083879130839
93917,32.48522611144316
42731,60.64901140962318
18450,24.85624157174946
81169,59.49983604171258
80721,31.068348975896328
64568,67.08367573027428
58088,45.080820986399274
56600,54.634530708391466
85759,42.158122941102505
4361,60.11849675179187
45126,63.466576918143375
99961,68.94833357218906
101486,51.22455682021495
93925,59.02406745842616
64634,67.4536754683256
45069,58.625680973837525
32240,42.71263504261029
75698,52.11143188695531
59773,70.24229754087888
76148,44.500705995810065
79924,54.40679512967291
94885,52.705367091441715
87951,27.619359702829087
46661,55.40342940837354
10151,61.13600250620499
2984,60.85914281635289
55527,40.54520046452789
74107,39.63655477358581
10622,67.63569425244239
29556,60.835074341850515
10795,67.7877741694571
37680,29.80030299877882
60571,41.88489285324989
17830,50.072378357095715
13227,63.07667702726254
10233,42.125066734676295
16636,51.56806105856513
47466,24.34717152150191
57233,42.81837072561562
71507,52.417630974881995
80319,63.39811110141552
69192,56.17622698877923
22737,56.91224338576469
32315,42.97509119631
38054,33.400294567384286
25067,47.711876686382645
2831,44.45995050545548
97731,69.3084856372609
66348,63.92045086570807
15975,69.07637824873568
36789,36.90250275096636
54158,54.69138973737056
20730,59.81046723562529
94183,44.53992691341248
21622,57.594292749428924
14270,68.19097185728049
16827,59.85510379079831
101811,55.364883959132214
52743,60.570252949805656
5168,43.210594706408926
46127,64.75836989187023
55561,55.13584924838252
41132,48.77299546806713
47773,62.9705580332149
13568,46.374778164454085
23542,53.77821431621026
18080,56.835707969399365
83638,48.301611591213025
49330,61.164321585381934
13451,42.28058336102956
7115,48.43100093464548
34093,48.50249595494632
3007,15.535201705137844
23543,58.82654602341517
99459,56.059400474280544
81295,58.29828704839812
100505,40.82075981995884
75793,42.292464602850735
41619,28.93292901880362
69076,62.44210995201538
4366,40.501700319510135
50654,54.30877236604638
68937,76.70486608469372
7033,32.278460083379905
100325,59.349235297479765
99946,59.378000288662086
59254,65.81339287626245
98101,69.2364530370542
4435,66.96603594881287
85305,46.93533770794
39929,42.19655602126749
6113,57.06448370944664
91212,60.96310717514231
63912,56.35419947126758
10381,32.7913314712879
61786,59.98120037864319
88718,60.14181268152857
88683,39.0539265313702
76237,47.832549376795356
70959,53.00458009583868
83595,50.61337249253272
83943,65.06938024710082
59973,63.22017949800566
42111,53.206623057510285
91314,55.46543493816751
47218,31.676004963008708
87552,31.535455108421406
28855,57.66881841193427
39401,68.621406000078
84237,43.75734875348576
69278,41.453437110028254
23977,58.837621192302386
75104,59.16339813175233
45547,61.18588655067207
62800,69.35578880280818
13220,51.20736830718513
99463,47.51082391620744
15420,53.888957749449474
60217,54.533090179067486
54234,53.92231854048059
72612,25.19356888641325
59164,59.702236609693315
56155,62.39363233178534
28618,57.804962314281454
97591,42.155216335377666
25918,22.946695134156776
71118,60.05396513867113
68916,49.46628538190528
46378,67.61620743253656
91232,48.77503054612101
59367,62.75452390886234
24281,49.183953385920276
62122,64.50488729760605
45604,49.89253184729564
19763,44.50897788012084
47500,26.67680667829858
94831,69.37044712023277
17046,67.38090758522968
22394,58.780020578734145
87801,50.288402069990795
54187,50.49371094701506
53972,66.43949672377823
79740,46.0648932026094
35287,63.04117504867465
53977,79.49583369645255
61545,64.97701981151425
89418,73.44056169335782
18973,58.86026999671472
7000,53.99059964402288
26463,61.02674531226039
55145,36.79253780599456
93337,59.98640380531194
24091,58.61307724538746
4991,58.48848093053078
96521,60.590230744825284
55653,43.40426844844935
77800,61.686780258960106
34357,59.88323773748487
8087,38.766370427579865
55245,63.83396503981388
17807,54.12333477440263
91138,63.500436746730436
38233,58.286532336105566
26924,55.87559174715253
605,54.45710767030356
55498,41.58859117040457
48064,40.82573052319495
26604,59.50558908836983
30653,31.286896529618666
11713,54.020048652246295
69420,39.25023823669914
22389,61.44654553847266
59225,36.76505288439909
36835,67.35546994680169
60255,63.70584734133091
79883,61.88904441807875
65648,56.962029899608325
32157,52.09294371553456
10485,59.37638550341639
40713,65.55251482279675
95017,49.654148970587315
36544,56.87176348816375
13435,54.40919778053054
21792,57.8705520446363
40388,34.36363743501491
21385,37.75015249418409
29250,46.0119223342122
101876,55.477446012376866
75913,59.171208096432444
51598,25.11022035007818
62833,68.70889505077584
72472,61.613085160649625
75513,43.92128758539682
46305,53.35286768298467
93842,49.4369611210379
39201,61.17455890848956
77510,64.38053147962583
35447,60.3185889835175
53384,41.00194063678247
51105,43.775525649573176
88734,42.07813924543885
9070,59.51310505043282
79423,67.60607713159744
25273,69.87663395023117
1197,38.27769802292797
101848,54.80463989728791
18480,59.8889185731161
37443,59.89978900905999
45918,76.57181617238967
60286,55.133420282739664
51665,55.45995544733128
69115,40.885426936266775
10160,46.683664333236905
100373,38.91270187656305
6888,61.27027599268459
97043,31.109109149523114
91076,40.062559273085185
31943,63.91591058623125
44979,70.72534396566247
23866,45.88210148798515
27145,67.4932260044217
93302,61.189367075408825
93165,53.414850983478345
67410,33.71169081241641
28436,68.79151599092708
61982,50.79319578117378
17878,69.64356662670268
51721,41.77629387866824
79178,15.021976381320444
35910,41.05985157490229
26390,46.56716576271826
66499,60.733558194425534
97550,39.55359862356824
85531,56.04252748690202
4073,44.29882740811487
34785,56.5680933708888
81328,68.65096624419819
20215,29.49203259286999
22098,39.83987279976833
15222,47.13621607503524
70271,30.557962582258465
82004,25.924058935799188
86133,68.33702908325046
61202,59.48241918838786
639,68.43468283734272
39098,38.47550010179195
33233,46.47129033730731
83860,68.3793303189346
101703,19.443789509084812
97360,45.521568179139074
40229,89.04385917890075
39982,22.666370494101454
8950,44.01753288219285
59750,69.17517563521419
9628,58.681525847664616
71637,54.63037124721687
20231,69.8036295600782
74551,68.11322327003666
87654,66.15815445251066
99818,34.42131401949341
2682,59.62039839710207
67709,43.198497725712116
51818,61.25902398829114
11987,34.625890811436626
90691,36.97830545225266
35325,27.10476220356189
54257,35.82389090989901
35706,70.55659887250165
78563,48.7839102398157
91924,59.987474387908904
24475,69.237376788771
63255,45.24912658878716
31611,63.4218497064313
50915,53.59021311667067
75315,63.05550544384554
98844,58.44980106622442
31899,69.2364530370542
26055,62.53225521254207
53261,55.627883478338134
73901,38.06759081575021
10321,38.53595119138295
19884,61.98839993151448
2446,59.54793686333397
95163,65.4455393204144
30609,36.980710850442726
43837,69.47706506046907
61150,45.89138205199131
5199,66.54001760511969
11633,44.01028163564151
58808,61.977926570343044
91323,81.69736595698294
80035,60.29414731841965
16573,60.0797690037944
97117,48.06709573001297
48975,38.788919861740084
12224,49.30642431740086
17178,68.5517322509791
28379,67.10654224807497
8386,60.441822359677516
41546,49.61733102355469
64845,61.83856581775896
47222,66.89111578893174
54015,19.788910307334987
90394,61.428147569905974
59987,54.03961398808894
91109,24.78996294048876
34510,54.966407930101106
31023,57.1452840958349
9555,64.13442500035991
98775,57.75368399556191
40269,66.9157687516004
53846,41.25250140801239
97348,28.65567464385437
81116,63.322686497292324
11337,37.872820032780524
96080,33.67390797256853
83564,59.56045779278062
31732,65.35709752058924
36446,54.0738928226984
25063,32.61500611839755
89753,31.888255244317293
49770,57.19493261323447
21217,56.29558659272207
67073,66.51895337208913
2538,40.026087745464196
44612,42.27634153601969
74349,24.656916637121174
68408,72.04449434615886
52223,46.28916657000212
96888,40.45849501166964
79230,45.34661672642394
90583,56.37842109077292
72609,29.976549983168894
89901,68.60822214908684
3421,57.75901350528221
59061,50.456860501752566
19082,45.55415735520251
29328,27.419799284987516
5093,66.62225039766471
18047,59.6299050409667
55028,68.06787864517587
58448,81.68975957400421
37828,63.72080538911989
2184,58.487349240291
15928,43.427942809911514
26644,52.401668927905085
84312,35.440839991469744
43744,65.91214080007572
80488,58.20136190021172
33251,38.513385165389735
64143,43.610314801002325
17524,51.62930200687203
46356,40.696304195599346
65026,43.20405064320667
6964,60.35027681943922
37580,42.907170864078
11517,56.8908905787377
59486,56.88937844393563
18809,48.00145528990079
85615,58.08407398099226
18020,63.18097392372035
81779,58.85089586983563
87215,56.53256919709154
14920,46.72394755083984
31449,38.7976887504129
77828,45.24185251453396
94807,55.39740628699444
66183,69.03444695762266
17644,46.41724497159527
38660,52.87986301249728
52473,54.175434480112216
48375,51.30140782914257
38972,48.162022941400636
75678,65.49167800669537
36022,52.8764870680476
239,63.455288079877654
68790,65.9602432923594
80851,43.25521260138957
90977,52.21505544948894
47317,69.0589288426862
15813,30.565067665130304
65033,60.908070711426525
98192,43.88401681877769
80131,40.53149928092604
93941,45.7660278199165
44086,54.26678716822958
88902,67.7999503315471
13482,59.03703203317412
30908,59.8001100992172
102283,41.44418063915201
10283,58.614177652632605
28549,59.49537460933986
50785,62.9859375575507
80091,48.54121483021488
86288,68.2376988999895
50431,26.567603114936716
41143,41.20693685153612
95295,30.109954691719317
45166,38.37742312411359
48932,61.20610541471845
17389,56.07656529593999
31969,66.02878513750011
11165,40.66271963848516
48092,43.02096165808673
8512,56.043503923022655
58987,41.61465427939652
42254,57.1891720251116
89738,51.022948993145384
69056,61.53689995177147
46516,64.24084151756871
65499,44.26605874628653
18167,56.26178725435059
78748,39.5068769560237
59187,47.56695828302422
70650,59.05741996340157
1902,69.237376788771
73988,60.26789240619407
53980,66.14044798023056
27599,65.41259227180885
19031,66.84715063236482
58911,35.5779187737722
17614,45.245883749093764
70304,59.78249773407516
71230,46.70341629273812
89446,58.107015173427854
79858,66.67941830325063
27106,40.046162452186756
70706,47.932776437758115
25622,50.19010549267219
42996,45.07793579619918
48665,59.241059421872905
53120,43.06965463751129
35515,36.093369136213575
87233,60.27398693870325
4655,57.265342281434116
75768,68.07972702231949
1193,69.42417803268728
79898,42.297685554234796
49803,44.697464269369114
41106,52.08796977982621
88179,68.68006604376419
948,59.273857142891956
63845,49.07370166541541
63165,62.02589306063546
771,43.98948300590173
17551,57.03929260095352
78036,35.5258704707794
66208,31.04225368937257
40013,50.836624107059095
99704,57.376607109211335
27199,46.143675606930316
32559,56.54012133844773
80304,69.29344276981126
15758,49.09366511344001
2141,45.662065521021894
57528,60.39024933082067
74939,41.68823326468269
13886,58.84716233600082
59509,68.99169340907294
61579,68.81181806219585
22661,51.720468905457636
44483,46.11077791499174
95411,65.27989691972485
78279,56.51733187618168
70653,29.00864985176882
3967,66.95974905955705
2071,70.20954438259977
89241,54.95219959902588
32670,63.99802334724258
102234,36.68583401827197
81865,61.90948608931548
10965,46.250349207882316
50511,57.33396584551734
90137,49.131261489996184
34760,69.2897552950769
25923,68.86711850376346
53124,54.803476674142985
102084,32.637730357928305
100749,41.264387723704985
98750,60.204026389830815
90657,58.02635788768378
100271,63.01261561966114
76735,58.4179889207533
52286,46.07130132061688
74390,60.257943588663075
81906,56.187610608163666
49693,40.32814364395062
65393,51.68879164718545
100654,66.26072168435165
51018,37.75216930105522
33910,65.2785814807542
6651,68.77893942728765
60049,52.261183336402155
75870,57.91852671149323
65155,55.76672094321055
70028,40.69107677093496
28667,26.16135499265494
53616,60.25711218324405
53792,50.21589626041854
78456,31.345288916929782
77357,60.56859871179101
18504,47.04530405027257
45833,64.01770711461542
43463,53.30839888426626
99439,46.90977972054472
69688,60.23511636728179
84183,59.1548342697969
62331,67.47560018177073
15974,67.4536754683256
41191,69.69821695417824
79407,63.120866131101494
47451,58.42831843254061
29911,55.12596571046618
53422,40.40037462616356
279,36.41133491208539
90915,50.36774117637587
73679,63.803359893133305
3280,56.3861515086131
97387,62.02707718674456
81285,57.382510811347856
39686,34.34861239889105
33929,69.69821695417824
90888,65.56453812694454
62818,56.4775395519699
96711,66.28279245850868
56839,57.05776931692667
10783,58.21273156954613
48694,65.7475258237424
17575,63.2303781774458
51096,50.60986873809257
32822,65.48069044929888
28039,48.24852575305297
83895,25.59608314983802
13758,35.838924547682595
21049,71.70773143327364
64650,28.435001485210954
4286,38.95396428675858
72063,34.53486308034621
25241,52.221152515103604
51878,58.75063538674447
44961,43.22035069794978
52521,46.46676635700124
94986,56.68674812674967
69514,38.43718471786855
35884,57.28624802375273
51437,55.60520695133633
31752,58.13394623168745
17373,53.78997454554971
40736,40.05748616148456
97097,46.8577439044841
84356,45.2189655525225
52321,58.587742337724464
80590,59.85474201071679
96694,69.40847911989619
26513,47.9180485278182
74565,68.63625781554921
31238,64.18480700504836
40988,69.23328917976168
64563,63.63633016462372
68097,35.75685667926442
14422,56.46568102853224
61601,42.45969929269666
97886,42.455669998412624
77731,54.66793924909003
95539,30.35332486813076
66413,61.41406459136403
61007,63.61307147739101
25017,41.586598623567
18420,35.668199446590506
3289,51.885507021293506
15441,60.25901133662856
20564,67.59723173071656
83065,25.398451993361668
47779,52.41639117635813
32215,65.34967305558791
87248,66.28066996306694
36726,59.85887758000455
2122,44.29151914550296
41524,25.921443899118756
23337,56.92197733802643
28340,63.557937298838226
36199,48.8759187458875
63465,14.882289002140354
49192,56.553300462161005
7045,59.10496733762442
31762,45.35170515639476
89445,69.54607721604157
14166,59.3343027692267
32496,57.15128408715156
85871,46.321224575548264
47366,43.09312441727109
76777,51.83623345244669
38772,59.88401296170237
51383,41.80499848597681
9325,83.86771385016716
5197,54.394419799922346
45875,57.27524428239674
4976,32.928547173808376
86646,70.07117164300762
22190,44.50819852094141
79983,44.97387679920004
26141,41.54363019845345
58695,30.909548035581874
45618,39.01345771717698
61352,62.74687788348435
30031,33.904647861744394
100890,48.98963689779553
33970,59.579625008689746
30333,60.77863668082943
80680,58.56902883756662
37329,61.320830592475346
65838,63.23406158637127
100711,52.330604629475495
76467,36.60238394428499
92680,57.6205615839908
52489,67.76418422574656
62153,58.17884639502651
21129,33.89323050244216
49685,67.73485811001694
64533,68.38873455323272
7322,55.68683108955504
22797,61.21929537231661
71282,25.940639899669655
93428,61.2020953963802
75498,63.90295507769933
14856,67.32604417853689
86900,47.15435414372477
63590,58.00276969210171
65804,45.568805128867005
41071,52.389280517405986
25087,68.02652695474147
96353,36.46136274660034
61225,57.93438864771317
48290,48.13911121802537
63156,40.38110159973216
64772,66.6831889016941
39783,60.3696185507278
54214,60.542013771321116
83147,60.26505119302072
40915,50.66458429629207
79638,30.9343154402159
7378,46.42896876109502
61748,61.2477182449604
16996,40.17652423964615
77743,60.16741176204199
52908,57.97057039384052
74408,54.964652493720884
60545,62.9082254929181
64666,68.4158358241294
17855,52.34609798933966
91669,62.01240182585081
85549,83.86771385016716
83346,36.20701511603265
53641,22.835892141113796
89055,64.82078415563778
46051,68.79054939075202
38015,26.366145198468892
72327,61.740094477016356
97622,59.13131602313002
29003,26.03160866509713
9513,53.560366976697125
61335,45.045188938932554
1855,65.05356092868871
18909,37.36765419581932
66189,42.70847457508117
70649,68.03191050011564
6997,38.47297511248994
66932,46.34084543469992
45161,69.75317551597756
19292,64.47195911093081
37156,69.17981619815875
18097,53.159308407008076
89908,62.80032452797423
68155,67.5855129094055
6393,62.18843302966229
75769,63.61771813057415
1414,40.43478529433343
3828,59.847909908858476
69136,59.78276872516645
47743,22.622883207054166
13210,60.22496775921533
68325,67.70132722308603
82395,52.54545965994787
37460,61.86229535297538
93654,55.56918576269664
102367,60.63319708839062
89140,59.272367210567836
35731,34.33852355825683
5484,67.94562288700924
17298,60.616034081591664
87075,38.86233902396974
101533,49.49220673113805
54845,59.70762633157549
5923,59.46762838647883
37300,54.55595991628934
2879,41.74643141331366
78323,66.7079170343271
78936,66.89204359859338
4698,62.44636142276372
37785,40.96795709189067
38890,57.04668338926814
63093,35.11391600609135
76543,58.28927156221273
17055,55.984045254514015
97088,66.05497986619926
80220,69.6412837021482
98011,60.64026583747646
84158,46.63522146568723
93848,55.025628063931016
80321,38.000553030552915
16956,60.18766146527567
1021,54.05481428896093
4710,41.43431945170622
24034,31.90678138468658
96053,53.26114772696749
69749,63.85001243844402
14736,65.27431280300661
27227,58.11982488590294
60247,61.55435107875282
89824,33.182981050558695
94554,40.89869279026187
57211,71.67195187209408
85825,59.967296999071266
17378,35.61099155465215
40036,64.65937791933221
31077,63.04343937832001
74737,20.21146100246676
8464,68.59859073078012
35208,35.99261206859125
24689,67.84326180831657
77142,57.343760233209935
44845,59.352865110569766
63405,62.835374839661775
60061,35.06584208641503
55972,48.275297307064065
7862,57.11076722888479
4752,53.89930128947059
60414,65.71023404829467
16614,44.168693579403815
93962,52.585768095301546
69774,41.458230864012314
99335,56.899812328356255
52467,61.551474988513256
46973,58.49801643339524
101297,27.487273741516987
93847,68.71435868514534
82435,74.15269031567158
94932,35.25440416957835
57300,36.030301595636246
3758,59.18722565991976
37192,57.74665329513054
29436,54.17082916301109
45975,46.12287091258626
86668,49.28626123000545
98899,38.54979062187601
37660,69.2298417306184
90610,50.917060704988565
35725,58.814633733765774
44865,67.66481868601075
83263,24.267598955707882
93642,60.43337831292391
27211,68.00624994175797
55970,51.42118512334123
2742,47.504844361852356
90957,47.66905270664467
70405,69.59884627342753
28362,40.940475524341856
73028,38.60023919284187
68691,54.12325718470813
6121,38.89185035296613
35147,61.46625788782825
20390,64.16022522644366
49230,64.06419604959278
19036,53.02230989161685
21413,61.429141264856455
84318,58.869125643025384
62147,53.58953051575995
8135,55.597191492144056
77470,58.47984717207699
100050,69.05206580410942
55558,57.4320422737656
44501,31.36303536731199
16306,51.33108244317131
53198,51.7796070932125
69689,27.986101230520934
81400,61.790684614044004
62436,50.84692220285447
52625,36.391891340659
12358,63.19351012825464
14018,63.687960401410045
17456,51.451419811424415
60083,60.72192966833782
78915,35.362836616863284
13489,34.50159174371973
17810,31.1362577490723
65305,65.6555779562133
95469,57.83843920059527
96151,58.90188368108813
71683,35.87611364242386
83311,59.90832806505266
40142,68.76599932994317
27545,74.23790745928119
84263,66.53250803140462
71500,40.31481601172134
102495,65.96901734085401
16784,68.4043124770544
85835,64.23305798435294
42433,28.99147350301294
37919,40.84879169881886
92136,49.48215598932616
100617,41.94189429694418
12916,59.897970299174176
27154,60.238712241786345
73459,69.31738750902947
43533,49.61200790901681
5494,57.126827235604104
5873,57.23672339779488
42414,43.57911277906783
60394,41.98154518228232
37424,56.23659262258869
84969,55.43345197532513
8902,62.55100620071787
61456,74.2018920711422
17098,53.01374821120379
78351,68.02310354754219
12205,50.887464427668164
26123,68.62692843791551
24022,39.779474244244824
48527,55.08317531807496
50458,57.530341069877885
46924,67.6296735258523
32511,57.21674047093881
95971,67.42841981927272
70110,42.08775135610034
786,66.94145612603909
39324,60.653083256307774
13744,63.018658377442755
64958,30.779446856567017
77739,45.90010675437724
78124,61.23292338727883
6319,40.62483236412314
4005,67.08075213848309
82668,53.635704509512436
76525,33.40384451249537
28224,42.83687540959667
35470,55.08101909357777
15488,36.41464606183153
53405,53.11771753260596
3610,42.53008083109834
59468,57.98667527038855
73587,46.84098621006187
69347,61.97604335611559
90071,58.36688539634316
26766,41.57921066821824
81751,43.886312066187585
24460,25.5323301999768
4457,43.8742109656804
26315,52.98831452138793
7859,40.06636256532005
44303,65.32888027816857
51943,37.1945645507753
86293,36.26388737064204
94515,23.967800180397965
79846,30.14511801283408
54356,57.0696089658155
40035,48.33845214131453
50752,43.156923755775914
101329,41.06256248651175
90265,57.59874016481935
46399,31.295564313539092
8655,58.211904291638994
100543,66.82531249867206
8011,59.58972030744608
86329,49.030674453281314
80750,60.844973126958166
68613,41.93525640621182
75568,46.32559522784798
48001,54.131861158484895
72784,64.31485889418012
8035,34.990823691216825
28307,59.37182021663326
25982,40.61907802658058
18415,48.85894310148339
37227,25.009058955366594
52483,52.82653398461935
38996,47.25465382424859
30619,42.24655744474617
99677,43.721673814777226
84937,54.173331562693356
33282,64.86527268461391
46391,58.917064540953824
85115,52.87704140074415
63749,59.37165395801683
20122,62.36087386806084
24900,41.43669034750009
30455,50.312575216781525
60535,57.2654929814954
46556,53.95940430025118
92363,54.72230188664916
44966,61.57807571979722
33276,50.9676534565821
19559,54.61138422448144
78092,41.1431280262718
87088,65.69057212038808
45332,59.138773935679616
50003,64.50275828950988
51838,47.10510520108323
81387,57.87356571034313
95203,40.27876534547689
65736,55.499576088281145
37164,60.09066430128507
82813,44.19200054907463
12691,60.42846206984372
28869,60.169166362504676
84077,61.89358667345301
89354,50.909244856119045
98907,28.879807403705037
60027,59.85887758000455
1718,65.07105745086841
39058,33.48592041671545
12786,20.325183712375395
47146,57.80667211467487
41401,63.72284752826371
19042,48.54998528348474
95951,69.00136030098051
62986,61.01354242108121
12864,69.39491809381576
6510,40.42492824050097
88805,61.255681269575305
94327,40.75964028209128
49783,29.46646548775621
20204,30.168233708530106
6077,46.657523154989285
52053,59.667194019829246
2124,75.96104894493125
90458,69.59789931892064
3325,60.09504738884768
25002,60.303812565826526
11997,66.07021416994968
1115,38.107813503141664
98767,57.84651098436095
53208,37.09530425671972
83965,47.819635782004596
80170,70.9727542143232
14223,29.15180881395798
50008,54.74981329090426
92926,59.00334617455569
67262,68.95410835025116
58690,38.230564243748994
85708,63.00719414001796
4398,44.27266571286301
68131,52.78743053132989
59075,39.45751280726734
1830,29.454866170734768
44042,25.41602234781534
55882,59.86756613213675
16778,25.356263450282576
67670,49.69180315139965
62193,64.7692093286452
85736,54.951923916633135
31299,55.07555434565815
52253,55.42003502451329
32675,56.50171779683664
38138,61.15853280063811
6821,30.0512616727862
92299,37.9189122305585
14175,59.54898638561797
51304,49.37476843860924
86950,44.114041361028505
21213,80.82550187133543
63751,69.78366915924039
42886,55.4436068646007
88443,46.75558024152234
13076,45.4296280774673
67337,44.91727432214474
69804,61.459281143469816
2675,56.563576293614815
39048,47.910575384077184
49270,45.20252839476053
68932,54.97589668060019
84505,68.00177302198342
84281,60.39651581119578
43435,50.80793053733588
59534,29.45978305897399
69556,60.47265092746611
51761,57.00516674579207
1220,42.471315849142094
32987,54.582186215229015
39994,30.997275492542556
6677,44.89213978290669
9361,69.10844195189955
26425,54.119352156233134
43768,41.2850343785073
40933,50.93407128637733
56094,43.554785932909674
16723,54.608706958145675
706,43.90416376754736
12308,58.24320964721549
86660,52.847484695893954
93767,54.260944941099595
79563,19.67544026984608
79647,53.66683634268289
68976,65.62177353027634
54669,70.55659887250165
67334,44.750849598416764
50806,38.78436638737193
13549,34.56425374386662
102518,64.43751574902666
2405,58.00971613105181
2422,48.225301240193055
101191,63.66833306024227
11444,53.80980859589183
12927,43.70072329223051
2758,40.11442818849593
95409,45.38847749262737
32171,51.385615496867956
45192,35.268371048667646
85008,54.03831572376638
61662,51.27668251031425
71028,60.493325060328395
88797,55.338057765380135
22977,18.143700036071394
67022,51.74729449158376
77623,66.29995630732411
82731,27.23649770512138
94699,45.40773239421059
96510,61.45265791787196
32601,50.477500650199644
97641,66.54001760511969
40735,38.28576809561531
61756,68.7248560808181
19687,45.51063867473982
15284,66.29875227042352
8412,69.01229872925717
52646,61.5232334755065
83429,29.838302006573603
67422,34.42482452770865
33239,47.721323496125926
48935,24.232590494455618
19526,68.41638056666623
64620,36.71494403755319
17814,41.76133706611884
99996,40.35673374885987
10336,43.246525857535495
91583,39.35110688701148
89077,42.401201733022674
10637,30.994145829145083
28253,39.51502682278112
17284,58.25388459962358
92205,37.52577867499444
92720,36.062620514824886
69626,57.70715712297909
75873,60.0306506277692
29005,59.870612218362886
92174,40.889728798868354
82238,60.41901715164795
47010,37.157702710399796
95396,68.94935888901874
81238,55.089883728193584
70035,62.835526833991416
20279,64.01022198518625
13747,52.98552299378464
16107,43.93031654460834
65955,68.86844952467094
38520,39.57419716052293
66205,56.96017303234995
10109,56.490794716728196
99119,70.04462298004802
36618,69.57293047977738
83524,51.42471144746668
75071,69.74993544972011
6780,59.6300935607697
41470,47.36647968668159
27435,49.544944453165854
83488,60.57525537507912
48015,30.457627601006124
39752,44.77487575606294
65651,43.597830703460474
80686,23.62234611960844
76743,35.364697990893745
46473,41.01091331247724
94421,61.39143523088393
102247,69.08925129453105
7050,61.23707838783179
8448,62.50445358652398
23706,49.93183195219395
72331,24.271259991199653
69199,54.945323058198134
36204,43.469422367792866
58239,71.10057338556207
40168,38.60296469614969
6268,62.324619820727484
42740,64.31498177652209
443,43.857810999681206
2854,64.74491707771642
58024,50.586596543881676
67536,30.365672245338445
15132,26.227230891469702
66969,42.64271340853183
83623,72.61182903359982
19269,56.2014353961035
34861,50.5304266506901
56966,63.029226665804366
75169,36.615661524803656
32937,56.56474942709659
62579,58.30371235832676
53606,64.47673495438566
28952,69.34569835959866
63471,57.08276327277723
80005,64.91253890619336
32447,41.95969834089647
87275,83.86771385016716
67848,49.870167320902844
38042,64.40700484051835
38174,57.54909063291441
70754,97.71702409679241
27399,53.938031956102705
81612,56.7784362645928
32359,37.02925782892851
71790,33.72481533517277
95936,58.09125651434251
14369,62.668693317990304
102626,69.06554280454047
43131,59.65591261340619
92124,69.2364530370542
69705,52.121235583102404
22450,44.1482947868209
59124,68.95189483573647
95354,59.44951240917488
41879,67.99809893091327
101266,24.4608882270719
97957,44.107916060646055
2339,53.35496034384384
34243,24.490874338399884
8581,68.74517256066144
5322,23.109102447788647
87763,78.23638382805856
71488,60.59011350776122
47952,44.8538244519385
85888,69.5170873587931
83024,59.91942803440552
54726,48.244434762616294
11818,64.57360815798488
102182,52.88269333415799
91326,53.58770154609676
28931,27.004644316388354
46055,44.69467848697094
71110,60.332984709878644
91443,42.427267423759716
12089,59.76864420094702
28383,69.46677368590953
101484,64.7881605212734
49150,68.9366114606388
23187,23.198362506313565
52069,56.48200603065792
65140,45.54543741850584
54441,26.700522230933775
42733,59.53948399945781
35113,24.0657273798767
95348,66.33114988735674
2349,49.37725208787056
67247,47.37893345456003
69273,59.824183074036135
23088,39.332083331094985
29953,48.87598485436638
30297,68.49479039385095
99471,56.862188869467644
29070,48.66360360153191
38951,62.527188817588815
79993,67.90501200434046
40439,69.05769230773083
36947,65.46745873106211
96439,66.50307071378508
51378,34.308956176259706
80553,57.51395422737951
71053,69.96236912073289
51127,66.00753061729775
67109,58.644770889330985
52414,64.9865757469194
97259,70.8995014744736
25676,46.29866270246452
69401,47.21689079094862
81209,39.66540657624222
24144,50.3482139040003
67192,47.93366862463743
68541,49.481727238863925
35311,54.558338486394135
51986,30.479473363359848
30645,19.85916626879184
49751,54.324830612980165
71107,61.1550356972341
83819,64.38988319425742
55562,26.737362980601418
14273,57.34726378103278
19205,44.930993958845775
8397,53.165427907212305
38604,59.390150603819805
12253,58.171974792813245
67371,43.80805061472608
56085,59.25953464307701
8233,62.15018067620764
37470,57.833422768420014
7194,41.55524831542121
6115,46.71623408603045
98024,51.14963852348848
41163,43.57343286057192
32649,67.53846176081596
68450,45.811912859241914
78174,23.99244602000956
90650,60.50610792875798
31217,69.34347661492853
805,51.060956834779105
56239,53.73103009769492
78813,66.65728421092393
89481,54.85103273272928
15468,63.89925581832706
45921,53.18613533632485
82406,54.40177620472148
53735,49.30259636345824
92318,37.29525102787275
49379,58.92541490225849
3491,74.76362009526545
27003,58.776865189886976
58425,39.567214851045875
8932,58.91937124197235
29284,54.292344326875444
96014,41.60412974965307
84832,38.2871132475552
34711,45.28192441916879
87584,36.026117074499204
100424,40.947013565094096
75475,36.70073065524266
101105,40.06467509702969
481,28.279924690263478
19438,59.772091590231604
88516,69.25088354205687
47467,55.99177367695329
9547,66.39789164172049
17791,69.5170873587931
1018,61.7658225794582
89163,59.13262944320354
30491,62.76229874990138
95816,49.60585411534706
76172,67.60082067475513
2656,60.99843364665582
11151,66.43453213163914
71401,51.02064516278263
101087,63.66144723702364
53586,56.01600581582624
49960,57.567151638348406
51788,59.02168168816015
14624,56.5001910812438
6344,45.72415469225879
42707,58.90493189909359
13600,56.92253393303077
53521,34.34217791940201
42966,54.17266752016654
35752,70.29153344323512
48267,48.88571000984636
25249,42.71195272433487
61636,42.01258310130307
25497,42.34500025949683
78482,25.04444594926372
78604,63.83242837571983
49920,54.30853974388876
59768,41.403116239791146
79385,45.356384772837785
24612,63.87380336155408
78130,61.23193233085336
31015,61.24045253405985
69233,66.00753061729775
94429,68.25811633069458
61483,68.36436361632923
49110,33.149099497986
24165,67.75405555543055
90533,38.21632682247132
70184,53.44132892421853
62074,29.703274671588556
57945,56.73936866271661
77088,68.59422376784605
54922,32.88320930837277
8488,59.92392076463629
48359,56.796242078736626
97363,24.321753771042555
81510,48.894689323390864
35309,45.9169366832312
802,61.55331440649769
87742,56.368867191889315
39765,68.62163870818758
1993,41.957568403903494
91113,30.46871896359547
40648,76.79728492238968
67421,68.95410835025116
25188,43.33964746614008
42599,60.847253620765116
85177,60.615381724284
97676,16.068140580156015
101372,63.80015020047656
102464,60.86915456602411
44277,53.087110197089416
45854,45.51081932463562
15123,59.28556561733317
45253,54.548845235954616
20474,60.42280978088543
9816,40.724213977853104
49933,65.53791141877157
24465,57.05604189927564
87711,30.841508278080145
96600,45.04887578768489
47306,57.93451471866826
84435,65.99306094988887
35987,67.00899697975558
5579,35.29784543012232
95095,41.473249556504044
70730,60.516889605381955
41611,51.15263099131417
64292,68.71435868514534
45548,61.791492631804175
74567,24.972309558972235
56215,38.072580013779
40914,58.458203127796715
87346,61.81244941017719
98990,34.272237161401726
93135,44.74511671834232
25589,53.65747719000669
51655,56.52300388617148
93957,32.329256251334535
81001,33.311916528985336
6326,59.61094336631965
44008,45.56019749521126
82311,61.09565200326534
57214,39.0677321533062
94912,48.469823000768855
68848,46.888794391519426
85854,25.874540931760883
7095,54.11249925825677
95700,75.84539272971136
16047,56.674085908313344
79044,70.44612539056641
34667,60.99652823683057
32261,60.205246751478846
86593,56.221125809067374
67280,56.138260809773925
14779,56.693764696161224
43088,42.48835955255545
25449,43.06111187752
100499,60.981529197951005
25761,62.35418349251875
11226,50.833443369692795
102605,64.80235238581348
95589,65.20486224262704
31451,47.96646007568772
30083,55.27145482510829
45677,60.70343699186944
63443,42.17443213751017
10493,49.27021664895414
56409,48.631206288513916
40040,44.459454382976794
30146,69.10671980860475
93070,61.17091285285382
23850,45.95674871435669
22430,53.78567357957016
94018,59.533543944419606
12418,69.64356662670268
96207,41.00198054261943
76655,30.75040243120403
82949,57.6971582091087
55282,68.99482033966511
66993,47.349057009526135
87150,42.265265206356595
62389,63.20593273357648
32254,40.536714122829416
92047,69.37044712023277
93153,59.13913735958648
41153,67.71677089344671
101204,64.36269761213885
99844,46.15828467214959
38619,50.24441313615186
7775,57.28279511486052
54329,44.480533130702106
56528,43.69719255743475
13823,46.437180584925436
71086,49.38654972533393
82638,65.14552972102574
74753,27.523755114125482
2978,42.24071075631802
54367,64.45633629334029
43822,41.747242501083946
49969,53.61103458692823
97125,61.70106101120499
42128,61.661519725932386
65890,58.426468355349805
31735,61.646133753410176
3360,40.94988407086976
7843,68.87093287555064
35942,51.13690340317322
576,62.27932270538673
25574,66.19768857976125
87332,56.886852097844645
63927,50.34363184276051
68381,46.97003411958489
60098,42.39021464377635
60596,44.48886034828615
27283,60.75708087998025
50836,46.64136366595756
24656,59.19472273146007
37502,68.84558630213436
18013,38.98020018339046
4660,61.17651032096073
68744,63.11492769070946
104,50.75648224999695
4867,68.98709084591276
19094,35.042271098019135
43720,68.09638093100261
94763,59.66078015119915
74720,54.32465575023558
95483,58.18629494858258
10558,52.144102426580375
50514,61.04764696627467
39580,33.177584643427615
6158,51.70093786644842
39538,44.697275759981665
5462,57.02810281080001
53968,64.52098703382799
95278,25.82403750434428
55919,36.14995606477351
80980,35.96494588181597
93287,55.13175989397857
93418,64.40270412015857
46864,50.3033866833615
62070,54.04644893299925
79029,54.47667290633724
39351,59.76621351741915
90376,51.51946017057204
26716,63.288754008193884
99582,62.17461986205336
61706,61.13228071628082
24138,59.90925149305352
52016,60.986292313617696
11783,66.78900579896248
57692,69.59789931892064
30661,63.07667702726254
56520,58.230943503915505
30360,61.69276997727333
68775,59.02685501768564
53073,35.3565637986909
51662,35.9505595068816
28291,37.73729178404001
44353,35.791758816643444
70749,64.44654757816873
79183,45.51816380725733
22279,38.9260893041433
62100,41.09463408849244
90523,42.22914815006327
90431,42.056683365718456
27403,66.82016466300055
84922,58.399010454880525
86672,29.50762465684296
24921,40.82701315148201
63691,83.86771385016716
14944,63.80209206612409
52999,60.320036481767154
39590,60.62007859618334
97513,65.21948247253339
24413,48.588083710667235
44021,52.15577310226623
69734,59.9964132585436
3736,63.367005580325156
90936,56.066762483478236
17741,61.10556182680774
26855,61.1854152975762
1480,65.92464504314543
37239,69.64356662670268
15949,54.04619584936403
41625,53.481598321758355
9060,42.07497166509155
32954,68.56461969100023
90307,51.777595205710284
79238,69.64356662670268
21818,66.77467046516489
71131,61.7905866560642
99902,32.257179182768034
77578,47.530861292791016
24730,71.13781106182618
62211,34.52043091004386
100515,65.13417394086292
40895,47.683266575831894
58322,31.353624699892872
6818,62.86130390648258
101157,64.58253144744161
19824,38.676692442223796
54268,51.969902538305966
18619,65.58822343212573
46486,60.439208311523274
34304,24.24251431442327
45427,39.186164683683
39186,58.4739713445693
14345,56.523708523805524
98868,53.24052645500777
91932,33.91449307128241
13002,62.78553512147154
64895,50.632717720006475
48315,40.148888246685694
52452,58.796394123091915
99206,59.68310842389804
54363,62.856610256192
16197,32.614652043529624
3419,69.06602748066918
72141,56.42114356616666
45134,33.387573381957644
17030,67.1386168919988
101424,60.78719538571385
48609,43.223984529223856
65302,61.1845036587299
100386,51.04581678844457
67147,41.83536324813962
73543,64.54587951778733
14949,42.0820046180224
99761,62.23398939991155
55517,55.67454074210568
72957,55.22109356015117
42604,64.0898479363484
92954,68.44201118464017
78760,47.9936323234603
69475,43.65335396967689
58470,69.48453721397854
24911,37.558387563039595
2143,56.2521758458673
27055,59.609928659807196
92959,31.714024244833535
39845,56.0156049866727
6986,19.39493109242102
55387,68.01456158641277
79564,55.27898436100968
65112,42.43422839689941
76170,37.20632670254115
13642,54.79680077670897
4106,60.41769469621328
45827,68.73536960122145
23162,69.3483626682866
23199,59.62411242350891
48747,59.23527609705802
2129,64.6381092478884
2229,68.63625781554921
80725,37.69233805885323
93440,48.10152789190075
80864,42.07109976198953
33284,48.43263712003547
98204,60.987115055340276
78473,58.47403961183983
58378,67.73426598950753
92644,50.19917338658938
41466,32.668447432959205
28414,61.65476604385816
5643,58.02272657977727
33516,49.10927651582816
78872,29.981442778621098
85797,32.53642590468248
6451,69.53537585878479
85106,50.55772898409382
96021,62.537573985250845
21762,53.66186670659997
48089,60.89460534712793
24099,60.160852718896656
101236,67.70610509875748
7453,58.20414853054447
8206,62.98892676145687
76057,63.284767076238865
11666,42.51240152512573
28258,29.267612627997984
45334,46.11627613791559
68321,28.782538457228032
41104,58.341066235437964
76302,64.5745233705819
14415,59.82119622812324
78084,59.80730117646274
95793,66.96250263438169
89211,53.689758475728446
16248,58.05799655463385
66437,63.150973915025
82624,51.26321380470331
65257,61.82379394927647
9653,67.12274389290091
8471,38.836967984508725
27494,67.44644099558982
95549,46.10434383044314
18528,38.02367781175155
20117,33.945675699346594
37191,58.802634273856995
91684,69.00864124364017
62645,58.74879785518612
18491,32.04594124835719
26974,65.07105745086841
1411,42.67021905771364
30677,41.225462889439456
78464,57.221188001416756
63141,42.058664454587976
52997,46.46247390418774
49658,59.21729766093394
47517,59.42145187796943
2219,54.56877754616259
44193,45.23391391644373
95964,54.447554574363146
74263,68.44884216385228
65235,63.28108102272018
2658,57.52530432970225
42043,60.7589947332264
100680,42.775834983768206
73127,64.15283036008559
52086,48.512740149143326
43874,66.9538534187091
19349,48.83837647971915
15174,58.795373608954044
55842,61.98428323661593
40469,67.12942263522228
19957,55.03434605891244
5488,63.4957112411573
58031,66.57684092129769
65194,56.31047415273243
7659,66.8734144780067
8952,34.553944043027165
57162,58.1431221024824
61141,56.06839009384983
28945,49.733724681763036
12865,39.36885720512536
15552,41.76575804023839
61962,69.6412837021482
58134,33.89060368613787
71555,37.1296456161745
29354,58.18644777420399
22131,69.75317551597756
48941,64.06091972852629
29931,41.67125961732856
29010,56.21647210316318
77252,60.90421620800898
34088,94.06177444701667
69896,43.64969522674245
73450,61.45252483276942
78815,61.336523581759586
71042,67.2638319392592
24809,53.547237788029776
86793,62.48654994381899
6706,35.788715462434546
5064,43.70791281323207
48067,48.0865811072334
78091,42.47693270164235
68494,43.890437125616806
95630,60.46325513851744
17590,66.0436783504176
33155,69.24798682828342
20089,43.67018198760965
54775,57.98957175165057
50424,59.07634023867343
76346,41.3289995684393
5935,67.22701111620151
26228,61.550002526793634
37735,32.364446206297195
57755,57.55054773541699
91017,56.932840445070205
33159,37.956891622807134
39038,54.014199058517015
66061,68.57778940534199
93166,67.62923876032033
45048,36.16890642368694
83150,97.99425925925927
31806,33.249149103223644
84637,29.86706966887334
85308,60.22168133093383
50551,41.29265667490887
94048,51.35765374460603
83238,40.58226877055975
46993,58.298761622836444
96967,45.21388459451343
6957,66.81511205332617
31455,69.07196146242701
66114,58.48455659999912
66649,63.20799600442741
98407,66.90252941763947
64005,65.73379770700144
50768,58.83335069098393
11781,56.65933081174656
61644,33.98751109837197
92845,67.52565088151214
97510,56.778666815043444
71129,54.83392860585295
42558,56.50680884436486
4368,54.48535061031678
47635,66.21711857494535
41237,60.3661702229155
31958,59.40179542178716
99661,58.82149423814202
96326,60.6427885913637
7432,31.367265936218264
50225,59.48881442712874
18976,57.07298081149205
28815,56.01215331991319
27863,55.21581133916808
99756,59.62898923032887
58932,83.86771385016716
77206,43.7689516207017
92464,53.545820609227306
17455,53.748579136103125
9781,63.157076530442865
86737,64.48709147015202
95557,34.22871962703384
48255,48.66451793670666
56757,45.50272380403106
48851,63.31341166127328
25092,37.80034393337186
40603,60.088689412398686
101262,66.42621760008231
34923,67.93332237642215
98124,48.4328658704593
45585,55.06957075411085
4707,41.132572516027786
95513,34.1493757741044
8098,63.853202255941454
29754,58.805844785115
102233,55.0464936430167
38826,35.088380721949164
11620,27.62871185021791
90882,46.583913791690584
74971,41.3668914744612
94654,72.7801068240598
96546,66.80871924061225
73497,40.23781461079124
97026,61.236467029032
14559,40.33845031890554
97009,57.385179478248034
49438,40.52857205547675
17312,20.568029315974773
35864,68.93811307378002
55805,59.25149694509488
18075,59.5790678000777
98291,43.77410558516311
93473,56.18506534233478
77543,60.88141681332299
93297,67.59187072447483
63101,63.22566213781728
16340,36.78679827381956
73019,53.568824796112146
7570,34.190997912811724
2413,62.15895522632766
84421,63.19222990819149
88308,35.60816739631153
23779,37.806509206123216
26186,50.04774307039293
64423,25.328844167186936
92146,57.20150480663139
63724,35.9150301185946
37325,57.984559760841485
55840,23.75273060077359
23932,61.94019775533748
74834,47.20233941212678
14800,52.54591400237734
98975,40.660273971697634
35324,33.669180594797545
1471,58.997551686857705
56380,49.64247683125843
2181,54.99195250468476
38072,44.376918774083705
94076,56.71576961197984
81708,67.24148460331921
7905,44.24692643927649
102047,61.0403793112532
86858,58.03189026795816
25912,60.18637968059801
55660,28.754322857950015
60169,73.09145485616932
39777,59.45453623379364
33141,57.057365318742924
62346,41.7635163257024
61606,74.15269031567158
83781,46.538168830359346
63177,56.296749243876285
8755,53.599780321454
22638,50.49487916512083
85190,42.49351555694842
38974,51.56545986271943
596,25.372273713061695
63960,51.31162691373055
97605,61.64422896633883
40716,48.254225985662444
57155,30.87908890958036
98451,44.8501221257003
86218,48.48013497495254
92983,59.15083421407768
57329,59.17338427818665
98398,37.196373510263655
35440,44.58756585488224
4374,64.49361693104628
23402,58.55047134508426
44762,60.03639320535382
53294,62.53222499347465
78573,66.13338083054403
15286,26.527013264517958
19219,37.091478661198586
47108,68.61117144149424
16848,33.59431150602392
50181,55.52480917177728
71678,55.20674146854399
22941,42.558411503004365
101050,36.44671789880913
62538,51.70437560433152
39583,72.36789626531858
47742,61.504897496894245
100734,24.817291921687307
31509,42.11927068662949
15827,61.439504203247765
41453,44.4575649333813
1850,34.12447408358563
68190,24.488664187967785
60794,17.68103929150659
54293,52.37075022547415
11025,60.34219444564052
84326,62.588712799739476
74612,31.142194663679867
9869,66.14356801784322
78891,43.843677654366594
55034,24.569379875551352
47803,55.49484380870631
78030,51.29759831794165
7990,32.787363517876
22768,55.15804744217151
65070,51.431053662563045
20763,67.57993362294903
12464,68.36468482040824
17634,60.66992298920501
47921,63.65867128439874
71010,49.00164364039504
61146,20.419610552745215
37686,68.09293394348771
9287,60.96906896554053
47818,69.05800476764483
27983,60.063457877848805
44650,43.61265774405725
66895,61.79059148487291
96365,59.18967789217458
82031,29.988445185731766
51052,68.34649530830035
102664,60.80225801493252
7587,64.71921249322897
51102,49.02517333642266
74060,60.23104423932521
34842,66.90071142248563
92638,58.90722328552982
18964,59.42829895261762
8855,60.30972086788727
92693,56.83015823329228
4823,42.29346239329102
57717,55.489334032050216
6670,55.032909708247736
89498,51.26959514777378
30591,60.02727823350482
92819,41.89872114036282
61033,60.469054634163804
11759,69.74993544972011
11445,56.282396793235556
65185,56.854086176403285
45252,36.004357618402246
63493,67.99809893091327
50636,26.79208701873115
53519,58.36893688771633
40094,59.08275916693532
45642,67.68481520507328
13505,54.883507741178974
5329,42.273255282156924
7411,41.10402600471781
2173,38.02130443228836
822,48.546850980666484
39443,63.38753683520319
82528,62.34624638105849
99378,44.65186063175198
38888,60.74548637189685
25420,41.080932537481175
101657,33.70415520520844
15749,61.96303083871934
32558,64.87864843936863
66465,35.175634837313204
9963,44.37931221388988
14678,51.837571400521526
10437,27.281998269100413
69288,59.320552895064814
26446,63.93269718210943
47725,58.097906181627614
97552,58.81332087441554
96907,33.674198945600914
60767,47.685938659174575
29468,56.77250886837027
59147,60.8008961853581
96357,48.32677809901963
92061,59.92468996095636
6347,62.40740683701305
84109,64.59736821472649
71184,53.69619701307648
92992,58.56308471414789
66779,38.79492046297574
20111,69.74993544972011
17237,62.63689244408547
89415,69.49139869429078
36990,56.13429820164437
22981,64.79971154247077
63827,36.85888802230029
31950,52.88712622546379
22278,44.501722675848804
34176,65.45838094064679
27143,52.68466809273269
56540,59.965786600482296
34688,36.490418612885996
28746,23.473028654239073
39396,70.72534396566247
85109,65.64719102110827
8705,58.45036551376224
84989,53.71618985732751
12018,61.82407904846663
47835,61.52908641846056
72879,31.493607030375102
33734,67.35673535800376
21549,29.232891864744975
62220,47.84220754425678
98950,59.137000668047385
21446,52.71841796145084
75533,69.46677368590953
68939,51.6614920369997
95632,68.22664611080327
54942,43.45378694322888
35471,61.79731454251702
4545,53.83130043833252
28251,58.10830777497083
50378,67.69687746248619
14398,60.39944686265586
34261,41.39310505709387
67795,21.61789441105484
94611,49.15684193023879
68919,58.13594278316421
96315,31.240355070669494
51079,66.30315791104904
3961,42.69777272847618
64658,60.1687435990789
61879,59.09413061701747
21568,37.611394529148114
66673,42.931718085622535
96380,41.00772709108742
42436,36.861087631342706
25193,60.28116902272548
99542,60.41901715164795
23022,41.973268086087415
40488,61.04764696627467
24480,70.44612539056641
66740,62.71385325366193
41195,65.61960789409508
56286,56.440921838545094
41898,69.62111420228933
79786,62.20134899424273
70762,69.64795760967701
63502,67.38090758522968
21745,64.201285542094
4973,58.223728460345576
99338,48.52591984293074
101743,49.47229278022782
99156,43.19220925976905
22321,62.23398939991155
50589,61.94314144568661
29885,60.9786377792162
89778,42.01632753043987
68011,58.6702116524282
31748,56.399929740994885
97716,61.572495128784176
31204,43.0433801769738
47911,41.012175692704744
43366,69.22560446872106
79278,53.16018333384944
76964,58.66394221047245
34456,65.43109069206801
57003,68.18526754881425
90405,45.56067877449695
18732,28.90759804093304
33815,64.18405807133661
28689,64.60230389959817
18257,59.85278738852065
98612,63.66287378716659
68061,55.10959754832005
32907,69.15825413288783
68489,57.12724626217815
95838,52.68290596127735
79030,43.005923975418355
94334,46.1216707288496
28589,47.175547785078344
72777,50.21529298520135
33807,57.20369423624636
23242,53.75880138601221
19184,35.54949341121055
65083,42.66868659923067
56724,56.40294313561964
72040,38.635474362696634
41654,49.04525017736799
47659,61.385826743485424
1652,69.43901978078561
35525,55.6578121632216
13762,57.18064027985894
33680,58.38616436485664
53427,69.12593722005543
2603,32.02121676243696
61406,54.093171013913086
52072,33.24530436483153
65044,68.42051147342683
101211,60.394206646275414
31154,27.297961008399092
28550,61.65431494519417
32592,55.45292775569862
9033,68.94110771757865
57530,60.90869032641288
78700,53.02784429549605
85404,36.79208325764724
34450,60.7344472072139
1022,67.82629739819005
85129,52.662468462550734
46562,22.536109415926802
47534,62.38023503408719
52758,63.40895632040093
39703,69.03603636043212
36016,67.03225953987699
64874,58.97076844144865
8699,66.98360857875385
664,58.10218068706429
68471,49.20800093141115
31550,62.56062288403168
81689,63.878498042630355
18309,46.958691600383226
4933,31.004617837020383
61400,53.38357746685692
43827,60.941114521050665
28784,41.72000698591534
76746,57.35865540281344
60746,36.05033479712782
24958,63.02715747084654
75757,40.97045941475608
79523,51.46258361625149
23030,64.65937791933221
5117,43.598548503302645
33490,57.404067114782535
75586,67.09922203299787
85157,55.988118935899344
77029,60.659328110186095
73174,44.19460140973758
102435,29.917026223781217
83929,50.646401583339255
32141,34.94944259023537
39595,56.28084403645835
37681,64.68948434958116
6659,59.09610727500263
63142,61.87347800549192
84630,55.81156355001875
29881,46.74019209170015
59194,40.57446784008253
94456,59.269575811825455
65905,65.25999616553757
29944,68.13006064693373
33955,46.85453300584916
66057,36.8148249537672
19317,47.998202781602664
21677,76.05398060775896
8588,58.290790732113095
64341,59.000513888813614
26211,42.93734481636728
48561,15.479340327397269
42063,69.23818755704043
40046,60.09066430128507
40083,51.927699838045946
77324,60.11211302599515
5599,44.41532264376064
27573,56.89894281221875
71923,45.2962095864911
23252,58.42753548411467
91416,57.08842352830214
77849,46.24376169847836
18739,57.66524428909027
92224,68.02622829812884
73943,60.07582924148564
16394,58.84910774661593
32088,24.591473902983704
28625,40.505308538984345
65269,49.519519958528235
92998,60.7344472072139
100972,70.0047733249648
45191,44.98463363278229
97237,55.20661368293688
19558,69.09067480339243
85019,46.12486254972613
73594,34.580477821977134
80175,63.780395950176924
60018,53.63231124427727
57029,25.245633134451914
31101,38.409185320859415
2960,60.19993454999713
2158,57.82741553501528
42032,65.8786147495966
34210,38.7709730500823
4766,28.02637981908932
13507,60.05135070156933
39772,54.352576272802445
28439,57.89669496931569
61449,62.621080362553755
98385,64.84798691209659
30870,57.98770877890852
57289,61.64196239137423
77533,43.09521719362241
29917,45.40005185041705
74870,38.27768764101977
98126,48.17191780558882
7977,23.848057775185758
10361,57.549679383004616
42331,34.83261928301909
2547,65.13613566596591
96170,57.95346718088363
99853,35.576449395387286
50580,55.488223132006105
36336,54.25018648481636
92268,61.652599444901064
90461,45.43722051111794
80211,45.683008592078714
45374,38.41478654179934
55809,63.131908908882004
8987,37.55354105128295
66186,27.719834560522354
55414,24.035146360645875
19971,47.03336895259662
89403,69.13707299815212
39518,53.34525039314973
4680,41.527015455306376
6488,58.70397629756881
24440,61.37284394675904
88623,70.01961245290094
31423,41.85861442625517
29308,64.38955683396067
46513,63.30936890952821
70196,57.804652031554504
24030,56.03798192614724
62314,53.896306350795165
80968,59.65562181616164
47571,49.38221613996975
40564,44.4510857258605
14264,50.26664635545349
19348,62.03196287851642
84870,68.65647869694125
95493,62.23715491545249
97531,73.66578636698519
102478,54.447129229895474
88922,60.99167001266956
49075,83.86771385016716
22872,56.228923381970226
72328,59.37330226660071
17029,46.13549659749167
44764,67.64597916260749
42870,69.03444695762266
48545,58.775297780411094
82538,58.68806078557515
90019,51.43336726098042
67984,59.6216878246175
48046,47.461279547181555
6764,52.14788677771159
12676,57.55434699510889
13252,32.69884059515725
35264,43.24223952081587
55112,41.88051167317645
100946,62.39108007844156
82881,57.82137908765197
94618,40.693938429328334
7266,69.4534377399363
49759,60.30967150338488
97568,60.20059887819227
48592,58.429705979899566
99560,65.15679332357537
92940,30.417036312651074
53,55.314399100439275
69030,68.44148032289621
85814,64.89315083968158
52152,61.23193233085336
101757,44.24141800175374
278,44.33612408675396
89442,29.51552045824145
32311,53.62805224015513
41134,57.345296619497475
75796,39.989065725837214
96065,15.823238260963704
66912,52.34068458243584
16621,57.685421971662436
55945,59.13962077363287
27695,52.89386733187948
19416,53.138048140661894
65904,60.36855778286811
82711,43.50336837781476
41671,67.26386685687432
60878,50.363058778785195
73947,54.00798057412258
52081,24.09254459191428
78780,40.7066988341709
249,69.0845357913589
49579,63.12483998783192
95350,52.03626420821025
30469,57.48288985504628
76502,49.12592547744807
2751,54.46443092514228
28852,69.40847911989619
61585,55.43154359811555
98989,65.45053557575824
50060,36.77006124533761
59092,61.10013241022566
100530,42.9391615356636
100584,58.203435112885145
82649,31.050109088069533
53565,65.7734884878169
18158,67.58614498170107
17342,35.274999946986384
31524,56.69964521941307
6430,28.856262607556943
42811,29.23001579472688
45894,58.265913494244224
89523,59.07115565227924
71851,58.90821857928638
51451,43.80353619142157
6517,35.88582065081245
77839,39.44834199265497
60030,37.99278540322919
63226,49.58745738930407
40572,60.39661677022916
98447,49.53812637086675
55986,31.869246297778815
68642,60.188740208858206
60997,64.64614686260369
37744,66.80557925344684
98323,59.273862457580464
51701,58.4416481964525
76421,42.87158431060122
16165,63.04326811818967
20104,55.90660540541667
96928,67.90128759282283
98571,66.39586891142865
51540,66.30315791104904
22386,47.34848134286133
48151,37.94276207044573
100482,51.69340841661493
34432,46.4748210132551
43056,61.79059148487291
85138,61.9717411076235
41119,65.68727664583591
3704,53.830105982258104
75021,26.37258061178834
4289,64.47315260061404
94780,48.10133925155693
67941,66.66171065241967
58903,76.25647702743453
21486,49.2514884607235
43843,65.54879040387632
10547,14.57755589974072
14549,60.54008803501978
10048,50.29523228149943
74277,55.82683016966706
10669,41.95558125101242
91734,60.54681192702087
73652,58.491611294535566
4931,55.86000537587857
14231,41.85663013368737
43946,65.1361358052382
50793,56.903690732825204
2444,56.64885094676298
39289,32.179095717062815
101068,41.570971269515674
87576,34.09584338979883
56546,59.525508707705846
33924,60.79357959264367
44680,57.80530083629976
28398,54.99853643325929
68256,65.06790736128663
8132,49.90340651942782
93806,57.544798658686034
1781,65.09212762432112
81206,33.48465963083238
13498,58.071390625726764
73400,70.24229754087888
99530,58.226286103896264
59794,66.72269592125042
73219,37.50173250005619
67763,51.16235606594183
35030,54.34913749557466
100954,51.92736884414658
59389,36.42869066080989
60728,58.56198624210795
11282,61.54149216734127
77751,48.631206288513916
90320,41.91295634145747
42849,40.28696148223135
1709,54.72890153398126
48364,54.373272304160565
12361,38.854969205131766
5071,68.09995508312007
13335,49.11884237175572
87110,37.89492305711448
84029,37.99638831977894
32970,62.54523300388475
80745,52.15794373211105
56415,58.84752683438367
18835,55.90511732507537
61040,61.54186763073316
94918,26.191890373453486
74296,66.40446323693999
59091,64.44535340852853
58317,51.24859516065776
71263,63.368136343523666
23514,41.525764573070006
86263,44.70252806438927
57399,65.59478792809433
9615,24.692016738755157
61535,40.844808285228325
52901,39.89736075588641
36254,43.330583628843904
4774,12.291427978115465
28380,37.95299610514983
100931,52.574861582882846
68377,36.35793457030832
66407,49.01992049552529
69462,62.741643717690195
8975,72.36789626531858
7835,65.82294554362285
23142,32.20761746844558
61704,52.71386928171176
57301,67.6608076501774
31144,69.86518681164182
96009,61.16787694606831
98648,53.22218143449667
26510,47.89575865261817
55146,59.188312702478605
5174,44.54581576221358
46703,40.90630332011976
66796,60.198747151818935
1334,31.59718278750274
77590,38.62890047251768
68060,20.581749078034914
86423,32.33463281313205
55086,40.34803378884165
75697,54.89282703276981
76357,32.43355660675579
11435,54.03493631374404
82137,54.067040824067924
73364,43.80670220782767
52313,60.25320487453811
57116,43.002760549513525
64018,42.06054261803115
47535,70.09958624348957
52610,55.02893591869184
75126,62.37203061548701
76274,38.58911393285322
79196,69.37088417146964
102512,42.02039121460841
87645,30.42820297800095
9307,58.44932763911117
25914,70.23550431829065
43037,58.85001906147546
25542,35.58041266407124
26011,69.71825271267511
44252,41.17272838536386
99321,60.67085645524883
79059,35.78999415447921
15277,67.43548635943067
15048,63.746494666692335
27751,45.659435344160805
28778,27.559460803326292
52909,38.33512723560189
86924,69.69821695417824
81803,56.9073442382013
9355,67.73726210258879
10611,42.35893243034827
9093,46.99255705227087
42244,55.12171227979163
3513,46.37290314267944
18513,55.670566154302605
62581,42.9882472134017
90853,65.49932217288452
10339,69.56117918865843
973,65.78557613384059
2681,49.58719326281124
6782,69.59789931892064
45005,33.87787915738054
11764,65.91051978933062
46030,67.5091256954274
65254,55.167048222201295
22879,59.67298234104108
92880,64.17789945045725
31832,40.39335469302208
80982,38.36894519199621
76665,49.45525110041789
75803,60.00006936335481
94323,67.048647196327
41382,74.03269832925118
68765,67.93332237642215
14861,17.467844430876617
12991,67.97852157854692
81581,56.7646925154707
49719,63.18301201448856
7487,61.42384596198156
95082,56.68715366166593
75868,56.2521758458673
83976,44.28312770384917
10399,60.46496455529067
79673,42.914314926089
18175,58.942426162468166
39825,40.906574426155544
8234,56.24350320443642
100059,61.065121312050735
11654,61.14687225919745
91625,26.20756629135092
28940,55.85637174829272
79572,69.49139869429078
21300,68.50579805091253
7509,64.32435505234994
74965,31.28633991734495
70098,43.73618510446201
96211,68.43468283734272
67916,67.49691831131142
80944,35.71732248203989
15851,31.090989075303877
18603,41.66998106824381
82073,58.536012246329754
49252,38.012950064248805
1913,56.7056250504837
39056,47.94529626424169
33648,70.15696481789222
79294,57.118233808121225
18486,52.59420394004415
95797,63.321938988505195
1799,66.55335531550787
20595,30.265934167697598
31746,50.31996764197278
5913,60.59802161929386
34507,57.25396020821493
48353,52.45501931251297
51431,62.30511947449158
48367,31.95862269694424
27236,31.222837163774685
46258,68.95792276434616
16966,60.44000029631353
37696,53.30674127651008
2757,68.96154936793401
60760,69.10610367088339
95747,35.01133515232809
28539,68.3945946626282
52632,42.171885038700495
24734,56.47006714428777
22791,63.456511878820294
68162,46.10360463297289
56165,58.44979180315093
28727,61.31920267984582
67366,65.89866180813961
2224,60.23231639508764
72320,64.97934662324637
41417,66.21968590651322
27462,35.66988039735876
22304,49.23001448912491
58760,47.2947240802335
21200,46.533121531286085
1106,67.04475269948108
58353,40.51464140694708
83785,44.459737473347985
21326,63.931887611763415
83677,58.67712209512086
59205,60.956996941055195
57208,50.114523661546166
58458,59.69144603356442
57418,52.179436168422015
41483,62.769736784202095
73948,45.579872168366485
28196,68.57868956455101
56231,57.974259880038964
93488,27.717395189975736
25958,30.161364603886064
52017,59.61205011309007
42151,69.43939501338465
34561,50.02321093099016
82871,55.30300341186875
74696,37.65463207448363
74395,38.67365153003385
73062,56.018581445562035
97451,68.5049230411415
47462,54.601629284365075
78459,67.76218881828272
49914,39.60355833305829
77022,61.455710462897514
41592,28.463418402994467
28104,52.324884269197966
77063,55.10802835477259
63879,23.366730318892845
72357,46.600321378852776
93126,56.80896898290371
59231,36.36320646005677
57860,56.39773053941086
90780,60.16454348758375
27342,60.18313556019089
4613,53.29174196416073
34241,40.7459440418012
87873,36.46628611762698
41124,43.50004381113314
62212,62.19949983905011
48902,71.38182297971395
79795,49.0765014076649
30222,67.7493205874559
51253,53.420701970371226
36092,68.5517322509791
39966,39.983916116670365
4117,62.28888302950787
72774,64.53299638166723
69153,60.54803487888321
59620,34.54946472370149
23008,50.04982267243066
26936,62.04735949318872
96738,51.571647849623076
61293,67.73592318362581
20964,62.72173585106737
94903,58.99388099361101
18091,60.92009603987747
53704,50.18120314989281
64708,56.26626345538733
85599,42.333214178593096
72578,59.132398629499875
85935,58.708801491189625
24256,24.37719729253608
45180,57.024321386519695
25889,66.15969942768407
28511,41.85562287802106
71109,59.255508832577426
86557,53.843680003231945
54925,64.4214255527645
1218,55.76043902787979
32624,66.66536313382652
68042,60.8407901384794
56336,27.677251681242296
25503,36.280899164731665
62010,47.6882419984843
57690,69.11517048331933
77217,51.573292117472846
26464,28.135297548614822
29052,58.1616790325885
48149,58.71529198487519
32828,28.414426658695575
74906,55.253435136286754
75399,45.74831630388004
7199,29.442128069262306
47268,56.76311759957458
53841,38.54680226163843
39530,59.051586874666576
83111,54.50983698764356
24878,67.8400720771246
38825,45.15883416558895
65350,57.34891581620953
12727,65.86626372284555
61733,62.88262011633562
69586,41.54765140942931
1507,57.21469571584528
74873,51.307178182174496
68779,58.69797231735398
28508,65.61320719179415
89463,64.16878948364685
82429,49.85420370636422
20910,40.135086091300934
70171,30.72496757608326
64704,46.66756987966751
72069,58.5183009618309
57712,83.83004676539805
15632,68.99681428136502
62831,35.59143781960508
19815,60.39093912833022
87767,62.09489990928435
11983,42.345414598005874
89978,42.064440164649824
59171,51.18428078330177
35248,37.94401572811856
79304,61.988510031240175
5480,57.090187056851065
34942,68.81855883824375
65629,52.99306108519768
63248,61.991106501231286
985,49.65411353967813
847,58.906828960295755
41932,58.2142284167132
76182,43.171290973587205
60668,40.6800862394965
39690,58.50940860396272
60164,46.86370978825998
58027,42.05621328657267
95920,34.32810046695007
100242,56.233544142055514
82506,45.10262137570556
26494,68.91008855457723
16780,44.926033154970845
50713,45.25852775121527
45438,59.97307010311583
61272,43.25633249911025
7220,11.25857329518913
62460,41.59143386339387
68774,58.94289089916618
47375,46.646317003509274
57572,35.123188953555896
46354,50.32852956543159
6960,60.673085466988084
1188,45.7664580601999
38247,51.664267292113216
13278,57.28872247667321
44946,60.28377382886756
52191,40.00348689822227
5052,24.95631321617786
23180,51.85479698855538
48230,58.712603916275164
76326,72.23539626531857
40067,55.75159658644146
30585,65.98172655979216
101712,68.82435959121533
80476,56.320787329188164
35121,54.17368256492354
69871,44.8463335945928
63221,45.64218890226962
85015,50.40172608196585
25204,33.3296149563455
30686,49.45623477264293
63003,59.762049711681975
44601,55.030644727073806
73161,67.64260745893048
8083,44.17847517384796
36655,56.16540376937958
72698,59.624592122857585
102286,53.323957295194276
86992,54.14291085775313
21663,55.34002548161971
51136,39.71363227282776
27205,58.18978599911494
97631,58.44242374030019
102176,48.37818997311897
82390,38.80697199318176
47000,66.90113520231984
59054,52.172888498734046
49798,59.178404695434416
15858,61.8986037335573
25724,29.3065106520607
56537,50.008523325591895
30518,33.688012376581504
44863,64.35510529408461
40925,46.010893156798105
44547,48.702721524172354
35776,49.109388438081766
88672,57.02418367740399
59694,61.016359357412014
81253,42.315102030860764
25269,49.214225516391004
35493,50.33585788557243
18881,51.954016066277866
75109,59.57568209763434
70838,64.62358961067515
37169,64.21678249499605
85366,42.40997429300427
62969,61.24232131383962
52334,38.64772385229444
54262,39.51195834205973
49144,55.3416943211724
24506,67.05814505551336
51742,28.62822147017226
73418,38.21215317077668
31169,55.2004663698074
23667,46.97865789300097
66663,49.858660137631304
62993,63.99922152583504
69517,32.27846581181478
61063,42.834283195765956
96859,65.73622284130518
3649,50.21734560125528
36327,48.22743676615997
57497,50.198836138433606
30331,65.85836317407428
59580,56.3074403896261
90473,58.71171189812623
13704,59.20266457264172
48246,61.23358787455757
20220,63.57126871784956
52685,59.85945361630499
94696,43.198288224256274
33151,28.563417134475145
4033,57.5847395220517
82472,61.613085160649625
59618,59.78216866777585
89895,17.58834098214183
67361,44.49928554479903
66525,55.1029320644997
367,61.061319818266355
66814,51.3831025533586
54732,58.3616113663965
82849,44.22324280531747
52769,65.87491291970849
70267,60.38642252815705
63647,60.853731382809634
28372,47.49480481580922
69238,53.17487693410284
28124,65.27186987457895
87410,58.79730666037767
93009,42.830862291229124
14885,39.80771394925271
79640,58.79124814745894
42443,64.39320850098184
80199,40.76447764268109
40662,59.639401072170784
50353,43.20674412310021
25646,41.8229733335741
84413,20.18619794800005
20880,36.609453238092875
99054,53.62692443143822
28227,35.78962764598385
65363,46.85438522513725
23366,70.07117164300762
4771,30.62463736532384
73593,41.88549383801612
93510,57.373152592600555
1100,49.4706166897011
32440,64.15216086370104
6732,70.09806393547228
25593,57.48774104528477
56364,66.04965658677928
34487,42.457308660832595
11303,70.25435001241216
6312,58.4575317180013
76877,29.099915904229743
68184,58.81692288410778
59552,34.62265613026577
7608,67.73831930783048
67296,47.54687420630021
83743,58.800640386459634
8025,55.69736001732431
16553,58.287517535544815
75281,65.4706356204427
73539,41.211287581939644
85584,29.842387413968446
35847,54.76851360630015
38581,54.64534497032994
13644,39.93969377250241
25333,64.57107863740941
62137,59.559143732057215
6439,70.05171613316251
89017,42.688611250080015
24214,77.08541868751769
97702,25.3558924412234
82522,23.62642912694358
71901,60.21548549458882
54056,44.688663679292674
48024,23.63995163116468
9317,45.4976095373888
90865,42.17048237345593
13408,70.29839052936285
67915,48.642635274672294
81870,64.62358961067515
66077,66.25205537148193
24997,62.96960923626083
39743,44.53491163775688
83362,56.58856211518404
35242,38.70903129464785
37990,44.557581837546316
33471,45.473832965916436
71136,64.90696392356129
46432,26.931964756729755
80239,50.23084967903602
71960,42.11482837477017
99635,58.404736296589874
19353,50.73937566738864
73821,63.72963580954346
90038,30.57535647510571
54082,68.71435868514534
12575,46.558099909134214
25474,61.20887898583451
91641,29.580518990934646
87862,53.9360759308645
22084,66.2770428220559
91605,60.32949250493306
38591,54.40956616314018
19100,29.292774579430265
12359,50.179474257587096
87822,57.31753337133578
98834,34.0916806821955
45286,27.6644830203903
69780,58.95371865206936
82354,69.57375406348714
79151,66.57311049880255
8788,56.01076235846147
94125,33.74655132359709
10457,58.77675170888463
79575,64.70584349042596
31504,42.47489072897042
93880,48.53531838741212
11231,68.78895948673407
80029,43.90416376754736
38004,53.68601816028754
101292,60.386420190251165
97110,61.56767085363762
51438,46.23902877591289
87908,27.963806899539378
91159,56.514713525268625
67700,68.621406000078
99621,57.10757405674577
37104,60.46120611420247
11573,44.08151026164503
52585,63.63849083761251
60511,35.82306049150155
5565,30.122329400080005
21422,59.2609290191374
10997,46.59411486981443
57055,64.9408223409228
30060,70.90264492470573
96352,50.9925824668522
47325,58.44121389681413
77929,58.451179853096
61098,60.04297053136559
46277,33.02747479652551
38431,61.115964114705946
9237,33.699745412545354
60651,60.727911245449235
17726,49.57653126967821
56150,35.95219335540598
47005,46.495738924804535
90453,57.40617291638554
11855,31.79614895719903
95759,45.16238306404329
13865,42.60801053646155
90622,40.396555094963084
54482,60.70031433981328
19539,57.25836437620867
71106,59.97212169939076
32839,55.80398515089633
18032,64.68817702294993
65008,68.85575032364716
1309,61.25340003659945
31896,45.474026772470864
51326,30.59506587225759
80593,35.642149134157165
84146,57.323653820076835
1431,61.21388268249147
92525,44.51914243308185
68567,36.186311489158626
20661,29.62735823329506
92040,58.024133335572714
10588,65.63291018186278
78300,64.37903724253249
74679,62.5181227523814
96802,67.90859292213705
3504,40.986081137241634
39598,59.72680313266165
46460,64.65937791933221
6112,62.88129711241429
10231,58.554728730342305
550,31.9927998148026
5568,48.84341357260495
32287,59.562450076158704
99141,54.20452383865054
57107,38.28720845449293
70621,58.85197275911136
41259,44.69414374041315
98348,68.57868956455101
80790,55.73783821264376
6160,39.865155234040735
57113,59.851210611148936
94081,54.464797372804554
69345,68.85860023645971
62105,61.70232157639489
102617,41.76787551056937
99051,47.314613979881614
58890,21.074720143063242
21249,55.796198950850595
26489,52.89002196441895
74976,54.74318649962984
23457,41.84620654862908
87175,37.353564616302926
59607,69.9879135991068
72811,42.44081981404855
50703,49.92401901241078
91136,46.16872462777211
88290,24.52972861381188
26630,46.79640736250837
47738,44.9359928961708
93090,65.71971601688895
24807,55.12641408599298
35672,60.47265092746611
18234,41.746048289374684
55225,57.96378475118113
49090,60.36011451793595
1204,25.710570581732917
61155,47.08435189214252
80542,60.26911357656308
29818,56.35840008363215
57519,60.54983006769209
19089,60.34920327342992
62984,32.15051516331966
3050,64.16493126409753
6202,42.68662879431362
14718,58.6340142684652
24320,69.46397295737341
20465,56.483873348361996
90914,66.68349613748171
92278,32.32999670269186
47824,53.85889855398371
102351,40.59880798604951
60609,60.784555510742386
13173,68.91000906686534
92923,49.964313127195545
86677,49.83350532344489
48868,60.57020343857282
41249,52.6062295504368
99346,54.51802589553378
23687,39.14328774224785
66587,46.83881316424665
61142,62.63311542537291
2856,49.21782965476947
23490,46.32262214646104
24336,38.30054301443318
42514,53.360005583505654
36388,68.17925165667447
53564,57.648608080869515
30575,54.20339675482403
8395,59.987671138420986
6471,54.87534342472003
59907,54.12892053427267
12522,72.27775758404492
79339,52.233262819563905
14576,50.238147968236596
38197,32.059803115156356
52726,55.1372353879547
90581,68.38663360349813
33498,38.43674310546642
41114,57.50482130140026
63253,60.58872763876067
53683,49.036134562694194
48312,50.397473403912564
26732,58.50267198332958
97414,59.507936731431656
21790,61.95389764635086
94872,70.14189550809262
10562,69.40847911989619
77432,63.20207895347131
91242,59.69490618722686
69604,46.62131157921142
15657,53.61561156058759
51262,44.739081026309385
77190,45.55973762274309
100200,52.59115383451678
34054,51.481847509331104
41911,59.61094336631965
60082,67.90253537701552
59107,59.96769033760098
31273,46.776816309481475
54802,45.45932426933713
65714,54.85446382812198
4440,63.60936421895325
97225,63.37027536684493
10244,57.060500806579476
88363,46.81298595665852
47233,57.71386626428531
58344,61.47746780080534
83514,57.43314229425787
67318,49.95932140270328
23909,53.706249654749755
43607,53.543546030413864
9799,68.42369724663573
81732,53.75279308662801
5730,43.40555725613448
61081,66.86274611499239
29727,29.34978733513929
79075,57.6543266733278
47513,59.56621140513854
13526,65.690686012984
6068,51.828735865565825
36405,69.12867093687632
15977,81.69736595698294
35007,62.54184767162722
49376,18.198336905783982
100102,54.65144066969402
46400,44.22244633377109
30085,41.32366511184089
45969,30.183194145889146
86417,48.20826940930484
72375,58.83334679258678
5054,61.74210711750018
6415,33.14214494289316
98884,65.94830754014559
91032,46.01871931604202
41968,67.76418422574656
42392,60.90784939733176
93969,61.791492631804175
16015,28.308239734793236
13586,63.69146323556992
5262,61.36581457560508
78966,42.35775891464116
40811,59.83502617214116
73878,45.03638721141714
66381,40.51428222000632
18021,57.47425730014058
90922,66.52806587043982
14595,68.35820023003681
63726,55.57588611786065
93225,45.27938495772913
29154,55.364153295048055
42390,60.534186940926574
55368,57.425920293191204
6183,59.50772380528652
17036,70.36882332257065
61923,57.44602785220254
23373,59.01691557358712
5470,43.70798463609026
43029,45.361521812889826
12491,44.92073541004177
28073,51.041705450522365
25047,55.875854355142984
21281,43.43976550493434
13678,65.88454242932995
45886,61.79079333177906
1331,51.835748583058695
91867,34.66173132682749
51968,73.0903323164895
29795,57.66565742356279
38738,58.503603936535434
45612,66.17763283179508
102618,69.6412837021482
38892,25.9744210302179
36119,56.47252323325876
45993,48.12261973088799
97595,40.36496902745664
48311,52.45598499818101
67132,59.26035519946124
82474,46.28340915265617
26222,49.05641725948435
45444,72.0411292143375
8585,59.850596963289824
25255,27.844987363994345
26088,50.57925991523816
30756,48.970655102232975
15308,60.63187032815749
3443,52.25186177917693
48503,51.641835466976836
80197,34.74069107103509
8444,28.912253487684957
41481,76.3792002910958
41495,54.225744128501674
2296,59.81165298278971
13735,60.00006936335481
97634,61.33156769234058
50966,56.51417482294791
66383,66.0973636540587
25294,63.3497561908978
44684,42.04769516952772
10417,50.978801738755664
34852,67.05239768754548
2820,53.02431082058694
101780,96.68856192012288
70628,48.611998959493356
55378,59.965165294737055
55147,67.12818331454406
5916,45.500105792084995
85585,40.22287532035255
65177,49.662964569168125
30024,33.99069978071865
90586,53.79358254455652
67491,51.03596445494056
14618,27.61264634873696
27001,67.12798746459934
54558,35.87349359950488
38747,40.47658715056042
56001,36.81414487407117
58394,57.718107169775955
61498,41.499565454899965
62039,68.88448075358505
53060,49.185419271284175
102090,51.12906377879174
55318,65.90684709322046
13201,42.044247960462926
19732,29.014720633428027
45627,32.99864325251892
61640,41.34901794361418
54305,57.10842262157936
75003,66.96351838372219
22859,61.46537406237414
85662,66.37674928148564
83345,45.28580942607992
34890,54.217978276314355
16816,28.698976653728806
4586,35.91923201464956
43566,54.093609187455705
86536,52.47454154866351
71837,41.79254962707462
92547,57.76443327754032
84240,62.43039980454521
85768,46.49970663081072
25489,60.52427070407778
78032,75.95235806388615
8626,52.565986693665444
7500,57.92466655309081
46865,37.5248744029227
86612,54.0196781891712
11969,55.54739387311446
1359,46.22224455525804
90003,66.80989839116454
97772,56.10164727020456
32111,41.46131140480415
5076,69.30442760644722
24708,68.84176834539825
76729,40.18846491909594
39049,47.079145664757085
61415,56.610639966316846
25059,46.4172000530887
57496,63.3664496986316
41341,53.95131165381025
100014,43.505894127105066
1262,33.50183666530517
52604,47.03341169190701
1395,50.69965964636462
48529,48.56749557652593
6598,40.5916076352361
87571,68.81181806219585
2162,41.67253103349159
13439,57.959066898677946
74248,67.7999503315471
28415,39.41260934901915
74578,54.68134141649605
46427,72.09480801904243
32615,53.87643356425922
90374,64.87529632250147
53298,39.38135710358936
41178,49.253351239466646
34287,60.4248954741109
74813,47.28597679170106
92636,24.562477738145212
68235,32.456085198260304
94937,72.97400941546326
32122,44.15684905751764
62995,57.512199595524095
87914,57.7721340993553
46546,39.26908651545079
51673,40.8290559107317
57676,55.626766775745544
20877,41.67964965265632
49401,42.209571876827695
31720,60.16371662109483
24778,68.95410835025116
42601,41.72490545653327
9436,41.22398755031886
65491,70.8995014744736
86143,61.000616391836935
55100,40.820760453811715
100429,68.59623900184135
74418,75.04327885300064
5911,21.344622295549
90319,57.42945698891004
38529,69.43901978078561
7625,44.58385895426254
52721,53.56874116945297
5636,57.849548947163676
53460,66.72910522644952
92144,69.26791917973463
50095,46.77539686526997
34692,57.26521016457367
74566,67.84884563730398
54297,54.44175292272248
90046,41.10690221809574
88860,53.38609331038686
63881,25.317785333633786
77434,32.70820718317299
18134,42.91325655896525
43856,33.80043790952106
44674,55.303434018390206
62272,68.71031729868798
49199,34.62031538019798
17693,60.16770248966599
24192,43.025164780579715
19650,34.95374303817236
42759,45.29886630668894
85682,64.51867529257322
65865,38.63118936530327
10018,67.99241701940586
34277,30.437585762407306
65389,57.87554730011973
30027,59.87399012074152
21971,59.752905299172205
50618,59.40259406322443
97012,54.10261375816686
77973,49.19467784468929
93059,59.904676573399264
259,63.46177475639189
15253,47.192954530768496
88606,42.339570709581906
54208,59.14419184395319
58567,40.060281226825765
24808,68.99135926611041
78795,59.833696544555494
15055,53.501850330784855
28462,53.14915956426082
47345,46.63670116452346
99552,68.03689226003405
98797,45.641527337782016
813,32.473600414668375
31005,60.15997459299192
70510,49.120550866953266
18558,42.82431245803822
66400,63.508226653541854
34810,41.424334535271825
84257,59.61094336631965
75125,60.3737808843388
89072,45.9841428210325
46784,49.86511769395945
28501,34.308443462398856
101725,50.78535758802691
94578,42.600103045330314
78440,53.66479141485027
5218,46.87936501085367
10661,56.526862893564704
62848,57.21214147046095
54306,52.91206501135839
86621,29.37230794155123
56666,53.47529407291378
87030,63.52300315757602
101110,69.3483626682866
90765,26.678577508841098
34880,31.27710434048142
99525,60.563300070602565
59825,39.23424546094904
97835,69.78706350533547
1456,68.92630540245645
23960,66.79391522144216
92327,39.241256056667744
80020,62.31480111907151
67057,61.72478571762918
77082,39.01470597947585
100369,24.080900398519457
75381,66.0443893408305
78893,56.03221169067601
99565,54.64808952783282
68463,66.77374546503842
25965,36.74276879572934
1521,74.84169466612973
73128,61.548674638898184
23466,69.47468293665122
46565,67.90128759282283
54210,63.0290725398654
68572,70.03350455823852
97439,40.17197931507981
54728,42.86488059111415
8993,46.3766615452976
86452,37.54649490139407
36895,61.090205425403155
64001,59.60526511941689
102458,26.291446223919916
69191,36.866092278191665
12710,60.1518765846544
6985,58.441439046088206
49673,38.450512090805354
16459,68.67339468726954
36343,55.781378953438214
38889,54.20827785435232
54936,54.143363040089945
29628,60.41479910888328
28552,43.6451388485542
65147,46.3868359443515
75602,44.482467863765024
30362,58.29119706259042
82803,46.62462850313277
32271,53.769509971636396
1604,67.55761455618179
19579,45.39105998918334
63798,59.157930334056225
87639,19.354691419500014
20084,43.33092071254096
47703,31.778539646066417
46844,58.09110253925522
54157,60.70601902845864
81272,50.03645093941417
65012,43.22661080986305
61480,49.3175714516874
87549,66.66597704411714
64529,41.96219470923627
36930,26.429325767783062
91059,45.792975964849155
101305,48.371880925440784
11838,49.14965097516668
25381,54.357433760288295
36459,52.59383478563846
21778,39.40241774725481
29750,60.51215208277378
13812,61.46863576064671
96260,68.66150730715256
59775,25.57003419965257
65875,63.483848725056205
54892,56.585528554873726
70043,54.402166421927426
81871,53.64127093196041
18267,20.866023496844008
65602,57.10451664775315
67818,57.85764040496055
14498,59.25277964869916
35837,55.292119054752796
9164,34.4824143270997
85619,58.0389884077588
13438,59.98193984169003
36624,44.82986053530239
28422,67.52360255501428
36574,61.579272262790035
76110,58.28467361038951
8970,56.66079202844328
79200,36.74801603999316
824,56.97939501849653
16255,36.01176169419176
42674,97.71702409679241
59686,45.383007581162346
60203,54.97245047925372
98817,39.04394245936882
13565,32.00525568948379
18409,54.55321775916987
97353,58.7169753933645
15945,34.77436746321022
11791,42.985906914099075
71344,41.96399946581411
39866,69.1698075355198
8709,50.422881486423876
5032,61.65862191486352
10036,42.07439889034531
46651,63.045457598381546
48621,39.33396708969778
90267,60.00054500913606
21592,43.203637466802995
21370,57.671658961941304
63145,66.82244484307691
102297,61.17622725375489
31232,39.218115383553574
72545,45.58904543512844
32562,62.307931511501735
90907,69.05800476764483
52301,48.06027094462045
19147,80.73938203907159
6373,69.37088417146964
8547,69.6318725953734
75164,46.452807990446225
42345,63.11283350170995
58546,47.655772291483025
65073,54.75275436859956
68629,41.14135483498084
65926,64.73597798238458
20101,33.06380445070511
60104,61.29553950170043
79665,19.838283749735517
12521,68.36576552643072
13269,68.2697248916529
80075,41.309809851031325
76453,42.69896290891686
46245,57.20803427303122
78681,59.484454039341216
69572,72.60293287401446
63137,31.09864186735614
91394,41.29560848169267
40112,67.49765429320216
85294,52.29287372958563
72874,63.27147493459286
91234,60.07667948113499
54094,55.154431002168536
62146,37.292103919072176
36719,51.47500078158236
73837,39.59852786087162
52994,29.954747904260383
23054,46.940537443210694
8081,50.071579395055466
80761,41.49266026570983
4351,70.2653784404875
16396,60.94734183091916
73106,46.57624486260514
93720,64.58197692261315
29870,44.84009249718696
89535,62.369636575838534
44651,76.05398060775896
60608,66.87479799825319
45683,75.94913933791769
18726,62.65396897437212
67633,27.035452192336326
19007,52.05815781328242
67430,58.4808503635947
80735,67.76980464864832
95840,68.98709084591276
77153,49.761280808326084
274,60.53216304541664
33245,69.47468293665122
43457,46.981848246274396
13552,68.95189483573647
43476,60.29578987563638
34372,52.81949233252476
78871,46.96364799340524
3070,53.86083400091115
94117,57.108723203114465
33552,50.38633070548602
63406,61.14733696694433
96217,26.523703683892403
82387,68.87190420261213
1052,57.28580672952337
43442,56.084070247604465
4309,58.36973545741371
77689,67.6844193829111
25707,50.283215891670224
363,55.90551013040427
55956,61.72382699264349
9477,38.219886195219026
82869,68.14949703305305
77211,36.76417032581428
31050,48.34659212874914
80752,34.90091266915856
79067,36.58635177704762
5611,57.240118610117285
56393,37.778046953152106
52672,39.2481381803879
78592,56.05051540209204
50498,76.27978452190128
94197,42.02097783492111
31231,37.03780969767644
98697,69.00864124364017
63027,57.80405169721206
3598,53.18457973495811
77468,69.35760971469297
49986,55.67160339740247
19858,37.33803386427439
254,61.13141284413735
95041,43.879655604177024
22122,69.49139869429078
7195,68.19847739030513
7942,43.5099880561611
25183,44.108677084032095
3026,68.3067620713295
1872,65.87363878458501
46715,25.15159775703286
7526,60.519695197010726
98038,70.20864342492735
12583,69.430060703594
10916,28.11392872211573
19806,69.23218548460719
64591,61.32392660582612
6225,65.33453713354034
95253,57.40510604030835
2939,39.63874089727158
97004,34.47432982357219
7427,55.44991256697286
94884,58.83080171991521
15600,49.07127246179945
60291,62.49644469078056
12457,41.22445450430372
42723,61.23193233085336
26833,61.18146961849399
37569,68.07926740854612
29517,60.31132626543117
20092,69.00255826934998
94941,48.12686200181249
64264,66.9538534187091
40011,68.74901936715773
102113,65.56681802258268
58437,58.4647459780632
101758,36.33022644995181
23108,64.76518277727247
41198,52.900070082472105
11178,64.34516603413167
50140,51.167071969083146
99496,67.23801772836504
47135,35.44846156059596
51502,57.2063695925885
87689,55.31531138683136
93264,53.736951025576055
66947,60.38150183646605
30211,41.923840598416845
23461,62.10719418315921
67762,60.319982561910145
23080,59.997321244088596
62124,58.05447631318546
10006,68.61117144149424
91363,58.994206159669645
84248,63.21623969127862
22973,74.51742095942676
54219,35.87062772047844
2886,65.51298334568536
78902,59.025274053588376
61321,47.04441305658441
50854,64.31027950124846
4273,63.09609464725782
20266,57.71055860019095
335,41.17828571337295
56278,48.753045350783765
88676,52.735914447387906
77912,59.62893492072528
83245,68.47208384462925
11960,27.957695330459874
27332,43.99141699162095
4607,35.0721128935981
1598,54.526532924676665
76331,55.56966137073375
57686,61.92256751313474
29209,66.97464220070849
29796,60.542986570257874
55099,64.84925153613413
48495,47.7189269603165
99031,66.20423105239533
60575,57.26659047958255
99442,52.682482154990915
90741,57.02340286540551
9868,64.03940505867277
41004,58.10628583714829
77549,60.47795269936364
52245,34.222940865495694
102154,59.04691861047014
91380,37.02139571856648
36744,33.88633387650207
64534,40.555028229153095
67314,83.59821385016716
8122,59.63420841210086
71657,45.67874187979535
91198,44.77822505549427
47670,46.43676695906317
88113,58.77574023210349
14825,60.58872763876067
4541,34.76011055824687
51925,52.467967046699016
54510,49.51579577316478
7201,68.93584465118606
63463,22.63675799090254
83293,60.053636115424645
91551,19.980936133007916
83409,60.87162567276372
37531,68.44726479339707
30628,66.92234325172622
47504,26.961295361197227
49202,35.00832252723361
26470,42.53095341321536
6649,60.351116764430806
49676,27.202346814213744
76426,65.2785814807542
100436,41.88693697079289
85441,47.56363166050557
75301,54.09255887397334
99485,68.81855883824375
65372,63.288754008193884
36672,41.821234203473985
32473,56.6067238445318
27587,62.19196769185104
77612,62.1139774962615
97691,46.819899912631584
21338,27.31720641715059
100585,41.204128417065185
27718,57.35267056133196
69595,31.41839850999044
30183,56.846409207820614
85253,40.06636609169804
71536,65.07612955409263
79057,43.45910328189236
46867,44.69551007579659
66547,58.71379036881853
18164,66.66262857008229
78808,56.15732086793878
74853,67.29399078848157
78181,65.34478505789102
84572,46.478079398923676
68802,34.286581315602156
74383,55.55276884123772
63043,18.612221147720412
91485,31.705165995778533
67255,57.236826293691905
80040,65.09876475462838
76238,53.817336407619415
58565,46.47467284965394
43340,31.528980691306856
3129,41.77266867182497
77349,55.82161059214107
14289,65.78088004012224
24454,63.9803848458364
82895,45.311309941156054
76475,58.10485859328578
33442,37.86548811481504
92971,68.29046017898614
42314,50.588314779976436
81540,75.0206997562751
9395,59.40584630364918
44065,48.782834618799505
30127,33.21236783108851
85092,35.73136382662071
63777,56.4275953283187
96060,59.31608832929954
53523,32.598368754467586
49408,59.34349456326382
79812,61.28711251360144
48996,57.82701339305939
44173,56.78621196229002
72337,25.28847224125992
21715,59.563826338793106
68538,36.48562243197668
33332,57.323338737061285
78968,52.658158010929064
64350,60.242127616733136
40784,64.48697677586881
25679,54.64082677467592
95134,64.46644760700377
51519,67.50843906171927
11346,40.534024079169356
49088,64.95060894693204
37398,46.17377194649823
79175,36.21079909193591
100153,58.69427287846129
74119,57.352199778898985
61907,47.498926420044256
8556,28.4821749073518
43395,49.06160874039624
37461,42.87982437659213
28108,44.339920287911546
81691,27.47098799016578
20478,40.5387015001673
39107,69.06554280454047
88123,69.43363985240966
12656,58.99466352246905
45031,53.26727518992807
60928,33.007649475162054
76198,58.356303008316274
93946,62.0876204854919
77740,67.59689195203329
58584,67.98681952749384
56873,43.60599379801591
66075,65.49382032458662
31581,54.58761024554879
36586,49.94794293604492
88510,25.833896968243597
50799,59.44737966585642
62261,44.17855901459256
85315,32.34749218663596
86750,58.43680611685417
47277,67.4782462233492
57506,39.96883308045529
97871,33.27472800131076
44937,63.0558367295962
16601,40.155865822650206
39055,25.786352059619734
95697,52.966598400582335
91275,61.43047865681098
92191,64.665938352883
5339,47.057541306445266
87515,60.82352271041619
81726,61.85609679499341
82180,31.484475728812527
35813,68.22664611080327
72943,45.47117520472048
19911,59.38923360845164
35890,59.93364450414436
33876,49.0871218097725
4543,59.96871225210791
58776,42.38433627159316
82091,33.34076483741617
9419,60.89522577055996
20607,54.945028145379155
47951,34.13957607742495
83331,66.96250263438169
63186,41.39927099216639
80335,45.563811996265585
82535,58.91753972045416
79488,29.883683427637024
55808,44.31991846791778
3370,62.9859375575507
92054,63.70596815376461
91911,60.55639160553755
93676,64.99117892755484
27790,60.979369253915465
18604,31.676832042539075
5797,57.89567209207526
20370,55.6564051906762
74593,59.60351852384939
53942,55.26996048041642
102654,53.613559207266434
48287,68.6613164997607
71819,63.278182560217274
63586,38.01859388531484
79011,49.3444621469682
17983,68.68347562860035
45509,56.60168205158372
64786,60.27459575959838
59082,64.23906261712365
24866,80.92228894678075
5450,55.83388398045901
102224,54.957476321669695
80877,64.42044084934874
9804,26.2529428659712
18790,54.343960599500335
19012,69.69821695417824
6045,62.71792771687611
66613,59.596160928470546
11697,39.8802634892767
78546,60.884167112211614
87765,50.71626017954815
88307,65.7323745226745
65380,41.290941892896356
19642,65.30969151051322
56321,51.279638589027506
33064,74.27038519321083
93982,51.83143336772276
53085,56.21581244203922
64903,40.46712789006148
36968,36.316518630411366
93,69.25699632599125
14235,62.77928735733879
59051,53.76218279547898
63831,23.370906732082457
9824,66.86223206360667
86303,65.04347855821375
39294,68.9836348054268
5516,67.86257215274053
29443,29.984039575635638
94614,45.14457365214587
92599,24.564324297743838
102218,57.30376366639812
3355,68.7097268274011
78394,41.22236517148732
97034,41.13763649567493
98012,27.528050136538926
14875,61.36581457560508
92081,47.701296539573775
100986,58.34607924027273
31694,53.3871246967982
84967,60.529036926092424
41232,61.25132114396738
82224,47.36668797072717
32563,68.99799349388958
54290,46.2816295542078
85355,60.2070093170077
84116,63.46424151580835
40855,30.744028311456283
84416,62.95589863771406
40015,35.07512371058915
48912,33.069744577417715
84978,62.92239299758944
14097,42.33067916380708
77490,59.87590926775848
43304,54.63028252401724
89437,68.48610605595177
81926,39.271520676499215
3155,52.41574972618121
41602,37.7298266885332
29383,44.10039029615791
101752,56.710811566871186
68726,61.8543877576607
8362,60.37709881427391
27713,50.6491258640652
75060,42.96394654676399
101655,66.90943538667348
24507,33.7991494236947
49792,66.65210625506985
32635,56.54813767021019
83193,60.08393986591408
42993,56.501804602250765
24125,42.61125823019949
34578,61.68732439368318
64732,55.41678116459606
5978,41.24587538389188
61521,48.61808308586836
58956,56.690636756578236
89837,47.14558790199883
21954,43.78152195373724
92176,43.92441236660982
66964,46.946599117839206
55697,67.64801232010547
50439,57.90757840964034
55754,42.752698696124845
11385,56.634500326819925
59523,63.75724606624319
66228,69.23172843432103
77709,58.1344601001092
48753,42.27674841074295
13213,62.55636790720095
51516,66.11016032345155
24763,54.09775185474505
94188,60.766475486072316
53167,60.53464631149488
5472,58.270808214069675
64914,59.403647594064076
55884,49.295901791084596
91993,58.33086597159966
67645,57.88175992840492
15560,69.5992187041941
83950,67.50766434208197
10033,18.712536641442412
18271,44.01415951568308
68236,56.2855503607922
55424,47.39129244161098
75469,46.415276644526486
54531,44.23962714671607
23387,52.472557546302035
40946,69.47468293665122
24208,64.91030564325251
50655,51.51699272777457
69172,40.0636321697943
23281,64.6518930627006
38553,65.88241887082833
99083,68.76368797710394
95004,60.460958852698475
66950,44.50497977650113
49133,39.89086257689707
38057,69.19575289473592
41883,58.82237590886716
27864,42.20088966171394
1332,59.68849268667761
78127,58.95991043477527
47455,81.3678972297153
17554,42.08330441922644
13454,30.443310269537186
14056,56.21323655855118
22287,46.962160085266724
93370,25.594426185861135
42008,68.58812850540329
64505,39.69120910825412
84960,61.9786232809539
11472,61.062705129309286
67319,47.666797797357376
36740,64.26263675402113
28622,56.37062505901236
38380,38.745648335557114
16883,59.882754061745025
8900,66.94801910300309
64125,66.79457093452436
32325,40.973877359638436
13350,67.61456039283951
54063,42.9748914837224
47983,44.02293471670746
73188,47.19470752584906
26262,59.74749966225623
15997,49.65619400106859
72522,46.930462638980835
92867,42.86560497621045
4913,60.7324102002998
97663,58.427169271712735
49773,62.273017672297016
64206,36.05067916384128
101581,28.024952729245527
14610,35.391636665280956
24018,42.86111920196289
88420,35.03227022090101
82860,67.93422373660641
92549,48.512987048223174
82765,35.52560863728333
86566,43.99993903793113
84112,42.562201500750135
96553,50.12246053816983
72861,48.662678138204576
60078,64.5315118325956
42880,64.38219742137314
30802,55.06099927802025
86237,58.391195580577076
14210,44.497152367054696
40121,55.099378401479164
44470,69.32393606553268
22300,46.85241275680788
57050,59.88068349080814
65386,61.52083810594907
47699,83.86771385016716
59637,67.80490436324071
18868,69.28821148876769
13370,43.21279895049994
4008,53.10768903337917
96603,26.765133573572907
33069,41.66669625678723
54479,54.98504698234062
8569,46.26666619544068
6702,59.97578255799001
79731,28.77988163265031
54241,65.80990716928952
21242,40.09406215144838
74592,55.738712027403125
741,54.99139967442469
35225,58.67755043609232
100807,39.22874375271823
24907,61.654861353718964
5660,69.37088417146964
67137,57.99613279504416
57265,37.16201956970769
60460,43.488264559083966
82135,70.07117164300762
30465,57.772027652902324
53513,51.16246080857725
98434,36.27027336652019
17663,59.78320717423155
92389,41.86266642360217
89846,43.596158822985416
14534,45.63028050555172
16241,33.500694257883545
89311,61.45651191976066
17473,61.159110888886396
52684,58.3154497472483
78989,45.4139250944815
20526,59.21500693962905
50437,69.39417973603513
85529,51.686632058697704
32515,71.37084471884438
14838,32.14511728846903
26778,59.77901735338378
54886,50.72155074899179
63412,38.65494881686128
11932,69.5992187041941
79897,28.721174704563627
74722,60.10844468794212
4832,60.34219444564052
9902,34.471914284893316
95606,52.94798114910483
95805,47.0926341418442
40521,61.80986160460185
91996,30.848323049322392
49169,56.501132929258354
21015,40.17587254997127
46533,60.38262948634494
23947,68.24586747068685
87679,70.44612539056641
84935,63.56811063580836
36877,56.3094573868969
83545,56.5416806407996
5826,59.500130197249206
44905,63.209347768006694
59738,61.5934695969615
32880,66.91934683709671
66282,63.85339212838699
101460,43.669863618344415
84173,57.81607089234367
90387,55.58595545378115
69318,60.94676217684172
21221,60.0158205336507
26153,61.245215898264085
12567,21.80191451037791
17079,43.35572777884547
29833,65.0067254130026
31775,36.58347747004085
86974,63.47484163650208
44994,54.39938589800796
95394,63.48363429405076
85853,57.19137057386855
32885,62.40343501558299
58796,57.66686938197277
51991,60.2089714657585
51781,40.89706668717492
83803,62.227923279907785
79975,60.399756549539205
90311,59.309115674041465
71049,35.07996426145708
75673,52.66362626507342
51848,68.97561362428934
78665,31.827044448580022
59767,63.74871095830426
9229,59.7426193255117
95391,30.285628211719295
72180,60.286156828769656
72814,54.1980028138971
47876,79.52644959706076
15553,59.11196449444754
44858,56.67652678278036
71603,50.97362173065912
39440,68.79151599092708
17892,22.242889224575894
13891,64.95326625030961
57322,49.7768026863158
86366,17.05523908923699
55207,43.780973897166525
52355,23.429339996313377
28041,64.64692999899862
46477,34.29314689983435
26655,23.89748251418275
43577,56.473310812300554
52760,54.92362926654196
4367,62.741643717690195
22669,63.312115050903316
40505,51.09392357431912
49829,45.73928578899985
91276,55.073686196601045
4761,54.60530811672201
18327,41.89091230486826
50524,38.79890469426086
83777,53.811687077379204
99740,49.88536473418697
37518,67.70516455856416
41607,67.5412884809691
3016,67.58899258810898
46951,63.815318830221855
30241,52.19362602779538
9497,54.369493146991935
11869,36.59528642444576
96126,42.152801313593535
12071,41.24719621365404
102643,53.68523641895483
44514,62.78276405101032
9919,56.07195074009469
60851,57.258994565799114
83300,57.56179337890102
58512,46.86062488109612
9629,55.53963302547602
33792,42.213762362586834
98968,59.2637809123291
21354,59.723278697930574
82171,55.0847261408655
67581,63.122182982474634
52572,69.74993544972011
37727,59.630193943224164
49305,42.22500046674191
99504,72.67010311202624
67991,33.40190992819751
47916,59.77348024074632
53109,55.38602680490733
63079,83.86771385016716
102535,62.763454802948075
41868,45.40622414404525
84900,40.28572997655743
62694,67.62418973686856
92301,67.80639851748946
18233,56.00950680897196
36334,74.51742095942676
39682,45.674178144467554
69455,37.443919935474895
55537,40.824810343839246
19202,56.15578344985687
62016,58.84815778648313
37023,24.84441831507338
92751,62.78723670606926
6913,46.44502540119048
30721,53.173107284680206
55328,67.16921261227205
26964,70.8995014744736
14726,64.7594306482128
86138,35.11765113438176
70526,51.264678279698856
35772,49.066889299229
58482,60.18400689319798
23257,41.61312458963266
93638,43.36045133628684
76566,64.70700824099907
2676,29.231540746976993
88325,41.5208396292188
25145,43.2999429891195
36528,65.89478694342459
20504,69.45983909180998
30880,39.52313410334247
44133,62.83857633064826
65616,64.2633657805381
5091,59.62411242350891
61877,53.86623482666083
69066,39.95091630102755
8240,43.595359874737575
69035,35.305415936866375
61492,34.14989087722611
7851,31.908654291519653
87622,48.40476568273217
97378,45.405028902822124
93876,57.39668711799297
29324,39.043378450216835
59441,58.400829147160664
5648,25.302755889608452
48959,69.03491859356389
68824,44.89011958080272
92508,47.028834450667794
76636,52.1861065316008
69866,70.04232275314776
46830,49.815868421397106
13662,59.64252005613288
70165,26.365770706975077
73167,48.76799340494058
22894,33.21624103788621
9926,52.602426811903904
72794,57.739428143758296
16531,47.68961049641562
71955,61.08551839233847
60942,65.29365624205495
12507,56.37216985501387
40733,41.23556860576344
91504,49.558813984391755
5652,65.52633416656465
5778,49.22846652890451
38029,34.51064600484874
48598,60.758305789934575
34319,26.73674672369956
37379,44.68408525619289
78865,35.70254761826447
65021,43.21019365141235
64445,60.07656981430159
98999,42.137654993503496
8985,57.266756073808054
30272,48.79050623856682
94583,44.032160934659416
12474,66.90252941763947
19162,60.2408062550418
66505,56.959880622759165
79384,39.07941206909
24364,55.41484592166381
78588,49.165874751535284
71949,42.15920640597974
23880,47.6935634078963
25271,43.22691987024967
81042,61.97031853326231
102369,59.85887758000455
6835,55.23518084360667
54168,81.69225957400423
62987,60.322251862384256
26008,48.16732859758351
94698,59.34239944453056
43249,61.449326216084394
17932,59.847909908858476
49348,60.43217283498032
52042,38.32782652255069
91123,59.474608052554
66598,69.37088417146964
7902,51.046473906070396
72824,43.68983263791604
69454,46.10419126582016
43112,54.79132739985366
96061,55.6629490213818
27223,52.839027277699635
18239,56.39022750992517
85224,36.49366360340118
63414,58.93238400857179
55039,60.74788100031213
36813,40.08344828216077
79835,49.52306603143776
55491,59.29550419282363
66313,58.446637798952324
28659,49.78992278826744
81832,48.51767633470723
36269,66.1257132174434
37349,54.11128421485556
65110,51.71038021121742
21689,56.92675607169625
70857,47.22618647269932
8527,61.09929296866246
63295,66.94145612603909
73662,59.442441486444295
94549,56.536690455742956
44587,61.81202310494008
10531,40.75781654016652
91262,63.466557981630245
98728,47.41055959106207
24027,51.8062597902432
90974,64.68962985517145
48966,46.98959317114709
19069,35.748697911833446
3639,61.46382215868326
53256,58.72656576670375
17182,72.09480801904243
80717,69.10767984623571
71658,60.09948736779579
74637,62.421685224473634
78508,54.565308690997874
70186,42.856443852959
95845,30.691933056842654
76476,65.72748912819088
87864,57.456287114370326
61331,33.22765363160018
91870,61.82340096905559
90492,51.167707125767166
84323,68.53094183779723
31670,56.112855219997726
52082,54.02993372104116
65842,60.32582740817321
62491,50.535254393495876
37599,61.65787893713092
40385,40.14513329700035
56193,55.68187713415111
75229,67.33783538645952
74539,56.475543132074876
98499,59.357461830816
79172,63.30734984186554
43553,59.266512792246786
53943,39.99120750161659
49178,42.15735550143313
39052,48.02566285312476
31721,77.04279136416369
79229,69.91656603154406
102114,26.137551010975802
20944,29.590612299444985
45977,49.90790206167747
95472,64.99124658722077
82862,63.25564701402544
91690,62.77026744985171
9912,62.90993462599012
101255,38.60741377214051
65558,44.00015596656928
83731,55.99534111783464
12338,69.45670269189296
69970,49.191478235271745
33247,49.74884178270342
1989,40.54145722812313
97481,75.16714471710885
96868,37.410830357933385
29896,60.30257131153845
33121,68.49796469691063
84848,64.35252987923803
72978,51.1675467203157
90735,51.747925635747194
83122,59.06603716821089
79115,61.259372560176026
61959,67.60922706718287
27877,34.86100377477446
61974,58.12962345385538
44847,60.70072863248574
14933,52.27541152605609
47901,60.726300509384785
88197,44.20610140924607
48907,63.65396349164495
91980,35.92337975029288
13143,60.31638268618872
96728,54.4540499813772
12665,60.13026943408088
40217,44.53305347342893
1769,59.827160699549914
74942,21.381712087611792
55132,25.089415780840383
65879,43.74298610550607
8273,63.88473587527658
77747,46.350437481015604
80411,54.54759997619982
16622,59.04013315322276
60193,56.744743178139885
29930,57.975822649447224
7894,58.839262105110976
39951,60.84054292579425
37543,29.030871563644794
95072,62.95950999674649
20643,69.9879135991068
89392,40.09421867797569
41044,61.065122934951106
14066,42.025427191907276
61377,40.33925213216193
20367,55.41109312717235
21193,62.15494919686741
47999,58.358120520469285
72481,66.42621760008231
14224,68.01395039182204
95865,66.62225039766471
5288,42.341217384906365
73222,35.550841778713405
16247,44.27633015051916
55092,36.62235565524266
74960,55.08130203783222
51545,37.736329846063526
22294,60.440708139020515
50980,45.24845154062521
69376,70.06481762917669
92794,58.044027270870686
9154,63.450299888430436
64942,46.27687205159503
95221,61.11768044659637
58023,39.35797800666894
4782,52.233262819563905
4411,50.45794994636721
85530,58.22446603947384
29410,55.61408620213845
60440,69.3405352273282
37143,33.33221290068262
36512,64.89731850357424
41927,38.026341411983566
11147,62.301082563856355
38813,28.601645772816926
78720,45.47398426640413
81039,53.88031336981537
2298,39.29710167865319
92941,66.88470660878833
34051,39.1053205052506
8807,51.77960540351027
32534,60.8562509775793
44278,59.706747669984786
21982,62.741643717690195
38824,62.73748755408463
4404,26.92555474440218
53672,62.71138143033849
68355,40.30579352951568
70841,47.28922175927061
8561,46.625815331300764
38636,36.620152842718824
73053,62.49410418706352
61581,28.496697533217016
43895,49.13562651521449
330,45.02776552082903
50254,54.87243028222653
16687,56.968978481966715
88648,59.544522543454704
54996,45.81394836256338
77296,50.02683279275644
24280,47.63124300602472
85589,34.67039959666627
15708,55.79627012733099
76748,64.41911439605383
30897,59.81649020720174
68809,53.95673914249409
12248,62.29132922359641
20918,60.23872428333002
37262,46.75057189524623
88046,30.263198779042423
53688,56.34711732631617
63270,51.361563706383485
34255,59.40862520564194
5806,36.49747476147821
75334,39.73549127168502
71699,63.288754008193884
52372,68.80828182558568
96979,49.24791098656325
76176,43.67148319349489
77419,48.1497852233502
24895,65.62426506021278
69169,53.09051417316804
36198,39.204269590013
2829,49.35126583545609
60042,56.50381982769201
62885,69.41071278139992
97427,63.30489071514252
70342,64.20558112979191
100339,43.27339118499588
59818,54.74476504015266
84105,61.72284372536044
79234,66.77609299122506
40358,42.36822083901771
17954,30.152816988538735
74621,65.81339287626245
16899,58.099060548094485
25585,64.5315118325956
92594,55.56175856939282
41757,32.736454857724695
76903,37.166827604470775
98633,56.37559047199647
61886,59.192527893503346
63713,68.29317759986307
39922,56.0010725397701
8432,47.73532760749568
63374,38.66592393386767
85479,58.29907905014648
40899,80.90416282539611
21255,40.26659592833657
79820,30.43308984283954
5815,35.07477400745367
70979,68.63625781554921
88004,37.79545146203825
20821,68.3343208979861
70519,64.91539382206749
68331,41.86865823843037
29075,69.82850928172316
99174,44.15016457640797
47392,75.77910934210543
92598,60.55025684768229
32011,68.7168373264236
96328,59.90024880896034
96191,54.493580269350815
32763,48.7486772806373
80178,40.15791353403436
7341,69.32393606553268
20569,66.17430680575067
69592,50.117847807023274
31964,69.42417803268728
71535,69.53087270410633
20173,68.00684610602447
67986,44.58494229196987
44292,28.644977020417183
35152,49.59004255245637
81074,56.0217325799376
12642,44.31103635598263
23059,67.38090758522968
62175,66.3175297284839
12793,38.9274684607449
21844,45.73201756279095
100728,54.16755196184249
48135,37.08337576208695
69188,28.540321344344434
39066,24.18191596869482
95875,44.167174834588685
87598,53.780873237405494
101718,48.67844847510039
12354,36.66405448954937
79009,62.42527649086488
23363,52.61668749290549
16284,20.71795655372422
85542,56.79677218784235
63041,67.59104330001016
33400,57.61718785760131
52224,54.52940531217237
10766,40.04229385199347
95944,69.37088417146964
64257,22.33605247289337
50751,66.67075981867539
99721,61.496124393166426
45782,55.40254170436583
20688,61.24408833977075
49527,36.731349503332154
89019,41.9177503794845
88944,63.28255083586682
37433,35.81055823725241
73920,69.27253743581444
29827,38.624122788426774
75740,59.574710323928585
20386,69.74428877892394
83403,53.08310801891581
68441,62.228782078950715
92649,23.151694506119696
4156,58.418234767680914
74212,41.503980608138015
86401,68.59088826298648
64624,28.313225661002058
5714,59.38294402729383
74224,56.26811803350734
22600,53.73307270726858
88204,36.83883110828129
58745,65.33001539481417
93673,33.69146610062039
6950,47.692381523606535
91344,53.19301295026723
6825,49.71842831025122
83314,39.898130130907724
42537,39.57130447666953
80943,44.39345861236733
79519,49.328305101139804
3146,60.93234964458725
14929,69.20232534849337
22592,58.34179015914182
101661,57.82690795334568
18680,49.41254340478729
58555,80.14072797689062
71875,57.60920171423188
5857,58.475589436673296
1282,49.52830495977822
89657,65.12293407811605
93817,54.79576984445238
99729,20.7200434976535
34714,47.813025423086756
80798,26.034957585950274
6937,60.247211251810306
4765,69.01229872925717
34286,50.08924982560251
4910,55.58594166845284
76244,63.65715926049199
57090,41.05982002243363
89227,60.52581752301424
37991,49.4983751140551
10862,55.35647575419617
68455,41.8542543635013
98554,36.793683400551124
48967,53.12459436934949
102653,61.195877011579796
64085,64.45000204498497
13100,57.83227377411456
74632,67.32471877302139
87207,65.70299252030378
85780,58.28579542898422
9041,64.00610965145911
26468,64.90167946443903
22769,59.98177432502052
98594,70.44612539056641
21857,40.81612415227007
73137,59.85493438636899
36142,64.60209602863507
63582,60.77283974313084
63699,69.9879135991068
30084,66.47504943983273
4321,27.46032988424297
84241,67.21188199204879
17927,72.05502380328447
70173,59.30947274215528
101760,63.69538038984946
20844,63.10149372702529
63243,59.114678645813704
15237,56.48286545897966
63764,67.1149546607022
19910,30.196223171110113
14036,41.00530592902806
32322,54.37419255121524
12092,41.402635221962
13366,69.0410343447013
67724,35.74091575477739
12635,59.232598262477126
91226,51.854765175795244
70264,66.27515928399471
88034,51.28462743307852
87069,58.85478667114336
15711,42.88608432312222
78783,60.616468456150606
31170,36.82262966514855
101784,62.503586647885164
15968,40.462340003623666
2205,45.29488584313465
98893,50.380758531586544
48232,60.281422999297966
24112,50.03515361795656
15352,30.996501497045887
64684,54.26237814075398
31949,38.55828879500481
53316,59.94484240019226
87694,69.07637824873568
36786,34.381890902393046
18837,57.1641022160352
30291,59.24126736385913
60299,44.63994040127786
10845,38.57555301561044
85950,64.3109631669615
96679,59.0570355500017
24459,65.13983407803536
67055,69.5992187041941
74973,30.893509181431195
37417,28.823823982403272
38460,52.222330154381694
45611,59.15240067439107
54461,60.771848178717036
46878,60.026326598131355
75564,44.860634838323946
46152,57.96058610722767
75805,42.10372164004418
46314,59.13530873949207
60421,31.934778221429085
19163,64.59741340177885
99840,50.23063634658335
7794,50.1341734976608
27405,41.18508183551144
73523,54.63773570987129
13237,65.93834279803586
45835,66.93579508126412
42957,62.65151160662725
70281,40.85185317168393
100056,63.256733604713816
85207,35.2713672276373
39905,43.971517742203666
86105,55.79186381873622
77695,58.69601359663307
96416,42.85424657986664
72765,60.85154781823628
84332,68.03689226003405
57866,61.14794593639448
21410,55.58922826303004
24198,41.243243894695816
85168,58.70670655991722
44455,59.341430041869145
81227,62.26415380339331
102658,57.45621439586522
51321,66.95614531200617
34217,29.635172966015872
34893,59.469902914378444
71467,33.44084126220757
25221,54.58063209921671
4951,27.3984173049911
89924,29.275812291937758
74652,44.88404385164287
87722,67.66600613400142
31917,19.70424048218078
1895,34.227860756792126
21634,48.33189382780714
42474,45.13068576382941
78862,64.88276809707199
76088,65.05921910827438
23567,40.00703718911097
86627,58.38170816433067
54588,40.59096730422114
18660,54.56400536942795
25993,48.839017929250325
90963,60.51718496713172
86848,44.53491163775688
73069,42.632186298207934
68510,59.710860907849074
70168,36.934671219874076
56906,44.468997958125776
22165,53.26506215120505
56947,67.74661607886009
58868,47.19886052428146
66286,44.80503537254416
35566,33.742023427823035
29482,48.36357963368313
44799,24.44448997703663
37642,35.4389598589282
17681,52.572913327011435
85146,55.06736460253072
58191,24.0642696438645
51152,49.71150791752014
35090,69.41911648761537
21978,64.97813574832433
93288,59.8035554613279
99500,51.099132249105224
17241,30.839421553093484
30453,65.8602149753304
69686,57.12664382277002
57603,55.70830875698873
22203,47.667327355046126
99277,68.2376988999895
58652,60.519267878900976
85147,67.03421236844538
72554,40.0698426899372
14263,59.87511177161104
97174,41.53321432358594
82302,55.85736900228079
76464,55.40787403561848
78606,28.95075314766861
97961,44.11431703048837
3317,67.63788592946514
85397,58.4754793285812
18270,52.207706580655966
42807,56.7784362645928
12726,42.869937814831076
79205,48.873655325840666
98159,65.7177332800889
39788,43.448914705033246
39619,31.782237792017646
22161,54.11128421485556
56136,67.19125955563506
31623,54.60836693655367
89536,81.43794121746099
86244,69.5212509901807
84092,45.74347031008952
46471,40.3476120354033
54238,43.06776627871599
48936,65.10473195347356
64648,61.96713071461909
97994,31.437812038605703
92566,39.26771526934092
59401,61.17750454947531
44542,63.411130671636776
1340,49.0492187443044
38108,68.57126465852963
16298,64.45641567417651
12207,68.60665608514118
22777,45.46786128776116
81576,57.91438801819553
89069,45.667665881934475
56111,41.444827198656846
82516,59.348591667959525
83975,69.26635377813423
18777,56.43776757754076
54638,37.054085952037205
44750,38.763504860588824
87119,53.55456582593775
41111,58.49458003768498
28598,63.0085371030255
70018,45.63474997160627
12331,68.50582756944205
27630,45.84402943605726
50184,56.815208905075345
89769,37.11219804478798
45519,59.38675930642201
63553,56.28654981253522
92703,58.39557841144541
61180,37.013908115802934
47117,41.11939209659706
81499,43.34345122660316
87702,47.68743168296208
74186,41.120614796420604
7515,43.237937742679286
8564,57.74347082897829
40545,40.10281944501002
30364,56.2521758458673
1910,47.301891181923914
25335,68.621406000078
6558,59.49724982589696
47762,38.10152233775023
77805,36.48561870178113
25448,57.86557411285109
83271,66.86038409576673
46275,73.34177125010436
47469,64.92960916470803
15050,61.09345141679396
39648,57.475612297657555
11373,49.33706369173596
57749,48.725794000785505
42366,29.97096639939299
54902,68.44447672096737
12989,46.57095858055794
35222,55.81012754852886
50932,59.07689646156683
25879,64.87592023412323
59516,67.73631858617772
30577,21.278849684864078
67571,61.415737516936105
95575,50.14476608968936
98264,58.15722999333941
92761,54.05683154396821
75727,35.90760297966937
78972,57.054554585018515
32066,61.3491645217971
45483,60.2128219059603
10791,63.26642666546687
8776,64.70540814328086
85322,44.785750383942656
59399,56.79591561860125
44061,35.586430682745814
9659,46.34363396111534
60808,49.48456726752763
39649,67.96296584945398
97842,46.64669548965466
61825,32.970061457992834
57281,29.10443911403262
68668,40.172832842538284
51312,40.78245149437842
100708,60.427539859619785
17534,58.27900614494516
6657,64.37903724253249
46254,56.71589340397625
22490,57.69045614314151
82806,63.37748768338069
27034,48.601382517013406
77536,57.25420821321079
82579,50.911814343299376
58942,33.07808565646093
61426,60.24234457985347
56229,62.3219066060366
57882,51.57100356946807
47464,47.00867953924977
8689,25.32322949405346
22558,47.92342591385678
36400,25.89091023158988
75377,65.60585995290317
7674,56.890008271365794
54645,46.34162967410469
81566,25.68148434866384
88562,48.23463152787336
98831,68.29931749797505
86342,61.4508730009733
40977,58.71999386659184
59160,44.23928269926636
68922,39.95947749754687
19696,58.17024024683455
54408,59.98380458840968
5280,67.63788592946514
78643,45.97121460514138
64705,55.9250941598998
56785,31.356993223131006
83669,54.28962705355576
65906,39.834320728980316
48202,53.55079868986823
70080,58.6363103495022
61358,69.5170873587931
372,41.01959454630853
15063,39.886534823975325
77129,48.214692859432354
64065,47.883653050413756
4262,60.87659255273943
95387,35.37907957941776
6833,47.23995239924181
101056,76.57181617238967
41230,56.43030687787934
75454,64.15152903633833
22865,48.03716422038152
77772,60.197285837449854
100821,34.45253952376573
23585,55.81751160150349
30019,53.589467996121364
98512,62.55621363682992
45888,62.832718219590014
17135,68.78695965994292
42122,61.01723320570263
79016,36.079673962755784
34409,31.81162541146624
10638,64.10648139185655
97074,53.925039474052866
59414,53.88332571349084
45150,25.977775944125895
87253,65.60960593597409
74387,36.75060786849061
1000,26.10225134645092
29948,65.69603539812817
69399,67.0773987369783
46087,48.886266375021385
30687,45.57425569804071
56736,33.87207703498088
34983,48.75534892330169
9522,61.65563412618483
76367,64.39161257484471
83214,30.853931755592622
79793,29.85948974355415
80825,69.29519648910771
7286,48.01409994845321
7866,25.760026252839637
142,43.20683773722381
13120,62.40740683701305
67344,21.753774630830453
51458,53.402586956401265
43122,51.7823196678399
81614,60.883552135674975
20020,46.317231610662255
34019,69.42417803268728
80415,40.00359525063829
97030,38.82397708829225
100221,25.718752125827837
41397,70.44612539056641
100276,47.07861662141889
4221,57.11314447264395
53202,55.41392779492239
75212,56.89462032202257
51883,39.48456264983587
65481,42.48470103930389
31362,32.2261127915604
52778,63.97277614612715
68618,39.58034564147521
74784,59.71431233690309
7250,57.821418351926205
3810,42.49889263728539
16314,54.68012123588736
95002,38.38022057883373
8342,27.845990005825648
89540,38.02229674586641
90133,58.25425237258135
16299,58.10961722596615
88583,62.35981999088122
98136,36.348501994171905
12657,46.57174067554615
61529,65.19495356170906
46131,59.8030317443476
85763,50.31156713918211
88257,62.09836716449753
63945,57.624086562586974
55844,63.319370612352394
93629,52.348660466608415
7474,43.56225954073709
21448,58.92659878468881
37720,55.46823579419564
35027,33.853044424052555
87915,53.74344414935717
66339,62.2006157812074
51901,56.54741540984254
86827,47.17150410591519
45674,57.486095876777625
17731,58.376864306301634
75120,66.31023547360155
5525,41.09548752809791
25443,46.54713483320827
43881,42.43794564801097
94783,49.466339242049344
16886,59.85599884940354
38488,64.60605885929829
24427,64.74165153963204
54989,48.756366937012075
81944,59.41802469838248
93060,52.31517916652166
71016,67.0331240528484
47905,58.81843178346886
75797,42.52685411713043
8813,45.277008977578646
80572,54.427589869007626
46401,59.49700588728723
30108,41.839958010924626
20768,55.8892221081585
25517,45.085131301385616
26860,61.40590704183214
55487,59.03831077868379
83608,47.37615799430861
46995,68.00429694342183
65800,50.245000857843735
76737,59.69963255817301
101455,22.32578365941379
14048,68.62692843791551
84251,69.01993042965458
25876,39.88417948057529
9407,44.17100676622914
93173,58.206113070424564
68528,46.10174355550535
22885,59.68567251014679
63974,38.234143688992724
86745,40.90905770526693
99924,13.759701282246692
48893,60.04096665195614
41822,42.41031909255539
16215,59.39182850776755
2017,28.839335060994635
37498,50.56888722636366
98121,42.06507757293811
93711,52.30256294171677
79916,63.74642955855481
8972,68.55510563402608
55673,37.57162483585627
3713,54.175205752386546
43453,55.16261774564987
15359,24.46723666484118
100456,57.02601813917193
6512,58.6959747707364
394,68.03317559959068
58223,60.44477752428609
60360,70.02895712997733
80706,45.620818650832
66140,68.47754555788987
66617,67.61444536334234
70565,43.0933885591403
34872,38.34639993062578
43048,70.69094885363083
46202,40.9265092333206
93583,40.63469686751657
22641,59.76567436262372
82488,66.90252941763947
41887,30.816464525720065
39950,47.775611008574316
28129,44.359882746070745
6173,60.55982030022882
52070,52.41678442282825
99215,40.65203393788835
85626,36.20191145122672
12582,47.256020003667096
85454,30.03231068779951
86929,59.94914352759133
51271,54.903933339392
9423,32.986834342125945
7024,55.626812370200504
35966,52.312470563075934
56061,34.332949702756125
25367,62.62489905238724
91068,43.829517385560266
75676,96.9035906986532
37205,46.507593745086226
22414,50.68552281517348
30967,56.63393317527475
98579,65.07612955409263
46165,59.660002881124285
8311,66.88075957273313
12956,42.69029437713295
72137,69.2364530370542
17228,30.757375280479486
76086,36.0860657638867
5380,65.26734758022388
52971,53.88019129587197
46566,57.05126788889346
65032,42.03076285766766
64954,54.21358667209019
84243,37.01653220815262
84805,41.55304375360006
77591,60.82909615393504
10051,46.44268292122983
55476,36.31666689694885
27861,69.40847911989619
76224,48.7332783466046
50574,61.29877649069238
39105,26.369790637649103
94180,36.931203835540295
38609,60.77481956461455
85764,52.95053438695725
22807,61.657912957095476
48522,62.143783693711605
72091,62.96047469450959
67802,74.51742095942676
90880,55.31311187085202
58294,56.27302335552951
102086,48.086042235736784
27832,24.736027698852226
93188,52.9559042184809
91807,58.895189771018224
36704,41.908272341872305
75970,30.194556099695582
46594,68.26756037600313
63636,57.9927486739567
23037,41.686386510734756
46636,24.306954774501346
55363,66.40639275688761
80167,44.991525757388054
102255,41.73138074843144
79964,54.09950258591636
23053,55.01888133953786
23751,44.64616003689643
11973,60.080690412694615
73572,48.59031769982389
92073,59.75623622181186
79048,36.87680072383439
817,44.13250861479657
54860,59.67980680614852
19970,40.20934533769844
32129,42.73337650213254
57767,42.64743895426173
36761,61.55655577784557
13412,59.7494424183846
45617,60.232477523350056
13341,46.09977996378189
19591,50.96255199467948
49656,52.40069331522655
9249,37.05033488481336
60168,44.47274325512898
75066,63.28495895317172
70144,56.65309865298071
70802,68.91026673982827
36384,37.582896298234395
3592,66.95974905955705
90679,64.90915130915435
66913,61.295530622525405
11672,32.32824692561081
71234,65.70679055713762
53926,60.81868060276381
10864,66.95974905955705
47777,64.47251250944296
5758,44.88275364360393
98369,60.75214414368267
52990,55.48122291776569
11062,59.29899228168155
78005,26.00052214027292
88419,59.07609376837782
9553,57.68838586731217
13721,41.4747094510161
15793,32.43339121920545
40962,43.8357527405846
79118,67.37797547228844
15921,54.80182866095131
62133,61.647161998348174
61356,27.77142291451507
100961,55.02821185121323
91023,37.754298304517135
2732,56.77296322492187
69168,38.513421033235225
42704,70.9727542143232
21710,48.13234442027114
22377,55.60594368121879
85646,33.215830517511215
67097,61.7665816092394
81741,56.889058050594876
21545,34.122560796538366
48068,42.53574749407332
95155,40.17475155968742
8423,53.23236746780969
40527,53.41295580425425
88957,60.59216367383611
11126,63.77657178554709
57257,43.90110466612142
97266,59.211017610740555
79992,30.424283274774574
78855,76.05398060775896
25899,39.712431526299355
95766,35.221804750728836
94833,52.5594615617292
32103,56.79649362673751
61544,45.346218223904025
10168,57.148035240250444
93675,41.26845511883022
101433,58.21777806884026
88693,60.00225198420615
2486,32.16738258197942
41706,61.598474392084356
90901,53.85350401301841
61628,61.72478571762918
81588,58.77908076181474
62356,64.17789945045725
30287,38.55300484125076
20505,41.69296871204538
7852,42.0730429509488
49274,59.47098748276848
98284,44.27088672003681
99,69.40275133733189
28455,60.67888880064746
16025,32.66253237154962
94203,68.47536918631621
26208,52.97068773508041
63278,59.508053894741934
91283,60.96341197932024
58235,65.97028389207706
89479,58.325154039894144
83174,63.74036300458478
23757,61.23193233085336
66825,58.84718357506667
33987,47.19138223908105
98921,40.350020819226934
38055,56.96836618436481
27444,59.92003037248095
2810,28.092499597628088
20384,57.373224059412316
642,37.331129205660886
35815,68.0308143263634
38512,63.18301201448856
17943,62.60361265105066
19169,40.69672217523826
63072,68.70042438006037
5571,50.53870882427631
62316,59.09287175134321
47336,62.239471049947085
13898,61.94402272203041
21139,66.01284739795017
53921,65.33206596690522
97951,56.118004237454215
85661,68.42368340428216
24777,39.95287103470204
34069,56.30067941821835
49532,70.41987707958762
53661,52.45497041809433
88736,45.3725317779198
91244,59.93995676560729
81020,69.6412837021482
76264,46.52239954202969
42310,64.38748729598346
53077,56.38808978651251
68671,68.13125379269084
44958,49.139287131723556
74287,46.26362226463517
98138,46.70364695506542
71321,36.72125806023532
46549,59.95011124100438
1055,66.43186704092686
17780,37.053531947058815
47300,23.648602918628836
25817,63.30728501058044
44703,59.821996821089535
86069,67.5260089317087
73915,43.614291179578544
66586,15.099884086814907
38323,19.894726426620704
49454,45.28351929190392
72585,69.46677368590953
91963,41.08155224854113
83588,62.00296650738941
42212,64.78931281042487
30786,41.99336834538348
59519,37.06331236686495
54596,59.08467499126527
89929,58.39093625116156
79776,22.368887799013443
87025,37.27137968687621
92165,69.42417803268728
71430,52.44307557013687
12060,53.751054628753046
36470,55.97145651035705
40853,60.94953088243412
66138,48.29682373120318
83131,48.508695421979695
43945,57.45824359531184
96832,44.08260052505585
86921,42.49389714443309
70006,64.10648139185655
39314,54.429300322121165
99757,34.327447835102014
10553,22.78529497894993
60393,66.56630557112791
61834,48.01156702266864
53597,37.417607173840054
54376,41.396193385290324
84909,47.725089504432
68850,31.319350971728696
9336,64.04967693883081
61573,44.54716522731292
93833,60.95775113358084
75251,59.936328100016496
24357,67.4046072844789
40138,63.06324267806577
8065,60.49503414887784
25528,23.31988321376779
29666,60.73333554221982
13989,71.9712926552495
36639,52.27366224800819
40224,47.66905270664467
46674,38.429777926707445
39399,56.44847352137657
80129,26.589852223158033
87892,67.19025981793006
34953,62.57857065479832
15867,50.1792085325309
91155,48.086115113955856
64738,61.886213678582955
66965,59.934733676118306
19404,38.4355898295886
555,60.38610494786109
48662,42.96220709456806
72235,45.65040888295801
79452,33.21687135042058
93627,63.85339212838699
73791,38.90460255008274
99064,45.89220355360953
33831,59.54325729867225
82580,43.99226326693806
2327,34.78501064688571
93282,56.73305101520005
27715,44.75415402989742
56431,30.766528600539942
4261,62.5574741536262
99359,63.084549121226274
82284,43.21564784741999
78025,53.924736574850975
14797,42.128439024706566
7555,45.92176319722568
2347,38.268076766121816
73993,63.602807298955646
21538,57.30795530326203
87486,42.14479780121263
89431,37.106467009639324
13896,61.734721352255335
72527,59.90719421202438
72720,56.67903719136009
64391,60.66307115670581
45987,40.50211594294815
87647,59.93252305454611
60488,32.24042975706733
79891,44.98435331380041
26162,61.04764696627467
89034,67.54241694507816
16799,66.40639275688761
60840,59.69460516339446
24748,53.94649448402025
12911,44.43735819551249
81205,44.86707457503765
9121,68.9559279899052
26879,42.36735869066281
37736,24.489094403455027
72168,43.06594379241391
8061,69.37044712023277
71972,69.33299927966864
10967,57.36878933613397
1294,43.24854423372698
72250,41.26280349754263
77773,50.42493544395559
67784,46.72639814853363
30978,65.04283535420223
64063,69.69821695417824
101737,40.41379555494574
52657,34.51437808588648
98262,58.449342369895
58775,41.9319757255489
47157,56.793478938930555
59390,51.14168151361579
96727,20.310696848941507
41368,43.78092512239572
14947,47.631724159902944
86503,66.12000394165861
8827,56.20131428300443
72593,60.82747722586912
99572,51.024980814338015
100751,39.196006691861086
8540,53.10601150540641
29568,44.78956292592371
99424,35.54308976022403
75630,65.6893126958204
60354,61.75688198704996
87334,57.23099141501555
68903,31.53358914894757
44458,42.24481991725604
17331,49.788546561800786
10704,60.43449518256671
25364,31.217229747202012
78570,66.90252941763947
38513,56.13624168955516
8934,57.04554920326814
30812,70.88419030558227
29041,59.8814419289558
87427,31.443528716931013
60338,53.65898889729097
31199,42.39544406494045
86521,59.03370455045908
8384,64.11484621148175
97307,45.37032741274671
74802,60.616468456150606
32708,59.91562862588573
53971,38.01146541713644
89082,60.69034154825697
53934,64.84660291903354
58147,43.25624787311581
43643,67.22666303024586
96198,60.27733739895783
5084,54.358058194067716
42480,61.558800201172424
11133,60.529036926092424
15417,57.29208566780959
28986,60.09066430128507
87574,60.69359879194231
84709,64.92943815491779
9906,56.04552514141557
68844,37.518798386621306
32035,23.833324960474993
21706,60.48850498682348
12608,25.664770935122935
9009,38.757295593048326
53671,39.746390131413634
29646,65.28873538217687
2237,55.8358157752238
59149,64.07228026330425
19190,37.377607974855735
90474,71.7752779085335
6423,55.59206257917186
68862,67.43387136558438
16533,47.996682251512674
23253,65.50786065666142
17640,46.95604167784121
15265,66.36494238433139
78662,41.713825453474094
11854,65.93747481666679
76444,66.95191186270718
77495,63.686291198833814
26189,62.66244150437222
59641,62.146631911783764
12570,57.898955335438295
69120,69.40994835225484
62384,62.8019112318374
64892,72.09480801904243
39898,45.15534479975121
6672,48.664754641793316
83427,47.62077914678061
72737,62.74499642631069
13677,50.56701171723918
90092,68.11773863126781
25461,53.18314926105663
5614,66.61008126993585
100036,56.09720845866787
77996,53.58696402045992
87936,67.70997101591541
57184,70.44643497344474
95687,58.7894697209086
83492,44.96398912528626
65915,51.40183945596095
36778,56.7941872325331
14402,31.63691121249324
42353,41.33749895946403
19110,31.186032147104473
82593,48.11408855644761
75915,35.89697565040085
5887,36.259357576691286
94095,61.4623383584054
100334,42.25301949792666
49841,66.6831889016941
53866,32.73598236345074
38285,58.751142477372184
100083,57.845381368510374
78519,46.340200612841635
48728,59.06911399380844
54400,28.766063370036203
64432,58.07596338239222
34280,42.2861823273365
5505,31.66482344831747
38238,69.17423591621743
56930,61.55896535140883
45957,33.37983949122821
62034,57.79040992812997
30247,61.55214918914517
11180,44.084625594312385
97870,62.16920938291366
91958,69.3405352273282
62747,21.97737563560515
67602,48.29995494758046
22005,41.07711245240424
91630,54.47772215338521
52111,56.32646975952061
68304,59.79609847170669
72935,68.87714344314303
53399,54.57001703653837
28638,43.17821388275934
11800,59.76380262639364
88710,36.4409095410278
3643,56.45244297942681
88298,40.6517672676834
91406,54.01495028546738
25394,57.51921557420887
101791,63.450784000910716
70544,57.71055860019095
72480,67.49504082107771
24682,44.62488605220323
25196,62.324619820727484
60929,69.81093428045835
57870,41.639831326521815
33847,50.9378654462463
25824,56.11749656700698
1826,25.798383670083602
27362,40.51963589430256
96919,61.21164240296896
71595,48.94844367084902
76285,50.46005159833772
71622,67.5418512836652
21100,47.564343060211286
79915,42.33098354148596
18996,61.55844713685285
53697,27.556332338247536
34025,61.775916379534735
53791,58.74479663205889
63025,69.06554280454047
13876,61.429141264856455
49936,49.131498427462354
47406,31.711559375113993
22507,40.414757623781696
38509,45.01394857029255
52260,58.3220746008009
84961,58.48125112368032
44925,37.02950293134485
60941,64.4423947050618
13827,59.46816214698637
74125,54.243376710004725
57230,44.632947311336174
42850,36.829156366063955
98070,67.90501200434046
33428,49.03937982072059
48434,63.8116291628442
48476,69.5457055257053
3571,54.014479315541664
52982,36.465967754090855
29084,49.20857052040294
24429,52.918160786179506
70523,53.63754046763122
65135,40.39941600726841
6817,51.796189967244416
5966,67.20183385533923
12404,55.972978914735876
42348,37.96836697778199
5015,32.10722865826575
56268,47.87204047383979
99507,56.982259252287534
91858,40.74954032241975
96678,52.212459110973874
87607,52.577521086521266
78388,62.44030746384016
44838,61.429141264856455
71057,44.69147728667602
54199,59.29120215062575
20717,42.277440741246636
62353,55.35328350109068
18622,54.43139737177678
67659,69.15589679606548
63614,54.970902263472595
36140,58.300427548098426
30399,60.31847682456887
78367,55.14756678376375
76613,60.6040591925537
68927,61.05178697518954
63154,67.4871643224858
31390,51.920881200579004
68539,16.195004317154552
21303,56.79163122485531
1270,63.0085371030255
20621,59.34885726667323
82055,60.926982675929395
1231,40.78516856400458
41164,62.26671071716447
69904,60.12714863961466
28730,41.43710715354704
77023,43.65796613381004
102506,44.53143312206645
2754,65.91280201804217
30923,40.59058580187292
8297,38.815586761188804
83988,69.99912019363767
18564,62.3669001609254
3218,72.24714154833745
76849,22.39673680089912
62558,22.25135510721926
68383,52.11243092656657
59498,58.61597559142696
20223,60.13863300106008
32520,57.26862914453509
14004,56.19904881824811
18199,64.12462427711033
87589,46.160082122512705
26578,52.098597494408686
75902,51.55542095065499
89108,46.97846242265212
98157,71.86550855827667
18517,51.11126734124267
63413,57.99692448506863
986,52.46585764104816
10310,54.96883939869953
56950,49.41255625031565
30542,56.89579341782765
5447,63.84834987578087
5910,38.09737713716613
53994,51.82095782927984
83097,61.890337118996115
76552,64.49670947997012
35861,45.65461755567068
90400,69.0659701379171
38864,40.58260891698756
3787,49.997879764655806
8018,50.89395473528682
60553,65.6778402606127
95406,59.02693890332056
79779,75.2246746367154
96394,83.86771385016716
16574,30.506543840926337
92008,28.44150245736268
50163,61.44198971213333
84835,59.36131804202464
89065,41.54217583638937
87532,67.09760102061067
92200,36.07821513488886
63451,41.65620212173371
32418,37.75776425585907
96674,59.061222908103545
63092,67.25665457052003
29578,60.82402124339069
52707,55.384123128687634
27782,57.353437660714135
66062,70.15120593001217
72623,43.38586173789126
76779,24.376588438156837
19319,39.92075163916835
95735,49.9980306479046
58008,61.278913323369146
11209,34.08400324772988
65934,60.10762420999965
90618,63.60849716646087
68419,40.70775510283366
95981,45.00148289931265
91982,61.48546997997096
57816,34.27138992375386
29979,55.94492622616085
71337,63.8383598931333
34813,48.86261227987444
36270,48.07758694432514
12660,59.57791958868978
23962,46.99869085824668
50620,40.84556383241372
53342,39.474229391678485
102453,57.81319624874798
96999,64.91092525165628
12004,39.79637614749845
2985,51.92585156214949
83124,36.51922899009202
50188,44.61895620308655
67879,68.51089156478882
15865,67.09671168856529
743,57.804735947070085
61394,43.2048487596675
23969,63.622202922998355
31371,61.15564069145519
3578,77.02914264805514
46579,67.35295029040404
69050,17.51242287557197
66067,60.51356868292308
67779,62.277542254457266
87449,59.95581541718043
40453,48.87078010633894
29825,36.79532807905929
1970,61.41863091910319
39093,46.739109842010336
82014,38.52619705185003
25689,44.80522340673296
10349,58.23757248786968
96643,62.17223277978184
13664,61.57837321090928
16975,56.24008227793482
81745,55.77351123816158
23309,39.3001283315264
61275,53.95704581452037
51880,52.62140522020923
20739,53.53812297271594
75290,78.09117408303399
78303,83.61210155812265
22765,22.50455938531773
33935,42.07521308004889
48085,41.941626937458224
8026,31.191014936660967
72324,33.25880497524152
54374,60.32314075327839
79316,44.35228448894025
65869,51.1253241112055
94812,45.93976105085649
13969,30.364931286215036
69305,43.36920524368307
53400,34.50425591241486
46260,18.223015754938746
85582,55.54987702240627
59719,64.9226673790418
77901,71.40600713677466
75795,42.931967342540176
89057,64.21701078600913
9278,55.75913687930387
78026,43.6081005100122
63796,57.72043897381414
39587,61.421766996686884
62073,59.48093479697172
99250,46.8120679984336
47795,57.65635037551573
101138,55.76867941810817
75359,61.673504566959544
11418,58.893437079651186
85297,59.826699567113934
88362,48.930968377274205
52776,59.0935984693181
6069,55.738169613477915
8778,69.13587185726651
95215,68.72577591270883
102033,43.592707132444296
97292,42.56895025267307
4564,59.81076062616736
50030,58.37010271282549
75392,46.213121582350304
14917,31.665969641251266
43885,42.88590067139077
12866,61.07515178155291
83699,50.84591484330155
37700,61.91294384474469
34840,47.437149502076934
69854,33.26219990413504
92435,47.05150506153429
20038,43.38908940493327
69543,48.17662679248062
18997,57.01406896710887
25735,35.94063263030861
89949,61.33238750638559
20154,52.981940593874505
66748,62.08363292888889
7175,56.186477298294456
27549,58.5495527297529
27317,46.42647446472041
83847,60.45950402520317
40934,60.05284738524736
76251,55.05585100711764
32737,47.45773882362809
4307,57.22955762019749
18512,54.04831923409418
83213,40.66869434138492
63060,63.37578871272177
7442,48.56945630700327
66486,41.04708909997697
67423,49.583457406645714
6029,54.40508066420518
6581,57.56768192440063
53949,50.74111792567442
16374,59.702253261121925
17100,37.50123698000527
62383,27.564272984457993
47580,41.94932621097307
101499,63.12820932870935
8717,47.414181445107594
7140,26.84213951564736
73135,59.163288485847694
9102,57.16155745251477
102476,66.399172839578
57511,39.397482265739725
46487,43.550282888878044
66028,59.898111074296054
84411,61.56535478018799
94202,57.28041247214979
74023,68.95410835025116
528,59.113960456117724
45289,48.32503532488468
55800,62.37898327475543
88442,59.692086113650724
21992,34.04865553820257
36261,69.72560366079172
91217,61.299912439559215
66955,62.67712026764025
86367,40.47910214502516
42664,60.031072818674936
66332,56.517595279109976
97460,58.7802937906338
96431,51.42169403153062
17167,60.67888880064746
55383,42.2168068455921
34136,62.943296947168875
80517,60.764087003689404
90821,35.50662574031987
87295,58.72735338720906
15303,52.703972269128336
97697,60.40283193824976
86320,63.20105583091818
18890,59.728752547296374
77271,83.08017552186155
83762,58.54946323963889
51324,55.08197398125624
55713,62.16172837409106
9002,44.842838584886174
46023,68.73181582717771
62403,58.194754192238534
59041,66.63636276001199
98567,61.99378935202098
9933,68.71435868514534
60539,56.15244640914719
16407,81.32329095332126
39225,52.6514392840858
72218,66.52506341878279
85318,40.29142570586788
89365,55.9280114785558
87370,60.67707542466724
58205,59.798059774442315
61534,62.59653277294887
91005,35.005629687324785
88345,61.01131498799381
66297,47.59043722055243
19620,59.92611113688605
88731,46.109925763876525
71165,54.72313123730908
39143,26.27533152970039
16006,49.77682939315987
56793,57.80066921976318
87693,37.89155090057959
79467,65.79626728768793
63913,31.286233916012687
66690,45.99762864470505
6940,45.0620055339111
46733,59.85917969670963
28050,57.193290733256255
6712,61.3200778329501
64548,59.78007149179646
37616,34.74557046547446
100060,60.62238178701448
70906,54.71749721122671
24686,70.44612539056641
87837,55.128759215430485
15382,45.10568831135277
5281,64.89731850357424
35177,63.61509663531915
82589,54.447685472942425
81665,51.35653871479585
2310,50.98046327495794
93943,62.04770180904748
71461,45.716785557766755
75222,65.35079208007946
56076,54.22170718461373
36906,59.87109964262957
85061,37.99317050617712
87623,57.051057078863984
54223,37.425536880155114
20372,69.22463928336778
14272,66.30315791104904
49056,69.9800800321409
57390,62.0876204854919
56844,59.87452288240223
81252,62.07884776428428
27653,26.06859791279477
91989,59.82402615621657
82973,44.000466300221994
82664,33.19752949368128
80789,60.4852078140382
21110,51.557522064790234
43377,62.518599406471964
82582,45.513464910706695
98066,60.28357792211504
3361,54.9725976390501
54345,55.46110156580179
6286,33.988047638508036
46935,58.60461565044173
49502,65.47008337060996
47197,58.029798936390314
19780,48.27185965985801
21877,28.047725949132367
47516,51.13699371603513
79340,66.04285623116778
52737,60.65429073963318
38934,64.99807217761548
30954,64.63014349538693
2388,47.901235811590766
98494,61.246874295535406
54654,58.226286103896264
24288,39.87028385057943
65666,61.736980926654724
63104,60.147571978906974
61485,60.28940891572214
98261,65.27186987457895
13556,61.02845300676388
23703,44.75668529051754
25578,17.980371076477425
46200,46.61734961037225
96426,58.60484935481118
98149,49.70342229470355
18773,40.96825026063851
15843,48.118459849586614
68619,97.99425925925927
50948,42.856583908270835
75500,38.910526918389095
9101,53.46367819168418
31778,62.45350149229212
37022,32.43175181339251
67956,47.92924819641388
19391,44.89560425802119
7353,44.03423018295448
82680,61.40783086496016
28636,48.02955522060643
91482,45.125907859046926
26969,55.14472331113256
44187,39.733952948189646
40008,15.832299404694691
87518,51.851858768692
32580,38.71303645334304
102649,46.11061037919048
27976,59.935806788620454
18499,58.05831718819625
37338,43.104119164143576
7258,57.51069505716983
6119,68.72545968171443
54741,38.17060406935645
63611,63.192912060124655
26005,59.45453623379364
92134,33.79039496566812
26191,68.5425700509582
42313,54.47844300519298
50124,63.541154469721306
50031,58.79722342769566
72398,56.76752915971786
3964,58.94420730223816
45910,41.08709723963099
26704,68.64735558917525
49409,59.137000668047385
86000,49.11167539008985
10159,58.321758298740384
1614,66.89734761589058
96321,43.55625711930771
75719,60.87732260131621
68722,41.30454893032641
70827,70.44612539056641
63261,38.28775235333072
29122,48.470667723505905
41680,63.29773179345957
29980,46.38180099427339
94836,39.2087726020793
18139,63.5660805089825
83747,69.72012197784412
19872,60.13975076959771
6078,54.422855727850695
8683,67.1623562385186
50105,61.01064307455404
11406,63.9175189418797
51393,59.06782167898167
25546,60.98496045097024
38756,59.04609254207476
63583,58.31353793092607
629,37.95452291160949
21406,56.823947656111066
21969,60.21158546705165
14510,45.35568712713573
84663,41.94251067302323
98972,31.37316560603076
50726,52.830345813006886
15637,59.85625160687483
37441,66.19210665001195
44557,40.85475217282181
13738,65.80447382147943
37212,44.48937409425045
62808,64.97203412577292
25230,60.72026135647502
19326,66.31354154426147
72831,54.47454359667197
85014,56.85087797334757
97556,52.102008361011656
86168,51.255731385618276
3434,34.864607993969
61983,44.95874915373519
19273,29.91351087297609
24390,59.02598577659196
42649,58.23310792658185
21807,42.4035286114206
31242,59.45453623379364
68987,60.0073410316548
92523,68.71435868514534
77416,64.86039639595595
47232,38.14044683023833
56245,59.67980680614852
76089,59.907806056118204
6594,57.61948256591478
43954,59.251635871949645
48749,36.48806788326331
47003,61.62969364857758
24711,65.07071837989119
63233,41.646720732954066
31603,52.6942230384238
71175,60.56902238172091
18767,55.14426732765995
97524,41.651368174879075
35197,32.38601055712664
99465,51.98417262372345
8076,60.998943163550095
5266,45.64710325046876
75035,57.497504287939435
32001,51.33287484802567
15806,83.86771385016716
42898,66.79705153877218
3342,59.08648068973906
44258,58.46690469606105
93117,70.37697099903443
37717,60.685223760565016
75383,66.49603408499897
29846,34.49996729477924
81036,47.3283806494561
13768,62.05423724491322
102349,68.79151599092708
80470,50.612185288165385
98017,64.87592023412323
11515,53.49907434627579
83932,65.06743044555986
93454,37.095558036740016
30850,51.14011529136591
87147,27.51089137266739
98343,43.646598753473754
98493,59.71077686103883
24201,43.583018684692526
89322,62.33516473588638
69289,31.668045573814233
2528,37.33982119123969
4966,37.120646153643655
3836,50.62403717186372
35186,34.38470535089837
19681,40.29805148031376
42105,53.73763559585612
73805,60.33504530051047
9366,67.26541587833299
71825,29.301068723333017
48416,59.564987901134565
35523,67.2461066826105
80410,69.78366915924039
41434,43.33138596309745
16957,60.43980380767618
29359,58.722160775591654
679,66.90252941763947
59006,53.95523447602857
49304,52.093381923767055
6609,58.49753743358433
95928,47.67887129958928
25719,44.86896004281074
28239,64.92960916470803
76976,68.81181806219585
36480,55.57742231157643
36739,45.3089015933626
26001,61.7905866560642
48660,52.698733541955406
70012,48.283126386848615
77337,56.61535600844532
47171,56.22670816600014
45798,43.84965363402099
63597,63.172765235683954
15431,45.663673270932556
26368,69.15205121739848
85665,60.790170732536616
29081,44.405621853010125
36216,43.39969780812011
81129,39.092192572368056
85554,60.46897653714007
80875,54.30058543853346
75618,69.11046583472746
66488,59.91770866342745
49427,62.62200547674817
33329,56.027433838909054
31525,50.56753003038051
61048,51.36122658312251
16458,39.62126086880744
40966,69.36356386532537
2391,60.16920633862616
68610,59.44889027418116
6433,51.94718847278831
3128,35.585555833244214
39413,63.80615691252569
12159,69.47659385378927
94936,58.38941015385729
99928,45.919258020994846
59635,66.76439750916111
87261,68.29317759986307
14421,47.00485591639885
5662,68.690325069865
17504,54.11193524764293
47879,30.11174517205148
47604,31.688932643867656
47278,48.85416864359909
60708,41.94189429694418
21563,51.1132073232566
24620,53.27894887448132
68195,59.00833095768466
43137,32.200548067210846
45660,61.48719903647286
74502,42.854915368381036
7950,36.70988912971504
57743,65.25188285996572
89668,66.85920917596837
100889,51.196703997573834
44462,68.5442812411848
43809,59.21917675861849
37256,63.14167823565336
24860,53.957307942447805
81909,61.429141264856455
70129,61.55584481168278
56261,50.73842289334762
15202,57.31796222487472
88991,64.31485889418012
41617,46.48119697858142
83328,68.08720593291763
56346,60.19020775016099
9686,53.5707339612694
38434,60.37518085617058
26221,48.0045779261882
80173,62.15191031210849
10126,59.85342548240152
53650,42.180380520843116
31938,66.94145612603909
30235,58.516866300099146
6760,54.12463015193316
47943,14.790112112855823
66998,29.288762282089152
65532,56.5670886037585
44344,48.32738035139553
86865,64.7013842157823
40030,52.48573600388379
79406,27.56888078358139
23248,53.29319970748186
69062,54.599447098757345
24119,39.76317245430098
37321,66.23584622574502
75701,52.74386982103141
102006,37.10962752049373
38580,68.95594793388175
13024,60.39093912833022
26266,67.69687746248619
1725,55.84181982615227
86127,59.71544867984497
4996,53.090983945379904
50223,34.08298173282552
82561,58.58821564342409
97397,63.6444410703565
54807,58.55248470841976
68588,39.46420679695032
32876,50.94025760087074
21714,40.96627198788817
54589,55.696051911244425
84520,43.89973988747913
19335,66.76447263638424
84694,54.001499432406426
49694,66.84788048913097
92085,58.59609715809788
420,57.31352836389423
26823,68.24354329031617
65029,67.90570718841444
24567,61.49760455634896
24855,26.852441934877806
16382,41.95957951949072
52732,69.40847911989619
15000,64.16875481712263
95349,54.35700883621414
37929,38.3324709079468
94015,60.02967295797037
22975,54.05852962679958
101658,33.83659808785495
77363,60.568264363456464
40512,42.350806316100694
87653,60.557171901596696
2016,36.58347747004085
101732,40.51886511535697
9025,38.95212276281895
95590,68.02652695474147
56675,58.91794765745324
188,23.244163826124286
4871,41.293540518872476
14148,65.25435692751897
49610,47.482993437174464
64287,43.83595604571328
61423,56.201244252857265
88851,51.69096902141281
95843,49.62633070595327
98804,52.874925621455304
18143,41.891162097946754
45251,32.76235981747164
15169,55.317437181189305
27633,60.2030037075844
75053,35.858448277610925
31683,62.54220969273261
100401,62.58387057383909
77950,49.88410155335414
19768,58.07070078381532
76276,40.219417082537724
32499,65.25755439265853
35396,65.65996825790204
30445,34.39554434978209
212,53.951812233924876
31850,32.74487523648772
13593,41.22653867853073
70020,71.37084471884438
53826,62.589887540388645
76833,59.633697610068424
33256,36.70290061196992
82532,29.263346276477463
28285,61.613085160649625
89010,63.29242771116874
2625,61.396769144207745
16261,33.894231396702686
61059,40.51714977297467
1512,44.10103625736078
12938,60.350672815456846
3346,23.568811237101716
19553,62.32692947633275
46909,65.56681802258268
48295,54.804481502787176
39709,46.44261911380564
67927,42.19327343504539
91392,64.7168516485135
72383,51.63915505733127
78398,57.20083413823422
34804,47.66992615792472
11127,61.527945022731174
64216,60.51718496713172
34362,40.600885805009234
2475,44.74511671834232
97499,57.99739040474963
23768,60.756893525444596
2773,51.069365238954106
55758,63.77657178554709
92529,45.30056735079975
33228,58.30089884517598
46582,30.550357709103636
22818,44.28072182023927
20048,60.07570885149842
7910,54.85811354272619
11318,41.74011174230664
51186,66.9170528598168
53752,50.13648626791453
91549,54.68885503410826
46029,71.14947447849092
102093,34.19928500750193
54985,43.974432195550015
12584,40.68684518947179
72344,57.20803427303122
67871,14.97124186599062
19401,59.16251228749196
76834,51.30741708163496
78157,69.54092087796609
62727,60.38795315182731
16450,57.66813844101179
25236,58.173092163196095
69482,48.73793159612147
6905,57.41922560328235
99667,40.818794608868394
37851,62.66690543107738
18898,36.05703322025232
97930,43.62373336029817
63891,39.45233329544556
99088,34.58667876731276
82899,41.47579384236755
51735,41.00032075206335
25742,80.9460634442425
33623,61.63186739211539
84348,52.8475437451174
53291,56.573455368328894
54066,57.76443327754032
45783,48.69906888330572
10848,58.48990348594122
16452,52.04287361502384
39113,45.93169406390104
21999,47.7272594314552
8947,37.05398276074592
74324,65.14920925016962
70998,60.20696201439263
49243,25.121364810765186
80242,58.43727154349508
98546,67.36617239346012
71644,56.19636684027126
44015,60.65188877145494
86362,35.18724981329504
24586,65.56425238465275
61251,65.47825817286977
10805,31.366555718523827
30322,47.822786576687456
7609,58.80457299993727
25350,27.92965450290304
97767,62.06893989898063
91295,41.98932854850909
8009,58.3280066055507
43879,39.651206738051364
21771,58.59704275101925
57066,44.572751617597085
74131,57.59502530576491
28524,68.96740346639353
13805,41.45366064382578
10352,53.9673733001973
85077,46.57310126030319
58035,39.60200772460986
49584,47.17879690033657
75889,43.78694106148374
9544,69.46285378947645
14116,59.92794525828227
47734,50.34372192434831
66269,61.21879894498131
26966,65.14552972102574
20175,60.008846281284804
9557,58.877227417876526
77676,76.0430074419366
74954,63.184603115501304
94002,24.988323722660013
54447,56.77231990599109
54120,69.5457055257053
52688,66.22551441005395
87986,69.3084856372609
84758,61.76998457170098
33160,20.89410957002031
3948,44.183265636381
5248,28.958943253059758
20904,63.08051023791796
71275,53.63550046154547
36590,59.387122622678035
100970,40.84559117768586
96422,41.1033918829827
78740,47.50497007200764
460,69.2897552950769
29474,38.50446280979063
41187,69.59789931892064
16472,28.58344903343523
48705,27.89963172583591
19240,61.57774328116189
37021,42.690395719907585
70545,59.84323658350144
4119,68.57868956455101
32905,42.19664385960079
98599,40.21546338585646
14447,62.41050142031769
79901,61.81059420102864
62728,64.58032523288126
83243,58.70541793320681
96107,39.45834738486472
53631,65.14686564080978
50647,39.44592181480018
1088,31.57300718591271
25678,35.17942965928043
51094,58.53409675391657
1366,33.360570041443886
66665,44.31286624808135
30202,49.716699723573576
78403,35.63457262718518
37330,40.92100489776453
65120,56.574027838591235
75838,52.99950275684688
73924,46.915151458951016
12064,59.949288038203306
1181,53.74803384127416
42463,50.71783281931921
9819,57.57192048322099
92330,67.64801457928097
954,39.01759122469655
10801,69.5457055257053
26715,59.135537447264994
90465,38.332726476001085
60507,82.35909126798504
83939,41.17525356684313
32441,68.94556266375862
12829,32.70644897256787
25842,64.2844255203751
81900,26.87619765580803
73960,56.299489975915996
91753,52.28423232334835
70639,58.588312546792515
56106,58.30633631294367
5537,49.053337532832366
82446,44.55229294989918
32336,61.93331733128992
566,67.0287136400839
58065,63.553981650548295
46310,59.48480094808763
14603,69.19973779121317
42014,67.73726210258879
32516,43.035887199133356
36857,57.365092238692476
102043,42.54575866259286
95661,36.23759381411345
71228,27.197816069751994
9313,40.46986905462507
4158,56.773999588155476
6352,48.09498780929394
52078,51.26350474201051
57855,68.53188447639027
88664,41.88749171367275
23110,59.47011796769997
51457,57.42244508213055
96754,60.74698073387364
6367,56.35013069244113
38331,60.728764403914774
52384,48.49017142699189
88716,52.47287096003774
86307,58.14605487786536
81381,42.5526660252958
62794,34.60523867420393
16300,71.8507940113744
18214,66.85326758257682
38966,42.6637728663898
15416,69.52353404536848
30090,40.015856649319055
35959,43.15862830417002
78288,58.57544464059017
27064,40.72595550932991
27432,56.863283846635106
47652,66.38474167851295
67339,62.22919519616757
60209,60.20300988532751
26276,51.220310393319934
26140,58.7586906430577
25384,31.650215065737612
23495,56.4176579528863
71956,47.986428571592796
36725,60.33436836110027
53502,68.05324988079701
77018,51.535049029250985
84849,42.88688490473001
80208,36.3195020138702
24394,59.467230513504546
25323,61.803989635245806
11328,59.14869604681281
49741,62.73577730619942
34675,46.898572998443086
53957,43.52925051873347
62793,43.79522761692554
67265,69.53276939883051
76269,63.07667702726254
13202,61.459281143469816
69832,51.081843577936795
97199,37.844031224117145
74382,55.98479641441753
94513,40.69314135609883
62333,56.103389719647026
41755,49.38402984017203
54662,44.66093289661272
67782,53.33861787914
49847,70.2653784404875
27969,31.920584276699483
77232,56.72083559505847
62335,31.672724606448117
102242,43.65773789284761
79039,57.083167052129326
101330,57.54591120483972
88455,72.7900144527353
101471,57.256896429743534
14787,46.939875078822595
53246,63.46907539122326
75675,65.98648746109203
94976,31.54775159388635
35591,60.58872763876067
33772,43.00851943452688
30570,44.95475268131465
54953,42.01267267217029
465,56.55730262629127
50710,27.793944942857344
65041,68.44415937414544
41516,53.48332981644328
102623,26.68836194480616
12068,54.376942897552944
36713,51.275775972585464
65168,45.292849957424735
18686,61.221568603496955
63152,61.2020953963802
2352,45.25741445795214
23513,40.99989582965483
67159,58.32103914023956
100107,57.331126904361554
10145,36.22937267367221
35717,51.57569027464654
36635,58.951069471566825
62296,49.65138634118675
92229,44.6610744202742
35198,54.64603925466785
54440,46.789707692630145
38159,65.54298371320891
85684,56.233037346305736
96915,62.36960999899885
44821,66.15313030294013
33894,60.01394865530835
49734,35.4075956633437
37373,59.08228015106913
6695,46.469219113834015
4224,59.65959276706982
11321,57.741456436789356
80719,62.74827730619941
90285,40.20857240119212
41031,34.96993284534219
92323,74.64486562765266
79871,90.61051564199457
41149,44.323134545273035
61613,58.23262811925785
41255,38.03712141623007
42581,49.72882303224183
21184,70.33429924657098
59793,58.23378627315129
91334,39.60817211346352
29453,50.86502803267386
71548,45.76730604462118
13191,51.37004170540305
6945,55.95375345383533
90837,42.05812443499894
41351,52.4063335634554
50533,59.511260947349776
75608,32.0896622896572
79212,53.604737999483135
30404,28.418021126992716
94318,53.21307816081483
20467,41.31967296862312
47686,62.69681625304962
28951,68.25380158050811
5718,31.74873631761778
13463,39.40101574668329
65781,34.71671613285388
19805,53.32384133314975
97858,54.54427796141115
47519,47.17275846824732
38585,40.35551740927438
32652,44.26186543163248
99892,60.29986237911573
33221,59.397837783268606
45326,57.58246819192473
26565,62.10692927200587
41754,29.797780318295334
24750,53.74247388354621
82293,27.06741013742396
57696,64.59619589359313
39349,70.6074760242892
8303,70.51283329148755
86667,61.15776683835316
45706,52.04629356636912
101939,51.986459245092554
64323,55.81067106307335
93061,60.37518085617058
44092,49.73352889154672
43328,64.93588018505588
51452,61.499962292751846
22920,67.2917771719984
18625,54.02123466223219
28655,47.133168744967335
49357,39.07166989166695
90058,65.38199772078539
83250,51.18748171817899
56187,61.1074581460949
37054,41.16133403518312
63090,64.75644827035273
83144,63.42493216067709
38211,41.35700872773453
58017,51.96721457925817
3205,61.61160539033865
99109,74.50943707092442
43145,61.36581457560508
69415,58.77293668259072
82205,57.71734544888669
61289,39.49128008697296
35805,69.20894810451787
98039,52.65427237501237
50818,59.927194161058516
22847,32.16002347978959
77007,58.24056442279297
76431,62.33181550690694
90402,38.08357571166153
869,42.64899368772048
95516,32.74978537474558
47707,24.47854996093021
10705,47.85647640714819
93698,58.426299336991235
85774,58.29649029921583
39457,51.04837811705572
74374,54.70454765974196
90577,18.514946989426235
98318,27.72447181504731
89547,70.44612539056641
12377,58.18451850359877
21504,56.05464677245505
20619,43.785662175240674
61374,57.55619467781633
51455,62.716339514117614
65396,54.97972452134848
67015,53.259597158426615
63210,64.11868716523884
25318,65.90835685812935
5312,41.82699508947088
44189,45.13721060926147
72154,68.05839626617431
40299,19.754766128567244
85702,61.613085160649625
95648,59.88540073921156
41053,65.72432620669441
53121,49.692540198420254
60304,64.65832674650753
46539,62.82875913778015
36680,69.93755111541137
100251,57.49908897648779
101540,62.37271774029301
78027,65.85679145745918
83562,30.972810179640682
96100,68.1394883753016
36005,26.460429695655748
69200,57.14252615938162
68957,64.51904743948181
17647,67.3320138262988
76558,34.57629673490526
15719,56.06923290740067
26106,62.86923133858911
47600,35.15207793084128
34981,35.54314253818937
70733,68.5442812411848
38283,56.51403475592313
35310,51.190845754475006
84393,38.58361477832617
56604,52.626679875894666
36829,65.52388462040196
51296,31.94683201727613
61407,49.108026189233286
44434,45.171386587023605
59270,53.46137027160045
24248,31.375036205679766
9762,59.02168336926437
575,64.87228204577654
19628,48.78565434716796
45947,31.04716380393987
84205,60.253876785627206
70169,55.10612094824956
21358,51.72333992784855
41037,60.258392699298135
20033,47.29573597256076
73234,54.116052635294466
49191,37.436405905628376
5001,59.15240067439107
79093,28.974868102985294
69272,56.922840185983716
37366,67.72183067456831
98022,41.85273855852639
73482,43.06499288309808
8489,48.01353500050543
42706,69.3084856372609
57602,69.430060703594
9403,59.27503004090529
8976,39.22202174636439
75569,57.995162801197445
20771,65.02990518249848
15075,50.37069008057287
13630,59.88068349080814
51582,28.57875345517964
48196,58.38558296786033
24712,62.26797290148046
58681,54.430896883996304
96744,68.24586747068685
26702,42.80992461435178
42633,63.28759171861069
9580,59.26366057131303
11693,53.03839507279899
581,46.379209182253014
83772,23.72234202947077
16082,52.78222847001484
32005,46.94867295060693
19601,53.93266681344754
75368,59.86697697668624
42064,36.92783287708753
7996,33.6849153773395
24573,32.92545891185196
29097,60.039987884149426
1757,65.43109069206801
93134,58.09046776090219
94492,60.08184850215036
42449,60.75157210968111
11529,24.369035475556288
36085,47.557320544388915
5375,43.89823290948558
70755,44.745533943799245
8271,67.42908167527891
82319,48.75448732026755
10498,58.90017732287584
95325,66.84689278496857
51401,67.69429325610113
21117,38.72687097585892
97041,33.15152689834238
46754,63.689583932944196
64223,47.444230574528376
93802,59.35509301398854
10937,57.72079033156267
22675,50.27759282841148
16128,57.80957873345467
16823,41.9590463157791
67977,61.20938034308274
17363,58.433375902748395
47698,53.19274789044299
98982,49.11298067710573
59540,69.9879135991068
50575,59.85788117609287
95241,54.15307402182781
58229,58.63512793628283
65560,52.18316805873652
15876,48.72011344863304
34254,48.92109718670197
40732,56.28703901664972
1435,54.599868459621504
97471,39.38632359010854
65953,35.87943056424049
37771,56.40732044945612
3543,65.20040875322793
71773,60.31979211768649
95839,66.21579876423745
23857,68.25927653542183
71140,31.0941053673749
2966,53.466445220009646
88572,56.120595649328834
13767,77.9721817742007
60379,65.33968224402832
30597,31.645565201224063
86099,68.91026673982827
57340,29.323503756793997
75724,50.858341112347546
3796,50.158914402950415
79610,55.17483841759103
84072,53.86051922829359
99908,56.72901995760909
23374,60.92307484528978
39735,42.56286206109411
82896,38.11213761553987
96729,67.99603221703028
74944,45.31850426574926
26371,66.71913513636659
17863,55.5914031800956
48115,68.43468283734272
90730,42.8365800285432
45546,55.29648809080286
35868,67.78535974282876
28067,63.43522888446264
57165,65.43388539874994
2396,59.082822732527696
64833,39.561874360114416
7406,51.62190263019549
16844,48.97975128292263
98841,31.65602522528944
42369,58.466888103884614
62548,45.03355766593731
42697,33.3530919450574
13129,68.39260943187938
49221,55.253346671185426
90570,54.48812279293182
17424,42.10847989795405
67749,41.19627388172093
74635,58.77202163230218
99972,59.18697130351425
31379,79.88775534981
5153,70.8618343897045
68835,68.91574919188264
70473,54.83609233557837
35138,58.00774533302472
42487,57.35450323550792
83626,38.903398397204505
80700,54.63130386983555
44257,62.66311569712395
82563,63.37496938069697
36486,35.4599512533935
99591,48.621882581567945
83505,65.87715684459971
14343,38.01971662073906
80552,47.109773426467676
63370,47.889909753155436
5588,57.1795092019428
57773,67.3292211241373
87213,26.683426976588066
66543,31.326017582087967
6681,77.79895634795001
80845,42.24756521979775
74433,41.961622109634334
24836,39.50581436906927
102056,64.63014349538693
63599,63.72284752826371
35631,60.22557559395267
66898,36.28107357153755
81417,31.226599751595714
12316,43.3178894553395
88863,31.98298471751733
18894,36.240394505363355
54050,54.825442318861505
27819,64.69775817981764
50078,37.1164204962118
15834,56.50558747840188
90981,75.98725302612839
70439,61.221800371955176
37030,58.16169322782899
11503,57.76465868726535
80966,54.842659106667796
72773,59.91549891055829
28794,59.93668893929262
43332,49.39031651558895
39604,46.204717346861045
4000,37.43675613280568
91508,48.93557994859254
95361,60.89224833874596
96131,59.86980179927441
77662,34.64320580662788
30368,58.28467361038951
62253,48.881642743617164
74900,57.53302792039398
38009,68.86302438905697
51374,45.97881172109871
23032,60.59571532856288
77294,68.43468283734272
2836,46.002897370560916
325,70.96265333864568
93922,64.62236154040531
62806,51.76338204816557
36437,55.68787831513803
57175,42.40163442026082
65720,90.00201564199459
49073,62.239560101157494
39322,37.91146993135128
95117,69.71702365770598
84328,57.2349999242275
88280,45.1863907330221
63018,31.708876989184287
37277,66.11080532110515
23017,83.86771385016716
52788,31.815688085069063
1874,64.16853173431971
101119,63.54356532963654
15901,54.05821742707069
31148,58.04098153294428
97430,62.87569734921969
32231,48.64469268853917
55337,69.2402485623437
94489,42.429491306921115
49481,62.772681896529996
67653,41.045245785184015
11235,36.10049871949
72257,65.78088004012224
30773,66.96250263438169
75935,67.3966712334535
13338,47.775611008574316
97119,48.579626963436056
45562,49.98491781810497
15861,58.71557119389897
64972,36.57112187292534
84869,40.70589740808322
75908,59.83947166805595
73486,65.3904108778058
84695,58.35880568881554
71258,60.35510194286976
93657,64.02577263038702
6003,55.488223132006105
65986,29.173467531834323
12508,44.90040989808478
90152,55.326764352923234
66533,59.629703900516624
51479,61.502622923039496
63114,58.45417239692625
37159,44.07821865925495
13906,57.90316213322518
28280,60.70083168182909
55813,49.74298877042256
100695,59.31012732096348
35773,68.58044200220218
49606,66.44832849211802
78737,65.69562587442552
50992,59.42016353577682
13132,45.10209801498426
35575,31.348621825179478
40833,49.02835516386134
56130,39.39094625779396
52822,61.70457292077599
81810,59.63759037536921
15936,58.65646623628896
25281,65.00380712087247
28496,32.96798132698159
64429,45.62893492808857
50279,57.09787093840874
44614,48.877686163445695
28272,40.275561669504256
58931,47.56455443380626
9148,30.1884402493159
80656,68.5442812411848
97635,17.989794787932393
23251,19.976311138493642
76935,67.53543506497705
58766,61.4508730009733
57960,60.71892695675917
3565,53.158448927166674
57502,29.230423045502377
90900,58.30839292726247
49508,56.984772273136215
81551,48.50294469450045
861,40.32762175730407
51288,26.668275256972446
29478,62.11706896274316
36833,60.16262671717023
98056,39.105476425774256
70048,69.15589679606548
46514,60.568606807142935
37038,52.71033686506806
45690,66.99983451682338
80501,44.45897022643862
29698,35.576705937844565
37112,41.297533912610994
85036,57.788819117368185
32657,56.97832947572205
42312,31.393748386362983
18577,42.64656567924982
76846,44.75482455776644
83764,59.69490618722686
8019,58.79227444100307
16894,35.40179783986166
88212,67.7999503315471
93889,65.16488009956865
4136,39.52875393424138
50330,33.855150705573436
3778,34.415178821356605
52419,47.587745419769334
70491,52.07636554414537
84139,60.77481956461455
83483,42.024743403029746
53226,34.03736801869295
23338,68.90896812275493
41910,42.80635154093525
62712,44.326890221658495
2232,46.13460354799665
78382,65.2785814807542
85791,49.88898683785085
63385,64.51571127642772
17870,59.191269306496494
16653,49.98582470293178
33655,42.0303396535821
13313,40.77013066490139
45807,62.74755782315579
84369,47.37863244967233
68583,54.245917413158224
13022,56.20703124418658
97771,61.71184825202968
25793,54.04389203146748
23057,38.05760198373545
2483,43.51868562799778
65328,60.346285006300796
23220,49.88214734434538
77031,61.4872175595204
55881,41.89119504013095
37272,40.842988412039816
85700,64.194844614347
9638,66.85805822103292
12069,59.19301279339136
57784,58.624544518509246
45032,32.437124163865704
46383,68.41240543613172
54933,61.330846933128505
78348,38.824295044158674
101128,45.31817693931684
100366,61.62375549254598
64562,38.010832698538
59466,69.5011486856004
82052,62.605969029985516
59487,60.529036926092424
98838,52.207459610011504
3894,52.32509555759423
4769,47.77151762911019
23350,45.64275738861275
29974,38.2676994647465
101985,59.06807667442543
64889,69.47659385378927
29395,48.93984266256036
26927,54.79696082469111
43696,58.336767436023635
9073,59.22293627545248
7294,57.66780150628206
33181,28.88029174223933
56940,69.37088417146964
12374,53.4254728541234
9200,49.96166220246584
18935,66.44130754373158
60666,56.082740665695134
19182,51.91919456922125
63878,68.5442812411848
57565,57.451144490345634
51319,59.137000668047385
68591,57.73295065689815
32933,43.91914983030948
36667,61.765314288456686
8559,43.198239530518464
89482,34.37757711447708
91129,68.91026673982827
62673,47.30260658346522
72919,47.153885137892395
57433,33.551979257478564
28132,57.52281376690581
18738,55.77905435882015
86804,64.28612209025468
8187,61.685512635029916
11542,40.9618455089298
97134,67.66998050903058
78341,47.60263949427054
33968,66.72529691783556
102561,69.68023889695581
64702,57.80995568907299
67923,70.68281927663344
31105,58.16002874893197
80212,59.488435493382894
17690,57.70157891419048
100207,60.99843364665582
43888,50.058511419656625
39288,44.792155120505925
46694,57.59033338996834
29540,42.84111104160952
26602,53.37539172198321
4362,60.57525537507912
56933,25.2469654375166
39634,49.46956600717525
26387,57.10583573143962
17751,45.41273271315442
89132,54.553223830189026
13027,46.302718400018165
53817,63.594294664602465
88920,61.94546270396463
74595,64.57249168612684
22153,49.82684011400198
44836,34.96718481186158
26265,51.06226240224868
3553,35.78008961519997
25511,61.17110810616507
7976,97.99425925925927
60859,57.34518645583193
88589,66.84585934789267
78080,50.76218401191606
42374,48.55899587943336
22006,60.63718323275643
95576,49.15073082242755
17833,54.388401240758206
62849,69.25269768883278
1378,40.784520122703015
19657,63.687960401410045
89484,32.713954027836756
26332,56.54170243740612
60383,52.03451837632272
58937,41.05631801350464
69738,48.0403145204401
50942,53.116442955102826
67135,41.14059583461884
17081,60.52495576887275
85513,65.56131563644134
75585,60.469054634163804
77250,53.81529417328784
39805,48.36129826722068
10549,50.85471992910276
38957,56.03519926476681
26760,61.4623383584054
15383,46.411071242787536
54657,65.0067254130026
32612,47.0425062999901
98651,31.930537663648508
94652,42.340244600408475
20258,41.541042773303104
4042,67.61283472208405
79024,62.96372015071351
90025,23.853914597044536
65180,53.759373490242496
45739,55.38533164269841
84264,61.33377839791733
2553,51.14380612131359
1669,37.625216419018855
5740,57.72787958159127
91453,46.75485512259574
72115,68.01405603776762
4483,61.6857769363924
56739,30.769207097217144
86957,57.45621439586522
101523,53.411235517746455
55546,63.74365434443643
51235,41.221116331558484
71318,46.44490775488893
48059,58.3738809410836
56058,41.21857683253847
77501,51.72524991213474
94442,26.472682701579732
69204,68.53481871828177
24699,70.8995014744736
7924,52.13984788575779
48294,48.650461643432045
98772,50.01841520721961
37899,23.730388483947305
93300,67.27833154519169
5279,49.370123644116035
6650,58.798604764397
2779,68.98709084591276
29878,38.666854888145984
7358,56.29815690656785
92309,45.698641417054866
82169,39.97019930856516
43171,59.60376126329509
51232,61.48240114894743
7012,67.04205888918001
55944,66.73145334899534
94017,61.51493385149267
21087,36.34163676048006
74511,34.253055877914896
101907,69.05783256599912
42306,42.139116488096015
82234,50.98036880895403
64075,59.305702957423456
95807,51.28926776459834
26923,58.685830334883605
8723,65.9816168522063
39963,42.469380173570315
23219,61.22517922999022
33790,59.40090659724381
60625,56.9417783118355
50728,60.89657846669882
18980,62.18233738253613
66441,59.03967905222699
58934,60.9081858180293
39269,62.94505754377871
90300,63.98608837619872
19357,49.52368286151295
91346,46.037835178851054
55607,43.62579915309113
58874,51.893738895149326
29665,46.10592519570213
25036,60.32501666701845
6086,69.9879135991068
42168,41.65509569210363
37174,59.88768899555629
52397,28.44692926551816
35293,59.01252320037692
100869,69.47659385378927
6822,63.91645566181378
102098,69.76266556220239
40623,56.53508855959677
13402,51.75249201680124
52396,63.493521457649756
91725,53.11130743370082
25200,44.40692146501948
93584,49.24556063684884
71119,41.809931035661
66145,41.01804646316598
39258,71.65134463824808
11422,47.18117561549721
38077,59.96374259239325
75956,42.5620394900739
62509,61.9123990460276
102080,48.058821363813706
46280,65.00720096667924
288,57.770401733285205
59905,25.18628068637262
8375,56.433833539926255
2560,44.056870956813135
7084,32.91188517398104
56207,56.135324460245265
91447,56.77173125373415
67790,47.53337793342582
75166,56.85661496052043
99185,21.05978191951882
61675,58.37191312192022
47096,31.95217341206355
87263,67.02263882824869
80132,65.32616467808066
93683,68.24586747068685
79852,64.75946369191283
5647,56.12800171302612
69601,37.926701675329134
28644,52.449095462592766
100382,49.731902770243686
63971,53.41016312522931
88541,65.1136328639237
20263,36.33547855584245
69077,34.269819041866015
75648,40.86952675767395
70371,49.79194442535497
29020,53.56444874011225
77541,62.053879077432974
72650,38.7248010327738
50558,66.57852061392208
27173,67.57844877065
88534,63.20772391649076
49261,26.182102605908423
77021,42.01877890774937
58842,56.577692586650144
98967,55.01554617365392
4550,30.2453040806478
59655,42.10671811567799
9180,63.54509892059188
2290,68.9589406095376
27092,61.04490745808118
55011,48.257144335716994
90466,35.43901697907082
78231,61.70457292077599
33334,83.86771385016716
8887,60.035325866089906
61458,60.739081318384386
25501,48.0321908214903
14567,40.92205265322362
3052,59.02507237862301
15459,59.45120077181964
17498,58.471416171706466
5388,71.9712926552495
88001,53.37239675202997
12539,70.29153344323512
38127,62.65267079971789
3127,28.10291218773882
59243,68.19847739030513
23156,39.75071464419031
45945,68.62692843791551
2537,35.3879099090928
30334,41.12218576479429
72479,55.53346020123767
58603,65.502177356684
12639,50.852031441765554
3562,39.51594810014212
1981,47.26803742555369
89250,56.86969718283124
15424,41.36682464678581
7631,68.96799133955341
40282,52.32414728637306
4754,44.325192961617574
63237,51.339265273596155
24959,70.8995014744736
80843,66.23190894034673
80310,60.14401535492791
33470,41.738874862477324
5289,53.0835841488787
13671,59.24986101650431
15451,48.19518498134501
8238,60.04743827254175
34276,36.59804410085555
88107,40.43477218700757
26417,63.27346387323674
62884,53.190931433838394
37922,67.66071459345848
18663,66.84788048913097
94669,51.6158354615978
15685,55.177630561018965
38224,44.345841533346594
31332,53.01629062909193
19840,56.140201086695505
51789,43.39214295751062
52387,39.918428779742364
65863,46.6486397575006
24286,43.43586063993657
89421,55.58268259807596
44185,60.67916812607049
60281,46.79122508866383
87223,56.21436816057111
83578,41.59240468929172
89676,62.19251554277637
15458,23.567440324180875
20408,66.11657634977665
70508,49.2298046001523
55143,52.563674193683376
29725,54.744782560327984
97407,35.08930030537856
1788,42.48237049402776
32097,64.14449049511246
87982,59.35218008350005
58786,68.88757116114257
60269,60.021001735281615
7348,78.53255974856751
96719,59.77373358421985
66120,64.23753044756
66006,35.252930291369054
100477,68.98806350958637
30167,49.861864719125506
35161,54.77757936059242
40492,68.690325069865
60872,54.324527862365294
75737,69.49059375248476
872,52.26581520975893
88064,61.522085414913114
67705,58.51601346591581
30197,55.44388329915332
99755,68.34649530830035
100830,37.27034475039088
91667,48.82448852912385
52918,52.438499087870625
62459,58.277449343017544
25570,49.760096611978064
53821,49.8338839574524
56460,62.32858450349724
34637,12.578254210112544
73595,47.324709637842325
39216,43.42839487374726
39077,66.38466890851707
36439,53.14161754534438
50527,68.97208224990545
28543,40.74223336621415
78562,48.066525685735414
102001,56.27687446852493
95455,32.1134465634025
38770,30.479473363359848
48049,57.21423247056026
30012,50.93523261783402
78758,61.568081325108544
75385,70.29153344323512
39148,53.5710505539507
13533,41.366840166439935
34191,61.36016020642579
14528,59.83947166805595
82075,48.56124133256048
66851,31.972264677911976
4975,45.73380084530843
81198,47.382851633817694
32252,68.51847791131117
37091,48.69690203032346
3293,40.195568863348065
74216,57.26133279967541
87411,38.977280031791665
86807,66.41765408181331
6265,30.483799376654957
87078,37.45630823729191
75481,69.37544217625641
20978,41.93169559544763
89998,58.128890283967046
75280,65.07612955409263
68654,49.345360834111354
79440,33.17841417396257
84285,46.65031065125003
6840,36.62014127870294
49222,54.47255043376926
58683,46.54679540873534
34555,66.00513404396268
96900,41.607059412150065
15886,42.30987293316571
14208,69.43592213398017
102671,69.69821695417824
81455,37.170600517172936
27613,40.63920410036863
7979,24.696460761868437
24484,58.47434420002101
90193,42.62275431019445
61856,56.72316177406235
35106,58.07239422720343
81744,39.71230401103892
44669,23.812544106976198
29314,31.187459787346775
56756,67.3292211241373
6014,60.52118711599281
55949,42.715770374989546
83329,55.62740241362648
34262,61.09970608405103
44640,37.95301921340442
27785,63.96258245598828
11930,51.3034646628112
48530,46.54537817035356
37233,65.04998447923582
41350,58.94187329318398
58372,32.62426863118417
79507,69.37088417146964
49273,51.690005586528294
83741,54.24725634713505
39739,60.53574036217561
46140,50.830326795690965
50169,57.28141234385199
48309,43.22601175610384
85870,53.5393075763929
59604,58.83235977798365
23462,36.014801483853056
76644,48.52553344276575
32724,57.54661957160307
102279,41.41573109074521
65065,61.80503586678241
92662,62.04656885898199
73642,48.380567487768765
89699,55.561969358120415
12085,57.10368225757268
77309,55.28864039012235
89722,62.636197253222235
23603,72.09480801904243
15495,64.45563409316698
63222,68.799877593947
62560,43.45294143165516
12765,33.94924800578955
80908,43.57718596480665
28450,27.69064443245153
15344,69.01789028982449
82654,46.26103800557887
47991,55.78443420040262
55726,45.710142841279605
36818,50.15400340902019
55073,28.20994656119369
57615,57.648608080869515
48270,48.570839965675376
72855,61.29109895317545
37365,40.07629780212665
68955,29.368885556889225
6264,51.24618636271208
13326,55.70897463472994
25251,48.47900721758344
89742,34.46765160545808
16433,50.88621957854788
3523,46.54536746634029
48037,69.77273798023376
88094,49.39473077829448
34239,66.90071142248563
89821,55.00371356331191
87931,59.64985715083409
21039,63.15610158306836
94211,40.04334125006256
66122,56.09231733189797
57035,55.270378011063514
47954,51.844537499835305
53284,57.59937250129736
70424,58.2773370014732
87134,61.21521983648832
30555,29.861943442176962
26705,39.209840304230454
67827,56.577211740364504
43399,52.34765844521406
18826,46.24113575897178
85491,61.201520941064246
98760,31.303775528170767
43364,49.503069069578224
56708,52.88788947639061
24115,60.5879597132307
38269,25.63969940659521
89052,36.0470052342751
3065,42.974332424763006
22746,38.93740036417341
95830,69.5345169098472
76875,25.858238684904418
80376,28.55558045999294
58348,59.84291849636449
16559,59.94479645155421
87976,37.95782752863559
62069,60.469054634163804
56919,67.19125955563506
45769,47.63797207915286
60397,26.06375766756071
18428,53.39262352344586
82791,61.70460657615292
86019,66.96853484727318
61085,59.539874217052954
48680,71.28110487985947
23403,74.75956806669255
12744,59.82102242439913
82991,40.89632477857561
68038,43.32665544144662
99204,36.943227006417935
5046,36.26194833403625
74928,57.99944825056206
55294,59.467230513504546
34553,62.462976019966106
44120,58.51715553109574
36475,41.54630905537746
46848,59.736694264300404
49232,65.32150836739432
19238,54.62720147373325
91776,36.023673277791346
93605,55.13229245356196
54053,64.87592023412323
94659,60.26575796242872
92514,69.57304294355389
42228,56.20719539272296
9259,44.387697733826535
77319,20.075476769671802
58653,41.58894579362539
67411,68.78315268749213
65144,41.725088080197565
44552,59.56621140513854
73168,60.8372962777838
11376,54.91321145725303
53041,69.93755111541137
68558,46.99422634572852
64119,49.374695045313175
35142,69.45532518234543
55947,62.30590313358143
47288,60.32582740817321
36577,55.83097697210619
28835,57.533948376623414
53194,23.063141524188246
89643,63.3497561908978
55335,49.71738552700993
90732,37.3252532854941
59354,68.52628312367017
77635,56.417034497807066
37340,42.10385756850831
78605,25.021712995053175
45646,58.73352077625424
69544,54.83337569541347
101327,41.408656782193304
100381,63.88571177139593
23525,56.81330383421764
24416,40.57950289982728
63705,49.97016589329781
100000,64.58500129039308
14212,47.63687842820672
6988,55.59422054141549
22228,42.29769805623658
30214,62.68933699814037
47761,47.4904419996481
94164,48.157638793322704
100406,59.12475447411275
99133,45.92090396445695
7842,59.90603689481237
93271,55.25861053005152
2780,37.14731624886981
16044,63.041685104064555
58124,65.53478925292609
96861,27.638195890412835
24716,69.55775688562493
13228,64.76415758527483
36417,42.37020921001292
56285,67.03965952283548
63595,58.26924681640308
43891,37.476102240550546
98028,66.82481610932406
76573,39.087204946568306
49156,61.514940827754124
49462,67.7877741694571
6402,56.15451133255916
92170,57.38780680509604
93766,37.61631815666099
42278,46.3490037464297
75370,62.248867961519935
62615,65.05031653338841
3962,48.77922245913524
81180,58.1069665974895
99368,40.49616246568795
31973,42.700169749862525
57095,48.403761146927245
59175,42.677998472011275
80264,67.76745545966237
75028,63.313944206361136
59026,67.41275257493575
62150,53.50403820318223
81325,49.12561348004351
81057,31.105900888345086
56474,54.77024091125375
92635,40.14215326881244
50228,28.55679408271869
82866,51.758193048051865
34157,61.76435140751069
87569,39.72232367787577
54027,34.49516355378251
83942,62.93415886941439
65665,61.0863036220174
100777,58.375442180086836
10589,53.37858512703886
14520,54.3434447096175
38083,58.73350002714842
80726,43.91148974271869
27609,63.78825481247552
93634,45.14082898871756
54512,68.366267249158
57672,66.85595522193331
53186,60.009131799719896
7014,51.77941504972978
98362,48.113579415246896
19580,44.0409187775404
96611,62.767937750038215
59766,44.017409164932744
36798,35.56221465261961
79495,55.23101725913125
23277,47.62725414442347
22041,56.7517388638376
62544,58.36432990074105
10450,60.27359581853807
11259,59.51654627650595
40727,60.2030037075844
16280,43.473038049081495
40230,38.356019939547075
2634,32.060330058390925
78535,44.28405662810369
58364,34.79641913405381
47070,39.34691300499048
7657,59.11084274719578
99450,65.66817956547207
86076,69.09014623973694
7824,55.75406297186355
77440,46.57877359318808
77868,61.16821219741402
99660,59.4966589719319
88369,43.48405397603617
93831,50.94431944658419
73292,45.60526873114876
70748,39.718751558145286
87056,49.2988704976455
77033,57.8347811139971
66358,59.472643872403715
19316,80.84336399014626
5766,59.13766433859034
39672,64.36433416028552
16302,59.48480094808763
24780,65.20227963234923
72948,55.08370981853971
94228,58.35426608807681
5928,33.44331987940802
75791,26.233430106656627
2920,77.52746095283433
19472,54.04296596752546
54698,65.64541219920619
37504,59.237188027760766
72012,36.965557954294525
12347,34.933460360592065
26364,63.89404140591998
2708,64.84798691209659
26968,66.50688436471496
1217,59.74993357992113
96683,44.70727010544903
93838,67.89099017155255
36596,34.24273404815491
91814,44.43277890948967
40212,36.44283097573876
51774,49.43892875565864
41917,59.64430978444593
69811,56.52449899258799
34909,59.98337538788507
74623,61.78588139858729
58569,49.40651631902044
30439,57.29052152400366
46162,59.48404883182148
37286,52.51033472821971
77558,33.36250896380805
71581,38.07104683036644
22760,53.01402607302598
6381,35.010799478483655
19958,54.66165270045957
5403,47.37066937471792
47137,59.27010628387884
78325,29.664401672959357
56527,61.530793491223534
44089,63.07667702726254
26354,60.64002343216143
73733,39.97315952809139
90191,69.21786456368582
69085,49.4379595895404
35820,32.43726024470484
89292,62.31480111907151
32527,22.402371310182303
82083,65.33453713354034
101416,66.21877558552484
78707,69.03093982567262
26482,55.75423151208315
98904,79.61485572835471
95731,51.42080831253995
58072,39.901111605045884
8786,45.68588392303729
90495,67.03621032712674
85718,56.774034452950175
37958,37.40590426124418
98665,61.19271287917649
36190,58.68169730027373
27464,41.78264502679362
9815,66.35469068297073
95545,33.70319613144296
94568,64.62358961067515
11612,67.96405128670365
93815,58.662815864553664
87841,43.53783868873256
99124,42.53531686152861
101559,65.44467965229713
67897,64.38000846283774
3690,53.05415123455126
81988,57.772540767590144
2471,56.14321749745785
6762,41.75027219928647
47985,57.00101931970275
83351,10.219972055661902
10626,57.21741308653432
31443,58.249132055554156
38630,68.95189483573647
83704,67.78535974282876
70591,56.70298236716628
5095,54.654380489896546
102582,40.105214656701406
77683,67.69423098647613
42666,42.49579100892377
2204,64.60230389959817
33418,58.06907906584084
67965,59.95271860086044
34534,50.163606088712534
54652,62.28339278917054
39899,61.65563412618483
72057,69.17830684939703
47655,68.12714066647793
59893,51.38573943859127
101694,23.07041493776922
42197,57.99930769494442
54606,58.83866752222817
30809,58.004384450345235
51558,69.05800476764483
35408,40.273194382303785
42504,56.16054110691324
27730,51.564317253233284
64035,35.92451439060313
59672,59.121134858675234
2076,73.1974504034015
83387,33.6734455935961
39819,22.403917655152224
41896,68.95972508214165
95008,60.739081318384386
54346,35.32742750328966
60290,58.56409151571992
74616,40.43723424768654
13994,73.26397894436701
25362,49.91889694028912
35576,52.983523258613
28607,33.13594347611389
28488,61.062794648094794
90694,63.74642955855481
90347,58.11695762012033
11923,49.94149388883567
29939,57.40397562440859
42872,59.42805820246271
72118,19.93452262901802
100955,60.32314075327839
37299,41.727997441011574
43784,59.981074328440194
14474,46.38317230119544
77192,62.93415886941439
10313,56.420238378865776
20484,69.03444695762266
29351,61.48851935443389
17798,61.6462151017067
25277,52.11975892544715
97660,42.36964068129466
57995,59.04598666569663
63218,66.55739807018774
96206,67.89937438408066
52514,58.223865878586246
49463,59.231308735791345
82882,66.43918638751897
81639,45.74004720823525
29146,35.397195388245045
54559,54.22187759465321
77924,69.9879135991068
46940,58.70322724760074
60839,67.20354574178627
97256,46.841719190801705
57950,46.47213538570743
60720,60.70193513036782
56423,62.975709158935054
99929,44.49528964129584
71748,28.421175174965523
44621,33.75305890610703
12971,76.15552744470187
28137,59.07873962798038
99369,33.635893703369014
87221,44.95241401471447
34242,34.34140668405167
21748,48.70171437083857
74031,50.02064189467354
83990,68.0120426888327
43218,62.563797439555294
83266,66.69666157343829
31063,56.722581945147134
12574,59.464796734057636
6020,59.17261799011226
1584,57.37954866963504
81953,66.11016032345155
64659,48.546850980666484
52583,42.889143751472986
25935,60.716900831772826
62887,61.05674525163588
80104,59.786081841582956
25034,47.93007916849492
38295,58.7100605500518
64660,58.40329270228341
17924,37.835528525672906
53040,55.07406124766714
5644,56.272660344038414
50866,57.215263044338656
92600,73.66578636698519
76824,28.119579722373082
32096,55.289142028728584
52764,58.02635788768378
69803,76.647433955961
20572,58.19670916243968
89025,43.04112087206168
68865,39.046495743021595
16518,63.868971854464064
95624,63.08652195702834
18245,67.04205888918001
92251,67.58614498170107
42613,59.5201287625514
74999,57.250551675599006
25872,55.73977072569232
82515,59.35060881472211
12801,41.8841432559702
3069,52.21327015502552
71575,55.35133765424797
18768,73.26988419559316
53935,35.356108247692035
56792,42.28441510603145
21088,69.37044712023277
38475,59.57436247215548
29664,69.62174448622004
5125,36.793896037664894
97655,68.7097268274011
60215,58.825724609483885
95746,76.49273725037628
48150,55.73998902400588
17421,60.379645369527786
23547,65.95047199168518
47452,57.935928389870426
78763,43.11965673258286
22672,45.73534812629317
29587,51.87333511410435
38541,49.70786057146064
38727,64.44100490051846
48077,40.11909150991924
47382,68.73976484576538
83299,63.160034795472086
9327,59.820705136284175
75395,60.12777291640048
23580,45.91320255758176
61051,68.86585417599672
14308,25.153241386504384
53698,46.17855675280887
44235,43.82397212150864
20901,41.4834753971494
95707,59.28954570949648
100872,52.55576977329978
25311,59.95185827687611
77126,40.98932299966737
87660,45.414406654215696
81790,24.602892481304348
43994,60.15424336527226
42909,66.72660284361977
63923,43.86811017467199
59447,50.19434547066014
17425,57.95891388145102
84527,55.654164577613635
85064,44.65324312336545
68499,60.58162632851823
24414,37.88024770348037
100981,66.49528851183466
64016,43.79510207919416
45367,40.80622924280698
63727,62.45038804399881
89571,50.878323573236976
22049,44.487990069218085
25287,57.69488153960161
6041,51.62314321614442
91490,39.16572268814289
89829,57.955780737819424
72387,43.63467463946914
80116,74.1075852245771
57549,29.116081300879074
47744,41.45230009032308
13388,53.67770942995774
52644,44.873352479495686
67513,46.219804253638614
27868,60.728814968576664
46431,58.401303649745
81255,41.95416581472248
21586,97.99425925925927
42083,52.61232098837434
65055,43.46681637359767
74915,63.31341166127328
17202,26.876596190088485
26324,71.84637781107104
68363,43.305037315387374
87743,59.74672768274184
51346,45.40494610239135
62773,56.04130032281232
77388,57.247019442145394
95473,41.323908902309185
76560,56.825640418304346
100388,34.34332255358679
92369,46.69664618028392
43427,54.32389413426843
60898,49.27224046572263
51975,64.60605885929829
25346,64.91698431160872
84202,45.55329783800341
54239,69.03444695762266
21801,62.23848699804025
56847,46.783218182086756
81728,61.3797682016598
99872,64.58253144744161
91649,67.02010433262602
63087,55.53638493362028
21800,67.53846176081596
66471,59.45453623379364
64234,55.37848462792708
2233,58.236525164363904
95515,55.58144028892126
13114,57.59076578202224
98270,55.32550352991266
50127,39.66231910382599
17933,58.115151935291195
72316,63.77367356507858
3404,62.58841359451798
70626,61.024035176793895
91125,69.05504185157996
88489,56.98897499012456
1784,68.59088826298648
15470,53.991208160938214
42854,47.34554623050501
94650,65.22258144712349
55905,62.88518367161572
3405,49.72060806924216
8104,70.19216823909612
101338,62.93030079094986
29756,31.504903057277517
29232,56.15405364296521
97722,59.869144097967734
37357,50.86616825971226
83967,69.30951651600616
74167,64.38225617441464
74192,56.71310214386729
14869,24.035519793240347
44414,55.00457752480681
7606,40.69064526736807
7571,53.867162282874425
33468,53.384946793479
68531,58.802503927962135
45861,68.43468283734272
52815,72.11773928112683
13457,58.9976772019562
16278,54.782050477102345
5748,44.92574259693801
94118,55.87423013225485
78536,53.89536066231295
14451,45.03495525944778
70435,52.554196593914675
43764,50.84618895426521
11900,43.4899949357276
65960,39.59067737571187
43162,41.56985332170527
90569,61.19513093408205
87530,68.95556124718115
94733,65.03032440411039
87668,37.71523749509294
89634,66.59723517062542
54494,49.24273643888511
83529,68.78879567145556
10920,47.479742063839794
88868,56.72148293606424
90713,60.56707880254439
25526,32.7225385370769
61452,34.84006639849522
75812,71.28568123270855
19564,51.57121882669514
32117,73.56859798003275
28013,34.65481013347529
69778,35.18277018545223
87969,54.56041094319967
26525,61.008208219865736
87643,41.10300021859227
2193,60.12110106863456
100918,77.8706817742007
55623,51.73824143883517
102193,43.22739620631725
52850,54.53805953131201
19602,55.609301979396285
80578,40.77357468258601
94377,36.098989543953614
8511,59.097775113345335
13652,52.27516506717575
35632,68.00684610602447
58215,40.25859074775374
60905,47.91567748881278
21386,62.03914965736344
43578,57.230017846800266
8748,41.72798587062227
22989,69.40847911989619
33403,42.89055589341431
52811,38.760211099153125
77686,32.78957243770654
9533,30.074976423779663
88907,66.84689278496857
25587,54.79260351699327
46914,29.53329707700673
91265,55.85832368391263
28528,68.45703941593487
56567,47.835527347862445
40198,53.43975407740143
30432,37.07838739995305
86249,42.99496407448075
37225,62.07072422979841
57169,77.39369625478231
79049,29.38755384494453
38761,61.70457292077599
2094,59.03276842690815
80214,56.43907100075347
62337,71.37084471884438
35009,28.92837670071463
69964,42.987341728661725
77350,44.047725657500365
55770,69.33645379874382
77452,34.664502220032894
13436,57.95248046207618
31120,62.4943014284454
27614,52.50690532067541
78762,48.65480288320859
44323,60.787949297616905
92182,58.989650142810575
98427,33.4636798975255
63946,28.942772265884443
42709,48.097772514667966
66871,69.16781670901922
99792,63.25580739923984
78094,41.9536851812885
1489,32.69121015283354
13508,68.39581863837893
11726,34.86767084741231
84387,54.88719953887571
94463,62.601235748788234
22790,59.81046723562529
8169,68.69288068473756
71204,61.544418737091554
9517,58.20461062091434
78494,65.85526197469967
65131,40.11660742042515
28009,28.803540308834354
65454,27.315027760215095
14312,37.790611166385744
41772,39.65982776775962
20859,60.34219444564052
26449,61.36918981499802
55976,54.524079927545465
47791,60.23120390396333
39214,58.164421237769474
82628,56.30134763603398
96852,59.13268178700638
37111,53.288763118637455
18287,54.00605073809756
68349,41.006107026006674
13462,57.292976404692716
29668,55.893923275194624
79772,55.952630694702236
83435,52.82422403598594
87464,41.80361562833602
102150,42.012996631977074
99720,56.872751991185
19532,53.187424297056815
43620,56.34085457065121
16722,65.7516360889231
39800,46.33756582388346
19973,69.9879135991068
62202,31.377276734053783
78549,48.27368974550655
38325,52.298394681789105
64048,48.85593945761724
46170,65.96574444678512
827,46.70974432029461
76941,53.106628864776184
48883,57.01183314263712
7562,55.38350269997687
36815,57.5260265856239
47474,47.676904116256694
11105,57.677348812862846
24801,30.841836422689553
84828,62.437600799692675
26733,41.082497638069164
84765,57.63330608909423
40575,37.70451676381797
67323,46.22098700988263
67048,37.273716618862956
97965,46.4089750313405
3798,38.794899071144286
66250,61.07291850279925
93076,59.49329705629394
27692,60.869495211011674
31505,55.52347339191789
30706,46.38686903739792
47113,38.70585108459755
19948,42.14509872739373
16576,68.42238032186714
35983,61.23274438489139
195,63.42801452694647
23370,59.08830876915593
61571,44.96142271808074
93094,60.01079377060014
18834,51.329311124877535
33722,30.773507706182063
35236,33.422140175638695
86334,39.487622198011145
41553,64.5206154963491
77343,59.770015267169725
86207,57.63380411936681
27390,66.70273149124506
95457,58.848192954685004
9614,71.0603081590332
24726,44.30483899831356
90140,43.53024253286974
40591,63.02882311543313
9122,62.13466377186358
99171,58.99132793632643
42321,53.59933838228599
8647,60.352151891218746
14761,61.23193233085336
3881,34.74048096897184
93918,43.87440825623987
71695,60.421559661522
3954,33.660947997422326
58422,47.29393763843451
31802,48.885680282507664
102371,56.16578828355361
13766,35.357314743742506
71002,47.452755762339756
71750,57.365734291277086
28119,41.7588249158164
92235,59.35013861043125
20672,41.284333548908464
56189,42.06511898609696
44288,41.21537786775158
24258,37.849629459635814
91213,64.62489417475977
67901,24.980999859216418
36780,55.748769067929125
9485,68.19258449375342
54134,63.02408493362249
72102,66.01284739795017
21841,39.6256860613429
88477,36.72386209280901
62448,54.10602326188443
43773,57.59418172590843
8461,57.95841711718639
43615,59.71189047145977
4758,46.61841264344279
1720,60.10303921904452
29179,56.22100014462983
61118,49.610325525900535
5198,48.99139375562656
18723,29.99348023117045
81142,69.2134462055446
46259,57.533948376623414
85895,61.336012335608274
30932,61.312753879414394
58828,46.81784542022865
10998,55.169506620805144
51894,60.59454534659809
11510,62.393632860997684
99041,30.709795197312488
71754,46.59722827033852
70527,45.38958818588266
94994,79.96887823920319
75394,47.94473331024653
39317,43.30292724336502
21026,64.26288557886186
75350,59.66811874312448
5961,66.74178012914226
56786,33.90689114478923
33331,62.84151305931187
37793,51.97813309410931
55900,26.083374942733307
46282,44.622321208652046
3189,60.616468456150606
91496,67.9863789378316
42482,57.52952287678519
42848,54.55528534218522
92192,71.19964212838566
70778,43.673038264600144
47642,60.7589947332264
86907,37.341739171508586
16461,58.85371480487378
69466,59.48166651684521
65411,51.92672604799458
70253,42.19948802784519
93380,59.463752741455004
42284,68.57868956455101
31759,48.19877910979844
99022,49.43441537473106
5152,49.62763070737049
4700,69.6412837021482
70919,69.69821695417824
68717,59.82500186660819
50137,67.76745545966237
40940,66.22689639011207
17821,63.70738709735738
77843,41.641056805812205
91348,40.40621970300583
39370,56.736986115627424
88030,31.596640275085434
87403,52.87094046375062
46297,39.36368178265841
26041,39.82175847922082
48131,67.72183067456831
86384,38.96738273709864
69451,57.32995085460729
63128,61.23292338727883
92214,24.60633356580511
16543,59.870612218362886
95054,69.78366915924039
79138,48.376335158506826
47980,55.823163495294885
37101,46.143961086428384
28833,60.91151313616063
54840,34.31454095064332
100547,48.98407026747398
36978,64.39415252279564
63188,69.06554280454047
35905,37.42548001724596
43613,66.96982574405622
6256,22.363601104238196
392,60.09144758443066
70980,47.05930916919309
26993,51.260910874106784
86466,54.34323878591389
49220,51.38751688733952
48992,42.95721705266483
97878,60.614363186386
101274,58.26367376292965
91645,42.83411093136081
48432,70.8995014744736
10107,33.84208716552236
21067,41.13738204105189
20129,49.26398446480288
84799,30.997906108434204
98437,55.79818823625659
40010,57.413192447967575
55959,39.916565557287086
16372,56.9578845383385
46740,63.35164573246077
78004,68.49173391660707
12187,67.82386973364036
29130,55.5985259320025
91656,71.38182297971395
22265,30.296008547755058
78764,44.92111257092146
52376,58.43162636430728
65067,54.10945769125963
28315,30.432405748859892
33795,70.11473719465006
19904,51.37747971026111
79950,65.56425238465275
45620,64.77076175695233
23124,49.71254820977122
61574,52.87577370456149
72336,66.29231196582077
10061,44.590553276410056
46355,64.67426674838484
63195,58.92691979932323
89691,63.70738709735738
75242,45.951355237023854
71312,18.942177054997543
39445,55.1654867999348
98055,54.57889863845168
6527,58.76614345537772
64405,70.64266859161621
15278,64.14132042431025
51053,47.127500428966094
55856,52.49347615522927
53961,69.78366915924039
67600,21.84556576809528
30624,60.0073410316548
70860,57.94063658984402
73233,59.60353964122048
86468,24.988486973191975
98941,41.04698918287869
49593,34.144734453340384
1186,69.40847911989619
69388,47.953014359873
837,31.690639917327402
39536,58.151507887881706
5100,29.400098944384123
15756,40.68328668647494
67194,61.259372560176026
46207,60.41354390712767
61082,46.11321194150153
28190,58.38732114783677
1670,67.40302645924238
58149,45.492239958108996
38090,50.431251114571744
71938,50.6105137330746
89928,56.52106439372451
46261,45.308013907368505
14026,56.51008700953304
14574,53.52838507295416
98707,58.93770044142116
73379,68.98709084591276
23698,68.08706626835524
26178,58.93171557422066
21352,28.469023651393915
50905,55.78773913771477
42445,20.978152381162232
23422,60.73753487846028
61284,40.082385415398356
92850,58.25499095738022
97357,54.74243798491512
18498,56.3907612617315
27103,62.05462736463515
93334,69.60387441108254
54215,32.76839872889005
20409,60.46575428461969
75881,67.23382466400035
9498,39.19946411069115
53185,40.44581942425467
3285,57.27853034505742
89213,69.16855754024864
92837,63.77975609325345
10566,55.75512932535611
20036,47.26397917440575
52311,44.73685218757991
83123,75.43783669093179
86587,46.70727893622523
49567,41.79218196819638
91612,64.87592023412323
34092,69.41296513842273
97052,57.0268963097998
15275,54.88480315846195
99413,60.952666285926306
73350,45.82850346673299
43301,52.637383128138765
54752,54.717435704466546
71649,61.85601725054249
82154,68.02196205842732
86357,51.41226232707546
4843,63.66055203726742
62550,41.99909825318804
74514,44.25247267448808
42275,71.27745418484218
50099,62.126286875673344
14979,54.20310407958937
55287,64.43355742581367
27365,56.35643283099154
35390,21.39813972080832
41248,63.07869507074644
50326,30.872575984123056
18336,49.15827281578371
736,60.6040591925537
3843,55.74704760778169
22088,61.4666247928374
94567,43.78999884453184
75227,47.96924172256357
2426,54.53274333775815
84668,59.981074328440194
3623,42.30737045515876
72820,71.4191916794367
8421,54.93853404929188
84797,43.419024616928525
85510,59.86621880836236
100523,46.236590821847905
58022,60.615055012942214
34558,36.77630139882705
98357,59.0096919283653
41284,56.571735039532385
59814,58.681046399511395
55128,38.655858344906605
24879,60.56514178470599
15262,64.30114046881825
45792,55.480554837830226
88787,32.3175428975171
23621,58.518738095156614
101773,60.47750501950786
32167,40.08620763647134
14716,60.605431353736236
55127,37.29512832659112
49307,43.715359317026724
15614,40.323560688060304
79393,36.142549510779254
67185,36.2381787029786
87176,39.46493742496286
32432,69.27216135473338
4185,30.140842508219034
20834,53.19751491427849
35748,60.128085858564006
26300,46.02742986471645
54288,68.81855883824375
42834,65.93208631582358
50179,55.39867562733042
15014,69.9863936553947
57929,55.82178497557439
65378,59.17399253886937
22898,29.66416755207537
45579,29.546985082651126
54240,62.42961964298509
86657,58.41885044638816
64685,26.004741359163106
62897,54.81263145177623
70187,64.65937791933221
99493,59.081492054215104
71992,61.2020953963802
73032,46.97636126037658
69937,61.044199538750696
96419,37.57827210182281
102,64.179813076549
60603,56.393496127398414
35862,62.587385066570924
60263,66.65852690346435
62447,71.10057338556207
59114,33.67042614386915
80617,15.375105158913456
29771,58.3358903649832
63561,66.58236114057557
85893,37.68945595699104
59822,31.294033818394695
76548,39.671247754640476
92275,67.09671168856529
86355,67.53836340211288
31998,67.09671168856529
32878,42.28127304124135
97243,67.69687746248619
92970,40.43287014152148
13631,79.53763368354052
91379,38.036537300798614
2950,66.19276951873792
69161,55.60234057804552
14672,68.62848814945222
2110,58.393668082752185
11810,64.17789945045725
99742,45.395091930848345
35667,58.424813993571945
33835,59.76921232221317
40356,60.200800600130506
7323,31.75690118273618
78003,48.23268144455304
20975,69.33299927966864
34646,53.47169073734786
60074,37.85624063458689
61915,37.92837084574225
13968,60.1174051843469
64217,66.18539591556117
48057,33.22664044218999
31559,59.01432690447301
79613,58.73476824088243
77916,45.2395409851223
63496,34.10677599469616
85828,60.70601902845864
77451,37.074798931140165
74677,61.02713162925966
29903,60.33076808025956
31592,68.24586747068685
92446,57.8733951462679
88399,66.69541763309259
75486,63.369704076433976
57954,28.558698198265148
99830,57.306533478782974
761,64.48034065807015
53859,60.94676217684172
4083,53.89005157077954
34021,68.43468283734272
42675,69.47468293665122
11464,59.036528698544245
20161,66.13338083054403
71317,49.88267447058456
46978,29.875126180229348
6954,59.28738931845132
18453,51.23427914840845
90906,64.4011716884395
80899,60.93099893778075
62438,34.90449871439312
42635,56.15176728104714
83936,50.23965111952335
7083,53.0074178755704
37238,51.15936540992783
86550,30.390608749366617
28596,41.104056121086295
75269,56.73622936122382
20602,35.185835586674266
66270,68.87667442423115
66530,65.06221386103196
94424,68.98248525738117
673,34.017796566696134
58992,55.451586098452154
3270,60.07347763995981
94005,42.00198161561173
85974,49.86732902990122
61904,37.63953808228976
29912,60.77481956461455
72539,65.56167269778447
80684,52.05165188279027
48470,44.37831877382964
12531,31.298054521002918
20359,49.83350532344489
72862,34.24001169682232
39877,34.38498804762727
25360,41.981787186240396
49717,47.904612375797306
17618,61.901555542173625
19855,56.60967345674005
43205,42.06483846293719
94177,58.30613043513966
65445,44.73106342558001
6738,72.36789626531858
82212,59.738450756802514
66880,40.36206026632212
53025,57.879552746072086
75501,69.10844195189955
63436,49.41979202465084
90599,51.940576992250755
54366,42.095980628181124
29726,48.23974025215396
13609,31.261719270500322
1352,45.56019853692162
96274,53.206012775750786
34324,55.75738069227022
7005,56.75676612009101
64335,59.99034742517253
67425,42.78255127241192
67574,47.123078855328146
64810,64.02425040880729
68110,69.2364530370542
10598,60.96385257963033
9826,58.033338093920555
87855,63.02897354358147
68221,69.40847911989619
66667,39.35283225360961
32705,52.952183749681375
92623,54.982678209987235
34939,65.99178417910728
95740,66.93579508126412
18677,42.180496874563886
63976,32.02527397897348
28566,65.04886580716604
28195,62.43282823363498
72088,37.90087550190355
79271,59.331309925407396
78435,29.703274671588556
92248,60.155963997512515
56784,27.47631554627391
50113,45.625927631987686
39227,51.87758470119567
15302,35.19788769326361
21488,52.761924539394265
62554,47.79486777835607
90836,64.71228572868876
27920,53.61148529133707
4126,16.161371767256778
76807,30.09182593051406
89243,64.48455910502952
74519,60.630417967039804
8002,55.15338190891067
37428,24.018393524937768
46524,60.907368964022325
99871,70.53081515429345
59181,64.99871922632826
7277,42.52690845377788
26543,39.91193896234089
6750,44.385473748630275
62696,69.21157345889738
68088,41.525078055328024
60635,60.33503595184677
86585,62.03992191089384
1180,46.683670627188484
42017,55.39721606736261
15725,44.01609389521993
46196,77.79895634795001
79612,61.06978699018256
44106,36.038434591425805
97713,52.29098005528668
101258,61.70457292077599
11513,39.69198111276592
96666,57.31944391645956
54816,65.8973097002214
101566,44.70814820344321
93857,61.74786734478611
73096,52.9632722666014
50056,42.49827919830895
34059,57.8136576729498
79345,63.1525678258256
82829,69.07637824873568
71793,66.72660284361977
94494,35.89805800396765
78672,58.442657850177596
16043,59.492966297687026
6973,42.82368976071817
98223,24.856804116512716
77047,47.13413138880165
39176,60.161971858226565
97452,67.2480207186843
25536,31.762251827649806
72503,57.71938023001274
51510,72.09480801904243
80530,38.04169449784267
5381,67.24325597544394
8325,61.14794593639448
82277,41.11042283512928
69531,68.31199864313454
27842,58.1971339866002
82704,46.607014425385124
70252,32.79664672902265
91019,41.052232380836834
100184,65.7090955812339
32294,59.85664015046652
71158,61.86914395793197
12362,29.470396571361224
92393,36.9369853704508
58261,60.165067972542936
32871,46.05243538825941
11824,51.59429871526446
68639,18.244170589806743
71839,61.15590656589697
96764,37.49883311181266
94426,46.12219376847198
41696,35.03415290804938
61608,57.89613581993898
29507,56.433231389133624
82290,60.77619530322486
80751,46.20967888738212
5511,61.29378146424886
10267,39.39420653736172
16842,43.19849512315623
84594,54.395734616182196
72421,72.23539626531857
67619,54.29291910043994
28796,58.315826383217775
57374,54.24912049505259
89436,59.28958175018112
31877,63.04551666714409
67059,59.30046915038604
99090,18.12538046945209
87583,36.44744226603553
3876,37.7047189013525
35880,61.36828222194471
36054,50.52411438025809
41922,59.46161964769472
52325,36.954528621970574
88948,61.73510979516709
100299,59.70563653664463
50213,58.08207881536967
52090,40.51204960308778
11847,45.3659800279463
25699,59.29899228168155
50737,38.943453964217
26698,83.52170782989624
73091,59.830282164389416
35151,57.243941854984996
101660,38.273849382058614
29757,37.937314311120055
88482,25.85012007121093
24604,46.736468055513726
92271,53.95944606024458
74805,63.08588626900002
24093,36.369631532225256
84059,57.55788092334765
98837,36.94595063844777
29472,67.35546994680169
45572,45.105842318101985
7313,61.04878676324366
16772,43.17395497530138
55458,58.90188368108813
68209,53.28034778768475
41710,41.06991111772371
87927,63.45936525900011
29279,51.46955078336526
1742,60.00033802054087
29821,50.23056805923395
31092,48.723288000094136
36600,57.32659346832831
88662,65.453585763287
64823,54.58410023002755
92215,39.35453281040202
80941,49.61274374744579
52762,47.59306494885524
20519,58.11593581533816
42145,62.312237368864544
72953,29.219335817246883
73202,62.1714331025264
90975,62.948124343244544
16828,47.28063957989147
31039,60.57940833298347
61892,66.59945157953126
16707,58.07781293713983
8977,33.49309111617008
25366,31.987087778539067
61538,58.93985837270373
42477,43.480351210631696
992,62.862171136565436
67938,45.25229785470245
90908,53.44130113124655
73012,68.99280988254833
98353,24.3099925507069
102007,41.00047749311114
68762,58.50921394086998
66838,59.83872449382933
68663,41.025227424284196
17288,69.47022793131819
73636,52.57721208628942
47281,59.66512295385214
73768,61.37619430684245
67511,58.97884932511036
3436,36.20214689329447
53153,23.72246894936932
39623,25.152839907303406
58501,68.86872432956952
18535,48.69050235140656
15016,46.89667128278458
46485,69.30423866993523
46802,66.51647152379294
94775,31.535446020343258
10617,64.08556527873333
16444,37.030010599146095
28635,53.51959495457416
40837,59.342333009342774
53395,60.632046070157436
65429,25.320833627331677
14690,61.187358297638646
52930,60.15358471287239
26947,44.0317523296354
30727,40.51419594392461
37257,62.54369707436386
91652,59.08452623844051
34997,69.7526753740175
21347,59.82049452756632
37996,52.88501146487904
13096,60.42272588019554
5123,70.33764273913368
63082,39.563124474213424
54976,64.04562656128746
77163,41.06280142611597
11252,65.49703481922495
56542,69.49139869429078
93665,54.392055916921294
101644,46.88610910181776
26029,51.977530744461866
7421,48.692857033196006
60602,57.45974409611057
59397,64.49262074709031
102524,60.64799848243015
61291,62.64499840662259
88353,46.6732319467431
66929,68.7807146633921
16007,60.22237515091439
102301,58.39557841144541
62046,58.20427560259391
65903,64.67504803649233
70701,58.750102922236756
21093,43.9080728435828
32239,38.15112624187099
17881,55.898592878897155
91876,46.945621826308226
94222,60.30477292144823
15987,57.853694310078
25387,36.20292434930777
43127,64.23862048496235
32277,63.10982970076793
88118,57.22306551341159
79141,32.55573599783495
56343,36.540233270878645
18866,57.75987686002064
28684,52.687777303898045
42019,53.680827770350476
31049,58.28562946056796
3485,43.02451587771287
47589,56.1405113876297
102386,45.640787171661316
93239,34.828562094445914
93435,67.89099017155255
57310,52.9894953562549
47107,43.83977679888309
63430,55.799954106497665
6627,60.95787145511347
73908,67.06695627864437
78186,62.96372015071351
6363,34.88151628666733
17000,64.09244789920645
86753,26.88620087060101
3103,57.29208566780959
48741,56.04312096885273
30846,60.69562506174502
68296,35.55489141284702
59153,45.23038047970506
92990,64.55447724769083
79144,77.56253074684311
96064,60.23750842615389
11399,56.73069971926505
92830,58.443548812915644
4993,32.73076059797689
85976,60.5972985882746
68032,40.74547201884761
99410,51.31235156465723
17490,33.293690270639566
8417,56.587129244488125
6665,68.42232577310578
47711,67.72183067456831
101580,34.16100844422802
40157,68.1100485003601
35798,47.59201722142379
22124,68.00118926321119
93251,56.55950004116883
42800,37.750824445569926
38128,55.9231281760208
19851,60.58782032982621
29493,53.71127964984859
51325,36.61267404365978
72711,59.25385909389431
29999,44.62913556427316
84496,54.69956864491406
99262,63.18099501423305
66535,68.4799187899851
353,51.6498646158717
43598,47.837133066904734
85725,67.1615670692843
53733,46.38156916446298
94760,23.730431763017965
47673,77.79895634795001
46135,33.92140234895428
50591,64.6222949319918
101999,64.58776831117437
1247,44.974891013678274
22452,66.21711857494535
47794,61.7814263423356
67460,45.32797307491185
2647,42.3715625016033
57192,61.3218123081453
46553,63.67956818701677
38476,68.43686538480979
38634,54.262164553308324
37133,54.09993350812154
72284,59.31418008973348
63287,32.03866225644063
87488,70.08411409398758
88826,63.155594836079835
7329,40.59193983222704
88992,59.26857492348406
3866,48.33234814977169
96011,47.11279781241998
20306,63.050113521317996
14821,40.55405322684278
59569,41.00988416170553
66022,44.19871544706214
77039,22.175487874395063
90332,49.77265163889616
68173,59.859571939108946
101920,34.42863287667342
75933,65.74827965192947
29208,47.273291373525325
58968,31.094425626601623
43704,60.4462313562499
51473,47.81438695449756
19863,55.0767162155809
22281,66.18227134759061
73094,57.43607917454117
1341,35.28851916960372
46543,66.23167705032458
23456,40.86622510235485
47974,37.11695429025605
92262,42.27627697110389
41073,43.906645738735016
59021,27.901937759517036
66290,67.4170817180927
51170,52.40421389001228
1490,68.63625781554921
42609,35.689191918411936
56489,53.68722260337436
60825,59.92439415548572
71884,52.79134763416728
18455,42.77638515079893
15539,77.3738738316222
93801,41.84065835137579
101522,46.33852650243914
92,56.62513978338618
37137,38.14784584469356
14064,51.14914466619135
42828,36.14899599509131
20683,56.639283392563705
48982,36.05057237155775
59483,56.233169338344624
67911,44.563239858790794
17188,31.733721084817066
88814,59.828686047406954
54659,45.76042957789921
97095,50.57170317807604
75989,68.34649530830035
58662,59.870612218362886
4760,67.8579680065455
71084,50.89597690381881
71880,60.85615160208363
6571,43.01848136934077
48644,66.82244484307691
62373,32.26838097382905
90698,50.97916479825088
79107,40.009008302492504
21520,61.54829819147087
83918,66.16565937094528
82061,64.12309803256662
17129,53.95987432849125
7998,57.382883309629804
37910,58.929938636043055
9929,59.02931206299396
31338,62.98179143667267
63565,62.6869220413286
6479,41.24719621365404
42,61.87347800549192
80912,48.80989858789502
23929,41.91536047618884
56060,38.95186618118046
68630,60.90881887831895
99467,42.61334862725585
7413,58.388580457824844
101323,46.86455755271111
74571,50.34085435643964
84441,59.574710323928585
21647,41.85615084880899
76425,46.68087587865096
77011,46.71546896895464
35681,63.12438643729605
57735,57.94949930239558
8513,57.73736552377476
45223,69.56457475298957
25357,69.42417803268728
46901,69.10767984623571
17335,48.550560980089784
90866,62.820610256853755
17928,43.87409854927889
88112,35.23681260417739
86728,55.63145096261305
27179,50.81346893257101
28216,68.88757116114257
16666,58.86520518058523
63638,38.23395581950677
101769,57.17531061182828
76223,68.30638026315972
23803,56.255008009112764
29105,53.92490039092217
14633,41.31380652577331
51478,54.846679827825874
53692,31.509887869377184
74682,45.09460498278606
41275,60.06625700842105
50503,61.04529452530528
102528,59.02450607700799
16489,36.841507591041726
37871,39.54682736867453
72103,49.21731307002922
63301,40.97024637161263
22333,61.51827457790313
31330,46.813908232191736
16193,57.02063895951761
70546,28.647938008441947
10207,59.81076062616736
17502,41.74797269325404
63197,56.23227223697826
34735,62.28888302950787
84307,47.57812948704156
46601,41.41589947807591
71768,58.24538489196307
44998,48.23465300589267
21398,41.766776460283616
96180,40.06479089607658
43207,59.51433339012769
100850,56.983018216567345
99345,62.66915497741993
97526,43.714618463806666
40187,60.45769690611978
44448,37.91572309227288
44754,62.33320401214262
17602,68.98925190849494
68658,49.366844336571496
49636,54.80926539909988
44218,29.614863604181767
30984,41.16901680254251
100170,96.52189525345622
22799,50.318824423783866
93085,39.617940509244406
58119,52.25274009623701
95924,39.58621062511108
101984,52.55632150418227
21254,55.07100873860724
71146,64.91068884843612
69532,48.806419876681815
6626,46.67984486857265
14523,46.894353978213324
1578,33.48616399362568
33517,54.60213773930092
693,51.36437003134991
37068,51.320762105149576
57646,30.80277540162992
96102,52.71847079910381
2366,44.30877427441406
50161,65.51705745189867
67593,58.25993043976977
30276,69.26791917973463
23314,52.057403711945355
98148,57.630737785574475
18477,48.12916080479
15527,62.984644950576204
62682,29.250666290077028
56755,64.33979717905567
28042,52.786839193539244
1298,46.336135156748114
79433,39.036672954954135
71436,47.18979545125483
98435,67.33783538645952
42484,46.675006875252066
9939,39.87133768051594
11861,45.589844321989986
47190,58.66864575939086
71544,42.5500799988752
96734,37.624046556223824
7792,36.68316944090482
78628,63.97964805260685
89113,68.326622270055
55889,55.890840777360964
90187,59.81313707523079
65723,42.286180163257704
37196,64.99324663317584
35171,64.97976300035052
39041,70.72534396566247
61106,23.06153657712428
65790,59.56631086810651
93241,54.32124246660062
29129,44.896614572918345
24098,62.89995321527247
66410,66.77681487503301
60006,39.58420961500635
84445,58.750996692529114
24181,69.04019928959062
72428,67.53846176081596
91009,51.61109054830587
89406,35.933399953357636
34346,46.53453560498155
77939,34.44420409118438
2891,62.048464349917495
17984,33.02872746727151
7763,15.984408126643809
47592,41.120948075919095
7917,39.241236386689835
51104,45.79840834294487
79307,49.32696315510513
60858,62.652009748020674
37829,46.22506280867735
80848,42.13418243195366
91723,40.22142204272194
459,45.48447329059165
23084,42.984736249392846
90505,58.82602212823491
63056,36.489541242949194
37555,58.15638207084323
41422,58.78098118369371
91903,58.48073996441124
10029,53.412529658938084
75347,39.2916219354434
93791,44.76941360481026
34447,60.13043161248473
26664,55.648052089211525
55679,52.864183324734306
53493,62.32597593561001
46193,34.16620140380697
81348,46.667279446908886
97733,59.76864420094702
14812,53.387741995546754
31164,54.81336727659319
38849,42.23347298381354
61672,64.38084819245205
22943,58.66127007333149
93856,47.68992842967675
87246,61.899516222711696
52559,62.975709158935054
70617,60.099179188201454
98570,42.20237045751927
87821,31.843140666801034
4029,56.989312164705716
30599,66.85302673867452
24688,59.097710931064036
72064,52.10814219317565
36775,57.77511726569438
44168,67.80685567019185
100802,52.17837670589872
56612,58.89061489191171
78556,61.55896535140883
45869,64.65937791933221
47528,50.36790592502666
77766,58.77630869982106
62072,64.51904743948181
41773,41.25053684772376
45958,63.261733133309
77573,57.66000851200761
69879,79.76162681540572
64558,58.45980775283683
6066,52.023760248781464
13090,31.781004339417454
10820,49.73227649935089
20525,44.74622703468909
85640,53.00562020568057
91889,30.18752252072285
65708,33.989497026010824
68638,58.12446976336258
65599,69.3076287964615
1198,33.67755916036426
70433,66.84754976561396
96586,25.434066773242318
61710,64.52345671353577
80498,54.06499671329185
86292,36.134669286824156
71345,67.07486013048685
19385,33.03556897523756
47816,43.85531817716632
93116,76.48481538230126
79432,49.158854442069384
42171,60.783422174289115
17964,40.975023491011434
5441,52.90445355357965
41315,44.97363955313563
98036,57.504963811791114
100199,68.28295144134594
89867,35.459746755591915
87649,36.84515872595433
66159,67.35937520857352
45489,47.03019653526446
58984,58.08093770881779
15294,61.93867012158769
68721,68.95410835025116
64002,50.84447703455274
34626,57.60939528109381
10471,59.56841475402937
20726,45.289845161132014
81240,58.11528019940065
64872,40.140928560141134
76637,34.68955923412694
10874,67.76418422574656
77313,53.79483713485043
68954,68.42368340428216
4274,67.69429325610113
69123,46.19035571123775
34283,47.29270942367884
50689,69.70044477960293
77850,52.194890171500475
8613,23.21300680586216
60142,53.32531438577993
55228,63.94277677447828
28792,68.52147697432346
86549,35.11710198620975
87185,56.50057286535406
46999,48.661849894244845
99279,72.36789626531858
75823,61.7814263423356
42670,68.91093083786065
20870,58.2989924418026
44038,47.90463431881364
35593,50.22731213533643
93073,45.94811027721691
55934,54.883358315328486
8189,60.69244131272675
46949,21.252444543396706
69675,58.63818799239223
101022,40.52475452116997
24931,61.758332644606135
30742,66.44732850598561
53676,33.15245583213655
4697,63.050774111930004
59520,53.25677982693049
35738,53.669791704867066
27253,59.08238313183688
74221,61.62027585867268
100139,69.04667799961356
67370,65.86849075888574
74254,55.20847069641757
54794,69.33299927966864
99758,30.958916427602297
48632,57.99220256452658
54778,46.50275044067205
74669,54.16462081500667
72795,35.19481636353083
48550,69.04414382683053
47195,63.421525790741086
59991,34.23852989567266
102616,52.21727651446027
16715,57.800496967015924
42720,69.66980830496054
97037,70.37947988903198
48949,36.41191527031194
15709,54.15351254149082
6616,41.21174309180713
62594,58.969079480455456
54478,63.1386110917197
60932,60.023943498377236
24293,61.10457799649419
81442,31.08702698434305
94558,36.957099483357375
50993,58.44756595750335
30857,59.45627671581523
50740,34.141178065253065
25134,59.69736075372661
70379,48.29577866278421
42399,62.80032452797423
49520,60.130246991491155
86192,24.26336362822998
77400,59.80782935777147
86909,69.64356662670268
76415,61.25708307852865
39795,62.879845949563695
84974,56.39530111461509
71100,30.876718852040398
33431,67.86476227754018
94665,62.95367316855436
49269,57.49218948568283
31014,46.492171329241046
65624,56.21299377597636
27838,43.42729458159065
57072,47.651549017162914
67368,43.83068737961104
65722,62.425231301606416
97185,35.60319310133796
16869,41.535667206144474
22838,51.91521789018682
43683,56.96128550494952
10870,46.18152317244703
89981,54.67788018195847
79802,60.32766533563602
87469,57.60940165554137
100111,45.16466668836971
40551,60.174974227714465
56616,33.493006278684014
55974,60.91810484334629
27904,53.86568983306727
96940,67.99809893091327
12624,56.01967974982759
93894,51.56588858452953
28370,60.58373720666938
86471,59.4554189385172
71426,38.669167027591556
34120,51.5730959514355
75063,60.67530213821019
94685,47.43386638645991
35561,42.362058233766696
21688,41.97129235936849
18749,60.84523859742354
18936,40.79665298311068
101331,58.40329270228341
3807,69.3483626682866
54420,56.5719427182398
2898,43.79882007934083
89440,47.329477707232684
38900,34.86791856999494
2289,59.25947111974361
86825,54.0825688686313
66727,42.796061767310846
94642,36.50061429886589
70131,60.02241578093063
51953,61.163533609632665
44962,47.09238981656498
39947,64.74730475041584
23452,79.81336141041608
54570,53.44094149337794
3920,53.19267138347381
16079,55.18928084404405
47821,64.03804082803708
43188,57.699068086886925
95220,63.214646746131656
14120,32.20106011828587
56893,61.28362168281538
47594,69.73122095663769
33095,54.86480674976805
72907,32.97694258944831
88358,67.04205888918001
102160,51.41850913102039
64981,38.825717284535735
7379,41.65914248655264
3996,36.85070148044134
59050,70.06481762917669
17303,56.21807505488254
75153,59.333166622181295
31427,56.96595768603951
2684,62.11802800618363
83233,52.78169933537331
13665,39.92650534693688
49712,62.88261519338599
57568,36.57658185375775
80283,46.05039803938719
52145,28.71106068276312
22814,63.83337413448337
62294,43.97357024762475
86475,31.293203964762938
71597,73.4149172187721
65774,21.89635024475891
82199,68.99725150879479
64607,62.465627605059
15171,39.177419020380036
31595,59.106674615670926
92502,39.907059752791774
72541,52.24004454407029
2687,66.4909624860161
91773,57.64074090662396
49635,54.585610315490456
30716,59.85887758000455
19746,59.32494471152465
16754,62.61280303144699
39198,18.94928398040975
9610,69.49139869429078
9691,42.868579942540265
10223,60.96303000232596
22144,60.159656127491544
61231,35.29429726804893
95801,33.124848251468
37459,69.69821695417824
11867,59.929631801496164
82983,55.74120368075597
65609,54.27236634503095
69316,65.33968224402832
14400,56.902018738107536
56874,36.14944199073238
76999,34.83912033480447
24738,52.29898634698406
68571,27.588967831957362
95863,43.749188976860914
51010,59.558789789086724
66847,46.63555750919509
17856,67.04857365949171
84171,50.0741809349818
48472,42.448651876335106
16986,51.10109082546815
30968,64.87592023412323
27101,59.59633432590912
14737,49.31580045886635
94425,56.70232426461052
38739,69.29344276981126
54138,47.62621115773104
66989,53.81175160933694
81275,61.62151961995844
17221,57.80401788043112
54990,53.58571749658238
12543,59.238707516210596
37783,29.147186342404183
97036,60.5041048357637
98577,47.72014839890355
90598,50.902882616964504
28800,47.112278291541564
41525,41.043611557317256
42960,64.65925229862601
15103,45.061972992677184
68072,56.19488758644683
44019,54.21342159465161
97626,66.55941234181633
55357,80.90974829548159
97832,44.59485549851324
89351,42.49790959579094
87422,68.28580314480605
98951,41.63038042420538
55608,53.73804421225602
58349,36.94722547674372
12514,66.01490913727773
57114,27.49888571075021
41003,37.507658783142816
48834,63.361023338930316
13919,58.12427284126593
90144,56.64088419273674
62646,32.471517395153555
60519,47.39119673185801
52033,62.90832126356418
94607,59.736628518676035
36112,61.214996528406736
69053,53.73233596476335
13699,50.03126694514123
46590,49.57085743823427
15572,37.07398119681148
40110,69.30442760644722
64828,46.906272567580324
91169,38.16643142436816
56591,55.499212204478845
11873,65.8594511602862
3889,69.34792816991892
56137,57.02062812160056
28232,64.92688977008
34317,51.12348830433914
73800,36.281982143068916
66756,41.623425815179345
60470,25.168664929277266
15983,68.95410835025116
34573,47.65347352867201
99008,46.51187533381451
37894,62.68098388920313
56556,55.31209668559219
10790,51.46932048776435
102298,42.63667323734417
24425,61.88882142996698
12849,24.524293425969244
42518,57.735773752901565
87036,36.92024773885583
23898,33.45835536176463
12249,35.60239222925058
27797,59.51568561161037
3387,50.76510074650411
88621,50.86054478945753
81789,43.23190676723802
28121,51.10487314946804
37865,49.115811256001216
5920,58.42136802304357
27489,60.00006936335481
14259,69.26398406486187
56773,60.43175196987174
40704,67.96193643156144
40664,40.389670631545044
65799,61.08295093070083
100999,24.60048830319286
21942,65.27209030857824
27477,43.63049095798004
14461,57.92460270607675
65369,53.71775515535037
64848,59.49252409970525
71014,38.284724744641416
13484,49.37902439002012
83120,29.451373428078647
4948,59.37631533992292
21105,63.34093058460998
63895,35.246495584875
78328,65.27431280300661
73162,58.80759136614811
22700,60.681474793403225
100211,65.71091213081469
81652,28.452834371525185
12711,43.950620640758956
64229,44.895467757551515
51477,45.995774688562314
41804,60.0073410316548
18825,41.41244959192254
68636,65.09336261697446
64894,30.632057152739932
90899,64.68486083774599
57873,60.99116657917327
80515,60.02412747033118
51298,60.07038383063299
36643,22.005254385275293
11657,55.08625819332951
38906,48.64413047972312
84677,50.27606827686025
9726,69.43901978078561
21374,33.577109117600045
32743,58.309175616002356
34897,42.65118466174131
30895,38.944648271541176
77632,58.70268047939855
29333,43.462375951893655
101326,32.39363711292969
59503,55.93724152237739
80514,53.606712034293395
46503,57.830930712245326
78757,23.734289530511273
33445,35.662469801357176
44035,35.31209152784126
4239,24.968043770606783
17341,40.16278142230341
24833,56.62118151852351
5233,38.710820247881315
82011,52.36521967522017
50869,43.01098529307306
66869,42.79075432504862
100048,54.08202672785341
22833,71.8631039402026
76993,39.40073874076043
53380,61.19502654627186
22140,32.423973402487555
41640,60.547925438894936
79937,63.95361081203389
15938,20.666280822658596
73512,67.97062644228616
56008,60.089590265562514
33306,38.118164651668714
4790,58.72482203441794
50766,66.09088763530636
93545,65.72163764806973
34205,42.91597704405373
71945,55.79989692060488
68472,56.99155864969514
100851,40.50056132979465
64192,32.2358120852407
33115,54.1091503480813
96639,33.75231962838137
65894,52.404378753253056
17897,39.98531216032978
38152,49.22233278566323
50214,35.80301817188749
77231,67.0773987369783
96374,56.48748658417049
51090,55.298848438549804
89522,64.25955476536787
13038,57.410149036038085
64374,60.61216115156881
18043,53.03140727981469
79765,58.70275541967987
53255,58.07243299815585
83276,39.99853552496466
85344,60.987410002005966
102538,66.01429112261738
72219,44.8394745777012
89660,56.023242767727965
82936,69.430060703594
51239,64.60605885929829
27550,69.57692112516827
54782,52.65506663523117
61417,60.207684359669614
51035,59.32362634414815
16867,59.0128163439328
55200,64.5796436894926
27267,61.65563412618483
1704,60.0827391246712
49504,65.94952476791104
41095,50.49576679805962
47735,54.77676801177787
48796,37.51344419919798
4171,64.23259490006238
73271,42.406547245750765
71464,75.74107740154618
30206,28.727631188326164
64354,56.21119393935087
45057,68.69108744539854
56680,40.073665350079125
38701,62.23717540390113
49377,56.93175968368103
18096,68.45703941593487
87071,58.06740042506771
38753,58.15567991740762
32929,57.67784771339202
50231,64.30801107293954
93632,52.433054348331446
43532,49.08374558809432
34946,51.42790415388532
76541,58.02229452140682
22237,68.06099909373887
2360,65.93333395804851
51939,45.4731185637811
100384,70.12664768414118
4703,70.09806393547228
78680,49.1072436764127
89728,69.01229872925717
1916,58.186428372990406
24951,42.08103130194168
92823,30.01351943622919
39213,59.17145693077179
49631,60.83442385141777
73179,51.66233641771113
87561,40.714701140488884
18344,48.941514396158
84087,44.39644447440719
11581,57.9750360579981
54064,32.647492061890965
42015,55.281234984398964
22089,30.71089821908432
30501,35.65771512317649
1307,57.8228022761167
77978,60.462208100086265
38188,27.248236582626408
52876,60.95653204662321
49875,59.67786055664299
90947,59.38811627332448
21806,60.30355988750038
90404,32.21179931889382
7265,56.66421624637934
68517,68.29979731246459
4699,53.968156963836
99187,34.68235379310438
43077,65.59407661179893
98508,39.16509460874779
19067,36.91537629228901
2872,60.692922354748525
3027,58.56183394817532
31745,29.578136528478968
90608,52.43433855444025
35139,38.62818455341803
83391,37.52554543278027
82962,36.78972711196412
71953,59.127554940903
83118,51.23876987167491
68301,64.87003101477167
97163,63.018658377442755
3264,40.60270968852846
46816,75.80126508186123
50715,62.632990548433575
100018,34.67782001532257
7215,54.353952020473955
3759,68.98050694362705
35651,60.34457765873235
45695,49.391848335697745
5344,69.39186840669879
20855,61.896578065811255
4851,49.27513707036211
63688,20.318357250745223
102545,52.60297820143168
60595,56.72820924218444
76681,52.65419124875747
12640,66.17451575620113
94307,46.970976524649615
70284,42.80259682671536
24062,63.07667702726254
102585,32.99359537521958
2519,38.53113988203232
23239,53.375062755757135
101395,67.5776151631072
96755,46.82586276598259
91622,45.22730692165406
95272,54.55840092107699
24839,35.89805800396765
52846,41.60202633205557
81686,45.900023975563045
76598,48.30511071287836
54422,53.152337615922285
59183,63.37389735727116
39278,57.238317688815606
38783,65.10241620437142
12237,35.446785870444415
2384,61.24074742039553
88076,66.19315903531987
8546,51.17436107637748
27998,45.7661718570969
43106,62.78929677811431
86252,64.78082557114276
24052,34.2493144587174
64691,60.1009707280387
94231,68.85094604855902
40616,36.97152202629527
93078,54.48535061031678
15134,31.35590485013199
36904,60.63828911477874
54879,56.09506804297612
73388,42.15373278809412
79085,57.29741750508326
64902,41.08061585545086
11090,47.111780066757746
82811,51.84072435229203
23740,45.275505060385036
102062,41.36957436737144
9158,41.31141154548316
39937,40.49155581465706
24588,68.94556266375862
69108,34.116564932812906
79424,61.428844249724754
57327,59.98147184908992
96933,43.6988088119259
77117,45.687049675501946
44781,61.55172717105293
91011,66.15984833848024
6495,35.22592629273735
37214,60.16262671717023
5592,66.97191903968968
54433,25.45126577729
102073,67.909340665469
75058,70.38625477883528
4662,62.46776986004149
77537,69.41149553122625
31590,47.59940787665241
50243,56.18866422114875
48338,67.58614498170107
91231,39.94338599061797
19313,68.79035828924005
11138,66.96250263438169
70924,67.50307844292423
98497,48.4417355148331
35468,67.73015999262503
53218,63.60852416771525
39337,59.38173509876316
102469,50.15231170632442
87850,57.98622689757069
12528,41.45354294125261
35206,58.094808446941215
14722,43.569320606053346
44766,68.02622829812884
31421,83.86771385016716
41782,31.839733902735603
80981,24.623602456946628
30289,38.179628110580886
49488,34.52993485014727
19130,33.12779617952003
47110,60.44659679472176
60177,33.74604560103917
29334,60.15924817209157
97046,41.33976440482434
12217,28.691978842631528
96234,44.87525600440445
38089,59.14352295287027
2541,60.339602900379404
44784,50.73855931648733
57185,61.95459489991012
92244,23.092190246045945
90744,38.73930020146677
90946,67.33600615720364
61694,53.9486563604181
82197,29.135624692265793
91395,65.35098807427718
42170,67.73726210258879
30409,37.35958461817913
16187,58.80462010003403
30207,55.05283066971384
44090,47.37119342802519
20578,59.539874217052954
79900,41.3220045719719
27524,37.07149122304939
75082,51.44194820350258
88441,60.49469429035733
44175,59.38181886798773
54848,58.68506295495395
91912,61.728759055954036
11354,67.27040883408328
30374,37.92340699981681
102195,43.032730414242515
92209,62.09601763704593
9980,80.81646645690465
5140,51.32331040022179
53352,58.78937683593222
19304,51.448376676108474
97853,60.795964979381
57420,36.27200554439115
37521,56.81828056495926
47966,65.33001539481417
37194,60.80812462690063
96896,31.667559593094794
61852,59.472643872403715
12126,57.643279799494
70457,60.2030037075844
74223,64.15908806610408
53518,49.71316383159997
76926,59.0140915890357
64996,61.287108725326725
26776,65.85317904405774
55004,70.04397649201178
82408,57.783908963684524
101676,31.491422525097324
61123,60.53561107195476
37773,54.719255263725415
64460,36.07432388767636
41349,24.86456688610554
54108,65.18855924544408
59968,58.72080278640727
54974,46.670870677267075
66424,66.97483349942826
74346,40.900364390967276
14876,60.469054634163804
60222,67.46569115606101
20368,53.85124907067194
14952,65.98648746109203
23243,35.210006808235995
52115,59.09767986153729
89267,46.858666533745435
37093,61.447660577258056
64268,41.97818593712343
45913,80.73938203907159
25997,65.2085129621394
18358,66.31083914393258
33571,26.55427767677744
36738,28.870907321697572
74179,57.1777255499022
46363,54.66184376367966
97295,59.94801497492418
23993,60.886741893065576
7653,40.500985011965994
52416,63.90125380854831
33197,50.71918514670961
72185,50.931981820929586
17475,58.517783497176794
81505,62.094863169472994
37792,68.95410835025116
23634,60.39046787523434
49570,49.90243857348194
3969,60.09066430128507
45863,57.510055501626304
27520,61.794181940227155
42796,58.687122875974076
14086,50.22468782130518
58649,67.16873219664606
86806,59.03554039574763
15574,55.29276903997211
14203,68.75952618627196
73016,58.30341317318199
16598,64.74148611621348
18109,56.032543719967805
58313,45.88152839830545
62822,51.45315248064577
68974,69.14530949133012
80722,39.1804312691508
78331,53.25877910695628
64470,71.66114737905727
29247,46.521872857401306
72233,66.84689278496857
86410,41.4338885950584
49824,55.74107141872263
99159,61.56901803326412
84485,45.0235188950055
45607,61.97645162632767
82142,33.30390861213334
40924,54.672130912273566
41322,64.32883985956636
25292,60.406615720334464
91069,41.30035624429947
93057,49.13604835604635
17032,42.68145523474692
99693,67.09671168856529
22594,67.04475269948108
4978,59.398391095542046
75081,63.39203217804054
67914,97.71702409679241
36581,67.37015343426282
25861,59.94316083028585
92724,60.56377031129819
96432,59.533884462057465
41517,34.08587127779743
36126,43.52176376186241
62309,81.69225957400423
17624,61.79328071844578
21116,59.83502617214116
34922,66.12135159442833
12208,62.23468350191027
28832,59.8653550772206
17016,23.76175927500623
7310,54.423792130701294
85082,52.81564472418553
2213,68.96688114612512
87419,50.70389053648783
93151,45.46312625357093
31873,17.26075079376646
358,43.68105193048849
74708,38.823607208213836
8145,69.5992187041941
98075,51.29130622185103
30095,44.27132961236066
52813,37.161111146509946
95131,44.46567081101345
83324,45.39287075296067
100192,64.41528214283498
47198,30.414341584900043
28886,31.361354146616247
66560,63.031329051614605
3478,60.667662367130205
100082,22.628255421533275
62136,55.07224367245386
71307,41.94313726134228
71574,41.78094423583084
2145,37.00104330930645
11563,61.85128717728342
82910,47.75709614540619
34034,44.438563987010085
59364,31.340948121493117
70497,48.76302898495873
68746,72.56343496764549
38643,32.924547441222536
64752,30.977478150418506
6921,52.23440098451149
32938,57.89365137959075
58270,26.763453160770947
17938,41.35734514819348
12164,46.755231319024816
87001,46.922944851509556
78782,31.802665974866926
12274,52.658158010929064
81077,40.14620701758369
25393,52.9849927244513
52411,59.28958175018112
16274,50.169826469399396
25630,44.789224055855954
67888,66.21968590651322
80600,61.568081325108544
97265,68.5689336430404
25297,69.40565388648602
60774,58.80736960931267
84673,67.2006438180856
89792,45.61902430853334
62082,58.30915147831671
81428,42.61842085207507
49492,58.94437523311466
33291,60.86503510682799
34992,46.53772203158674
57912,45.64783777435099
61865,63.217232058538144
99804,63.847061180106294
11057,44.508993651639564
47204,52.376005850571694
89885,56.9754731464586
87076,39.93890576107128
943,59.07071566110698
74369,65.29393376237928
15414,38.431618624634716
95404,39.312466893608416
33461,61.17676961932497
63402,44.584308563703246
81723,59.12276503006822
43053,51.92064181890461
55195,66.11891932357796
12746,55.51283517150175
94544,36.19131532939949
85247,44.85568136372589
100220,60.84293494137583
7900,58.966063799671836
32392,44.5562029833034
11169,37.2956574592694
13102,45.37890787441185
52368,40.177086498807
20064,45.753536975134445
20738,60.546987952335606
90240,39.64369487846652
85051,55.090378233755864
102249,41.33985899893603
59420,57.691030051387
46548,61.4623383584054
92297,38.33335355814527
48958,42.76339875429113
73975,55.275380835158685
41573,53.84100513822331
36349,54.778007545672764
95326,46.91476174518439
49985,49.39862768256662
22738,47.63201553134126
13236,61.715942616490665
94858,61.86463949616814
28944,50.46289595969156
87195,59.07107407882983
15201,56.47387621358783
42589,64.5271609841539
12600,37.887728030754054
38549,69.10767984623571
81512,38.342547920118854
66206,66.8196599288485
102360,59.236761854545975
35104,43.941784782180385
51140,60.18225986492781
5013,59.85887758000455
7337,34.90703759028523
64284,44.917836735699076
64727,49.77317407250332
47756,59.9282273505575
33070,53.96899155161284
36569,72.2651812617732
47071,50.27759035292056
54800,67.76849863251603
58212,62.651941749722525
43022,66.11016032345155
69421,57.858879060217106
33086,43.41302083182605
91813,60.475896840106955
36797,35.25228650304798
24721,48.11880493030857
70141,63.72179805368885
32016,60.24494731552335
29688,40.4065069824897
75626,33.42433556844959
60284,62.2380686893845
90294,40.344780813464055
2463,44.25279633012151
15838,67.73726210258879
73216,67.78535974282876
74092,64.02330245924666
46856,39.861288667174925
54628,61.7562376819028
50374,60.66604930997677
99670,68.81740525215551
35149,40.704964640771465
19447,52.585077766620195
39548,76.28127762129289
42810,35.54047066470832
51356,58.79253126803013
2174,20.110151233859714
53663,50.70740058095863
46593,68.46049381588152
7527,54.84950781581622
9952,28.841714119754478
94881,35.967544138278434
49729,57.26920770566709
85264,66.43520062832717
94299,50.62861159154294
26635,30.573343250179274
33,46.738474318957195
102087,55.05128397975789
56922,66.83891289079196
14261,38.19284994214124
32492,39.188698237996896
47924,54.81945204271053
83855,32.415048122338135
38997,59.86315583996935
31004,61.038177734376944
53715,62.83431314405578
18779,54.061601971263215
68805,25.927695904345143
3607,58.807959061427034
85932,68.99400136972737
95408,68.63625781554921
63684,58.668429514662094
80080,46.41568554701987
21032,49.282238441778965
73995,54.403160985161364
7356,46.02263182665466
72614,47.39539748752628
57290,65.48175282672277
90935,48.39754382950731
90116,57.84738034049453
50517,68.2492094096134
58374,40.42118131287674
97597,70.33070648477158
32204,56.14869082646331
15905,56.04082264944106
20882,68.00326836426085
38932,66.24735739496518
64114,62.59635516628125
78041,47.96801490631622
41313,42.26430046224582
33764,35.56411593935629
90716,46.3697072180582
88707,83.08017552186155
33615,69.40764795818012
23485,46.02517036130911
30891,64.82112162557091
64152,49.8200918114977
18340,58.59016763063751
73075,51.69418551057118
12258,64.34067980742395
47560,61.16018465826297
99674,62.4451465673182
18127,57.34557078924922
88409,55.314399100439275
54812,60.494930784961795
96927,34.30899270992962
89574,38.52360037597918
87869,55.669053753979966
71859,48.378986896348515
22,69.51908143059207
55262,52.33770322227852
5573,50.222982491954426
38010,50.415131142729024
82831,69.08476260264041
10407,29.800618529685092
32549,47.664096156905636
82681,32.898790946079906
76656,60.970396714073615
31147,41.72023718659751
6447,68.29317759986307
23122,62.78276405101032
50094,49.81743950230011
95732,57.3628996702191
46331,58.70747183360144
42737,59.76384777184316
3138,69.52900219404549
42550,67.11143400965705
8978,35.10474510001158
72584,24.427439449886055
30151,46.57388374800061
41825,37.75015870838941
3664,37.80751200984569
16551,39.97792190942365
27639,60.38432378559785
40790,59.25655180083731
81882,49.41578153311188
12603,30.0141947939152
12138,58.55281157419408
9603,54.99524844895843
81532,42.17999116546038
78255,49.82971544122975
54391,58.64776502816546
10395,65.38502962973243
6384,69.18055443113676
38119,59.92949956302885
32653,58.33867586888455
32216,60.273950515777244
14508,53.707787362190885
51771,39.61729563428637
38720,43.137528145288314
97045,66.44670953092267
58253,56.912628816744245
71276,24.709157911787102
72837,65.74981827708967
36917,37.44843446609736
19731,42.88133995215015
4165,37.684323052783284
62710,61.36581457560508
52660,67.2480207186843
2752,19.82401941011783
96403,60.55360717514327
15379,31.100919634997812
95822,37.34813044103557
51151,32.08285690720859
21583,48.34163100211363
36985,42.6395912891695
76462,47.308744463537515
36661,17.43133569571977
90966,39.718584102110384
58140,46.239775928194156
42396,68.71031729868798
59203,30.013043288969588
69240,68.41754441929105
27134,55.78087453614274
78453,49.369687591735
606,41.62344807280897
56479,42.52665599994774
92254,44.25052222995792
65847,58.750996692529114
100279,48.60578326170872
101654,55.49094533666158
4651,35.30150459174277
83364,62.32082182530257
29085,52.677262907578964
55269,34.38568775966871
78683,68.87190420261213
52867,44.91577499558966
39566,37.54185616692796
67152,53.7128220150164
96248,48.305747052793876
80642,46.81345920859877
33908,26.811342108796165
6930,30.90156517999396
43877,37.70712607203399
50545,52.099888762400035
21780,64.66058614751297
52180,60.80009644142881
535,37.79371819291455
34142,56.9484254648409
62634,38.13530722622827
22148,35.331015153775375
85583,60.43483126877277
26712,61.988930261652555
99973,41.231314491956894
15985,70.44612539056641
8241,59.09753277794144
19856,51.02033638382046
20598,55.62273407544915
67875,32.283211477154275
2428,25.272029016449814
23742,54.03542128119566
70761,60.0542390728977
83152,49.146486845250884
80757,36.371912892402804
95033,52.27141413598231
16943,64.62381346834214
101382,43.17487736095639
58635,54.40568882807992
85062,69.04094848906425
54736,38.954555843212354
7150,14.127478377606668
95317,46.43835904919795
3353,59.49065861682921
31165,43.288294051617804
5995,63.01261561966114
100148,37.30584821028282
92534,64.99236534487726
81232,55.962311224410804
75636,69.67310212768895
21765,38.83031449858893
92593,45.658765112502486
12724,59.392790745987014
39321,58.76520722248497
63870,40.27284253886195
25103,47.82844837680259
60735,40.48603782954734
3811,53.44012896282524
101524,68.70161620680067
60857,40.31527987669872
83882,46.986707458638215
32181,41.766548251044405
89813,56.16515933707226
79845,54.6526872752058
58446,56.11340549648904
7818,43.235189947512666
52314,26.489590887912087
36919,59.137000668047385
32160,63.221243047519756
38514,58.11664341761667
35066,44.69643497227811
90212,63.08537855137256
50930,40.40820502080386
62906,67.5252267519238
63958,62.44674181986384
24735,61.086312096857824
70666,57.1015783936467
97846,59.69272754761655
4177,65.11014542873943
28451,50.48298314275098
46615,69.5531803358138
58986,34.406442288542074
29297,68.85354790888661
15338,53.76949278333001
38313,51.927110320803294
87503,35.11264995664497
11934,46.43941420510038
73226,47.76736138262333
92870,26.938648917766113
21917,56.68915119532748
66060,50.36561584749136
31564,54.912220786335254
88126,41.86672447253058
85220,43.23238881015517
4636,26.478071197444237
73354,62.42796692812463
33368,33.54473214056644
62539,60.128625348285034
39013,67.02263882824869
62076,43.811045155038855
3466,30.20391488667084
61381,61.76191377142318
55960,57.880345873302275
13467,64.01368131503231
70495,58.346787588936564
77733,43.36821476169932
85049,34.53165911196714
79690,41.7781275297835
57134,66.64646394596186
43338,47.567545877190184
88068,59.32708762344871
35535,53.65385201482238
85054,80.73938203907159
37741,59.31122397808375
33752,43.28674221471299
3240,67.71520090765536
59829,73.66578636698519
33103,47.2398742780279
1643,37.864901377724806
99748,39.98651742003453
32903,64.6518930627006
46682,43.88973067866989
51633,68.621406000078
84881,42.475098204942086
504,66.85245237948149
35315,54.292319130287204
42877,61.14450950938497
42965,97.3290904040282
16977,58.97569667233324
31642,64.59090982041167
14150,27.252591964260645
92991,50.79305532902047
55206,61.81560986734456
19879,58.66976330717337
57243,54.39135157903624
8619,29.777831967421083
43640,54.84592374088617
8846,58.90945316738931
48462,49.12910252594673
82131,63.99488238944766
61006,64.71700930557112
83016,50.5889904082355
46172,67.85160268300459
77595,41.84854310333598
3276,45.049656880773334
94218,41.757768637201416
84903,69.23818755704043
37259,47.73658792992885
22260,64.94999272815973
60156,42.15918172967927
83107,53.80578283585137
4087,62.62030215513345
1954,46.54963170707522
14723,39.17763397128371
33405,69.64934248868896
30350,42.16548766181814
82833,39.396411543355235
1823,44.90423710136348
38846,30.01810731971993
6403,37.29165090725851
41786,55.98771912679163
33887,60.25919791751014
83098,44.60557419390114
9356,55.61755647092091
97974,79.66961287087807
80630,42.534999269189456
99074,67.95137791334953
15526,36.75828492398995
39545,32.94204402581679
88821,42.9824738098218
19457,69.55549714545299
88988,35.257596850976746
20752,69.01219503841178
87029,57.717948280789976
22907,35.073864604166104
8038,57.09837758220656
98743,46.10786978474
30803,58.044449152919924
11802,32.94789569812547
26661,42.59478752378394
66493,42.381350223885065
20267,54.87456532136781
45108,41.773123807623044
95593,60.894376477378266
5865,40.86998824520138
46410,46.463630592843444
45962,33.872012772075074
47610,57.76995654297437
90274,60.10854270212439
548,43.01854379781211
95671,67.67598633204086
34574,78.86245507476951
53408,64.52800042631326
96238,47.80373319950927
41561,67.50123359476126
1371,69.06356861997017
68995,46.274872622215625
96317,29.316535280440736
73309,48.979058786021604
70414,42.5003275475124
100995,49.01363571448703
50639,51.72951471059817
35012,43.81855612092759
24079,57.08783843784561
58309,34.95160152447309
83146,59.07942923877418
33899,54.994953362542766
92528,51.29412776769355
38104,59.56410475746719
83242,53.29358586193732
97952,51.619455671613984
33427,52.92214151837483
102292,35.030254964929874
28368,59.264735876992134
12157,61.94833319881468
42784,48.30281148736675
11156,59.51537461391688
51017,66.37188051225954
46569,61.656716326217136
35118,21.34984207276352
55518,64.51955324918889
85326,67.62923876032033
8816,56.8570708358095
50401,43.871462122988106
50856,59.3217859428967
92545,64.99124658722077
38973,58.61315050735685
95897,62.09907004837999
60736,62.13265948407528
50397,65.09864903476814
55571,48.471743187989816
32665,42.232858826658784
99293,69.5006134202337
29167,54.83673515421686
22742,33.22832508663077
90560,69.40847911989619
78369,40.73666743801945
99697,40.43851185812975
45224,60.58032733905452
86390,60.616359233438246
76809,68.621406000078
89721,46.874403034954504
49255,66.94072117175045
44667,55.11069601223755
63507,37.32119567303723
85663,64.27186039892013
37757,61.86690445672297
75041,66.69162667616276
55024,50.711782380837796
13460,64.02086449387154
36983,68.65233936683434
46226,58.59898489109618
62545,42.53939393765202
101894,59.20197753055467
42634,53.58803889478479
99247,60.94432185252694
52690,63.39203217804054
54820,50.011224097663906
54502,69.64356662670268
84464,44.12730364038199
55937,31.407499834433935
40275,48.00203539162366
26549,11.917575598838557
27353,30.65509525820124
46719,57.28087725761063
1244,66.09058813344323
61253,59.64683741205207
10495,25.726664904622957
26422,53.56732836544892
44070,46.16163440317113
27694,53.924393352731705
18172,59.72693428800442
80736,58.63743034965449
101054,57.7522361880462
95258,64.67377579392725
13528,37.57106775867047
100452,40.180585109634634
60330,44.60448303113257
57624,61.92629937315767
96287,43.66308127868478
61844,60.41531267251097
15744,44.96234810801262
9277,59.48769348391843
9545,22.406992478459653
35721,62.18369588180637
13771,46.72373500683057
55694,32.82823384907802
3731,56.71888378734155
57448,68.6777426024191
49321,49.6990751490256
84327,44.71250657374644
86267,59.30472867230678
54825,33.10724790101408
29072,62.835526833991416
23786,52.57518466982388
71177,58.22651267567289
73617,62.489324381141095
97393,62.7063108665253
96246,48.144946626487766
21878,53.371537563371994
13025,68.97069013325941
54254,58.44611202257436
52049,63.065584653289314
73723,66.54957512392593
28782,70.51283329148755
22960,65.00361200446613
49558,46.54231921564646
19299,38.064098154398856
81579,38.060737951867594
87943,53.14952723107278
55467,40.66897676529245
9817,47.590109800325436
79023,46.355787851198556
23425,65.86245603127854
14863,58.03296620166349
72817,57.91263538123479
38423,56.62058818716261
25240,33.21279229749985
41411,36.14475555288225
28055,55.68970932311008
50251,57.83127115618881
20792,67.1453338591248
28470,39.90856786834399
43796,49.83822541093017
75215,39.80345136491084
10234,58.30890397513991
67713,51.62455330046383
89081,38.961541501995704
34284,46.93640375148669
21082,59.955829019649606
20422,29.078081761840107
97831,43.81459255553566
25136,25.75876709337136
47465,52.347748043851254
63517,64.81898825125342
52828,60.7584861182232
33842,66.37459854522592
15794,53.79200710772993
57728,42.042087238161976
101714,61.10396613137504
43321,64.93608569734467
21532,74.36140370265261
20676,55.52658128033101
77524,53.53748157891928
36023,57.880799183635
4252,61.47399870331466
81750,31.85909917584888
21404,63.679126326313934
76924,55.66802328209806
21007,36.17991357078837
24350,69.24985379347362
84757,60.707640166053416
71137,58.85886291050478
64623,61.73349067828189
1026,32.71081137600703
37970,60.66675338120084
32298,58.16927469170647
1809,60.42670214711327
19540,60.60299679081786
11142,60.26696456920071
99885,30.21712184761457
21409,58.50837550720825
25700,65.08206343421085
10769,50.44530382242199
60730,48.739455327272964
93248,55.717417667039605
4497,47.75250783342212
87382,45.164591424417374
93992,68.45703941593487
50885,44.98363591837365
24923,57.45920419871716
52135,54.02623231867792
94643,59.19658977224272
79427,61.25841545640988
31631,48.860334101835946
17805,24.294859587274637
6981,50.5100921762785
13911,56.40450957646448
12269,36.411080199721425
82418,27.526458976465918
5051,48.54846474867661
227,52.62854850272219
39132,50.34864992723392
93960,24.69481494334846
73643,50.567145511638365
37817,37.31255343038733
60624,45.205927286976184
9184,52.22143247824481
47460,34.63724317242607
34256,42.97392345801921
34122,39.17727394765543
66446,46.780186786628164
5263,44.59217879515464
58722,57.34621446758194
22204,62.80238520190139
19360,43.47582319886655
90692,59.40820045900402
83962,44.78151468329549
49055,42.04493700775555
82064,70.06481762917669
62603,28.835936568152203
76023,65.48249764963988
1840,21.08601051751201
73957,54.339567800017484
49242,64.00043125637764
66548,68.57868956455101
24490,38.2069933251457
78952,45.201596594041206
44465,43.26627186425162
9468,29.095782474073076
42748,61.98787926163429
36503,39.06064084812061
38407,61.499330337033136
80522,66.19218406999198
81847,18.27672714151237
17497,56.1243162590134
61517,57.1255675279841
18254,42.975493598660606
59121,64.19932850958887
9332,61.57046465042743
41597,43.7721474932065
32574,52.03768707942211
50839,57.865261821944486
58664,54.806484702036514
64243,56.63906162122797
59325,53.617616026183626
3826,47.407996352843035
66073,54.58502644882881
91224,50.214557435735486
26097,30.756390184359343
18931,39.784359157295995
54648,38.34592891121928
48814,56.65288451284182
25529,60.80005254844239
15304,58.89390583105461
28222,40.485627323862616
65580,55.09725073873438
66126,57.34672878512849
82314,49.27005159124239
94063,68.91777235598252
64464,38.96441434995758
95395,56.93983834437223
19400,41.51765762906376
2941,67.45858125038939
39151,56.81929452712265
67168,40.110078944398815
1256,60.88734962696185
74548,51.120792742476844
96616,57.85562814860177
27448,60.27029494898852
67020,43.796873977905804
13079,58.65126581291641
20788,44.92538508603985
37691,39.73827481126446
100028,40.651038570676036
65162,56.1317645240895
16492,61.460259841122316
19906,37.55231323958346
60643,56.962029899608325
52946,63.622077813457324
88425,56.39955298343291
25623,21.092771334363643
20823,30.730952132286983
93029,53.989073593737885
66133,42.04184465820345
99151,58.142899036631064
97919,59.55048489721265
14442,56.553102006012416
23322,49.73990639587053
8702,40.4728098094787
12162,63.13833614859087
75910,55.34314603966659
82857,60.53170450164563
25831,40.87327599568395
97600,67.87081510555763
44970,59.92949956302885
88763,26.065855144310532
1335,46.121929874212974
5987,64.91470714374476
84098,63.871094238763696
98746,68.15208151878234
95959,61.20249047457002
22404,59.09985942065273
44816,58.64922147358318
24897,46.77584763985088
51426,40.10146031670405
12617,53.12325917798443
23654,66.90252941763947
48735,58.74026020749925
23130,30.479666272834887
58384,35.15015391898791
58917,69.52900219404549
16148,70.37947988903198
25844,65.37971562467231
54036,37.024512439378306
100778,41.22638426375911
91796,59.72570289316932
29331,78.44248975029545
23318,63.05597564753511
36304,36.70574415504231
48317,71.37084471884438
3669,48.773723044506106
96696,62.28915967406969
7226,36.07805455366945
57485,64.28255445429414
55264,35.6991615861652
80480,52.97765171139491
72979,65.13177992029944
32166,47.43831161772485
19660,51.32827940160961
76805,69.44567313619088
64303,57.29935236712078
57966,57.3465413846709
44615,47.793201757356336
44251,58.02929582430019
95857,57.953322354812464
23999,48.42592344577028
35796,61.597129217350265
88796,23.97980430658064
16418,66.11468484910492
94499,20.161661673751688
96022,41.92211215733655
37255,52.62628204597681
99453,56.0583543164275
41074,66.84788048913097
9981,58.537836827981884
24850,60.18560031485495
23673,39.908867216956956
8943,67.61283472208405
92684,57.634194449107206
83244,50.34498496945515
33949,64.64764130458144
713,56.57373626939929
100774,63.82300610254609
78115,47.272759327738406
12629,38.41625660069226
95307,58.17187910211285
72898,59.57349048849815
10134,54.93786562347402
35630,46.16594506495556
17911,48.80599945035016
86189,40.80359822380584
4791,52.50432124898667
72552,60.427539859619785
76515,63.05498306334657
50448,67.06326024477755
10239,57.0193703258859
7026,46.972148946844825
45817,68.36233820650948
8963,34.82573980302697
10859,69.47353110517119
19605,59.94265903951519
47509,66.36530448155473
27418,55.91629136388455
38544,63.68507271232005
94883,37.94745375543464
94014,53.5034057854124
79778,34.69051006952843
101362,38.17340208401827
53095,59.83636726220577
65760,59.80015278796901
62282,59.28738931845132
89247,59.63494796685929
6632,60.683749692327574
45385,42.87527102949828
73465,57.47307110006895
99455,54.553223830189026
66360,52.58333386215818
101589,49.86468223366533
17304,66.89773133257764
45960,59.161704885809634
18551,29.45738977304373
101645,57.63912204895099
45802,41.996339523783455
20521,62.397307666021455
58959,30.52143759659776
65045,52.790881668838026
72496,50.20180351688614
36402,63.06990523380012
25815,53.42953332427591
76702,62.50747080156131
84777,60.571200804123144
30356,52.09560351590137
65815,39.66172683601154
4147,56.08287333260997
28384,61.05004846247733
80942,62.202898902738035
41797,51.492352107205555
38925,38.474884320747066
4785,58.00393302887389
15536,45.825356924349144
66949,50.11257292964328
24614,44.660752532989264
35712,44.1950086209556
37917,43.70864691651162
62321,58.44417463683431
93731,62.557799540251246
18212,44.39691701785185
36296,76.52933541807289
95639,40.42226352800681
50423,57.138349519281995
13920,69.93755111541137
8458,29.363195091581574
51026,66.30140244361414
40103,70.22745249599922
832,69.237376788771
69312,55.26710262849984
3261,64.19865805356264
58687,38.55466141527487
31480,47.539610660298834
26949,45.26433593757227
20143,57.69347309031949
11805,52.50693496649888
16149,57.35534772773812
15022,61.482908563470176
94814,60.3737808843388
6389,69.52900219404549
75196,28.566101602601197
80169,57.78268911845494
95553,61.613085160649625
46798,57.548726494538165
100177,40.84023248454513
86560,70.72534396566247
64830,60.687350302114744
44056,64.38564129252585
39231,57.665597188452246
30613,50.410309989606496
18322,49.249525624975156
33215,60.752376033473645
79783,61.63099605934096
9577,63.06064443340983
90940,36.86649482787801
101547,62.54553718214659
61111,48.45576405226709
13640,59.30338623288478
79012,52.634010258067235
72937,68.86805653567885
66743,69.74993544972011
77405,28.350199522935604
7174,58.08567094873751
44569,68.75952618627196
84144,59.04978916893845
1818,56.075704605445395
8148,55.796262094156475
41916,49.609466924862765
93659,69.36036430487243
96957,55.13031452800631
43839,59.82876127817657
38048,68.71435868514534
58629,42.828876198655315
89380,48.231838338525286
79860,67.74566586601533
22125,47.016196594663015
46845,47.69289426468876
15872,48.60783306773946
61708,56.699868427209
51916,69.71393603290028
11968,62.63271414156359
4961,62.63973302360767
8549,31.34050016368909
34309,44.59821749824995
31457,45.84631652368392
8050,68.78895948673407
59488,69.06356861997017
65896,73.05005413263146
71621,64.94519317390227
13842,43.48971873325604
84004,41.651368174879075
5675,55.9790859895094
92075,54.76950988520276
23801,26.552900174268352
87611,60.006051703684626
11868,60.33693270773338
27411,42.64737739314602
100809,57.250087187696145
1068,44.70395344485095
86021,59.44366244948959
97705,69.17959043736934
84822,71.10057338556207
102058,37.7047189013525
32295,33.674350458654565
19214,58.11271293161306
8822,40.733408026577415
68006,25.778715036165906
45670,38.41121390347753
41815,45.2991791871994
27702,68.28566216696694
48091,64.2633657805381
68025,67.38421738817051
98685,60.41138629229206
26867,51.96848251456565
33130,48.79341307205895
93033,42.75790123834567
28409,42.321725369687165
97750,46.26516417186506
32716,33.391474282311925
88377,42.405255238564685
87899,42.48226774143246
45390,69.4534377399363
55993,68.47309136033627
81905,35.86241605085423
48403,62.01592231999799
39541,51.88805879251257
3997,42.32586188084977
50599,66.43621202993114
48078,63.859105915903044
100602,67.0727243108324
79666,47.976364550532196
37611,43.89324377896888
15231,70.44612539056641
51276,60.09033960001849
12973,52.30209110613018
23188,76.84326263641786
88061,57.116655687438644
55130,69.9879135991068
55029,28.353464741603638
23885,61.96554341601739
68066,44.671128457372305
75352,35.048168253770825
48058,46.28191579332615
50288,64.59007822338918
50879,57.68645365681748
15714,49.57635010420943
18869,53.634010200606305
98165,70.72534396566247
58070,46.309558489211646
93199,55.25254620349681
37434,57.10679169374848
83089,37.06098861168956
98898,55.64389877216272
45632,58.02272322076508
8348,54.07412101673585
21419,61.31920267984582
26342,54.128504490956914
101405,42.64550853210536
91794,53.98150957124389
18112,64.70949807970804
86497,49.770520556598164
64676,54.765131358672946
49766,38.62924705885508
73683,35.94630067963354
101532,58.592741551107274
90631,46.531264776298386
78107,63.477802668978875
71710,40.80099230329301
97293,58.81060356718397
17230,45.4936856177549
50706,56.41108933324268
89841,62.01910486090326
95973,41.24972355749198
70727,49.41335259171561
17213,57.766463301554815
10103,60.70540659701888
87160,74.07602364900491
101950,42.1749800474006
28995,66.24225083490666
23888,34.91701003115139
71797,59.145588099894965
82355,35.63291928702226
60656,46.38304294499608
32581,59.549908764582696
37879,69.01229872925717
69658,55.88452039555293
8183,65.09321924081071
11976,39.099403255239245
7559,34.641566839165655
53556,53.43501654632375
81860,54.13129146269237
27939,45.47769800483905
59102,64.87592023412323
85000,60.23120390396333
80083,67.74476742655281
48713,55.9453789742146
1547,46.33120090213941
90629,70.12208759598322
65375,25.61954929246979
98539,68.5517322509791
26284,56.869611331356424
42153,71.16348879577856
5816,57.471183742768105
38103,61.21164240296896
84028,34.134215783465336
95015,69.42417803268728
39210,42.64035482246376
63007,66.57216438657974
13942,47.15727511329877
36862,59.69335494148206
52995,34.57167746417288
40798,57.81876618480594
6557,39.685420752372465
74693,50.35123738740873
24647,23.37039115203157
86333,52.9165660061393
55501,57.40910212767405
84789,51.77935849862735
795,20.213232869629447
41802,52.0671505130119
30922,54.566249438208814
51199,42.099058939583955
58981,61.55172717105293
73301,26.621279161046427
28843,61.93935697930256
12708,61.00784396705586
45805,59.903534772069385
25363,59.2072609229691
86391,32.47538431575023
94675,53.18708920290066
59424,45.54474366408761
4272,66.93651685710307
50931,28.57119523416496
112,62.36625584779162
49678,60.03240675914659
31857,70.476663666055
20110,28.71892598131632
33573,34.4616275826339
90863,44.32302558076715
56502,71.37084471884438
36055,38.2905074461093
71546,59.09180869333359
6076,64.6486387878901
7025,40.870582331819975
90432,41.63703076097827
13864,68.54516735526933
64556,48.97736174605693
90548,43.07063770901137
350,21.87017306125646
12738,60.657485590528815
88832,59.62411242350891
31146,55.426056789913346
47481,67.69886467115721
5810,69.37088417146964
21177,61.64196239137423
87966,67.60902657340168
59742,54.790413633757495
74272,56.3115405056718
7429,37.952819682592256
20284,62.75129695005351
15211,56.717806625000804
98473,66.21711857494535
77394,28.210070493894673
49257,48.248290390810304
36212,55.9428838566971
78848,44.638497274653254
7287,57.456958182019754
32807,59.63586317945562
87508,54.831805722993586
93358,58.96135784619318
10259,41.20246611634834
40129,33.71339002154425
99653,61.97154370039777
65796,60.48724417086025
72210,31.76764746879665
27423,58.31191238439808
32256,47.56683695556287
25098,69.78366915924039
42753,43.163613614566955
26749,69.26635377813423
64771,67.74726626132875
21054,63.393910819518226
100294,61.79059148487291
14504,42.02675328934343
41110,29.456964771343213
58154,55.26441896115635
33915,58.080508595524314
61256,60.00033802054087
75526,44.84553568366567
34557,64.57130433269108
14041,36.12053796275142
65754,52.23412720679267
43381,40.26256972039273
20025,40.586262245156135
99300,69.3405352273282
56990,41.785705016431564
61610,71.96346273809641
74812,40.54990769214366
27894,38.63071073886813
19843,41.902065519188085
49214,55.52533566644332
51076,49.16473091306253
93758,54.637633612050266
11739,43.90427152222518
32357,45.168446281510285
40542,42.9454245641403
45456,47.00939923563753
89393,63.12621560214802
96386,59.66254536079044
20885,54.17212330675366
58132,58.56198624210795
43025,59.55727632862646
40583,46.664409696628084
22612,41.35034047806727
56118,69.37044712023277
66700,60.75573725333772
60847,63.0490984701657
71114,46.73238127013819
52246,55.72555234073734
82508,59.154321809171115
1944,53.678617385915956
11299,28.106279206515016
29702,55.62795874162783
44885,60.67949562703598
51459,54.41800705935202
3081,33.52393010508864
80360,23.715954404638772
27098,66.78028073630297
15138,57.43141882715615
38764,21.52000001474772
86150,57.378792924263074
53619,52.76728821429164
71007,65.54127283810293
56318,53.885322954235136
93542,43.955526873499174
43805,27.322207071927956
53500,58.26305676165876
62161,30.183884719121206
6476,67.50381226836335
16436,34.39238675338971
83074,64.72114310748853
45273,53.56247205491673
13030,42.05049522082563
6424,61.318321472333565
9835,64.76415758527483
64742,54.190295483135614
57834,70.52703203693684
18374,45.682442895794686
49744,69.70044477960293
7880,43.02922847180118
20287,15.314600000525852
33189,65.98692515129365
81040,41.98951512982996
4600,60.28395829693324
66962,61.25708307852865
102490,53.21336062428752
89086,14.834716696583362
35081,59.50777804354154
70566,56.25363783303956
38097,23.141213215307218
52678,61.62151961995844
95998,83.86771385016716
97399,30.33273185507711
90125,56.87635204477704
54621,34.73835376014769
83182,45.212601640478354
29035,52.876063244464866
82925,68.39548138966148
17166,61.98333834096304
13923,68.64735558917525
85807,66.30315791104904
67031,59.162393775181556
43924,62.78514990257535
89822,67.07460655592939
79903,64.57130433269108
75083,38.00029162026475
64937,60.77906449790608
89511,61.399740068291436
23245,51.81862636457757
56915,72.7920619128042
59812,27.78330176419089
78379,36.1992401996587
43976,62.62985605837272
39140,53.587241487455415
59937,64.19161060346329
4011,49.22805587558537
7180,35.41775705001875
26102,42.54733386715563
27281,31.72971048247207
93691,55.55882963367838
63708,34.82921086221338
53119,41.856688002265756
50698,62.614187867118844
95227,26.800283219193112
7239,39.113716580668324
21872,63.02840643753615
58763,67.91560936867069
16361,30.402222248605703
9680,61.90999062392608
79303,62.36087386806084
57177,42.14651447587582
88698,69.37098027941454
99620,58.42985501010854
65455,43.4978834280414
96140,56.84141447107864
84501,53.18571708045823
33045,31.949866805709952
63478,61.89564352511755
4963,65.21397443451784
39167,67.27040883408328
73963,47.25582252393435
83257,60.54567101272718
80655,59.770015267169725
23992,67.64597916260749
95885,65.42785730557064
24064,39.861145623279775
73743,56.76433609891623
62418,54.53967244328402
10372,59.93020988439102
175,38.44493907733055
66357,33.4946262450332
38358,61.58312393691026
7120,37.340460872628256
64796,57.64506424870807
77289,56.08374595091231
78638,42.65249733360852
60182,57.76469697404383
38123,70.24229754087888
100475,57.123991152906186
23693,69.47659385378927
72921,58.93642924757715
540,60.50502100688117
5319,59.591511324692554
50138,26.58926248390303
77582,48.979958029100935
85342,44.11962498928266
99850,46.04730800944163
25962,47.20415109140272
5581,58.421979733741175
70864,55.20679578912311
68164,50.62985321191708
15720,49.54138342710333
54671,42.814539864982144
72754,53.90524327085642
12117,41.31917936788114
32163,49.98119142847327
6936,34.472040036125286
101567,65.19663567486943
45748,54.29943325558454
42240,54.86941108897701
44668,61.652340426988495
76828,43.096783706617614
98763,67.62370750991099
52010,37.20793628987377
83884,59.37578133896432
61552,67.80622529663319
28081,60.18926115212831
83332,57.11006295400785
80854,59.240866492878986
89906,61.3811961378769
10148,60.03909272107383
33118,62.93415886941439
18591,66.30140244361414
13697,61.08930586967856
84761,69.26341657363736
35159,36.11483800224667
12154,51.38757979792172
86295,69.57663064747682
8244,50.768110891809826
65417,45.3300347071565
95869,61.338353763419434
51226,39.77727987926275
69584,59.64303224699951
59680,24.850795864145752
76799,70.76429081792382
12286,49.46317410642213
27767,59.748157654672404
55090,58.606606309101245
10187,49.49373562279543
88521,65.03588037765152
38725,59.39733773790447
102484,46.1890387951323
15854,59.10562304663212
7922,55.55784649113143
51723,64.27162777337621
23298,65.64661159374573
52187,55.99210199463105
43237,69.01219503841178
82809,50.54109943634181
37014,44.43888445178366
7188,43.65941213465882
101525,69.46373018109247
7717,65.69466737156911
46357,45.49301744110618
45164,61.9032606591623
86695,45.04777989196006
52496,37.04942644448768
67887,45.40626408912197
70215,26.019077827231012
85837,43.60110744833014
80003,44.56631009346509
84894,42.37829165682062
1728,60.01341346826092
81257,59.90349093182561
75997,61.48508194801798
22183,67.87618353363803
72287,35.671875276763764
3392,37.86460080176509
46054,45.69573987055678
79063,58.963115601476055
45291,38.14096778602195
93343,60.465687234232036
54509,70.24229754087888
42060,60.17352934096346
61413,59.68772111526924
64682,50.62506310603142
86580,54.62068874593059
32798,58.636441226217585
21536,53.011948244044405
47912,60.037510240180445
18592,60.169501415292416
69095,59.053540504923795
16648,55.94340153600697
12735,57.782353714382864
30886,60.21349092991014
21260,61.05527260721725
50059,69.20141252125516
75890,56.978107779103276
2581,60.87277275452791
7131,37.64255111121163
60943,31.569638401537805
43687,62.08254145888026
79545,39.792438243374605
102156,62.97263511366694
2546,70.33764273913368
1797,49.17068388220186
52765,38.33554154456618
99897,64.76379389832442
46475,40.96546776963058
50518,63.63235951703869
26467,59.93467871696764
24504,44.163247125904526
13399,77.57687791754057
14490,55.18659533089077
55185,61.61923707189665
64628,62.34121707181157
55848,61.856463859428075
70500,46.35660135531658
89259,21.189586235843457
9199,53.644274482976826
86958,56.323153674372804
101593,49.14310136506677
53366,57.459974664621704
74140,41.73145738397258
40154,46.03821746863604
86402,42.80912453165283
79569,56.70959762265325
98314,54.595617206784354
101813,37.11206293757941
69843,60.66640304033945
22226,39.07435593198944
92710,42.627228103897814
90588,70.74844796067076
14329,45.002350585990435
91408,55.836075697061496
22111,65.22932654792595
29669,49.18529571180461
20235,57.2264152346637
35108,60.370083812179104
4815,54.482669140696046
41630,50.50931403093577
9212,66.55087701194634
11535,57.19872714260569
41205,58.11387055560596
22680,45.39281944456571
58710,49.917484981269496
94436,41.85379494522826
9062,70.07117164300762
12230,63.0085371030255
34374,58.95622101245276
96845,48.67060100686286
88075,30.767055095728242
71981,68.9366114606388
34936,51.6810664710353
53611,63.20188095385228
26275,64.56699490823807
102027,54.1208957575202
78121,49.146721239806546
3673,58.636441226217585
16803,54.52407794688428
43081,40.87265348774721
93755,48.06800871340872
56480,60.672807472840894
19547,59.25181085899383
15930,40.72400971855785
54896,41.05920259122299
75710,62.98313531326326
29811,42.67682110863322
21291,36.86953920668376
19493,50.114114592059856
45311,34.032641724497886
82812,30.221793723537107
75672,72.21893890474941
35216,68.61835291585187
72172,30.94429740333222
97993,68.95089508583878
96460,60.50990616292565
89863,36.05544201162664
65264,59.033072832351394
75977,26.09465378275037
30354,70.44612539056641
39796,65.12228036115252
55366,29.063554358296624
6992,64.65937791933221
82777,37.651219884082636
22303,66.75831412156424
44489,62.389508093887905
65027,42.964706785688946
48926,56.791059016277394
18403,42.2694481189605
99011,68.62692843791551
59819,45.05368819939372
4831,62.53061024217982
2954,57.40966420778983
21393,59.94316083028585
60000,55.8462204402437
13290,40.91847249666002
64435,51.92919807085205
14304,62.642916131970885
79006,52.492786240408975
7580,45.26403009292134
22524,52.668634956090024
41451,42.433758646655896
34007,68.76599932994317
29285,62.17286008759109
29622,63.090507102285436
55036,48.39402929945725
60309,42.417817370066565
92488,61.38930784956092
72031,58.57585749794099
76647,58.63353866623448
86645,44.26770194934413
4337,49.73241980809239
35400,53.30854785708841
99727,34.79636884284965
90277,60.74387589639544
83153,45.78076065648185
56764,42.735302725885525
59823,48.62094093752373
6552,61.016853363141045
56288,45.14792511866329
39578,51.100785532809766
86717,61.04432121252245
78904,47.65568247218429
70067,54.662830108949294
99486,60.63736915876026
99112,57.00983734028105
48409,18.19443443461544
35038,56.34295969349101
13323,44.19636204278731
27808,42.50938447294403
76138,61.54490153202852
55429,53.35831089818002
80835,47.95820350035617
93892,30.462613180156303
7724,34.4464820599626
96090,58.470511340459694
52554,61.5653024145411
71243,37.85398583326529
23040,36.99977118367766
23941,63.70738709735738
58327,30.82483062385417
88047,35.62351642023088
6975,58.22260100982101
15074,55.44803413591427
17277,35.674224652164504
91602,64.69627743986213
68055,55.7819260070346
78970,36.816930808996375
29204,42.16638382795882
83497,47.069636891512
6920,64.64892708955239
83823,55.18535461672166
12967,27.718276802443835
102214,51.68847109638568
77752,67.59104330001016
58444,60.59149668321255
72401,68.57175515983172
24964,64.33979717905567
8834,58.318767842545384
16476,39.932381066632345
31251,55.972900885133555
48943,68.67339468726954
8287,59.993140724016676
44510,57.10796126268855
101112,57.779184036447084
13912,41.25746237617601
84457,59.61789013948185
100562,37.847585571148215
54185,66.87978899445213
51016,66.44628577636381
41442,57.944501924115905
71538,40.04608075234721
49057,56.82413020439256
29616,61.528367942326405
51736,60.70068015887617
89423,44.987908566753774
67104,62.83435697872706
64762,69.94637950342006
62091,56.62552531083105
67569,47.466465913624425
69773,28.958739015759466
59779,30.53997870338255
100527,47.96030215897868
11109,68.98709084591276
4731,43.98406501231557
78822,69.59789931892064
66056,69.34974259327458
90131,42.92051337468481
69917,49.001761885437936
85979,46.46758015792257
93401,39.58814551638936
94920,63.07667702726254
83761,23.819574354373405
7911,45.198801305689194
80689,52.81289870921844
56422,68.37413702438378
1979,35.221679868287595
82229,45.15847966406155
100801,56.37039502143779
98068,38.44866986029522
99646,59.01432690447301
3685,39.4895332894642
1323,44.18755566696243
73977,68.77893942728765
85071,57.1298266182365
55425,30.47862614189095
30418,36.298124196533955
94049,63.44635592648705
55055,64.90680286639908
1551,58.3930375139112
82845,59.336605338840336
31697,52.93051220744847
49939,60.77863668082943
65089,57.09137039559944
74325,48.74713019501885
41244,49.911210030662986
35683,60.3450099163807
8957,60.63285124310626
54272,33.325254106510684
70557,38.57045446406447
80833,58.113235319543335
54653,32.52347556061874
102347,44.89949730263942
43947,68.95410835025116
32625,42.25095429243092
3857,66.23000270027536
6035,31.493120972161865
27496,58.42857595033752
49065,60.5904533610015
70234,64.84312414314216
34748,67.04475269948108
36498,53.80078324100468
81292,68.21267298883961
39295,61.85990051092114
70787,44.874365843849645
74686,43.91596572427009
68044,73.99143504641506
40918,62.367342682415426
85018,54.22296275599346
29138,59.93627566871497
37553,68.21242544712031
40148,40.5667868496821
67256,46.461904771108465
84048,58.53224040731765
23682,64.6775554651394
88019,58.62356705616515
88886,68.02310354754219
2744,70.81843444662772
93205,60.90493259122628
40958,55.11154446104197
74703,60.50610792875798
11159,42.29485693549479
64475,55.88014789982698
2558,50.858953865681094
60040,80.14072797689062
82674,46.84067375755846
3339,54.734384992448106
84292,69.48459988559462
36488,60.123996136119246
88954,22.17285911511858
101131,20.937783912186845
26006,55.73998902400588
28469,74.17098013341766
10237,37.15882179645459
82266,59.619615322652464
21610,67.8131316676396
31320,70.1034759622212
89339,38.04837371637274
4075,67.5139227777571
97525,57.90952048691562
47953,64.31174240025665
83850,54.77853522643058
87465,57.8710963425688
6357,67.2480207186843
81555,46.965172477719555
15436,46.364618219444566
53507,45.540166655047685
3891,29.889208057807405
8692,72.09480801904243
22009,61.86069816090351
11777,60.03032903437207
39014,69.6075663795005
64522,38.88649160323708
49153,65.56426033091729
84819,62.80032452797423
59948,19.22591935196213
54901,63.14289467347834
54051,59.36140357815909
29464,60.79701432308528
95883,56.087702125657096
82891,52.11333740110509
42864,52.12448405706849
55742,51.040436124076614
10803,45.049786747023134
62398,37.67760822135344
38080,68.17432893878325
89954,39.63252065067651
70993,60.00911922782657
71391,57.649301673868095
6837,56.21509067987122
93246,51.57114777882112
45083,58.53576811138744
14220,64.83727522368588
98326,58.49020688205952
7056,70.07117164300762
16186,48.061908671141374
21318,38.433630285604316
52454,69.53576533024689
94729,43.2686925407637
69269,51.42070159363347
52729,63.428431827751545
15677,69.5992187041941
42272,67.90501200434046
48389,34.292363985375566
74285,37.610140176166695
82323,32.76303297547463
40338,61.809873700843035
7742,39.00058847191392
16914,41.3513082594672
77910,54.147662693741374
6042,54.91784851617804
36323,54.24140410381495
96323,41.92285640928127
60904,42.48509532146493
86135,52.83631533982281
42141,69.11929126495042
49123,55.900852961557796
64049,52.75412728040209
90755,44.98824495772159
27002,61.45655074680155
71145,59.39430733642134
39946,68.2885969625853
40817,58.235091220414716
586,52.986617278668525
59547,46.49672192761408
61935,36.20474179262569
18195,49.612002623430854
79546,42.308448782755846
75302,62.63404684113578
37938,58.49274810142355
37336,61.10071702611236
62951,52.97567820976348
75643,68.95972508214165
53006,60.30924978744175
40939,41.149480184094024
32488,51.58044657498106
8071,67.2913036559727
62718,44.25577099134678
9631,44.117624618577274
10333,35.19732081291133
33388,28.11476689021651
72788,53.831792119365254
98609,53.579244224240384
33870,65.008399749817
89199,58.09184889706551
8829,54.51360521881776
81471,55.74876736390231
51006,69.25269768883278
5851,62.89618092710637
88835,31.112949634912173
57802,31.87127239384459
15870,34.89547172610886
64086,55.5844808652956
64770,62.01545499809636
25469,36.873680039456104
2473,56.22980305569261
101293,59.96135949593212
11779,55.95787806363897
90194,64.65691442716991
91972,24.439394276731186
53327,63.787917507310105
41363,27.009391426640992
58524,49.51494334711056
7345,58.01965760158746
57828,59.341430041869145
58613,58.735491482708206
53381,44.63533163101792
88183,59.10379782075812
15916,62.448428714056966
92259,46.951156244001055
76222,61.64710103529643
85620,25.411643489277356
33890,48.23625711370811
55041,42.202336899052895
92227,55.26535538814746
41583,49.85222151415335
89269,62.9859375575507
13103,69.30442760644722
7349,62.11733556069712
90934,54.165157911884826
54658,56.0581511965055
73153,44.110702491878946
74948,48.62432452690177
93871,61.63160659014007
1369,67.61283472208405
16902,55.81321531931349
35658,59.74233350946769
50521,49.49399366312773
48154,57.411767917328525
61,28.32711011886787
46759,56.93212410468176
50732,69.32393606553268
69928,69.13587185726651
17480,57.428300078378506
73754,54.929567749334154
97228,60.637754357999526
21268,59.473617709502705
20371,60.3348118056542
90145,58.788518646537234
63792,61.4253539767473
76114,50.42366263493491
70899,15.37635268644205
46122,44.0779364379504
101357,59.700292299834885
102447,28.508440138213007
58566,57.120958688603494
25022,60.789183168933796
23581,61.20549138511268
60329,67.90501200434046
74867,60.03218342873449
88612,70.12208759598322
78620,54.603723137013574
80128,53.51378350445432
73218,40.44941320791766
14102,59.10488781002702
6551,34.239946534782504
21272,30.708725032271172
102589,53.272386168514494
51658,66.25520511786267
23025,37.68833460377364
19607,51.692446326566994
37004,32.20586421693787
3098,47.77130300218725
29382,66.6285399731856
24348,69.06554280454047
20895,56.518917682155354
50336,57.56632452976805
79657,42.34793690151888
11326,47.13209620469293
76758,50.04530207294304
50340,59.21702297440596
41069,67.69429325610113
12557,64.38084819245205
24105,50.729439090018374
36927,44.75340778723849
66436,39.78455801229559
50053,60.42896475168399
58618,61.93124823387697
49299,50.75339457051525
80121,61.03887506295125
34851,54.46260388446781
76112,47.891717517614346
17181,61.25132114396738
24122,60.060423594696324
58503,33.45385669395198
3313,59.6718158143479
99557,49.602381863489725
57176,55.90941357870709
65223,51.65221892382362
30448,34.85915283626867
57878,46.526255224092736
57543,64.45729286386006
8142,55.7183370930344
60034,79.29581326214962
94547,60.64852225533095
12662,49.27906454594455
4110,65.87865494381919
85201,33.58365210020095
41533,36.69376885988084
83141,51.62788557294332
47189,42.773356939455624
1626,29.61881646073855
16163,57.1676297454696
98529,40.8249258203139
78898,57.996473134798535
64960,55.86806423524243
22929,60.543150498451475
43267,47.28359541302373
16767,50.6421017719927
74645,35.10640809560056
26802,68.94556266375862
1448,49.520270970340796
71962,69.13708772499359
1429,41.72457220918668
5651,64.90167946443903
39574,43.45200369360367
94981,36.86994071805487
77448,46.218200170907
2159,37.49292025314565
57617,40.65949872315105
1553,68.79151599092708
93685,44.53161662951512
53806,21.12879768134026
51660,59.861702537773326
36520,41.44104248953175
21405,30.04965310516012
50634,53.311397131499426
87031,51.7750739767388
72462,61.75697557541182
81226,48.546643571515986
51021,46.43058954021561
24477,45.2228798411321
38296,61.76304496397773
31554,66.90656290260678
101928,43.16840923725606
76417,32.46047145513864
97972,36.42572894563606
56081,59.083905421436526
45157,46.91490305098188
41918,27.92265124377829
23892,57.710195628902305
64686,36.55934761394809
57986,56.1652968100724
44241,48.967969895259095
30924,64.91611764803518
100994,65.41077339858064
58036,70.63638615663163
82451,54.31474761560693
1029,33.27948142478044
60481,47.7901329578242
57144,63.322745484779055
44198,68.44500885827884
69361,53.201352792627496
74754,65.17133458213192
55601,35.104855636105626
94186,57.15695571341387
60130,23.039071944704947
21023,60.49882038114157
79293,58.85433203717191
90756,26.790172102935415
64277,58.88322888249185
71774,60.37939230174352
99846,67.12318331454406
84840,53.790987273678724
10829,47.343230329309016
70041,62.311912123029515
36915,48.08876914664019
68035,55.64205023614841
45714,68.03191050011564
73503,61.7058514079556
21899,60.1818143089036
54162,54.72728240571639
24715,54.92564476014236
6974,25.621451240020647
78544,65.32109965067816
60580,44.01469288499375
46421,46.03691667046957
64741,69.50736202111726
20949,38.898201149399114
87351,47.15010625941705
14543,62.32412895220757
78884,60.99429427029394
86479,45.60032372806693
62317,62.72444710571045
14698,58.71152614787782
72062,59.870612218362886
67435,58.847490076685574
32590,58.240253001321996
11262,32.97781247942803
58328,61.49986160374875
60119,32.0008047851947
15030,53.115323470350376
64383,52.141190329619874
2456,70.8995014744736
8121,67.52360255501428
75186,32.765346977472696
5477,30.981671760686986
61362,68.95792276434616
35816,56.26163031439676
20433,40.60026942110156
68940,44.691232803565974
24143,41.22057800548701
62574,67.61283472208405
12046,59.22155475623272
37130,48.21956427253403
88869,69.24721558554134
46252,59.65055190362182
27079,40.93136401996395
55483,56.006677736097934
57849,59.07832582956377
74963,32.11656382775434
100940,51.99194948445197
12476,59.03395418727957
36377,49.75580457960717
77498,36.13737408702578
101724,68.19530037662432
14692,66.68282437216097
54765,60.811503715460624
62886,64.70438565613378
341,42.66829450955881
73086,49.54929395154821
84484,60.92260525902423
19013,46.07118495802336
48819,58.04818653966709
69048,33.80041146166695
80806,58.6705563024181
25606,55.938177343824194
96378,59.653331060216715
51679,41.64950144894929
25827,40.60635335568782
71735,45.616457237538405
79804,45.32306681529642
80820,51.53617023936667
41283,48.133651902721525
76673,52.725988116287915
70005,67.44921601262119
88269,70.0837933066418
31370,46.81381867327091
53045,56.17980526746588
61204,68.91026673982827
2814,36.69383084028215
77871,39.8178806620924
22756,41.21051283481669
87049,58.98943039181936
91657,43.593426574044926
78723,32.34785742940149
16222,66.352063053334
70702,68.81181806219585
50129,70.47352684071448
47313,37.699160670617005
51948,41.90777533659571
42568,44.117022251388796
60554,53.13960282782233
45213,65.85715999800762
63759,60.14645684346292
6568,59.51251534641048
48793,65.20094683453964
184,65.0430402411979
16562,30.04914535806272
92895,40.34432261287511
81007,68.35947731153247
85267,32.09139571612085
3740,40.545423055183676
71918,44.35262617643934
60970,58.706607922063604
62623,55.47590237387564
61779,50.351350854785075
23755,56.9946360144224
64116,65.78207590452111
48593,55.33169794422537
48745,62.75592677517339
7100,47.94529626424169
40954,61.00160118609338
97644,66.49713468449956
44771,68.21456235654585
15722,59.2072116440534
84114,51.097296469300005
67007,45.58618981134528
88527,53.42968377254675
1918,24.296119586410086
70109,45.30411096158359
75268,49.03177551397399
43602,28.750748166368066
9187,60.09147160945493
41878,39.479462395923335
16475,68.34417801713535
88031,53.73047129916321
47568,58.58042770379429
13088,49.78962003001111
47445,34.61756572882899
101383,67.34100495983455
61197,44.05891716191602
100451,29.841676667062917
30315,68.65490501088684
22905,59.715543734772645
7007,64.85845400617971
3294,69.22366082711632
61344,51.105679463421566
25354,69.09563187166522
92410,53.98696803107179
97443,61.29427835099289
27185,61.76356527536836
39446,64.56523662435775
82198,59.64855820689624
84301,64.35254181926759
59718,61.789079000175306
66718,47.02464897297822
48052,63.31341166127328
54337,23.48900322278509
40304,31.877998722293043
33562,56.16278086384905
51786,60.813537992021345
97370,49.641175896877655
38261,36.94930822415993
37371,64.6222949319918
29325,61.733286918638505
20363,47.02199449302804
81910,56.40015037343388
55401,26.17328769853683
47118,52.04697719100546
23697,35.00816413882859
52448,44.88427451452673
3552,68.94935888901874
10226,55.81117466633307
61327,54.66693212981825
45112,68.82792365781873
74006,66.1060754119897
12682,38.32072325017254
57941,43.34357383214776
81152,56.51381216895792
5798,47.15941073583228
95276,67.61283472208405
42304,30.00816815409564
80755,47.269069237185576
50483,50.678016603530175
92864,52.16510177045198
1145,54.265259287046
85416,57.81868509315683
87870,57.25923984967298
62856,57.686996305063886
72589,68.57868956455101
68944,41.243173288784156
47001,38.24639928739697
80632,51.57676900507413
46842,61.32751670452812
62097,42.39470382159654
0,59.29975070204722
68322,39.69441415116445
23701,33.89603924129429
67188,46.21813094682923
251,43.93688236739233
66464,53.789190859472434
30142,35.677497452891664
64784,57.99803949729899
95389,57.96439854782875
78455,51.23552716446267
8526,54.542313624493445
9377,65.21284287240887
73937,57.13346659003008
23371,48.80989764402891
86959,58.281906625456806
99599,68.27940300017582
7450,50.41592860897344
85042,56.36613799514391
98237,63.975111329385584
81595,15.384342418985518
51222,58.42179999464158
79025,69.37088417146964
73125,64.78368032919614
33675,45.59872416667761
93227,65.03303126874353
30776,53.474049508319446
11137,61.47968576888682
34101,28.536199446543556
13982,59.01344287985356
1185,58.43680611685417
78194,62.301082563856355
16686,34.9073676042414
34305,53.86367421667609
63753,69.22366082711632
48690,25.257766535004272
22407,41.0379138251959
33258,48.75602812052771
30490,64.15762920530436
46185,55.42907267005721
92960,44.27756551197643
83527,58.07498897858231
75194,64.99124658722077
79217,36.32265604222411
80787,32.3222564202144
87412,49.50790096179474
46598,44.94169074445982
31864,64.9494959485191
78033,40.690637967250154
5402,58.36821156473606
72476,41.0422172061738
71778,43.241717283873406
54567,33.087668199942385
7244,66.0317267675835
95714,46.05228388364315
96741,25.843921226409503
20954,51.97993175454446
54963,37.0689529424147
20903,33.98523414715159
55302,57.94101122322916
61139,70.22745249599922
101930,69.6412837021482
87341,48.43611392101009
74751,54.330264965618646
88321,69.37779072101188
81914,66.70047477592573
59929,42.113731508124154
36180,28.66349948447154
12924,37.772094063245845
26289,58.76742270198657
60161,32.40836202216008
68633,59.8489173109804
94126,66.95754883493053
64033,33.101235885752786
59461,35.50336579996407
23624,57.42673703073544
4670,63.407169580430406
92392,37.39749815609036
56655,41.15544359670971
48612,30.807126496563743
72391,42.38424947707106
80053,47.78609263346421
44260,37.62513745662573
78243,60.303058012073194
49368,60.34995402209887
36642,54.64261137136581
54147,56.02743675940376
16479,56.524583559101494
74604,65.27211590406685
52524,63.311028421565545
16546,36.71224226641547
97487,29.297927188214214
77368,57.79161131839507
7062,59.330361979138424
57574,66.88038736993173
65101,56.90124373778015
15220,61.49186577690235
47596,49.134388884329766
7157,49.06306622375273
81489,42.897050543738544
64315,56.30637982076234
37268,65.78138255704191
5781,66.40639275688761
24654,60.165761177910134
55616,32.763671158475056
59333,58.68578393093824
64173,63.20188095385228
82715,46.87986702212025
22372,64.11010101487466
22597,43.07607714742318
7808,70.8995014744736
33698,69.43901978078561
41488,46.812837059246185
6693,63.58414425180918
98410,65.90305472318818
17316,62.15963518194871
22573,61.61432891953593
100953,64.50797927320815
8881,38.17633452850931
28924,25.485357053881724
852,41.42039485434583
49922,42.52568804840073
24889,57.33257496505182
42998,64.40270412015857
63774,66.28066996306694
29169,69.430060703594
22715,34.95262451492985
22129,44.348507448860445
69396,46.446574751321386
64058,37.52101107003506
69082,57.15466208526199
26763,56.5837430025553
78603,61.69449628705977
82768,70.38625477883528
70046,68.52639276035752
3054,37.40466309215722
45812,29.486113325133076
58319,34.2632488970214
88845,55.46620733050735
37825,60.46083135428386
26995,50.01538475471236
34179,40.404898000103024
40684,48.70071948301155
66401,32.490980812705374
81048,60.555062653965315
23561,56.83663235391724
59100,54.63346486220877
62557,41.180193618650826
19583,55.747236546854836
10601,67.64831901455781
84265,52.11026453417704
43576,53.19604317874681
16422,41.0296792481547
7931,29.069321612915545
14125,66.14398031805723
74366,66.75346808439261
92388,60.88832571437611
21065,62.47206325856038
13527,55.431460215690606
75563,50.53561155074823
69130,47.63384653601253
20050,53.34366150249132
14195,77.79895634795001
41190,64.17679379513304
71256,58.201577211155524
68270,57.06641523753038
70387,47.87110169817531
61165,61.88153915894094
53368,58.463495360257156
50561,51.178676242817055
34560,54.95806210205881
21304,47.40213079353984
67243,67.15210064362797
49014,43.37523012577055
51163,60.00033802054087
19716,78.03439200039386
2056,51.250180179035496
102404,58.631359645397616
86596,39.28008101684906
19108,37.17639896693252
19106,42.49431813703215
96775,30.62032685037921
20933,60.94676217684172
56448,64.3485827948358
84408,61.73497205553366
95774,39.83046595228376
6478,43.448432501979205
75128,69.27696524504873
15935,37.891492729740364
43649,52.39479706158281
7112,47.77130300218725
46785,59.31418008973348
91057,62.22324755969411
34663,61.71942593927113
50136,64.04198902065119
44755,50.377895981182846
89101,32.92754121233547
35925,41.404668089948565
101012,53.37670411544557
7478,61.911336041316424
21788,67.51610615074308
22381,44.58181889726022
59052,41.024498335942205
35461,39.918569927937455
96449,56.74654510214002
9390,48.79486077087381
2782,69.30442760644722
96830,53.23938222150117
1637,58.48145502090483
52802,55.33588232367606
77460,65.29012597746342
50029,41.44432270038049
75601,61.75955877637908
100754,33.483383518010776
10405,52.75151749884806
9294,53.03169716359247
35133,61.40725103276184
72306,61.36581457560508
87756,24.44897511576276
47182,57.296657832830206
34916,40.5983467682029
18016,60.80068717095972
62366,34.3497610471264
547,66.65114809146587
79730,54.141797569095026
98339,35.25364029411353
4501,55.93554083506907
17951,52.92237169691489
18720,59.50572699113216
83710,64.50623808580333
93873,51.969451361067215
98037,44.191454721825046
66517,45.296240364210014
2828,53.30537727451986
65811,48.336366645546235
42309,65.22381961984243
29891,44.55879498935253
29255,19.980545309560622
22841,65.15016082081999
47061,55.57679893038186
92290,53.44432027138424
27479,50.136823314065595
19977,36.763441948079254
44747,60.97705188922343
46236,61.23683850414709
53561,47.0086726105548
56548,49.6592265905517
100008,48.12279929173879
39439,46.440766747534234
54691,57.83927755061134
36622,48.64753831271388
52700,52.83687312089667
85323,64.44535340852853
1964,56.48047996918174
77040,60.69577444143102
23223,67.59530105639325
14573,36.773917979528775
54524,45.925274083739296
82712,54.59495602054766
58952,33.05849324642591
53059,52.23529256479599
7127,52.73948051230508
20097,63.91854223250373
40999,54.97828383192417
84076,62.541971384620126
63988,61.89854325380969
16859,50.76531329517534
9948,29.93179883600142
88340,50.03000478174086
30415,69.6075663795005
71893,44.78169166294553
50492,53.12392220599464
98381,51.003880653362785
47520,39.874174139422735
71278,44.480058567832565
81630,40.91848143942132
48129,37.18435876131934
90651,57.43591116639298
8861,47.5656014780673
87232,60.94959608724208
57787,59.85007098731903
54207,55.23392334988433
12143,69.29344276981126
18183,55.94916717249414
97337,59.92411203733307
82232,47.49121851629986
70017,49.28192334575922
63277,46.99281968307436
60170,30.608127202825145
86166,40.47578999253773
14946,58.470899848619695
7740,74.32223762598132
91942,63.31341166127328
7873,71.27042314854562
57277,47.09065746218513
68354,49.50104083269622
32264,58.69688700050549
29178,71.87821226198037
40730,40.84709782320342
77797,52.12380965007774
73780,43.27358234929274
61396,35.96929032066273
17054,58.40625224112058
23816,34.3097212414415
72175,57.40303827573939
4535,49.51971549628332
92365,62.2006157812074
22473,67.31250691167502
9026,58.16234669702758
42264,47.19639424739979
56963,59.05248185176134
31529,52.62164442360156
40741,51.69295129117931
37361,61.82558173244036
5749,59.52968652504589
44735,57.4872080407965
30228,43.678877055794565
85858,47.19436250388029
27187,63.3934370109912
5271,62.78276405101032
46531,67.41500662197531
79334,48.010710338777905
25245,57.29741750508326
19039,44.103815508232856
28991,31.41656572927673
22927,50.19849353879148
35933,41.97900987306638
27128,68.60721858966699
29883,70.07117164300762
77070,53.22142686490503
38798,67.90128759282283
81771,63.18301201448856
8654,39.913540604900874
100095,44.3623278512789
13483,63.619618690963755
21746,41.103066822877835
92166,34.08184693136379
27829,57.70687291393039
85413,61.70232157639489
45716,60.60051365818878
31722,21.208218925668735
89528,51.09421438446674
59442,47.00506924180282
97069,57.23672339779488
90356,60.543932401342545
73696,60.17225179067665
15412,31.294033818394695
85973,33.15503021474125
25029,67.87208974952536
6461,52.34396884577361
67665,57.685540191687636
46884,40.68046604134348
1917,54.10687206996382
53541,36.93927873297348
84671,50.32639287989686
4886,67.60067287965244
49831,55.097370652679594
50660,59.818001474165584
39170,45.14456455553101
73852,58.8409540606874
39203,61.61173790170558
3560,55.74178732058343
904,61.04137481526878
30022,32.18102453231329
67239,59.72957533224235
48076,33.11587512703134
42626,67.28882444526727
81117,18.770736236302614
67039,68.69288068473756
60230,53.496772456044276
100546,41.10587084975925
57064,63.72284752826371
32062,59.72739955877987
4516,36.805234662008985
36924,41.762347456960505
2206,37.506847820277436
36398,58.536631389713556
8391,48.84245981622842
77658,44.34023467314755
84834,35.731800770042575
30449,36.90536170749485
74214,59.154202798533404
24553,55.748068299181966
17440,90.61051564199457
99357,61.590119169465204
29327,59.99806518037231
16592,53.417083797003244
40560,57.955572366478926
2179,47.4511485002918
37651,52.016089248117105
49802,68.5442812411848
70612,34.76947916905823
55690,23.863367708760737
66442,56.30997948649603
101852,59.672009908488
55332,47.71792670197949
30194,51.16553854705602
47687,56.230672967534964
71034,59.522835236595505
6052,48.17198767301838
36291,59.770015267169725
78431,59.62411242350891
77785,49.99110345296286
48332,41.85637317237145
38452,22.114493423219788
99849,59.28738931845132
20827,67.93368589804263
85026,56.55534381686487
25419,47.142279028668455
87807,40.80424660806664
52161,66.55343923034465
31182,67.41980883307788
86377,69.2609010665894
18953,67.0773987369783
28795,53.025703726288846
89664,62.5259260654512
52580,59.7526802470676
65286,35.34757245556715
27955,67.74835731353114
18424,46.94119824390363
32335,49.44046746200456
70632,41.189967008772626
100679,60.86549670291737
26384,45.23331099901977
53982,37.577739540740474
80355,32.95754582814549
77089,56.96751947786945
22236,43.91386509857849
10341,49.0720505192605
5242,56.793478938930555
33598,42.71681793543832
35109,64.42022992316949
11622,16.453356193003597
14185,38.80782161809198
81405,60.50610792875798
22555,41.755373262787934
32162,35.110473312043055
39906,49.324288933375975
78146,65.22686223506128
72583,60.3660102974808
94033,39.16467655498093
45594,39.9936217068761
4499,60.06680129508372
47226,63.07667702726254
61918,24.875966600986484
32368,76.25690164548104
46731,33.585188303377784
66458,63.54501419186464
53206,48.04044093018196
16413,45.71598087561112
5922,50.552752514593365
100362,59.56699725484563
22199,47.19408360528331
77944,40.98278941007538
37210,61.921589958992044
46617,28.76977073935192
82351,60.271792624697326
15570,67.14366807205782
98376,65.88988317282414
93001,50.75997131606946
88921,30.36108098003753
14340,50.19622791191666
82964,62.62715885404207
42337,61.28031178879507
85972,40.29595830838543
33411,62.22569906861777
41808,60.309691934561535
19377,66.0557792911081
40167,39.528090481828926
33540,40.12962424790255
48732,54.260029706756626
56374,76.49268896279372
17074,64.69058358873941
6690,63.81972924646846
8651,33.23815708204245
52972,41.12497199986289
47929,60.764087003689404
40026,61.51262014830039
63689,52.83807723713625
43388,68.81745439937684
44404,67.67587046947145
83735,70.29153344323512
33508,68.66150730715256
6290,62.64631518947818
20720,62.70863241994374
92291,42.444668778232
25926,55.30144662648272
60231,68.57868956455101
60434,60.313841628369865
18258,40.8105833212298
31713,54.20717677207176
59234,67.47560018177073
25904,68.47513460519025
31661,43.83509511150307
63347,61.72909743731981
15523,33.64064464973772
95825,37.26435900141719
46535,70.66810065236969
102396,56.09503870983794
51972,29.624278353765092
1011,27.069198095639862
53748,59.654642754001095
16951,57.849752776068534
23157,69.28821148876769
31880,52.7075477950752
76374,64.25001708435877
49830,51.301704221335584
14570,59.39845724432367
1322,62.342057060894696
39248,57.14252615938162
97403,39.52831918448158
40956,51.97642241541254
78976,58.47374651970446
22688,40.89048476481104
56411,59.83187470831228
13800,60.19873378493756
23482,36.359435679686655
53990,55.707526169644616
64366,52.09099257761408
64199,56.46095008999922
91937,54.451359749751056
9900,34.51611032326857
7507,36.357537134364705
84065,37.82006471986486
14030,58.223000579906454
82670,61.95372405705503
33723,35.19094578386967
58913,42.700376871114344
43962,53.773303954756386
98689,41.38321493372163
58719,44.35296780330943
46841,58.047421286353575
56293,67.4884440826385
39895,57.0200651456447
48999,62.502012382442345
93487,60.8591319564375
88728,57.237111723829074
29769,42.456810071444714
62528,60.68815709266073
2163,46.1097337343626
75815,68.95556844504989
33234,62.52298747772365
62106,33.82850766735782
15486,56.815302600054274
65134,60.504998789329505
86225,36.694456016629616
16305,56.26091354934903
85133,58.01382662703395
94354,66.78731610932407
76298,48.79772958212466
102320,67.73726210258879
27361,54.84951003558569
17940,60.16642184738001
10510,45.403192682448086
77133,48.278553108650556
60178,56.11205151130333
18303,68.77270691985521
72116,38.09949990699044
68600,39.99026745554481
67271,58.26987337217751
14095,68.47608463040123
90910,52.18299421018694
84569,46.626922174122335
82289,68.9031063236194
47082,60.42112454339222
62734,57.3998275530505
61121,64.90167946443903
32731,53.68177819423993
67787,42.23899395918261
53944,60.97113880465183
24592,50.56866328150763
88423,33.30593317997223
10888,64.48317049483927
39408,48.101148962763645
1161,65.05364832751312
13352,56.89516773013971
50600,60.69562506174502
8063,49.521384617038976
71466,51.258263235210535
84676,39.01988064198601
98177,61.23292338727883
20601,69.49139869429078
22065,66.43563189276533
24639,40.1037447099441
37197,54.96451418546705
37457,53.25315802766773
41433,53.107133145067586
35481,69.64356662670268
74941,64.40105872937437
70001,41.68044922489558
95919,44.51502138194924
40143,42.33942698051287
96389,53.12597511195522
49511,63.109585725647264
9263,29.515849036608714
76806,59.72486567506425
51797,32.25903137969703
94541,51.484233346503245
29850,67.08075213848309
26912,61.18277963439053
650,67.60385302504231
5743,52.7081916833632
92202,57.07431721727455
52961,59.981987558083055
60934,90.61051564199457
71351,57.442567068261766
41788,54.42123270025446
26906,57.419466346266205
24092,30.483612334531585
75267,33.65358294199675
59970,57.7393410774067
40471,55.12453380562669
31903,69.430060703594
59824,41.82789859910756
75076,47.817770721871504
56412,64.65937791933221
84882,61.899516222711696
18067,61.933534579575145
83383,61.44421382364873
24067,36.646913645175104
55440,56.36850206541745
53647,27.744891867967684
82250,59.84326215026274
90816,27.184454493878714
85156,47.75250783342212
75702,32.09903626099384
30980,53.68094532214011
8352,51.19902819838859
39103,67.72183067456831
53618,49.88257250649332
52379,58.39878875516419
80346,41.9281281659994
42499,38.80210138758335
80977,55.94685591644641
56208,53.21777348833507
88249,59.701388962238845
39372,54.39066114815316
48278,26.962309169927597
1778,31.76011531522749
99817,41.082363811565976
39780,50.201480954935704
30391,40.05196521351701
23233,60.71824409681488
100246,55.38777411097617
64838,50.644970507599695
68548,32.673560128618576
86172,53.08172778790882
28139,46.10192723778116
67199,49.52869294200129
59994,30.4005395477285
15915,33.5975559719096
81311,32.650532897662714
69833,35.49041368610736
48622,57.62382555044574
28385,37.15618030437757
61796,32.96787747021209
24487,20.26138975569281
84504,34.12506029932884
31265,45.10217701316907
58451,46.683670627188484
83946,61.07826025924537
35510,57.463248314400325
12352,34.2502992449564
58835,32.457129232864865
16439,45.633752060295755
88870,43.62801850155492
58562,40.01331134959385
70758,57.99062917532129
81725,50.57656485845575
81216,60.9690546418468
63189,35.793983436496326
40205,59.17250812204371
3133,51.45729577704376
86063,47.13761286644623
47188,61.18123108272298
51184,59.48880883395418
29042,59.55160083140468
73520,44.800515147006315
72343,56.81692545108023
10031,68.5340826359237
27627,65.39401297413566
5323,55.085808340622364
64348,60.756893525444596
101587,55.99564649140647
42379,67.38090758522968
66324,46.52514626002289
22045,58.90275496415839
14521,60.1377503957912
70482,61.38434734715139
49804,26.126618156104154
69519,66.91160641757932
101116,69.7779450386603
25968,59.917991937235264
55862,59.40776528848292
25308,57.597941917791104
63836,67.33674717457852
56414,37.26848619929683
48877,51.16924936725708
75743,47.6697899563733
102590,40.31845355760538
53231,69.47206088166443
80996,60.15977453575381
99332,58.795377538924875
97610,40.464737462349866
27015,60.59108459497127
12102,60.145749099965684
52870,57.18608944548038
63932,59.07873962798038
59759,58.9263953914784
241,52.97424959396151
39886,49.99501942809678
39365,24.804771338817517
59932,43.51162844768422
61478,55.0006046172995
13907,29.580482533646286
15970,41.50040704951991
35781,62.587405875370386
84152,37.46584589158135
62025,72.54326672636127
80730,47.282126317661124
57167,61.16266390860395
86251,53.630263849342924
12193,45.394406223575004
89805,33.5442973158096
18353,60.599722350221
79973,56.07938762530336
16115,35.78241857370015
11045,39.09400248834366
57889,26.94585802939899
95,34.12027210824151
93195,51.827782736884785
56870,69.81774482314722
82310,65.182768751016
33599,70.00365898217221
86420,44.3312520768821
64495,59.518862673644314
17075,35.34695265538581
9908,65.70924133217018
2005,56.95900648939074
24141,69.14973901637737
11740,38.08065578622172
46756,58.649177044249456
95657,43.990034025368466
36492,59.89495673759171
15762,40.49415339695754
85701,45.01926350096511
63880,65.90334203882416
22695,69.39509754930315
76098,58.711513549278905
45746,62.03455581142146
72766,36.1982431555646
9178,68.88264309119157
95704,83.86771385016716
81374,27.900593939197915
6831,56.73346360120837
85252,36.51380513078939
35475,46.270830512184666
33243,30.572168822450088
35070,63.237998212667044
32739,41.968702351302845
17109,64.12198526717945
67832,58.01119100724377
72675,50.791093961226906
34471,50.641198648305526
90857,63.15676251381176
87420,36.39421153812439
7490,65.07105745086841
19029,45.36449211718367
18896,60.217442290579655
32476,46.12967976888425
59801,35.4759090573513
54000,40.20777620327478
15071,67.35209504399008
30956,58.10488306509724
18787,41.4110276087572
68369,53.67213384946656
12373,64.84186525022147
62125,43.760981304270146
59874,60.55397621042739
77694,35.33011299748165
10568,72.36789626531858
72075,42.96719610094222
29387,67.39854092872653
80990,66.14398031805723
64543,59.277247508008855
22457,68.35952288350788
55022,55.67679997809186
40750,24.320055411601203
38627,66.01905753320581
23607,48.80339599999924
53657,30.604215131645677
85058,62.98892676145687
7510,37.729577380502434
28870,55.40715010799029
85375,57.66644839860987
101033,55.60787538569278
97175,57.56179337890102
58559,61.86473639383673
102102,52.952183749681375
28715,48.570839965675376
90338,63.00377515281649
23136,43.922306600088035
12848,53.51941084602741
34844,27.95883696363415
88398,44.48040949642502
17384,61.085231474759965
72229,45.74819699058983
17906,54.66835773945091
16959,45.51159464991261
19669,80.59757245275817
19495,52.39118526174124
17530,63.98895878195367
85692,47.34034139536623
47937,31.285850410989802
65870,50.272908584198014
81519,42.161689769734245
44375,69.10767984623571
41189,68.15337098353797
40854,69.237376788771
101120,69.7578267379925
44350,32.97281330600582
57435,63.68843525531248
74185,56.38053337368622
92665,58.76916297592623
58925,63.335999584268684
86260,40.36800544963132
70197,67.32640458181362
50967,53.1691546551775
3395,54.332880584239916
3763,61.938571386673836
40017,57.52295019907303
94452,62.3499495495129
89180,56.72071469183963
54931,53.11731896740668
23265,59.729249263522455
67731,55.56656726617845
29125,44.03134518872058
20045,60.19554373387615
48127,43.44128997634608
88167,75.82265598947201
57434,39.28984131814027
83700,30.731290317400962
6182,56.38072693387548
43968,69.59789931892064
76359,59.761439696270834
7,61.02034298291269
46284,60.02883620038516
31493,45.95391432983622
64532,60.517664162047794
95961,65.5034266322595
66529,66.07021416994968
63632,64.11010101487466
67449,60.763732698601125
97520,33.6595710989637
13285,60.006864947915645
69148,38.606917148385286
66988,41.6274082050451
89598,56.8748833965556
50359,64.35254181926759
65091,63.41700516785526
30479,60.150106874717885
91012,52.526354709594706
8649,62.34624638105849
43536,42.0003985362393
29104,60.53754279292186
95286,32.012344144887045
90107,68.43836999357583
22361,52.69530617402742
100245,63.01756581032561
40101,30.159535136920873
47987,57.80439407096944
26901,66.67481610932407
75322,64.08598625574096
10554,52.960015004458285
66777,55.62641014900345
59521,71.96683859542044
6209,44.81725353517078
55098,80.73938203907159
98404,62.421577401368616
50530,38.9953946560297
68251,43.305933113649715
62285,55.54937104537572
39749,67.4536754683256
60998,54.97442858372097
87457,69.50447648527374
93466,43.06226689450642
75638,69.33278003546367
677,61.48846203531838
29339,60.26692251201005
48291,64.01846564197167
51529,25.96526063275675
70094,41.18971093834603
7981,56.06394812435832
68803,67.73726210258879
15393,60.16277520685083
77481,37.395076239442645
13276,40.09404992053527
60275,56.23227223697826
53138,61.58071656490448
13522,43.44476651569974
7458,39.36653429352207
9860,66.94145612603909
13275,28.71343579004248
46605,68.2697248916529
101878,63.288754008193884
7599,42.54756402243473
3545,60.50325062844367
56007,48.3859179559167
14552,67.49691831131142
57619,57.62054949732969
50391,64.03561387843386
62425,67.00899697975558
94434,62.67426197311972
20940,59.926757733062296
50771,52.47882187469797
7085,28.842056129729354
15479,23.554709601983255
28495,59.02766498690103
98813,33.504252283160945
90218,41.81751184651262
81310,62.03009347236944
21429,66.47423669768972
49288,50.592107897689374
92749,70.35503377969968
19778,49.13358933292654
99744,42.18596559271189
64609,60.576145445513085
81952,60.897840787360025
5672,39.26838708340722
72350,54.009702463171195
102015,50.39543243808011
81753,42.28251223455963
65165,41.81293049034633
17509,60.915682954593294
94113,67.15010926116355
53151,35.22903536616834
76749,35.38148934880899
61682,54.3434447096175
42680,69.430060703594
44127,69.06659850776683
90724,63.312115050903316
40690,80.90499615872946
14089,60.391316391682324
88447,67.7999503315471
27996,37.08444874217801
21228,32.18811585578699
45110,63.73130718957943
16239,32.17192339370655
73531,62.72013732350108
86159,51.951183614352914
93751,51.18290678861454
59372,68.86381209047359
8214,70.41992212238797
29142,59.9434693590382
41415,60.31847682456887
49327,66.87241702136512
66300,51.22596368115238
27152,62.04396097519687
38536,66.59060026970334
83594,45.05841793862392
98345,69.5203090450608
98666,57.979975098131945
71523,59.88769127493964
20701,65.80350127754565
55020,59.2612385867826
85009,60.71509595616909
44973,49.74884178270342
36015,66.99346568415211
26000,61.23193233085336
14496,58.705700427878455
65457,61.613085160649625
82490,69.04179645036514
80850,28.720938984180666
99824,56.97920074132038
52032,69.25269768883278
58941,60.51081202287579
60976,69.9879135991068
36471,58.913440641377456
68001,59.99456132939629
4614,47.04977619735735
9724,69.10671980860475
56899,68.08720593291763
61758,56.63542812349493
92002,55.427457014809995
11160,63.72884668277312
84359,55.006424839144444
9261,24.247996922983567
49498,58.45403616476533
22078,50.35880474981631
46942,59.81617906423736
83381,40.91910597657509
73589,52.71167147417814
84304,57.104833471833075
11655,63.53280110913822
57638,61.13867856788184
11514,60.0331041249366
63262,62.200152254600255
84623,60.33347735998228
72678,43.515592609875746
24871,64.36274948960789
81733,32.808086452327835
36122,35.98455691530818
57141,38.052438890434594
46069,51.98082694517839
85667,37.82279778210764
66905,61.55331440649769
52992,41.7671702931241
49552,57.11845773924872
32263,58.161715292341604
72902,24.821916405869263
12284,43.74297530363777
29832,69.39001087651421
17908,54.53400213112261
6708,65.42300906052533
21729,39.4428957347349
42602,59.39733773790447
46793,57.076927943339534
51409,59.0493654834183
58570,54.26838883572705
40666,45.07741408355353
46716,55.23071687560874
73231,67.61283472208405
79269,57.842533831051675
89313,33.95513465587327
65174,52.59679530100512
52532,64.28175054532389
93411,63.50936545771732
65221,59.4910200938579
30294,32.331020668994356
53642,75.42688528155517
12723,57.99797014816005
25055,52.41325723984563
27192,64.43046098555709
96084,49.88826027654058
25198,50.86310161779
32735,68.5442812411848
76286,47.631912555343334
92776,48.71067404745472
53116,49.87177488371091
45111,21.597150589845498
82085,68.63345199022964
35562,47.34146498509539
77028,36.98078910586244
19604,60.80742274152057
9329,52.15483210673442
36922,53.0582277925772
6942,62.07714104491139
79154,27.08456756973449
99643,43.026811190584894
86686,49.58005021534079
98027,47.998671130191426
48212,52.72093802261082
89225,43.48661097079226
76366,56.73393712070766
78940,63.10149372702529
85037,67.51373312038872
31183,49.53870413993972
41166,68.35059491742126
97107,43.68335054433932
91840,54.027236328640356
13839,58.43101171774602
11962,66.21292563786592
84699,60.00006936335481
79799,64.97000933634115
102029,57.04836169041012
50650,69.47468293665122
15037,32.381805558681464
20469,52.284844931763445
30896,64.22456588693268
75217,32.30317651636159
90840,59.81076062616736
25192,58.005564350509076
51712,62.13024263068337
14546,32.5248830174189
70322,43.20043213822316
19408,63.978571388407815
58699,53.34139466342623
5896,64.50917007440296
36389,60.399629970072645
48071,61.75697595948811
91004,35.89430877790252
53734,60.869495211011674
68664,60.133623434451444
26204,56.7520403261483
96013,35.05947754647579
78273,57.4447265435784
23488,34.46902649673711
71167,56.37782525784609
32459,57.43966443283703
10014,39.527885907256824
68385,60.24277714583124
30424,67.59723173071656
26518,40.825145603518216
12959,42.285171188013685
70139,40.76427622997097
25131,61.95850084310618
30973,37.83150521052946
97262,52.55039903082037
86335,44.87948282267175
63772,54.365122085124995
45071,69.00414148345753
28323,54.280451179464954
52938,56.37553402203799
48917,38.57337069846299
54699,69.40994835225484
56834,58.63786008606783
91441,61.18887429513765
92065,55.04319802061336
5769,66.95974905955705
28480,67.4871643224858
58455,58.196562933252864
24042,48.856619853008354
17797,34.19540182710951
12022,34.907824524629945
78090,69.69821695417824
32061,41.02486453489106
71877,69.41071278139992
13774,67.72183067456831
92669,53.35866862474215
93249,59.78244938703632
61895,64.84349440072793
79051,33.81317789614316
73703,21.02354051904124
19817,28.962451402490196
38230,69.23778210491281
34180,56.24606998625599
12340,56.52000337166338
44079,25.342572350532624
17060,33.5961284311535
99382,56.3240055228876
83917,60.58872763876067
7516,62.34885226424231
92187,65.87223536775466
40244,55.00595545984102
89768,49.680962599879464
93042,39.652605075828276
72673,58.89076699292355
98961,62.69088820828126
83516,23.607201651388145
76906,36.53792776778677
64963,41.80605563009603
99949,43.941784782180385
48363,53.173703885957735
64868,69.30442760644722
11136,41.539565807154666
20887,58.395136412160085
89326,67.5065198666562
37558,61.74783056358092
100243,69.12105822240692
10910,66.21898543754646
1746,63.37328583669797
23496,55.19550566665171
97002,67.62032269128203
87192,49.79945071121704
47961,60.74332085375688
19338,46.091157196084914
73163,62.0423910299123
40905,17.081106060552326
8001,47.98071668294359
98360,59.87109964262957
12390,63.77274037899179
35556,40.772914905291366
88319,63.81385032827002
16331,63.82644796503642
36256,54.8213815771724
100086,45.53985078083244
98852,68.70567233934293
53107,58.03848592008159
5564,61.877550874632746
16825,69.20335353651505
59687,69.75067849655406
349,39.960755310425455
40800,43.70192681647832
72436,62.48176072814428
32038,36.55481364277496
93688,38.887847125239404
93808,59.37609842114645
79503,67.19125955563506
13780,67.58625478704174
87251,26.412953801558697
77020,45.31272356671081
26004,37.71975440811711
67907,42.76769863808051
101868,62.82370577762177
10985,60.82917847565867
74194,55.78554961806244
67631,51.31366065191972
15746,63.98543021511704
19925,37.00258093190014
32984,64.53471805299674
5366,58.75415217551063
50653,67.0153670187808
20096,62.05405869553734
3323,42.566979897811095
79851,52.64105290593676
28785,41.304584421695466
7130,59.7240049480902
84150,41.51214684709062
36777,65.08723992351128
35338,42.11476127956018
3783,36.32492964530591
94175,33.20831233922559
87296,52.14491085795852
77897,63.12438643729605
69597,35.393372195432164
56880,69.75317551597756
22185,29.998096446247235
65215,55.869568030157396
1648,56.52773026223223
12827,52.503819403526364
98624,67.08075213848309
72158,51.058869114210395
48648,34.8703259541041
80358,61.66104166616345
3958,59.28349141411985
43036,60.619055752595656
94530,41.144227360674876
48222,59.546541114987264
25813,44.42407314277475
62179,58.66494147918872
6775,40.801247194961086
25989,49.29284309925399
45315,67.45589172525159
82766,26.52353947022955
61279,47.79109562806493
68144,50.21533967586028
62803,60.55025684768229
21355,56.79831772790363
29539,43.84443865148936
82320,42.36592389708535
76372,60.18275460996947
101640,42.069377533055665
86107,70.07117164300762
21940,61.20887898583451
56715,27.744866928854513
44160,22.884831421890276
67928,66.93579508126412
101977,25.27844789730039
28035,52.328336497734746
60279,46.07666003427756
50395,46.20348175727776
93178,62.984644950576204
31558,40.675479778930615
14407,67.99222837819967
16985,46.82865080308589
101669,67.97065920058422
49632,60.59548616062064
20965,49.01532262787012
55242,51.91157631635413
6221,67.37174822153915
95887,68.78245370561373
29857,57.24399444746756
13991,34.80375284378517
52857,39.73726239279778
52346,70.09961792702298
53959,48.431317371743944
37612,58.34732622794102
69625,61.705374066109115
9830,49.48114655276679
79928,42.888002522875176
37942,67.20814333036492
59217,39.21916262153099
20191,42.94086980211225
37718,40.42589334288463
43887,59.64355958686828
42174,36.3856647323054
14842,43.49178393969809
96349,73.20840262564329
65004,69.04121725998255
47489,53.47054286783552
62053,48.15118782678518
73336,46.391871578635325
3462,65.63370029600834
17999,38.57493877883439
43848,67.95129560741181
82253,56.99727972066984
75447,56.55245298521961
2125,35.7525634609796
54423,66.08787069700136
34541,39.65348319991279
33462,58.27857570867079
94190,44.06228747286097
100879,38.299210530094086
100264,61.35357045530321
1091,62.516941995227405
77054,59.8137513499852
31076,55.26785828793081
57977,25.439753869981214
22724,30.46589107965414
34790,55.062561400927436
4124,68.08293580892068
6022,19.647808653748275
59077,54.85357185262927
16785,39.947137432427446
92001,78.72363020747034
17740,68.74517256066144
100125,60.190600778682395
43402,41.24141256954828
34424,40.13384811572695
58636,43.51587342993218
43979,66.49241575016536
98866,67.37725421660599
15180,58.993724887889265
56400,58.34466845101507
45027,56.15916472900926
37763,56.68335941336431
94319,42.39246604036725
55877,48.4412724863451
85722,41.183099154639756
10326,52.658631777305665
1645,55.75288071143404
29319,59.66005770661211
26350,36.60605383697341
96529,40.84506850317316
90034,25.09429431723501
90800,52.38216995973374
75733,59.07848744544069
45222,43.94733857789284
33323,69.39001087651421
41335,50.61744087150254
12813,56.48649365241677
43343,66.83622151523005
93739,57.32578276803598
8265,57.368865452375694
87603,34.71687831561132
83234,46.55422453070059
19961,57.559813858144544
48596,59.16696731061942
87231,67.28020466117722
66040,35.50205994628051
15045,38.64720206604467
47247,60.64355825939212
22703,63.21555750239709
19058,60.60905598238374
88301,30.906142067769764
54126,33.407501750843075
12908,69.25699632599125
97981,60.519695197010726
12032,37.85324041166122
39125,41.92850255181591
9077,44.60025173555915
87781,59.064913688850346
10056,34.31966046213004
30972,43.94777693173924
90709,69.10363722268622
31593,65.93771520796624
19001,53.243349465839394
12953,58.54692720588101
38853,80.73790917252862
38500,61.22217097052902
17653,62.147456115509584
49886,69.67880582223621
351,60.763169317892874
419,47.11862799490015
50477,29.931509260915597
79430,59.76864420094702
89881,60.267419079330715
78488,61.381636361543805
99743,65.453585763287
89771,69.01219503841178
78906,61.244227203144355
68176,55.375582156344535
93067,55.313570384030456
62705,61.229224009980356
48365,62.863182387858906
32137,49.71116338301563
58581,53.65188135847263
1089,52.508571861816705
32732,60.106910359775576
47320,37.39396149547576
8801,48.18629182883984
36989,28.25266190636434
6303,64.57299568832448
12303,56.363460326136234
81840,71.28185852913786
10964,59.90752020383562
9620,44.89543022463652
52283,53.667082040967095
7320,43.82424341722056
90176,65.92468194940339
81426,55.33872195561233
13044,62.90724712398635
81626,67.91802369696968
36891,44.09512651662082
69960,36.652956898344684
64863,64.15821632349368
96291,60.21604613309368
76894,52.61239879733582
56820,37.447825928600054
18201,48.491788961002
45033,66.72660284361977
11714,56.192398835592506
12212,56.37209939600883
43486,68.13600750670224
36378,52.76181275044331
24421,61.420105413199906
83252,63.29349303741988
68928,51.85027273264268
17865,59.89515675728265
98973,34.95811237205887
75689,70.5967302083867
41928,57.94616486952366
38792,57.99887891773593
99487,28.516885520161463
44596,54.17947810940512
52742,59.74074062023679
35046,66.9538534187091
67308,57.41199561547569
56526,59.49995711815446
54751,50.610631877248345
49455,24.39956483048719
10209,56.01243231663323
17857,30.65745032066689
2851,40.39003642039288
15163,64.38734803176968
19626,66.30315791104904
27100,40.73095243431222
34910,21.983827018684565
14587,43.196364218986616
91287,49.64557076080167
99291,52.87977675476875
35743,68.8125839110108
99730,51.460824174952705
34659,41.1004478303976
65550,51.56842706361953
98010,30.276193195684197
2095,70.07962817506579
71541,56.45476229444037
19230,42.131869217630175
90360,59.92112051068189
14430,34.12561670546922
90545,48.57383040239434
45981,61.14786097406986
95541,54.04502354472369
75190,54.4548076127945
63326,59.301774983119024
68476,54.624488364264586
49193,67.23801772836504
93430,58.43096868489982
81383,65.13461538819777
98455,50.75068878751885
4249,61.11586359780621
80340,64.51072488844528
61215,45.08849088343115
91729,70.72534396566247
10731,42.114948545898926
64459,65.32109965067816
33798,34.14242061246767
42189,26.777380072526288
22610,61.79580588372697
76821,38.352748100428805
13595,54.52289172371021
21223,66.95191186270718
89189,58.749612789969376
86248,55.96186934281124
14299,65.44969525731263
25632,58.82069297268613
35897,54.43063554438943
28155,58.87353187951424
3287,68.08720593291763
25405,63.34067419541209
80932,57.11285661274036
18243,38.82563566453236
95572,28.195483080344797
10662,46.54294369613753
83821,54.469826716093145
33837,45.076731593706555
1396,38.95326176942347
51654,56.14039809451553
81282,59.82451393379252
35061,54.445800321955055
52462,56.3110876727323
86477,50.01455248186539
81213,51.062786088786495
73956,43.77420735879362
4235,58.7846320897734
74385,40.64498579647431
15863,30.609307634050808
62941,69.75317551597756
11858,62.78057457916323
94692,44.51109505356139
42976,67.3437289311886
51149,54.762683400457206
96539,43.67455524645997
83285,77.18151528428182
20376,69.13587185726651
98978,59.831186343209204
6991,24.45479373674175
35625,62.976025604326495
46465,59.19009948390105
84204,63.288754008193884
54647,41.834011998503776
39179,56.12795803765182
62239,57.32862941351963
11430,57.927460665030694
74236,48.09867152969022
48544,45.86411621169369
85818,58.04553281039089
47402,57.47421959326616
95315,69.43901978078561
32682,39.390170213929544
84948,35.12867048185412
33322,56.51600405701596
5444,60.93210761050803
53355,63.839752846939945
95101,47.70517276876463
37952,58.542440318239066
9519,68.24586747068685
87872,57.2037208452047
17070,54.39720367398678
50416,45.54759910854469
37716,69.23778210491281
56228,61.73479659893788
68208,24.901266235582046
85654,54.028953468319536
732,44.61120180650447
34164,66.95899984152572
59592,56.3869328949033
48653,42.29707801285674
4292,62.312237368864544
9829,69.77619790671785
38711,57.65897971009442
34713,40.43085223469895
40901,59.94801497492418
43102,58.73051566111089
76059,52.83956783533728
96197,40.9295986901586
73632,67.40586878329985
95392,40.029401733817004
13574,42.68902044828935
79060,41.98508271687501
74690,55.44171029444011
73857,56.406683229919665
64038,62.24180651784881
25121,63.466557981630245
38343,49.162365271825166
30740,69.69821695417824
36266,60.37890593292215
65508,27.760965379157494
75606,57.43334144054382
57228,35.44157196365668
87600,40.503915790994945
62111,62.61512515838753
79074,50.18185700604864
31555,41.2376590331045
4979,48.66806277673621
51354,50.20316878476311
38726,38.815363778410344
1241,49.60874887055717
16753,61.58402737110447
60582,60.364778021802856
61713,18.831091575239363
85602,36.90654428654162
70207,40.91746298430973
27305,26.54992758749134
78462,60.7344472072139
99384,67.25504587483807
40681,51.02723605178393
84355,34.05577176632275
18613,69.30423866993523
10199,61.20606340335763
84375,57.918685141005106
4665,47.69774623702952
8344,68.81181806219585
52409,67.70610509875748
36729,44.028973268007746
89239,56.39725612316919
83840,22.717716492573754
68092,65.14511911626633
100007,35.81849420925189
101380,42.01250071865868
34037,58.37752134422282
48535,50.70300774527275
64948,52.02898565581053
72298,55.82688174651129
65907,60.297845146606505
67564,64.10648139185655
34698,47.49246413232243
39954,64.05260587062203
22423,51.75740377185116
2160,45.28513795638251
80102,64.9715305813329
29039,67.42132785818303
20445,40.19856863835062
67128,56.76652352968333
90008,45.086893080820545
32319,57.76239421293838
56320,60.2408062550418
89416,59.58264940701042
15485,62.715909755973726
68586,47.079708954160566
12716,41.02090712604088
20113,40.58896891420522
27241,61.17725158263375
39071,42.54845776789609
22351,36.83379103348098
79246,60.11556691285192
68522,57.68489137426437
59195,41.06299701806724
78327,60.95435927470099
29580,30.647385387868322
58577,40.62442590611859
64060,54.620287967522536
29238,74.27675653163973
117,66.36045501578732
80044,62.54732523021851
71758,55.3450037753918
59419,59.94316083028585
14276,65.91907193834331
16824,48.430494168699084
28178,60.478586886884685
64373,37.1028835596644
40827,38.650321441497496
39592,69.9879135991068
72716,64.55064210950863
80637,63.31341166127328
74979,49.210625230217545
82496,61.798791877659475
71384,50.280274026463246
10331,53.69853324422849
53533,64.0060559571576
11179,54.947324405177895
1496,69.10844195189955
89810,53.05976866114011
85060,55.57726687064244
94768,62.9252988049317
39911,30.451002469546474
82942,52.50248956033505
87178,62.585159896163184
20499,32.43170274690509
14732,60.32265963901407
18882,69.23788524008361
73989,50.52079903981294
30856,67.0412877022429
75835,40.697171746209776
13437,33.96634482863176
86254,40.53907316022379
44368,62.17845333051423
15978,43.628135279000645
97688,47.113367523021815
13134,39.21539665497688
90031,56.451623429477465
7705,65.19229141916713
57335,76.6585637330705
100342,31.49150323447382
64171,45.19581085481649
41468,60.086757102457405
69589,38.24840596626618
36905,64.8685113064303
36671,48.54365920387968
30078,39.84687620276318
51025,46.32940031881899
60761,41.41165755184932
3646,55.846710652310804
8840,43.57030320059854
95269,50.02777024203104
22410,62.676778653435406
68302,31.59656671388838
89187,38.78548319942441
28060,66.22573984389372
101754,55.626473210619636
21890,62.697479415987445
61787,68.05692792961264
19009,21.695184132786505
73983,31.896499234483784
47728,57.91742373179969
100576,49.83251693308996
79179,65.37309372577761
2491,58.27711727247051
54672,57.612760612752936
31955,79.52852452392027
10174,69.50680770805393
99134,59.07034655813546
89833,52.63657731169231
92962,46.60011087124476
80227,54.28700939276099
49730,59.08444817803775
36249,29.45591647260735
84199,46.96961672691512
82544,45.12476500155951
52708,59.98493576068189
100043,45.96959718002728
30499,57.598769284617504
62716,27.905382345136694
18335,26.956725532123873
96319,27.321020827659922
61964,59.875390430720245
572,28.00874753360793
90200,38.340370091413426
49007,56.608315729401326
90791,39.674034407969714
95089,50.08942545325641
54104,57.3571701958466
15047,64.21498481827575
36096,42.33782802687273
1904,51.31151024299685
101541,63.122296518315345
21751,64.5320986361901
59402,60.74564704152184
102276,50.75671829484696
69403,45.36781754740448
90937,43.418860469228356
69739,66.66262857008229
9689,49.65876223306931
68537,31.046573896485228
56463,51.73379289887874
25041,68.33739693865577
6811,37.54296759796512
554,55.370451492038974
60684,43.00182242390437
46379,57.99256305554215
35818,41.87031279426235
8944,68.94554953687737
61905,55.87929568363322
59583,69.14200663392458
100122,61.12225243518407
47664,29.613545169551582
101748,68.64189520593555
97137,50.326234048887045
67090,69.06575581072894
96658,48.89887929189588
8703,42.4614012834791
79652,65.6115933149029
85096,61.418476597131246
75960,59.76533320369178
22996,35.02917419128924
4218,18.265013357673737
54310,42.116711224459905
95728,65.33399665543998
11650,43.79600431866352
66066,50.74908346841798
73252,57.26802405668769
27269,65.75792907050273
65858,65.46069963361032
92063,80.12576347434458
15212,61.091100467836725
40016,26.19639390696368
48013,50.26888865003118
90173,59.02716127186264
43705,47.95265469090032
100642,65.99460064529057
70981,57.94298224326968
83002,44.174800077010325
66103,61.116655553830995
27723,63.36696725813158
73322,26.48412022801457
76522,43.70392613890885
17977,23.908087195035364
42930,60.09329421500365
68031,39.656290914634845
21711,50.94056278692038
19023,53.04362174286859
51518,52.88876672106965
59429,64.2259396713066
51250,54.12082038321446
7206,70.8995014744736
10398,68.42368340428216
47508,51.06324656804401
93544,41.57879596417014
70269,35.74384297771617
43951,55.87769336688335
79369,58.776945133366304
64136,64.08556527873333
68329,49.82001571953155
34486,56.754264214726
26955,61.28031178879507
92045,56.55231564785742
82172,54.17096468658015
50779,54.412011729555125
66364,45.77114745050558
74445,60.654104386092115
99605,32.748220326328536
39197,59.14291847279206
100423,35.83587363429908
47073,63.1591494475694
63837,60.31252251375777
81060,57.86977466474283
71408,47.284929168033806
33096,40.63631960451192
3611,58.911421460044515
89526,46.36294531406997
63585,52.76235464972764
23428,48.770388352302504
32055,64.79866952863294
53461,69.5992187041941
59546,69.70044477960293
100280,45.34506022819083
13496,42.081959919134675
61969,61.56584623792368
87829,70.26231873800684
16125,55.988027339933794
30996,28.918692789757948
10665,68.48626386145331
41019,70.06481762917669
43148,73.66578636698519
95113,50.256010853184605
18998,46.77055418373626
102406,60.81361828457407
86769,42.84518632136503
66685,57.49701665501744
85821,35.740659187931634
29687,46.623637204229155
52509,36.4772180573671
13894,61.240684323479464
101729,66.98497174347958
37658,36.38819693352515
85021,68.85102717143062
68049,33.131799680215885
39979,62.205083828716255
84106,40.07324951990455
52443,58.30368498261126
89785,53.569767393944794
9725,52.65983483955572
31570,42.16577927939511
49791,60.13404305766266
86444,51.63884571175228
9176,49.2871740241774
48474,27.783350852252223
79548,66.90166793475768
28809,69.28812571175375
69097,59.887302352676315
34812,69.12315277157977
24399,60.77935190425305
88270,59.94801497492418
39102,61.83054922499953
89751,32.74316043604844
54025,33.28421004032615
8503,48.820630163329426
60047,68.82792365781873
24552,67.95137791334953
45302,63.70738709735738
79185,51.53962003529608
62109,61.5016559107878
11718,33.85171815383312
98350,44.34288280677756
6157,38.2871132475552
67597,61.25033135109648
55626,50.18889814378816
15772,59.225952547428136
80024,68.83892404471894
17912,34.654650620931804
79946,49.73311918905585
29497,63.67262117477626
13811,53.53397590518034
68720,60.81606379994835
75770,55.45541000427052
12498,54.54759997619982
21863,52.109620052763724
70752,63.10675074027205
32232,68.1533738227722
32410,61.55103085465728
51594,37.347798591561634
9159,57.10336638268132
85460,58.02666082905817
27028,72.86977322586709
81379,46.6729539758214
26401,58.6274663595318
22035,32.29715941532073
52527,47.17219636311856
98620,66.84689278496857
59103,59.09804906128186
69127,42.60216800422871
48797,49.6543897003221
6328,58.73898710976445
12169,50.89472314122011
91267,63.410870199705485
51647,69.11205173743014
58424,56.47075431684886
74178,55.589053027837544
92824,60.7827898761237
47852,20.042245937908294
70568,52.032802978676315
24611,61.51940937265534
87885,35.350377073982074
42702,54.433515264153385
61980,47.43730263292469
52522,56.46713615080528
58591,37.81970726790152
61268,60.13760495225171
35685,53.808725395683716
20234,59.58723994712003
67071,61.259372560176026
21723,39.699940198984166
88056,22.809791564133153
65213,60.85530837805674
1526,61.5017405411474
27757,60.21888368070551
42027,37.04980665219036
68795,70.42386532830936
67102,66.99254147610341
88359,53.719105061363955
26232,47.12370441764854
51524,43.97210939973009
58641,67.02134399402054
31926,53.951684695592554
68934,37.10158299606614
60679,57.27401167941026
62873,45.43633304197435
40886,57.8263826955525
68278,60.8545162109323
33603,50.769663335368044
94474,60.959533540277945
9997,55.376678164257925
22910,43.58921312672429
62684,43.990082383774045
19765,33.14643847105438
62671,59.195934647489985
42565,57.767879988271154
19451,69.81093428045835
2638,45.84675073924687
54079,35.47091024761688
24849,59.870612218362886
10309,53.771199908974104
48772,40.54205580497079
85038,14.157099466849859
83845,56.60753806864948
84824,58.218710789327254
47059,65.75926218140978
79486,57.63739586952279
97546,46.26248006640266
15521,26.974763150468355
88404,64.82249474975168
53897,47.36846866055372
80436,23.623828906161297
59943,67.906024621003
99418,53.35906447464942
51394,69.22366082711632
46068,57.63659931718925
88996,50.59055116610809
83195,49.15070919550655
17768,54.94410406937349
70365,69.29533219489954
55271,38.16089797342531
88316,42.65478557964465
62229,56.728112296568995
8505,64.85059483144926
11516,65.71971601688895
96393,50.406344434466966
94397,41.74333369049531
5186,56.115771933154235
35543,54.09463644803922
4319,39.727242518238185
84195,60.20966433072535
99461,65.27876283915634
49703,64.91892771887596
38150,39.90458903006821
1284,70.18833902416583
82476,31.75769863331163
16224,37.09592459340652
67629,64.55346393884949
47284,62.94767611046611
49263,37.42799959919779
85439,39.450539757431685
16175,53.78751335401725
464,57.779016362733536
66426,26.407540566553926
93187,53.977918252335236
5791,67.03102717206728
53458,35.76047185059304
8176,57.39315727406568
23517,56.11151900531618
86188,60.37689283815255
39184,47.84165990888167
71451,64.41173874305873
81137,67.69443252460036
76895,60.257573864070416
24842,59.734852942750905
37705,60.12774892814716
92296,69.86001220197119
101793,66.20936463199571
84036,69.57909024784878
10678,58.71101635607788
23437,69.48075253520342
75532,67.09138331872477
16526,68.89918034868708
54505,64.80799705380667
68832,61.205011993458285
29165,54.04821411655111
13579,57.63846359454114
16519,59.44523015143604
27798,55.0997987251271
70063,47.52309326411906
76767,57.88579034201676
36961,63.72284752826371
37397,41.4046600167672
28744,64.72379843228741
25025,57.304325046361306
58142,69.74993544972011
88097,44.44301058684412
34405,65.78557613384059
46426,33.608524510498654
77526,63.5660805089825
39431,60.58113885450823
46160,52.79546882331093
54284,70.22745249599922
61874,56.954831410148785
74836,34.09349803246328
102252,26.463088544644755
79909,60.694429885340014
27775,63.50821504243299
94606,50.148190874966275
71783,55.050094690656614
37411,47.50138080107924
16332,61.13933795082266
48664,63.3497652251328
90978,54.54044914960601
52912,46.81866184717398
78584,67.8752700477037
32550,36.19914303667917
55428,63.39203217804054
50596,49.257067146242
101461,60.06880545845232
7646,59.41513975913342
13861,44.75577543237493
47334,55.06692818800287
50519,33.74028132403127
40763,64.22456588693268
34625,24.530764022711487
50476,47.63979797966136
21220,54.62517570078141
86372,69.35162714772594
5335,54.09705786947078
35349,32.56725252148901
17537,38.156097128195036
58426,40.40582109686436
55133,61.28606876462386
44253,60.3730175462821
58843,42.3431149801088
20951,34.71187576569392
65394,59.09753277794144
21368,58.875999703517756
95563,64.03404455654139
25491,59.94308713997946
25195,25.030996816856135
88384,61.326965486689275
7054,22.96973904467054
86714,34.869721661489564
58386,31.070558598675774
81033,47.03832550359019
41370,43.71168366923586
8968,58.249266649193295
27907,45.68518333909245
93075,76.10471339267389
69193,67.06701024477755
36202,51.94761478326913
75497,42.032808504418874
101726,67.38491348126507
57273,42.076137423629625
25401,27.489167931042402
94187,47.24657628676574
85409,56.733245990683535
78543,40.94732651202083
31456,65.49743499048988
36052,20.23545174706483
83361,42.96748380407187
52571,40.284928287313384
21611,67.64023287205201
62221,49.41407874812489
54862,61.494356181436906
31288,76.96094555432806
43745,56.71310214386729
21029,36.28483643802045
69271,53.91531556804472
65974,20.887862975554118
51489,43.40915023036035
20157,49.39989379692743
27075,60.7345761194145
85519,70.46292066013399
60306,36.713741481378
82132,28.592392717915992
91774,67.58614498170107
25650,60.43483126877277
7883,57.25928464476488
85852,52.58637168861862
2654,36.24708425484102
58471,53.30537727451986
55836,34.4691732402937
61232,60.61565797897219
38359,57.72750785436005
92358,43.50028408460887
9444,56.62172727389585
82273,60.88488009830049
93968,47.07405633290549
44739,56.03904099306383
68108,59.859096118393765
15664,50.18891499719734
57381,43.14596693971205
59226,57.01661420029878
37481,15.614092789230709
81168,58.90275496415839
32517,69.03444695762266
88508,58.93073110169354
6333,43.281764973007604
61762,65.12228036115252
36420,31.19002416560565
27330,40.048193037139946
100274,60.3563382932907
97211,64.66777520477316
98092,45.576959866275686
2832,51.75077452790656
23094,63.74143713058762
55408,67.49691831131142
84236,73.23262717588625
23678,44.441330076809656
102075,24.25716732371375
61664,19.598053099681874
93420,63.309363843146656
10839,48.44741750046783
80195,59.56621140513854
94294,65.22381961984243
24207,41.537069521376424
74597,67.39066390878573
44140,67.19125955563506
92835,25.5803102380248
65828,67.77717209067332
9745,57.891222019414506
89459,68.02310354754219
101624,58.557042570082984
46263,59.07935586416718
42658,57.77905125965253
19936,47.550142713383856
15927,58.585421215884296
82056,46.61357241925789
100360,69.04121725998255
20871,57.386068138514794
22501,48.5862018827666
20024,45.98036654164796
69267,49.65410948007655
1437,63.45718465155199
78793,44.78399188407898
80280,58.0407321445736
62611,35.17089364550006
40246,48.56114901261053
90949,60.67126185632306
53333,58.96366354731756
7622,71.47653497784744
61140,24.845637683883815
27480,67.0036206174738
25771,71.37084471884438
54526,60.15701623463974
14197,62.248255943018364
82613,46.95962984296304
49335,64.4652958909587
41998,69.25088354205687
53209,28.415616401031745
14519,60.39091348132026
70093,44.315503427964835
80658,69.68158288488931
93784,38.30714051823357
93049,31.79563026654767
94353,47.66429787367636
97184,43.07805713968291
25146,30.870676973426836
14169,55.81363727000292
44839,60.37890593292215
45884,61.613085160649625
86725,44.1294284456552
85697,58.19575729797504
24234,65.43263483348319
59577,58.83093367555985
68212,64.44118353093815
30788,55.071970455560546
93994,54.98974472392043
94536,59.56631236042778
66155,31.53123431611896
40431,54.2867886659687
35307,70.57728671360657
19224,55.53373172280698
19052,35.71240188705736
50865,53.79596991686577
75906,58.915427105309476
6097,68.2376988999895
37429,61.43047865681098
85114,39.64306961215033
29613,69.76315685513407
75051,54.268204748656984
7655,59.57806901787339
15053,69.6412837021482
75180,53.260090026939785
89120,66.30437701008715
14771,55.64252340561558
71702,62.311912123029515
23877,55.25486067471827
89361,46.375639296682095
3915,63.632491347164
10193,61.48466626102284
23107,59.81076062616736
445,67.47457486280517
71847,45.326533593858855
64160,46.50819185916293
47257,58.829565158534805
4599,52.01459115401655
28818,49.51197350533646
2683,39.67657127077628
59451,50.188152074565394
101133,44.39381043692498
57441,47.07705078953927
92413,49.46889654855986
31086,52.35409952030081
2509,45.87176720412597
9071,75.52973153163974
2301,66.54298585672959
5012,58.07015479914766
74636,59.81745697454919
1005,66.81625644212085
84476,63.02715747084654
78521,49.62725201170032
73505,33.91253180295893
53816,41.56116081826843
40758,51.039546242783736
96525,59.83012003296125
1941,59.221368747081726
67521,61.154674997055245
68756,40.62107284102046
23404,64.39265064960388
13255,59.72783520225167
59505,60.64649799557748
78469,40.14056235759739
54311,34.823222175519426
29027,50.6985756203878
60559,69.68023889695581
20836,67.68481520507328
28289,38.08649065593451
38787,57.958656757359904
84728,35.89276443929473
95569,55.730028629039495
53035,44.359788224944225
59736,55.35426971419498
65430,69.24738485694185
62391,54.53867747345194
18600,61.60072791183419
13591,53.099936388583856
101790,46.88861421772106
85575,67.5855129094055
99483,37.28795514824301
30522,61.367321126884974
23864,51.102712728144745
46792,55.959569145521854
99271,63.3497561908978
52891,47.123224106693705
69409,53.386360942577724
101188,42.74685491309121
24795,52.76576889848352
77111,64.80065232098687
18459,35.779476255742445
100661,64.94336850056304
15673,51.736101054477196
7304,64.96711014371387
17638,57.50270721042459
70421,61.16653545960299
85652,54.312291776068086
43650,66.99907321260063
96787,39.43728293318503
58126,58.917764969048605
57061,59.49665713778514
88010,61.460259841122316
25693,61.32083208006216
13121,50.860373689219
22422,48.07327598145633
78264,55.06021418514128
62731,56.85823792564077
87153,26.637554772982586
49843,61.74253292622087
20657,57.71162057478707
85081,46.582193176986664
41373,44.12956722272451
21652,57.04289855338951
46101,46.350330995577096
29816,54.85661805900206
94369,42.00117314574677
79732,69.0260645758521
62084,53.84274713654374
75340,50.60102810387165
7735,66.56970629134362
52959,56.539104573994116
77744,47.770059702015416
64133,43.6959045416946
51003,69.6412837021482
42407,65.46725233586804
72410,57.74220616484471
37154,33.799837648846136
136,55.653030769874356
29826,33.55134001257645
57347,60.793524988118186
54757,46.25601819902041
14256,56.475759738229456
36909,79.20736088119723
87965,27.332293251238625
72534,68.96799133955341
22784,47.53564005895284
73763,61.664688688698824
57087,60.689307561977124
71395,32.15132519575327
75358,62.303631961179654
71363,27.535588126270092
64982,41.34465330322561
12028,65.02203799152517
21998,73.78072716932724
43017,53.2895611588673
80731,60.07962434288799
40828,48.92486114359659
39252,36.2009216850802
63427,66.10841641379335
4578,60.6561293215076
31563,65.39557611235097
7568,44.744011620460824
98924,46.05528957698922
54766,48.01454678152847
31533,56.30773093503064
88689,63.7176916462981
51072,55.76349769985635
57454,41.12785330529615
75714,60.09066430128507
69184,65.44424494771255
66302,68.71175114809162
65136,59.24878673207658
56580,36.52333085405809
76109,60.01263639140707
19551,31.36994675686434
19635,61.947542290869336
45148,37.406676160020886
26197,57.20615318305398
80012,69.09671641357704
92887,57.28769743199349
21407,28.906798663199496
35022,42.88209062401069
22181,64.94973812978498
87779,47.55096228945412
7644,96.85522858678956
79725,70.97853466461979
20383,58.06689126110548
39263,56.79745327764353
82430,32.0435947325729
5604,44.74574123091483
22477,67.12274389290091
28029,50.732423089288396
55921,65.3011810986935
50133,42.86084587382648
96886,62.823210541832005
11717,20.505802886990292
14287,45.65231698702763
73958,57.47719787664758
77548,60.70601902845864
58611,49.75899931123734
5671,67.50749668016132
38626,68.4043124770544
26074,56.966132234072845
33696,52.90317528724069
76279,68.66150730715256
58224,55.03925881361502
25214,59.10229417825497
83889,58.64341979439655
72411,68.26016408513155
22916,54.611581612510236
3369,50.804778535399876
85004,45.49614598975214
4426,63.07392271130731
84118,44.16183481589542
47129,53.61920633705106
69752,45.1304786444674
62468,46.902131287076244
38304,47.64915398233473
67004,65.16568911378705
15833,34.05762518024404
54426,37.42051286968253
9861,56.70219932681278
4051,58.17460152015434
81283,67.5958584858758
101562,24.03868093414053
17474,58.395642359196806
18529,60.718848377519144
40173,43.140811326540586
77620,39.38250004266887
79158,61.282881815507224
68543,47.13726295330031
53527,60.616468456150606
80989,31.8277104277525
26335,50.74267386149934
87014,43.93895419383941
18205,68.68006604376419
79301,53.573440591677326
57297,64.52645003546417
94088,56.66240124030769
79391,60.62311179318268
90798,35.987900020534674
4706,61.32412557297719
86160,40.524843607636164
13106,49.207560317905006
101861,53.72089783050962
37126,57.71045369740714
25897,32.52009312861348
25494,46.96243883958769
68326,58.86829318508856
4377,69.64356662670268
81655,61.1626713217251
60952,65.82027083811631
78106,24.28453526787664
59885,62.66311569712395
29379,52.03883771538521
70780,69.37088417146964
10166,56.040925462517905
49975,39.58977000959143
27383,61.84595952948201
66521,60.390390241902104
15931,62.741643717690195
35597,66.11657634977665
60120,47.48827798461555
49566,41.858511348559006
14182,60.58373720666938
19314,56.419981007625125
57428,38.62519323966349
37298,41.9561880172402
95886,59.37059059433282
30260,42.31902164064561
48460,25.220803102946242
50951,41.68003617253807
33647,40.538341409266664
98461,21.676074808208735
88950,45.0620055339111
97105,67.0773987369783
52864,52.71197608965628
12602,25.43832815785949
4472,27.000306819135446
35574,59.85945361630499
66135,45.03080552716827
25274,40.66205929167175
42536,55.197743745014876
80777,45.023774974665024
18226,59.83502617214116
71975,69.3084856372609
70507,42.15762534177794
68623,20.094745865969113
4623,69.06403094875641
15649,58.548059902397455
87404,26.582992681597016
101462,49.55450389264112
86370,47.65369141919479
95236,33.97545067785121
15501,67.26608250441299
14936,66.44688964338107
53860,68.72928332160744
19453,59.48379594714698
34588,68.68909051020502
51033,65.27186987457895
100591,69.17360306080928
35724,56.308346555137625
86617,43.8347005651912
10427,60.05299491586185
50925,53.79054483961376
46619,58.04313880252735
55943,12.507346768262517
2914,44.25373282944917
96286,53.73105361917738
14088,41.01034883120581
89599,53.830240101584934
68361,60.27475128749265
47442,66.96913702887126
94091,31.217470209758943
23686,70.38614673936875
46315,42.861841006440855
28274,62.258897766330726
84254,64.06830306130671
52210,53.440824651607606
79896,68.92887244499617
67249,65.71119447699255
62637,56.51017789970024
631,55.8462204402437
44351,64.35183797058872
79165,44.96478005403158
58502,59.97665290524605
65402,65.19402999998495
43214,61.30733065696015
23346,65.6018242317081
25774,40.62622227203996
7088,47.987152359119385
92378,69.34347661492853
33372,58.53791831791252
67392,59.42701904376988
15893,53.46512856353326
6331,26.37335058306067
16830,37.95889063910999
47512,53.06296121047999
20051,64.67737407953514
82228,36.23241969145011
523,33.47296109604886
70740,68.65683325308655
83993,47.91771572732693
10585,45.60168748519732
37609,45.134881166972306
64910,62.039900972923654
90236,40.73733184512299
34661,45.18092314953343
458,69.29068227739732
37074,35.80168990536534
95938,56.36864336241622
39965,68.74363475256904
12403,36.43464137108857
85481,63.93516207015771
2430,59.573614197250215
49198,60.987115055340276
70849,40.797834659709245
10835,27.59583499326928
22341,67.61456039283951
11683,43.8366622832547
39552,45.97578281648065
28027,43.088215697082
17965,45.58682137902878
26842,42.838221189507614
54483,50.305540800075406
18954,49.81223718832389
36043,45.21295294207264
73245,58.974735489071016
23579,55.58118512157701
9489,21.484067220970786
80123,55.96020592737776
6095,53.585115033187805
22789,97.67425925925927
67230,54.340809319428764
11646,59.851929604964646
30704,43.77143530709724
86283,67.49659014638763
301,47.38131673599301
27036,49.555881535758196
75342,80.90416282539611
79343,61.02079597644834
61928,48.585403769897496
30720,69.15589679606548
61788,45.01812210628903
65335,67.90128759282283
8951,60.91667195806421
82632,53.44534167959006
16301,52.94481183229869
96732,70.0135201908465
94454,28.17940258056944
22821,23.812378279819246
86685,64.57115777506246
74727,56.23237820086138
89726,55.90587559453715
100323,40.45205951252209
65709,39.05409242230159
96010,46.555184414038195
95594,35.87016958973018
60922,42.4501669524421
84550,44.21616346610066
98060,60.15684908331092
97555,60.314898702813444
59579,54.39486422427364
29651,48.63157732142672
66397,39.07925601477649
32795,43.438857080117195
24822,66.9538534187091
68681,61.82947885255201
40347,69.05800476764483
63978,46.278678873411515
14058,57.98253319951063
71746,55.18180833506104
102450,62.63973302360767
77456,61.14794593639448
45953,64.49788247116766
50496,61.02552334190074
39359,35.11965514136088
50682,43.423137779227446
70579,35.496214561841455
102573,58.164764950656945
19986,52.18560095384647
31093,55.222429216759956
48253,60.88845238332485
73247,45.82847240666407
46003,68.71435868514534
22029,49.0503469542785
97160,66.91118729234438
84189,40.73538886660769
7497,68.1533738227722
37243,68.96799133955341
41653,60.2156492327786
50717,56.000609240004444
80595,48.28827259948194
34889,54.19523492326594
25250,45.664675122808546
62358,63.288754008193884
95081,59.89643258952456
26135,61.691259297496735
22800,77.18950360749626
48152,59.47725360070944
23089,39.782713306483004
43738,59.186668591441524
95141,29.97074553835828
33369,60.23553337272727
82693,57.98367648402671
51248,55.24148597492502
39272,57.26702223544732
35155,62.84929275422325
85483,42.57647639182372
76494,51.41763129934884
49689,38.53893894752516
10073,47.19675522348509
13702,41.7821226356681
38550,18.03720364289601
13021,58.51719144974799
42586,47.820828649872844
25042,49.376774924079044
2893,60.53754279292186
7864,38.8896327429068
30074,69.19805949926393
71685,62.4583928093724
29593,63.639607929424976
28142,42.479726157008706
62180,41.77673746038746
76752,55.55147834397684
101173,54.77840518701691
24770,62.27668712581385
11757,67.93271930810042
8289,60.9051739635157
98782,56.654846794646886
75966,55.4585399380811
74819,40.47099362888241
67534,65.99178417910728
5337,62.51087113655223
23023,55.99335577460216
56728,41.84700645598709
87154,53.68835177135517
51728,58.4099013192288
91617,54.465188564215175
97104,59.81976018253534
50111,73.77178560533993
64952,13.702799811534124
92754,53.25736071432359
1833,35.82804274626401
43500,53.471324166879455
41683,42.39480778240834
54060,47.96806738850565
16050,49.37538354612788
75882,66.98095319840166
87179,58.67549845312309
11242,67.90128759282283
90293,65.9063470142105
59185,62.01246462514548
28435,32.35594057265807
99898,39.00391984361319
63548,60.47679672518429
95644,69.16855754024864
50597,54.7536973745018
46350,20.96236144493953
59656,64.0068386024937
65217,36.46222687828186
72197,30.42226317851662
7697,53.329443657843896
5067,60.31847682456887
63875,49.8664458477425
44918,41.30833854114725
51868,57.246727950009806
77593,61.033409857429035
5393,33.135385917283116
90362,97.99425925925927
33712,62.81639918596522
43634,41.57424177230355
20723,61.038969915129194
9418,53.7493677022166
93403,32.54334026437617
619,68.09638093100261
1963,44.29376128886665
88932,64.90167946443903
70233,60.90824666085174
94403,59.663798619963565
65236,66.25576756009352
82948,60.941102815313776
49849,41.57452302316152
37587,42.18499725182944
44441,64.9047769507342
19168,59.600392458702544
7256,50.651077818164
35999,69.10671980860475
72618,57.311187335516216
20146,60.6990040712086
84325,58.274838374488915
47456,48.47423517747645
3099,40.070224456840954
51923,57.57587380091725
38364,59.874735954093495
10634,36.7751916818508
42157,61.982800688677074
396,66.37269590634133
96833,60.26802172494302
80246,33.912039950808136
13240,59.78429258924094
17501,63.56035559679383
45307,61.95034817995633
47439,56.55372610734637
11120,69.06554280454047
60671,59.677759472811374
88584,46.105598249938495
11096,69.08925129453105
24095,47.125244554521814
9775,64.78651507066563
12122,60.20097119765851
79497,60.99843364665582
60958,37.32826491005631
41960,70.50140153973973
32715,33.1285551163261
56639,28.65292122341289
87973,55.27176227284647
102417,59.91929862232243
78239,60.45312470539272
17961,59.9351733920578
51799,67.41483814631316
25074,33.95174802303478
52323,55.77581146503898
21481,42.75283124317547
59028,63.5660805089825
30466,58.075724569473614
62964,63.73130718957943
7935,56.99314128197066
84851,63.320736773297355
51217,59.41222386563458
28711,63.72284752826371
97478,68.3728238152214
66625,63.856959835932095
94083,59.61094336631965
95088,69.40764795818012
63138,44.30331903251044
99785,54.043808420053395
60727,60.04780975770275
100025,32.460471555694745
92884,32.28466823099376
34572,67.10436159296127
46807,58.542587078356334
21761,69.69821695417824
5819,41.32048485520652
100544,43.96800483018832
48384,69.5170873587931
84696,54.56993297941844
81195,48.77267403026167
27569,69.74993544972011
48454,52.572935613777936
87874,54.1251953673596
8202,33.467081332629704
54808,58.86590910824536
22727,58.21746974554837
54269,43.02811256086589
43688,59.69074909704463
8501,62.46809575764509
91700,67.75165765883852
57075,36.019927215804344
4459,46.64029926983449
81873,49.227246710004245
60592,60.350490241026165
43107,50.84739124776379
70011,66.13337093073245
82276,60.30463785373724
74438,40.04904226832427
20193,35.50293633656503
50604,45.8416055155322
77436,60.95926207827191
101096,24.975673641180848
19991,68.02813313009915
88927,51.870970151534806
76881,63.07667702726254
76794,43.28801234158093
67466,68.29317759986307
95640,34.212693897869414
15363,26.7257209816172
1969,62.659063338256274
26981,36.425556731213796
51508,60.38030880768716
25403,45.833617097363906
48998,52.70968305411995
70290,40.02968894156129
76638,59.479232372089655
85391,65.66843314128253
85306,64.65937791933221
58141,59.73658634281937
90139,63.25972205803669
47543,45.71237834014554
51395,55.17245234114437
21287,62.236314643635026
27553,59.37706152351605
60889,65.72163764806973
91189,42.54267688004484
76641,48.284976224528556
18042,64.40480027641877
35810,46.14102156292695
76730,47.55598213248281
4732,29.524591473682023
19294,67.65923387388757
31868,51.46274981233
17936,57.71919022057634
21569,35.70636323099404
10227,38.1065472152175
23390,58.057067260816304
1541,43.847292239883316
21618,53.712066712144114
57125,48.77917500208692
96003,68.07479256367012
19769,42.26250248886143
44852,58.353437336424086
94969,54.68081381284517
24684,60.18135362417566
774,45.95252006090241
51980,39.69326084858554
85952,59.611557408389174
60508,59.33798137445879
91960,32.08008401091588
32233,61.923192529804986
63107,22.11521709128073
8517,61.2610561992462
10905,56.42610836423065
86919,56.804994025877896
17976,41.414336975243394
14878,37.845229928156016
52903,58.232209653628416
7789,45.696068558491206
72440,29.053228792091556
26230,60.57064499868667
67105,58.404712754175534
79235,69.37088417146964
5669,38.796627547076206
85445,59.61223390512019
28329,63.42948947062233
34870,60.543053970837626
1001,66.77790529634984
76342,58.86063095753996
72722,64.66417752431732
23570,54.331801605253766
84140,64.40479815457887
98340,61.15243316155375
43709,55.384123128687634
856,58.61355341643597
43707,70.42340462014398
33806,62.15835705714424
82529,36.98532376084531
55040,51.02664427487302
49652,64.90680286639908
329,53.797180887860414
61849,44.96153502023495
58433,69.279702615413
58684,61.181026071172425
39801,57.229956338453775
62310,34.537202877424264
55573,45.44170420983689
93681,31.71438362271653
45116,42.97806291525804
64839,45.236408672854104
34498,49.0640656909655
54795,32.08965262549184
15097,45.25928698699945
1349,55.28512932404196
36681,51.781826299513305
52844,67.28956965010566
93788,89.18492844580314
22056,24.360314856886642
37546,58.46989141471674
54687,49.229654537421446
72027,60.54182699976323
17947,69.69156566498708
54665,66.42957252638351
101021,60.92692746627037
1696,48.35983105665342
28024,60.196383668392194
25545,49.300247732163896
96034,29.46566418029995
31469,42.29267103476076
88976,59.153206201029796
46377,26.78794442623593
63505,55.658904634351664
56435,40.3297561118767
81754,62.298641885699745
100332,60.43127678486474
86589,77.1547219053755
62639,43.76610642703461
66087,58.642051907048746
52629,59.718369327313354
23646,55.70320605193624
10236,25.12439549055604
15652,40.853070723982015
70484,69.40415299724152
8819,54.947605255139734
14134,77.72905393566931
9566,68.927306811576
64498,38.164189438363785
62154,40.51229374126845
29079,58.060123802807055
82537,56.23686755362118
66590,43.88770857222026
91883,67.16659190889212
70383,44.93825749726135
102196,28.60361500565831
88152,69.19329147411693
95762,60.57525537507912
71983,47.858146915142946
27329,52.48633083612514
13707,36.19451825163462
72762,53.63301873192993
90004,67.87064738719977
28712,60.650155384401266
41846,56.61798905152624
75863,45.687653569958755
60081,42.05936860151055
78070,68.15907095219515
97929,51.32038702778579
88058,63.17166603084644
71888,26.545952299577223
35124,66.8130171711255
71946,58.212789084560754
18930,63.52751379432337
22061,58.948640057712325
22192,38.02972363341205
53612,36.380863957368504
67669,62.721078999908876
68172,55.23491879716636
90948,59.30501502126165
78523,68.91767267296503
94767,97.91425925925927
93841,70.20110074142026
45931,31.98621573772495
99336,37.63696645970108
25509,59.56046450709229
54548,55.76562663994583
16896,33.21684416851769
51798,59.01023683913845
20243,69.69156566498708
83557,61.114765782191306
33352,60.903107568072755
97247,63.84807981001618
21075,78.93682768686593
26637,54.368592097299754
44642,56.704816955341755
31376,54.93413352874323
76069,19.952475303411287
73184,48.08159875242161
3984,52.17304639808225
72094,61.44382811082582
9646,40.77192880971441
8530,60.48377153406426
59836,17.86559326698389
87100,46.80467401497733
35463,62.48567821341548
39418,58.84760861756538
3079,55.39925523958973
5981,57.02959747967995
33545,66.12103781778418
62050,62.93415886941439
51277,27.44172987414811
102101,69.01854420518981
31906,46.13455283006735
14680,58.493710738794086
85755,45.10060786359667
24960,69.5531803358138
85144,66.84689278496857
97214,56.58564124889385
100039,55.627296011012525
102254,59.3128787558441
21263,49.58321433040025
72586,60.3737808843388
76627,51.91919456922125
45207,57.10757405674577
33081,43.342471485569995
2155,58.92254931304887
97003,30.47327158411112
19744,40.235481644224166
57462,38.527262859698325
90258,58.32197868394877
25298,57.89442990548934
40459,51.133804515056354
77987,42.299909244662175
33533,42.569314607189966
94174,36.73750117445961
45306,54.78579334187828
42816,57.64109287867519
81692,58.86520794867583
91654,59.496278360675696
17450,57.438229739343534
51990,62.30282793796333
37924,58.9890913061215
56478,45.95182232916181
29689,67.01448414805498
3722,35.74981615835622
73126,58.425268076591564
69501,21.410713660938892
77334,62.3490367917423
82759,41.14749864365536
63063,36.78043451426901
89582,41.60536766960363
92448,52.90493950211245
44817,51.14139193373651
92414,69.74993544972011
68247,60.867127008631726
60052,53.34051607620512
99890,67.01025126344797
58298,53.504666825434605
44456,61.48350596359024
18879,47.25310660985485
78006,39.067079035841154
33227,55.87106093342658
57944,54.40633756628567
68580,60.2030037075844
32524,43.24983160821933
20040,62.671912601854466
99435,19.742507096530833
41929,55.07604953217457
63121,64.59834638101434
18772,45.28106536325297
84390,55.08183070501505
50516,42.923193480055836
93793,40.12142545153263
48250,30.30205203534948
97498,38.0959763144655
100135,68.75014171173602
97431,76.1789512804853
71187,58.12371691954079
52497,58.24843580807663
25773,55.12533840927993
91143,69.8856992697629
6016,62.44827334521361
28163,67.73792385810097
63450,59.05323758252755
33163,61.54204867495244
12563,72.74316080122667
98275,63.02204381476762
37394,58.11228328839219
46050,46.38422229470284
52620,43.82544546302737
41076,65.13983407803536
56101,68.50597033604794
54244,59.57732784093484
48225,70.44612539056641
16437,68.61920607146841
78296,42.955529817945695
87440,66.91934683709671
98174,64.48724978990174
68478,56.23492008404506
50707,29.874718006946754
70745,65.6778402606127
12963,39.01940628036471
59022,42.2422339748546
6800,59.51981649517078
41737,54.90838798838705
96367,48.52631690840531
46048,63.83210110470995
6229,44.49413813767541
27595,60.84518062423679
19578,66.72743632419427
23290,26.927513726386948
27159,42.058405016420636
74341,51.55842082134227
94992,67.12835348085363
52064,29.05541505874565
13503,51.16754260289345
25733,54.53296131867125
25453,32.88278841006424
38406,70.63638615663163
57697,47.90770539142427
70015,38.63431166858094
94766,51.70906502824954
82029,69.10767984623571
21313,46.64688894424721
62064,31.824831374404877
13122,46.63021937801087
96267,29.911600704608077
33497,61.800769731859056
6880,65.36739708900832
92916,40.20194491792013
54386,51.05367063043336
70514,69.1495215666723
99990,43.93102160209002
22926,39.093861147450454
86908,60.33400623392506
4443,69.59884627342753
40020,53.49907846887839
41844,30.029358331549
35340,60.30700149524416
67743,32.47920404600475
78492,42.07746292894747
84666,58.34446405105278
98140,30.120182115561484
11404,58.88815830320782
7821,68.479901428874
97527,53.95328975038248
88454,68.11773863126781
82979,25.431506171293208
98792,68.74934547357893
92925,43.714618463806666
71506,55.25911892813754
45588,60.47265092746611
54743,60.688522343471995
24276,60.08720047423878
14328,66.90252941763947
21323,54.264943187972655
16616,60.52043148203819
70720,60.89716240261617
52021,58.928810679390175
22445,54.888964596473905
56199,64.35254181926759
71497,40.87533346009528
87037,49.47111355700369
17468,39.24216592266856
7043,59.135537447264994
62807,24.603606320942628
71287,67.92683502361947
59590,66.23000270027536
85778,58.59026312695075
14456,57.46874487279319
102578,42.330138012658225
43668,42.95272435541106
21040,36.38290094692853
50939,41.108768522087686
5455,51.28362490294624
63902,70.00859469624122
88256,46.283429107018954
61859,41.512973920819704
83456,68.52854999506577
32834,52.58132107834656
84552,69.01229872925717
50272,46.825424024747434
52513,48.51966399502252
71483,54.749557650740414
45422,33.203754890225255
44182,59.16251228749196
11497,42.46841226285183
5936,55.232215980366554
90443,46.09986919641177
64500,67.62923876032033
96361,68.08720593291763
72733,69.37088417146964
12933,58.245283058915795
86741,59.05812672717994
78209,54.0186766082903
406,49.591381643134476
73875,30.700107342848373
74015,25.927891339712023
7681,26.206561742199305
15513,56.45992258019575
92175,37.491281094652386
74620,57.995671619253756
65106,66.04965658677928
59729,41.5546520311259
74898,34.29559456881788
56727,28.1875966753013
32595,64.15755264061701
65530,59.52837883103662
38526,55.406087722618324
66519,62.16511407634906
7712,31.833329817840237
53845,69.72665321228051
61906,64.3773784433059
16513,48.93431011627579
97206,49.133408828127415
98351,31.17601804411759
80999,55.48745180454298
76386,39.28781928342164
53881,60.42841336862921
96994,53.497654465017284
79872,69.33299927966864
42459,57.2067660351185
88333,57.44177118589433
44291,32.56077986767467
48990,47.03972572484909
39785,64.6217296376993
69055,60.47308580905429
61280,50.17121065687849
72626,47.35376961016495
65486,41.502416902216595
64763,65.33931696791403
50049,55.08185697515453
28570,41.04599414583171
17102,64.12685505234995
32223,55.2605783564407
90342,51.58240985344192
86058,64.18409293229432
101820,60.933557074307934
75996,34.56540460311059
78645,65.39631199227235
43439,58.2568929218097
65758,60.85803952705615
76700,67.10146360572658
43277,40.49197016029447
69384,50.224704272274614
87641,57.22616970443199
39862,36.940450102160824
46519,53.0195584190204
27436,42.49484153945839
50292,26.4293086901673
73951,36.542011289089025
96978,63.71807388264402
46208,42.46108766447182
12615,27.11323107684701
10524,53.72851618036957
43125,39.12184466440311
33738,60.69287813744001
96668,63.760933177865866
16108,53.0643174780751
10847,60.60051365818878
78046,49.70799254981704
59120,33.244040780806614
81696,68.28566216696694
62466,55.87066849248465
5780,35.50863750957435
39868,67.26359049516243
72304,44.84503222476223
31233,43.97546943697099
13391,43.705463069564566
59564,45.556661179315824
4036,36.67858358852672
12400,66.22689639011207
12823,42.21773496656746
18666,27.943608025920017
45983,32.53764239113677
29189,59.772612402111655
40457,41.75855794004251
31908,46.98684100076565
84862,45.84711646428839
27791,44.64409409561515
83099,24.05500010886562
51528,55.07812354903396
17023,57.314740489619844
52344,48.83934410987932
4395,53.65612128295518
90697,64.76203621719347
58242,68.48718973900448
20295,63.20793765304753
12748,49.309791116901586
15913,53.272043380378854
8036,60.722575535034814
26209,57.495974808855614
4081,62.39271646650904
89732,37.34588941153676
45553,30.41607017964762
91591,60.70245639644639
55773,40.71133534021045
66309,60.178839370437906
63200,39.28055935758184
49127,30.632434853852928
26413,53.67629261063929
73295,68.63625781554921
102682,60.357188541252135
92340,56.106827184838785
58087,69.08925129453105
98161,43.30629953753564
8519,68.00026266084548
74563,64.6775554651394
75898,58.25791431304791
58111,48.74308503543867
99516,41.74856331469553
46396,67.03537019160501
68917,34.80723908045724
43655,52.56034258101262
87859,53.82090188829759
77393,37.34974171432567
3976,61.20225720935365
73810,23.263374293165388
57586,58.73613167492334
96766,71.37084471884438
29971,40.00825971976635
3044,58.874946593118665
35127,53.13525094654723
40815,51.228931728375365
59908,32.67501959715105
37476,45.903441884017084
19827,44.50286908456539
46510,83.86771385016716
34778,40.76658446276631
50343,67.0633047665847
17441,72.61569163183451
100089,70.23277926524511
101026,67.76418422574656
84633,60.00720241248571
52546,36.75775068334538
91308,66.67163109610895
18916,58.90382825107915
93476,53.34815052285898
86941,38.68409616328507
41093,54.960791845951725
2151,34.59113576532443
20969,59.2641680297213
93501,66.30315791104904
60766,46.60466777707134
98207,61.24045253405985
60492,69.23788524008361
21782,58.085643921021045
50310,41.705828669539876
91722,69.29648723215281
67481,52.80294464644265
33144,50.89904592137522
76764,46.864858559346494
58743,59.24599199946
26587,35.81995880297699
19339,66.92644881973276
9385,63.18814584980221
83052,66.92730473785774
97541,69.0410343447013
56953,41.92330131132489
39345,60.166854943296556
74429,60.1174051843469
37431,31.84683519125476
23204,62.369636575838534
92010,58.867644023785125
62013,38.52157488231929
59862,62.58441015942868
44279,55.02867440585597
49576,27.483875283556294
65852,45.06988907890878
85119,49.574227324828826
12196,56.19271484911329
26910,60.96435520479462
89341,37.2670684723927
44101,35.40267608290927
7566,35.086844831588394
2115,59.828606928035086
54118,39.69886343860536
90823,64.49361693104628
8925,34.87149829358923
89407,68.62692843791551
16233,48.6039451418091
101479,33.99703763929697
81607,54.23536984818043
97537,56.3373923818019
4745,28.80804893646965
9604,42.607422725995406
51318,59.28141756585115
100045,42.42208018968592
76405,52.16761163287921
59020,69.07637824873568
21062,40.944256928556904
16251,29.718653970381464
55511,55.05811256383444
40622,35.25222488716026
28347,45.59965651096685
65440,29.551282896844704
21375,23.43871572554322
61747,53.55678424756721
88065,59.41082245332392
6087,57.573115240542066
100839,66.88075957273313
82482,64.59619589359313
23073,51.84411250355243
80914,38.91027040959237
2624,33.77636437564169
69332,56.828186813399356
5952,42.094706995442365
86084,55.79790904591323
21573,53.97315192740017
9780,41.6540074233029
16106,60.47377868014613
3743,61.22306520346778
79380,61.260789899924156
33473,30.19488923523954
53292,31.59590093212016
14689,69.00255826934998
30345,41.54430624410396
98496,29.755315182163308
54769,56.514677112338475
19087,60.754747279205006
26621,50.751290976586525
90123,54.19261964640221
77367,62.6933109115897
88794,70.01357016056008
29983,44.37620132854305
90353,45.75825754397936
65673,26.63959524578362
21391,57.23229378135179
77780,40.76364739864075
65846,36.047514877338955
35094,24.068935321782337
47942,48.494959803132105
90904,68.4158358241294
65224,44.020029344640754
88055,58.83528901797861
77166,59.255667061029314
3650,53.41605388436177
38860,53.63163224208413
86282,61.839098623297275
59997,47.79177541290061
29295,32.946019669040375
1737,54.06452635070526
25256,60.93030280975182
10268,50.21054024772196
2320,56.90531131746607
82643,58.517412982210125
91022,62.975709158935054
68228,66.42796598686554
7945,46.4645047457699
18664,57.39867167935757
53449,34.50777974338054
32133,55.14319020836018
55437,40.686622962698536
13247,42.63699072281383
54576,53.104087823947694
14814,66.23901708705344
89939,42.79848246726809
78594,68.31481306794096
100815,38.83509480485592
15984,52.52249164093495
334,41.421262693031466
90378,55.891986597367115
60646,51.679534069416576
24834,44.81119979323716
92809,57.33964755729932
57847,48.66937298638924
48215,50.93899340657865
1771,55.9991529723628
36167,45.279028082540236
75508,52.05676392307776
3187,61.43778414382541
61459,41.400825183474154
95739,48.32164024226904
19836,45.12428477103758
101609,62.24077714646375
2816,51.28212283167084
42576,31.322173186819832
57115,19.211606666251317
52506,36.76610489547572
88822,70.2653784404875
60376,53.039485453135384
80902,45.976771073762436
91817,45.29355787193269
80450,42.50966485114441
19506,56.25972208395238
50876,45.11191250834684
64588,58.3709577239174
102543,65.13138334935088
43980,60.2408062550418
66672,67.7493205874559
62851,35.55238129730918
69500,41.49515350292437
19546,37.83285732678657
42113,47.56453665157388
66803,68.85817790477076
7501,55.73261422016756
96478,53.68290796564652
94588,61.728759055954036
76646,51.75482514230041
23203,57.81988264584492
65171,80.43769661669397
45595,37.651644421807084
52259,48.702910608716614
91831,52.99251415013112
73056,57.81194623348887
97263,57.65292543223966
89196,36.08824392945541
54664,69.47352089494716
91778,46.69015510027908
21187,32.42816247192544
27886,65.49847626396219
6243,41.558355023633574
14432,60.433116942943045
89000,71.48930896681588
37877,69.49139869429078
46958,63.89360417543838
82598,63.18301201448856
61799,46.66545013393638
51882,59.03348946997165
3158,66.90113231281782
61408,47.03175913873777
81038,80.29915324134869
34974,24.855418835230584
64785,51.81856515519633
30390,69.47353110517119
39275,26.031313294031083
70104,55.37137532797173
18534,59.67959464333057
33642,47.75645720431846
68075,51.097676308008175
35107,41.76735954803216
3904,55.47031856982903
5628,18.78054600489214
25830,45.869471459582165
35514,51.11482596623893
37833,42.652481737049975
49412,59.707156834676795
39241,41.533438704990694
23599,70.06481762917669
3408,50.90873956698374
43804,38.52816872741899
50417,54.696496679310876
4080,34.399485714597475
39255,32.24490877903477
62804,57.73295065689815
78877,39.3843111304079
83190,38.74651039626861
63752,56.952687882773596
32826,44.752483175858785
76774,37.989340281079826
99886,60.17368636456545
26970,48.82306570755109
44033,83.08017552186155
41026,23.854662532181045
27018,40.46741577563148
56538,42.709260823285156
9965,50.41635690361522
51344,38.74750083402086
98873,57.98367548295145
90291,67.99222837819967
55402,54.18829459129835
19726,56.51228034722849
63804,65.18627940476233
36583,56.87893298370484
53359,43.80000536104002
92817,42.415718437688014
23841,69.12392224333385
17311,29.493702032247537
32796,67.57720555807522
33650,27.72638924172973
75806,33.53400319782961
13709,56.360726853816985
9523,51.85854468601722
4384,64.65060996440585
84631,45.1576454322498
30840,38.374439396619366
94163,35.95082124863324
41792,54.727293834475894
102525,48.978098749524136
64843,63.34726268847502
69540,33.133622787984166
100396,62.84493882543792
39630,31.720730723898964
76081,60.90885261840678
24259,59.42340022077402
19715,33.71236383888661
35692,22.44067829950161
66645,59.21378988300743
30441,68.34649530830035
27643,54.30393442225949
4082,47.30342993762585
84250,58.068522890598
2069,54.590287644061675
46996,36.41851446751763
39129,28.77553241256713
65040,58.511313786682564
13329,60.77481956461455
55547,61.275041552386774
58733,46.19722402284489
50510,62.97121787673645
59118,69.3591049214656
30094,59.731848546410276
95948,42.063824017163924
95449,57.24030910396641
72595,68.3793303189346
52985,38.552563357782326
95955,38.34798567672703
23197,42.47988649247054
34628,55.58078730166621
92417,29.802796324108925
56488,31.50339298771031
5348,34.566158503046566
63081,61.942177870295666
7709,42.59679866517562
37430,67.3455927625561
19429,47.41965473678037
28399,64.74491707771642
56309,37.149935536290904
46690,66.62802414195573
21776,40.90123604377693
87451,56.20900102942025
68877,64.30824083666631
81201,41.81232749724718
33916,35.77895645450696
63460,28.13705893858404
44897,32.67291460046069
66595,31.710246892224696
84368,60.24965597847574
16868,52.805138811889904
94155,61.3640352604105
57776,46.27167331405385
64552,49.097880133405205
36765,58.24937963568667
88963,62.36087386806084
90543,44.88578451164097
25220,68.94556266375862
70138,63.154057898874896
96725,61.195877011579796
26472,57.26023638019205
4052,68.2455960406098
81346,40.8643655309366
7641,47.43364227685973
22010,41.80937057382343
67821,57.47997109655765
20211,64.34826360143069
67747,59.31759158483805
81599,46.448727482394524
33713,58.244340886323116
73498,51.698178549913536
101283,13.625157061208077
1376,58.03455597057359
38731,49.687259194839235
31666,15.201220559107309
56723,69.23788524008361
95858,33.531060469524455
11547,67.63735645242173
19282,46.0465782812353
9043,76.21095221889591
11588,57.32124958981909
58039,37.80160415226204
61258,28.74304150993255
35637,65.00549284446228
73541,41.395319399649196
2150,33.20702026725584
54037,52.16813130477317
76498,40.218372545391524
57824,68.87190420261213
69867,35.644369285165766
101410,66.84788048913097
53777,58.99740276976732
99492,30.630446321457967
70157,58.27378233451591
74104,31.784822383202062
20629,42.49096124539704
36696,61.10619343456974
85840,52.61170404458025
31476,45.13895874356486
24402,57.953588568478935
11276,44.83895908011546
58794,47.37862939722674
23181,55.30100268382993
81857,59.74589225282808
83649,40.27903299803458
102357,61.07510192803451
5385,68.03191050011564
65163,32.92189694112784
4637,65.21948247253339
95050,40.30043854064357
16879,53.867260962480415
47593,45.76056073513092
83605,27.41512914515636
51004,52.4017093298246
23430,37.95018343319699
10118,57.202561119844034
27439,50.8627102876772
3885,27.664506679188708
77100,62.66933966817
54571,56.61103140000927
22508,41.01128304506668
77103,64.63187279866756
9029,62.72321741322442
32577,48.65836050379531
65787,64.51145519505911
94690,47.829545687842966
33066,22.65025482400442
25239,45.549734955700615
75807,53.739421535505905
79751,58.76916297592623
73848,61.15453730317979
47394,51.113856870760756
102468,48.6286953764403
4026,37.68845958739196
97475,61.42223184315539
98688,48.79335625583241
68565,57.64757063987053
71626,45.143211444986584
28657,24.00410485610314
26427,27.23515658611823
74124,60.046866808189215
35714,57.27865490553565
34107,62.534171130859704
79727,54.01125156455351
85346,36.21300996115124
98007,68.41411147428427
102574,41.2289029999584
24880,30.209127684434726
9490,69.32819531162129
72870,22.082430524195807
93118,69.33299927966864
64613,63.73144562000046
65802,27.881486902514094
29272,38.01190802207318
2877,67.63788592946514
87818,66.56141913118232
378,35.02854677349306
86754,48.123932221362956
56319,43.376071107871894
69521,53.92905240412609
43621,30.168530179401092
93881,49.66989108743532
48284,62.993774507550235
49059,57.923210169823825
19333,45.87311420450903
70025,59.85887758000455
16566,59.60353964122048
70923,53.987562497173776
45574,60.27859831189487
58003,51.95648248532386
86179,26.12279070916122
83218,61.55172717105293
59559,59.926757733062296
51263,63.33007091715015
100108,25.25768492967951
93262,68.66150730715256
2440,65.97028389207706
42756,57.16855819254102
70822,51.83970812298546
93754,67.28243590814988
58725,54.71168774490829
27546,45.68024321325047
93809,64.23764661933883
28051,66.21711857494535
55122,64.43986302371086
42776,68.92673268933935
10240,59.121791991018455
95601,61.45991428411726
31485,37.30018869815862
59754,60.79704928504353
99209,27.50576467281881
24349,46.22816703724489
9978,48.528104415006155
78187,33.0324574407844
92097,63.33238616078502
34542,28.555812387557342
25521,57.38591412631004
61003,53.74525464256102
102191,59.52407976021413
24542,59.16251228749196
92699,52.8272381986502
74710,53.11175380940578
83197,69.5102246197826
65477,54.847037382840284
77187,36.3904724685789
47090,61.23193233085336
39383,34.76770532216949
84997,62.6100801285515
101346,62.736717645232005
69930,69.36661440462144
41006,70.05171613316251
53230,55.51134068569222
33188,61.13718450914571
75158,65.14890493972877
14928,42.65570582276578
66500,64.83779187210102
46907,46.244304719659425
37949,46.854720624511586
22822,31.70890984555972
19709,54.75428456623263
38142,28.314070785348214
1230,60.49182000424358
5210,48.40030108087681
48769,55.69339473544561
101427,27.832059292539316
82591,49.345571209212075
53937,69.47353110517119
97838,69.40764795818012
85163,58.88774208226647
5212,69.39001087651421
22743,61.19557159921941
91290,59.82970922064445
32668,54.50082476057895
58018,25.65342375964976
97545,69.64356662670268
100532,43.03256276297885
78537,76.39016234587773
36068,40.77412132151758
74934,34.43175830071057
1664,34.21309032606103
26759,65.7741270080891
99857,69.59789931892064
81269,38.87175896205485
19468,33.08946451316741
27768,38.67996535440077
10198,43.51704003218674
25558,57.503981945215344
2003,36.00379213417704
67702,35.2526589624889
84860,34.76698953394019
53377,33.245565545057815
98361,60.86688369974072
81730,47.99468729551223
50294,30.839076864845353
19268,59.60051007459456
19552,32.950325393138534
92030,42.51830098354736
67222,55.88060497135534
102422,61.48851935443389
81260,37.91206143692915
2674,57.54247682455558
101265,55.40712892314311
980,69.6724136243046
92478,48.62583972045969
62916,60.4749885615113
49101,31.045919559761042
54212,55.138311840432145
43685,58.97891137904762
93700,61.717589482455196
20155,67.53846176081596
39557,60.884068796051544
100180,66.98436868251723
12493,52.84248357292917
11228,54.36674764913625
26339,63.835882851510206
101085,60.35792170250528
14071,58.68169730027373
91918,23.155299920117436
12341,70.96265333864568
34167,40.64358207157959
59831,32.429935332731645
23503,39.08694750108137
21426,76.22190164548103
7963,46.22204442461384
63722,52.412067010407526
37110,57.67645165140934
42982,48.49618054227685
85395,69.10962854719611
67737,43.80099424719985
48594,28.460837372813394
33617,33.24270875813135
90971,41.05708463207202
58815,57.954197084642544
85831,60.756893525444596
34952,58.77630850473642
52211,27.15395432380595
98210,63.392472830381124
83602,40.471515106772166
694,65.74598431964084
80596,21.097903256543468
24102,68.59088826298648
74747,48.83891213907882
56890,67.64831901455781
76046,57.54889179193272
42885,54.351459388910186
32643,34.57725543790581
14830,15.15663639250262
38213,58.33070517681504
74532,62.34026838561636
1416,64.90167946443903
31688,52.3773749703011
99517,63.56903491811431
4055,32.8856370175746
29140,65.03613850293182
35296,40.95353835285604
49795,33.968982865557486
41656,41.369856857675934
19123,40.13136617467919
88417,65.30397758180531
78395,59.25130690402011
66113,60.363584586095136
17499,58.44317062870259
70863,66.2934316626975
21658,63.9211914587022
75817,62.97020009098717
85505,61.38214503306629
32082,62.46909060892726
57179,55.65085887125616
9424,73.91143359315872
21508,32.95033745327396
19489,30.560865394195556
66000,64.74730475041584
89470,55.036304733608084
30009,32.969108336929175
55574,51.097001141848196
25841,49.122042097361934
39496,66.72171451427215
75376,68.92609150586283
22511,68.5875241515764
31394,68.50589127169381
63269,61.874584581148994
64578,37.390317589210206
73705,40.97325042881277
16214,59.86147795240329
90685,30.691407361850437
10391,65.12677810003042
23120,30.815655642515626
81319,54.63262221942269
68413,76.98926978272623
84117,25.895568945122953
5361,69.35557518472899
75517,55.68757328666039
75174,55.04156221928054
8684,59.49169207267183
97662,68.99482033966511
96654,38.7557587269332
93907,37.1822486547593
23178,51.13732023590771
47298,38.43655006986116
90213,46.72436366836704
27835,43.27418937922442
20491,46.02082162449438
23152,52.67775309334621
63854,61.27603382872404
26892,46.82539665059958
68713,51.51020690120568
69647,41.580646497530914
30396,58.32854513185076
44628,66.82244484307691
43770,56.16979482618517
8138,47.720711595341214
24058,62.923567410974016
17093,48.85487713339097
2508,36.63962024507596
89952,62.24760527019281
84988,52.27938362182008
18105,68.63625781554921
28218,67.16805639368403
42041,49.61222196761242
2013,62.95697401519634
63723,56.28522448128385
34204,36.97758175658512
23897,57.902078062327284
23500,37.009788860706344
92848,54.995949269323994
43386,52.380336862230635
29985,60.28801719600064
15579,40.79320988457718
52139,66.11657634977665
18457,27.50444630478895
33874,59.67265431167164
18694,58.996026728678906
35834,48.063350042063114
48086,43.54261242089393
71914,59.90523413850674
64421,38.25215894201292
35633,58.36363770003739
23984,64.10671820894325
94149,43.83108147594954
62301,52.32774525070974
1330,45.768553875184736
51695,51.088416137286906
58971,67.28558218634068
17286,70.04462298004802
68645,32.70707136730603
37425,51.3664991607596
6190,72.09480801904243
73396,46.60491302158911
37972,52.96753195587735
12811,50.50696984603359
52022,37.3809713408946
102527,59.772956735019214
26863,47.131432537897474
71123,62.43939116665592
21286,31.92246351075736
26767,60.30573677465113
14170,66.35877798106446
2054,64.23783909277977
17003,66.4970097040631
92031,53.51653036935955
35381,48.2564910364299
86212,42.828291043700666
87538,36.136180679844536
40456,52.685274120138786
8667,17.989794787932393
53788,44.29911074764378
62269,26.443012119900708
18262,63.08430829866947
27805,59.91711946323835
72719,67.62259729270612
70492,61.706554675549704
67630,35.49581395448725
77486,54.36152350186281
47525,53.87170376838708
42573,65.24008410691295
87769,66.96081687933301
21309,43.010430563403425
36233,40.088676213132864
20147,61.53569887257627
59293,26.236459430967194
90925,34.59623469248885
42597,44.595839527986
97812,38.9914452723596
56240,55.13017227741817
22517,57.60870400195023
79639,54.89470783591053
95659,49.673668806062906
78099,69.40345063754468
40496,43.83215058824532
73116,41.79337279386341
92581,69.23788524008361
45198,65.79902971647469
78217,58.03224853867465
66194,35.70115851713618
78254,45.120458465804056
42650,67.25309393171726
23831,41.96059788580725
41022,67.67911100606813
78292,36.401117752069815
66978,53.19913330588627
98952,64.79334312038402
50362,31.108710511035024
19915,55.6550504188975
86903,60.925317513854104
16760,33.40236427756312
50995,70.3667614475032
73398,58.10557506227952
28850,41.661104096453975
98520,54.29052728442314
6271,60.58872763876067
87692,61.47857092439438
62007,72.86770697867092
89681,69.3591049214656
40177,58.56483130593889
3697,57.4803995473417
66802,43.15269141746667
64186,68.69108744539854
8696,59.904982198695336
30789,47.57414098490048
79972,48.68532486731269
79381,61.80589359279076
40435,62.124944167935524
20677,24.690728381390613
23061,41.403396053152186
20459,62.05230692413619
89969,55.67162491089423
7633,49.110821329274565
97415,49.49555550128737
93619,36.686263109076215
85679,50.0296498157131
82231,42.34289860582827
70307,33.161276676254815
99610,33.0445137988866
87506,40.48280007837995
32920,61.55896535140883
45095,41.5362437554629
24444,67.79742648745811
69874,46.65973757202311
30410,44.31589795378653
86757,44.36664164777992
83802,45.18037611467363
22227,56.99866676075024
28485,56.36171516974358
42695,57.01961404489424
38039,59.29899228168155
87637,59.907806056118204
71191,62.73377877589094
74603,68.5442812411848
61742,50.31783523638197
98231,68.94935888901874
87701,56.61440981311793
71389,59.41833321953726
92320,33.33247148621284
21885,65.49550224137876
16659,70.07117164300762
84094,60.408542177217754
14626,40.86439472184281
36467,61.626872452661
821,41.68707709966715
93498,76.84326263641786
81812,67.09804724753951
11523,61.11941441878999
87537,57.26884686480854
56074,41.17389939287852
166,59.4456288214971
4984,46.47434736394168
57062,52.53853954490083
71063,46.77319789205351
88891,56.142288084004015
91835,33.393922944173426
31838,24.15311206866444
89261,40.13261185445038
3383,61.98428323661593
1736,57.173232265339664
81435,50.04652098118285
98857,56.5137538619911
3652,57.01666312361935
37505,47.14011701798872
65932,69.47352089494716
92694,60.507004584482054
13422,16.71113110994999
4445,45.84914676945664
57757,48.27120497112156
70966,41.11701509976553
10794,54.08569622702038
42797,29.670457518549185
39747,48.70787120450505
33984,68.38747437445011
94750,37.09776801455833
33220,45.80211808669508
19151,34.19694312327263
99175,56.26072457787885
71143,44.59412712446451
30071,30.382560388650205
37384,35.10309208359752
84508,65.55803369817885
75230,65.43109069206801
39850,53.05396849228338
13897,68.05840418928108
60802,45.779834116662606
60016,49.07594590635098
93111,34.6646460155706
83357,56.08152223245468
47871,66.94337062519652
20178,60.2458595342089
96955,65.98648746109203
11471,63.39203217804054
46511,69.20232534849337
84404,57.59437472954716
81258,60.91248415214188
77531,40.50066635038281
26538,43.41632337162212
2507,43.24487744199808
48923,57.17272216093183
62870,52.82822231520473
37957,56.681344590361896
14187,43.279984747525944
56040,66.55290571762703
82086,63.68022152831267
42532,53.405557196267644
21760,37.394993806086276
28425,26.72464031440584
71432,48.808086491812816
100819,41.324087905406614
85198,55.40236393533487
2640,47.163074652000276
81916,34.062644506122545
6282,35.44511430340915
89525,48.29642692107018
68990,35.41687266166391
36484,43.916909298778826
71161,70.82781113744855
55810,40.284462791213365
68767,26.394312431840444
17907,33.05382474810267
45534,61.75267942493867
24491,39.774099577527
88528,57.304563225088614
95062,58.640384943350725
52567,62.33713180188846
66793,31.8574186090613
40536,65.67166013007882
97408,58.608090818457214
46133,38.26866603664906
52008,24.455088571881003
12775,55.034110490480245
5171,59.055037300792584
13582,53.320814537273826
11843,59.61841993996444
32974,54.80299697982419
38278,59.8277459997166
65868,56.45912697975461
84365,65.43526931195225
54646,44.666310447176244
10291,41.304058319253656
36855,40.45019455942419
89121,69.00864124364017
54349,60.41370172408023
27634,67.35032153489284
51190,35.99015952864147
12435,51.5944229107818
30106,65.30717493510483
62703,19.14761511920147
76802,61.259372560176026
68899,54.30727321836711
67355,58.68819341780741
49451,65.11029491103895
47358,30.539975268609993
78452,36.17661780628059
91449,59.44737966585642
59241,37.675064081087974
446,41.82383625752309
3164,39.73583173099193
10348,37.82817043972998
18039,49.28035802834516
99948,30.085852683401594
96083,64.22332234207255
27080,61.19167651799685
6529,34.76725481841864
59684,47.01090509140984
10355,62.678660421279275
73288,60.33403760361824
60799,42.18891247834193
54313,62.93415886941439
14943,51.988505201618466
373,40.42333822690462
2329,59.36758786105529
86425,65.70711110432238
64950,57.94232970235621
4243,58.515563295786144
1856,52.309134541994226
29370,48.66719342225087
24977,58.97708748109926
56984,69.5992187041941
70881,45.245710476039896
27585,40.57137539417447
69895,41.50665464862434
100729,27.214957692365132
33518,38.9537316725505
86542,41.630496007104085
73654,55.489232576829465
68397,31.37695667440754
86091,64.31485889418012
62573,39.88789275993278
19808,40.20642902855921
92288,48.27503172961058
83807,60.47962543824858
88875,52.96855447058329
41796,59.95235988635387
45190,47.69165216317785
88492,69.57341537432046
59733,41.777554494748394
98438,64.11948869009437
15130,61.861800130088156
88381,39.626727972762794
84165,31.78929447020218
20512,60.60299679081786
79228,66.84689278496857
27348,26.841256706224616
63853,48.623793100367976
64993,45.2953627582628
20711,25.531409059339033
79204,55.135985661711636
97057,54.58074047419109
17849,36.78531954809724
42687,54.78509642163804
93730,77.9721817742007
97028,62.176527490496326
72963,59.13262944320354
56835,40.966413078482574
25013,42.97683749991238
50761,54.16804799121775
46761,68.93413056029259
5265,54.501743407715594
35356,41.24236383867076
101990,51.07374762897069
44272,34.981188289647214
56038,65.92947437639528
93324,35.178075657248954
25972,46.202785262064026
52255,54.79303205824451
15954,65.7298773289141
53904,58.151507887881706
38723,66.16133016075773
78451,60.48901025790551
76973,54.17350754147638
73599,55.99687951146789
15567,32.780927119271226
41942,37.169652958738745
19010,64.15762920530436
21484,66.66767561230769
49858,69.47468293665122
76143,70.09372146304547
96079,52.30552254867426
18668,60.890657496732494
96655,49.25669618136595
99144,25.276167393021876
69227,58.86256438888827
79797,59.39187533256333
58093,60.715630417650246
69386,61.100397430504756
41340,67.5065198666562
8219,52.76580078772571
73560,69.08726936404412
84491,58.10908692158108
740,21.608462901646053
68635,53.28590980867737
44135,64.94550814307354
79601,68.71435868514534
75939,51.46910979060438
85040,43.351808444034795
29970,55.882670377860315
23564,70.87484160700521
101354,57.727498284104946
28573,55.145010098989076
83996,58.24668324361228
88017,61.06783081249523
26433,68.22664611080327
17594,37.929124942143645
32383,68.37413702438378
26917,34.825348649141674
75314,55.811079346546734
22101,55.696992563806035
24594,48.55269711887773
27244,58.86976718391198
63534,64.33168830450552
54325,49.29582126395796
71959,24.765966738598728
18735,30.872609439978916
56578,50.654957957368794
78302,31.354932032367856
45022,71.68791493094982
8931,37.490932026336736
66035,39.123095344271455
39653,37.4824635472693
57458,41.8191199452371
52630,60.69958701992041
67036,42.284033516336194
8449,61.0170843904311
8798,63.03002356663306
4816,44.1086762690385
73143,63.30378334826245
49017,45.326574499246156
34386,65.17957035808159
53082,42.66821005300565
64901,42.02097783492111
83998,45.5643409611946
60517,58.60427726498645
39843,38.94485799904004
52227,59.79829502785433
4568,42.30231769212348
95468,49.324766812217966
96407,56.427966304551234
38401,46.80949641734841
34929,75.0206997562751
49443,41.47623920099968
102424,47.042825037663505
3524,35.21484141954385
10448,50.78181092242715
61463,33.219882817738124
20833,40.8376447167723
17601,63.07445576229079
52422,59.84938986557373
58955,61.669159201467316
86255,52.86468112528677
79641,42.96793320416089
82782,60.46312717774714
27230,65.56425238465275
88684,24.22536626567186
60703,60.35512486249156
69947,57.658900581323024
37161,48.19724048805794
97624,35.70347291195888
53723,62.03455581142146
18346,32.577793088159055
5256,57.83524757606663
53499,45.17252011603305
21378,52.11307305288847
72351,45.78007282969312
14753,63.006615812073825
15389,44.97513904648303
4169,40.21775713404094
70560,67.62032269128203
48736,43.06210292179861
90896,50.50160596464964
6756,59.6491578109744
39841,61.63776262405767
21897,62.5137910476876
73574,28.62773351525628
13979,38.6555154665662
25244,68.09693008238904
57972,67.50042261324417
55802,69.237376788771
52649,56.40146528118713
32435,66.93625803866259
64450,28.689461988318982
56957,52.54794185327703
93150,55.22047076832043
3015,62.86864003639344
79302,69.25269768883278
45697,41.69731097662881
69931,62.94825446459615
57201,26.183854802542154
27856,64.15755264061701
79400,44.004388019925756
61224,51.41487976524462
15644,64.6447392764028
8643,38.9867052900167
17052,59.69877811741483
50764,30.11036395447091
23890,43.677986786615385
20451,50.82104920527058
8657,74.36572948000483
96501,39.012035798843364
39554,44.946250213304495
81968,46.74592443823348
55037,60.176950439785536
92282,63.43355311133002
21838,41.77110538792599
94279,31.597370633014933
7610,56.18072990601448
42812,51.278988227401705
13622,69.36290277802841
52484,60.51597536314804
30525,67.74092892836582
28454,40.358464320164046
2073,43.64464268368676
84705,54.84217804703453
101083,46.681098636155085
68432,51.959161949141944
52130,57.1111306385832
40658,54.66199181113672
20585,15.412165660526762
88218,57.468344148922185
15065,68.49479039385095
935,37.83095276477256
48371,36.772224747338576
78031,51.06869329628683
87527,50.95205418775943
72399,59.925823889715694
878,37.444214457690244
83272,70.8995014744736
71015,56.62916088683813
69279,67.31817120560017
34819,41.54020644818891
48325,56.405294148487634
60261,44.89977591525079
67605,65.7475258237424
11183,50.279577313683184
96025,52.1804053052119
47807,70.06481762917669
38582,41.12204595183237
19272,57.269334481293
58321,60.637548462571075
96408,55.96364656472274
4853,38.59275614042303
94790,65.48349542072353
55691,69.94637950342006
18699,57.44307682957814
63490,64.42869520364482
63551,62.03455581142146
58533,68.71424447195827
1948,61.25708307852865
38493,47.459135517688956
32870,47.209905736262634
79932,57.353729121216276
47684,55.97330151769571
59922,56.00784942293288
102005,53.16833973997781
37083,69.33299927966864
46618,45.60887499485282
56169,46.507570872325026
34315,33.12865480527711
97362,59.26035519946124
21492,41.61320729141439
90666,49.46923897423727
1357,27.313283886400477
45593,63.45602664456553
13560,90.03482864359972
52481,59.59979308440522
54459,66.28078419933784
44827,62.53928288794234
93323,61.81506443201351
94128,32.9705978427993
77867,60.22185715966507
61324,25.94130990045216
8883,54.09842594209116
40445,69.43371893877541
56812,42.53004238867466
51313,57.97041572179232
27183,57.446538430898705
16460,56.41080742392606
40047,67.42244570303482
48104,61.87170218657471
99217,67.50357001581563
50196,51.56390212198117
79618,41.94419566110878
38963,60.11600031285745
46364,43.399146483685264
43216,69.47353110517119
26358,56.246073452276484
96031,55.30416236591701
20529,69.9879135991068
72798,37.232777758024326
72520,77.2205028865708
39276,39.36013113732425
23368,48.840256198389405
11324,25.701131751530855
82038,69.04508030184039
100010,38.63933141062617
76690,68.76625855700678
77900,36.06084808319225
79482,61.09941623698082
64145,68.09320076294821
54819,58.190463368442735
27370,55.77826733129621
79489,47.21491549142606
68306,55.96186934281124
8795,35.441547505745774
98556,59.79634732617305
73087,58.83970029483753
9992,67.76418422574656
96368,33.56221054768962
70944,45.33279170987111
56819,27.10866175066389
84814,69.59789931892064
58701,61.13278829447356
7642,54.53163561088154
36187,54.648604966923834
12270,59.674541002047555
4953,60.31979211768649
20968,59.43597407278832
49726,59.251635871949645
7719,58.0180225653651
50900,68.87891716222423
6017,45.25539245614726
16539,40.76911581919932
44592,64.8694129130026
31821,42.1466749016985
100673,52.23836192874096
3590,61.23193233085336
96986,28.957201468075144
65252,64.1229779854492
100308,60.762246013845086
82200,58.994243431292524
63540,26.662214178442934
57509,43.42807957287582
19099,18.089660344111813
8880,57.95813090073443
23639,60.780955206633145
25305,53.49953354077806
65059,62.917716103152195
9462,65.15798591387922
83544,37.254378618229886
11721,65.78696912565717
29562,50.160412135993596
55409,58.808710009560365
16465,48.91583607697746
57357,62.93423944566903
102232,59.29899228168155
71076,29.48671266839117
61052,27.799958928519935
10030,42.21866823367745
56184,64.76502881750118
74634,42.139084598283254
92518,63.000892200885666
52044,69.5457055257053
36407,60.18815086084562
27331,57.17024422914396
36866,63.559734723626114
30358,19.323761838524526
62293,52.35678150237885
91751,33.36454166553144
28505,43.75050861894661
2007,52.498076111898364
15547,54.87979848130353
92530,48.27386429820815
65902,61.791059725047226
98876,41.68588220879397
95362,64.54200844401505
5777,63.45287983828682
7416,42.57949751495987
1310,77.95811927420071
84518,33.106367694940424
62900,42.54961505403113
95772,49.17725923671115
48714,63.09427461629396
31163,41.13767431804021
99547,60.6213035345834
11260,27.587376258268254
59403,50.75453447166329
72832,63.10246346410959
57504,44.53992691341248
72656,36.101222837052894
102257,70.04462298004802
21351,41.43442110159198
12281,60.46753812029469
39581,33.64331705407794
998,37.85771177563402
48572,51.71265726308716
70670,50.58589308923713
8933,69.19289970229954
82210,60.34791694577218
70521,66.30140244361414
44296,58.34439894026488
84564,65.19922772488813
4715,39.869808288569686
74798,62.171323972513726
37835,56.03313340356761
66469,24.944735873462133
66900,43.879999542954266
40307,27.280054776467097
74247,55.32732046159748
36506,35.792007905187845
191,69.2381872549194
79873,27.903305481059245
35678,59.52135367270967
74228,57.57729573337676
88338,45.193315563962194
39078,40.82961562918503
36133,38.10074648107947
93138,82.84133947549235
5,58.738023307210426
87065,43.095492131602484
91759,48.22709730421291
42307,63.86975936554946
38222,61.669493001854505
11374,69.00487910279924
92961,53.467863147741326
53465,56.890608620783894
93316,65.7590716903367
82084,65.99548432750325
70973,25.308566896617954
57110,56.029245315604
63556,44.91457093058999
98928,60.85805804804467
88942,70.15397860931917
5138,44.00287553917234
41035,39.85265342366263
9005,48.60921558360181
96104,58.19079333843101
42492,41.94415820575767
70471,64.86407978633606
44520,66.07868521567609
32192,62.66311569712395
43782,36.12798603780684
96228,46.48977839277104
76208,51.354088927073306
101887,33.327804220552274
94794,57.729075900421385
65441,31.16104421851441
24744,67.38090758522968
35392,27.148568075436216
30394,33.49750703812365
81710,41.50057485876759
93732,71.91205323710177
51947,48.17373774798325
76857,65.72163764806973
78660,63.17841815531236
1943,57.85017420193897
19950,54.886011694247784
25082,51.02447042861625
52470,49.74881734126611
52041,60.38030880768716
38629,26.44779002475492
33754,36.819107284058994
80103,53.94100161512729
94169,37.77553211659802
13740,47.77234775749347
65146,32.97216128020678
23417,47.56084839040657
16438,49.58425266659408
27632,62.50338596682782
58203,54.182506534970926
48655,68.28171235479137
51934,60.09552656703752
37538,52.758947133646295
69092,32.16869812266945
41827,65.56681802258268
63575,73.26397894436701
6473,38.1313817423771
14450,80.14072797689062
44850,48.332102048193875
12321,63.94626793621114
95425,41.0225578676354
31707,45.12827125624577
89464,68.41759231284254
27372,55.257694713479
90309,32.75652905647488
48186,69.59028473392576
62956,42.623767833593845
13742,59.82500186660819
46450,32.40416753808702
37150,61.04764696627467
44481,26.428355810755246
13840,53.32630319129823
3570,56.210123303381316
63842,57.49039434044844
66893,65.21948247253339
90183,61.33156769234058
6465,66.84788048913097
100619,40.82154805509665
43930,70.20676796901381
44325,54.83430338163937
77012,41.63895056112414
91810,58.512478902080005
81476,62.31840704320766
36843,58.91622384203032
44778,63.370273876049225
59795,44.62531540951727
34593,64.2633657805381
86226,18.102301205370306
48869,54.093299883628944
40105,61.370105979314445
26595,69.56023223415154
48185,67.30256894121223
48784,61.08295093070083
81229,56.192826211497085
27404,42.98686172794857
81698,37.28946991025478
102039,42.09883001601339
79105,49.26315301863078
71804,63.393910819518226
97339,73.560461796306
18933,37.076433744318145
98003,39.38623468805729
6067,69.15589679606548
90956,32.557097335138764
91328,48.238100869423704
98328,75.57779962860087
49400,38.2261491372823
67462,62.96817474406119
28250,50.11931472696256
98911,40.25883147567458
65584,54.4969744059595
56267,70.20463045610978
19173,36.07320687550155
96453,55.434882140663596
52781,65.95216692925871
88376,35.86375199188729
89617,41.152322430021194
69603,64.65964003529015
19117,55.439572653292956
9068,40.91587809313272
19610,55.91689299091084
64713,57.928625279199295
100253,69.74993544972011
55854,51.29011572334415
88895,61.83054922499953
42086,32.08886040187805
53172,50.78782273864712
5827,66.15689295697312
102328,29.06297898927156
21501,64.43531675173479
96908,35.18863268152882
26253,33.48217305327495
1772,29.088539627540886
37131,27.73439292036233
14651,53.68170854801646
56505,41.613312073696186
71281,52.20530911016688
11239,35.69267271616765
49161,59.88317047712429
89942,56.49437841731706
20654,50.06469154833383
21264,50.73940991707156
90459,45.518676615225814
91618,58.56475376248991
33688,57.01404556775279
66907,42.417508934750806
46626,67.38090758522968
84559,45.623590033149
81366,62.486519153903934
24432,62.00790491672949
94168,59.97316429711864
94253,59.741747896387785
83279,36.349075499535004
59673,75.1877004335048
38914,35.78804969116768
11130,39.75398740786694
66038,45.37826077709551
82820,34.69799885236721
67640,69.43901978078561
97118,69.237376788771
80823,56.48199723595396
75973,43.14569170242311
33344,41.94733061289325
98668,56.21304025912553
99162,62.35418349251875
38811,28.84393804795085
55222,47.5786613916768
82612,42.059848663869
10882,45.03345639825267
2185,45.87148728429855
6958,57.725845293508954
59517,34.45755691369554
99974,44.00473641383104
99080,57.43906402833412
42973,58.24505913752401
75993,58.903033056944494
14464,66.64437314134923
82485,57.97530625994852
56867,42.64630572507431
82928,14.575422328762622
78706,24.608436176449363
45026,57.29208566780959
88640,67.9153257153739
102229,59.15482258887144
28365,67.6853707385845
50778,50.41534185354939
58620,44.812102278292805
101363,33.6956325672364
92039,67.24325597544394
35469,60.35581808172262
59000,58.5885242146224
81933,61.70457292077599
31584,38.09960631408897
53039,67.67958479646853
21028,60.50518698132964
29018,44.94642570654404
76174,38.609971634109485
97928,30.322692852624336
51969,42.34908614882091
6968,49.660160759731916
95708,25.494859903664622
12852,28.55714009553948
20524,43.220986172459796
102627,43.525471496565224
73746,43.634147926147044
58260,42.30124325694132
43200,63.21623969127862
54016,61.25708307852865
68218,20.76858946868325
87717,43.48927386184938
33394,51.351547145624735
85476,68.5143793147157
42742,45.77753758231598
36751,23.99976761985345
92230,57.72413704147198
65988,27.423994685467555
64906,45.3688248714701
97191,22.599174368771518
97075,62.35510686513756
98283,43.227216926729454
80834,35.64356955950024
58496,31.998129333789343
19877,59.77190579689334
84907,66.19514059621648
98416,69.40047685103205
94208,42.61940049776595
33509,57.18665668704872
95548,51.51325181914296
54383,61.18569221361811
6648,53.83813388890635
30988,41.98337954762031
12112,61.31920267984582
12243,50.53603191702485
72735,62.023614580467125
76720,63.74248928731929
91898,66.58778819864806
21612,39.237126140280395
97873,33.55584864240757
42844,48.696267365974435
88864,77.25321604481894
46822,65.41203140539129
61924,71.66492265502856
94887,40.85675701135053
94179,53.76104285941879
68497,72.32521475364761
54437,54.6695700313921
10929,97.66092592592594
6919,28.416952365899206
1984,69.16165519803236
87282,40.39975915846102
47751,59.178239625025874
33201,58.76298809534753
93936,52.59051508839274
83076,36.86635344718308
94288,68.63625781554921
73584,61.277714221366985
52934,67.90128759282283
11232,54.38339495168872
59871,59.54626604075202
15759,38.44255655989387
61795,59.29899228168155
2131,61.80661689571859
32362,54.950107195058315
14023,54.73125753641638
65658,52.9379102793101
70440,40.84539833028341
15715,41.06419489605744
101681,60.01073374395569
8027,68.20302039901982
49899,64.80235238581348
11995,55.25292118735452
100128,41.229996333406916
65503,69.29344276981126
47858,53.772541804793384
50936,53.96206466215786
74360,62.458783086748205
93764,62.71039417882022
8254,75.25364669592956
13924,46.54597833183068
37722,56.24189624704319
66844,44.600204239144915
54193,63.24558342886803
49302,60.21145234384646
77176,59.50691940706426
25600,68.08705558324917
63538,65.01897914387204
72753,60.369218793453264
75695,50.75975917552966
26493,60.532435743608396
85095,26.042138477085196
68520,53.461217109058055
100293,33.14837216602015
76954,53.426618205156636
5759,29.936371841713026
2536,57.80035948040088
85802,63.846876084414546
15779,54.13239765596366
42693,69.26851832901934
89378,47.25613251335582
43880,36.63089463575513
38303,43.999153687706155
89774,33.73437862352823
29619,62.85298371433166
16313,47.13981803229145
78400,46.24741883461622
55570,45.96770462685399
54299,20.71670253995191
51155,39.26744737025585
74077,59.98862089643183
82358,60.81235885583819
39442,52.63063428937659
99333,48.10358168894523
87409,56.47874480176554
66172,52.482923338916855
68312,80.73938203907159
57349,31.223665002354
57499,59.611838666264475
65246,59.13262944320354
100799,71.10057338556207
32413,32.349975491620164
86271,60.888269231665355
4234,39.14240288111063
79684,48.758283663555204
25359,44.13355114496026
27172,54.16698677959757
46080,60.054988339999575
41086,45.41264814861445
62766,33.04607229192856
86343,54.41980106895261
25621,59.512831916290104
92068,40.27740622992502
31000,60.39091348132026
36196,70.04462298004802
93782,66.95974905955705
40804,60.55528856583357
41557,67.0045277099576
91790,63.73130718957943
89971,37.76810416696649
51857,59.92513532274345
75647,61.714899840497736
13190,59.86001586738901
98693,58.458198077801974
11532,44.55394513808799
30859,40.104553753255125
91584,50.04596566450312
44299,66.57311049880255
51037,40.225917296621375
100577,42.63093828720753
1617,61.116655553830995
59614,59.14496676672184
2666,38.14946489107304
9298,44.53415736645868
25680,38.64779914662757
31822,59.85887758000455
89913,47.29590308853344
44415,73.15978170606371
11645,48.63513943784239
54525,60.68576227445129
85202,55.247397821108805
3938,45.27551460170492
37615,48.4518760755546
98938,49.849936312569916
5019,59.49587818415123
3837,46.2708501799229
20407,54.70005897939206
99775,25.737390355131694
65620,55.01808523441595
31336,36.768756250667394
84317,69.05769230773083
64398,52.737484616335266
8851,62.85909586718387
24819,40.27229966470586
86274,61.2467376410642
62320,68.03191050011564
67707,44.97547827100896
53716,46.26748891806453
20241,56.0583543164275
5296,52.0036538529736
3793,69.48809391271229
11893,52.561597166063095
78561,30.769468945703892
51427,64.33577180199885
13249,40.8087385369185
90269,60.91934057262229
75077,48.57885123549841
32843,59.70568755270844
56238,55.76921719765379
22220,33.297303133877556
64388,68.28529307733051
95181,43.105708182279294
43372,61.07963899422391
46361,30.36234260476176
11357,50.13623193207325
40586,41.755346360528755
73942,54.04129659835702
43130,49.59760741950667
163,51.03643913998804
43936,48.650382490117934
34566,66.9538534187091
42936,66.63508756521031
69817,30.80967986460788
34830,57.16284652872588
91208,27.711764907266847
3464,66.5463926756533
67789,65.81339287626245
102482,59.15741807428553
17946,40.35224061506713
8385,60.7344472072139
54907,60.55025684768229
25744,51.791511743196885
75026,62.2477739701344
29782,60.27029494898852
42024,39.8170188474952
54253,41.257025359991864
13606,67.43470027460425
94339,64.93442826845973
12761,52.62273899091442
51872,61.23193233085336
63862,61.449717146536074
2014,59.682390076117635
89115,50.905700468176086
29890,43.06899739955023
61320,60.60385700700849
8832,31.80365690641985
100498,50.434279020860664
24211,54.4875570960203
50042,58.35553009085886
91501,70.06481762917669
39921,52.1516784725373
48840,56.317457942214304
81357,69.37088417146964
76027,44.064244175797604
15354,35.242333023881095
87033,57.34335831476456
80599,50.93314272659576
48970,61.70868129645744
31776,60.983006579460174
50185,45.66525349285987
13684,65.96458656819779
58449,37.38005681816828
20319,59.80886505584294
95561,38.774977877097655
72453,69.09067480339243
59560,54.182030363694146
74304,58.07846099079612
79113,62.16580384346141
61207,64.98439723139231
22208,64.03714047611429
69173,35.8284685395105
99967,50.50020444283607
24464,47.73864246244436
18049,51.457695431728865
24020,34.90280029539261
65267,37.33457112580948
4792,61.481627876877084
79933,53.873961034874746
9798,45.89663136066324
53747,57.71055860019095
17428,36.27017788589828
96168,52.30204652406431
33639,69.49139869429078
32773,65.8968565034024
99783,60.309691934561535
101829,44.0102619335977
81401,47.468171623363716
9465,49.75475323128746
101571,51.95634568637839
21619,54.80637512254198
86030,58.562983152014986
99006,38.845253166161434
94620,39.682801652040844
59385,59.933282253257296
28352,64.92960916470803
80551,32.46731940804675
93726,65.53812135494113
22656,56.413854867695676
77422,53.75550148066048
102551,49.67539096464981
99554,42.09741176868156
51585,68.4823638357056
93019,69.0692263557321
11898,26.6075530508766
61550,43.41491670706639
2689,60.833761404211344
24740,56.69765838528799
92501,60.46272800534215
36284,61.318321472333565
56632,62.61130122389911
78925,30.70627606867475
101469,64.47863280156443
25795,55.78083547596764
35649,54.70136497448642
2516,65.07823292311606
8394,43.779605651249646
74159,61.97188783552222
83434,60.05231381386571
70843,69.15220288764877
58920,36.51762302604435
56342,61.024603258192066
61282,21.919524993352447
37601,54.400142714530745
44654,24.49260007723681
11187,36.63085860367596
11996,64.90063213612544
87054,57.939449742427115
15773,55.097890960644065
89237,58.900245371073254
49005,61.40993115090698
26798,58.60208181138505
94058,59.50356373800732
16929,30.64851033571947
46899,67.39554054171438
21301,56.379354301346055
71665,38.04171765229321
33006,32.71908612801143
8784,40.56467782840448
100435,53.58507463299089
79824,51.006624986657854
97574,51.70387304491442
19719,43.12380315531677
30578,53.9497498094135
55499,40.27659976787308
75036,80.14072797689062
62195,40.10797134112576
33653,67.59723173071656
89557,31.27350338619068
70050,53.192578556500905
99636,61.14483477526512
89788,40.083302005799275
71672,27.35390124134486
60968,63.69696279327776
71910,45.74366907246762
71038,53.66214883237272
26836,59.60905081796707
30564,57.416185216056505
52275,49.653155479440585
45143,53.978478866977696
25567,43.362867103982225
96366,67.89162311460808
77115,68.5143793147157
96756,56.98918937445767
98418,67.63947500622403
29212,60.271958498920824
69142,42.298498545660195
40023,57.80657797756071
1054,62.5128872438137
81582,68.12920989854669
62857,42.20313414705872
48974,28.636836276822567
95303,63.90801178494221
4950,26.1760128982036
55785,59.42068071023388
18685,55.01297896927998
36077,54.12452089590327
43071,52.45050880127521
76070,68.21931007260768
96435,49.78339272556588
51126,41.06232314001789
6622,55.765870175189384
84679,58.81621506809233
74605,36.97384017319254
38373,18.90593516877184
68146,38.02335854810845
33826,59.004808582619674
75367,76.75295068638825
46174,66.96250263438169
42847,61.37529735756257
40362,30.96023114772981
97080,57.843668295572094
18937,62.71274532801288
82914,49.95298710780898
12172,44.623731420344235
82959,62.007912736520694
95301,63.18855720956432
43059,59.097610276268334
4241,23.545615578526927
19549,60.51650823221803
102408,38.794888164912344
98914,67.61283472208405
35491,82.35909126798504
75152,48.975971003346245
32393,41.72658560012717
90941,61.28099214584625
23735,61.93555190122931
64039,35.39164066962749
25625,64.91539382206749
61434,59.53891163722723
57917,52.02402586605158
40677,37.12173311916629
67656,53.2124390183272
37943,42.5609903317961
75177,37.08832245433809
39851,25.18385834013983
88591,42.15583641437168
41084,59.16883313809848
68280,55.646966744042594
74707,21.97272743401634
70236,45.44147633897247
73305,42.23366855764437
7289,30.019612590319753
40297,35.24047363890316
65125,53.45931738363344
79848,65.33001539481417
69368,67.98697746801828
80550,60.92900372458005
48638,41.791156447511995
59345,49.394201353684664
14931,59.69074909704463
19545,47.506880991990265
89391,60.994920577998215
33415,43.57785517180475
48094,34.8242842692311
86322,67.56287208850085
45521,65.76310393353178
16337,42.56444961861482
85089,71.28119122471742
92886,39.89856941622034
53809,67.99809893091327
50705,38.94083564570118
27823,69.25088354205687
84807,27.691471171461032
15808,69.70044477960293
62096,47.71360714425834
27684,44.18757453582367
51420,52.93158152276907
26317,44.44906595399213
48920,68.54925588317944
57056,24.1690564807341
55502,43.0138147172016
89376,54.800767055013104
1867,43.89704942749242
51462,25.083773970737134
89600,41.319138089562244
70597,56.629965740230446
62707,60.48423877413581
51429,68.3728238152214
92113,60.80421871707826
96351,42.98098544589136
52563,52.960788729517354
3688,54.695335353548906
91458,58.366857491971935
43466,56.48335376444927
25994,69.15359021360891
66977,59.13045331125145
22863,61.11131386589311
69113,54.833063491561845
13750,30.72630219340033
4907,30.696941767316567
46771,48.350275260130985
88169,56.57441635318385
67,59.075843348971304
82265,31.18515625769553
95947,56.733308349336305
100885,25.67778060529122
42461,42.705603460218846
91638,47.782471233641424
85557,40.57645650205991
30844,46.084794502778735
97418,62.62077237556458
76907,64.78148527112423
4463,44.28650639770872
37123,54.51345131525804
82301,49.297258991242536
31430,56.233316846824415
91775,57.47516575743281
87020,32.91460664271393
25179,62.48023156085408
102153,22.616600948153053
33980,59.92949956302885
56308,54.43239319055484
34342,66.45991593868524
25786,42.9134952676398
82455,58.192109520925506
29124,57.631804380871955
74058,67.23656615152227
81526,57.76363994421724
24337,62.48705517030517
12461,51.772156924397684
45061,43.94261465782824
83084,57.390360538746116
35723,64.88745381435963
19206,43.42671587202524
3576,40.61390905493414
24675,68.02744655092337
95748,59.704167166921565
37637,19.684949914608634
92138,29.430886481762467
56306,64.76502881750118
62394,54.87023297022574
39635,44.70215844074938
81280,67.89099017155255
47024,60.32424194392452
56992,33.830028541884786
97334,58.20291513326892
35453,51.81366770853288
56887,35.16013284116626
63578,59.13591821068718
81623,64.4290638743055
73888,46.66422465593604
25653,32.033851556707326
2436,64.17135567619523
22356,44.71134175479512
46490,27.645588080494758
82511,35.25083477324474
85506,69.29201356436472
47282,58.462957375735826
86383,53.557870330445404
37653,51.98596735358958
79645,56.468690200651324
43844,47.62498424322115
98537,33.47875109101201
57205,44.33099487965946
84038,42.081319491384214
19046,45.677071572626375
41950,58.29248944497694
46725,34.91960516640674
38837,36.22274731408236
100604,61.902040631324205
60166,68.30100489182013
10797,43.96749294076653
38,28.71554714175047
25675,32.94451841862035
35822,44.711274800678645
13661,68.4678145145138
20798,44.71896127730692
13113,40.66855280805636
38330,42.18499725182944
37840,49.67844311528616
71921,45.407875620434396
101579,61.0248163453502
1906,56.59306595357923
74431,27.39062458811944
102020,25.83468667408963
72017,41.77821831299544
50009,64.85832750535178
79478,57.65605578485024
35791,46.61956540861703
96279,45.71355313296067
90856,69.48453721397854
37240,39.401346489674076
63457,52.740136011209316
97623,43.69255679995578
40170,49.12202775071007
100092,56.10273468221319
33311,39.9825798673268
3268,53.84036531390051
77332,46.83725713422865
66440,36.806587265564126
62913,69.3107217554522
39172,80.37605742444967
65622,59.1158666367631
7426,44.671693898910924
86523,42.36684740763214
98107,55.70269262752228
61445,48.958803998907634
99042,62.30106112742091
43266,44.413130702429235
50269,60.959533540277945
88346,55.64964799661921
55609,68.57868956455101
24331,75.21173159874073
57220,56.923251913758676
59526,62.09237361569568
43712,64.70015354594177
100379,69.70044477960293
10808,35.68147439939185
56602,40.2891463588666
47057,66.36907178509311
50430,44.488203091293286
16507,58.189496546156654
73761,23.415778937818423
90984,73.53714656021691
69301,56.68340984228425
20007,35.99484064953556
26904,53.78096770611737
17615,52.35784509532742
69754,45.0374512356164
15659,61.67569644734982
22019,53.559331288853485
41173,58.45649028119492
61242,69.237376788771
6345,44.98699287480806
14829,59.8385208483767
77441,62.10344585845247
35364,60.14407059378118
11390,48.240717004686466
69549,42.86932736132252
62874,57.95693724205328
89956,42.27894834902136
79336,67.97426123198728
56093,52.509865132784526
54905,62.27818602180468
52009,65.15264368341252
64204,59.25172340383464
4744,46.57234071103137
51759,64.3109631669615
23301,55.29658778105442
88488,61.40417193252292
88675,31.1362577490723
35962,71.7412680478201
43211,33.88672578367108
98900,66.44969088516538
67013,37.86912427530126
85417,62.23282553223294
64579,53.46461680921077
52720,43.481264214119356
58366,59.11224016218737
27896,53.06487310910891
12828,41.712678430265626
51698,63.89404140591998
55258,54.74122993227829
102122,49.88898062800109
40530,26.28801835172388
37598,64.43531675173479
70188,59.089306500328384
43258,59.368165794237875
53069,40.11407159601665
71250,53.70218091099857
69215,43.541002507769036
99576,58.959347568369
24118,41.9211962135977
59764,59.79878373989567
86541,41.9491922183378
38003,33.557946989640236
78087,38.942382815626765
26663,39.79727537627425
77892,38.22267432069933
59962,42.616045898786226
66516,60.095382168718096
32086,67.8400720771246
59273,43.84912116517262
81404,41.884009366667726
68946,51.36138591377524
77492,39.37645161348033
71492,53.33652811465566
67294,41.99805616677641
81559,58.63105332901886
21524,63.836334685441535
71713,60.460280285981334
86290,67.89276928087054
85162,37.866071049565036
83056,63.470733184710305
87080,60.53325428405705
65981,25.136895222976293
80786,33.147550964647905
81341,51.960058900305214
9245,68.65785212698619
11367,72.83802941359397
102213,39.82830031098616
74807,36.05495300952671
71030,57.731145630470756
80791,59.193307847405364
49316,72.55723906194648
49979,39.34147362712545
86228,70.02922248196269
12733,60.57600104091989
64730,59.49489614449084
19132,46.26049826096075
70083,36.13886846381444
34335,58.9149386432892
62512,50.176094638854664
6026,40.79917544243777
43996,69.49315913157486
64909,45.9659208318543
7750,45.12658533748037
64379,44.27120815494333
11240,53.225523908898964
79261,64.62358961067515
70243,42.81243169809155
85337,65.43335367240249
70867,65.78998794806266
39691,67.87610848690925
28426,30.949829852421296
71917,37.009869231329645
46885,61.956580825254306
59709,37.58573987048376
83924,59.283883402073144
60618,55.052448581092456
98191,52.003563426298285
61562,64.5829606914431
68444,57.16318440315347
28277,58.88384283405029
19500,59.63550067642328
42261,31.656757942202184
2111,42.330208459448215
56237,39.96132294701661
96545,64.3109631669615
102128,69.32856949052983
45801,35.06311018377392
68594,28.866748193816896
62141,51.08255623624181
10246,50.48792958208337
46957,52.7772066254101
21258,61.383396495687656
48392,66.00753061729775
69356,51.961712661837446
52215,49.36151509568711
3143,61.96852765446576
65219,67.0412877022429
26828,56.08335187844052
16702,61.568622941532375
3340,53.0624042598228
19387,63.288754008193884
97065,45.16513862659835
32052,56.326954576447314
21655,37.06983634189964
82575,52.68296944009269
40335,55.892641100639686
39007,67.76745545966237
50787,45.19224417589072
42760,47.010608557447874
16419,58.4138312524404
34708,49.93694754795134
101614,63.27691875312402
90491,46.87480247436483
24670,33.61038743932142
63452,54.482669140696046
2029,59.17963904197548
1937,52.221984762162386
50552,46.95587610419725
64606,62.52139694487013
23058,42.54397994653371
62675,37.20213940574811
60163,60.77477965193413
857,29.396564275525158
59549,36.74953212015317
1787,54.76377867402827
56952,56.43890423066545
66639,52.710233482835875
50175,38.08008221975621
54910,48.80648026965478
79784,46.759491638441396
85272,65.95371831850012
39726,64.84349440072793
77260,54.123277820729236
36733,71.37084471884438
7564,64.33912887957473
85090,58.99543657998499
48742,53.69349077298144
74246,58.96459569004771
37362,66.90252941763947
24282,42.052603318300065
25109,45.87279483905163
101717,35.983188374317855
15551,60.02692506314337
74444,59.4181932263601
14566,18.79339014615879
52307,46.11982383765253
2956,60.59668011825319
32343,36.14984420243369
6621,63.50539999466683
51705,55.173669065225404
2288,58.15835037839373
9856,41.67910872215245
18299,64.66439181900529
97023,40.55526940167602
96887,40.54173874441847
76791,59.548892639654625
37683,46.89349717159625
49345,67.73263168915337
83830,69.11847453062573
72208,56.143427760489246
99644,30.382122725234694
51588,58.526033760545424
61328,58.91420265467709
85832,27.653976834395095
50351,52.97544862372342
37787,64.30470880736758
10989,29.96674448519363
88550,60.20160831179004
41353,57.43363349054377
83133,67.01679356195059
83515,65.1146817174953
77276,43.82177854558873
97580,22.714072322751534
32972,69.00864124364017
50759,58.15858224957657
12009,56.3701579152277
42354,56.70248041892467
50824,41.926785106463036
74393,40.98156537129016
28010,45.99236166099185
98444,55.73886257909431
91172,62.59024988905608
32576,53.016659564260806
59805,59.55278802589428
13641,48.81414486130074
7309,34.780645984425036
57104,59.58304624113364
77464,30.358941229641488
75185,40.876298878492115
100609,66.13921394053759
19189,37.81880111124966
53970,31.479995705149626
77386,43.39255680993455
31474,32.15976176447038
20342,56.993520019354165
95245,40.85344182120996
88429,61.83054922499953
91714,45.020878845711465
76718,64.59243454767032
24096,61.728759055954036
3159,67.77764913980818
14711,55.94478988406035
77212,67.46176563460149
16023,50.721019139190155
98294,68.4186719577046
29470,50.05943198869727
70693,28.240897300006463
26238,52.96315776016277
17372,58.062196042193634
17364,48.04344513145708
1250,52.44879873487077
53229,66.90656290260678
46770,26.272019979242167
75225,63.20484126140691
87426,41.882237619689775
87107,40.51210185486821
56399,57.30998815915933
43403,51.72972107214456
47359,54.82314271902928
39978,31.876735261145708
9234,67.87235297203459
58094,57.97843614393283
18024,24.107225930942626
65023,67.5065198666562
39981,40.48426070600405
23834,64.995352754683
61901,39.926480815593116
22150,62.885297199177465
31831,67.5134225390229
26421,39.1071657993234
11074,62.282644964068815
21124,64.44961002876632
64964,59.91511244063798
52670,44.3483024061348
36566,64.07437662060532
51590,55.55193656399573
88765,63.31341166127328
68553,34.39447255106105
83716,43.4267422733162
38834,64.26532149992059
32758,64.84293980277525
15925,45.6222531646926
13866,70.44612539056641
51704,55.281678802587436
67213,62.38534423698661
10852,55.52161122214749
72139,60.47517987927753
33804,67.41980883307788
63051,69.06554280454047
25506,43.96512214469649
85212,20.150461549503355
44087,61.021520704589236
50522,65.41489664533607
764,63.87851845614626
45720,69.42417803268728
55276,49.47595478215521
93996,64.57517071656646
51806,66.62506150570984
59492,51.54618933986003
67523,48.01145710399188
94896,69.30442760644722
96175,28.591744979533257
55170,59.229385876223944
10762,23.179709706797574
16948,30.50974951414724
19078,57.442479730652614
30938,32.11472849439246
2888,53.767954280328084
30630,54.95526060632279
16603,66.91934683709671
13757,60.242313895447
88096,68.95972508214165
14620,62.98376819761078
35559,44.828266470911764
68479,33.32068593760668
8679,55.58385574564716
2839,45.27187243312311
39814,59.51379647977942
36610,53.98892960570795
10253,60.47783291762036
99283,47.775611008574316
95835,58.62550891377914
89798,36.5635048950575
61740,51.03781530504755
79987,62.91469912446789
90852,34.700022576915245
19738,42.18459658712988
23284,64.84925153613413
49692,57.89140003881876
102553,61.59898658713126
41444,57.125993161683965
49848,45.729017204743805
99724,53.08680960451573
62454,64.26229457022404
94399,60.9039417317832
62041,43.426140307713446
102669,69.55530204652297
64528,44.13693180368446
62068,47.681973748802804
58553,59.38888957874233
19643,53.062244885617616
95232,67.14033375937838
59841,37.94195826781062
25896,52.900070082472105
52202,67.39554054171438
77671,45.289082978038216
9426,39.10569808241528
96827,46.943935208817756
80647,64.17578684714664
6755,60.49240296266038
95338,49.30097805359444
13386,43.52058016534767
89553,58.34201404755282
89262,61.720573311049876
100717,57.407294327789096
92790,68.57868956455101
81338,62.985904983631336
56596,68.98709084591276
24307,61.58030405706041
63652,70.47375047933804
18730,35.654723378011774
95385,54.31075404211644
24728,40.54075539923335
10156,66.85805822103292
66703,48.29539679979172
48098,60.26338674254596
90860,60.26355616334153
79719,73.66578636698519
85600,20.41729475033982
60053,56.98717096372537
60271,44.171743316358544
58607,24.27478325654611
69936,46.64932911304978
17325,48.84280985792582
54693,46.911998572236556
84382,54.35150457477508
51243,55.495047794080286
9286,44.4405421250153
5908,62.56518503431167
6454,44.755964101204796
11797,68.05324988079701
86840,62.311912123029515
88722,58.530958550123394
18984,50.053655034420764
21680,43.475602985680744
27260,54.270066395989055
28037,60.032928688566756
5072,50.220964545079966
29807,68.64735558917525
5972,50.85222844159696
2226,68.62692843791551
53640,28.24057181738023
72278,59.5070266618105
11322,65.95265893168262
42468,58.68169730027373
69983,60.96688617212683
35836,48.19398004807096
79143,54.45799272854056
51019,40.72251032246498
64252,54.414699663109516
34591,65.33931696791403
82751,46.1625841720836
12907,60.22351860951435
57217,48.979398835566215
63755,63.85846517685577
35699,36.962654568867976
100834,22.202939804600884
48204,52.314333928914365
4373,41.45923608279959
58207,38.39446086241745
45940,47.26253182351823
86539,66.91160641757932
6645,62.849677325662476
92276,52.60438372490126
58302,90.61051564199457
57302,36.35985619016143
97815,68.57868956455101
100319,55.12144029215632
60210,56.59238157258855
13426,34.24832847257401
5240,59.87452288240223
31999,63.587765479643465
57980,43.27140611274377
61350,43.15234521428156
87509,61.189367075408825
34740,72.92743768346186
92067,55.27579885158496
37102,56.96414730902616
26438,42.6245756810425
61262,56.97495986409699
6244,27.09266986007255
54839,48.386104011866266
39390,60.92713119100855
13539,66.16324411952245
26257,58.99714754492156
28687,55.2598544905786
96762,59.06645849393258
35415,63.0085371030255
46075,60.343895713739
63425,53.861163583809066
52706,49.26774581868599
13373,41.661104096453975
33021,40.92757189008914
92873,62.00573882856256
98474,68.46806432042537
36330,61.226378432211334
53111,51.76443336772276
54805,35.92659384718294
87003,46.802370026882365
74427,54.04292619945655
36087,59.30681817794129
59316,41.08031942778488
7800,37.96454313505405
39769,59.47964488218738
723,59.186048884669425
64728,61.88044845752571
87436,61.74123945139392
31222,42.61668952800596
81359,60.257897194328535
42656,22.50865308537129
61839,67.01448414805498
27749,50.73495001548563
44474,13.775281159590763
44916,63.245638650342265
29744,54.27531645170092
66597,58.120906830791554
60065,58.87971185618751
49340,48.70568424164182
86802,59.58949521083905
44949,37.42536657118612
4827,57.68353519779908
95400,45.119879496169304
27233,52.901724373385065
101880,16.63188075487976
56390,54.65472922037744
55313,43.023080158686106
37648,59.07873962798038
43898,40.11584900439762
70180,66.61059302078627
92115,55.850111002284414
92557,59.17062692491621
64643,65.56425238465275
41499,66.11016032345155
50838,59.90557608313506
58975,59.99974235985988
27224,60.44296902731269
34596,23.889497687186484
93230,59.87092890086618
87362,38.53530338882712
61522,42.33997473625677
12382,68.4043124770544
54994,57.189890707439005
63343,38.810664037102526
7710,55.36145608453229
83487,58.77221565334587
85118,48.03381074096208
46405,60.731470980313524
57276,61.20522534252979
58474,57.76801391720129
80475,43.86791566981063
34509,42.84080393057083
45379,57.46600893660018
28345,33.179794114391214
39003,40.86253961482472
15573,68.3793303189346
37063,48.327772164046685
99813,26.886281110077462
55484,60.12750471218283
74111,68.7454134948315
73849,35.92024266756407
1820,55.76141562640445
19079,59.69785405752802
89024,70.51446019696684
57111,70.04232275314776
77552,52.25857377029859
38508,41.37583011106351
67223,36.81334606527904
77285,60.12934662365453
73381,59.887457374581544
36210,61.12745408870359
99776,57.762273763542616
13413,38.94055504710033
5583,58.46264641185908
42540,59.1548342697969
85204,40.57827461254617
51015,67.99809893091327
85770,53.116735487778854
50455,56.89705905135185
102127,65.27186987457895
64407,67.7877741694571
56092,63.37721496771653
37848,61.16751849685508
56789,61.459281143469816
35689,34.632027359547976
74825,61.03730366853484
87074,27.840931854035077
7209,60.24403026316517
39640,60.647825031586855
2697,62.6872986030842
44912,29.523917847752887
52701,72.37092960463502
388,17.284820439046563
42462,45.03837119897324
66508,58.739342577802425
94266,69.2443043571122
47748,63.01006884481274
60095,45.656961527454925
65304,44.066133695706995
70912,61.28099214584625
16457,57.49442709000481
19736,30.082718718737183
35205,39.20031816976278
15473,66.95445921494041
33561,57.80540994398532
11946,62.71039417882022
94777,26.630448340399003
92419,44.654081742068804
14902,69.51594536892864
11903,59.77661125908251
11295,68.57868956455101
64194,29.731911690471563
3496,66.16606635427102
43302,54.28481580735977
22465,53.920885506488546
32448,70.80932129965811
85851,13.298986819820238
87123,64.91063765296248
63620,44.52123052735547
80423,51.86710435975855
93664,53.567956533781455
16362,56.70829082696156
86039,45.29129560695915
54489,59.570941662220754
66200,53.30537727451986
73040,68.01395039182204
56428,58.619645112850314
47098,35.91569520060448
86079,52.25182222443372
38863,43.873020104884326
13657,31.830973236202215
49778,45.066724394297154
53228,60.08160493466669
1476,69.88036235093384
597,60.42896475168399
38931,50.347943320277935
61260,69.13587185726651
95299,31.68507403841526
54545,69.78366915924039
28312,57.84571752201499
9851,37.40754006268582
47857,27.774488832822854
14742,66.26088959248499
30762,67.572883515656
39645,61.684241246046916
16366,28.633522094821682
58329,58.0563260366732
5362,51.48864511413556
28680,41.99881478101287
9147,49.82995915771326
58906,37.71878976129078
668,16.514664217063864
53772,63.92453573645539
6548,41.195695737497225
78306,59.73666342223116
70054,40.05253461545058
36756,40.92587742369161
90731,54.630713466814605
102152,34.59168035181324
73426,57.64088618691562
23266,64.12316102792623
33659,50.46833754350234
102556,65.80270173084888
82514,49.84029431867239
50573,55.45422511829607
14163,32.09323480039287
49598,53.38474779677474
16701,57.79948908211114
38315,60.31773673525237
33174,58.518393332461365
42779,59.552003821002835
94603,67.72183067456831
86634,34.311819727285794
43269,60.26689166182457
24813,30.907440023935106
37501,60.12351635342388
60445,22.11029832722007
7885,68.621406000078
270,67.52360255501428
60228,67.04972461442716
56754,59.474070657235146
30616,59.04278848732123
3074,41.04520582194298
12213,60.09949198387736
25329,60.7344472072139
89932,55.93243829484378
56358,54.51255031731567
59658,65.89640322648357
72633,61.54554946405178
66610,27.342192570512
50230,65.14072765764277
94061,83.86771385016716
37267,37.05297070311813
8378,35.37303808943337
14962,48.25538097481119
8279,62.93235388514374
6661,42.16413174598169
9493,56.48521610901989
86162,69.9879135991068
80416,27.729456710022657
101175,34.689614585805565
55374,59.0829263156439
90352,55.25484705871865
62029,68.06809096012428
90337,65.63685942036463
46303,59.49587818415123
88052,59.717306345364534
6802,59.081800023657195
41708,30.536455143153326
91108,41.79206489428584
5459,67.62032269128203
29420,49.84644094909261
67025,59.425169826538074
13692,42.69544358527659
4265,58.709260971395494
90490,57.72422360645702
87241,59.86164413732856
3368,55.125148824772644
21118,66.82060801116363
16678,26.777380072526288
20707,38.47070280672356
58963,68.25927653542183
101516,68.03191050011564
4182,60.95653204662321
101222,55.80783512402524
65250,53.80115810279573
14435,42.23179148656539
42941,41.92792941180732
62107,52.68198857974907
42135,66.45183900530438
7582,45.18725303302682
41042,71.1907576995446
5984,59.34086197900888
50772,59.82918127517239
66136,56.308279268637506
14724,59.42536242902319
13176,51.93928428872246
4437,62.44297822884272
18350,32.01538950954365
19210,40.415027876413326
24163,55.75474242776343
60856,42.39136514842389
14303,70.51283329148755
100551,31.294033818394695
55603,67.7493205874559
35334,51.01533555856434
77335,58.20291513326892
69111,65.51479736867493
24068,62.84102417270436
82322,54.92252065480218
31970,29.97505842041304
67710,55.01943598755468
52814,58.066901446533365
46573,59.45035630695911
38167,61.12749291744862
94121,61.10110139894362
43541,44.761843032886574
67305,35.053018630893504
23578,56.11223305011747
45605,37.91771189179109
16138,57.94645885988668
16189,57.08741192586149
10525,65.0363139337183
101139,41.33673062176832
53862,51.13732023590771
8760,46.15047209191981
46026,67.48850586054327
28210,26.14396057956894
65805,43.46379374236943
55157,41.650121766739865
73570,59.83328758471352
58761,59.161448691363354
22713,54.637475060192564
43752,68.25380158050811
53979,48.20978365939569
32193,36.440169328550326
29824,26.103897803046394
54110,69.24747971788722
31672,55.64907849089164
95437,97.99425925925927
59373,66.71630282638701
71024,43.608478013294025
85579,67.23801772836504
7143,27.523058661919634
24979,46.11525979438635
27130,53.5988747510566
45322,36.53549507264486
4546,65.18554252952215
85647,37.953312430724694
61531,62.66684215747581
74639,48.6661730146104
12997,42.920667885377085
45375,45.57661602906404
94472,59.38513220849801
27052,63.960121634699
74949,52.774700330705194
85810,58.39102659002086
12569,58.17925952797204
56562,57.648250102081995
87672,43.54687651081054
85775,59.89495673759171
93546,44.61583398169282
1513,35.41808003337276
91478,60.86158104528824
92996,35.0217299901476
89444,60.946600458094274
46741,59.494534007355675
41002,43.97637990602029
53674,32.9092509986863
52306,25.47381509233378
69320,48.18867148185257
89099,54.457986680282445
58508,63.496499690341054
99556,42.583329752999234
67369,32.670326544095154
81392,44.67070196732086
3220,62.23078466026025
36414,41.46953423819825
47946,47.88286979729117
27619,68.6613164997607
20010,36.64075881610967
42829,60.89113263352933
46968,63.6033769781633
41145,52.675751755009685
18722,26.94992484901097
22135,64.35510529408461
6694,14.888031940146796
9205,48.301389636945096
74164,41.31029895208381
25284,52.98657845648365
42412,69.64356662670268
13015,60.49287294963349
52840,67.54478505922708
67011,46.884690452499925
77832,72.01648171798038
65866,56.288143008561235
70024,64.35183797058872
43524,56.28608752394956
10323,68.00826715332549
99869,60.56703013071598
84874,46.5848315220706
101228,55.40151956491682
87554,50.80630205259033
34866,53.699126338738026
54851,70.44612539056641
101225,29.07446271281024
67089,68.59854180289459
78192,48.566677822626914
4275,40.12530821166379
47323,68.95410835025116
29353,42.639083588638584
71349,61.5090566397553
31813,60.281422999297966
80963,41.86718578139296
50232,66.96250263438169
62408,47.95225962196047
10876,25.535114687180936
74115,40.556989994471195
6676,59.51810950983831
25303,57.78319803724941
6231,35.117056271045605
6398,49.00548419084941
10424,69.10962854719611
51715,36.998555651447134
66925,62.36346523708601
34935,34.33408952312676
29,61.587086579272324
60094,54.99750631490005
2355,48.54965575874552
8246,62.413283534839884
88243,46.84169976711288
6266,32.86918307308615
79323,59.826699567113934
26623,50.481713498047995
18407,53.119735158377
85183,69.59028473392576
91994,42.739800713611615
80651,50.54526977370399
87751,46.37442710982803
73971,61.32725169672069
92571,53.97534487575176
44095,51.6956266556635
977,25.226192012944786
15716,65.8049331956145
48088,47.28997422606318
62561,47.071371909946635
15196,67.27683024709125
15245,60.39944686265586
47802,26.19165230387456
8280,47.07692374888441
100195,42.30751515730588
26388,49.289369386346706
76281,49.52854329742103
30610,23.43879535275712
7475,44.430981362844875
6827,43.36366599090811
32291,61.802690860436535
52696,66.17111116441669
30917,46.362425836677886
59013,42.49585865022025
90346,65.10473195347356
85275,39.32919950290972
23294,53.522027938104635
34300,51.810036843264385
92108,61.12705048369515
53442,56.18106663672246
68866,80.14582413073677
67054,26.12177348275191
80249,60.25213095768247
71757,55.75571071177278
99982,62.984644950576204
67395,45.78379573146955
69414,29.181620572834493
97286,48.610365397050124
60432,58.78386719964173
67162,56.32765446261923
31953,39.280453003823894
34549,63.312473556824536
74352,44.9775211157206
86537,47.4655203350751
26302,56.54012133844773
28141,53.04295863342469
73921,31.083867347886734
83459,68.8774062923465
63482,25.82990481277279
21805,28.786291931322932
54789,39.228821177856
53613,41.50501393392904
92650,68.68006604376419
48313,71.38182297971395
1483,47.797191932313254
91744,28.537544654223012
99687,44.77257108750125
22481,50.53550340392101
41271,60.39046787523434
57685,57.82284538927493
67538,46.4612076710324
52951,62.26818785869926
11537,62.37558231764745
22317,43.09535756378137
21310,39.040813142332595
22499,40.20398008538733
4678,52.23605106107013
102496,62.48705517030517
56160,59.89642142297021
92624,56.001787406769274
57314,65.21899018440443
65293,49.916665583758196
58545,45.351651684993215
70834,34.195416442854196
44366,56.11458413627441
70164,39.387630865115646
60819,46.76626879817152
49620,60.616468456150606
92696,57.024726084580664
58343,68.87093287555064
1267,35.399142904985474
31946,68.2929346401347
13881,58.77549344343166
39914,37.78404788487903
11626,49.632881280330906
58928,58.23745186470732
10739,61.72478571762918
81053,50.45587235470979
71886,71.16348879577856
61425,53.83618450258186
85222,37.41089538918433
59703,39.207989918043666
55729,64.14449049511246
37128,54.35934165419151
42143,63.007364401658975
63166,60.46008375234115
82082,37.80278085724872
85569,43.84439938232883
11447,60.74486128304722
12158,44.30403596255756
83458,74.01677752402638
20356,39.27048971451639
48825,46.66879808573572
84300,50.819411090928455
43969,56.39479241188487
62475,50.98333363884818
31919,59.368165794237875
11569,66.701846020639
12076,66.11016032345155
55507,59.60353964122048
38196,42.07741551841136
62575,30.365556343575694
87512,46.76570462641104
55237,64.35879548604639
46210,15.17975041544169
63194,64.27029578106068
10871,40.00404372442448
72003,61.3640352604105
51387,62.44649515826629
59188,35.732975619048496
12083,68.76625855700678
73701,51.670915821986625
45052,66.84912469246005
48729,25.899395334948103
43330,58.420890314838005
58273,44.515211637862194
86387,60.68500399011375
75576,64.38384431953833
52749,58.25837449948547
10186,81.85133464735196
25154,55.75216724945992
102166,65.6858165294659
66554,46.95120081657609
83297,55.529767966256586
10746,68.75952618627196
1748,68.24205726671411
54501,41.609462725639474
53043,51.46965862959234
43984,59.91038160453945
37534,53.0500443141492
21174,43.1759335300591
40261,52.81427379909901
80669,74.00559907087371
5538,59.910074377532844
72904,56.76564343186266
431,61.283964804355584
47689,59.112534527020905
93927,33.04430713478172
21348,62.535745082206816
78015,58.595267156485846
64520,54.04158523450182
33796,79.54177116072
40048,57.65494397396119
24168,45.35943933451005
34728,41.35721902346481
36221,46.11955069169875
35598,34.57883073485777
45215,66.90252941763947
56322,57.370913712555804
31679,41.89483789888982
81921,71.21287284784786
913,49.22955690523999
8681,13.24432283783181
68810,66.95913253450726
77786,61.369724511565295
86002,59.08167871858407
77876,41.90013288277575
22002,42.24835410135444
59465,26.441131444222233
32618,40.61560106066398
93916,51.40339068950374
28810,67.71520090765536
51283,17.193351627368408
44153,56.429672829868196
28059,66.20782529684797
15482,31.07070676848737
70642,46.48925013546891
16793,44.10069591769272
88175,31.072615663228685
20190,57.43807487142804
15590,66.92326867434288
88786,44.70576614054247
8715,41.373851632803806
37992,63.32723499154504
11859,62.0077245197528
62245,58.0774069730559
83616,50.2983699797865
12161,58.393668082752185
63290,57.88278858460372
79827,43.44063713699304
45246,46.85793309596056
90826,64.85556114957964
3359,37.0971646055007
31402,55.34314603966659
81660,58.77552937991143
33891,68.58044200220218
66009,27.19387978742013
100521,58.562856474474046
65686,55.66529111031555
84447,50.43664337437375
61294,60.00664319802408
60173,31.296417394051446
73448,66.54001760511969
48752,55.214726937297556
31339,55.57679893038186
33618,46.2724950955321
72734,51.437120904566406
77431,35.060848039267455
48310,59.65296430724775
18731,55.78135048801293
37914,25.64931909788344
7372,68.98709084591276
46495,16.95097652593301
3053,25.854997243749136
77161,42.5817645429003
55268,52.309059447156955
68064,64.61189031553948
101649,60.042882755761646
15017,55.92148726012738
1063,52.93264216883829
66020,59.872629097691764
23818,42.30968544468776
73077,48.97408406666843
56551,42.65675160052569
97666,68.44216679120719
41492,60.79452610843606
20069,62.44124291458439
4558,57.96497228995047
65873,46.065575455414894
85324,64.15762920530436
22092,57.481745682327045
63272,45.4820511093179
18076,50.46131589107716
51366,57.39936996446809
75659,35.13933038812868
86699,37.10023922303691
84096,69.00255826934998
41374,56.68578395911696
81432,65.36499831404839
153,58.39071849912881
4618,49.8745762762255
57707,64.2680450240627
47997,23.966634941699812
564,62.634195082942846
64816,28.38383440042402
34281,31.387176580831856
5139,35.79377401463476
49262,60.26692251201005
43494,22.313646844750124
56946,69.03269042675711
45912,41.83347458526624
38462,56.963406638991216
24627,44.87534674284692
15738,53.84195355482854
37669,54.389727568118154
59616,62.44124291458439
82388,68.08720593291763
4619,30.834754384144645
20477,58.854505407141325
72268,53.44553633644642
31135,58.60078162421008
22263,54.69714775523273
12760,58.2183620822653
18957,51.45496525438167
49319,49.05433684549468
17250,36.44274278701782
55009,38.75067983840917
75789,54.28289300998947
28298,35.69307322750075
101399,57.03193588959184
25901,43.63548026874056
76145,51.1871775515692
38164,30.46904766752016
47685,60.23120390396333
5005,62.466071870075275
28894,67.6684899262275
37494,68.59474633766493
62537,59.89630350400367
64272,28.419553438620877
76312,37.70581327352318
63992,30.840925992803125
48213,55.3402040078676
94594,57.33617351021301
99089,66.94801910300309
13179,42.67695459612325
89943,69.75314995373168
47850,61.190210644676355
93129,68.9366114606388
84691,32.387054149120694
58400,58.628831916306126
5685,41.792127935078454
26432,31.174366274005248
37593,61.460259841122316
12345,60.16232568920568
77249,46.00495256820126
82094,64.54093579015282
44190,56.70159875479768
47084,54.481307911047516
4250,55.41165127208638
17576,60.55898224821213
18009,51.52442880572769
3870,46.812468546741286
101086,66.20086588429986
3450,57.575313575514755
95237,36.704091174683796
89646,29.058195228757086
16325,23.133074403137304
98059,47.445930263508636
31616,70.8995014744736
82565,57.34557693162228
1385,65.86699817120534
17127,60.78237348973977
45542,32.229862265241394
42481,60.77863668082943
101296,60.93054746738068
26400,37.81205710059743
12317,60.014007961142404
59669,50.24992797935391
83265,54.87979848130353
67556,46.66486935799055
100292,32.76428855073255
81202,61.00505545254929
98308,42.88362588031444
9995,62.83285394635238
56452,43.357609376000575
101563,48.30622314516833
9846,23.613567254573002
67244,53.214177639137624
53873,60.13835105077165
66408,71.97505776314149
24500,60.12744007751284
30125,42.180380520843116
21312,40.35827709960739
37807,59.10844600621947
29071,62.348038512978555
23518,60.69151146934021
33336,48.41863861853624
11862,42.031003702295756
42430,66.57311049880255
54117,60.163225878209374
26517,60.20105712167269
24761,65.10594625243003
55172,53.45073026557251
81353,47.760691172893196
19789,30.200293368524918
31594,49.01420167604471
63584,50.749487010880756
27008,69.3084856372609
63554,24.083136238888198
23928,57.40131637919437
93774,42.83544677569594
88625,60.64829917352489
47715,61.12457185593945
65324,56.43241726507645
79939,54.6950250271113
69472,29.235171815636612
13072,57.49087802994853
36721,41.57075827606823
96434,61.52008422510597
99342,43.57030320059854
69367,45.87714469436122
16016,40.04905386224351
3210,61.308110154591915
91826,41.86110104799448
34716,58.97787426480012
3708,59.97877731638875
23804,68.8563212752282
24297,61.317589123086584
6700,43.755801818103556
84149,60.0580436363507
86839,35.43820340156557
7782,60.38030880768716
4465,42.776093830756125
85314,50.935898653701145
81709,55.82848086154078
23320,59.02378046878682
43212,60.48034017064265
71328,61.17110810616507
31530,68.1278751962796
57856,50.551343490705115
68424,53.36386711758947
18317,38.145952874482084
70477,64.58403561420201
49136,45.3314159750682
44797,67.62216235154706
90270,72.62107141378037
53910,42.888856384565614
38866,50.046098888881815
73355,36.34308495158698
81049,48.59158589129302
72692,48.16765742763346
11157,54.74305474312779
87731,41.27181900136911
82347,40.330479913116
88337,68.78245370561373
65885,47.871971645717906
63146,60.3737808843388
88546,59.45971725811225
26975,48.289409369966016
97061,30.591418215467105
42673,37.57053929740753
303,61.83318401175439
33309,54.730657113916266
73324,57.76741715716932
55675,57.965132362422516
49905,57.84758711020175
37565,43.426709642068225
72443,61.55172717105293
45685,64.70940141515446
45044,59.39729951595936
49165,22.234794949637948
40556,37.31957338937181
23918,52.61987780393528
28275,47.889909753155436
53974,31.825422489597813
41265,59.348591667959525
65189,52.63033398460708
24720,61.952915300182006
6336,55.196537401818
76886,58.04112277308482
11451,61.224789194101994
84748,40.713646841440685
6678,39.16722010489392
3440,68.87891716222423
88054,57.846660732064976
83237,62.297325872667614
74891,40.69868116476512
19667,32.71764297880904
51286,69.5531803358138
38590,41.307539239403305
3558,61.31175744768344
78474,61.03767657422152
70619,41.13061272827345
96647,40.55584341217414
40409,70.07117164300762
78702,47.451301482293594
70570,17.1315895166115
82177,67.60697140576413
55439,54.711022247391384
75084,52.26513979935158
99954,70.24229754087888
93853,57.07088192790126
32142,40.57657465493574
44868,66.00753061729775
4740,56.53021316257332
1667,69.10844195189955
13371,60.4019507298427
51063,58.23745186470732
15274,68.47608463040123
39378,48.39284522072342
28241,67.7493205874559
54369,40.14520311370276
13870,61.68194898654279
34635,45.72255470439387
237,53.42271955699423
93390,33.3821946960394
9371,58.88529757502523
24683,61.109700817234256
86775,57.86285618389691
70882,67.66071459345848
17894,57.66591187395062
35787,27.708887859924886
84509,69.37088417146964
7892,28.938688777024954
46557,34.051284179619245
8066,60.3737808843388
49183,56.140201086695505
72373,31.173281440761475
2631,46.62643113476605
85596,68.75993125454649
86291,62.07713600292949
53079,55.613330830021425
16360,71.10057338556207
27953,23.082636019091847
62363,55.21697060132512
13793,68.16189802352092
45566,44.913561785317576
47805,58.98004220057074
43736,42.552898101832234
15712,25.0217611699399
12857,57.646574402644795
100712,55.78402141842945
44429,67.78016438796114
9301,57.40910212767405
86662,62.97158833218808
47004,47.59576759058489
17430,58.35880568881554
96465,56.24310870541255
97912,53.97085308751079
1661,63.19157790243026
101735,43.1596977871349
85616,61.33691407216305
56496,48.60914972253807
68826,36.20808123467515
80025,35.1815240166489
5024,56.25221627605641
34504,62.81710375609503
79678,68.3633039307121
93088,58.919381942672025
6123,33.60803415404795
7118,41.05543713205076
30041,69.07038512632992
11094,67.9846952580505
23807,66.95974905955705
67144,49.22267848199391
84110,44.56766848085129
90532,33.87442972552731
59439,60.834600635604005
69571,61.545910161190385
15598,55.47594854331347
21721,47.08620351722279
64987,43.65571859325834
5629,35.19224035483763
34982,33.697835120044395
43523,69.93755111541137
22811,47.74818541616671
18283,41.78727090890646
18525,48.39426434863624
48200,62.20494489889943
33479,61.76005386105259
49594,60.21525688899636
74646,53.85237318415095
45038,62.017616949390664
96917,58.14726764212203
72799,50.418381818089536
47859,33.0707385621797
41777,60.48904498778746
25513,39.72490415444292
55456,45.72811570626605
35911,18.68411572589035
90770,59.61041325962191
5346,56.25336953222244
75603,42.91137795040735
22875,48.315968741580306
33333,57.36007092461735
68099,41.858191121270266
28268,44.029380141409355
19171,57.331126904361554
96441,61.30536955050353
1246,18.70064105984555
16282,82.6283165876487
38490,51.69921712946693
6758,56.40321271353943
36792,59.98827991930947
4847,69.23966999257154
50339,42.585069401731154
48678,58.068818975164916
91836,63.31341166127328
17168,58.93078682790769
70212,67.99228152260385
19758,24.093792700717454
13653,41.155650514288716
76818,67.47560018177073
44559,49.13989634459844
89012,60.34219444564052
63276,33.79938940209357
68593,63.09590951774766
526,35.80103779379277
4627,42.112963529984484
8648,90.61051564199457
2418,15.245098384280006
10652,56.82716156033916
71991,58.87433949445529
54955,35.86422746240688
99025,58.96277688339482
23957,62.653156479789416
39326,70.20463045610978
9467,56.673329923377466
35,52.311408740187886
92370,59.707158981532366
33024,68.48614423315365
17099,37.01470701360354
39146,56.36410709703095
50313,62.073896457194394
73228,41.0504482559196
91286,59.7526802470676
36444,55.05187144429795
34228,66.44787061760643
41231,61.44168989087001
43596,68.9589406095376
23176,46.48158245194106
18895,29.196060184463537
46128,56.48972048457462
102049,41.19551065287779
50582,56.159778509802315
48574,51.77506968321155
14581,56.24945724008794
12920,58.246612232345434
3981,47.49667136116561
64094,63.80892136478893
71413,44.767270350820084
10529,69.69821695417824
34144,29.976549983168894
79805,39.342031063005045
79502,83.86771385016716
35069,33.12901096295777
7228,34.795180276364896
86520,51.95167019517155
69005,53.684880598863
9427,30.33565833894774
90438,47.19408360528331
43433,51.52396890415805
36870,41.366329123278376
77765,67.53846176081596
10011,47.71317552229476
73691,58.212959567955686
77511,44.12960290398392
48652,39.57124176373302
4743,34.53268018134441
6999,57.093562541195666
22521,45.81489373277123
23887,58.63971104741814
79313,61.38191236416058
84715,32.15321814333232
91228,51.72860103696461
11836,37.605669174739766
24703,39.2815271831411
82888,51.039537833240026
100415,57.196995047928574
97083,48.120701961735975
1324,57.901751157158
15814,54.50732886413033
42757,69.57692112516827
62799,45.31351267574944
9573,65.11844556763616
7779,56.672441955183366
16137,48.847233942640536
22805,51.897499555454964
101840,54.66665282716197
5686,57.399465464032275
21675,46.17628495605401
35537,61.789685831319105
25073,51.72600285330444
12861,53.56057514430787
24550,22.986541916559975
99882,52.619448104624574
54470,28.843888137822642
91613,69.29344276981126
38447,66.90666750937929
71081,59.90441340472051
75102,54.37710534280413
53272,51.36865293095545
16623,52.497671375878035
71180,62.29081333852339
39550,38.21979020267629
86279,61.3954490045494
87492,48.97209092067902
27369,49.0133677714926
13914,52.77763501527654
7995,54.950107195058315
53262,42.47482781287409
17796,37.99906971498614
26662,68.19240638907887
25,66.7538778709403
3300,54.01465654464736
72915,54.63725759979905
89385,56.67272889328028
28296,32.846389963839286
72162,59.52854000143755
58523,31.500438771563232
25279,66.9081804751941
24374,55.68859697667557
1611,52.772027062581536
59840,55.83813799846828
64850,62.026201081999524
58820,62.407195604451964
24513,39.861771961594535
75442,61.2423820171891
6387,53.85429507673273
102577,53.494244924816186
57040,55.297080173038715
79506,58.517495295478
48739,39.98606152742363
62400,39.13705951617411
22596,48.62431531724947
69422,44.880176815394215
93040,55.70608741304871
60581,71.10057338556207
13658,58.530589859464015
66677,44.655851601029056
94951,44.495122784954226
80703,43.99645476496532
7200,36.33167771664957
17858,33.849753167530004
40949,49.465228731877
92161,24.958480536782453
51637,53.12174990439671
11927,66.9577770685332
63963,52.88768939242246
27703,62.36597389679192
22248,59.50911472498823
46721,63.70738709735738
7251,28.168117224961037
2493,65.07612955409263
51538,64.49800246383333
22020,70.16130002608152
20590,48.55924541175036
58723,61.70190114078039
42809,64.18706790838743
36504,50.12139035591083
38624,63.030115379659925
74330,44.06252737260382
76179,60.478974131532574
37764,60.14282017139307
27659,51.308425460095805
80581,35.77640836166599
77290,66.30315791104904
52666,47.553385231884434
8493,36.380002577131506
6185,48.71337831228824
74055,45.33157705517761
101937,56.464164591190794
36,65.52993449277703
70633,59.353872356169994
77071,42.185620488908825
14420,42.98060325545223
32745,30.93989667464424
65751,58.434253938298156
36245,39.07924728759233
28690,67.42948831236309
74443,57.4245622474416
26846,47.30799135477725
34518,68.1533738227722
81306,35.204502220728614
97902,69.10375103087422
14455,48.524622451757935
34832,64.11152961827162
8262,44.02731860899365
84714,66.83681729093578
22819,42.53100835542823
78802,66.62978417651466
51065,53.09451496183133
90172,54.47454359667197
97872,61.84174768617693
43438,59.60662983995072
75720,66.37197451753389
97504,39.33725402732948
25478,57.28703359718642
87772,57.56147718148535
55323,49.3475501588042
63400,43.64746441725243
69180,67.26541587833299
35790,62.67019874253781
65997,25.62037895237141
86276,25.933836567366903
99210,68.50307637462751
20538,30.194733826646733
82104,36.53971562062228
23554,62.976883115887304
46818,69.49139869429078
78759,54.85467909925282
60520,34.76260218404618
56153,34.78371336087773
10007,62.39108007844156
65958,64.2332632746678
92832,61.040389019103856
69820,54.24069653092054
90775,44.03944453478264
10087,53.792069867978725
63009,40.25531104466931
19705,37.775790299211764
100553,58.78531242032982
20539,67.59187072447483
88475,55.2856223712802
49816,64.54652405780966
76872,45.60640044022077
34139,59.49682434343993
27076,61.154298437573196
5775,37.33481578665311
20862,51.246446725936195
26129,61.83343170570714
63440,41.71155110313157
66524,22.635307667610306
37725,69.08329623552616
3130,46.7161995299533
45342,60.65210764165781
3629,40.94313305992908
1460,36.0349890763591
54537,54.29248775794028
56909,54.31472878165011
80229,64.48455910502952
42587,66.22689639011207
12833,50.41540230514901
45094,42.312292955870674
21333,43.50826117822531
61495,26.692164588300884
98218,42.406698042954446
69827,53.44389950534203
48007,68.22664611080327
27777,38.88260417064981
15593,57.58105757388489
49072,38.89042751355093
60751,56.33825665489134
73034,48.473927236190974
56023,67.3758385841605
31374,66.95733441170597
89683,41.76717281116552
79609,69.43901978078561
36963,56.958554394514934
41865,72.17691921509821
45956,58.502450257023945
3295,64.57130433269108
84667,59.95026551232476
36834,57.93065356782845
21909,53.10922685193229
54049,52.397672454945386
45144,32.806573118939106
8961,60.14484088753215
86794,39.59037353930272
42081,63.06302448041047
91236,63.08522038662533
17264,67.76704465454125
71319,58.50019470146839
66633,33.606327598851664
71213,58.5845247299528
81086,16.818462590806693
85242,61.26383967477189
10878,30.209411879185136
30067,34.37554790528812
58495,69.96618942417996
65528,60.44969935058851
68490,42.440844477693446
17711,40.27009968871446
4956,63.288754008193884
100191,58.914009274277575
81786,67.30158906441828
23728,26.239020355404953
39989,51.05639176716291
8402,63.462100590920166
47207,57.57604511406994
11484,60.58014200241863
13320,40.144147098965576
43828,32.29030084805804
81493,56.29531758258403
58063,69.06554280454047
36182,36.95541865907468
50822,51.0047003301921
61364,20.966834124862174
85271,36.007224770425125
2305,54.37817456664372
95559,38.26982927289934
4649,45.76423174558941
28363,56.20437645825828
38555,45.77726705532919
38800,38.03280984818297
34948,58.606606309101245
43748,59.42016353577682
56481,34.677082006473064
96166,68.35066204045458
87210,38.34214283294686
82961,31.001827197117983
35599,63.44112773649012
89161,26.46566900031884
98151,69.63744977114906
28663,66.86649838935223
47067,58.98327367300625
85255,41.965693067837954
77992,59.44846460698744
28083,67.26791417543708
42865,68.03191050011564
61315,45.12937991552131
66209,64.15742940415765
46060,56.62783297117308
38382,71.46113836118383
65886,51.413094445928394
84084,46.40336118529478
94645,67.95137791334953
102568,58.84984516738491
1864,60.35916916655154
89948,49.87177488371091
29802,40.2426361318693
56511,34.29341135092449
62334,58.683575638679415
89705,56.59442603741884
28431,28.65521198971427
100216,55.60625076346137
34035,57.75808774027285
34787,44.10567658998279
88268,49.83203740103454
84598,60.71957205828824
95103,66.10990913503267
71742,61.48851935443389
41504,59.94316083028585
2801,53.20658684248096
44146,32.15055935364817
16400,47.60053262820224
468,59.711886067217385
41207,52.1074221423057
100973,36.53188544638925
45428,39.591659386647464
92718,52.4478575868098
85,48.16397426856086
80504,29.069321612915545
42322,40.375308940651706
25791,39.757347841169505
74368,69.16814114518105
60364,46.24740090946538
71915,63.077168772119784
2555,53.989402319127954
36406,77.06381613343896
83445,69.4467074678831
61785,68.4043124770544
50472,61.85262679305935
64574,38.13424682613813
44941,51.699522956707135
17632,31.758881568887226
82562,50.38011462062312
100519,67.27754566639068
79439,66.63813801631994
62893,59.52243172074461
3521,56.45995314481807
39017,64.62163270226687
26002,54.95481082744481
20908,50.591311886529084
74738,51.98920176975844
23760,25.408297922113917
60317,35.81076446837607
81312,42.60156049531777
18010,58.66856570768034
71606,57.55693560421415
16270,60.788410041052174
5723,45.66493962151932
50388,41.98217101395594
91877,55.495353306027155
47012,43.57030320059854
29055,41.552415289737816
71792,51.66766989719833
91050,59.63977110318434
91520,63.26901731827707
102134,61.259372560176026
40656,36.37548390804697
36431,40.40410446663457
39155,38.438014825336815
92504,55.263625679263775
13871,68.89034118271384
39846,42.12003390019938
85651,26.259093124674965
37445,50.631097232091385
23919,61.668249311801404
88838,48.54406592741601
35739,61.83424749589189
80935,41.57750539634217
13921,69.30442760644722
93446,63.176496779010115
78000,65.73300165972091
77130,41.5173575416183
99296,54.401118248041996
7202,67.17757676572135
59106,60.57525537507912
59887,51.15017286514411
74447,64.82147827795824
53525,57.459920305760434
82281,65.09099785761211
81183,41.470324719638086
16755,56.735452048731894
12795,70.07177392309964
37574,49.745486477052424
37631,66.53174363947045
80991,61.613085160649625
2534,65.92751759972653
32490,78.62745336663119
97285,42.25877451740849
24568,57.981338771668945
37836,38.23223566316456
12627,38.29493894959157
60328,61.16444048897551
8094,45.35958072578318
13164,45.43000049330439
97425,63.23629859959761
84787,30.85041582147859
83070,61.3154345067505
83689,33.29149576201949
30753,47.55418043980568
71517,57.69074250632021
99875,41.043116114482615
35298,47.78651555398392
70911,38.43900857407663
40604,38.862591818085654
10924,54.23829523613763
102013,49.517251158290904
91540,68.91646764355495
69941,67.53846176081596
7673,64.70280500574505
45740,62.27634172242685
94191,64.08512283818247
13890,46.049036134056415
55902,58.739342577802425
94743,53.02719681133703
69262,45.01217201853623
76679,49.85637594599747
13616,63.32936885695036
51143,56.5519447020737
30913,34.200536481807475
16013,62.536906042311124
45440,50.767582164551406
35502,28.701189091080426
61329,38.353062210132286
90538,58.02251528350062
11224,61.67619316328544
2532,69.44296442783485
25634,48.23894696947766
1105,58.33187087935309
84406,46.66643645470126
96840,61.369397269337725
19550,34.805477336334526
7970,35.54517942206339
15973,51.96412582092581
15478,69.45079052391563
6847,47.78039081713609
29918,44.29112652742382
55179,63.24738520629268
95162,67.57993362294903
45688,57.86518675208065
6128,41.35405205637857
52106,59.175930931936506
74633,60.67943970834517
43355,59.61094336631965
64731,42.35167220138848
28356,53.27238072954927
46136,54.17991993738644
58231,54.85868472256788
77233,44.57422104087327
27661,61.37093004608544
51686,37.47925816456417
61759,47.9983462496071
97908,33.490138704073686
97194,48.92070937734525
55461,59.68426245825747
34384,58.4418181198887
50933,43.98382556019922
36073,42.697523489210226
46938,49.695911009288004
46976,53.100709360200426
1380,43.4925017875446
66477,54.745651371775665
45586,52.41259403309904
62653,54.950107195058315
33080,52.379849786623396
86140,61.23193233085336
78710,53.491559207673866
92132,47.87342403981016
54021,49.10661246654642
78017,61.3487663090647
29862,67.70380304718765
5838,51.57952147550074
94072,69.40764795818012
44731,56.00169675602499
14831,43.990741031689794
17072,63.18915186955939
38056,69.9879135991068
49384,42.19666180647921
48256,60.65175104715595
47361,35.06685028677729
66444,51.770710920730735
33148,58.74479663205889
2533,49.71741569775441
9304,56.19387490909592
76581,37.86175326787418
95560,33.47455227288022
93325,64.23173087676297
17510,61.47377486983926
40667,47.783239061164046
7253,42.461074847888455
80805,54.00415289001734
92949,59.07873962798038
99462,31.45589594276027
27792,57.229916714677664
95995,57.10719190345745
100823,59.927455997791206
45831,38.795489530776706
64022,53.099936388583856
44059,54.346019052319406
10428,62.79403411529661
4995,48.947176460846414
83737,67.5065198666562
82493,47.219196503027064
86886,61.388731030392826
52370,69.18751418646089
49332,97.99425925925927
70036,66.83655528014508
79921,59.4525874691961
29882,57.97710984356625
9925,43.01453097632756
99626,62.402877692695796
42406,54.225165560344315
70478,37.53969859692634
102337,57.84656379357884
92709,60.40557863966922
92607,27.522190117205067
86112,46.752006483072336
30764,38.80173623256685
14804,43.40206862088732
23802,46.85842834744751
47410,53.908257151260976
1110,35.74563946893591
25686,51.808053582549704
61136,61.14208979222562
23549,61.98636530463213
95824,70.26851105249483
95641,37.007166495635516
71128,38.21489821441633
14691,69.33299927966864
99236,62.63289340469816
88688,24.584491701884097
91799,69.69156566498708
36502,47.29801736295104
8954,46.10028029737607
9609,43.63781965171093
63908,59.983235426854066
26908,40.3475781750872
15121,37.159929325191314
47960,51.22348298424936
72654,65.99178061408162
47296,36.97481691009397
14367,37.74098270291164
52801,50.347992966773035
62254,65.27207384555506
65183,27.17733258709394
67738,41.984911512019146
24270,47.731750596796694
56211,54.555628303158
94298,65.03024614374596
80716,41.98072488561213
50159,69.13587185726651
23721,66.30315791104904
78965,66.21189295697313
84156,57.53531397235009
14462,65.95371831850012
52065,80.87760791275133
63472,64.77463637737317
99420,43.35906437673193
77921,58.65041038837096
61780,33.46355607567757
45826,63.42209668976967
16982,62.71297944267676
94697,52.09871466838399
21753,38.044626518589794
6011,62.67318625090454
82439,69.05800476764483
81409,69.05800476764483
47043,40.52424214214835
4861,66.44282640186798
12433,48.57983362628644
87015,60.247211251810306
5023,57.79292140513127
96851,69.13733585095608
16668,48.51463844335227
81181,62.5999763693758
90640,56.40542377032894
82601,59.39163306679647
34141,58.267793998953465
11143,54.79038769918637
5302,37.16620715414047
41083,64.24420729257113
70580,45.52565071804779
28599,68.46806432042537
32098,58.99766565955436
97129,43.10615080676182
23154,56.62566664675711
76058,58.032589009456906
85884,46.17935374905961
100101,47.42609424450673
593,60.89338600188051
28640,43.30081804577936
10836,61.679781604780835
683,64.3430936831268
29241,61.20642617478002
7700,67.66639867642704
51220,61.02832208167857
88457,40.625632744207294
60257,46.09930658888702
92507,41.92749681236025
46272,58.71834813877959
84057,37.645076799496934
5250,63.639522625058206
98764,67.20325827650082
43099,30.488876463652172
72471,46.891814195747955
6098,40.731432206412755
63052,42.81973868593005
87919,53.11004999907203
86516,58.83334679258678
36358,61.303174928516576
90819,42.29615896478149
70889,67.95424140021034
77748,53.702498403256996
87570,41.721183228300085
51097,85.0823601159896
65473,40.71781730087267
8322,70.8995014744736
92468,50.579751192731536
88910,59.510035631631396
90818,59.91645239665645
65151,69.25269768883278
4031,65.84777385816506
54710,51.012106351355484
98814,50.616721733549475
92423,54.7127353568362
2072,47.20468867448674
43903,52.94713827703705
10433,45.32452739495852
60740,61.34561598243893
19366,50.17471369495033
20582,53.2911140886926
3250,60.14418987573144
82578,31.703617102885104
32399,58.462780732419766
23958,33.48960668861452
86583,36.85699572452279
91288,42.540663865970004
76784,60.8626801531688
56123,60.763398797700454
84089,42.233837948621314
85343,39.701871454788396
68659,69.0879627419949
90434,47.61630723797167
41678,60.38035162575656
59415,50.11120978377407
17020,69.01993042965458
51657,65.32254576314533
91571,40.1349950576982
98111,65.80175180459808
83550,17.903524617701372
2582,61.566185276234144
74305,34.34308185767939
48731,43.25538558863518
10111,28.573750103561316
24485,44.82772308410836
46090,65.07612955409263
63077,48.14026970660507
17962,30.58484852815515
93804,61.768987930180465
13226,43.16878706891926
89677,57.13010421899708
21730,83.86771385016716
96304,57.76979620742694
4144,54.50429561728017
69665,62.620968711171884
37866,68.41724041895569
8180,52.93240654990807
38458,54.891282309829734
11745,56.3861515086131
94415,46.19164785305969
82633,32.28843532873093
41288,42.62481898437163
4733,54.03286599152892
56441,61.14794593639448
37724,52.105949988962884
100583,38.767785954456876
41308,60.57378095133794
13858,64.4457517244906
76183,39.69100146177662
60127,68.09936818715688
20326,37.380621088792225
50664,55.6251133263063
38546,35.70170377085585
28130,97.47695088404478
41009,39.25218024932751
18493,55.396259430507826
959,45.117287677634394
72958,63.1546879128774
27198,57.937691977505686
5299,36.26484198737528
80442,46.6029441779614
21994,69.43325990615587
78932,66.11657634977665
94056,61.259372560176026
101387,46.32258869148174
6829,40.86435086394979
72345,59.456925595187386
32155,51.885483693965845
33848,49.96359248471998
55360,33.97124256911934
36348,55.97115809912195
80959,53.73796825788594
4942,45.43087570085533
26536,57.14665457687029
57346,61.30769262907522
31763,55.509076668686596
15095,33.50298594768428
49312,45.23354444569916
25247,30.926885625769614
6445,60.557928641324885
59621,56.636984623386134
97813,54.61645820819948
7003,61.209416659903326
9748,61.30810501313646
40260,38.271673818337085
79529,56.732643494681206
56902,40.74641927866028
98178,67.7999503315471
76094,60.53267415998467
92590,58.51843089945826
78685,62.63289340469816
18224,35.200323137770305
72312,66.57852061392208
37223,56.11000368007797
84785,29.15329173374042
72026,58.61994011137326
57888,38.48267395920256
78887,49.6006281373636
101397,31.323000789244876
85796,63.299233245077986
13380,43.483596789658264
24229,41.96666911299212
14882,68.93158240004408
40688,49.682419962222305
92614,38.12583488057895
98521,57.133655984117404
17077,55.17851420463661
3875,32.30127753765009
3238,53.25934570173656
18272,53.421570395900524
76438,69.9879135991068
46753,50.789735901351285
21973,66.23423647373926
96530,67.63788592946514
78390,63.774399805283856
48128,61.07844403805434
74907,51.05862309133541
74340,64.40105872937437
6238,38.228795099331805
78293,36.41618215909696
41491,40.933050965128956
60636,52.49502076793464
22630,55.130353653478885
72221,62.547035369683414
28138,62.371474300542374
19444,44.66775133036753
54776,41.70644666624481
4569,51.48821166188128
3134,65.33422985523674
25799,69.50981439137101
919,58.91661638350525
101250,51.67902775792365
63982,42.8677132048307
68634,43.886776620349046
6429,36.666884861516614
54634,74.96069516119844
77887,61.56117394685754
84859,55.339659427857214
56499,59.312811766872684
22504,64.5315118325956
80357,58.15971054191984
30505,44.76450043615412
97055,53.32014465055311
65416,48.11799015408259
102350,41.74075653719709
44729,30.015017101186146
45648,48.061908671141374
25838,70.00392021770385
10454,56.97832947572205
92683,49.77828857137979
11381,39.427527354556666
92285,64.83903137362933
25147,58.385202921252564
29380,40.594257976313024
11446,39.68194165117491
23604,68.42232577310578
61554,59.76557699807876
15214,55.279274618346335
101789,43.141539754367976
59696,69.58778661642421
63220,53.04727794277419
80196,37.19746520821332
45093,48.7188121466743
16815,56.5183064031484
18259,69.2364530370542
8143,58.43945883720771
71211,55.70015426920844
81497,48.25748316143825
49947,27.488335210464314
28736,55.11835981417679
15765,71.33682146658843
34330,43.465516884274656
41269,59.573614197250215
22230,60.2408062550418
7146,41.47052776473464
26231,42.80581858185441
33805,47.98160101325673
84256,72.96474152431033
57867,58.393206040716215
57422,58.32685127179659
73846,68.15266289236753
83792,38.076077095030406
56091,38.63307745170945
89488,55.00768129803303
6567,68.99754723337293
71605,66.61988326431714
45169,42.119163152033586
84357,44.76629530589442
96574,47.80153537703015
70003,42.91635224609895
31737,55.42435838009009
96178,59.12626972134496
58679,38.85010690183324
86429,71.03392788402765
32734,39.56146139416644
88879,39.95757848334902
91327,64.06120739714942
28676,43.48729877137018
6669,50.074546745830645
51630,66.29231196582077
86925,55.81824157646485
91176,32.23343898494604
47254,39.25765585775033
31444,47.23066462679941
93065,55.252659933357144
99472,73.08429174802066
41886,61.118727027171104
92154,70.22745249599922
22569,42.28348519117662
90206,59.52163758463186
417,63.56266007656428
23282,28.56580285170368
94957,58.231626656450025
16927,45.68131002878307
43798,29.698497035035775
15994,48.50328419878724
92492,41.65398403703382
59873,53.53586142988318
9296,27.365387599160584
79696,41.23894164898634
19295,33.12663037550189
11475,58.37766671426989
1097,47.37457256178317
64010,60.71242458701012
91373,57.26856946570117
75231,62.07919683178839
63067,60.61485706943764
89059,50.72783226899716
81172,27.796793688695434
100724,59.7526802470676
31816,66.57852061392208
47965,59.831652684104974
52865,59.926996932851196
69775,33.92940815523058
85936,57.38494991632557
58310,58.72482203441794
28219,66.31612748949851
71912,51.70847908024548
39881,61.002303654281974
15796,47.984614044604804
40160,42.93971190531182
62992,28.657326683377445
97944,63.80148586754856
25939,70.8995014744736
83020,39.82769261476621
12333,38.082127842893286
68434,35.18744540796152
20346,66.84788048913097
86696,59.068798142737954
92164,50.641807147535786
84208,59.866638516205185
24998,40.855760507731404
81167,45.13495459039566
5622,59.14335800241607
58924,40.52054178847228
41008,65.11230633104917
15119,39.10062696768732
43912,67.08075213848309
48815,25.425684380110575
7101,66.72825242963417
33346,30.175535511437864
19755,54.54949359062845
54472,62.56419431276502
26051,41.89900356990276
37367,47.7206073234811
69547,35.03941501211889
44658,67.0045277099576
41924,69.03444695762266
41109,44.652895172219004
15848,36.35039675478774
63398,57.04994080743163
82672,61.14012299993653
27971,63.12438643729605
57484,60.7344472072139
97255,29.701325428073027
43023,54.429517591493266
79785,59.18192725909582
13849,56.19484301211196
57431,54.543925017845325
53242,50.82629098639761
35410,41.06196553911169
88051,65.48082097466997
13123,59.7984143945919
69661,37.47650394938778
90234,31.11949063642423
47647,42.659445850494485
62067,59.46772519868516
33747,43.322316359833415
96062,68.37814651156434
49715,68.86030465447463
25812,67.21580260608533
97177,57.769548723521176
34934,64.50723982970214
34776,60.03185334752516
16347,52.566450712960766
68962,61.318321472333565
94470,51.672321692547484
6851,61.73510979516709
88697,30.956161460358345
42253,41.04595276291849
78322,45.293515162927186
8446,44.77164428784526
82443,57.38571921177442
45203,40.822314140637474
56779,66.77790529634984
70531,59.76598480301947
24066,29.840342172763986
99637,43.16478201896818
86534,47.16923562848447
18847,24.360115187333744
19328,59.945410074088414
28555,65.21948247253339
88515,60.930373350591424
99093,71.18338314541353
1023,35.409117428938266
22942,38.500362917557474
93194,52.02625881832412
31413,23.597098748685998
87375,43.61998309419291
89220,38.88235011585105
4016,46.69951991550894
3247,40.99444944711075
10918,64.1816614448139
84980,58.05470225237973
18821,73.26397894436701
3356,68.42885708739523
76597,61.55650186315891
43677,60.725981346054965
38294,59.341430041869145
63676,69.44809743478055
89986,30.082123491764342
61113,56.51876187463832
95583,33.80101745838022
8337,39.40249218737505
76771,33.14211952852242
53743,25.34739115309095
44636,42.33566296582682
23416,58.82268633147857
21381,41.671937205295805
73980,69.19980113884742
19103,60.12499491535643
35289,44.03680081051489
48031,61.49012961109695
18968,69.06356861997017
97604,62.256666004817205
14386,53.532359275701104
64988,39.6443984821234
43795,63.28631153501339
18169,40.73615303061002
29876,41.381224031983905
41975,63.52986026197212
43992,59.31012732096348
66030,68.30638026315972
63933,50.931328947307385
64150,53.78605169413929
21277,36.81307123397994
81877,60.79522024119214
58250,66.48375890066293
93243,39.775751426056424
39716,43.20436387653
663,67.04289303291354
85464,57.42907727542124
69762,44.70983022040367
51589,56.40504537908727
1353,50.65163485547046
57053,39.853259790824794
59699,56.89631418353551
64656,53.24847462972713
98454,38.406367096141096
53577,59.72148039898057
44934,78.84972063300225
38082,62.630364729903214
17995,59.590201566719806
65957,57.41062191037762
2502,69.4353294217622
99253,46.465305037036586
20065,69.94637950342006
91965,63.93507505266851
66169,43.35554635245926
19165,29.712941260259733
316,35.65836867262037
51181,58.26812291952495
90390,42.657121217540265
8274,61.50791079146928
32542,55.93338672536652
76489,41.31031622176966
79291,61.48987737799709
73814,46.18991944390083
93181,39.66485485361105
32633,45.54418403391103
87113,45.056397554175284
44109,31.082162599292193
33865,69.71825271267511
99654,41.19367074864217
74197,60.45038855986205
37913,59.69838988068268
20791,48.921163393938535
38387,37.45661274800394
56450,23.466228861008226
101565,41.16040040058666
52188,66.35041524900195
8134,52.409627544129556
14307,40.8070922696766
44115,60.764087003689404
10496,68.75014171173602
86308,60.60299679081786
89169,50.541086773738556
66156,37.28447424669558
55977,39.227922476155534
74488,32.345331579190486
23814,50.828474583552506
78177,70.2653784404875
26357,62.012299987226285
9898,55.30372376371406
2269,55.550367272405936
92077,58.7301902245911
2557,51.49671081742385
76350,58.58029085459248
46479,44.832580169133216
62527,27.830130654683153
20826,57.91079990227496
81520,59.76331055857383
79472,57.762684157639626
73940,62.7063108665253
79275,36.7831383422009
98249,48.70932434194496
91402,39.40242728949434
49574,62.194999085989295
28641,52.02555833232109
843,50.579213189893174
52120,64.35183797058872
48789,43.269574985812994
45147,50.889666008468154
77542,36.38111236958022
98190,69.37088417146964
91029,34.06566213207395
41958,46.7091945246035
40703,35.124003645637124
74695,45.976948915665005
5597,62.71138143033849
8437,62.827318953376825
43076,49.98749076380478
30007,58.13849666060028
18607,42.649422360437846
100407,58.298990740128794
17804,50.68838840021615
27704,70.79341106541928
37477,60.00033802054087
85485,68.24872380448
39308,34.12185981577319
67261,57.67076987289062
15639,55.67642962958403
62271,57.939449742427115
56263,40.06003668353696
56049,65.56351862275767
45182,54.568009167120756
99065,43.691094267812844
42180,54.658968794105384
85024,31.843744135346455
43327,44.17165389197676
64618,56.410407559219856
78497,59.78011537417885
10297,58.74965525549662
56691,68.47608463040123
90279,40.388704686240686
38489,52.57245498909368
98908,61.23193233085336
9904,30.954650514769398
23810,68.94935888901874
83734,65.26512115453728
16147,55.003814788429665
91893,60.913744761428504
58355,66.97077154216248
26092,57.46414818828864
12807,60.65277251830227
75765,36.18168897267111
69456,57.46865457531412
82039,69.31962117053321
56574,66.98635686140287
49838,59.285634402540865
54604,62.75503816588115
24975,50.721621665549534
43075,57.712553504299606
5825,45.55614304954731
69659,60.179482713555245
101941,65.82294554362285
15281,46.916296356639535
75900,58.35703259354559
71215,48.13368964247119
23129,60.86237993529266
73782,58.627996384920216
102516,71.65746663589171
89650,61.11350669929145
101744,57.23417098280838
84358,61.41303074484397
17086,51.41782947380416
27069,76.64080408615274
33948,63.46348918637634
16184,47.65219829496983
70913,32.116547886225504
96835,51.07835377493351
2672,55.84824747445977
97389,42.93112459381936
38819,47.49899275591714
74638,52.07190427871621
55248,40.72928886425699
84722,42.41689485160568
42165,58.32976492352353
50720,39.15732914867194
49096,64.73419482049383
48040,69.89908894629966
7920,39.23855419966022
27559,69.16346702791274
85656,56.117393191465844
71519,70.44612539056641
86093,34.1079595344198
20352,60.40578949453424
39553,43.55349916117755
5382,69.5170873587931
56800,61.918550876955415
69207,46.41827491657761
5504,62.37329028552811
22965,28.653902695464616
61093,53.0575446520103
98196,42.81817937360177
91804,60.59108459497127
35844,51.36550841769745
35306,73.23262717588625
13615,68.46806432042537
98257,56.551280513408535
13250,56.31107023138713
53393,68.98709084591276
94106,54.2797302009378
4704,62.05460690936925
21699,49.56941217612639
101866,27.168704281755005
93475,66.72911345874601
2380,68.48626386145331
69437,60.745207119374655
13510,61.63102703913228
2733,63.162455050448244
49497,57.91412282646798
43547,49.94797180071367
64614,29.064824329468323
10804,52.85807234568123
84108,58.15715957029523
41052,55.74349794445002
18462,68.91644126548206
93586,28.268448913163137
61998,54.06974577451069
42972,44.90720237854461
97609,65.97028389207706
86972,57.049517712292044
35345,54.987944011055895
31414,66.83891289079196
21336,21.544508107547685
74456,27.794491670536967
101199,62.328806321238936
7489,60.80300415691207
33566,55.34583548949251
65510,50.25873933019797
85676,54.80638325016948
75316,47.06511785531902
11112,59.22667595608947
94758,45.3180919364819
64751,66.01069689399395
82918,45.65077463484968
56855,37.01952270555511
87950,66.30315791104904
72805,66.06951477053782
90135,64.29247703722903
43210,30.361420833992664
37941,43.26360521310814
76092,64.22056494107893
45135,36.30395597751974
6953,51.53946750768237
11621,54.730657113916266
60955,30.152924016973998
44389,58.72495729178967
23551,47.9424057033439
90790,69.33511093867331
45971,51.54638883532876
99254,60.04555199736864
93171,51.856703210621845
24597,61.07963899422391
56105,67.53846176081596
102288,62.47908912042782
37903,64.2790558348846
40857,64.38820226002682
32728,56.2884532277639
20186,68.58582638723895
57859,58.351661124585874
66147,59.613663046620275
16630,60.796407650616864
8300,60.931598381421374
3947,26.183954010003472
21463,45.838604884491566
99877,30.95336466623028
38231,56.900077756067255
18012,58.10787759144092
10550,43.37998196520598
25629,47.525858239320506
95014,44.79324972797386
46064,47.111057428749355
62863,59.616363021399245
50166,33.64830595166909
47755,41.23194687703879
93602,32.544962179460974
48110,60.303812565826526
23441,37.904775742488475
74955,34.69573604910581
20259,57.658381587238125
17458,46.066832758810605
45775,23.36275310643332
88251,67.04205888918001
56300,47.427640174882036
20640,40.58550389096487
46532,32.412104776240554
48801,69.23788524008361
45007,44.53753747463039
24828,61.316118125817795
45980,64.38384431953833
66423,22.47987697144593
75444,47.72965260984337
38611,53.12369924093987
7784,51.86974632835284
63823,48.916252104719625
13217,41.69787616248283
88101,62.164997145623964
72647,56.1434325201209
167,60.258392699298135
88878,66.0013783046732
47413,46.64858837288637
76617,57.68306605001467
68436,58.54082050492492
51360,69.56490183101782
95012,59.583957605300284
86147,57.27487105259479
30940,61.694729527731006
54888,54.32836887203666
84245,68.4186719577046
92574,40.494481633539046
69696,97.99425925925927
42910,63.52003360732794
39784,65.01500121686846
2012,56.58061328093052
90126,46.88304007516723
28753,34.691574419099744
5918,63.70738709735738
80350,33.48602422672433
37571,59.63478066105911
3109,70.77933525828288
52738,58.55063062434907
65404,50.08619766387592
84947,68.92262122332619
60845,53.27238072954927
20042,29.311683491966324
76379,62.63387943693864
99355,53.19241308147076
11668,47.715359994148145
25085,38.24324017029063
41059,51.181935615786394
82927,56.34249221893599
146,45.52336756426318
78432,61.045597097475344
32855,44.22489941958932
82723,57.93318184002584
24016,97.23692403198655
2593,62.157998031682055
47618,44.92385487086261
12191,59.005404258724305
23327,35.3783479044817
101308,59.617427188494524
6082,49.53583998292797
63951,55.25484705871865
10387,50.68421986381097
52751,57.38781998908133
19926,62.53944425330057
8864,35.090773731573556
93741,25.91686930162224
61470,69.75317551597756
17668,33.34630380192276
52117,77.60616549828887
87237,52.83182140748546
44174,54.22672247529097
11244,22.719931817487787
74659,25.777233166613335
6047,69.01111279081073
91493,62.073219864486006
83283,54.18855406914391
95252,53.42156062037545
31809,30.020026590580493
20094,47.95591730247728
100439,31.843342060587464
44789,57.87826018849558
73311,62.500613809249764
19466,64.51687983298397
58809,60.734933514830836
11479,59.517489819214134
81104,47.0760815951101
35922,59.97279592020758
47355,38.33703298919518
28872,66.74763873127327
52792,56.098036775868806
24861,63.9447286664351
15844,55.39139797518179
60695,44.146078012982414
18648,47.72505589782215
82542,58.34212551211431
92231,43.71935426695853
3494,41.84095976344961
974,52.62831666690739
37960,66.9855535469048
31337,83.86771385016716
77339,42.22385381456226
91741,59.297672439087016
90827,69.45584179662896
18539,43.79080670345323
72925,65.04230000766717
99777,43.27140611274377
71547,63.593541293975285
4726,60.281422999297966
81920,55.464956462020965
71310,25.402964496858967
38257,38.1298870178666
89042,42.089533671406336
6901,48.993736801377466
50536,42.777653532754364
13429,66.86260073709343
1462,67.49691831131142
101611,57.388512154420695
76363,68.91026673982827
87044,49.96543366727064
23874,60.8598822262931
8918,46.5675818178324
10024,60.69515902104298
54069,50.29097195425519
78304,57.982125900958664
68466,56.72391710218075
68628,38.87530772084095
3101,60.62143734488318
798,60.44482928140051
41228,69.05178222565303
43961,44.51478064834671
40926,68.91574919188264
27278,41.551275730845084
3993,62.18101950712922
57246,63.63849083761251
77479,61.78620260942881
28558,60.07073106287463
536,61.60898988499963
12038,42.137067551909595
40319,47.087602512102556
10872,60.471272981121395
71776,48.09032911379323
95370,35.06045592165
95122,41.04513744476922
99520,57.87541885336766
44159,49.789735164606235
51639,64.60230389959817
33226,69.00255826934998
102467,57.96503467265074
95401,61.16695167533479
75969,60.49281166639323
62313,49.70085932843624
36165,64.3948326638966
60897,51.41430534093738
28460,48.8151664727678
55618,68.94556266375862
66751,57.97852002331618
54935,69.2475802292096
59269,44.61384071077327
81517,43.43003983141953
81883,48.87604086668105
22588,42.175043851157255
8514,59.94316083028585
96761,69.47022793131819
30312,60.28495252637104
30643,58.446502879580756
4072,66.85482877993435
60176,45.463759461027436
55762,41.24829740367423
51147,63.42419928541466
43551,56.306105720721646
3333,60.81640711338927
82843,44.710210891734384
61814,39.612005668822995
31234,44.10230562156644
40163,67.7186345102916
45968,54.6061440077547
53139,66.92697469338086
17572,41.15149666013534
28194,26.441932437737172
26929,44.94899670800159
40632,59.55005668863586
45043,44.96939201534223
47123,57.115895551838115
59700,34.41331804001669
33017,64.52729266092295
82625,59.20911207137576
22712,64.55409633514496
33303,44.05000965742981
48746,53.934515269366486
34651,56.50443982021195
3660,32.07742388289644
42584,30.41701941671946
37815,41.763498274935465
6507,65.88932649673274
20552,50.428624540683124
100357,66.5577226973979
94226,45.06977720807867
86085,61.41433628171504
8782,59.57006328959459
30173,65.6318794239995
38403,50.48364446986796
9550,69.74993544972011
95249,48.911366194985
59972,59.39208434462774
46673,25.565411504643112
88561,60.410097274119316
69143,57.6613842446809
5351,39.96900384679332
59671,60.17352934096346
29422,41.87104099422161
37954,42.02148112372599
26441,62.71039417882022
22039,77.62223773505565
5224,62.380637899214314
40279,70.9566109307472
14614,41.02081845594852
6542,60.408295928263236
5330,66.06523775708732
65971,59.76657265048614
94975,42.53786291339688
77703,53.53824281261785
94075,41.89090628052484
63150,59.90333783071758
90069,49.63326317321234
1074,56.427727565153255
16021,66.03112361284634
16626,47.76896419174972
82399,58.18920741433914
27294,60.194435633086016
43202,68.5969789777998
19288,50.08312836852649
61952,22.310591742449393
43209,42.02096349495833
61015,62.95872616140504
24498,58.59492984007038
62330,35.59660450582299
44694,53.52600664546437
19018,55.222969058892694
65497,73.39647563532378
15962,69.4121100224856
29634,54.838796023776204
62838,50.060864852810994
79528,30.73954515942598
22094,52.74582967506362
102381,43.13326282144997
48516,66.57311049880255
89193,57.447523846698374
38654,41.656096074111666
60158,38.635361362673706
56954,45.230798670844436
42417,64.04891647190777
35546,19.765025559303933
16711,54.86828488138309
62660,32.066672792151614
35457,56.8135508521222
37232,46.21185137860022
12490,69.75317551597756
43653,38.60034723332182
16320,71.10057338556207
49092,28.722932132883454
27468,60.748810230391136
43766,64.33777668380542
82814,32.54764717803985
56329,49.221461381042275
78259,81.69736595698294
17270,44.738046075886025
94628,59.83947166805595
32506,38.37866953488839
35807,61.70868129645744
64813,42.311324018018034
21123,53.84262028646761
49553,63.60242102165055
75438,59.50938781044013
45028,44.46228213078084
16207,42.959461020801335
32888,53.93758015025145
84273,56.34111841319611
56427,47.372224703850215
29489,62.781523450986334
55591,61.04764696627467
50209,51.61634577888019
24109,55.93243829484378
76393,57.502579653628636
3017,53.09548729892998
61861,38.22798448928074
61178,29.61996564233207
76716,77.41035145997753
67998,52.72179773730882
65575,52.172471420529966
37872,60.03711092143259
48513,20.34870363954535
101135,49.188812375035134
99734,31.410556885489672
53259,28.9729320927879
101914,30.193437904603208
48032,59.31387560291588
60908,60.98948454812933
86564,61.03752633885282
52162,46.18765545706831
63180,62.88123911404887
12477,61.05328115671803
60801,66.84689278496857
37821,27.001050830717027
27697,30.145975558773145
6653,59.72504803428538
27231,57.396016217046714
6039,48.449557501910455
95989,61.601683975317776
1544,55.732232277100906
14300,42.43293854467918
92868,49.434016006688196
39628,61.05280897234726
35977,39.122259169758784
83117,59.70816193178877
63848,66.30396302183621
81451,34.45716490959687
14233,23.362929225267102
14122,47.09927185171964
5977,43.460901609780514
28265,35.629958419371405
46834,68.66614871306074
43349,37.548878487381174
14841,52.659988068535455
43763,80.14072797689062
73928,59.1341608938958
5650,57.17889195248752
63474,59.77100525905579
76696,42.13897805497378
10935,38.052730120621426
100183,65.3656529581457
35829,39.76976128739704
72630,59.04080105023773
70487,42.70468130120051
45040,68.2697248916529
95855,63.56379106026905
6938,44.74207506792994
55001,57.815099143923796
72014,44.634317589497115
30945,45.592039695605244
57140,60.55730243421919
17713,67.69687746248619
4220,58.491611294535566
193,54.534601873806736
8915,28.07575793657259
75741,28.783467848804822
68318,43.80246035710586
44616,51.53216525760007
32694,53.57193205620297
30177,61.35327945624157
97336,42.88608432312222
17550,44.19859364813595
11013,39.405583308140336
31520,59.57976058319028
23158,57.14002749373265
101576,36.47597382130355
97461,62.227756352063004
13257,63.13646732183795
32994,45.27017846153401
86400,68.77415190528653
36357,59.127248623496534
56510,64.88203188915695
47539,38.166167571711846
54522,51.255731385618276
26093,59.910205359163065
47040,62.18101950712922
80670,48.535460686523564
91036,27.017110051525105
50481,68.08720593291763
30003,53.099770036923985
38822,63.85339212838699
61355,24.634141590263777
37794,57.995328503577085
25066,64.00666619195401
52712,49.87870977073583
74061,57.9189718896759
23943,65.28902298087067
60526,26.031616043032535
49182,66.21877558552484
96381,37.63632005479761
34282,54.34113235589898
11033,44.04594838938784
33458,67.87806738440861
81467,45.51008143938056
13953,70.29153344323512
77045,59.88081308361111
83019,54.24730732095883
91950,58.521261284752406
24536,54.01500015301624
4722,54.92536247027982
1350,57.96150560595116
83290,58.744953453344316
49104,61.49795577980325
86989,47.68433134252681
48631,59.782427235573074
35703,35.84751066806224
30709,62.92073180665108
281,31.19445112264023
64304,58.67454400697067
63044,56.663314636455134
90476,28.78236387923753
78314,45.7090868650124
101356,46.26093891976566
45629,30.079507229110753
6006,51.26550804586633
19341,27.30232045793537
61437,48.527783112827045
39778,54.172620425033884
77638,63.50200671155707
8992,29.723945006082452
93600,49.4418590157029
36542,19.795546980152075
47810,47.18174149659909
23002,63.37823560634593
402,39.154653617638644
64951,57.834299525177556
21080,67.05814505551336
27959,48.77901565636417
98956,64.62358961067515
26724,50.21603335273821
33877,66.55483360065739
70352,30.17133649403349
13544,55.9545649894967
95501,42.8949650806892
82313,46.106186415700996
13171,72.45936133195738
45872,59.180661716871455
37673,41.17351948533827
93156,35.724508217486644
3525,58.49999972423181
16578,35.64525847626388
56071,34.903891182055006
97322,68.59474633766493
18884,42.60677096774109
81233,60.23472438574229
87339,59.58158492949158
98144,57.3296899611117
39458,68.27130517207134
56063,39.91649463190971
40641,57.71912263652912
56827,60.829336104497614
95474,64.81517980464527
40092,40.08102581622248
73815,41.375630992839014
24441,51.26580026963704
79162,26.567790107138453
84573,67.79353976850724
73351,60.17180876401904
54568,44.75349574120365
12659,67.4936438790368
47461,69.96618942417996
11579,59.16477379211366
64668,29.365925903546657
6294,42.62637777537391
18511,30.43755870058814
73376,57.11342460493871
78044,48.964024433105315
24736,48.431549224645494
11501,65.26382568394018
62562,42.15007843963953
29377,26.811356209649308
57562,59.036952592845445
4682,52.379380730400456
79365,24.357586389339446
40568,27.34055275264914
101417,64.99124658722077
69621,54.825083340100875
18867,55.50059055401489
22110,69.37044712023277
67417,47.54364424647998
29575,36.504806982141865
22998,56.14179043876009
44030,69.38243949430448
49768,57.42741811493799
49112,31.48038791862444
50457,69.93755111541137
73684,44.301563330285305
27788,61.70106101120499
89145,59.77248559820896
70115,60.262386805500576
22880,54.260029706756626
20819,59.28738931845132
81755,20.614518607273848
13221,46.16020901596679
74203,62.15074262745101
102165,50.94433498345525
69942,39.92220723918453
97454,42.57609444059829
53540,57.89803265355652
80554,51.238053372394006
11531,40.293913777960995
86432,62.15511774908601
1078,43.02223856850729
89872,32.88270223955052
38451,60.8008961853581
81773,46.2259600823822
1196,68.95972508214165
66504,28.521387102403796
9343,48.14030955162307
31134,63.10370794025409
3946,32.44278855154355
40655,52.92231538706918
50084,26.248074828371806
25806,67.24325597544394
69268,23.820779418328883
6279,60.49126281847929
58179,33.620688793078855
42917,29.45107931291238
26967,59.234340248925434
40460,59.30019463555216
70415,42.213577996536884
66092,57.71231172561426
61186,58.11877921630327
97566,74.20684440813282
89233,60.58558353427984
98531,68.45313826268026
66463,59.81597071566147
97658,33.641987660382455
42498,56.09968410763493
6671,27.380952983882626
31325,34.85449363821966
100100,61.056434201700576
54944,54.15741976904579
7877,39.30498834996853
60350,42.874549958955456
4532,40.8550281875843
48569,59.81531985275848
39083,68.75952618627196
31681,69.5212509901807
46846,68.67624363875018
22935,63.07371960983863
99050,45.99124351794403
15778,58.76098381696741
102055,64.68235935926134
6480,30.425257270670258
48125,54.498444935172785
16094,45.493509366854816
32632,55.91366493028818
79912,35.90711164049716
84293,60.01421107461035
62267,48.44234483613162
36469,40.11576219472451
94500,50.78667969545743
18682,65.7901990853379
21270,56.872669177234286
11788,60.70601902845864
81045,56.96838601442239
94882,72.05714093427333
68113,42.44608805382941
35333,49.39548778626321
98173,56.39118421635222
38605,58.29682345467177
102163,56.596714690649854
23484,62.87822094303292
8921,66.69626297909095
27680,48.15162101584311
68246,60.98284835815294
7293,30.38606373030643
8693,41.35312268003658
78833,44.369050606447956
74600,47.82989799045795
79623,56.96975656064078
69981,58.37707537916884
55948,57.213917496480455
17371,57.86356448252984
94765,58.40315915698463
41063,34.038191169827634
59971,39.56492321805467
24944,38.74108316847299
26786,58.788160421142095
76297,37.86373135557759
81108,50.41851029357048
52893,57.9548163464959
13138,59.14284521617762
85148,28.900796932522006
30675,39.38136858240374
45282,58.914111207614916
76422,41.23782762395424
21956,42.78446798574939
70323,59.532161007676095
40836,46.41787434506783
17179,36.325775247167805
5421,35.33880549373325
59416,69.49139869429078
5589,42.57383438671558
65461,66.14450318418227
35705,37.85769445315257
93737,60.97899649995901
27014,49.843706445733304
27946,49.28262388158284
52092,58.19699360885288
22097,57.784491381126564
50534,42.28046433446177
70668,42.58777478207214
78489,22.574171066733427
36344,59.55438645095813
5350,57.47081249353252
46439,69.5992187041941
72435,43.5661257629305
71226,26.7257209816172
16596,51.263515832679765
20813,24.24730991641802
101919,43.72168894792964
20293,57.31975520404945
45608,34.60421765785684
12262,67.72183067456831
13620,51.77964021159009
91643,61.98239745082658
48778,41.083120103825834
10857,42.17637284114956
88265,60.13873375422395
69788,44.66375588871549
99994,54.681730665585
84767,55.127911184184285
77423,56.79666419226922
26956,61.36581457560508
43864,41.753519277651684
74950,46.352379533276796
89854,29.97166577635126
17786,55.487977815970105
37078,67.20337373571931
70388,56.83179839294686
80486,67.61306605558723
51989,67.55630313488726
28538,53.97705413915645
22570,60.7589947332264
34189,61.14794593639448
79886,54.45357032004119
91111,40.467507185691005
94917,40.752828774901076
2183,34.64955481776166
61028,52.02443411252452
71378,48.045431359014366
53505,51.038561553154004
55416,45.00334221796089
69929,68.93819419519704
52790,51.94164462385596
94245,17.615242672913933
47484,73.28290301881874
10673,60.02778072058371
10940,49.25548023924859
80281,32.84804812111787
99474,55.46246762699009
97586,60.86847247115761
86509,68.03062606333978
81495,59.26722570883803
11521,49.30013058307094
26394,67.10369612312273
91256,60.301467757193286
85145,57.47014518374407
81864,55.251070835517346
10711,68.63625781554921
59682,45.04112296380253
67032,44.59399184968388
73436,59.357461830816
9935,22.456711685369203
46424,89.99747018744912
84262,59.9651336980204
42637,43.477624474311654
83495,59.02398178973925
88264,59.1122591985387
32449,70.96265333864568
81543,57.041529701267876
38943,34.123205998307746
9051,69.58692436336078
85078,67.64597916260749
881,40.69118830806562
47895,60.931467273595814
49219,53.31471502483584
19439,52.16930245056398
43955,41.21062884927347
8545,61.82308049934659
76912,59.842634027011925
9915,29.801566908876456
93895,66.84788048913097
17396,56.05242638781444
80119,38.55554444908659
67565,49.19807178363395
100607,59.30765343405742
17699,36.339058278733525
70782,59.602791518826756
87052,63.39203217804054
34345,50.58539131974076
54508,57.94207178841748
25056,34.09728538803183
81966,67.59563629227047
101951,58.671025834015616
10948,46.65440402739777
49517,63.57564333412795
17766,54.61163842958416
13353,56.957923432997404
23716,75.0206997562751
58010,36.449326804984956
78286,61.19438504133557
21359,22.05072927734286
95068,61.47350737985871
9431,53.77564601371097
60719,64.5203778155082
20936,42.01326716982722
74237,69.50926952159067
61442,40.33467206997928
66349,67.3292211241373
42285,47.79457314150411
7505,55.9147012175494
75341,59.81529576420575
44661,33.15185756961799
5151,49.35309480020012
49710,60.526619506300634
12166,59.25181085899383
63644,70.04462298004802
35300,31.062718069732988
24046,68.33454341318925
7327,35.592440352901534
30028,58.54392896774187
69628,35.656858388600504
91505,62.48248414254412
92559,64.52962281468952
73003,45.098364661908676
36385,46.82475239095035
18841,27.102843441828316
24035,27.273875063378263
34791,69.04222446494852
84037,32.83110423983916
34368,51.3518953812688
24824,18.694796289713764
33377,52.3337216564178
32370,47.12812816318985
99113,65.04998447923582
72409,58.81892865408553
102332,60.160852718896656
14467,56.11262227009011
28769,27.92819234711257
64589,32.72313905022836
33356,32.590211919247785
81281,69.5170873587931
38842,51.05906383927967
3153,51.34101873464049
65716,59.39394253630364
92055,22.79767554869865
46693,41.77087642905972
31766,47.75955446912322
51308,41.65746349375374
8328,62.16920938291366
56813,58.46690469606105
33995,34.30236076113542
33131,69.64356662670268
84188,63.31341166127328
8476,57.62173158605404
82966,46.86439738716812
6089,66.52150763842992
61882,59.96509633389242
91740,41.49453695119411
57449,65.89075264465157
58356,45.43430815763989
21500,40.473794957043175
58758,51.243805642890045
53598,36.66611150470211
40498,47.924003650689784
15438,69.5170873587931
8485,34.35753700130707
77644,27.2216788245026
14976,70.87356458215486
99026,63.70738709735738
38162,54.749765972808284
14052,40.42146828382644
33150,59.98661026672361
83286,19.332936249121595
28643,52.26817427412694
57385,59.996472316313785
65444,40.43728878839768
35199,43.68058458522162
49851,56.39221765090852
12592,44.8259338328319
30342,56.68064705584976
14648,46.09374081136651
44959,60.12110664893008
44443,35.67329345708023
83729,42.931435395196814
35028,28.778094819095717
72135,61.04764696627467
6104,39.09316969134652
39776,46.54641563016343
43878,54.8545674814085
67862,47.04743837832703
93362,63.46348918637634
30494,60.332962114661775
51611,58.64823251644203
13809,30.36082953399083
28829,39.398532457300625
7350,68.14697508252173
10988,40.824501794185274
32008,40.32414074832761
10632,42.11946166087728
39712,46.57028208792518
58704,70.29153344323512
47393,38.39556117737074
52381,58.87760252711015
61027,61.728759055954036
6644,63.40145842257061
91140,58.01983250863464
101361,41.21509933882972
93610,48.52152365067743
30126,57.94165181009913
79970,28.347565176196348
95591,61.78115557534838
35785,41.6637606694961
34955,57.09958925266406
91940,67.73726210258879
82373,44.877739371526395
9755,41.031310733509166
36231,43.107990344907606
36962,53.27555304975499
22850,38.881226719812545
19142,69.59884627342753
67138,60.24277714583124
77702,27.937740468589613
10423,64.8118332131838
34693,57.24858085493871
72886,60.47164286097001
16389,37.74738957672756
60117,51.878988616729714
90425,64.48123109465241
100696,54.2980779726975
25807,32.163782190190645
58412,38.569676575085175
26807,45.554458951754285
101282,69.74993544972011
31653,49.658149058259724
70202,62.878597322545744
11642,63.72284752826371
89588,56.31047415273243
4850,47.88293636489047
28731,48.83796923413678
41160,45.61627717243365
53184,60.77573959869308
48410,37.397265074781814
35981,40.708571888815506
50255,29.14687459980493
96936,57.961456627803436
101634,60.909800946244424
73728,63.05313135180327
63123,67.09671168856529
17092,59.53891072736854
42888,41.699680067584225
19632,56.50879658187062
23165,59.19754197745258
17753,70.44612539056641
7940,50.18403474310052
31839,40.476462433031486
73144,54.77442502052992
25117,41.87574002553129
57284,59.83503282576297
32389,45.98955524239561
60433,56.32458039611048
81506,63.67522002160544
96259,50.08417235274628
23552,42.40987010692558
23006,44.14525691372703
58706,55.5202376944117
96456,47.82959911000587
87968,69.39509754930315
60046,58.61042282931336
34738,54.11177922141308
7163,18.595045365641475
62217,44.2758198126476
4606,62.975709158935054
33363,48.4881383054704
70416,65.40514424881357
67432,52.52390895045516
70044,67.09061888646409
28220,68.6566996561543
73736,32.493333943129585
74933,60.40191076692503
19075,45.56148631079896
98043,40.519194007026115
49084,42.697324845362324
101759,31.46912435983002
40141,57.2574632531281
93942,59.38410076329286
93826,65.0781683075058
28620,56.06291794404768
87399,67.2480207186843
50990,69.40847911989619
39256,39.437379478571096
77894,65.3222841042657
4657,59.65885913983006
64047,76.05398060775896
79879,55.7974487636101
6146,53.239314437427204
14446,69.01890097972272
41061,70.09806393547228
4524,51.81760920329198
84563,29.81642296449817
45226,49.934610879351204
89467,59.91977723829621
9922,60.04508436607197
54560,45.262790350791974
33407,52.72882771837336
66556,61.429141264856455
63083,22.1732765852437
25948,67.4137152339468
64734,54.730657113916266
48084,46.52856789667069
36340,67.4503831479987
100755,48.557057650697196
2292,48.09171357131591
9386,59.48480094808763
22425,61.7814263423356
72806,57.67174649161626
92505,57.585816515606695
49052,38.244002349788104
62049,68.61522573492739
16074,59.09678317782093
22174,55.31151582979038
51492,67.61456039283951
84792,69.6412837021482
49491,65.88207579497748
93505,61.33294828373213
13053,69.33299927966864
40434,64.27615130166792
86144,30.87506859217803
59861,28.58382450933701
22324,56.37976714341492
40254,53.68865166199335
43741,43.56993765897383
15038,21.564352689533926
76741,53.20871027505024
86781,56.17584764090488
87259,38.97118619398208
56100,49.53820976610425
54679,58.95645991748957
87461,46.90608189031348
80947,35.86997806459012
73974,59.883761836445764
4498,64.36375303847392
20205,41.164254590739276
73422,45.714161168207404
6162,40.79829927738655
34513,61.48500126064032
5173,32.42038949816949
24497,65.25735334650288
5469,68.83598434904718
91755,43.299575128069336
42505,41.96207639097945
34415,38.71786828973236
52076,55.50985967867839
52494,47.66561173607356
20812,58.27366245236527
80291,57.47829041513462
58685,52.32892803395716
93083,62.217268630103455
81995,64.69775817981764
40314,33.81949229481092
53125,42.4687983812663
49618,25.088606857190353
54939,68.88757116114257
25911,22.441902468446184
78717,61.36274294681364
81182,41.605160140164315
80361,65.99789213925034
32832,36.403729736150176
16096,60.66734732300334
3989,58.79715843580161
43363,46.78671502855485
40458,31.001462587148303
48208,57.50148527297778
2176,76.13555919568479
25871,51.26163350586281
90913,25.588813497946656
87245,26.824364522986958
83604,57.78642247529791
565,62.014811650783166
33700,67.44698490633708
96962,69.51457846378668
27638,25.786224685801226
76232,28.73398534474113
44749,66.4883413006337
5124,39.18078362451183
74063,68.79601120505838
7370,59.660259267752956
96464,44.635390580658715
25645,46.39106336167781
31315,67.0153670187808
17318,53.085678238006885
55138,70.74844796067076
51373,58.80011940261221
1144,64.65420789104576
8341,49.330016600168804
102379,42.27772283137402
28158,50.805414351258996
42943,51.83698597988726
27285,63.289205116284336
62381,59.32759855431206
58634,51.3110723608832
64904,54.891360666216684
40403,64.07660600319034
18135,59.007436745185124
28738,58.950952943103196
60409,65.91880572476485
49748,41.97481770000247
88537,44.96556291132753
72803,59.348591667959525
20302,49.569800056405505
85610,67.17141099078768
13703,45.84439704000154
22109,54.57891825635115
31381,61.28978876188069
46388,68.91026673982827
95124,64.3935487209989
6570,61.09355960875878
80397,60.39091348132026
86669,68.62692843791551
38794,63.74871095830426
82546,27.532872468900468
75927,67.09933821987154
55637,64.38219742137314
84032,63.94808537221314
932,63.288754008193884
101035,54.26028890695163
94485,60.093167377537256
42118,38.766370427579865
84452,60.62683407936195
51266,33.02277507073616
99921,55.02256122599245
77925,61.41804685299699
60515,66.46212299593252
53886,65.2299129923601
5419,62.8751288761907
67939,52.520235072418764
85735,57.49684574939557
42861,54.17882300122029
44064,52.49988442808651
94373,54.16616089089955
40346,45.1023398314468
43786,65.2785814807542
68889,46.48483448174621
15166,55.153749124142195
66226,40.468598597875946
8771,71.10057338556207
13798,56.905395735930206
44317,62.187867627760895
42632,54.54616260565571
31029,47.31893179675116
4809,57.3982718630684
88862,53.14053304409293
95251,38.24644877665257
8047,34.47907789412876
16607,56.654284869006105
47875,59.48612988214244
39315,47.39691070869286
92409,58.05533586197287
33594,68.56727899896693
76529,68.45703941593487
85576,62.13174683404872
7386,50.40331601848373
43087,70.38625477883528
80764,63.089637697926264
41075,69.75317551597756
65515,39.5345901787845
87320,48.364226688054025
61749,69.01229872925717
38607,39.883741803518085
17305,65.56681802258268
93441,63.23826263201432
30627,61.07402005151558
27759,60.87132595578299
72196,30.990874250883707
13605,59.32409458851566
21319,31.381143850134844
13109,49.37518935460046
1412,27.380948552860655
43358,27.080161746580313
41999,64.2392077932302
60881,57.17734421342218
33496,43.138026885091534
21604,52.41231056834803
6674,49.61652293658926
50482,60.02439129455996
73583,61.36171984340409
23738,58.328109291882555
98367,42.18254136634132
74085,60.67319476724907
22427,50.224415494301056
3097,30.175905699599042
6320,48.99330911848597
31031,47.43404916308088
28117,46.1655340831953
33664,65.0067254130026
47523,30.984709884230707
18537,43.37100853110358
76888,45.643298907033184
49001,56.5015661300047
47322,59.479222012938116
38312,56.08096273332259
51470,68.37652827219746
82740,44.41278087232689
36728,35.59362642907047
32414,63.35874025315782
16709,60.90792951869143
80605,47.68224497222329
10416,42.943562028027884
34571,34.83823299552201
60838,46.13349643344973
94479,41.80644463719949
92428,67.17662177179831
59144,65.06890815082296
82146,85.8657143140354
62997,67.72183067456831
37209,53.45950948207858
15348,55.55502489061666
66046,69.40847911989619
35600,49.869087581056746
71366,63.05827157786467
45850,60.5502083808518
38290,52.529700461381864
12937,55.75672139637845
31453,38.73774364698923
35386,51.1290909996163
36562,38.97700409146807
21169,68.86862940724147
93617,61.25708307852865
72997,51.42668284681645
16328,67.48850586054327
3258,15.590771076221511
60910,55.659568671472336
42914,67.00888781889545
20628,22.834441471835415
87995,54.285548540660095
93863,24.136599613584178
36886,38.80460370624066
70856,59.27747094524057
32842,57.354974575096456
28126,53.01404977573867
29521,57.75203270567682
64853,65.97627861284852
39430,56.59707937267701
54405,42.23883772545084
78063,46.25118665912116
52884,53.34647917563748
73714,60.01602337037461
78990,42.73778944426714
63305,57.358266218375036
80331,55.739648114423815
52962,54.87442511554575
30176,52.61044871167075
100347,33.4384892439109
93759,32.873424886393025
68059,49.69101035787923
82396,19.258764991365155
4877,48.37239099661357
59941,44.8496824869684
30186,61.55172717105293
11048,59.84712579969405
40068,28.17889378906372
42840,61.25781003469822
76178,59.38819714035629
5241,45.163910947104995
33812,57.86844395408662
41294,47.07787813550207
58245,54.46832293347364
4982,60.51522091148941
29000,37.08553132673303
10478,56.210966397783544
36656,42.97881695898946
53290,46.867569077010906
38107,52.567090366577375
59470,59.315896028844406
41819,50.92540781258357
92232,37.17796252707203
94980,60.31744039028338
3932,67.91802369696968
8797,60.29115062567488
5405,59.06176427881685
15601,48.86511005491983
8277,64.8096606786234
55939,39.600131245192536
9411,62.19442658185468
7523,54.12495150527099
31467,68.44447672096737
58120,42.093856084042606
15195,43.88303620437603
14010,53.62703345940494
9514,57.03199349731365
62626,25.180431421591358
62062,55.80984301374114
89394,68.25927653542183
882,74.67257792314959
13623,32.23626425994882
66808,44.20645006522564
82331,17.069971445753353
4836,34.48689702274897
39944,49.44599423227478
46496,59.523574746406204
32042,28.463473212205564
82498,31.42537726007609
52797,62.10531356196913
25211,57.79781624082028
61789,63.70738709735738
22478,45.864960591882046
60782,58.776865189886976
21044,51.88272575013233
26277,60.24768950699108
23987,60.994852284261285
13654,49.32078710680583
71162,49.11376335601943
28574,46.42618363264227
23961,60.88733298815727
12365,42.05812443499894
98731,61.898065542228615
99966,58.805844785115
94189,50.33737145734693
64683,69.3084856372609
636,61.25708307852865
19302,46.47797138682039
101630,22.55991688141168
68393,59.14335800241607
17889,43.25541042099306
79233,41.91428017288126
28058,60.15603965478447
31177,65.7118594529836
57708,62.49514229601327
52502,44.13626813590433
94368,51.04163398707951
57495,29.76850895197403
34234,47.973692463467685
27029,61.354795390677694
46717,69.66887315882563
42699,57.271125735330195
60578,42.367322382229915
3039,65.78054601057993
4756,50.80429081304539
31195,59.49849638985312
56671,26.412445276400376
99021,41.82545405360378
65835,69.9879135991068
7124,61.466336059467075
98112,54.850478155678104
56026,59.68631594362371
13272,57.925797738167674
40947,61.5883162552349
53354,27.270718035575733
75117,47.17307070009566
44374,57.91845285728358
20245,60.76330004886323
356,60.06200897362181
50475,59.348591667959525
4980,61.788742703320096
37867,46.234196210967475
7298,50.20492902633129
38022,56.73845269188213
45810,42.03225293398314
31317,60.221645093097365
64333,62.271335424430156
8894,41.841854987488205
80701,67.60815307148741
27960,21.900790734940074
70358,55.5267671295304
78039,45.93513961658019
79064,65.32346971393095
92490,54.42833686805531
88341,48.16565683781553
96186,70.04462298004802
49461,60.43547965487529
62362,44.746674215780224
3332,69.92043304246171
64739,60.5548933146238
18818,40.91132194652081
73719,69.57692112516827
79454,59.517489819214134
30013,14.465058690346725
48908,57.12328070112264
12595,50.96333651195724
33784,38.97194478710595
43983,45.04478592191386
91938,21.410698147427357
48792,55.44836936587743
67960,69.9879135991068
2128,61.791492631804175
4024,60.891158976440494
75300,53.41540518128167
73716,62.57707753797419
71006,41.36544288655961
83301,67.7999503315471
60425,60.93288759538957
81416,43.864057168497055
84473,60.62482441276763
31743,40.03955962913589
50197,57.675393307919094
42471,65.50761805287435
4767,56.191268037948596
93525,62.977181693868644
63808,64.85969722154407
78023,59.7837276744514
96152,62.68098388920313
54078,32.457377672664954
72005,60.70735245631149
37784,56.38531703986405
21089,49.200232094944134
7441,39.863343596599904
18744,54.06171400849781
97479,66.07875832527907
21633,44.00502382562155
67112,56.07990806942632
99241,58.63646515090247
89028,67.40785094839168
16910,41.42060970968786
24407,69.9879135991068
9170,34.700501603790805
85425,54.07729355317907
61712,32.19417610736677
69116,67.4953942969848
61828,59.70181318813281
61707,46.75858965981092
78689,57.06974592971057
18801,33.7202003905837
90778,48.60578326170872
82185,49.06659404725853
12449,59.34810881707643
20109,52.070459576663104
73058,69.5457055257053
22206,51.07318153718267
50890,55.40512674025428
42022,65.72430983723238
92116,34.931508012437256
34382,54.08016553639677
28386,58.2183620822653
96752,55.94823555906165
74403,63.314079431158504
60994,26.83865312815137
48677,59.92377228879341
73973,61.36581457560508
32573,58.52879926315041
18857,67.7999503315471
97583,61.32209187406599
67805,66.04965658677928
81339,40.13293632401659
80112,67.1178295803491
56482,58.18595513862394
31137,61.56097252437817
72960,68.44216679120719
39809,41.508428640834815
18963,47.33582864370419
49605,52.96955639082087
52621,69.55006340408985
13031,57.59387206008404
84662,68.25927653542183
8955,59.98776671660055
66692,35.07243207053746
61734,59.380151960730174
12535,54.299560544571186
55671,69.38243949430448
51164,52.1054857234123
44271,57.22877824941647
91400,28.52265001793335
80401,52.60497483709496
25053,57.5022706201981
68016,53.62942758496163
41687,58.607737420322685
57011,39.089071027672865
94632,44.73185859336807
86397,67.30265297657536
92032,67.517369415577
3416,59.9405313504651
44904,59.841962210071536
62484,31.70681507616546
54677,61.679781604780835
84031,59.96258073742636
30906,48.79266273040276
14522,70.96265333864568
63867,20.914642997043767
38342,63.22153587757884
95722,48.76528308976159
65184,45.9675892006193
93317,76.79228492238968
98997,59.89557421500999
20845,38.48596340415061
27498,55.45734784525456
30608,50.31166303533682
13621,58.42379789223209
54673,50.642010865511075
71948,41.27931021586055
66011,61.332727846127995
29755,68.95972508214165
67544,52.10079133037094
95407,42.11295092708723
32786,56.464103317740246
4926,46.60954520153693
21234,59.80890537093066
71480,67.5065198666562
73784,31.003756101432415
7319,67.6674028923958
37332,39.98237225299456
64652,56.13383898612499
92854,32.809891162302
16849,54.763142747778886
11028,45.54543741850584
72680,44.05584049867679
36074,38.210131894206995
14609,44.49689667010915
33277,54.73596181772461
1138,45.26633137539827
28348,51.394814603812854
75101,70.72534396566247
65310,31.660001592003763
98467,56.29459554818786
16242,53.14189659327342
17708,25.29238791335878
82778,51.82915865792747
15646,52.76486471930325
67806,61.051096982538056
81403,61.28161179206788
25731,45.98124996325444
74022,34.52406247156528
79918,47.40873872447692
96597,61.256929869322164
2161,64.20933431462113
38383,51.27072148377761
83570,59.518192083725786
66859,41.96867078387474
70751,50.05292047396575
11708,58.57986836795532
16155,41.50957461670683
19590,60.57020343857282
10230,40.17779306737763
70347,57.2726444838112
3992,58.56037120952727
101141,70.52143915726354
76241,56.49098297289092
46142,48.389168811762346
91364,46.97292394803908
86798,55.62183709965608
12045,59.29642526664618
80482,41.42466340486047
90785,66.00650737501171
35489,57.83126417149434
90000,29.068288803091047
30185,48.466690026794275
101575,45.793056604976535
46092,65.32437894860016
67453,42.988776535445666
22955,64.30276690416704
21020,43.30953383194436
39477,36.89332211278864
102197,51.5819309011567
14380,55.4135634074736
56524,57.391733632898905
67931,44.510116065082094
799,62.7072559405669
47023,46.526221124228094
85731,60.24199475095605
36523,33.08052575336926
11119,58.858001689502814
64253,48.71728269753645
54274,43.31848429652221
74871,56.48332663180332
8754,64.7472652767272
40099,46.35466837193176
12451,60.51718496713172
100431,57.15993570970465
96337,58.32551801914269
5953,63.24977322653853
54553,60.24305897866267
87889,68.48610930652845
64990,41.478715303967235
60502,23.6142054885886
86663,68.62341336898383
30626,38.038385313477406
8209,62.31390377956532
10944,32.814733317222974
63304,61.440138017302736
45682,46.75713112618665
47286,48.53761263598008
3640,68.00850139350275
4302,38.707733252288676
46814,59.880684657703384
72667,52.20959300119307
1802,29.06770337983819
57004,57.60677411027477
56553,31.99587702571382
71730,36.641036005576105
15621,39.01344800692807
58185,69.23672319837956
101692,48.487389871090556
75387,55.1595776277944
90313,61.06733100139763
81237,45.65498191712595
97530,45.700947661018816
33345,52.14053356645255
24101,46.52860020731283
97593,60.29254297256515
11884,48.7640649144506
46132,57.5087122251605
499,32.97128198950599
21285,51.066577694726924
77482,55.54323318418542
83507,59.17948119908049
84176,49.797841967633005
9469,53.00084526931531
58164,52.054059392902715
1410,61.582859511897006
8314,68.5517322509791
20273,50.721828393686685
9111,54.108878608826075
25062,20.430813947552497
82275,48.580591931269836
53824,30.92324469984425
828,68.690325069865
63129,44.14886406778449
49881,81.42289722971529
16655,59.05323758252755
5029,63.07667702726254
47925,35.233817911661056
11176,66.40639275688761
61703,58.96072587719361
41903,51.46558028424488
13916,29.930255036346235
15086,40.49843378840664
72267,60.297333263469625
47175,58.62783576780902
92726,36.10885034226993
91880,52.9912996048727
83102,57.67631668233588
19164,70.84995097835665
56808,61.679781604780835
29799,54.53547240916623
1172,57.4212215872337
72939,24.681036647018836
85076,36.86174217402478
29177,60.09066430128507
55551,60.35271817071651
44534,69.40334538525799
57809,54.2676100563569
31870,70.04462298004802
7903,34.55390513504203
84558,45.58303812431173
82621,51.608664355849825
66689,54.3416036428641
89387,37.94299740763764
87836,45.957354776098924
58578,64.90063213612544
40820,42.85415666714394
44701,61.37714511118066
35500,44.20984393430871
86422,66.94145612603909
87386,63.366457287914955
176,56.71161065721778
50082,26.151789838060846
58522,41.57324782570508
50032,69.39491809381576
98100,37.39479610504746
28578,55.786227701346
1570,49.26002839095197
94693,43.4620448515455
26800,64.74739958883794
88357,58.882295979576426
41692,61.656924513743995
101804,36.95325877058095
94779,52.98279291091801
37248,50.45881412858592
15251,59.47103622958143
14515,38.08017269325792
34171,63.3415825732945
47069,26.94951574497348
51236,51.28714569890193
64925,45.97309504100514
4418,47.12108607384685
57383,63.6218919867305
80867,21.87369629237007
64667,57.88614047505323
87573,59.907784839446904
1333,43.4280603255024
97208,34.86001301208477
100331,48.8750674014664
67589,50.71757786219202
98637,40.91267865791829
66774,68.29982008834982
80412,60.06153464906311
2716,40.57623312371473
864,58.87821126261731
5398,67.64427584270854
83187,69.33299927966864
45202,60.966683231686574
88848,60.492818860210754
7234,40.83543120594104
61031,67.47484402580437
46352,69.5170873587931
80285,55.895464447938664
19683,60.82505761473639
16062,28.751318341598452
14628,46.898640798045264
12900,44.32850273326081
81208,54.91704440588137
19253,50.28770519566642
13442,58.38040377830356
95393,61.98457863247402
79285,41.603369737469954
62173,61.70457292077599
58311,60.00006936335481
57829,40.30996321976183
25257,41.6204353508479
43530,61.20948896838314
62960,52.82531686836543
102008,59.59779510319647
64319,64.91384894304399
36898,60.143061572817885
73685,56.14461757377398
3794,48.16697782381432
27293,64.76703027996345
53590,60.39023227841029
12572,60.80519994691348
86426,52.900070082472105
61755,48.37149105991584
66362,62.03196287851642
45747,45.55042331252257
47893,38.06745717655774
5121,31.14702484532158
43953,47.32480175326168
96255,54.13029200603594
87491,57.699780648885486
10834,41.37034993145261
82258,52.372239163719826
27367,31.653689018006208
21296,67.53583130881749
82041,43.68901273872614
7620,48.23137637423134
100283,61.32412557297719
72755,65.44068326987363
2529,67.65441317351961
41832,48.060711272143706
97844,47.30794529104005
39942,49.96101916744871
26794,58.004384450345235
85304,59.67432466633282
20114,39.04800216345294
10586,64.34360512328527
69678,27.245560965164028
31272,58.197280401800036
52611,64.60066688903225
98679,57.82314451025254
44993,53.2085845517886
73945,31.82525065997819
35610,50.91902735144238
11778,59.635066989348026
92397,60.32424194392452
39873,69.37088417146964
72844,54.04024015137065
34057,35.07498207896584
60090,53.40055761797027
66419,51.83416414216009
34339,50.61935444626893
39525,23.662542676044794
501,58.443861609531595
75156,44.02195888692307
32467,57.64189719598574
39528,62.029666219341316
94213,63.1851492569356
36416,39.15900509877006
5727,59.94316083028585
38901,50.315359257753606
99344,57.6834393493047
64000,36.54238354787939
96240,49.4374101711951
74499,60.91782758121644
42101,56.45106114715482
84367,52.955134248373064
12327,62.05732089692896
23506,56.9055577193758
72084,64.70841146082189
45381,59.137000668047385
98930,33.294021504357126
99608,54.46654072536824
38236,63.77657178554709
69159,29.186194979279673
23538,40.09415438372058
11289,59.90557608313506
69605,39.75228692077549
22602,39.23179912396729
66910,36.93660124880437
95055,44.12285598180591
56269,47.24038274672986
22221,32.074995424813345
27770,59.65944044633182
75546,48.2601526214241
100782,45.14560478403037
17370,34.17193111881019
5112,40.783982855877824
60531,34.67756458660183
47771,57.20887421878934
25619,48.117371724147525
44371,55.52836318698559
34535,35.67490684961762
42103,62.84104418716589
79328,58.87981014398106
18530,63.77840983398493
56648,68.3728238152214
63757,70.02551847021341
13995,59.213042306230456
50258,58.33110071143812
48305,46.93325810795705
79333,43.50607104954467
87674,25.83266000137245
77302,26.733448294619404
54511,61.53205350305316
51402,60.040059298021646
18920,42.97684948181902
9961,57.58717789194895
69337,51.9600843233155
24957,61.942778735577164
8960,68.16784750228061
3658,57.58037938179909
35446,42.765111628546514
5420,61.953310636727174
44231,61.02327985017714
46228,41.06583173964135
54098,62.62136043949266
1498,40.475689842491576
79249,60.42089055685692
75055,59.702253261121925
5208,60.2956184455864
14604,65.33406816891583
50944,49.70502788175956
79287,54.83099439070268
98559,42.26044847333436
86579,44.94199364296853
85259,68.53626187460306
75520,34.306247770894764
43166,34.94514350714412
64130,42.078082462115326
55860,58.63866136579655
45909,43.24241170290656
71471,34.306121039399926
20400,68.64051307219738
14956,60.35582673290605
33682,47.75031325049631
67677,64.42956472349356
74103,64.11468740784564
98632,42.213633025541164
91091,41.5241357575222
48108,45.452063207759295
17120,61.1119258748304
14636,52.04924115182715
18291,50.81646218361237
96113,59.20818021236486
88701,32.7797483823328
90075,54.16259187675656
41752,61.7058514079556
47438,34.68989922909404
92763,48.74886504348588
50419,58.10281841502213
69022,41.2127612376014
87712,53.671940466807456
44482,50.45167945291862
31648,66.17218699719074
8067,59.51012144087547
96258,56.140435783086986
56841,68.37652827219746
87833,58.3651266184126
52833,61.13856371210532
63387,63.441091593962284
21785,52.461750191893685
45619,59.950693804429655
83922,68.87551160543673
82492,68.78245370561373
17215,61.125334083351
21305,59.501136741793374
22471,57.12752653685948
91536,46.03424964234496
82148,60.33456112818238
65355,51.69987157813017
32313,56.02753937506756
7748,62.62536083256099
92605,58.919930508130356
43735,56.65460469387224
5992,67.17662177179831
43015,54.620287967522536
100118,40.27563583432699
39757,51.58053197416198
20587,43.432319282331555
32100,31.395051644531208
4846,42.580998655358535
16066,58.46624585008457
92360,55.10410391582442
3265,45.581968976767776
59043,65.0398002381668
52952,56.143502054644415
76994,57.48943324380938
23504,37.20858997399197
74309,59.67899264123716
52262,42.279784948556106
62936,35.87361130963967
93955,58.968012964194294
47054,80.66850933244528
1163,53.76567260453223
2815,38.76942424834137
65368,60.876381692313615
85048,50.793506810681244
61220,57.60962234711847
4723,31.08379561152588
66275,60.748509459087664
26620,57.19733999426606
83379,59.87469400077485
19677,51.049034582979736
57094,37.81433296139332
41974,39.15647789867258
81734,66.99652936741725
82066,60.03639320535382
71633,43.53952097427766
19923,58.40525758218402
93792,38.34369998800573
76053,60.529036926092424
50242,18.92004717005174
61649,33.361226634667716
74697,57.90132543501529
57628,47.46751416629699
45336,58.743003684892166
82893,80.14072797689062
9266,47.87476839668265
42391,45.777238060808386
101189,58.040605029284734
24370,44.19892419168309
1083,65.68153787633116
78373,57.186017041972526
61589,57.98667527038855
6050,41.23561698503451
33882,34.11278648340532
30058,61.14850055920432
82732,57.58181205633676
77596,50.06067533621369
82423,45.950703462579106
70674,60.24145125747269
5191,36.824114885646566
74561,60.571402069543055
84079,65.55135865113807
32922,61.4301736557453
33811,53.01580152458068
58838,32.87268619118593
28475,32.348272581084736
42281,46.18347002596592
45917,61.232560536477685
24242,62.306544136454114
92190,38.628093143800264
98420,54.645066594796354
28601,52.88237801854935
17811,52.929658966141744
43931,56.90731627037617
79685,51.967819402428674
82110,45.88765988859048
56151,50.800018847778176
46181,53.65804189025306
17130,62.8523583438586
58196,46.0781179435296
33716,60.84789578452961
10122,60.16795039855155
94813,59.464835023644866
71988,44.52965676585898
61101,45.105842318101985
101161,67.61456039283951
72705,31.00529369367421
11021,59.558789789086724
29218,59.98496556109227
17885,61.25781003469822
88677,61.30162638034107
89408,56.63641399240374
50177,60.15564857903141
48587,59.50185679584011
20989,35.5950238627059
28745,69.237376788771
33079,60.490828031643005
3214,58.96515914543731
44638,28.71465600738132
32846,61.38471432040546
54275,54.313619178732985
43865,59.45735090381464
56276,62.71365858842596
36746,47.06449188484752
7437,29.69677163952723
12007,51.131876361843915
61013,62.07519320995728
72446,67.76418422574656
9448,77.32311845709964
35360,61.57508731383626
54176,35.49346836767005
66232,44.31543416241911
96710,39.255907721211685
41749,42.009851940902394
78978,59.241059421872905
36062,36.14899864091644
18647,60.76847866512462
44526,61.956173814237125
59717,28.59101760819031
68034,23.355257826828424
82157,57.19361795163611
42067,49.67319458525939
78574,36.10546589233821
1019,68.48718973900448
92266,48.488427627610896
32365,43.094291959993704
77872,52.199988307877376
99029,46.82262673208233
57187,52.8780151953799
93214,39.68300917601485
18849,46.75440487888709
6593,70.8995014744736
8469,68.48614423315365
97745,35.45468908392636
67975,66.18227134759061
2121,58.59582746729149
95871,55.05810609999621
32621,52.34436967291891
23183,58.68947444328094
31859,60.449755556497486
13011,40.85004392152017
728,61.169307920975285
96743,65.76160174605654
16800,61.65979922508332
96837,39.745229892263914
74980,32.34140056912425
4889,50.16099358740175
79941,62.342057060894696
36670,33.08360616023343
44649,60.48149109329369
93660,44.01538441574446
39859,62.10874295036524
93236,57.46150959766939
38724,34.859602589327686
32409,28.22417023025326
45021,68.99176392934551
78817,57.91478520605386
76071,58.51418961975814
48607,73.18638591566145
50974,42.17652849685449
90894,59.44509073508797
97712,47.22058928247066
29466,60.169287237296665
21791,60.01578220290899
19510,42.761587675301726
24942,28.52979515194933
44102,34.60148949761096
30446,43.296383287599184
45029,65.81323416502532
1177,52.432765335430766
598,52.49495600289907
42226,63.23174147283408
56355,68.59088826298648
92717,62.477861629556536
86666,67.19125955563506
49291,44.88061251860134
99526,60.90149773727922
70904,59.04748624914801
28428,66.54001760511969
9973,65.75480748571479
92946,52.97482565805461
40514,59.546986509420904
72455,50.486173316483274
73114,11.307591536743693
36939,52.75278808252902
75904,53.419752163697275
10619,36.47352453861799
77465,55.94571035115808
95837,50.06991220257366
33740,66.55242297042838
24876,43.51404794783162
37928,41.52369417448929
4133,59.55938848733951
16847,57.30875015617342
11238,57.7805321460841
23405,28.43063690565412
79906,59.56621140513854
17531,34.371246898794986
84878,69.40847911989619
34100,70.96997274353407
90647,36.70598670909902
78673,56.146049176851655
45934,43.62358516793743
26146,55.682045382233156
67958,43.63279587390969
48168,69.09378617595661
4062,36.74006680550025
20684,62.929049388115075
80946,62.353246190790195
100572,59.81326327580884
95453,35.17039424316734
60647,42.55290610108562
7841,68.6895391443425
24024,43.444220622359836
100257,51.081843577936795
21960,57.46486937059061
101495,50.11170525287382
17038,56.18357604423911
102499,40.79250551603706
10284,49.4142202227035
22871,55.587967999355506
47443,54.38769103451587
29529,23.227846444839606
34137,50.528594052839416
67983,41.24687919133161
27023,59.82781746087399
5439,39.1271148781417
87782,52.67737649043831
43360,46.53306743136283
3338,61.10110139894362
40801,58.40807854622919
560,37.695457080018244
17978,61.465052850843584
32036,69.59028473392576
34511,24.799046083412804
93858,41.17054540309865
80921,59.06775341739487
15899,69.430060703594
9996,69.59028473392576
1686,42.963740672927976
16296,59.16818271716322
79554,49.536832064116055
57215,42.30284009754879
51193,45.09412281868208
97115,65.43164943556025
51496,69.00255826934998
30757,63.40242645537936
89122,66.30140244361414
44582,56.05816533706664
85703,35.04142088844853
82738,45.88576938343837
6171,57.35534772773812
91785,47.26635147763448
101179,64.87592023412323
29997,57.35662831278608
40880,54.008982011619274
5320,64.79996137220124
51963,61.36581457560508
14280,36.9141076237314
57678,42.235475539726394
41505,66.01284739795017
25278,40.88112307995562
90665,60.736243842958764
58377,25.308640607709382
63306,63.353149902862135
36114,59.202371482422585
26958,58.59487353937057
29611,60.298172153932995
87216,30.74131072220166
65182,59.56329062241733
27297,48.45785487103133
49172,64.87592023412323
43630,68.3728238152214
3139,57.82940670915057
22565,58.48010629106511
35431,59.82876127817657
46150,70.6102604890072
12630,64.2633657805381
62504,36.51128196522574
45662,50.47660129521744
59600,59.211450491458436
14950,59.73591827645315
50488,61.25708307852865
92212,69.69156566498708
76240,59.05323758252755
4878,59.01090045723036
54872,68.34649530830035
55069,52.66858522478079
38988,36.54600848039505
32775,27.230304058950672
53694,59.03849639724805
81714,41.096600218793064
39101,38.82576840879281
24048,30.58615937273807
26651,60.62648281323283
98076,51.802536213162085
101803,68.90287380391028
5764,40.53124094327517
62277,38.98576585657621
86462,52.897448588390816
29508,65.33931696791403
3402,43.291508204309054
1463,53.747274739926986
14405,60.02474053904859
92003,61.613085160649625
42627,35.29052893401014
62643,43.00437016743023
67145,57.89198210471533
170,69.64356662670268
55767,59.85887758000455
20403,42.056294559190846
41420,19.610402591268052
94759,44.8973942654754
60762,70.97853466461979
23587,54.58864237372299
93228,60.98459832302192
66086,67.1845087112377
25166,61.01076744399571
68770,58.23164636745833
33568,58.15263639759818
64072,37.33032526518893
17082,72.61000982025944
63040,50.254357147326665
22107,41.3032390776479
84556,61.29553950170043
12447,44.413399760591595
77243,61.956173814237125
40805,58.29125772768323
95868,60.22957208081645
10256,65.30717493510483
3492,55.39558252330261
60548,38.83133485693634
97969,54.41766287738058
6102,42.9985135166489
29573,61.35873605512986
22238,42.45153002030584
2332,60.19993454999713
17767,66.33571336806435
12808,37.75746984105737
66739,59.54079155405601
73348,63.47099632362264
50844,51.733354804037454
28238,35.03623697129372
74582,39.58930463265818
102057,54.653424303789926
70308,55.72836740333167
68239,30.840925992803125
72100,70.72534396566247
69701,67.39082210775295
28911,41.58859117040457
60920,33.83909596879691
42003,59.662289388067286
16229,57.08063854971074
39204,64.57130433269108
43617,60.695332236950854
53126,49.230202640327406
88600,67.7877741694571
57539,41.754424034197676
16751,55.70867541826838
13156,57.810547325440396
82552,67.38918784323116
78747,42.564502962417265
27664,36.00436697947525
59216,70.9727542143232
24840,44.02378054120564
32460,71.03392788402765
53004,58.182191615871545
41563,22.921960567944865
91518,60.049431006208216
3878,60.49063101595894
92582,39.051727722519566
26031,45.66515560964598
102162,65.2595360008327
54618,61.85714322313574
82077,73.78963430923494
76625,58.39129227252485
100327,57.301888058484245
32198,47.16241002436149
93247,37.924080492622686
50044,40.89785779185072
100337,31.45183690773371
81307,49.19604825887751
54630,33.50937516582292
90671,64.73232650150675
100120,29.013070279289032
16901,47.14006552110798
61095,20.876739162461803
69654,58.418275672657984
18162,48.5839016094788
94546,56.995098139594
94689,66.20299253318193
4452,65.95047199168518
74860,70.07117164300762
93309,54.38106679917229
15085,59.59763844879116
25446,64.30634689937413
53148,46.12556073797643
89762,57.18610169820369
33202,40.494637062653695
101695,27.886175089177524
86407,59.13354055389198
53293,59.45587004121424
22911,55.81918755378286
90261,55.698151486227914
75270,29.38152810614382
94204,45.11867395197117
8638,32.79955359584485
41384,43.06900167175774
16500,55.02537863989797
24543,57.47849600250918
81602,50.005929423352
91,56.52029542240091
90327,54.634655185021764
62814,44.94830294007445
48398,69.52272927067031
32332,33.72078816687943
25873,55.88397425693756
99469,61.03887506295125
86733,65.11365399947798
95988,24.708198598218555
63363,42.86139309178695
55339,47.53919514930763
83554,60.985082040216355
6744,49.985195772021434
97217,65.26288286440325
12509,56.87584748417939
40670,34.451363220433606
65317,56.98650250516819
45280,57.86698653248797
29089,62.71405436984752
3400,50.15197903919412
68545,31.07750472283427
99062,61.56764780549699
31573,68.15649910978642
22016,47.582432962136096
42743,66.86512573661278
62520,65.22917039793343
96966,57.235321599628854
26180,62.24683148227167
93763,42.69408525563469
86899,50.03019082131427
66958,29.61283630344176
24609,49.4949307568251
55035,32.025421753445585
100471,22.437140301627984
10071,48.131923205148176
80117,61.32990357817723
89197,39.58687580011543
88,66.88150246679886
50637,40.7427213491995
49102,53.476533369383844
51146,47.744655181260214
13713,64.6219253490473
97463,29.21028784765658
21144,48.60128227483802
1713,58.898725310646235
19766,59.25655180083731
40369,58.78582662450566
42578,43.02996907904605
8700,60.10023861575773
45054,55.804739754194536
45299,59.146165021573324
101513,55.13924365775455
73979,55.47945605067029
63506,46.72589697260316
90642,55.36025651025889
1126,51.04786612925587
9556,42.009459885178224
28692,65.81339287626245
77639,58.90275496415839
11937,56.33450457895417
3456,60.79455875809364
97759,48.2103423674411
38686,38.29195350003752
83149,68.48626386145331
24023,49.35420145801221
67859,46.76930532846679
63741,38.66470074109503
23127,58.5252598281512
36805,60.649354059591026
73694,64.5590809969884
93906,60.86101102133243
82400,69.00945433448459
95211,53.56318334628556
55275,67.14369906158144
33422,69.9800800321409
33649,58.04535417921242
102209,60.95435927470099
57342,54.822734668457514
22545,52.253740556654044
32279,56.429699695867
4094,56.83661972710245
84544,38.761451639358505
40841,49.18092932948153
28201,66.83891289079196
91435,68.53048202631052
33143,39.29770811604178
80631,34.147224861343034
18405,69.61737046898615
41118,48.83847683406865
96244,26.209184302941647
49391,64.6304422300825
47153,42.927656183179764
39971,33.34473925676513
27966,27.876330853151714
4397,67.5204067494777
17449,58.56198624210795
2252,67.36322750192396
59148,45.53591879442276
99038,35.91778075897742
12767,35.6673364026603
87955,47.30727411460036
2735,58.22925137881578
54718,58.519601069363326
41961,66.64628074633886
11403,60.758714205756924
95615,55.41076996587965
92255,66.93579508126412
99161,51.72812068116131
65682,42.702565417259294
50532,57.167400195929524
73210,59.69798835396771
82873,38.47138168967746
9167,55.86536654275185
97693,49.781733874511204
68772,55.4503001359869
81594,55.60745866046861
74215,40.70717485730789
33964,67.91802369696968
7027,71.52350836725743
21995,53.75400603270327
55803,42.25458858596043
96938,65.03108185154831
22824,30.89026212894682
92197,52.36158079823677
18808,32.599583461886446
102159,61.213015773949685
15411,44.62375323226036
46031,61.74980029179587
31965,40.02963714909671
80685,44.931116746293675
78796,66.19021538494593
70262,50.585916130663215
76832,39.21094807540076
4849,55.34902722031027
90831,70.6747199743581
19576,49.66908902016325
6073,61.91814668586912
28086,48.60618824490527
89495,25.361275646798813
31040,55.44713837300226
95064,73.08429174802066
85704,19.97850981782677
67079,43.718569881027086
47888,33.57566767169968
90382,67.32682779349749
46711,71.8385590913425
9113,61.091204613639114
22874,42.11139885924577
32434,57.38736501641018
92927,33.13810636037394
66361,63.72472233949235
71998,30.134492736653097
50066,58.80490739401307
34691,66.19276951873792
21596,66.37459854522592
86294,60.36650106814185
16880,33.790190940164386
27021,59.39931658136919
67486,64.25331936703034
70853,58.59495817664945
78579,36.748153301339045
35769,64.69775817981764
41730,55.37341216004751
39362,39.226714019449915
48450,47.00832459226045
59931,39.56516689946991
58516,38.902550845304305
81820,69.59884627342753
61088,24.193799640592612
99918,44.85564924961187
39767,66.2480128145641
79611,59.59779510319647
23980,59.34761576961153
70551,34.48443908242108
72083,31.99201664724982
50977,73.66578636698519
52535,56.02172062125852
39092,40.083302005799275
72465,64.70700824099907
40826,40.719492769197565
30736,49.32449094887281
44433,57.80725138575031
71872,67.6824870501623
80039,53.71618985732751
59765,64.51072488844528
76804,42.45402742257133
46459,68.49227900981589
49121,49.82547996492632
66917,58.828242311701324
22646,35.14945508309547
64170,62.421685224473634
59078,31.312525311171616
44029,61.42955081487447
34366,40.06696723414814
5954,54.482669140696046
44812,35.3080317593904
66646,43.318776133996714
44523,59.160525554038074
2650,62.46206668889639
77060,47.671783651487196
31151,72.11864154833745
40797,37.8055130267277
61122,46.05641992050687
80533,55.055651952616024
10738,60.166192238335185
31208,66.94145612603909
90245,63.5660805089825
78197,40.87658668351696
78602,40.31969676880277
22566,58.56003651624192
63531,45.190147252148826
87493,34.70459927909364
70206,47.8684824046609
85361,64.21565133295127
1506,51.50386353258291
70475,59.2947305503019
49877,94.92417846471457
99180,50.93446322410969
26963,40.68923053901326
99889,56.3961426399907
102293,59.30248892670745
22642,28.93440716796472
25352,39.709111799695854
35037,63.936715262619686
59660,55.821257749135846
56248,36.50033220984594
20008,60.88081206612921
92303,45.14929807030773
5739,61.61974856667914
93884,35.04200566822549
5187,56.51615259100374
89517,30.95618110533203
79586,64.55908928665873
12121,54.59571608673277
60140,46.38250927016526
40200,32.58285039896463
89549,35.92531389620893
48906,61.408421254262194
16779,61.05117386312908
86111,36.5804833258608
47078,39.74399203508851
40111,51.16450302587679
77801,29.007417221998697
47408,42.109725928937
17957,60.086757102457405
55870,63.36823428471131
28396,43.6181692811025
31397,54.95843319074076
57337,53.254837812804496
83464,68.61833769104582
72726,62.59405102241123
96657,60.4825988692497
76008,26.021705288868546
30140,37.33461012675562
33092,31.573187098048724
37843,62.44124291458439
66605,49.303392717563995
94895,59.497918689591934
25460,58.4256787126787
16059,68.49227900981589
6545,57.77955680196672
19114,64.85632163249805
67831,59.116329068372515
7116,40.61649048953018
32719,42.9940631549701
54314,58.31774967361146
14959,40.50990122633639
100582,63.2388455097223
66129,47.26593298828328
49736,58.3982969165532
2971,59.298582343278085
47249,24.476169334095797
99617,65.04747077336883
101060,68.90789761462392
24995,61.260526579947445
47833,47.422692312509014
37647,65.36739708900832
52980,34.91890754128861
94457,57.440768643772145
26726,61.55896535140883
52169,56.9065226799218
24178,56.793478938930555
33601,64.88236885808779
5278,42.545121537085194
10713,52.481356336060706
8211,58.93852436124336
19254,40.410570390964615
93656,56.21403499779009
1354,64.6397263176238
79963,40.726867888435194
95592,62.43750612593185
34308,60.41065027100468
16913,60.135263580477364
13342,34.78631974215342
66747,57.32114736722364
87738,55.95915639443439
75749,58.95661363143325
102036,66.21877558552484
49827,56.18823175044449
12564,60.21994116173162
26348,66.72743632419427
86302,25.25153865400364
97856,52.33520176567862
72728,46.57114027869372
3087,64.27251204116794
42873,68.3793303189346
24776,67.29449527947024
75571,60.16625073209864
41286,48.00627640577167
37369,28.300743175368833
22868,39.9942882667016
89697,60.60387029141358
34924,52.77240175223059
13984,69.47468293665122
69680,57.620795698833845
42071,60.71473415295838
5177,61.60957839373577
50669,41.947867936421446
58945,77.79895634795001
50557,44.677066579505066
68007,18.325471597017025
13258,47.21563337774573
75384,60.793369490728
83051,68.58637733009031
62572,59.96709198048796
76335,70.06481762917669
16911,43.58510147996049
33821,68.91026673982827
50767,40.27751113573391
11963,66.86766014252254
37266,68.5103863561638
4451,27.910375372789566
47629,57.92442294325526
29538,54.20136014642941
5762,64.62358961067515
52795,61.298499753878716
39006,53.350240250004425
53432,69.33761484361823
37573,36.97959470104263
12868,64.87592023412323
31228,61.65086574404933
30039,57.05438187810022
30447,69.2462228152378
50440,43.4429920233176
54249,59.06725570480171
33190,42.38801756589353
12097,69.59097002926461
47863,40.52174410768767
6749,27.531884836498534
9852,41.73334112113398
17992,49.63168080721235
84335,69.37088417146964
64503,13.205781509114166
75790,73.66381450513096
295,31.60937965709836
8320,64.81162308866448
89605,65.94210241640306
100116,64.30824083666631
66119,50.966601242983124
33185,75.82304433586997
55946,34.41366279886769
5300,42.91377147368247
21421,42.30313851383133
7205,45.55539276205865
99309,51.96578726104872
79046,26.729303568196865
54518,28.927657160017432
12614,57.102864824552405
60122,65.96458656819779
54967,72.09480801904243
96560,68.9559279899052
49251,65.99460064529057
76923,61.11201441797647
102353,67.45662335152733
27056,42.2244450756177
8794,22.325047370839023
70985,39.006512185202354
13215,66.74418373797066
88958,40.304578130766856
61469,64.19650046705996
25341,69.38737184374564
21091,69.05095966123169
83573,82.94656379964312
58168,50.30740299127026
55865,52.713596560741216
95498,65.79446806574653
93255,44.765058481658706
45998,45.311191724797936
79031,66.70175382697855
32544,51.09954034797057
57976,37.277443276473065
40781,50.68938848106896
1202,68.9366114606388
98154,69.25088354205687
9918,39.63247536101627
45211,69.01229872925717
62287,45.60784561409849
58445,45.120608830026
49992,63.18301201448856
25947,57.10878485086317
79787,62.327062225587554
28542,58.06702743757121
102497,42.706091246419966
6830,42.75200842970346
65807,53.64097277872263
27765,60.31252251375777
59448,63.01042734952951
8236,59.192442545365694
20649,69.40847911989619
44229,41.814659221016306
71198,40.96003242515496
13268,57.32322511682274
58178,34.42608571617479
16376,25.588068957020045
79579,40.48234775028271
82906,51.013426867179305
9833,55.805696981066504
74772,61.4042188167355
46112,60.22172263242025
21817,59.709676143969915
51762,55.77771658451969
6564,69.37088417146964
23190,61.33156769234058
32330,60.559631087570075
10660,46.84012297459393
27929,49.72969511537444
53950,68.17667642368465
53983,56.082740665695134
72353,59.13378828593165
12598,69.01854420518981
59875,37.80246561165639
25971,31.042409604864844
82195,44.599930600723376
87264,34.424428340633575
1473,39.49180830645528
24837,68.74581066798858
59842,64.42056467307678
61432,67.2530812985723
34665,62.01158916397065
50642,70.72534396566247
53279,36.64869261806153
59662,58.749991592018084
63438,58.599260554324026
97579,63.388474559851566
20664,39.84938409461357
45598,66.38122197453603
81529,54.14873795214853
23873,54.89243549668696
28721,51.6200105616499
41465,44.645606931579216
16295,46.80776293420641
38314,45.07572606977171
38612,54.97818957660418
66928,60.464483855172105
86190,40.673762005367955
78917,70.44612539056641
10670,49.52064024293704
70532,40.119606970981614
18532,35.57710736727239
82795,68.24586747068685
97082,51.27235131759493
102677,53.784413285814956
60694,59.83397709430029
60961,53.18316003198326
33515,64.22355023964326
87823,65.56425238465275
56561,70.40159522369385
89173,68.71435868514534
96359,69.10452933342025
8006,74.38705972437961
56041,44.53491163775688
65379,61.613642886033404
24574,40.134925451015526
2068,59.13385197426694
65514,26.396496531657974
53434,58.04437520129632
8849,53.51183144895702
5144,59.624592122857585
39531,42.13524374011267
27067,31.0016467989196
101325,68.0646822884287
23817,16.632878527143806
74924,41.47444103877263
15003,60.34989507868773
60181,57.86177538558058
21240,24.900366627508234
86846,23.37912878023604
34430,35.62107489805579
94627,24.0888315682139
63204,67.01639205471754
43725,61.244227203144355
63461,68.9366114606388
31117,61.116655553830995
30617,47.075012489797246
60423,56.36310635326482
35877,35.00099102856553
93350,69.23788524008361
83322,61.33188080052419
38322,59.59779510319647
32645,68.06506230223465
27175,64.23046591854393
73134,41.91237692059999
91429,67.7421097401812
4125,59.85703743890249
100716,62.22569906861777
97120,44.18173580359378
53514,75.0206997562751
20047,57.662077663284116
78874,34.154432214652076
46318,58.28886308742569
51219,43.45023695641871
61236,67.7923834443938
30232,53.83210734222491
29490,57.55744579361134
34453,65.75788110916464
29504,54.241824677679496
15990,49.5598559337993
42795,43.49265811677086
62343,61.666644020011454
39547,43.27563989977966
77097,69.2897552950769
15740,57.72240247242312
30215,59.8808356772928
42294,80.90416282539611
77013,48.00820356142987
5659,31.055210300978473
84456,59.17988196020983
35366,61.27632697986244
474,56.43694296086132
777,26.88060771471394
21389,22.96946013682097
33994,42.81562010464679
43694,60.793369490728
14044,69.10767984623571
25512,53.77402930016605
31118,60.15024271381659
25159,69.1713845427997
58692,24.739029820135837
97696,65.93188358951228
83989,49.36440550132812
34731,60.764087003689404
42066,66.9236188401455
42338,32.511871763894554
11424,59.01531392631013
91783,54.429517591493266
34190,55.60912594192619
88631,56.92506890558495
65779,70.29829532125416
48252,48.57771648331449
64971,29.020921584394852
92313,41.8281773033375
98687,56.32004922247725
78728,63.31609125667546
33014,50.671182579262094
7362,56.13161856809143
54,56.30528261393587
8324,58.54508713827974
26196,29.84418176810623
4690,60.66640304033945
47076,65.78320266743395
34263,41.98332471066409
10812,56.92948975294119
8618,80.91753681002861
28292,64.6427005881056
49895,59.79363793522667
29598,54.147317761476764
19383,70.91095690745597
101697,39.9160529457182
55311,58.935518948601555
95829,62.53136868026298
71890,61.165553916562864
30196,51.79638635486549
47339,58.884915298381166
102059,57.07687097572466
6497,60.695031235578966
44734,67.22166190275767
24746,36.08501469675518
45328,53.22803297177775
66215,70.51283329148755
92679,55.43429126195731
21764,95.00417846471457
45355,64.4137142415352
54340,59.73545163847625
40416,64.90680286639908
4132,58.93171557422066
27818,48.13880807810778
71643,37.86358027629583
45760,57.6460714665596
22644,40.31828867542633
51914,61.02777970856813
79045,56.429699695867
77121,51.32867207349539
85374,58.87731481330256
67236,43.96928508942312
67870,50.674621832023824
47219,65.33249200040353
32898,60.192311981212995
33546,55.52270076386424
71986,40.13528487914911
101200,58.995487274007054
29793,30.093143758665914
80881,63.410870199705485
62648,43.2609668494642
75839,50.77697278446168
77967,55.60930372729811
51765,70.44612539056641
28918,57.36874486965463
56281,61.64835739786517
82736,75.18640054848267
54344,41.74757636836276
58338,59.90752020383562
8237,33.16675129786546
80540,65.41203140539129
93283,36.262075825281315
61591,41.56256536597819
78225,59.99247263634687
30725,37.598832739580395
64081,60.2197334058824
83225,75.07408240903584
30553,70.0079074701644
69555,64.91300508894653
73468,45.118736668045166
43498,63.369032316989035
40327,43.44372130323568
18643,53.66155588262501
5440,39.063172365385945
14547,58.43051085031253
8605,47.20719741217606
51310,59.1208647052236
59307,56.97523180011351
97299,54.56637975688058
93265,54.86941825183362
11844,26.261475056435156
41473,46.04622718842751
56116,48.733441024846655
467,67.3292211241373
58648,54.3413320242523
2609,40.58278455698466
68356,63.71456288529531
22315,49.348100378118
31125,64.07689441335151
91410,53.54772949017616
57017,38.01633935535986
53511,54.14469440931926
49496,60.297792693796836
62601,46.256719360347645
56465,32.85013134567709
26295,32.57974513167696
98829,67.08075213848309
23064,55.36293989079316
1594,63.349019657037985
25306,43.59556957045175
35936,59.95900356630439
19917,59.87221412901824
54891,50.54652431105583
89602,37.94528966258227
92912,36.26315494491461
70850,50.138173732282205
64187,54.37109750081858
8808,45.42182754112146
64865,42.37919805952483
80085,64.16794958594159
58837,40.18035989352985
71026,41.39701476038865
12558,29.79606773979758
7637,46.51704955336458
9623,52.836349951957544
102430,66.70047477592573
93517,58.54673203502907
38646,59.002171384037354
64311,46.724885851357314
43767,54.33145188373712
6061,46.715841814844296
71178,63.36696725813158
22311,29.401532456806844
40428,40.82227903523074
84337,58.5638400890492
92394,28.461638369129044
92421,52.929149147065225
6142,62.16766606583796
16567,73.09251412629781
77606,67.76923039059713
74170,61.16824559182072
12165,69.69821695417824
46705,41.15300451841723
53108,51.34545125480411
102455,69.3084856372609
22401,41.315338345068476
25345,23.518005118562854
18608,61.26234438290797
25441,35.04247628098268
22000,62.65808717102576
6647,56.002125634749945
9460,61.163792634679865
29947,64.58407397053318
27982,44.92895170053619
4478,33.32007425630989
40785,59.82545835487098
24267,39.10207784227221
81934,58.26390681033176
11396,70.56974065509722
5855,65.60602439435621
33214,61.595195555351026
18093,61.924122464376495
51984,39.70576755711172
51124,46.850815992132766
38355,34.17724775086228
50480,58.25947952772465
95627,45.698457056813844
3311,51.82061796276856
48586,59.56054745552201
74079,58.64298234650924
50855,29.988863154422766
93101,51.81358001925216
12560,68.59088826298648
78301,57.96439854782875
29050,45.03564367548149
51202,58.81812776934471
49865,49.97948018775456
57295,54.170217675737774
71775,28.653313040210982
65419,97.76941176470588
7985,56.55442309969103
59395,42.9276034396996
1043,25.62512516403781
100411,61.47857092439438
80231,69.47468293665122
4821,47.788417091840266
68988,43.9148240128618
20164,46.054771903944946
93393,46.10360463297289
69889,69.09757650522045
10941,25.96231032778269
44343,65.71270286190595
61857,64.15658258383395
48079,63.70417827300243
72797,36.85520876153013
83113,66.78565700706653
23903,66.52857639926157
89816,69.07250588488345
14059,57.627760658305725
27151,46.0749001769788
74758,43.99288410001317
69411,25.07191084670101
35316,38.60845944636942
37208,37.94524501870965
68039,68.63625781554921
60832,59.97004999687424
20210,47.97824569580621
77568,57.790230676194014
96823,47.6545709130664
89061,61.774052867570134
49909,55.49559055050902
17184,69.9800800321409
28023,69.6075663795005
45426,71.55784292636545
34490,57.815444018617235
21516,40.38938468396406
77512,48.28037368581705
32428,56.8580844332202
21043,52.93135045317597
34634,67.50392506117443
41876,56.610226431095306
49929,59.77530012165574
28802,61.23193233085336
29990,56.54248793486834
19885,46.797301414762714
97221,53.10153906697142
92903,69.41284601623843
31091,45.357793404337464
49032,49.41519263853973
41745,19.13757871685573
98549,69.30442760644722
13532,58.697507745548045
60982,62.909389963999665
82424,38.424215881713174
28922,45.26485050022
20431,64.65937791933221
89787,49.9729284111049
102503,63.306305122992114
96002,62.38963535325287
88460,33.22042677937372
11217,46.168334820518886
2824,56.976100647604596
18552,66.62546566549024
96303,41.38387328123232
76203,63.31637538642345
4572,46.66856761776544
94247,29.26650052352078
61903,56.309960112226925
76328,35.796206807970776
17669,51.747111963518385
38784,60.683749692327574
99087,58.604595263150685
86973,48.50532146615242
94141,42.02930530883958
82005,55.413864160648984
79513,58.09110253925522
50154,51.905756908589865
82367,68.47608463040123
50234,58.82900856140358
75451,59.96645383797
39228,43.09689905355234
48459,52.48932689324937
10642,54.178797492611785
85883,32.410394670637245
78096,61.849807177595096
89438,33.469568846570844
60471,15.640164975760179
51150,66.13512091068706
88563,63.65910066715758
15396,60.350198862847535
26676,67.91802369696968
85601,61.89358667345301
89704,69.93755111541137
31270,52.90692040935596
22618,20.7395015273016
96200,43.090060589162086
91456,62.26029704762248
102539,43.70620747141941
38274,50.66282033912164
58469,69.16165519803236
87543,38.434024090441724
56487,69.03444695762266
80392,63.71321807328327
54492,48.057692578406886
41764,39.702096207620286
93904,59.86274970174526
31145,68.08643371694184
81919,60.314416482617034
52775,58.486872386196744
14588,57.397163120161785
77360,42.18499725182944
36076,53.35530687528214
40296,41.37604636145257
67735,67.61441293628236
51794,33.17247103047961
2855,54.288636795239334
76898,43.68568758394894
99815,63.835882851510206
26479,42.5629485884231
59,56.60352920866068
29045,67.62923876032033
64267,65.07431013839353
1699,37.344220695011494
10264,45.878838018313935
39856,51.14843379263717
99069,37.80107960750841
52284,44.855960871083944
97804,53.88701441647638
21725,41.98014820968493
93649,38.0508176258547
26552,26.117396769502122
28723,57.12704253259425
97571,41.24719621365404
80873,63.12920138776704
94624,39.30812330683719
17547,53.173703885957735
90684,30.303181759158914
56683,33.33087773880162
60600,64.42468656124085
34494,69.56534379995816
31181,36.04126743305307
17382,48.221135566142785
52080,56.59329543248617
57154,41.001600266466255
76135,70.22745249599922
65230,66.59945157953126
14201,42.07545575732164
82047,42.71956188131718
62043,67.99809893091327
7073,37.83534372747269
21086,67.32800588209993
95289,68.36157134926123
31774,46.80687534962948
44309,57.76569863243016
48743,59.315807293844
47463,64.63526212660393
98303,33.67293832381091
8345,36.00268621069462
33886,39.8022949923305
63130,59.25777794952959
102592,35.292127471623566
72093,32.59230970880357
73562,41.368026395699346
9602,53.332878733696845
28788,23.387850810201726
93932,51.70051795148804
98482,69.47353110517119
97114,58.2370274909016
91660,67.22270958568699
86449,61.47440208903173
54361,59.70440817819903
44673,42.28107117887453
18296,66.35345804771617
56987,58.38070684124886
84669,27.329894006902272
71040,48.71532038252351
87381,46.97954487788272
85808,26.489977031518677
6269,41.41475024040116
58671,50.99074650573528
37436,26.752485258100332
13046,67.6095753596629
7583,68.08127434105504
49186,53.92001545914313
85010,50.11983611345789
98783,45.78465809100326
92748,57.47662128028985
6768,52.40191121265586
56146,35.7597313489804
98034,51.72416414216009
47700,62.03033835660745
10432,37.17443024211294
28047,56.21557392296561
96563,64.18698683944655
101402,64.6373539848554
55315,53.58784334485242
26249,66.06787221676215
17851,41.35259907945927
80907,30.72844863936567
41507,43.84546100245968
101960,58.9266627373022
11882,48.51415411611917
87013,48.8940978910366
23460,56.597169521247224
31071,33.99137136775881
96847,41.939914086484826
54790,51.55136570546168
73759,51.9095798131036
1589,71.10057338556207
22888,52.16153925054153
12225,41.68533613079885
78381,52.105601141926655
85788,48.4204510997851
74274,55.76747430162235
12392,52.12762809286382
39728,50.47086531098229
59090,47.52441636980457
88089,24.368739041607792
8899,44.56221119685253
25725,49.1060594037807
29216,42.47779017303573
5638,39.7295968032129
34476,77.70364664488083
87937,57.90418302549401
11450,61.41331284937742
16718,54.38259999086695
77158,62.42970267564843
49923,42.258331164093136
89299,54.20485009800669
63327,66.61879726458524
46555,47.0202882430398
24253,53.335412344709084
14032,26.290159291646887
84455,42.56285114360074
16961,61.259372560176026
37363,62.855536308617644
10224,25.103741275334464
8994,26.28377425361097
75871,28.891775166649474
1486,47.731750596796694
34986,53.77287701025901
96253,56.915081252346596
23832,60.51650823221803
70611,59.121275619212994
87292,74.03990128176115
13093,40.94803947765254
61068,48.10523584441646
83873,60.14415751523593
3762,57.16317629320088
41807,57.04702302432592
51632,57.99457119933091
61944,83.86771385016716
9257,60.37890593292215
85717,53.312063422592225
87019,60.61225891609719
85880,51.95283833559013
93415,58.184531515461316
20238,45.553255396130425
75782,55.76053572577542
5231,57.298109876758915
29108,69.29050687133234
85438,56.80453040336679
36027,51.129559220808794
44096,60.46643782218292
74183,61.8456038957747
36722,38.75979544069177
599,56.77122749663717
35538,54.83932813487104
82679,59.46922241090755
25863,47.9566796866568
38377,59.355528760838325
73699,54.471024418769495
20994,44.83889583391894
6823,54.382908899087795
9862,44.91116741735108
42099,63.36846131729989
77768,46.77498333848319
57467,60.32973914171033
21377,55.94935747164653
82706,62.03455581142146
8867,49.99976114913947
88708,59.55987481133092
3994,38.53996895142361
58880,42.93773398975805
40812,57.74499996348858
42817,29.026334290852034
87345,59.9178382498566
51587,38.98280328614862
10966,34.47730786779311
73867,69.0867665939503
46581,68.54017039145829
61246,54.68080495796852
19999,60.59961073813816
26048,63.3539731013649
70726,56.533993352818264
36973,59.74833332089964
1672,54.14864888474825
83994,46.10850970338018
62174,33.295954236432905
24154,59.19944454895417
99876,44.37136700880934
92510,61.26168375570812
77261,56.87080304276119
98590,40.313537151899446
76185,60.614363186386
90326,50.049958043411806
43255,38.43553742357006
39347,69.1987859522851
68178,45.15787733574584
91484,61.31920267984582
9018,60.03003302432628
59314,61.07391741627476
68202,65.98648746109203
70163,51.35606860272226
12631,56.66859482893659
17800,36.84016806007814
97569,45.66841497848794
2102,59.13881145421917
77818,25.232259864682657
99129,61.289749108733474
22550,58.84696819046756
97162,61.897053148971175
20609,66.11657634977665
98525,41.799939735335556
99594,68.98758749391142
53691,22.411004209231557
14556,58.22915062147362
82665,61.78115557534838
51029,45.85887500989154
22299,68.35263140964611
41751,33.75343398403926
14542,42.63741252130575
69446,68.30532476005556
4585,44.6478928452016
57665,51.26842231679514
67189,64.32208402955803
10627,62.04665208016143
11233,51.19846079525541
79650,25.79853608498747
91770,67.87150103812682
65030,56.214026877251015
83343,57.91890203170467
57560,34.89800849844398
51082,56.333599786996274
32084,40.074964413306155
78449,33.17619345880336
37554,25.98947663536067
87753,53.95841778958165
96288,51.72504773669822
10730,51.62521846782385
101240,63.71572318431698
25814,66.9538534187091
29830,37.19835835959875
60264,36.82153595080854
66003,55.55578003975055
978,67.62923876032033
23126,58.99500625586611
51028,63.14479564685311
41209,66.90951944100283
29349,25.25099453468668
2058,57.749760737251854
34266,49.615209282262306
74557,47.02575121505065
75528,68.87070544086644
48763,68.98709084591276
2050,57.590789017540935
90537,60.31252251375777
52859,60.288335071099326
75983,69.05800476764483
75390,47.19975360000588
86125,42.520266995188805
9742,64.74491707771642
67528,47.17110695142289
37955,60.26916708178958
22587,41.67309346407964
43884,69.00864124364017
19940,47.15025628557491
91407,49.064274901519184
84478,40.719025771183325
45473,37.1121265617344
62903,44.96510327788061
59989,69.05800476764483
7135,27.24913914935027
55886,38.22060649678033
2222,65.08048239284636
3330,63.774399805283856
10898,59.5813033227501
22577,43.56861441853899
18365,40.86153151736026
75971,42.708697961746246
8879,40.561269098672845
93612,25.266374109679738
69423,65.66480431249376
42655,69.47353110517119
44333,57.37952956582204
99852,58.46189232701642
89843,70.8995014744736
28705,54.7354597933174
84184,68.95410835025116
8129,61.149688909897876
74379,60.41135546592739
62569,46.33975666421401
37193,40.85702402985917
73220,57.60487686002064
68491,69.37088417146964
42638,22.529940415132213
99795,49.21108785397213
85607,38.23645815737902
63856,54.99310397145866
16732,41.4778706030077
14324,64.60614543308832
74030,30.924734229904253
72194,42.1149261971613
69194,61.155784306940696
68573,46.960970050089074
90302,51.42364431106802
32221,59.01252320037692
12297,58.81120542428751
35720,18.840613333903345
61999,58.305315417882774
750,51.798918709365296
45978,61.496632218654916
77397,67.7999503315471
28471,22.846628021069474
64542,53.473865758898995
62487,59.709981984651215
48276,56.61688267499373
14306,36.57624098020482
76457,46.009616987399276
50997,48.05516422583056
90844,69.26134982241021
2316,51.48685206889633
3563,61.17706691523534
90877,51.15882617555329
97538,69.9879135991068
45361,54.38573038588654
15753,43.225235318321246
44331,58.185103401049375
97528,54.66452333924397
50934,69.354080148688
78716,45.384999457294086
7677,54.715968754768056
31988,43.0446092068679
24785,64.72080111760536
63539,53.51328136464342
75089,32.973281818449514
34201,68.70519671623258
12671,61.429141264856455
20997,28.714726729191234
31787,56.90542589669554
79681,67.89099017155255
34547,64.3109631669615
70818,53.07628992975476
31571,65.22842349834383
8355,74.42580673167237
34015,61.72725762298583
16009,38.59457282852709
74779,56.589203072727734
328,30.766611088551027
62797,62.16561996912742
41838,32.62027659100808
12903,70.44612539056641
78487,59.74437813425733
25942,66.90252941763947
83168,35.31855221341692
61273,62.76065076248675
61922,63.63526847836917
29148,39.62853221740211
25732,51.388143919482424
4131,36.87642470976324
63803,63.025733482394614
39065,40.21044325786865
19724,50.7411769877368
82103,44.188556429754044
93891,74.15269031567158
97277,64.99236534487726
6536,35.96660234347602
67042,59.32878871240783
24967,32.214796508426716
50986,26.363982927906395
22616,51.612007079322865
61000,42.759231214729304
85006,68.43468283734272
34525,40.47223693598496
22340,38.47744211933541
90243,43.890494168009184
91067,66.93579508126412
15998,61.74769277188543
99216,44.545805672344585
81212,32.92729993530511
40053,60.34483329642532
10722,61.244227203144355
37745,40.26158068208028
80692,61.00752156776617
95319,58.40101197679945
29779,40.17977480771938
76108,66.94419179884612
29906,51.56244615008569
71673,52.12052449338706
56586,63.63849083761251
39802,45.90083299252174
99607,63.237391031395184
61179,36.77742076723693
90760,56.160283931162304
87208,14.376382566547747
6380,70.96265333864568
17466,57.000668434031496
86588,61.428844249724754
59408,47.29718052986205
6272,49.88874176340074
61925,53.63990122793732
73027,67.76745545966237
6427,55.79361778924357
56783,67.90501200434046
64716,43.679486259094205
63111,59.746498909127915
68074,40.96562554014653
93092,36.13026806183915
102267,68.63831933756467
14057,49.385977846457735
46795,35.89805800396765
82305,53.06975065492543
87531,49.102412818665286
58721,58.05695083631025
88262,62.06114144888989
100233,52.12433860019891
41609,69.48187470350501
44348,61.01093040288668
63838,49.88277270353501
62423,60.88916598774411
89172,49.64516081821398
41833,69.75317551597756
72981,62.133609328611755
49624,50.64482992017729
70609,68.4678145145138
100071,58.86700975254739
80446,64.07510315067067
7588,47.18057186516102
3869,68.89421484585294
21214,37.66702392247291
10325,63.9681588549334
4198,30.660158556362532
4875,59.36472367989181
50453,38.31840368541148
29099,59.780093293071815
31966,61.16472179134942
58991,25.23295655741695
70953,43.01508331193229
85664,62.629399884364766
3096,43.723473919232816
31987,41.45688749894045
74450,59.49887275092246
54920,59.39621943589337
46231,51.3436734137208
47381,40.301266205820475
102243,33.29559924351392
70836,45.445021981873516
45705,63.97441616674888
89534,33.03769776896017
16142,53.37858512703886
50277,51.76206318708806
43950,63.84193276284497
5073,55.508876415936065
66008,58.42250762236893
51733,73.83618164056396
101582,48.76282334023813
3288,47.56163847703415
5558,40.58488484045343
65167,57.08986653071859
12625,61.98428323661593
66032,46.01639534846218
11366,40.35214307615645
78154,60.039614025658665
55353,59.92958381091915
58814,57.448913128316
91664,40.06427985403665
37410,60.66640304033945
78160,39.738427845139526
21034,50.49367769861014
87255,68.25927653542183
81613,58.86157332429914
24742,64.97397934175127
71798,55.45601774880477
35824,69.9879135991068
38125,57.73295065689815
47193,49.78790790337467
4741,58.93402689029003
6704,67.21066606383249
29751,43.45147309333704
84051,56.88960176995215
44670,69.41789171244413
82155,31.82817094047685
51843,50.34317871432921
26323,58.15553755295854
79940,52.367813953026506
90702,56.448329912043945
6591,73.66578636698519
93609,22.945548136415628
21194,64.55215809910145
84041,54.17528151625867
94939,69.84660581968197
28685,41.7546640299174
10473,60.30831396180207
11400,50.843601652040604
74631,65.65776150009566
68230,34.73395437293854
7848,41.522890549979735
58632,34.98099427293201
72367,19.819347550395666
87972,58.62411424363754
57460,71.05996755755295
42028,69.2364530370542
86527,57.37196042132349
32451,29.25425730147248
13383,51.09604164039771
91747,56.94020971508144
15660,61.116655553830995
1108,57.73030476864167
38264,44.43929539828435
81118,65.46122238591066
30227,39.83742452337404
58188,61.1845036587299
25343,30.964483080670608
41338,24.403345684969104
64415,67.71949097686799
85470,47.58564335439746
75899,67.44008410084729
58680,54.153287085542075
17024,36.27976363582587
18436,59.821563656962645
74606,61.40805996931229
36162,36.23221054131104
65022,52.97728947529221
71856,34.94515258619206
34056,43.08950904391379
72600,39.111431658117255
32130,55.824372128347306
19525,53.481036949218414
91173,38.59908343505439
46374,37.58454988327531
28666,42.73159966015696
100304,63.27145873857623
60446,56.34600887159233
90323,49.22237506850642
15703,40.55769064513328
12673,55.03661367508883
77298,49.535058452178035
96998,68.29317759986307
51727,60.44068109677739
21599,34.977338627720044
23071,60.7364905075914
14653,61.991742224753224
19848,55.19697531945613
3916,62.531540385944
85556,65.57760942479027
94162,57.089239952369184
29411,46.29809125365669
13374,32.31556217044743
86651,56.13587409170123
38381,42.288322890793154
67578,45.07678739996618
55643,59.410957154520275
57021,39.736549300055756
94131,42.19669682182005
35690,31.28252543586535
98735,76.8308593945412
79534,61.01298347518647
51956,60.05715963218413
69241,58.47342907156531
47380,58.81173176533051
41963,47.398583968183445
33691,66.87883169184046
100628,57.181757655262885
53306,61.23707838783179
49174,51.69445758947023
72801,50.02255967676286
46782,63.556492229246736
35181,59.32362634414815
6635,65.21439558384884
14794,29.62623402132283
70671,61.96988002777999
26469,56.33925161991667
43754,38.621359578878845
77312,58.77248757263543
72718,60.7898562151719
49016,58.06561522811882
43659,45.297075037816704
6295,59.670964377804246
72422,58.81987747978578
92092,60.566605653599225
69903,42.753814999715296
379,61.13088643118603
57820,44.22667498235803
55418,51.925181498969444
43000,58.404149046474664
35697,69.45776800735396
40155,42.499916959467434
22774,61.587547800261994
82440,44.9369310386773
17413,67.0412877022429
21266,71.38182297971395
42755,53.026390889637185
100910,41.42653326401699
35480,53.665719124485975
61860,63.85200056459566
58308,44.142895728713185
48224,59.29846273651566
33761,46.99840923524363
4092,53.247004004120384
44419,60.81714043724603
92195,44.09920287398618
46334,31.141034844337373
79819,56.20516205655469
58129,38.97742492964988
47499,44.47566227248174
61898,44.673616898663155
20942,56.226196318707146
27647,62.60877677602284
40950,47.65344333457495
85502,48.2590776089702
62798,66.7560806964023
100797,50.70166490260066
41028,47.09908845482369
98762,40.50598205081666
42451,58.08049423690264
2258,23.492311909709365
64497,57.031514352559114
101693,65.73261360393451
71982,43.247482287280256
74373,29.241809143762342
27596,62.487552194405154
82726,51.36514106106128
18359,56.932056474258324
83210,37.319985500653445
85068,47.74997326047117
47149,80.73938203907159
72207,32.8673777270818
86146,33.73643704141372
83254,59.212315986479986
65794,70.44612539056641
792,59.04899927040917
95083,56.8114332299372
69790,59.89009208833416
32783,43.70473757191733
101786,23.385586455230904
78343,63.27192208767078
86847,58.35579999162897
21126,70.36712403162964
88655,55.811685209426834
56296,48.62852342683587
90487,35.05131040693189
5424,51.900891030695014
66154,36.708433766028264
96297,59.36603764223534
77320,44.714713950647855
64276,45.982176485387306
66589,68.44500885827884
82401,55.269447663618195
88073,54.50967510936376
85524,60.52349545638507
17207,62.01314842730215
6307,32.07719252202515
93217,54.243133144081646
37147,40.96412496332663
56550,50.923638041584894
76911,45.32038181406875
57865,58.28451838932672
85421,67.76947352734057
101449,45.35767412760635
25836,61.03752633885282
4210,39.01989740337823
17295,43.60480631689412
33187,54.55173741116348
8298,46.961112502599626
60195,42.59091814509124
27525,60.1174051843469
75,61.29746196215752
8196,49.7889646763348
79244,44.326143901474005
54186,59.86460427192137
71668,57.752228053085
29206,55.60093953501628
95882,40.37519183987392
53187,50.749714686710966
13288,42.25333241655803
47917,31.583569214145633
36804,35.64986402418191
18715,45.51319188004141
84475,69.75317551597756
64975,65.70284798638238
68340,46.16832245152896
952,54.63632058916839
15852,25.3102129038206
57406,56.7615754165929
80901,49.551596285080535
13263,65.46745873106211
19963,54.47441661606957
7600,60.562584458813156
68590,66.03996709722816
11920,61.35327945624157
9481,56.02168212927991
94242,66.2433277283658
8587,40.913491876366564
58978,69.86518681164182
86309,61.85025450335871
41626,39.3822517631274
63089,40.11803485733796
100624,39.972662996762786
41793,53.95110844926039
32158,45.03936266407852
57845,58.01086586106141
15376,68.9366114606388
66873,60.41108169887044
30631,69.01775443413379
87724,57.3426572013691
21159,64.98693799995432
59850,63.4015435926739
68506,46.36053309145146
34907,62.89429173113868
72153,24.499309930705994
18780,57.83407114303719
2760,53.14123248125702
101272,51.72186244772996
52067,60.62753995980099
99292,34.921424037186185
41082,61.30282431992369
90262,62.71083868672001
15903,59.2942186912395
12554,64.33979717905567
66930,54.23094020827976
23856,70.51283329148755
81895,70.08279715531228
63045,27.166156605989237
6601,66.44233337866991
21235,69.00864124364017
23652,59.50018520232391
48816,54.976227656033934
10422,45.40336396815713
71814,66.30140244361414
75410,66.29373602673411
87441,62.342368263818386
19865,59.83464081854248
18273,31.65733238664434
44162,44.95453366616406
27449,32.88672543242488
37472,48.424327273370146
32246,58.886622773699045
11737,41.008730931253304
93326,65.44999173227795
73444,56.85075506078274
101059,36.9746320230282
101284,63.53608514965988
41866,45.09550282265721
36383,35.37567477954948
52244,36.27853452100292
23202,61.96998845998396
14371,47.55077720179881
44497,59.76506395671179
61094,54.07488967482128
76892,44.248925318366666
22549,62.838962667998864
99349,79.38015783725479
86178,65.47704072729475
53024,65.95995482398598
99268,41.852914637687284
17113,57.77773581736343
92437,41.150421865498785
13629,59.55818860902607
15226,58.90067113336941
16898,52.93386466294253
51945,54.38685280394977
18927,55.65025480902166
52885,74.21041359767459
85399,63.29291154847653
2387,40.61429969732255
6213,33.81845192497335
2852,52.654861876405015
85203,43.860101156748776
58844,79.5860699274324
76940,63.30379349366373
47386,30.054597821732386
36240,58.38139821472855
28391,38.7846502901327
85711,49.87913863427909
34195,55.74907523232752
32904,48.55168633458759
20548,59.86727658245214
9057,45.638483531001796
62892,61.195877011579796
26598,58.89147032841112
22413,62.701208654640475
16226,46.638828579987106
27822,25.23914050791489
2236,56.253145488550054
1118,62.20718872497907
92705,55.31279722990299
64068,11.646479937937556
37886,66.27601195964876
83047,55.90901763468225
48547,59.93000249922806
30863,38.736497360318005
59982,54.6323897181964
91577,24.613850607321236
34306,40.76691301952868
54593,37.8779015092931
95997,55.61664088752005
70060,69.01562819773804
2613,80.90416282539611
102501,63.572593873712314
96595,57.193338463184574
33486,44.11734887732133
84102,59.83328758471352
88545,59.94055872180832
8191,57.36707770401192
17317,53.346604915566076
69398,25.012613171932735
92059,56.37348306428859
77188,60.20160831179004
57618,65.9881648571861
20985,62.423395638578576
7611,68.04326340834092
71493,43.541201913339755
87105,59.31046327959591
62260,61.10793598330576
10066,65.4760263349065
99377,83.86771385016716
58454,63.15964131782077
29150,42.8925568082715
94418,45.033859566729376
34168,68.68006604376419
54682,54.05876946986053
59319,53.38871489807123
65127,50.64468142291224
1632,47.422215401969
31709,41.51734631582285
53011,59.82425711201352
9203,64.14862468000715
16408,51.100396935629554
97730,41.16983199764717
90603,54.66252651835116
79708,60.792163930827385
80797,53.39540604997817
81327,25.416090086889426
8548,61.88571568246036
81892,35.866073447323
35894,58.6292812073835
76068,57.591818983071526
96660,69.37088417146964
80254,51.61883375602708
69291,45.427671247176505
62842,40.32994621048713
84854,56.44883991135466
32462,67.09279972362737
45635,64.30231850747475
72815,31.87434028633483
43571,58.70187009652479
57344,51.81716090140737
87274,39.96730591529091
2948,52.020790622675065
26411,50.28432139383672
92610,56.96551159503662
37103,48.61399859875262
12961,52.79978195217131
6281,45.81264881782187
21783,62.10802212434782
18345,69.430060703594
19998,49.10227548870148
26799,55.4261698886476
37173,58.477554455708834
80037,30.960212283271552
46726,64.94211102302118
94593,60.02188797770944
24581,60.81393848951387
78298,67.38090758522968
43331,46.90671957522805
68359,58.56198624210795
67340,65.44424494771255
44118,53.839833488399464
3846,61.33156769234058
82328,36.29756428934981
89711,42.3738782202998
71656,24.27984989946823
56439,69.430060703594
11380,30.75343337918818
29854,76.58676553870313
22881,59.87452288240223
91678,59.21103322768683
88267,36.0181795633429
87359,60.60733266007894
75723,52.32568059463651
16920,50.22101842539004
9753,70.22745249599922
44517,46.50958646714288
33892,33.67164606940415
13879,38.391870641740155
94999,59.2310670509054
43078,28.03824221325094
77263,61.17749459237919
72934,26.70896323921352
27800,60.62923756151904
49919,39.82726411240375
13478,52.63410963891968
84660,50.780872110416496
65325,41.84380347941524
91114,44.79236190676692
60359,53.67907882825671
83538,58.541639656438576
92017,54.04021804386828
93353,49.53343811773366
7974,60.475695353712325
44000,63.77657178554709
71655,50.4639818852419
76885,61.22832487131463
97720,60.916272715350054
43035,54.286464385471525
13178,65.97299149626885
11830,58.980322217345176
15528,68.89421484585294
56672,66.63167913394821
58579,59.466919959267706
11841,57.25236165574799
80878,66.97077154216248
33931,54.892950434365886
31307,67.07856508846425
83540,41.626111110383775
35661,63.23232390806873
46815,40.8309213131493
37649,18.15459588292459
68353,62.079360498122945
53031,57.94737634777054
102597,62.37807833857375
23939,32.805429796697396
99248,64.65937791933221
44924,35.560906051220826
75691,68.02630377460302
39567,54.37359152237147
55280,33.24442363058869
84002,52.08614072031537
37136,66.9981721490431
64371,57.6503760418053
50170,40.629702352832005
71279,51.117869029250826
60803,68.79054939075202
8003,44.49179351149694
19034,50.64292994846076
19289,48.66722755405846
73907,69.71825271267511
21185,44.947756670083145
84147,70.44612539056641
74409,36.401521326476434
71201,53.26603700503581
67516,47.192079151810574
96225,35.932508223570096
54209,55.379121264583816
71767,59.643606183274684
36331,38.708220683146145
88801,32.14740067952488
28710,42.2861699543406
18903,44.59101378468028
27961,36.8790381187499
44195,41.18591080924103
16448,63.05340374700485
46641,67.52341004407572
72646,59.9069573569263
73320,45.38019419699785
63943,44.44691912781407
31811,57.944117479490906
19450,50.584647307183104
65777,51.220872113166
77057,59.87511177161104
69292,48.3720379502842
59109,24.18544214877222
97401,64.18369619161346
25595,61.64757032064407
24870,26.46154831946262
65516,41.0706171955072
75291,40.387989807144756
42076,43.20287736760907
69545,52.2727925471098
72674,38.766370427579865
7916,53.646937487438265
54780,22.153261003881948
67146,64.72931250165523
94370,63.47135017503505
50816,69.6772887147993
36366,53.73342386232426
26693,69.33562286880338
46625,57.492032973125085
24455,21.881588373139465
90335,50.97304816283231
19556,42.911566230346004
15508,64.97622435785442
31470,37.78681764887422
6719,60.99235309046237
2097,56.37021210700491
88802,33.014013691450586
26308,65.07612955409263
73748,60.06408537625063
101775,51.70037395376746
68813,53.397313939006466
81491,24.818226193815658
14494,39.744792642882224
50365,42.394231650261894
71524,69.40847911989619
77398,37.28813199917218
85359,60.58373720666938
612,49.812970823589914
34773,40.99343369861696
102668,59.84289365838712
72318,43.93315873349946
93064,59.85166393692466
12015,60.529036926092424
21372,69.20232534849337
54002,44.56877597969653
90809,70.44612539056641
81913,59.28061335704265
77055,66.88346900189826
75707,49.965002623801496
59958,36.339462856953226
88917,69.64356662670268
84913,48.61388728219822
25556,51.204007644271215
92433,64.67504803649233
39470,19.99457436879953
33153,41.20816666058087
3509,59.77359038213465
84537,60.078797942088585
32153,61.01730492193976
7004,50.67297557595225
69529,59.361376212318284
13990,59.94994220523569
100011,36.7561524290067
91470,65.48432990596795
31845,55.4137851465726
93259,25.387805682355793
65860,65.93188358951228
38587,65.61924243831851
23367,16.14798877111693
85695,55.088947853856936
93624,39.708549095553806
80367,63.585914770936604
59854,20.0802119391686
96697,77.58929655858506
1955,55.55013976698091
12999,58.780020578734145
54271,60.166354781888366
69444,48.99165894994433
83040,59.94801497492418
97694,35.353925754888444
36864,68.61646601763745
33269,36.05694594427426
89645,59.80886505584294
90161,64.62025029149993
54748,46.188871264699856
41186,63.774399805283856
53595,54.192994838447774
66236,38.910283827067545
41268,57.999143246248615
60112,62.38963535325287
18753,58.296007831786156
92750,31.472957507583136
73225,32.26864486398322
9842,39.029427647913565
23950,63.77657178554709
33583,66.76752978955234
73213,60.2588525506504
81185,67.47457756697217
67398,63.557937298838226
70027,37.61347395730102
16310,66.39233721105326
99957,46.48795241338768
90195,58.22398072074714
92578,48.75524002720119
67502,61.386139787009824
55210,40.90726441286346
42070,69.01219503841178
11452,21.234199002281958
72108,66.90943538667348
41289,26.004925375914414
74421,65.00794454835167
58110,37.32790293479488
14921,55.87507933042086
80710,40.85505277353709
82168,58.92861365415195
17883,53.72578644743268
68686,70.55659887250165
16554,42.09515939495964
95826,42.672337945926884
85800,52.995275831174446
54873,38.35391368322137
54838,43.887612326767496
84352,42.41316880686895
90070,50.659816336486244
88230,61.34228461905596
50368,69.1266596134265
12259,61.224789194101994
9099,32.6961621775759
64641,65.6778402606127
17324,62.025238585406015
69731,53.62981404531915
9273,37.42833887994744
63730,63.55682206620453
10113,43.205098866354554
72372,39.17804708814076
24300,58.77874604935417
76569,57.15895609828823
28314,55.90423181381466
41971,56.205743074024916
31749,67.6557914258739
22753,50.55778735026264
19015,38.89237457681966
23011,47.97649486765732
67306,35.82876036175784
85039,54.12322435501596
80496,69.85407471949469
65715,54.77711940533982
72491,34.03317055135182
35054,24.690780244719317
48431,54.37661878898264
70259,58.674388809653095
47785,35.06271594875932
6260,32.4418535152172
101428,59.69654148904425
2726,69.97902849964039
42805,68.47710032215268
97596,42.46445964088567
17192,53.40436531143581
32998,63.69501507741906
68620,37.139361547279
41600,45.64981458244833
34848,66.82244484307691
66468,58.904276608417575
76271,68.81855883824375
78534,59.07873962798038
54572,29.81390378439549
58382,63.46624601923128
27665,65.19922772488813
70454,43.91483005361891
57278,57.55472173090753
53960,50.98115832270208
16770,51.89547655350143
66699,60.62532803006021
78055,63.006985173395215
100421,57.47475759783144
69480,31.40672353525295
14682,54.31576478222802
73353,40.79788718269844
28502,45.700680116557606
38959,67.58782269128203
74401,69.10671980860475
48280,41.08444712474401
60051,61.065121312050735
53643,47.705765315811504
70793,68.75014171173602
36501,25.42488324888966
42194,69.13707299815212
64687,69.15541179014582
33833,44.2244864011708
2617,55.34396406280432
93787,63.61224973847357
78337,60.36079219267569
36428,68.29317759986307
13004,51.03423636105758
87022,43.930651597055245
54471,33.78079588780652
47590,56.5860518704913
30072,56.05209266901361
35860,63.8383598931333
4763,42.4509278907391
42315,64.74982489241461
30528,61.5289311137943
6372,42.89641670924776
57393,57.59330690369354
12837,53.32802116778848
41229,40.26358870029038
41247,56.27819745929459
46329,69.10962854719611
10725,61.734988706986414
22748,53.311717904638414
6952,43.8291943666949
94055,33.17565013987638
12200,46.13591089747238
48008,53.769302990373326
77147,64.7844606222363
34846,57.08680398653992
55941,60.2890906820146
10629,62.47908275354661
45625,41.4031079358779
75406,62.76267325445971
23119,24.60837622863154
55757,62.73073518016654
48491,69.25269768883278
64026,55.93010404961916
64196,59.15511910000094
81764,51.211155582590166
84887,67.64032562214396
93034,32.803861695527836
63615,57.914495560885015
94955,34.3715483044834
86784,61.259372560176026
37024,54.13221968766512
31084,59.73724386690629
62605,52.40191121265586
7757,33.23510627779025
43250,53.816947590267795
58180,60.31847682456887
52006,67.19191104295558
60388,54.459948843667554
21083,36.12234515359953
21576,43.85257194575189
10059,45.39232941870171
79788,57.46417199265325
50912,37.26189199088199
25743,64.58991909210089
29758,64.93360455677377
26114,64.04844443077391
54260,68.53094183779723
76797,60.26906339246564
61598,61.489782181216405
39261,46.134208125586525
53729,56.384635584156634
15951,55.2512791360242
74126,47.38900453794317
20438,57.12664382277002
36535,60.02468199812109
61107,59.226510173277966
94984,59.82590945795451
96763,58.46570529976645
66686,60.28262601484188
29653,90.61051564199457
102227,54.33578231519196
88486,27.03870060383463
9571,69.18037641023861
92948,57.32470918649375
3073,44.20825508382904
74243,67.96299139182999
40213,56.247090034274585
70494,69.30442760644722
59639,55.08940149210061
42413,36.10551514950291
38960,28.111280286131134
33254,57.640933816620844
31500,32.21566015700124
96991,55.7022610142859
20899,64.12351271365887
69189,60.978540954279296
15463,68.08654178060935
90878,51.014955382892616
84078,57.40409070902382
86482,51.616403606714584
98601,32.74745802253368
40061,65.60587210526565
27522,55.45501276371689
75046,56.41813240527565
89652,50.015166044150625
67921,62.759880148714274
51825,66.61742851715995
54159,58.39125867979508
74180,45.34617914530171
6485,46.54954832618007
82817,33.56175048942105
86961,68.74450356417813
40247,45.819303552631254
35745,63.89021623027334
60676,69.01993042965458
9163,61.17510208493085
53234,58.98105375648143
42934,39.02691789674211
91083,52.00611508914491
94372,49.92725368050239
20276,38.65240344847552
82943,59.29338716166448
58658,62.974921577640686
19179,57.14931218002189
32030,36.55039295257236
86776,36.57174005326545
76337,39.00934092015472
58106,55.26040979659061
333,43.72082188867117
80645,64.97558539873683
65193,60.10856939250355
93832,47.358827799351666
11492,66.72660284361977
10456,43.866322118583504
75660,47.71554001722563
24665,65.4987483536965
32044,47.879731236492255
66657,41.08720661487979
98710,59.59779510319647
80519,46.63527003228092
46204,36.747218360551486
84612,68.07501698047344
9262,46.73048434754713
80575,46.12487135476211
40332,30.700429632985934
19000,67.7078498988647
17349,56.89106333574475
24978,58.39442799520585
9394,66.95974905955705
17175,61.116655553830995
25097,44.52858326513643
64164,60.133276273649834
32442,63.12438643729605
13481,46.24559666410976
6597,36.86163912765493
96143,59.01899697635603
20095,55.78927876035015
1621,39.54737172208607
17517,50.91411270918024
92742,50.49898539853835
89258,56.29008845622561
16989,64.7472652767272
74308,58.784459688210205
72664,65.51989274758871
89347,57.36149928589651
59386,67.59689195203329
44302,63.07022798331215
89504,62.678577241070435
102596,47.68398603107412
11353,65.3618256607559
5959,31.134204035235253
75378,62.50434419817589
45568,60.14644007923221
52087,80.8955008438585
1002,19.72056941647319
19568,56.01263229971811
101913,53.2935001785585
19499,60.26692251201005
60204,38.11070237178412
8370,62.93045399868916
63686,44.90779728801155
96922,64.70425912556593
18129,58.02785317084342
34369,62.12927481447974
14781,60.32582740817321
16993,33.20190062999392
85865,57.195363730236856
9524,52.133813950922075
89684,46.65062755581527
33957,59.81095889580255
46734,25.5002549825277
84678,64.20056045954922
93484,59.78504717611642
1574,55.97427091117943
70893,51.348742168979946
83418,60.36509909700281
31807,48.98829638953629
24976,37.13858711059723
93474,50.31919023345297
31176,36.58873507164042
70370,36.75946895845788
10503,61.45309989844872
48643,40.88594287415374
60400,60.03639320535382
11023,54.61575933577408
633,49.77024358879709
2817,58.97969231119776
77858,26.16938319158174
50379,23.24567668165003
2088,41.20239391615872
57902,43.808120885457456
44725,40.752269732547255
51856,40.126751779598344
72796,40.66187437659101
26484,50.23258117775623
98502,62.63289340469816
62388,62.83498813923016
72308,41.22428563510269
8353,58.29125772768323
75561,63.49903002150939
57057,68.02310354754219
1764,51.88038137794967
63281,60.175525449502814
41013,61.01127658654325
90397,43.885296856856414
71382,47.64931705836704
60983,36.868793743541666
24176,63.040120313833114
82037,65.81599727740804
2549,57.69030314238028
59393,73.94400494227254
49721,69.30269102412159
59917,60.941114521050665
75022,56.57497195815755
42047,64.19097607048448
68672,50.20876475237796
1968,49.915333162603105
7675,35.508649099021575
96302,27.8503551379043
1618,44.550586908206625
30990,42.57750897263274
65334,42.77107991388556
41447,41.44319492480064
83563,54.149981912906554
83228,56.37156225818791
9475,27.954819551666443
102609,48.76199540332407
96241,56.19170601878295
42547,21.224607103602022
33430,46.366120548856976
39670,66.84689278496857
74653,64.1367521207516
41429,59.435274915973366
16970,49.702450999087894
76578,45.363333540921424
86253,51.2093295464505
52257,52.6909803672139
93058,47.62626641245768
6839,69.70044477960293
10605,73.66578636698519
70151,66.43106341878278
32963,72.93205642096098
52203,69.4832078138299
27053,37.336064450229756
5004,60.93366595720773
52153,60.02674798699447
43283,60.11520108760373
12304,42.495956990426
18662,48.119999841206955
71429,40.13669603988415
16647,51.011151095641864
4458,66.8725050229964
98584,63.066994358760155
52105,69.06121531840645
94102,48.99992453024431
39958,47.58992973254046
6550,69.66911178891017
25330,59.914814052971806
27854,54.60895100742856
82162,55.53775596906997
67045,59.285409194840305
45347,54.33939122686243
68183,61.2534062740993
78433,43.323198378097594
69217,38.19351225080242
15694,38.65438204942322
77727,50.79619673491707
86528,66.9650665594655
71791,57.45593716418282
61996,59.6692537532561
44143,68.75952618627196
33547,61.110910885604724
68579,51.70455055230579
11332,48.060001942614655
82170,47.505052997081464
69724,69.22366082711632
52655,51.26735903038073
59330,50.429696385739014
59940,47.10874682674989
29526,46.87234675644777
42719,59.87916754331578
44262,26.415912200556537
81487,59.92122073843298
34601,42.30751515730588
13867,47.95712574790594
98336,37.072892063642904
82495,57.92746568051346
24049,68.5517322509791
69008,54.53411977391696
3564,64.71348221355254
86861,27.17967881416917
7283,49.7726865797059
2763,61.74115124053281
25173,63.02419456763104
22919,44.10193623772523
79520,33.39746299270778
53985,35.73948653865873
39925,70.07117164300762
51779,71.10057338556207
41090,57.09176744912979
96878,53.68080336614837
46508,61.72478571762918
72047,37.34311113787551
4841,28.696352928931823
70663,61.4623383584054
35348,63.74871095830426
70086,56.26207012697765
35702,46.064972345744536
55796,35.295500836441455
75856,49.38996475115342
38832,62.956124751810286
21694,45.02433157209775
20315,68.41724041895569
52925,38.38914966565037
46184,69.00255826934998
101599,55.533740475227496
55415,39.274063626532126
86139,57.12664382277002
38592,42.41838096158735
58295,58.639130815071304
1239,64.02564266056557
21707,67.66548582630105
27062,66.69405200646011
57532,48.850429565018466
61114,22.97363163849886
7152,64.51780654330678
83159,60.98705053514525
81659,64.31606233393887
71505,67.50863190333807
42815,47.242283260638075
87945,59.29899228168155
13200,45.50626230383684
77917,53.19737688548718
68047,63.07667702726254
79849,33.54217749115938
55469,45.24238113648185
41881,60.132880651186866
14104,56.77779704258544
39928,49.214711622433924
28293,58.70814379378639
24065,62.025238585406015
97260,38.51229051076406
67559,63.095642353693
91037,69.06480518519875
46903,33.83909596879691
28583,31.4441446708605
91171,66.29540386397699
75119,49.830323205948744
38608,63.05340374700485
50067,24.71277940054094
102240,51.48084451457364
42324,38.533555753685214
76227,33.89728723488383
64729,35.88257137263265
89095,49.288663160771776
78207,58.272823281486325
24657,70.96265333864568
94595,58.50824193760832
26757,59.98056687520142
82844,68.84198329584774
75115,57.62167481465368
35496,43.9080728435828
1849,64.65937791933221
58069,57.02105062953174
57522,55.79764786807389
89447,69.21832737869758
2600,46.0201194980593
95881,24.59068671133491
43612,42.107611199752
76605,59.67238539530367
4181,50.79709327480278
14101,50.79426310620472
20591,64.60921409249258
84736,66.85902336238874
99598,38.643098392132764
46730,66.87650905390149
26590,42.971948292405095
84648,42.71189529525143
63704,34.060973856200555
101317,63.205166095435345
60649,69.93755111541137
98715,39.09530167992972
941,53.8626164464116
33635,63.95787183949639
7912,31.411226898247556
45244,34.461918369721445
33909,42.08442270265039
56417,43.59819777290258
80160,63.835882851510206
26434,68.37652827219746
84818,56.21828434813678
75108,28.86274214808381
100573,61.31948545130775
10141,64.35898441703858
70147,44.07933979420283
14731,52.97223480725401
27606,68.79365915294022
68401,53.43202425196738
41646,59.927194161058516
61235,59.30126897629975
3820,33.24878811879554
67110,41.908541641677104
1991,27.310043780574823
15126,73.24484819716139
57526,58.26398768392453
81143,67.0357000007867
87804,55.060894935275776
51196,58.008166823035296
41058,53.06546524880995
20041,30.37787961145289
100374,25.077401390346953
41101,55.55788764941329
93143,46.09944093978337
53061,47.75289291937941
5011,58.620839252242895
83354,25.466516062476977
69358,47.93329833323335
68255,58.934086350016976
98181,47.83072577217665
15219,69.37044712023277
102068,57.275332301790584
62715,42.76391075824917
41497,60.470211834776
24304,59.171208096432444
8938,38.65291270828153
16359,23.333413114000276
32942,46.096101899353556
45679,47.313400503530644
78320,58.73836831221679
3930,56.57777257426133
31479,46.538494645133866
46481,38.753016456546085
3684,50.03434622298969
56388,62.533423356453206
72191,51.42577449966578
72202,57.0487525096701
25421,66.96585170942262
98593,55.64587099475495
62012,35.2504710970221
7874,34.79398176282006
98563,47.58769687774636
88122,17.216004969162015
9633,53.28684130874536
74165,52.00182662966239
30651,52.5203971507338
64916,48.28743254208072
94335,59.005220148964106
235,61.07235651582171
74787,57.58672124450388
27442,60.74332085375688
8560,23.59114263837226
67113,57.832847468255316
57985,68.66150730715256
95850,43.814795329207826
20986,63.594234039222435
91105,54.352568449659074
52626,34.92994794543966
43335,60.27141220390948
68549,38.020246636871605
45482,57.01845652706775
42938,64.00334845025436
62165,33.5510540274171
79124,36.12053385873622
12774,43.410246051892415
73490,59.25184813138103
61744,65.36575064751126
82372,21.428272957129085
93846,28.88880076227952
52491,42.29387720492014
102344,62.176722040288844
53068,26.237031679437404
49466,43.18949503848351
36273,59.4494600219364
27099,57.06786983501649
86629,69.430060703594
1336,56.3518601189015
81446,41.44124106219072
80054,60.0350309455079
7028,58.92843389557093
102144,46.52302086393379
49173,51.33358230296779
15518,59.50011973230027
64842,53.82730398721887
14500,53.1652095204743
90146,30.37236057252349
96715,27.16685892595829
92906,48.04540562974419
80957,57.6223810012016
58883,51.90860579744503
81839,53.51031041024414
75286,57.88933448430014
65841,61.390004807931234
35455,48.846454520646006
13724,56.917763590282476
45199,43.64388923661214
27814,26.368406350711613
40707,55.415178136915586
20413,68.3793303189346
94972,49.46088959254052
25282,35.37106420170323
43034,49.937321459875065
55863,43.733378234726935
71273,59.83947166805595
32430,62.97509252462182
20616,44.6165783530311
25455,47.74462278349858
51157,60.255659176872534
94,69.9879135991068
86296,59.237053773257024
97636,48.94141862171241
9858,70.57028106535057
56070,41.3667978538198
62247,43.681635665476115
7148,65.02019139176421
73656,55.41166783138407
14084,61.931326128078446
71280,57.47983899336733
51444,61.582859511897006
85643,20.737987482307002
41631,36.00198155125388
62413,55.63526348231208
13733,34.068474095070485
53812,48.699376043583264
13950,69.25088354205687
70306,31.639584793646826
30767,70.51283329148755
11188,42.551902656727506
23997,68.9366114606388
