id,target
25174,57.92394011477683
38453,69.16575795703426
29013,61.53819840152911
57463,62.02888335924122
51264,38.84010783364421
38911,70.4314340470727
1229,55.420206086125376
96000,46.22592296932399
10270,18.713815538934327
64513,40.63206580612631
102534,47.93584616961638
59037,42.36791649203569
34298,66.94215301740884
82669,28.105147005882497
100687,84.77594372071424
73522,58.981376850993485
48734,39.78514693082435
56168,64.01106447776172
84658,32.741122395928
50646,35.35073832047698
1360,70.76129671562782
52095,52.09319006375068
65633,49.925249820842126
28205,48.77254554731992
57218,47.31617237989144
2601,55.93155348128627
85520,67.80326318391273
45402,67.92307864337498
93231,56.64586085904686
39300,66.82275235456522
67877,35.561778535115025
33330,64.96020641937427
79050,36.70555357987946
5081,58.2164862865035
13231,45.721995469716255
17628,40.742701935231715
80388,82.31120335321884
76808,39.99637986274624
100234,64.44195904838594
81256,54.3141207345174
57152,45.99387520283235
67477,68.05926714148588
74377,70.34555388185774
88292,64.77219226213037
102460,60.31362450828572
72878,13.611085596490438
77878,47.9383232210081
90885,41.65121311269716
5562,35.79146921523184
85283,65.30068515509842
66509,40.68584340699079
90296,68.90824469163017
4503,69.32736275145487
58293,30.186620151573557
64079,36.62619710075512
50451,40.550112414095054
77648,79.68772309018047
91697,50.81122460239242
28935,74.05732129423659
51809,52.36310754402819
57691,58.52165588700638
23043,36.084208567127085
98788,39.445252299421
46943,44.30221380945549
34807,56.85800351231255
50520,41.88450045789488
92943,70.5083535950788
75909,40.196719194452754
78218,63.75283038513298
13225,67.92814812772284
30514,58.50639934924663
82053,69.31547068256145
3112,72.31044286876566
75999,49.951571416440245
58460,60.67714208211571
90475,66.78740251172042
33888,42.253556994147424
9299,61.32699939248551
90094,45.840416941560036
35904,68.13228016991225
97149,34.928368705867406
86693,24.75208054134716
99331,44.821765427078134
83095,46.59644902479034
100329,35.533621757866904
93056,39.27453122834011
30873,56.25379779189364
28579,33.98206719154655
20217,62.904499017794286
67433,65.82900288624471
56104,72.48539772717679
25681,48.804271560184176
10891,73.3488949512768
86004,45.06065775456637
36851,67.89030220597148
87094,52.65709172932461
12066,56.63330537874811
93555,40.3533055417373
79483,55.17321442895092
90391,64.41729340334042
85580,50.502251342983165
61181,49.6173586630168
98828,36.841355522249
36626,71.1268759483251
13846,51.44484516503229
55091,51.40350097174703
46425,58.199768615709246
1363,53.072543251728284
70646,56.2549374105649
86481,54.00119968257566
6316,51.449334240630286
37261,65.8457028278588
51903,59.30172364239361
68887,53.05241529116805
3893,68.07858167609307
29502,23.251552035416875
56572,49.43526877329036
18999,53.4437298852211
2587,69.28393363028377
7854,64.82663233384692
29378,46.00708365263869
2036,59.13928466412408
384,29.899199768474872
9674,32.332850582465085
66574,34.84204483964746
48355,48.212414646948254
51730,43.59917517796624
37643,53.69491824102097
51348,59.031335778032926
21597,63.525204708235634
9240,49.88940128054959
79816,70.7211450462231
93877,69.02505766833733
39407,45.42131677162264
86751,68.92549033513444
59338,66.51329783292475
56405,32.382868924795574
17866,44.966454295507134
64569,65.28974746971741
90600,50.21783177075353
25963,46.66176595516711
7961,22.463444028784224
39127,53.556586139129124
81991,62.98047578182081
52426,63.621736631358836
93850,60.92813901485432
83904,16.472347898784964
76946,23.9187545763153
55666,55.90673687289181
44289,60.57155663833727
8845,28.28126389870214
73107,58.82015484289207
96428,52.40908635773547
52052,65.04408918952507
100865,53.90103370461599
17457,63.44848228347554
61472,59.615297906759835
95172,44.64881957722244
93006,56.57515704218446
94581,54.18053131478876
43719,59.66105062711897
101570,54.94379646116442
56333,39.14671177178701
80782,64.31426126528639
28561,24.390718353212314
7871,62.4865119577339
14948,62.39753638455247
73653,36.22023181806089
57372,69.01565717053613
12414,52.77151074714477
61951,52.70766654114403
30372,38.39431735467098
28909,58.79215724792239
7009,38.89667152406562
101554,68.61060324164612
26085,56.10478869379543
100443,58.88668033985069
23262,59.10238401403248
97587,63.69128135954799
58705,66.68841742252253
21825,58.8183568468013
67844,36.71146087668065
64146,41.85146769744857
16120,51.559319735679274
23555,64.64312630402293
65554,54.99277229493601
70589,56.24420127172393
18725,67.95659596092376
99419,53.42613402722199
33451,29.39336349091337
67912,64.39489442837612
101073,49.709809922072196
39319,65.47381587119193
101711,50.0657729568389
23149,69.15512451621936
84451,73.13908104705811
47784,62.62952308210319
61553,66.53958976150888
37353,48.68497358571261
53168,77.55182541886701
90985,35.008186052032904
28546,39.805748042085945
94706,68.0357634821047
23231,64.54023331775744
34618,50.47555928769309
29137,59.720284512566224
31660,63.13657051659549
54047,59.71105745016705
93037,45.66396210631671
83173,48.590220565481665
32113,65.1684662915175
14395,24.852058552030908
67820,37.63612873531096
67040,58.531302724121694
83797,47.76981701817209
66231,56.86096089776378
49705,58.776636093305406
66764,62.8263565853087
72603,69.96022139929403
12468,26.280860894793218
54914,56.00867675099257
25137,67.61310229485294
59287,71.2047002381716
97008,69.53710586989804
29927,60.93294408462541
29356,56.02949478741165
68914,69.32736275145487
34806,60.38982856910245
47948,70.35338528194683
17065,62.81991102646943
87547,27.21652596936759
37608,39.98345325226898
73001,65.20604357826225
77299,54.40819387570378
16735,66.46811945063945
18155,67.5174703056801
46480,61.5873727934665
8278,55.64065180979419
20781,37.62740271513505
3365,68.37365728591404
40100,69.7588935594713
55431,30.035352791538134
61484,54.617290407626626
70277,64.62601272845444
76867,61.896002228060915
24955,32.779576761251185
60828,32.80816281955411
22397,56.06800782027319
45920,62.91963760570711
76307,69.01858473934749
23948,69.44077877035782
53542,54.593436959297016
53625,40.57362888330567
72657,31.129419993678074
12093,49.06175627036775
27991,41.16278980617292
29171,66.39728657643344
27844,71.08255031551758
36260,42.439379842823385
18861,44.90602792532777
69954,62.206911668515815
96138,68.89179724741474
21307,31.9261277214217
561,61.323338512663916
77051,50.79673948956273
16909,64.31737804747357
53517,38.21511308238777
56650,62.23422203263537
86556,53.05734178631323
50889,69.02505766833733
20658,43.38173650771105
42039,41.29233608805953
2936,33.78769425168689
94511,51.1372351896216
41830,41.957055391719365
15269,55.64734601727549
40190,52.96092387586156
88469,54.13166765222182
88531,18.687077149068475
5062,31.85763332276286
39591,50.98856682879604
93947,65.64332637249434
74130,56.52004145475882
69128,70.26394445889119
88896,42.646371488391516
42765,35.63135012759469
20325,69.19926297911267
66746,61.0665757452296
79642,43.171796263259104
67563,54.75642521663483
51951,62.70255762339547
20540,42.03515501090975
57913,60.24169397466116
20016,62.63021024067106
52745,59.07453989194415
66425,51.81463745828179
37685,66.4580547349413
80473,54.54727734838379
15919,78.25845870750281
56921,56.11466032431671
7392,57.99418806211286
79670,38.36200596667007
69266,43.17011843841566
65573,51.67100828925476
73198,50.758320518591056
23034,68.80645909725015
3495,50.62226104833642
1522,55.22181992732781
88656,53.02770022571167
89420,66.33397384507269
6168,58.5623311705985
26638,56.45760460006835
33248,45.670629842078654
43637,42.198242309612226
97437,62.9567257806258
96250,22.613890777480666
29856,61.78617610276171
27846,57.74169336501266
68876,67.22577840511289
17429,75.70458985182913
86647,58.47691160558345
23334,64.61342967134024
32234,68.20984682301821
71801,23.28707773888536
95706,21.920534294042263
41845,37.27579008148399
74067,55.10354451488069
28960,60.33540834456915
21442,65.28324814973617
69263,52.195074491002735
20470,45.04337452520446
99015,37.26030773882664
7204,37.48458239276516
72926,63.00559146990946
102030,67.33209114707546
16605,34.58111092718653
16632,47.71504819568126
25543,58.766053041897
66480,71.25016893988581
92866,69.32854073112952
1766,36.996846599613356
51495,47.89015137121001
37839,47.317773494044786
28978,51.862578068359234
102258,50.1163297671673
95105,45.403316737209025
40118,41.081794875171965
39698,65.64497605029041
37594,68.18868190162034
64025,61.935487038729065
59992,68.67282777872892
44050,57.424831554550444
27523,72.50160278881326
11505,40.35148959290966
40413,58.63528082990252
20076,67.85113257369382
102136,64.59723304597738
65139,55.90117658451002
23407,31.49541639617582
37464,52.9592715586331
59916,61.1029575834593
12042,62.38598887474914
64577,46.963234013311464
81331,70.12807390310635
61920,31.310916864803538
39099,68.72632398402801
78166,53.4950901853146
73131,67.40642777891532
64995,38.77876556995552
43278,55.33626657113766
15509,72.01978956536632
99611,68.70694256321244
67257,54.88571502448157
96245,39.76711038514571
52205,47.45915786985783
67084,53.43233061002888
60524,45.61321964364415
76518,23.903129697580567
50679,70.4259951666475
1038,47.82279344463077
55932,56.58321840885543
82634,32.52198845646396
79774,40.84481619114532
35445,66.39681475886898
66283,67.9885413104478
37874,58.91280836071426
1129,50.788390421205186
44255,55.76096262732175
26531,59.37904699615391
67720,61.28100694039867
43546,63.94207821611297
86304,67.58807409085003
54034,30.172323199043536
23102,55.943562487753326
75085,49.51760372849844
89886,64.58589319594388
80597,35.04466427447221
68422,66.9621609501101
89966,33.193518452904954
41867,62.75394089215866
86966,68.22720402532957
53117,51.60576856535762
34227,47.46545820945171
24411,71.74495713780603
44985,35.22951267655003
18292,46.43519669360617
62252,69.1437231317138
3776,64.56751507721357
8155,60.024700364278516
44643,35.42212308629885
85819,66.46714967830658
18926,52.58508113040813
15051,59.79714239315117
21057,51.74791402771116
67219,82.14416666666668
85931,66.56634019098874
67760,45.130650358039276
56298,69.14302884849
99579,52.82873848369168
56522,63.273553069187976
65348,34.376563290714905
22855,64.70588180289128
64814,42.50901809824413
64759,30.013881755026155
79136,60.23494635195688
18683,61.49177468492976
88070,67.65011550024704
19704,67.3771763767859
77265,26.965697291016337
32378,61.25964041122555
31652,64.55808684525412
69355,68.49950031324337
74731,38.05257972624974
56810,36.48674621931491
52075,44.65639426784376
68203,68.04692308559356
100238,67.02310127404513
52796,29.498087630270675
24678,44.6617569035548
58568,68.44921286622817
84344,67.14639671210367
80066,69.32918257472464
78648,58.63073542710399
7840,68.53966949061439
56387,64.22214829633752
7102,63.585020542514066
53235,47.951445336082095
92914,53.96663212495856
15197,30.36146826814961
67686,38.66601918708673
74333,53.77190879899765
72818,55.78275784751811
80826,46.466789226198536
99341,57.747848841994006
6895,38.412419034158546
81241,49.24009835374129
34998,66.91719611493683
15001,29.369358690288482
65601,51.236683786727944
801,57.52790958441534
23401,42.88737658935144
48766,41.785311502502466
7512,71.40227680788992
72238,37.66864246867865
24405,43.48207298675921
41046,45.613226707587316
30040,59.40955640862273
4331,56.16742732974061
90802,66.42696181578494
19690,62.22521138144773
28920,44.64359202114201
63849,37.92887182045577
53012,53.832753711551575
14970,69.25039810041746
100686,50.943086440152705
29119,65.8927508799423
47898,69.28393363028377
86388,47.22826003601357
100259,64.99606238826757
25668,46.53188808642578
48509,65.73462859029027
17366,56.937276304758406
63991,64.17658043098506
100528,59.20967181640428
27299,69.87505687681693
74367,36.29953300793593
35579,39.58224715449726
8470,37.09314174674776
32785,67.5995090554925
89832,38.17983237916737
29223,50.33085779544675
76819,64.81053179915922
35319,41.7343035221587
67683,54.23241443882311
10462,32.04383161192092
99150,32.448442286877906
44618,44.611003355273795
71516,52.80708531054145
452,57.40622539288775
32070,54.00474255112443
85512,36.89724914865892
40581,43.47683315220079
70287,31.847431473270095
102544,37.57248376209228
35374,41.881318300876984
31083,67.36501778675043
63328,54.04123200367154
79069,62.75516770119458
82381,66.11831231322743
82000,49.655487647721785
17444,64.77887158915846
75006,26.466548092798483
1625,53.03498662518736
15732,65.14951250912254
85953,71.46793732102533
12170,36.050798493141926
65872,54.7666435426735
61894,67.95172956920365
37250,53.333250484987914
95582,69.1437231317138
23003,84.27662995553204
43905,52.345212854525535
60297,78.48505246456172
17578,69.81526019323871
20622,64.59671215728267
42469,55.77680574504021
84521,45.64790067328343
58464,67.43778266452857
3597,28.356853342401777
72504,56.77579599482274
29935,64.8075879125402
10116,60.05907698993321
61776,66.39305544039759
57839,40.97939687054425
88219,36.89538109750638
25064,40.44719942899008
39513,38.491007411267226
64340,63.653241234128124
18742,40.86003846439834
66223,64.9832476041484
62850,27.663348528182258
28207,33.63421714460087
40526,67.01765761784355
15675,65.22633627941583
35341,63.56440857764571
53141,52.8525369043309
84607,36.93637677699417
31501,38.560647088689045
97590,69.50303067107274
44023,60.079829342395044
36759,66.78557088401072
18375,60.34838209137898
21506,69.82368972985833
22575,60.43314712880477
455,40.176172802214126
91307,36.88049754985408
52359,66.32551930593696
29992,58.519014213500355
48316,28.055047511863332
97178,68.15346807321001
86109,67.17475808684593
26754,32.39571645449183
13057,56.97687967227146
71514,59.46882554322083
48221,40.269195606590365
29415,57.19586716581999
47330,61.28980831596366
89770,63.14032861371346
94732,64.46144975219643
21854,62.92137000471728
39596,38.84482927946835
86092,65.66054320071127
64233,58.46483213515077
6707,69.73568750344032
78814,70.33970499591933
92921,65.64332637249434
14193,45.68372020850484
3609,53.43433069857977
77919,32.132092997259385
32986,46.98597422469596
18820,40.35953794403016
44107,68.73008763144436
17605,61.870603449131195
34198,68.78162097251229
23081,62.40532042793899
62176,68.77883953101288
1518,40.4128523498934
35627,42.05208155722787
96457,61.85975100229879
89918,49.84082073297775
31104,65.50265082854436
30635,37.421914288625544
100756,54.62581722774468
102126,45.309354623050716
44220,46.31581840037717
8151,55.70515086948984
51491,58.588922359153905
87051,54.6137287650947
102064,19.751856688260656
35132,69.85613826263831
85544,71.00761481341047
1862,71.23878910314042
72547,79.78375751358026
4609,80.96696428240125
67065,53.949801734738955
11132,59.38761109362858
85339,47.603890464594194
63229,56.85800351231255
94647,56.30216047682192
83455,51.89984175387206
83426,54.37586799473519
66470,57.0433242249518
65669,67.17745756883059
57896,47.149490386979096
34420,34.604034934390654
91764,40.68775492766259
102281,36.59932809579093
40432,42.5122393423397
98977,66.01286256189806
22628,50.347484635659136
92800,36.13333234858235
8675,62.577780814251895
47199,64.11985844870362
41078,49.528837013851316
19695,47.53680618946045
18070,47.068287220262256
39482,73.3488949512768
45065,55.49969685785151
98251,42.01155517735699
17289,49.85384557229657
19934,66.97144018549993
9613,59.79073898553079
68870,37.329120970791
99778,52.277307620240066
9883,70.42661108839845
3296,66.78405717011147
86826,66.01058137485579
26206,64.29160937319693
45821,38.74048921456446
56965,58.70618786013614
46920,59.46867476480806
13746,59.7072465563006
14868,45.80747444562954
79773,69.40610078881078
54097,25.594594094709038
71196,34.18977477722838
100249,69.33956039200665
20072,39.471859703736435
90728,47.181280365072105
52102,61.33219148232924
74490,56.93534060913463
8408,31.19445974204759
15067,43.78110356765755
39798,44.135032983704875
60048,45.05390037229264
83248,66.04480062738035
88686,58.343564540810384
43133,65.29882224864187
31403,65.16458691389394
16834,70.4259951666475
90112,61.68410965903906
54038,41.95897047353089
34403,56.204893065507314
91436,69.99115402720733
96135,67.62785841141971
37827,48.09927360849665
56531,69.28393363028377
95916,60.07474289209748
33480,60.158034637749935
30845,44.19287537381979
79388,45.85492424242423
41312,45.62423429913351
48060,48.90785068706192
27162,66.76672308123915
57264,68.84448611324629
13098,45.0700986402951
39589,63.959457639331795
61008,35.94695835439699
47089,65.38920982811474
60353,26.875755269197903
5900,65.75656016369607
66676,22.59302717699154
6469,66.28683496475526
85917,74.92045868954315
87704,31.130687291599475
70145,39.10729150940901
30943,57.68454557357187
99732,21.941677697921527
72283,60.480435241434606
32564,46.829022444819245
6356,61.44171148180596
25941,50.354817210196316
57142,41.343293682561516
61388,25.321870220315027
12718,44.96005203693188
15043,31.37387729784731
68526,69.7588935594713
9591,61.1801248854953
17682,33.97710420521455
20350,66.57628335279347
89910,66.38594644506848
65826,60.41209441936147
85088,38.78421633434161
34483,68.6513871064658
84180,49.68244297408136
59576,49.65469565806214
55966,64.41317811685656
18007,58.43832540399471
86346,56.88340567906906
79880,69.29969585516434
45518,42.75562357067234
55165,74.65426973739385
58700,34.64865576587679
71706,30.625904810792104
23078,51.44656959252601
5087,54.40391480391979
94829,60.56661901705092
73932,27.021933696177324
83640,58.70864494686491
66612,70.64147728452504
94205,70.34555388185774
12296,64.54480900330931
52798,33.306246990598
99200,35.14580079706152
45384,43.581441149934605
95283,49.0319308350724
42204,58.749060129153555
88726,21.816016482836613
96480,71.5739337185655
66870,59.71966587813536
16406,37.41533023094463
1062,48.426446457197514
70332,60.48799333480697
19742,56.12261894786375
21111,87.95540963745539
34769,60.54326739067031
22842,67.55937335153358
30137,18.46345903940639
87363,27.964415237509307
8650,64.11433637313789
13708,57.37826074233686
59063,58.261319086269296
58276,53.64625494640256
76904,40.65339725045475
46445,50.794618751887874
30302,61.18539778808503
100980,55.78185341895094
49108,68.42761711033373
41241,32.63395405709352
5680,60.743276986205146
29965,35.744711241238
88144,40.71846910357295
87500,28.677531120077344
73360,61.979274538917636
100316,61.966222576076845
63608,36.398362637404745
63567,57.52887572836738
17161,59.33563008541937
2590,53.21075220557366
7919,42.835342535040674
99375,57.651553309713194
99299,68.34409856488162
23630,32.049047073601834
407,35.39244142068345
17719,60.88467421800669
7343,37.96797497576907
40481,27.79669845130908
84424,61.582104314176306
95827,20.72794706030712
44848,69.08577068051909
19167,53.56112982353933
63970,33.769739619945064
97377,44.081877012642614
62196,68.4914014915783
86464,68.86594030748596
94468,62.21951116788737
91423,48.1090982123064
88647,26.733612489027255
317,59.29359691481734
81066,31.33342894133376
18410,100.0
95287,55.996168114742275
62919,56.39061827123412
38879,58.9861412200105
8207,37.535457649824274
26307,33.17077760019613
20943,63.33871276124428
53299,69.68098918623053
51425,57.16683659801768
23662,60.33776130298919
80520,52.429114012669224
8090,60.55925496314383
43706,69.35648669632478
27994,68.04692308559356
39168,36.74547578049526
62839,75.03845548401627
83696,49.16865178635272
90637,49.142215646973106
78069,66.06315550475446
68153,27.437497497914073
5392,55.0766905535791
26744,41.742566187241806
57414,55.06110134746169
57561,46.12980776172077
55106,53.64945201009087
76352,57.94975000323309
79885,44.71610620195162
40188,36.949835652367426
49298,24.32347682481489
86049,35.43693338334662
31401,61.45182068868892
84610,66.09134879515913
85508,47.78017330415527
89128,65.95192384635097
58432,55.015382514452476
69636,48.42527428467107
61674,58.393268185712756
94488,62.18104927107701
3626,64.46342902326155
19281,58.754267343590946
72049,39.7307857467548
85164,34.85675451321652
48216,57.4514294622921
37808,65.25524142427936
43359,43.734063510845246
60675,63.634206111162314
52113,70.76129671562782
47830,42.41217155180142
99157,56.13733404160398
1012,61.95158579052904
10581,63.84284476350578
34333,37.982894280613294
54115,30.432719370614837
67553,32.47143317318556
88080,47.39432709398102
98557,20.662437493968856
101902,56.2976938070719
71221,13.399506396965874
72193,73.65486246632805
8032,62.73447492770337
88116,63.19839051416229
56289,50.3997428334195
95159,28.47537789743881
10195,55.18804636489761
1620,21.28541933342378
53001,59.560551356957696
926,43.656857998021316
76290,31.230999581115363
16650,54.66628147502602
39737,56.40160114418819
1926,57.683230841264894
81097,26.976149072355206
14258,54.025155313999534
33035,65.58983413072242
99228,68.19906026070014
40609,42.60971690193242
87484,31.815544794583687
36755,38.639507520970014
1248,61.6323127371377
92100,62.502864867439584
84331,36.027186760949895
61605,24.219005397787058
33749,68.71288634488157
53469,55.820677982082934
18391,49.592112143301975
57426,52.00613500671661
77444,41.29967662539538
54878,41.67489682736502
31675,29.032996332786038
99312,70.8882176135758
97996,49.12687181022222
95770,59.993474328346664
85059,34.65380980561231
5985,40.11131602522489
51465,63.92102859702219
35144,47.11153488186454
33390,32.75138575239687
88366,68.14162997995354
34364,60.9369480163455
55239,53.911218103582925
99816,38.48135372247245
17546,100.0
7833,39.392733743642424
69664,67.15512540041715
85578,68.48361512027918
36489,29.912733683199303
61137,68.6513871064658
23842,40.64238077501061
61511,59.204322168718264
48807,52.140687810637445
1192,34.78395697645383
63628,29.60444118459302
11383,46.12816919932312
85497,23.326737444512982
3043,66.22021104462239
15364,51.64126124591358
47407,43.109547118987
50421,56.55357318628344
45990,62.84263463182563
56882,65.38579356244294
67276,56.97043694041171
97062,42.608247516905266
59954,65.62219808582931
14906,60.93077013920681
22519,67.76016057468485
3801,30.338049636667712
4523,55.91266009019861
50150,36.28949912739624
86240,62.39670840296014
73111,61.288169155537034
90354,52.722578048755274
21469,73.3488949512768
85978,26.097529152615753
36698,50.04059499421542
45761,50.035463018019854
64112,23.77844165399757
63234,61.96068355511192
23994,58.52077226217515
63648,70.33671667307162
53249,26.81487875742078
18758,35.39407659577171
85050,50.046221903198656
48440,33.81935371179971
67791,50.928420701010225
18924,58.80295728008963
76419,70.18393783890923
31179,68.1813116250088
88387,69.42161400380549
87240,41.321190270355686
6417,51.335730029603184
90091,56.475203421524114
39967,49.40966741269621
19492,63.35927989924542
15745,59.40696866062305
41829,38.19465269674074
4276,48.65458567887883
55621,50.36418991225907
46194,35.34948511838511
34114,45.9629090641672
63700,32.64328445154968
98786,38.978070729628925
84316,33.422288795267626
31175,64.3979503319106
25437,63.6982926300114
73036,40.08326439994291
94543,43.25533554087176
57198,65.59450398234732
34067,41.94106320741153
60025,69.64490751373468
1705,55.93587556837
11061,26.021625529969842
4711,62.871016762534154
68347,67.5634960957507
53326,51.655642629663355
21441,49.82506259548158
9359,51.63538394957649
75236,67.1676657067632
4844,51.10312394545132
5578,52.16391178389258
97777,24.529220186790376
80253,65.87015854273699
75298,68.21641117561593
73495,96.87
59708,32.614033532076576
21503,59.255312816865334
95525,38.718637817129206
53409,30.96962936263162
28592,57.7266798081791
22076,62.4888765437108
61609,54.45676493058674
73081,54.69131894258054
44158,59.143444547609214
85458,62.37184473724625
58361,31.669660246576562
49907,54.67221850403449
64029,20.49024992646765
98730,53.77879039805002
60439,36.91561340127898
8130,50.63009022789626
93625,47.3128892592984
5519,41.09819572143722
36858,37.14097055378586
15883,48.00533012175232
22069,69.87472409776136
90829,73.75666977053196
60075,47.05623513992801
91097,69.86813533414939
32583,51.93447790449372
102038,59.14244017721839
26560,70.98427789211351
25609,61.918792212316696
38845,40.46126584903116
68566,48.63776331805136
16038,25.084136076287383
53584,42.029112818780014
83759,61.558188777891864
29102,68.79948339466574
60977,67.33424929076455
67874,42.545843035883706
28764,56.829730016305966
90667,49.4537058704498
34484,54.819278962361686
39246,51.326887796865705
79402,68.84951624897073
25533,56.741617805242704
29723,35.57784664986915
65912,47.70758023218569
36450,72.45894542943367
11219,69.32736275145487
66863,18.362328793393832
71105,66.5301531806676
2341,62.471918274690054
87791,68.74288046713143
75522,56.42714533122093
78108,62.1598847675628
39835,59.845447220355624
89377,55.98034085576097
95542,68.54032029245396
1162,60.34350943014471
73603,66.36589319768983
94171,45.861624853211715
78235,51.783835946014875
21408,47.32370803302287
6120,69.76836941958022
33638,63.85987412510096
67184,29.901904511422764
75407,35.694555734477724
35467,40.71812126108703
31889,44.12910851593786
55463,35.24055236654016
74554,12.852738245104092
58279,23.056484501172857
70661,35.78436585468023
8475,45.78193483168934
27820,57.921431518710826
52048,44.620042183354606
83350,40.97560195884061
34624,35.514497790737806
99045,48.31529407668499
57991,23.26493637483657
91623,54.39837992344161
100652,57.489944279798664
3979,34.799750000899024
91961,81.93175042637569
53443,40.55018509372657
51355,69.52934284447053
44856,61.427503431917756
51713,58.699888517498565
81922,41.53042496369664
72924,58.5699970544878
59127,56.31617423049851
27708,67.72436834609773
14484,12.18359207284001
13188,69.96022139929403
75813,41.29589113390083
34413,69.33684020710444
8478,60.29272731978588
94525,55.823815047676014
90182,60.460258663827226
42554,52.24006094786114
68690,100.0
73345,46.78083370848527
79808,34.94592420764106
99140,62.97587767027007
84181,54.018722295069345
24966,56.23824497080003
58858,40.19103510705223
43031,62.54935874987213
18003,67.62137997528698
72601,55.44993933144494
34223,38.30016505043098
57669,59.22506054020912
38472,70.64147728452504
94140,43.49126258450052
78779,47.57453160724457
40584,52.80890166697185
57675,40.82304005403155
59810,56.70719533580937
72124,68.84622716619592
69980,68.93678765298726
14769,79.31636052543946
13683,44.9548802481984
56022,50.497142510766274
71569,63.483671500719495
67667,36.7940286241474
68050,67.74034077145433
39664,42.12866227429406
33607,49.552104945318185
11772,65.29164158409391
4010,62.450464096630284
55761,40.850885255027215
101074,52.383917219100624
26576,66.56845658465367
93258,26.495198265773684
4315,37.40258686230115
82225,69.27292062420425
48446,34.974444993375265
33602,62.53314545681204
71976,38.355603162271215
69460,52.58822242905739
17336,58.62885314281444
80447,56.9595937877824
65691,65.848222940207
102372,69.14302884849
26753,42.78775642886445
35209,23.734561176161456
42524,61.74975752885355
5681,37.094305249448084
58354,91.33930083982153
71571,71.017355722331
6395,36.59335547055922
44386,69.86813533414939
68344,62.323228696021346
9530,37.78238324268072
68440,55.16290043147731
27292,55.81107674751468
85047,64.43873956479361
67817,69.05868837683865
13656,65.36231807088369
32600,59.73357690049871
44663,63.08530264896913
100326,72.5317890310419
9831,49.48492714613517
28202,56.4141667518484
4833,27.398179664701015
4179,52.76858204346022
2401,22.370882982196218
23226,60.26493463003881
97103,39.722963040565844
18631,67.98279146782923
85279,69.48489689159983
99425,29.420091319819022
72201,27.97367466557059
30119,68.11454804353188
49837,48.92060463963187
84093,61.935450445935956
57645,29.509097481069
80594,60.56107048903007
14077,63.75283038513298
24294,40.20255062068383
2099,57.60893879795431
59391,69.71072544497933
97925,68.59338407464794
52936,80.76784548784548
75629,52.561688529808514
90707,59.33844214345154
36871,33.03693388898123
44192,49.53821202526762
47349,40.45054285848432
2034,52.76498243184136
4242,68.48361512027918
27266,66.38045646774381
5902,48.798969902397545
57988,60.72255435309778
32007,61.65586846248314
9813,57.506375983887416
88202,61.56820605176812
66051,63.98752346592901
10798,65.10936057223236
33775,41.438467250736394
55741,69.14961373292728
96846,69.85821372526836
99538,58.0358509768092
94682,61.06757867486259
70895,34.064736194542974
70418,68.15755881102828
13280,71.84542628662433
55923,81.09696428240125
4544,64.6761464269803
60522,49.624395872043635
19869,68.85020364517399
69412,40.23800345918252
50393,65.54127948540491
68912,59.87179231867727
34233,65.83581588100415
51613,50.302984006062836
22034,61.034608244706696
99207,65.08182159226125
80076,62.44925760303272
62024,70.12807390310635
36684,47.310277515642966
3161,61.927900403780725
31879,65.66833758401758
94391,52.67648578439827
43586,66.96871188009192
79954,64.30111658482429
46422,69.58794725371007
71751,69.2505174548151
1815,44.72255816785692
71490,63.30745708180341
16232,61.748186582148826
1040,51.348276824420566
60068,69.28601120616993
39169,37.740224364396056
94891,68.87188594568033
53094,62.53628789994886
67009,57.44763334893501
36752,61.02803289852847
44372,59.995625981843766
54813,65.43601957686002
66682,29.74660178155612
13277,68.614810116211
90976,24.147512216695667
84462,61.01653257175299
95096,70.57975206014558
59291,47.4995943669722
82260,60.213979027806666
65891,66.97632081321339
69989,35.53306245306946
54801,64.88088972223024
16262,64.20962560916558
35700,46.05437909328826
58863,42.29767908759573
39688,55.919175980187894
78722,51.74306282900782
36563,33.309686265049436
47019,64.17692861357571
48082,30.62031828015886
15492,63.29509121518637
74982,24.80360705921875
41279,58.28394533822945
16453,39.285676017747335
81368,57.11322977107244
29925,40.40938296007977
44212,64.30647013802263
101942,38.80067298994184
88594,53.27654179804257
55830,68.36378327109719
25674,60.743283269618495
79149,35.907484884322805
44244,43.11344938999214
40898,62.60070910941553
44774,58.10875249241301
68534,44.84684944114454
16730,46.94056816375024
43614,68.14706386312434
33183,51.28604338535115
47848,82.28019198481725
56416,68.60722469225534
46458,21.38321465957016
4229,58.8969143507933
27926,57.59292964414947
23325,63.207640688026466
49472,69.5774952515188
1306,63.01757362649011
97762,36.186090978367375
48467,50.2198855874997
19244,60.10280738369387
101903,43.132108088551085
86173,63.856426301209886
27594,20.401326727509577
71173,49.68768270752239
49216,44.25766649853815
46169,40.72253038331813
58751,29.339643306854608
62795,60.1521362293706
57916,65.35735199682284
15408,67.17333106675777
45360,64.86941884118588
33275,39.1659252711173
73331,57.49444773254631
30813,39.185081893243705
15502,38.322181608663435
93716,31.23107949110293
11214,57.549135356539885
87270,45.48265679314988
20471,82.16126175922153
61848,37.84809303982691
60791,55.233997672208694
61802,51.612091349109825
65465,55.84146842790882
26027,67.74699233411485
41067,63.68675876710628
22677,49.726647729568846
12651,49.32636135825845
5301,56.351239165577255
19531,53.467095554530076
4773,69.66935993359766
54667,62.842103734765104
52728,29.387961097826643
12917,54.827046121660075
71245,56.9810580206712
60555,67.75908207768776
63577,54.312617804113906
44186,69.0693610737709
34757,62.008080864666475
4597,55.200215247054665
7895,45.76022082721278
3131,70.03236214513203
65145,35.24023171677139
58850,35.63788518869278
71257,70.73033139084878
44493,56.41283699471909
97335,46.80694553262676
78609,69.79910821342925
51926,63.20089006350383
96819,42.37078017405933
102261,42.90381172146616
57547,34.915585293088846
53794,47.62616561323318
74056,64.91783948204728
18213,36.65619037404798
17492,69.126999562046
1545,54.7327439696571
9282,55.07875366923746
80556,36.279208209936094
171,45.19594405277051
8223,49.98322912538008
95496,51.180626309424625
15764,63.515097080731984
23976,46.98231702387489
97050,59.6441405266374
85817,67.93394540078138
56464,57.07522871435841
69862,66.40251913362162
17104,38.591982277162614
93169,54.95899287331736
62370,50.534167195290685
24061,69.34640877215357
18373,48.24293141586464
35696,63.50707950132668
81948,40.586308858164536
76631,69.50623727077341
78971,60.82798711763784
7545,43.700736528201304
76435,68.05926714148588
75478,62.382778957829295
6248,65.37532917074581
90680,54.09991771398267
20746,25.75461131099772
47269,65.17094438954224
80846,36.19645907857657
31313,57.94540204522105
14376,71.07685753079816
81621,70.08668632572281
26601,72.81594313604101
64370,55.43255258312707
10162,40.06832701343751
8424,40.90903693774858
11220,61.569451041694954
48804,32.73601088687775
61305,33.271834135776096
1796,44.54748935166208
41419,62.07397457180229
50673,55.98930019947049
72053,54.79725444413897
91087,53.37951201733277
33584,17.309256209154135
26720,53.18743537920357
54713,46.01082030785911
67681,65.94992206551325
2138,64.39305782386874
29871,41.36781482040512
59969,38.773928767411
63178,62.3259873488698
65667,54.1095899289363
995,45.222237626031486
26341,42.61577924685232
39161,47.32295568441389
35659,70.04224042213374
14346,52.97619927693108
85629,38.00497400604992
76618,58.45520736844241
100136,28.76550995222791
96748,60.666724893660536
54835,30.52037708473995
67182,52.57887427815517
23990,60.86420837581299
55129,68.30641961954638
8392,68.67842464687885
35114,33.36492062952861
76168,69.51746408681738
13700,68.21896778305157
36029,51.20415206414318
35730,38.6322091316242
31898,19.443780508599367
52011,50.05323634486822
21171,44.687914789549495
9349,53.073362283549784
61629,65.70464108343558
94329,40.172543675812946
37215,47.04887940122343
19507,56.47807067775923
52432,57.740818830676204
8538,51.998110088149275
47053,61.024504792713
65675,67.62624146481217
41588,45.96084785264324
78086,44.04392444839388
28433,48.43149959486053
19581,47.29454335723063
12424,81.99
60072,38.09792578607714
24206,27.115228782958752
60938,47.926011829056876
47389,32.7332210829483
61790,34.12708213561657
7626,47.6757417674666
1243,68.79948339466574
97864,48.6992509527365
40862,47.04287048712068
101493,37.26063956384775
19905,49.83181292906502
39878,63.286033797189994
76674,61.79738394444894
28733,45.413600486427725
100378,24.159231980489338
27578,36.4237903267355
22134,71.27983595303805
30388,69.44627242419915
96920,61.60640272130267
56613,53.97984561675501
12410,70.40473092273233
69826,27.342361690264728
34187,57.55394721090356
2239,33.35820682092974
53902,46.63884039562959
55663,61.61238531503604
54578,69.51434597962759
76842,13.630964449611376
24600,52.03200810273478
24913,54.487951677829116
8608,62.50580846198311
12415,51.42670407345745
755,69.20637966267445
31800,37.60094370337069
79706,35.439027601408064
23007,57.48074499031567
90633,43.80186843359574
14444,42.50128694286927
76055,37.57797607282078
33196,31.784912841022287
47421,49.16004492396118
100773,60.10756085742895
14822,47.09646856865418
20486,66.97168893252972
74730,56.773635637081206
51316,54.728052931698585
25843,28.169653600116575
73844,66.49373191213462
93149,63.79309275963412
33475,64.6315496921588
87222,55.2386740483127
82097,38.29976499238493
65610,25.293658950115997
9536,33.575485185852266
25024,52.0217650008378
66608,65.03349641214382
69059,42.35284199657176
38202,68.87582674622584
32220,65.5349748756858
101556,58.60218148328539
33844,55.76524248173977
75075,70.76168688539657
45615,60.30884537191086
101891,58.445260602927476
12904,63.1936383214229
58405,57.6545315330347
93974,61.820965243569844
77019,68.57944507978837
74027,55.5982572105514
33619,67.89701456035321
60386,25.014137521153263
68637,66.24266913743978
78272,46.93404669579584
14373,60.896238772580816
25119,32.735982236009086
61144,56.689104619965754
61422,41.058051834759674
18842,27.194539056192593
51997,30.938364521642463
10081,57.029616771660606
4413,32.00548747984784
10590,55.54981812087706
88315,56.3628788923366
91998,67.14346130118503
95056,57.17204079649799
50215,61.43460473849047
73215,62.30491131432623
71908,57.39580178368669
77329,60.75109453523438
48968,39.500077177010816
91486,40.38905481948148
67254,55.043880888078576
45419,39.92946360070556
98450,58.54900652352044
29298,41.62822175442616
79028,63.47131181665905
25290,48.02317921591457
3062,25.930524928720615
23548,40.47948354051631
75696,20.364779972666025
42429,44.57705819807996
93335,69.352722759093
23296,59.83703139691297
66305,69.86536340710856
75605,35.29111052071892
17186,56.042146441745174
92483,52.61905629756998
73949,65.91921583056661
11199,67.9013855134843
77687,67.51309809514186
30454,56.471626214584994
66176,51.27902069065829
52338,29.126726995294085
93959,46.300321473022535
60125,46.392994460520896
96045,67.51134648107853
28351,62.08572630360358
33255,73.93813855875668
67673,51.13805847709041
75594,58.77671530211106
48220,42.85773523836666
14384,27.9599739095584
101243,66.19363119858917
93521,63.5884545474741
58096,34.38645746976617
79815,70.17280186157974
69478,20.57652008021435
60756,61.467429522737746
66714,40.17545667518039
40952,38.86339669201014
34767,33.42391952351431
32017,60.25359687691061
15912,68.57045304345431
39812,64.15607034292981
17635,53.370762590642116
82317,10.846939457100023
55824,55.74822488757858
49145,54.405942193794935
17828,43.2476906176714
28002,68.29003027733262
18560,69.36884337022903
57648,65.36750859168428
68563,58.42477010820597
56934,35.362760733450926
17297,39.707138294776044
37945,66.98262157672896
62612,58.055705946469914
16839,58.971863966903065
28105,60.849258028968876
83663,60.73499552634487
28168,49.703033990174916
28231,70.34555388185774
46085,54.03188587650999
37805,71.59006182391654
21766,58.642870888970236
2302,63.19308142454077
35265,46.650297920519634
50240,33.377837149630466
80862,46.082390355906675
5924,22.67070822901115
75239,81.99
9682,56.820835707945974
49666,29.205025250696245
88278,66.30602430684854
80585,56.69278498565612
92228,82.02833333333334
90513,55.97098881682615
98933,42.66104281239161
85226,54.43746665453566
77557,52.496766969477314
88043,58.22391482066339
15455,59.68955979980547
80876,69.38600382003455
79394,37.8764207330114
74049,56.575775156516066
30638,50.28665494680838
32945,59.84606972718721
21601,37.51543927380842
96493,69.87505687681693
47411,67.76432469759051
82648,48.47182862489768
81859,62.77840731518026
45771,42.967738111098534
43560,45.74722825152217
47316,41.879279968729634
101158,52.84730385570164
56472,33.544852535790476
65848,70.6171382979273
55540,50.662874601030225
72323,31.714490256297495
19730,41.915471275521675
80918,46.450538573707924
81287,60.344846179542884
70994,72.67179297252288
95268,69.67035894484938
10161,64.00859141238246
57209,52.32479583915875
53340,53.24001773991788
15597,69.93179413525613
604,43.35818693247201
36352,69.11288158661411
98089,69.47807523992878
32379,33.94417073160996
35727,68.65609044127638
29681,65.3482154915634
82259,61.98497912996786
25690,61.37958966835978
65820,53.65202409700187
58798,61.76467905691143
90988,65.30806242754696
52216,58.96169693953042
46067,57.918190516966746
23979,81.76994100450455
8247,51.861789388789646
95506,70.69459043156655
63160,58.0623673063803
82007,61.52758596609618
8366,66.32401262771303
44811,57.63655653105641
5620,42.79611638687562
14954,69.08577068051909
53152,42.81592857933401
22454,54.81048853215768
49158,70.10656129697688
38774,69.10001719523424
102462,38.777948958483854
69579,61.84143596785625
74543,49.11266675827659
88178,48.848942557941776
19420,28.90256589195138
51001,58.03772163270197
38424,73.26378444441636
99260,32.18228178812104
79625,49.49089667886485
95039,69.16044885708186
52328,47.429812040149685
9037,58.51007065304489
24512,64.8495027709915
46264,27.12846948887506
12712,64.82824681826476
44841,68.5861708789927
10101,88.72642936596218
3855,51.978384409119805
48430,69.75378332066103
50320,62.82723789139645
34004,61.41293849020471
54610,74.42522189209001
59308,61.04862718892896
19536,61.85153849983304
30130,53.38171536457616
21901,61.82210994845653
48794,58.81891107066543
37693,57.941531962880326
96961,28.874692737723663
43691,69.14961373292728
50692,29.107729407698322
9730,68.31315668464042
25576,70.08668632572281
45822,33.78749697318211
47121,58.52736304428768
64764,48.627386883566444
39191,32.60842788750641
57570,69.57420828564506
11334,48.87054404882927
93765,40.711521940926474
34095,59.28663491638434
18208,40.447956116450825
32224,70.69459043156655
78242,71.6224681258973
10228,22.230327361807316
62701,26.773438822415923
12118,54.31791297842077
100566,67.44800900837967
50749,42.047677449325555
21640,48.19290882034633
23090,63.37624258430626
29661,52.23699287442164
44581,49.29161122931139
69306,46.40419819189171
36102,71.82647191978673
45160,47.82076687849809
70462,38.421129518913034
28157,40.17007637147494
101810,56.84965887316911
71159,35.878736853518305
82136,33.783232190529304
69824,70.82683958467835
53784,58.31929414586142
71701,66.63199942958965
74025,61.32091157825444
29060,17.023514145839187
16560,61.14396687310556
81759,46.11184275970825
46114,56.317578626763414
50261,31.62846273702514
52377,63.48475470872234
7781,46.93626868889753
30189,61.600981264592455
96767,66.80582057357188
6139,68.82340816735264
51138,53.22168034277874
19864,50.03810093160248
88211,46.962651279365275
19588,70.53694134739368
100539,53.88215478369623
34583,52.76697262285233
89296,68.44727168499712
4363,35.77520481101679
71531,29.835561632518523
74424,53.723777904119146
26019,69.08094443873475
94754,47.44846233500204
42793,47.694312015404776
95504,73.2033564115876
22305,57.35792125553693
13722,70.09176846062479
14309,43.13951437806794
85660,56.77595196143391
85782,38.64954274697604
95205,27.64969584512624
95116,26.79330442005019
79357,46.21599679917178
26488,38.545142514551856
53271,38.78259005772605
30665,50.5612437051004
75858,68.49058380080697
41649,36.29833325918201
88490,51.8780495270917
56733,50.358126952686355
93051,65.31638496826072
51900,24.50052518052372
20667,59.72584817239093
96841,54.372432695285895
70662,22.757680962194772
4631,34.18915986766013
68730,46.14197074980352
56869,63.65262068238855
56206,61.96516487307638
29592,69.2711604541913
101350,68.13886243111224
48175,57.02375174401924
93973,55.34946009529609
46963,51.74734079350299
87812,49.907996507263164
23674,42.75785773162457
52182,53.615009271778206
66204,30.787587125939844
91075,54.21620042653385
23113,60.18618772130956
86097,67.7306752654087
12680,42.31033484544618
77408,29.514641060900328
6046,68.143804997474
59539,55.23015802714605
38596,39.066079126113486
31937,50.53693838119615
37982,34.667125153491796
77209,60.54119969945532
98091,69.616284935767
72282,38.542318434385336
29134,69.96022139929403
13987,65.01476443041001
97136,59.712190201963715
38703,69.86536340710856
82222,61.09680024421686
36172,68.21901131628594
91178,61.01503922109819
60455,66.9144879168617
97786,66.5134286100728
75238,68.67834123833227
8597,37.62766614378158
95851,58.04567591568798
49884,22.829575857919107
34091,60.47636217377177
14803,63.65299243202431
26294,45.14723748027964
1884,50.30495797344439
62382,29.61329803177156
84999,58.60270925750704
11758,38.88896673038144
60674,64.59086236114604
76509,53.68834732015702
29347,67.86223442924525
52966,65.02217441321346
97920,39.33389950104555
169,57.2635494962752
7955,41.20480992407046
14978,63.92373974982374
61138,64.47537800561457
95047,69.11822508263909
40990,46.88816699371716
2342,37.58738413857615
25496,39.382237590026904
86463,55.210177253182586
42830,38.874645619186865
24457,57.062824064988675
57394,45.17722258938283
54456,71.02348469768616
74846,39.73206125838804
20427,55.339561557565624
4175,57.86588282019965
42108,60.43785133301413
75717,59.660230021947676
86231,28.360679764791165
56889,53.01028757006747
4191,52.291524733744545
62205,58.46747903422166
6270,62.016530931873255
9244,30.457260896517823
33576,30.013722313313107
12757,37.28670041124349
75811,58.22527293735041
35200,39.08995787183186
102634,64.27603989483181
82880,30.46589140254979
89114,28.45602636821445
97874,22.87932001595059
101690,65.7606857940878
8759,56.025684642964535
42798,59.83418269438621
59001,41.293560720410625
13978,59.745260280778005
69923,43.700480843117454
40243,68.61158153639059
92740,67.58864107384532
68223,28.693982682793393
78470,47.241347825080126
10254,67.07631851956909
49185,68.8946358489141
30124,60.33205405811824
70146,57.526729976320695
34438,60.795686968189294
40022,36.016941758845995
69995,62.047597889871504
3061,25.32861976259035
8494,61.469974816016546
46138,56.84304497204002
26946,64.71823204931248
17826,45.046262042930884
59387,54.76600107270324
86771,59.607432014422386
13672,74.11125
19174,27.73611962329315
28762,63.66835870649263
86191,64.47949723661841
70316,46.63777726889641
21004,42.098291297736274
47206,45.13671787287213
50219,66.59618402195963
20863,71.03243009112083
100569,35.11331421995366
101927,91.36680083982154
922,60.500970864542985
69503,49.80169648525715
77180,64.57531480928142
23288,57.380578391515435
52541,59.60542247452837
21555,70.26394445889119
92493,62.52357306047068
53839,65.73224993347775
23774,58.46222922198814
73923,62.76615048333043
56149,50.22231230096742
46467,50.144871374985726
37294,61.489599683929676
102645,69.30156407284544
69782,25.885503120347735
71424,68.52000997961255
99058,67.21019181275298
14437,31.726988382111063
16609,42.16511990184067
64804,61.64781895945218
99019,26.130242857065245
40892,68.58394063493232
92457,51.00819437453503
82147,61.482413370225125
81171,64.61359463137973
194,55.6276338946205
58980,38.41358718149594
22509,49.740766917791596
82827,98.0
25037,62.69496389512535
7013,67.16151578954454
45773,34.13126113334225
100503,40.12064504644935
39209,67.15140643981495
97094,31.83838942652333
84956,73.3488949512768
82218,47.17455828087852
42166,49.984081526440185
69213,67.48261764339868
12019,69.08577068051909
15942,69.77730618634918
42906,41.48611046247713
61519,57.236027159001736
58497,69.47821946918559
84949,34.54668446721433
26492,54.059296889367005
49846,69.63043215605866
43287,68.69046568878193
54355,48.402606483069
55019,52.93101432924557
68560,51.320134204461645
31794,70.03931725778283
6232,70.4094236950371
17677,60.98682692220789
51423,49.44587672679625
56021,37.621130182675785
667,57.677710596207035
39719,40.076290775324104
57022,26.028710120872276
3638,58.24966207831205
40478,74.81827968672732
87203,55.91439500062429
30530,63.59343055538081
10144,62.99956763882401
92787,67.67462155180532
45314,57.36154493277145
19892,48.250250900293146
64907,20.71840896234551
63655,56.66193169938076
94136,32.599033532076575
86455,36.91325133887141
9023,67.02904592650945
70506,74.30817296300268
63127,37.66913734752779
72008,39.7775923180483
84636,33.265912482083465
11528,59.342652837027764
55470,19.547232472788178
23665,40.81193851661216
77308,65.27144976406944
57964,37.11608106139273
102395,68.62567128981726
26752,41.86628487295662
74663,53.54660956674802
24481,33.38893286314467
20271,60.352557325708915
68536,45.23015438864708
47037,52.534483618457585
31367,67.76475490968724
31715,65.11712187205943
32714,43.84743866861506
55204,53.165248390413424
101156,38.50999482487907
71358,43.652062642215085
71214,57.018110507644835
7773,51.959098564769135
83997,53.01456117096209
70689,69.81626870591758
2813,68.4446342881953
54998,59.270926501094124
53433,63.236854919794176
57067,73.75666977053196
80098,26.56328693178814
20246,61.07958248454863
4826,13.17494698549077
43791,43.427997950606844
1499,69.41833861588499
51937,68.5447823326976
38781,63.145717235713654
52293,39.70730311220973
73794,40.918415194037415
53922,43.494155470409076
8112,69.79910821342925
27321,69.45049338161353
77383,55.136308116573176
39612,69.20138548417178
57494,40.00100780874307
101710,50.462580969909226
37656,25.773218016417704
19127,59.200075606882926
1668,56.84287167613824
80783,59.82875924705873
20503,21.999890777260617
32686,54.21565899683296
38861,62.34114450072347
20916,53.4870963500875
93990,39.31884863201964
33237,29.168590108822844
80031,31.102728171397487
33397,31.4560139158235
66069,55.27887539132221
100437,38.77740349793702
55413,55.91728629275522
7089,37.8575831553198
22464,66.927377484014
81128,58.227235373853674
95051,44.79396214166471
12283,66.69006657843246
58622,43.008178686204744
59744,81.09696428240125
36825,69.37715486821418
72659,49.64498708456309
15347,40.01552811305348
77251,55.112363049619674
26498,76.80025308147293
49776,64.68471404313792
67900,67.5174703056801
94534,53.14627897976443
14695,40.091161092812264
46028,69.5645050389861
81901,45.59483588883243
73582,29.142963780983777
19774,59.810270001851194
35825,60.946815078049575
24844,68.84065010320143
70540,68.0505329359891
50229,61.785412032138105
94990,63.41943384736607
90737,67.98660399782425
51468,28.026065625157617
80866,51.95747396225244
56291,55.60767188510295
76956,51.99887855569218
3411,60.04724575156808
14138,73.48976818132954
63058,59.2008409924016
53157,65.10058908560099
48938,60.65893366944771
29385,64.10956462809654
66753,49.695064230475
97828,49.195252192303116
6267,67.8567636578454
8285,42.99860009447032
38644,48.44479927016554
79570,67.94389037528985
49201,52.992032346168706
25522,38.108489613178826
70697,61.10783589516311
10481,60.74778466920878
22044,39.47989977873293
6877,46.65626690973473
97371,63.399819903291785
31289,53.545949893096896
17994,55.23352713602376
45643,54.39670613536292
76100,59.29392228443153
73242,62.27466341633613
4936,35.624467480316646
24655,68.48361512027918
54266,67.58525800500813
93280,59.74545622856419
21440,53.88215625965277
56305,79.20580820686105
96785,63.28343993775227
16317,39.723026382118604
78495,34.66846939041645
29817,29.567592648776913
50180,40.69660599254341
34347,64.9756279483902
64484,30.03079995186277
81235,27.608910578892225
26849,68.85020364517399
85674,61.22154705653948
57760,62.62125717956071
70061,69.34228313774983
48254,60.5281696967354
93351,40.6680726308958
16370,36.37487865071339
53233,62.43480052810043
1479,45.17195842816977
57800,54.7850288813768
38962,66.50883024704689
25661,68.75732386110357
21133,20.110278164992735
102661,51.68666919569328
1024,79.95668253968255
44957,51.65628299228402
640,48.96584074822987
22985,19.836042736566775
28559,23.14871900481381
9174,43.6607209037164
26695,70.5958440658705
37241,51.98007416368405
96526,60.60246689705617
80182,41.347893011176595
14183,33.443647468132006
74838,44.068149020413955
96880,61.583464318169554
28233,47.8882265514026
90027,65.10761801798597
69537,74.88522950525389
96028,83.70157370110988
21666,59.43248778040775
69561,48.587128357178955
98366,33.79614213012401
17160,59.25691395104254
78746,66.19812786271073
82414,82.16126175922153
79955,37.55096488329267
74101,50.86686624637489
9800,69.6531971480164
90529,69.18307379674965
32717,62.60305793094006
82356,60.82598193288905
33192,71.32673782443267
53000,36.06777227208103
25270,67.29322578119115
74005,54.20978599799804
37372,47.645612071768646
68332,39.35151890495161
67470,51.84189890038426
36292,35.714210049530806
27347,34.649822061949784
30359,59.53362882984363
45417,26.708312434578357
78368,53.640576392376545
18402,66.0712484954557
88874,35.34920789027387
90887,65.8234502033003
63671,58.60143324798468
33532,64.31107555534219
12106,62.16400982956232
93827,60.454689996995896
46225,37.47491053827257
81424,42.8805670030393
85749,64.177095239188
83321,57.38509576330655
50471,41.49075080306044
48847,30.00482829405377
11017,45.71619679699763
72594,70.42661108839845
21195,58.56567555629272
101324,57.03549578303719
66201,39.57493502908564
49588,54.31001499522458
60818,37.197071178601384
75949,65.37487083060566
5449,23.250169639583213
63080,58.96732241026504
39807,41.955668206974266
11750,46.19618262432236
63337,68.41701867234369
40019,41.305213231938545
25789,57.4280918511349
44653,58.42163056659927
93680,33.38437754847967
18351,46.440672588002684
88846,41.4822839539017
63183,48.12239412506996
8343,33.144024552958996
50377,65.03380861986369
507,61.10981171263543
14545,72.57899249512761
4353,63.85264128203573
90221,68.62205098508478
63824,48.67281622767341
35694,58.066970065914695
40069,46.19721237172786
25272,61.54387368150856
21540,61.90629386083122
30457,62.716623773812465
11389,69.20393716263425
66100,66.07376770197507
49688,64.14843028200303
477,52.93465000036401
36948,40.96413209958792
95213,28.265513167696316
83518,100.0
98970,69.37715486821418
58300,62.080752046767955
78553,44.89863300396757
70794,39.0616788456232
32772,61.74535063902438
88903,47.75314160715178
62819,66.30916392984312
42238,35.77550048243624
49880,19.557441710872368
71636,50.046221903198656
69673,67.73073249074739
76154,59.60282795222251
78082,49.951544280212545
66306,62.84731669042366
93552,37.930481523893675
27378,75.62738944904798
70192,59.27243934120088
87777,69.94647903610178
86478,55.03258120953374
8863,56.41450371977201
21842,65.10707181711717
69885,37.11061538535016
29960,42.746500342437
54975,41.926501410412996
25392,45.115117201324466
49643,33.29464531900155
86996,33.40345509239453
20608,36.27619417454346
27700,64.31045684516039
37082,67.92116947174705
3699,59.249111790775984
5627,36.31067013165116
83060,53.2417952353225
37454,41.15075892804234
62492,23.828617722126864
21434,46.482511407561844
22233,16.056209630451885
59365,52.02803868685096
5914,75.42552857873606
33279,49.41428742423868
87534,61.58475223328799
14860,48.10333918877639
79247,68.50647094651636
46681,62.917440898029284
79890,47.90671831466224
86305,37.944193844790476
95874,29.749111227991808
52591,56.24257137045274
87116,59.911131492182164
31245,39.526384908130325
59953,69.47803272889874
100029,67.92814812772284
89577,47.32089985666036
102391,42.79807414864151
74975,69.49373397495614
60877,60.06774992768132
88130,60.94449027856469
52772,84.0
37889,46.407989707445616
35883,49.97704020169404
74742,21.10379095052376
75663,36.501528186886986
14375,68.43985307649206
82520,53.28411323768102
6911,69.47616977067788
76017,58.95999256043473
32316,67.83830133204205
68964,48.59919124341246
100753,59.92397771382677
56323,67.87270607965067
74257,55.0882584950617
101488,36.49602528591318
66479,52.94896818813641
68119,58.22007122339482
64117,71.24016893988582
38635,32.469635455727946
51583,75.48938295816812
81777,55.431360030628085
85122,29.248501108916965
8711,47.93480847077754
13183,58.667909863377396
12663,49.88946154355701
79841,28.874812558565107
29403,53.24218644784869
31184,32.47578524918411
3381,69.16326600341844
58151,68.80478114544503
72543,80.07797596313509
21535,60.19718607796323
26889,47.38543189681491
82209,47.053818496515284
51689,74.88039154229094
91791,45.7795000882451
29439,55.45046965897459
10252,52.19758257365443
5986,17.428229456677016
24917,31.478463458392415
99955,62.072904408733855
86089,44.27787789583354
37721,34.626512468215154
11767,52.025885246987336
45504,30.112244292544606
39652,35.2860315401958
27724,65.7601461117131
40672,44.04524882771143
54542,60.929835915930056
78179,47.74796726875332
86747,69.82194372977541
202,58.55464050002352
82900,55.59689079033842
48423,65.37532917074581
10860,52.19422922020112
48505,58.62838353264868
73191,62.24110361611741
57722,38.05725893777489
34462,45.23663188008069
27118,49.92071417908873
41258,59.91189355683685
84619,50.202106738155024
50226,53.730798594446206
4372,36.07136670795602
50141,31.862631744324275
60837,70.17322332815056
34545,66.37201502837367
95527,65.95100645784284
98147,56.099158339899084
33906,65.76926010380046
9315,55.94662762008598
32029,61.843626356544036
66455,58.97977026914784
44010,49.08843923024528
47250,45.21896372836911
33083,53.47898090650172
60505,47.352221274710836
44604,58.40648527990497
80165,62.53560288573837
100073,59.60593695970439
51553,42.822221762599284
39181,67.66720363806259
92785,74.25865983858418
96695,65.74018748494298
27811,61.16795807348883
101983,66.43307692307694
92467,58.976045069953024
17281,53.09985955471276
93805,45.31018028780006
30620,47.5792483341314
85526,42.00554651756357
67419,30.087901343822193
49864,70.09176846062479
77906,35.93719626706446
89458,38.96484907901285
49082,31.483408554441468
24697,63.623931581773576
39931,52.014575416681595
24633,52.585095842091675
31450,59.05846245686846
83026,32.85684605957776
57151,65.60627304534144
7805,49.148888430604096
51897,70.98966796810828
91550,67.23609612062418
44491,67.43067355853728
53603,61.65087804358781
8959,49.17004113883275
11806,44.92712231114472
45403,68.99339712315849
79914,50.03675750039428
92645,58.447784575289624
46240,67.03948630372071
53174,65.93758337954576
60714,47.50642943442229
37489,64.73358911258026
74962,72.29776834145281
87475,58.66816187159248
79971,60.068559093405746
67809,63.11624314490051
10403,58.644786241656554
7946,59.70068346499565
89202,46.76214594339709
54178,36.41599971786828
75919,38.733309642031124
70089,25.6328287423432
65431,65.61854063767011
84407,66.13103639388424
23729,52.176503388491625
7893,37.23992392558246
59543,64.09362819870955
52272,57.06703856170851
56384,53.35911493193494
101392,62.89906962300788
21495,63.927099554519465
101165,58.34246191286722
99601,36.76243250374409
24075,41.40772454911643
50097,67.80326318391273
14452,62.246876586118006
1469,69.08207856635426
36543,59.67130235873921
18304,55.19480201642032
89923,23.92861126372229
34131,62.72032515542284
13127,43.53104669442373
57472,68.08904583135445
96549,49.32309414845095
61599,65.28833649876154
60584,71.10381910712988
28011,58.756072278555884
90873,41.25904009940287
11524,30.65728970912553
7823,29.511084985326516
99077,41.64120935655441
74480,39.94179519672839
59900,52.866951824252986
33513,44.43675332678816
42344,60.2882839412675
38977,72.78521680460268
47264,68.52000997961255
21113,37.05158188619413
34614,58.402050016618105
48490,52.05346150915468
89902,65.26781177489772
65427,48.14444417779681
18426,67.05823836004234
30690,70.76796830723835
83420,83.90187673141293
9876,64.57639728151045
92140,75.53362112865926
96377,69.86813533414939
71067,53.10555146796222
32666,47.83628321934536
76265,65.2226158006402
100167,30.004509112391997
72271,56.91265992312975
92768,51.82229669206539
15244,53.93877024017764
97029,42.42357036843836
89466,46.64358895012097
96324,36.3691035212976
82547,64.97001824385758
54785,52.2491934230161
4577,67.81574112280268
22074,56.28113575418011
99569,67.23113286373254
53232,59.093845238856446
42659,57.9068441644149
39024,35.91890110652401
29516,46.60454638855286
25583,79.58053669894062
11835,32.83604200572526
85234,50.015046607930486
20053,65.68716317473374
89826,57.030476606485166
6785,65.40978036240155
101478,70.721585410992
90686,65.70181180383668
23540,69.14961373292728
62866,57.63824222213001
29732,28.058092979169142
93063,58.95592112580282
18328,70.98966796810828
81425,32.29427440633785
87906,30.48548563020374
73390,47.01825648668224
92620,38.58035988040405
64797,29.646267571642014
10350,59.30296208932474
3681,51.665615649500744
38217,58.700594396965116
84246,64.79787025385085
69986,62.316896456941635
99512,48.96667167496941
80351,62.78063082562377
50376,46.32113461086819
64745,56.54232856440427
5333,36.02072619015149
71855,52.41263120886967
63196,64.28726401037666
78852,69.03143616370068
14540,26.351612791982816
92281,57.24251093758159
43319,38.436472360964146
53183,66.46204602922404
99914,54.5571506534141
53765,46.942609918335705
9281,65.2463596085295
9142,41.41134048912834
48123,61.63816702881954
77655,69.46963624341198
96937,64.62313944705978
63421,36.314496295376244
78104,69.29969585516434
11101,65.44301399636979
32080,69.05437180436769
9193,58.49465388074065
76304,69.37715486821418
77956,54.03047552025075
102612,63.9004717542904
44438,59.19096464186325
94486,22.901528684182434
18852,28.78292788870109
86801,40.08331965483463
15957,32.74239682455228
1407,51.5662228193934
69772,51.05843171167986
3201,66.43689236082787
68052,70.57116239032239
47817,26.285978963044812
30947,66.09248119335831
54285,60.248764604749624
50550,54.25555679417725
67895,31.774356199495124
97507,63.042650374378354
73037,27.165082925825438
93645,60.58070319625378
13597,35.63576329773731
4802,62.99249467961888
8875,59.83144591023936
74764,58.2162857276055
11638,28.18013851790528
2250,35.79195094383714
73073,31.35138887461828
76905,69.28470509861363
31237,64.35631908769442
54137,60.24698144697241
44824,49.86560639283471
83494,54.6449729420505
97079,35.11735583159722
24569,63.81178036311245
7038,66.7641802486276
38228,59.586057760106954
11268,31.01908941514546
86987,37.24353452672611
56006,26.757980845075295
43812,42.60812556306014
37510,41.86473123813906
28172,57.53803867754168
27530,52.91745801587827
25927,37.93403152342453
23137,67.5634960957507
39977,64.58649621846101
44726,69.14302884849
74120,36.79177538576691
96181,65.87697441401106
154,48.92589769999212
79370,33.04957892686309
78623,45.661057752775285
62910,64.42015082932723
25717,57.08204098879507
31328,65.66458625371453
94316,68.3316095385
89965,67.7048340312193
5894,47.77003750152042
34400,56.94292846264673
72280,69.33956039200665
40339,58.392860707110906
69755,40.224679007999114
35032,58.87172611928492
42823,63.55054300727949
98740,28.311575760693604
96562,47.12027056090291
99370,42.658997933511415
9989,62.664152345148025
101209,49.20652345248277
66288,23.018788302176308
41267,47.23682720606561
96081,53.67254090907187
24800,60.36970249307512
19312,61.38463597937644
46014,67.41351156650386
37766,45.86720344120547
275,62.470812705805635
7918,68.16168516729167
65160,55.2206035866387
78996,68.3691253764905
70486,51.12065718135473
47814,47.639034894863904
52172,28.443174086755157
73864,55.226745883020634
67077,30.425178189143313
27783,34.75513202217075
66724,54.90426305550409
11463,47.525041230374015
70148,46.69439824850091
21968,57.62707392998648
55405,72.38602641026469
82397,67.90568011683128
15724,69.2464381448564
58247,37.57623274351529
5502,26.530269931960103
29031,67.96896850189336
43732,58.63556360655015
12438,45.71193654013903
87372,68.87110640460223
12860,54.143947423336634
13039,37.511724502474074
72993,33.28541088770803
8288,67.26959057290986
26830,56.51951842202654
29487,38.63432422640912
74771,61.54424815706976
95574,53.045392103404396
34184,66.70477109688251
66886,54.64311810211958
11786,64.77962364897044
40838,52.96496019239182
93180,67.39087861588276
86912,50.948262894865955
52427,56.68571176647308
84716,64.9254933465115
2423,69.43105279254388
38695,64.73803339133525
413,42.33756208398547
62518,59.33167342414468
38061,47.36796338293768
92773,70.65696338229449
35645,61.790520257940514
37113,50.93712652951197
27752,61.1272744292271
71737,62.16709353298269
23082,68.9570531499
8498,69.3885611945241
15360,43.077931032790445
25127,53.92088401790683
36598,57.619872955434495
62998,51.15573924851056
12168,43.724202133382086
11526,67.6483129743544
24743,51.52607406190744
15555,57.29248375501534
10881,27.327717840891733
69315,35.11590189674517
3577,41.4153684785077
23450,61.69928405047016
39770,61.51127379919857
33626,64.08344051495047
24632,39.47051255454851
15588,33.74670478076973
76519,58.76529314876777
18792,40.1572301032323
27153,46.169337006427334
46972,59.466888029306865
42497,59.088693775952045
27201,42.032394324697904
101595,61.84931329990912
62368,50.742829440840154
72914,56.84042311471467
23771,30.206680601931374
100812,53.99725907030742
97383,57.958543376624654
86065,23.203475912204354
67714,54.22238114549356
45450,29.32983500856926
33009,27.023753892385194
69470,53.67270999562554
22731,66.8440329739801
65882,34.19907700290603
45392,38.55901169810271
47989,42.50314751525244
42245,23.26409963380367
81340,48.23457435768242
2075,62.345276625712074
15698,59.24833249153481
98263,41.601495057314644
54057,62.87248016857342
2372,37.121423504178395
26723,54.7963137818363
87638,19.267573408572005
46775,67.53273663907318
1487,66.09134879515913
53964,69.86536340710856
80855,70.86111523072896
70808,57.21668382726284
71512,40.62562642069421
34704,27.751869672745286
65390,65.19715316932658
93740,54.946566615004066
87752,43.54610837236383
73869,34.42329992319299
32186,63.79949980016182
97806,44.67568090242007
49733,69.92472409776137
11712,65.2821351166045
45378,45.20460270626416
5109,33.696911864997425
81184,68.46017283750116
102542,60.49282203998523
64790,53.482484993825075
86348,38.50843631627911
41953,44.40631154125006
67151,47.56997560076021
40587,38.677014637723715
94103,66.6275525071209
34895,57.87479629387654
33224,62.27963684983486
63630,40.357613610535196
13181,67.49720363806259
18463,36.52470780863623
39088,69.57040009312185
34532,62.50213711204926
39938,36.55822066855963
357,39.17344126185523
72322,35.30421858537528
101343,70.32722524507359
53711,62.42624642525372
3,23.928456385122235
31044,53.82424651306204
30618,70.69459043156655
11301,54.97499958234161
15427,38.205017529048035
56509,64.3000283025106
22831,52.562229823110435
54624,33.23376573082765
79192,22.680059406321263
100595,66.74463278488227
67945,52.2544279196777
72224,67.98874090182541
91025,40.69330490472171
92434,47.141476283686124
17114,34.72252813007845
3204,63.06493706299353
87373,65.86665356252385
27604,36.04570715854396
1007,67.78251233924209
41952,57.761675534840634
57365,30.33859146402698
28844,40.045586254929006
66575,51.153359475151504
35288,59.494922418724045
53557,84.85562995553204
83407,42.321438475417295
7619,54.13172294898303
9157,64.24546336400412
28397,73.95232129423658
30271,72.6775225597123
17019,57.22803433274895
13524,60.138859166053074
33338,46.213616515697694
9348,22.953998604041377
31768,63.473641419389175
22264,59.59077710109442
55929,68.47424564321439
85489,50.20225047594896
62318,27.576918477171542
97503,47.962586780782146
58068,41.2903616786707
99860,38.80173990904019
6335,33.234284336746015
32358,43.83484477227136
50051,67.66110048814144
73854,50.599577173457156
59746,68.14162997995354
2807,53.156155381135676
66987,46.7104406084269
89850,65.12248803493267
8119,29.250651675367358
42730,66.20757671002322
76980,48.534802174275
24363,31.484391765985652
40334,51.95523174190981
71585,62.36072615925468
73509,28.124488091324523
19442,37.93941503934609
14643,67.41546539320109
88222,100.0
33507,65.70527426966984
54615,35.049881303838376
59283,68.37452004904172
61929,48.322698030634385
44395,60.25897285862487
70613,63.4587310313395
94745,68.69115224137693
2489,51.48230111876549
83116,61.23328493628946
77430,62.043350467871626
7693,24.668582550506077
86469,63.82410881442079
50762,55.618388163084745
88286,62.146461669533295
71353,34.181450697437015
36860,71.36898447088439
82368,48.656209138943716
62079,60.88135734765206
86682,59.05151296872898
10999,24.138629724204442
66571,41.094402709777256
3943,61.146988170632454
97895,57.54548065528431
54062,44.77196460125264
2945,38.04527925342313
70741,63.30729367116429
63273,72.11666640850169
37000,49.103452664670215
86280,52.20759709121922
60187,48.88486051268265
18632,69.97921479925712
7776,60.58814371287197
9133,69.08603091790127
508,52.202206961421304
97182,67.21037049184875
75762,46.24721342393886
85258,44.65195889222111
84276,69.90126180442225
66698,80.9975
30621,40.10558506942715
60546,30.21888275568555
75559,45.3778536022294
86926,56.9735445154208
93937,65.14951250912254
95895,65.48564701297754
44942,53.93416430981705
83675,59.33844214345154
22944,32.61502442521389
34702,56.92107064126962
37747,38.528037844564935
66976,69.30936024891868
98368,69.40036732426394
4964,66.67286529665407
24203,41.108970478153935
715,53.51706434430179
27685,70.10179771180046
97400,88.39870055240286
57350,29.338241258021785
15781,44.94391726852239
32177,54.697067212627026
19799,66.25323829364655
37067,59.10072641429199
55564,37.8487469823806
69447,52.82677506353576
61257,28.87211707145716
30336,69.28810652713506
52214,56.08855587603742
59721,65.27532175048115
85408,35.74291480427059
42452,64.59671215728267
52750,45.3217508079998
56883,65.0441961570507
14186,61.35956636045386
34600,46.97631367185043
12561,44.3552854077856
47716,69.6089951480921
48382,54.37827815977371
99715,61.22840778581853
31359,70.01519510208016
70368,63.10884920560056
15610,53.24718045246369
95867,53.628323337111986
55481,54.02672581218901
11643,68.81476644866096
73524,57.0493463184515
80766,53.59154184500433
27226,80.90363094906792
67225,31.384722164173095
71882,76.13620607616377
6918,39.992942199925885
97245,38.18305864615765
7302,63.71838746159022
52834,53.252432055597495
38463,47.12535549079675
56253,54.60519102614187
98848,70.26394445889119
21001,44.70128521501188
26349,45.62644318756283
41555,70.07945812065786
97385,34.870864505138
60175,56.41126096678145
3431,68.21901131628594
14817,68.33412317877976
51358,38.119080528247174
15950,40.918317869633114
48584,57.503966840895565
55286,42.493178566851554
84232,41.37760623399479
73272,23.89013962749469
17503,28.587364408265195
47271,24.919730658496338
1124,69.57940918515577
65956,51.59694857934688
79160,65.64176439490056
34676,65.86919176140144
92550,60.127288464312215
40808,69.15118779205719
102639,58.27962336493521
62045,59.492489652305046
83046,78.055
10099,42.92498117849226
12758,49.60810313679006
95357,33.169586386566
101670,34.62495108807021
77194,66.554190648271
38464,58.29441476337212
68465,59.88168657043099
2215,59.94977385617638
52812,50.25579425174833
56928,69.4040357674841
47131,64.19417078527975
94445,62.79315458511067
70799,55.037496919114076
15367,54.73878582547228
35184,53.10591237063123
74094,27.959593381362282
43468,45.1139024270857
8565,42.99978859290691
21926,65.59147090387866
87739,48.11925239578587
15337,43.07638560733819
20946,64.54436112967176
17869,52.670993906811894
88964,52.92045528962705
17094,43.75680234610178
88604,58.2286942075557
88427,69.19648293250492
83012,39.40210620955521
81550,54.15124889614861
26699,59.36565468291668
67212,57.917475854075334
45559,53.08823413543451
54312,65.55752945588502
87385,68.45348067917845
68801,43.603238352248106
43134,78.49109071720082
13367,50.03699177421386
94192,63.91938518390802
2276,38.870744933690254
76740,65.18757708902076
66941,69.06329663390541
100370,70.76129671562782
72821,39.85714078143283
102104,38.355317452017104
66704,41.79122093347006
27736,42.50682717173066
18125,37.726412659194885
29396,55.64415522417139
46828,54.63849406858433
92597,32.65621706284192
26990,81.2350496380094
94949,36.634315972774786
72279,39.10348333824264
14693,67.2633049597945
65537,76.13620607616377
20366,53.54480089155396
98796,42.6795205925779
55650,52.18100431647501
85516,67.81931816375703
86499,69.55598830630055
21703,59.200075606882926
24227,53.186129037157805
42454,58.8804845561284
90479,61.95626930740251
65653,61.55200548708291
888,59.6912436483691
43568,65.9340652090238
67074,38.04933619084727
72683,49.53765882049358
101077,67.79057728044404
63170,58.58020550355558
5544,46.304600654246144
45603,68.55763134858768
102088,57.87317218932379
68673,58.993160888147365
44467,26.10106869938251
2501,49.56952328981433
37596,26.332120026512843
58689,43.83348736087053
2531,40.642835203400736
65337,66.83543705264174
102269,53.419915508230105
11329,43.42268293179771
2651,41.99666897315528
73457,63.50946211097722
32631,39.138897518726345
74674,42.0228097695142
102050,58.10959622280386
10893,56.26791907623026
89212,52.4854858960329
90467,53.16351445606273
65472,54.95358545655449
92385,58.63532861247534
42380,58.40373079728199
83269,39.14670056705348
58040,65.69550356257929
16789,34.77260928902739
24152,61.99845377739817
37976,80.76784548784548
64582,49.737390246182166
65485,29.087012755779195
15538,41.18715080475181
29141,46.208364026386036
97742,41.15627698086759
70103,39.30836637850686
2594,64.74622703834316
33392,69.2688631297298
4656,42.09886680382656
69855,60.40216768490478
2962,59.09631622587299
100742,65.24458577854168
33171,68.82276080672432
56099,70.55670209091399
93276,47.339857101903064
58609,63.49439672193059
89575,59.324435027648576
67807,67.98049427441642
100987,68.79948339466574
40883,49.83047697230759
73068,58.03666949601951
67379,58.578678037332075
16180,45.000528256985575
35968,70.42329649923828
79363,64.39398922321647
40981,42.57294774752297
23438,64.68941463851189
5692,61.83006317038251
15186,69.40036732426394
35330,61.78744425313149
1316,46.74011878250024
47774,27.303519472560797
67750,69.63888265702661
72150,53.4863957607892
17152,41.29746654964945
75657,42.99548064954398
521,25.406276921214662
4064,55.30493516127829
89847,30.32057235003231
42590,69.01648312015334
26309,65.84054461240032
75009,28.843117904248434
22915,65.61332099642522
53418,45.12343786581885
74905,40.26442915190817
46411,42.77341259135873
33466,69.86673111802872
6008,59.123088852686244
47658,62.35113540971972
68729,64.15025667623055
75044,38.57115782755776
84926,36.350854453777785
46093,40.709827356784764
95743,55.947961915693924
47813,45.207406892393266
93735,55.963751309655336
76536,32.44280040034588
94367,50.28486896879345
69129,38.60840653284143
73262,66.14327220162124
85448,62.58931194803254
95488,58.74403998551201
9239,18.588734685796616
41575,29.224034837479827
27636,67.82190984408346
21864,57.72123106978942
60753,60.18040834456915
18588,62.09310506642296
66826,68.74398673963314
43462,38.49505226109116
6912,52.761271554910316
25642,58.25551494620058
31542,69.32468358050974
5026,57.63902941865622
48236,67.05389204810632
48603,52.64395931292932
7097,63.38302331130721
73898,65.87522856732737
87758,58.364174606497215
63846,35.092180669834235
9379,56.767756883491856
31174,34.38660797462126
45668,58.004435212646506
72427,59.68215970945769
33138,54.202983800685
92125,33.89278694797659
6224,56.82912363399109
82824,65.24218565074396
18851,52.332707450401166
60167,65.66199951476517
68921,38.32813103074216
8125,64.76488754836463
99429,47.127106562318296
41362,59.8971787083666
42856,54.688900482415
22444,32.7778805816453
31361,38.01414010945492
37199,62.61496709729468
48750,97.0
48258,44.94428490899639
100522,27.85956241625562
18330,48.94599844690958
37463,28.05523395022445
11114,67.74699233411485
79530,52.14342071643737
60619,69.97270683987688
60137,63.578825446711924
75150,59.28647771131195
24709,54.959893890383285
53717,24.967424429753578
43396,80.29915715655241
13264,52.72620257517763
73330,52.9504576200386
44944,37.94911786848786
40615,19.35913466464288
81418,68.17254974971722
45413,27.65007372965694
51194,25.643304024305802
87596,45.716077186012654
44057,54.60802539658138
99631,45.08822917893539
2175,53.09243572540864
32886,49.17631824200342
99989,69.87505687681693
13041,29.940317449907944
58731,43.154216196062116
49769,37.29068972612633
39032,57.61402664721174
93093,58.78830665752204
25552,69.29969585516434
29251,45.17592204138418
88696,64.2307664010111
51292,62.13407505967581
63148,46.36472247678629
70422,47.9638841638901
64375,69.55521935613093
72195,54.38586672533918
95288,69.52665869919304
81702,38.2758472344155
97841,62.146520870679645
31945,63.379379179145474
83220,69.01565717053613
37086,42.61608346371385
73060,58.67042737768795
79466,40.29380907099142
76480,52.62865137132085
26072,31.833975461617296
58166,87.9764945643862
10533,62.643585908763995
98271,67.13283135104895
34701,65.49121679510527
88900,39.809511455006245
93273,42.21548383648491
48955,57.38684158742286
44003,52.92994528656534
33866,31.207831932176145
30910,32.8578327717556
79843,44.343146061503774
2272,66.24923493122306
96344,50.3411704997135
9758,56.583248394705805
13959,34.96935218817027
102362,50.074848200091566
14572,53.022101740929514
48842,35.91176914787221
6791,69.4761889183046
69135,69.21044926713589
25296,53.7679502696311
53374,57.22111245686594
87875,67.08457681176652
20557,74.97094556690298
422,45.248076147172135
8844,60.82052625316338
33657,36.28270443954315
64547,68.19656086676106
66695,26.60436359673323
55791,51.40370176558692
71765,47.60842291690406
100817,32.0869451970767
32966,58.0064229830431
55153,44.59160942306508
98378,47.753032278720994
81727,69.14961373292728
69406,59.48275888371897
81263,61.24799038006914
34258,46.640445144720715
87458,69.72972499486245
34792,54.872777132367936
15398,59.80906238957898
74991,53.221575810733164
69093,69.77730618634918
93882,27.766236197044996
39523,48.05728261614217
71301,54.53104052713947
74851,60.59184704251013
32543,54.41880621189436
100376,35.3016158667795
11860,70.11724069297549
31248,70.51024888995866
71662,48.512505095505794
4702,60.976909816668424
36997,69.5774952515188
65617,41.48661807853051
26459,42.88302033714483
88825,50.661276609867464
75595,65.12761119755515
24134,51.45163986243815
24426,37.180698505835274
34084,46.07652991492053
29866,44.55973762176808
101264,68.25092680371056
19857,58.18119216885644
12413,67.9720339465677
414,48.669751154227015
21205,69.46701446485173
21420,29.86339404359323
69265,51.368420637663256
77856,50.40962687922238
91219,40.618747260505394
54836,46.36848328005746
74292,49.77267472081828
87895,69.75504508293349
610,66.38153948897089
24723,41.71435851051374
101168,36.01729304342164
73230,40.20171884816371
38470,38.62115394694078
29848,30.47003340701495
63112,64.43038537501144
66787,61.87228585520906
74434,59.18038808366252
87725,59.54766622483268
33746,58.902201481587575
12869,49.93185592055323
47211,50.17812761743155
1251,54.73276782072302
45171,53.905389714063055
88467,35.330096062928085
26466,43.74758781232156
83496,67.76632512293
58504,48.05642652047217
83883,38.845795424576814
16039,80.76784548784548
20909,58.946881150970604
2325,73.75666977053196
83310,50.885126043962
19513,59.45738962879105
62240,45.916505395929164
3380,55.13344541162942
92707,45.162495914049785
14011,68.99370152137841
53311,41.56960511018473
49325,66.62319661501216
8740,56.90256451379842
14786,72.54630109051969
29625,68.5021990264335
8477,42.52592009503441
101638,65.44782940346154
88239,27.923281681141788
52520,79.58053669894062
92471,47.81086380488163
45330,61.94813657502475
98655,45.437940437865244
39918,43.03161198039435
55962,38.640791292536335
41127,71.49009938164748
48520,34.23730869800019
62875,56.30446053111123
62883,69.86813533414939
80487,40.76308137790224
52854,64.01141400590487
93939,23.500005802675766
6603,56.315310125811806
31835,58.91467412938135
20584,61.14751211662646
43445,47.57626107808457
6820,57.41563684443722
60280,57.61090467156697
70296,70.02581998691839
91354,69.77730618634918
92692,69.44354035303463
34166,43.34196181615731
63833,30.81435305598019
48646,49.70173502987661
15144,69.2688631297298
1861,57.39352660780992
58015,62.7598903586389
74235,63.04653736024252
38812,69.96022139929403
70965,59.22961128213929
64485,59.056385940847456
38067,64.30723082318687
54087,53.43348180075941
86718,51.69516461950214
45408,53.43084581775725
41814,36.96175671625306
10583,68.40650196340742
96895,69.55784274576463
25713,28.88667052096813
88327,51.89584241048097
45924,49.33090427753489
16926,69.06281916110889
33340,62.380064659337414
78414,42.495725150563764
88989,51.92923514534119
15537,53.52402159106387
97915,61.26794838188688
87369,35.36558671042876
2884,29.31908621500691
25021,58.91680708200926
75200,61.468267624209595
28563,51.27305648791458
19,52.52118745602293
40489,72.83945831963138
100094,66.24921194700852
13218,38.34034097894867
29217,60.02230368687189
67761,31.123897456142082
37019,67.53239395577363
39511,50.77827903681119
32015,52.65666438555153
76398,67.17563447906853
30531,51.424486337715315
87460,50.95410338961514
34718,27.730610636631454
27438,38.69226266836179
3716,32.466483383637176
60510,63.50235558418231
13279,31.5812329042096
59351,97.88
98732,58.48125916924384
36150,64.94917951399776
82187,69.8736994949495
1050,69.49768860303855
99782,57.3418369018791
41578,14.876795709802867
22897,33.401553169067995
21774,69.15671646211203
61728,47.562907638532124
48455,49.38881962894677
16671,63.46427650596051
39756,55.070201905451384
71534,44.90337614603268
68641,28.414136969710533
80137,62.664629262632495
95993,43.460041532199924
36970,61.84500565937191
13056,56.42747644392586
68264,49.84575195308848
98048,23.073408482541403
41089,25.34304311955455
63135,28.269439994782143
87698,63.11757473820211
36214,34.87260520166666
24693,30.063781205786082
91139,69.52771799136
83698,64.11089695178661
20046,31.68073983187315
62500,51.042723920132865
15311,50.26860404207061
54474,69.52693106438731
27038,60.30635360228914
60450,69.58403769465117
65810,65.41083607945379
981,45.1562883242564
20509,34.157941444243214
74501,51.64430356252505
90876,69.60738478774051
100206,34.057878979078026
55420,70.13771850905522
20848,70.1885654337578
33670,45.23780746436857
27505,67.50217749071692
12087,69.06329663390541
80541,56.68897445384595
37497,48.115059878034764
49965,38.005705138710624
80209,45.8267869833921
14501,32.60396293716226
2018,67.13199595025395
71630,55.121298145667176
91412,64.29710547262799
60213,66.07810928542686
58951,60.57223812026869
3278,63.768152314957625
77735,56.087638592639124
25591,27.630667172896665
33791,63.24438168505019
26522,67.17475808684593
14002,49.340220791332015
2921,64.4332382983937
84131,41.95040249263687
85383,50.29473294109503
56860,43.70108278547562
93606,46.76469081257553
58854,66.08553099191737
54282,64.62788728913762
94212,65.80652714270836
20324,57.50824161764882
102635,88.55976269929553
11811,68.11953964478106
101996,30.334971832303896
49314,56.5964885461199
88452,49.10128009796692
82324,38.27575896909882
66467,50.09320370974962
8769,44.81702233175497
28929,34.89167825586345
58416,56.74570018499594
45948,64.90866369757993
89610,63.80712624958788
41638,58.08095991684193
8575,26.758483607079192
25234,70.04543169246925
25180,29.009836583825454
45762,48.65405721848261
81560,37.22355769099852
78282,69.57965427981787
43927,59.23954860555556
21037,60.244771887104086
27528,56.69914533122092
59897,36.13577115581553
49890,67.10698939518068
10523,54.57944738652948
76523,63.58765732249626
100666,67.32463754054669
64622,46.54667765480988
28806,26.01612396136305
5378,23.99493165604323
81881,50.93180286150116
52892,25.32540779851687
14989,46.24436461185887
1707,40.336089279720206
41196,59.677947523777576
43593,63.62315293938683
29752,45.465266993973344
38848,65.0972633850976
63754,69.1987916274852
64201,58.78703245229186
54389,69.1641886352679
11273,31.73540594032832
94579,57.243897178116455
20283,63.97488873844589
95596,66.5301531806676
80603,51.38844332605406
76855,48.17098463892781
89103,58.907272262707664
77918,50.009849828466
34759,66.20754018847721
101751,65.27460411733098
89112,50.639357898626095
17556,67.25414896372864
14774,59.257681913137056
41385,67.74633540877636
85334,64.88455340655094
95154,66.57789987231963
45239,64.66344511247658
28987,68.26469921933545
38468,62.02592210602455
59438,51.445871688037734
84806,34.785445491287334
75891,44.179761562430656
36036,71.81556924432553
43123,27.776617532143394
29175,65.2935815412869
13092,62.620451492552455
2293,36.39246570820615
26017,63.11601203816839
7037,35.536060133101024
16339,69.70694311622078
20086,28.154910320551238
59005,48.42941121765592
15489,52.925465888256916
17488,59.06277962670385
43437,27.934252038531508
91497,41.48213624588653
50668,45.067231869600334
72032,36.21222855357909
38356,35.710906059638084
53036,56.533565939960944
28881,66.31989107498327
102089,50.9873774814831
35407,64.97385935237628
67637,64.27935756410285
42199,22.98163862168284
77128,58.15692149884193
7952,66.72879102547182
46461,42.37423102713531
25953,58.16486536775256
91147,53.66728276294725
25525,73.26985281702349
77037,54.39715996396105
26199,69.07826459681128
32663,21.804370024849437
46366,64.92168655163337
25099,39.27240063189001
29656,71.27270479792377
49569,73.3488949512768
11894,55.573741931124296
99449,63.88587763074588
15688,50.234667783864445
99573,61.23000583618795
17581,45.573568002926315
54777,66.25320679857697
5870,46.60376874611332
82630,61.206947105712686
95799,52.88310174593823
91299,43.586886705317994
72348,68.39345727702235
18427,56.29360506444287
11462,56.44208353070301
70410,41.052595913973285
86385,57.86257102772617
9857,59.53464836926381
65401,65.15410205918444
93218,44.12454046236584
76711,27.16800214476859
7133,30.944832667003276
33850,59.46982706316527
46217,73.93458184251
85987,54.0768040517587
70972,51.61635424038799
36230,59.60579641020652
66218,69.18307379674965
39402,58.75412948454854
28097,54.3365743794721
19478,57.10952476860478
15351,62.45346254064988
9811,67.38468712232239
2629,59.771739004404324
54609,29.76376528483487
24054,57.806851592379026
24781,63.56693489370272
86680,51.826518338727595
14355,56.80785387339145
45443,53.18382164954747
72709,67.5174703056801
79829,51.34579776306626
15258,50.20936745679241
33930,50.2142228089079
6812,41.78139156198143
10436,58.90418148786437
24316,38.425792830409854
82775,64.12156201974544
67130,53.37216835189509
78486,45.54999770102736
22156,69.0208993673007
79624,53.50257730618623
82745,69.09071869316854
54616,48.20053812587136
62765,40.48996211340096
58547,69.0693610737709
47625,40.268872650919576
86241,34.78971443195372
62699,64.00853347453682
74472,66.45931529076897
90842,61.390080772868345
63334,69.51746408681738
25253,64.52123477996442
23596,46.627809776218676
75105,56.23839174720808
81946,51.7863869664504
20675,63.854248655702705
57962,56.55263424629902
77626,47.61511508268987
18975,63.75937849643097
75590,66.48719214383298
71135,69.8890781808489
50039,44.74429864364569
23240,34.73155246450845
91020,54.058114190187354
92163,44.86094513194992
46359,64.73123964457068
32326,62.10525311589576
76355,60.67072243293328
95084,65.05849966124602
101607,65.44273683122253
56274,69.63052111805992
63733,60.383002864197714
20250,38.763529450208196
890,56.89682520880885
82458,95.77366666666667
16664,64.9716699738116
86431,63.66835870649263
36044,56.491726674222306
23148,39.26983844748788
56956,50.66259570296627
19318,55.21105455710677
80933,60.269674830892335
90710,47.80105283334313
67778,31.372392300458046
87854,61.00303831673441
65270,55.17321442895092
34140,25.783178255128952
72916,26.638656354320414
27949,59.86481821320192
57474,37.45164819575656
34108,55.90117658451002
19676,52.127662052102906
14230,44.466115363016954
41220,66.25026570918149
87220,84.86947314451749
101574,55.937118488994365
82937,42.09574460488514
24662,35.410475910120674
63011,54.98466378939771
13078,49.84244784092595
18932,51.16860348120163
97756,66.1836854979007
42068,65.6390659050162
96345,63.528851821150084
36817,69.01358849418946
83284,50.01078425132502
60305,30.025877172586437
18203,37.48540511984661
8904,62.244481761680966
89156,64.43038537501144
86619,67.99952282314138
4429,52.641390228656974
17724,62.391050743809885
97261,41.27451092059865
6541,33.14045606013793
72768,69.15512451621936
90973,60.958922612182626
87413,14.078860836867095
86904,35.46058668086785
89050,48.9438810710752
81051,52.69052486555699
53416,84.85562995553204
72903,61.11281145512716
79892,53.939911422513305
93829,44.33294510663342
55189,56.67227586722848
81618,39.89276993826603
101709,64.12451249862526
6779,31.49764579409602
33374,63.408749307327255
40796,60.18985061102272
36067,31.687763026522425
2566,39.97087993654705
31407,60.49255174120939
19032,62.55360035489027
68731,66.4882287440913
86060,52.31764368122876
30419,63.257413310533074
16750,42.03802795197595
18573,53.50916080984946
45248,41.88105062682462
10962,44.67096513081674
91621,67.82505727558726
69856,61.79609606874251
66343,60.849344460118
25479,62.431796609910755
67584,60.903812048855414
52600,68.92175318083348
89790,50.26420013541895
84600,68.04692308559356
32436,69.70431864497219
99028,68.28238848197165
38368,61.78744713041837
97436,57.56560528304386
55799,68.08931504925505
82300,39.469786775141976
66931,30.93121914893178
75428,52.86760946682875
81369,36.1830063950305
71843,30.400153756063865
87103,56.425239889642924
36710,57.513848192690986
83335,49.92538734307495
100229,59.32481186726918
27394,54.13491543659186
65205,58.113207553216334
6370,51.4368694607792
49512,61.88487642386307
96598,79.19008485781926
52173,61.4339703349853
7267,46.71410205997729
47215,40.66608996944143
10108,50.97941218209242
13833,48.40979244428396
86427,53.876384106768256
10027,58.104430917328735
12728,57.28950509411801
67345,60.795571933735474
84129,63.59298202564345
94363,62.094831156711514
78342,69.3742211750259
4432,58.16167504503109
55422,61.88649730060715
57632,71.03243009112083
4632,34.869609178446
22491,41.36571159362773
15203,56.91713771871453
38851,91.1045799562874
13008,63.67664366160196
83539,38.962165876588394
56282,59.332832554306336
76658,61.32994383784834
70608,66.89360332227771
68994,56.64153898909932
83154,36.2080000279107
97921,57.18944154435488
72763,42.2766545501952
14413,68.17005323082658
45058,61.51874630013104
54999,73.3488949512768
3918,29.60461806058254
33423,48.39531009004412
32730,66.07184286979455
91514,54.363389098799935
58042,31.070370592929045
26772,58.105558869569286
43256,25.40800509700245
1892,61.99848766723994
73630,55.423109238186186
18740,63.54553671407633
16765,36.56515854968696
84286,31.972523879877667
62032,34.994216061204554
71240,76.80025308147293
32480,36.93137335082874
68343,69.46924222049479
14564,33.203497217545824
97019,37.738877384197025
27040,52.692400247749504
73076,60.60421534838396
87393,60.845352751246146
59056,56.13978357241127
74086,20.864418178288492
66369,64.63359936773377
35347,28.29604927868978
69237,65.28860610913914
85332,100.0
4489,69.32929454765
1279,41.051724167933074
101606,56.7728818582844
34245,59.53605655507013
7394,63.25532010164807
31354,67.36501778675043
5149,32.77366744252842
55253,59.431842551255485
48987,37.803180408477594
61255,56.834558087330066
3327,44.70141917314266
81422,60.89146435042692
43318,67.56238146835626
90159,70.66517285116898
79861,27.737598419972898
19485,16.976077257093262
77143,20.200797641052088
60126,28.01767748331366
41431,45.29883497056847
76724,45.783475632117955
101235,42.19399327632893
50041,61.92861185156098
80930,61.504152408815656
13511,60.650628294221185
102004,67.34179668781572
30540,68.9392940390196
50805,28.117650145400134
42277,61.54736648788526
33556,57.07494888466788
92874,64.4748761969774
81888,68.94177489251966
13614,57.42923700529887
6623,55.9163377112279
10768,69.44354035303463
65943,68.29039186422119
12031,59.43315836466503
77118,37.040524068565915
79744,45.5080649598305
52057,50.603414712179536
14352,59.34435749010776
23229,36.231617570363554
55851,63.57913679727912
74339,57.76097981941179
99503,28.95717689961251
19146,47.71296540120245
92264,13.548270911492573
51499,43.925717813698476
92539,60.703449680196975
17431,70.38912595058555
45915,51.074116342845336
39858,46.74817939877009
90843,52.24421645568938
73769,69.96022139929403
67835,69.33684020710444
70239,49.41666982637643
70776,51.78495622430822
25161,55.82775432773869
28150,65.50895498594498
67003,51.84738943182823
78016,84.85562995553204
50446,42.65645563498902
67525,54.94507469785686
24275,37.28527611474688
11865,57.333800082785785
4525,62.662615874552195
68267,26.259697331230964
64875,64.33309703869409
22426,55.898321118058476
40454,68.79014172581867
39047,63.36848848400248
47628,35.8337245236135
4108,69.22087423880117
60486,72.42175986240487
74088,21.66037274320142
39733,65.55019035107654
95254,31.51173582077224
91146,53.83770562076624
77717,47.91237525575313
6692,70.35338528194683
2635,26.093328797715504
65495,65.0345800724926
16114,56.517794088639576
75319,28.343091135634186
30422,66.76557034959596
93780,50.36185854887724
19276,25.599260104798496
75458,40.865352631947296
82626,56.39191456704068
13922,65.41083607945379
31123,51.367409485245815
30930,59.67233950384602
25967,39.65008227650137
88201,59.9395543763091
40533,56.366268872161385
53607,27.121079491219138
51207,55.83518442965564
22456,63.52226974044297
89749,12.06238512043461
91661,69.70067017361951
31277,62.42150337303578
45984,59.37779401955487
45350,72.95160038296491
45177,64.34902393042354
74651,85.64745581275236
19517,64.37455380608753
27931,60.93942780509544
51132,69.14323410281811
32934,64.07693850610598
80975,54.559748969174755
85739,70.67488620012381
90991,58.912767706452634
32023,48.638405024597226
57382,68.74037354630804
36031,22.37644142001626
72112,41.699693632059606
31783,31.975102219343334
26274,61.23174091334156
28197,70.02581998691839
31523,58.61694503733511
6908,61.65550358974682
62516,60.379397243147
51642,68.4946680520716
90705,69.84064339045568
36495,80.84520506389075
24661,33.416562918806356
78994,56.6469630070531
16739,31.249927309436345
16570,41.35639413514303
41774,57.14552085866735
43713,68.83341444551198
52320,51.06234832589167
29852,67.32463754054669
43170,61.51263353338482
72382,58.536204828085644
56633,62.87975115648461
97599,67.50364107384533
50658,49.61109188772986
33823,22.87578811909205
74173,68.5021990264335
26286,44.03993366103737
79224,67.53199709244687
11699,60.64231809248881
76571,29.987652312216774
56330,66.93369507392734
4958,46.40035950891615
18416,70.08668632572281
84737,56.5306777691499
16837,28.80677193163267
55279,67.24836708288882
42356,58.32246304569233
96370,51.45366100563195
11213,67.73073249074739
7899,63.86474075842564
72234,66.27310227623485
58646,43.823429278023696
97324,38.63959026729077
2599,58.54648925352945
26645,36.90141118868521
79159,59.504908267454475
6726,69.1437231317138
50342,39.26533170863793
54695,38.327085106560155
14823,62.05162262194302
72930,34.80038744046176
14087,49.78433793948247
58572,53.83677474920768
100531,69.01968006182227
79252,65.65010553729006
3515,69.59949879608865
61332,47.627968766068996
75637,36.68582207614753
45737,50.911760929572246
35064,61.159509677694956
67618,31.971511306657113
68193,54.70992470367737
9518,41.01033116980349
99319,42.09373552882283
65266,30.94967330217019
77824,37.259366395876214
88987,67.96566317930025
67066,54.32415265947756
38956,48.55906588939108
15358,56.94941293643721
779,63.87757189620672
74535,69.1437231317138
94437,66.70412812633708
82494,47.72133287107047
62836,25.148825474803743
50708,63.13587769224686
51453,69.47126357268084
12634,61.511213107182726
70692,49.21929178893164
65900,44.608226214316666
86774,38.76485353597737
62745,63.29509121518637
59083,38.51086280092019
11453,44.4149197761186
72498,54.8473107513176
88354,19.368810264699153
12483,57.62350256794164
100141,25.53770233398274
97760,39.619173255209965
95277,59.84817764801076
98682,67.32118080251304
48786,26.34193506500938
405,62.450833878292435
18902,69.54944004282679
35092,64.21425939859529
52507,60.451754027043854
6378,50.53678780269544
87442,66.83891862089682
3209,46.077919533884725
44645,80.35749497809424
59473,45.07908328607536
43271,58.37714171366738
49823,67.51323138219217
36456,54.620899909046784
5034,33.49281879715517
57194,26.94790576240135
14654,68.93678765298726
62868,68.33412317877976
83657,56.21560994851771
65940,66.8422323354958
34969,63.47307922721306
93554,32.50721693687346
97321,60.05368960971655
46647,34.301064067114204
16908,33.09429532188588
57491,58.8446235453465
2168,40.71944782696151
72636,72.82547267307969
17871,37.27549756078642
59104,55.95811211663913
22053,45.61328246113472
33249,47.4707456320522
20061,41.54120555629541
84971,61.40710445763618
76978,31.327774637514704
51547,62.806965134597995
41383,44.87512987769372
61643,38.04460594522086
86531,57.453779228897844
46406,67.72313959268462
6236,59.49124600390854
55769,47.14033336365705
30513,33.75057534504264
73182,40.565970920662764
63924,56.63192355210035
23333,45.208637258209826
21505,65.99726014634692
63964,81.25504963800941
32978,27.875967828623857
18507,63.716773756539986
29057,67.5174703056801
30588,34.27778669905359
43937,51.10070596335786
27473,60.43621929873703
23666,66.44196144026138
3814,49.34193095638354
97506,58.107146053800165
91415,58.294956851540746
29884,60.86444279200321
1313,69.44129769717942
99265,32.238917481606876
13541,32.53572365624058
37781,47.837201434273474
82968,67.1236294168586
32089,43.288952363129305
60834,36.16333664938108
40425,34.870749690592646
101127,68.73209514650667
39175,57.71278221106743
6619,44.7685364584954
49545,37.87794685078188
95434,54.29283958874653
31855,77.77044253314072
4271,56.78539216090547
81475,55.86379723531994
841,63.276703937455785
11,68.76621532203382
16252,68.78313824875872
42292,24.788077782311966
33366,52.513136069421826
101016,59.72487207031723
80374,55.50376282679911
31587,57.43380580714372
85843,34.37130212453349
57907,50.95592158888573
7702,57.654142408483466
17259,38.19385686289285
38195,58.13037747431287
47290,54.679586284341504
6861,48.147291495528904
14434,55.79518632867904
29855,39.93137448242112
29921,50.15581065332326
22402,66.22547296031985
100137,55.64564347027753
26729,64.24501272734433
76822,64.60237368437829
5390,33.95365819762473
24538,55.90848399894197
7314,43.02815078619365
55710,64.25020262034685
52731,55.73984559481136
98399,39.69596822666599
9397,56.71241463457264
10781,79.3569526177114
84212,46.170766422158
63429,57.58958588935935
73721,45.91999846721757
4749,64.27912140972185
23794,59.11477456646619
35541,63.28202008462385
99381,38.77428158444351
48158,48.11145461140437
67341,48.09838207946297
92463,22.316777078568947
36716,54.79160947007592
99513,43.32845150135009
84111,52.61835153258753
57751,55.536547231219885
67555,59.883998609892544
78042,63.83487599394156
58614,49.62235250833936
44099,41.38620962529615
55438,33.706508109072075
53497,34.73637166805275
61169,45.04628155254487
60453,66.63459075939163
17088,22.218565782176196
91526,74.67039154229093
46772,63.09253222313926
18029,42.66388469030205
82734,51.32313533905207
102081,36.45345778165547
79803,39.858850813982514
84446,69.2688631297298
8673,69.7588935594713
2916,48.399073756157634
41645,68.54032029245396
68894,39.02306234330281
98517,35.614566025515195
96645,59.618878167200464
97367,61.36345390892506
3476,66.8535552486276
68592,76.13620607616377
7094,61.27347075031253
1465,68.93678765298726
97501,54.32415124643619
78984,39.54298897874111
10137,46.78706369105501
21042,26.563141152073086
47055,66.07614802142358
89587,65.37302368587963
80948,69.86813533414939
62953,59.91284412169685
56517,55.42351901882068
30238,58.69932971829443
898,39.297553612077806
15908,49.83810649449513
53867,27.146385726686784
34825,83.70702824656445
66615,68.05926714148588
29654,75.93493520703569
88480,69.82420490734499
5030,50.308378954948815
14463,58.58727400665791
86954,68.80478114544503
13304,80.84666666666666
3698,56.791947299533405
34207,29.755749137744065
5476,33.29513612658348
44679,64.61035501851539
51745,52.78978579450915
5154,63.7981904181856
100936,56.4382060220627
102253,46.76386316208319
74143,46.188061392794154
52282,66.80262948964516
93417,45.84251251872829
35657,51.42208028150053
74451,21.616933858658562
56541,39.145134082274915
44052,50.27947960462496
73702,62.76222104014233
37187,58.06601019497719
34285,48.4291229785348
96019,51.64900626606713
73165,37.87194287766004
72186,68.60210006928217
5413,73.5123989179605
55061,69.59094448086165
21206,51.03910010987881
28873,35.63956463613326
16806,32.04583557121371
7887,36.85168380309959
66526,68.19044322052373
34500,42.84061595483181
19891,54.09647603693397
72843,50.04850133109371
65830,70.7211450462231
77283,33.97232873674267
31565,42.771702381436974
16831,61.587253968963935
1015,50.50968105669961
21271,49.74060329822815
2767,68.1282309021499
94209,39.673509804339766
39376,43.81517929434698
51059,62.36432337557026
76803,35.409011701742266
17196,69.58118976437676
40207,66.64318865703301
79008,28.46450507006041
54278,43.07640309771915
11311,69.74052617547801
79449,28.71040998388381
80650,45.99009058071105
68150,59.39733655851015
29721,68.75718028802025
67946,52.813098261753694
72217,72.42630109051969
55983,40.97733033663356
57023,61.5625197190803
89817,65.4503442438023
68384,66.38320188163472
76792,44.41959739751239
72516,53.506036546128996
72973,69.77730618634918
82588,34.11110188056053
29730,69.0693610737709
76526,47.894333517294626
100430,51.83544519565043
32033,59.11399255595124
19995,30.63215763500899
19867,67.58787875051421
50827,50.773382486601776
83804,29.21245130139806
61330,67.17475808684593
28504,65.59971055915976
68660,66.90129149857462
103,65.49504834074705
64566,35.700028384930505
17903,48.680230673025044
46061,68.18070436903595
66502,26.433022190068392
35954,38.852428399787854
28845,66.09790982487054
58128,36.19158337027828
83721,58.57936692015158
46950,34.84916012889972
57400,42.66618805062688
68530,69.94386795351105
81082,58.76313454565593
52218,67.64500400453721
36312,42.04646344265264
63572,43.445434308388165
90528,48.74674946301648
51931,63.41305390179754
10327,62.16607846439959
98596,39.1350790295617
36802,36.336595429534015
51994,43.26725802730566
84040,66.5301531806676
29652,47.69280666591925
70279,53.67696928511371
51941,31.137892688099637
80713,63.53104816270101
23544,64.79774344495803
33505,72.24235974359802
55530,48.2264061646301
47419,40.39879269326341
40303,41.68087250060641
22461,69.49274187022331
98949,57.96292710660003
12148,43.424631540183064
19050,18.720398057463097
93463,44.712501864153545
81200,40.14012130931376
4522,69.14780480274689
66749,41.51016748949435
57795,66.91719611493683
64555,58.02412388484471
82698,69.58118976437676
16508,60.25260131967596
71865,54.32340663404902
94503,44.5939024112696
38657,39.4964039082616
74711,43.56663336400115
83325,62.45869568718017
65173,63.64914079397635
93211,64.41442672646531
7436,69.33191081739494
1415,50.54517568858649
32340,66.66685910387841
13087,57.6744323600199
72386,70.0274590754036
8455,29.11493399558054
40928,32.314231484633716
34393,34.0319010303176
44986,65.84592646226628
26937,32.36584307307073
49592,40.95072605147837
36451,62.89976277882436
86365,69.11677293963754
93162,36.18993169892846
35078,10.883725626186642
23798,82.81495185147766
92442,42.11235305920978
43675,57.63031824445871
31201,67.11478509725113
66438,44.220943272155885
90456,52.866696276747724
83203,62.3090641501033
57545,63.84904015894312
61651,44.65590682427298
78222,60.585235704161526
76418,100.0
6951,67.5675542410783
7138,60.986770474736325
90506,36.23137052196974
36771,69.0952076450401
91237,59.37421780573452
29707,45.78694500909722
52875,69.50303067107274
38503,55.73405162061526
4555,57.21559547047159
28146,68.91202965253201
3183,22.7037315956579
14443,44.64576133225552
100665,54.386949328272806
29276,65.93398590290614
82058,64.41419461460478
5395,65.81315191238828
30666,25.98845955285326
72706,58.02976601909998
40668,40.11729697631881
51433,62.041064559980995
55984,55.38319835275654
32746,49.54488552432973
63369,41.437756714270215
99324,25.875132449081722
44449,50.28063866876132
84461,59.319041322402775
6532,60.49083230529985
22383,37.07404693726113
21584,64.20619261630215
29829,60.903273375924165
93995,37.3786679129426
81894,45.34819931988649
73529,55.02074658964281
26719,42.184928552913604
51071,69.87505687681693
83783,47.98811700997135
61326,64.14626639107024
64465,70.33366467582799
45195,60.40749980499986
78935,59.289205265894914
21072,59.69766305013377
86990,59.81840716334844
21941,55.5982508801557
84652,59.12717041714797
102188,34.714840971224895
21003,55.20328705597977
17743,63.56225945689855
45738,59.85193398225481
20656,39.10024078020565
41938,44.13849218350365
45430,70.86495009683567
22725,51.31551766442365
10439,58.615645481469585
62921,47.44240772967584
77830,51.45986913883485
64012,49.63349291747393
99716,62.341929217120516
41746,57.931716918093706
78021,44.71529620059296
30763,45.70741643703709
82312,54.6205276560522
86204,62.57644644175941
64090,56.93689927329429
37115,35.42421294542244
7052,52.51292165965555
100422,43.35404376121136
29989,65.34314271798317
24974,59.065130005706024
6422,51.11821809741341
70193,58.412987043309805
92995,63.941023146264044
58627,39.96113148427844
338,50.44005044314544
66697,45.92288276692914
38623,52.66425697163329
11272,69.89647245839109
83028,60.97079194889871
97774,58.207203457535314
19410,55.60678218805273
97444,64.96577724537406
83009,70.36534839268941
4629,32.950463069956434
61909,69.45760196794593
86408,69.59094448086165
98756,69.39914397375877
56694,56.512518363275355
66353,66.6661258885217
71092,58.25101183233353
89008,44.766428876333876
46561,31.979683669693564
100520,68.22921411575511
5474,69.48627707709814
96411,61.680009301312936
17445,59.421066474938705
2392,43.29295652127176
22889,41.87549673281995
81322,42.302171482444535
23827,55.08480579368418
53049,45.09080970265015
45340,39.54624902977852
70571,58.92162153766556
91682,45.12753730609852
40745,45.33697271005189
48890,52.03470589743992
42271,44.48574475487141
35220,24.98444250435518
99555,58.89485947507153
47609,64.67198362987918
30288,29.91445255356869
77358,26.334653592889623
101962,66.93376895498152
100434,63.307816348727684
8487,73.68173426842485
7210,65.1787860880503
9678,30.157894346840393
13040,67.40400590947841
67281,55.060889777059835
54487,50.811896252455135
7071,46.48513875269003
89794,55.56438202627874
12175,69.0303382827192
92979,54.189822456924404
99245,73.15373363759969
26437,69.21528898335893
36676,41.57148044266817
102130,48.39007468018232
78615,40.942004297332396
41236,48.69659174103792
27970,34.76643226396267
88685,65.97564470761512
58277,48.6667757640922
17723,69.43259169749923
41613,61.23963192086586
21458,60.80461544675084
40308,44.18365699411464
84780,83.98333333333332
33339,62.85112014438941
20337,64.62313944705978
43627,48.46728583219147
19073,53.19134967427717
27531,60.16452366987397
6074,78.6100687845021
86373,40.471031882962194
56636,64.95866795243741
98153,27.940128421119883
99096,58.40957377073703
73609,42.409800432770574
70533,75.44899665551839
79559,56.79098058602112
57213,50.51449748503245
14072,40.509592138667735
30804,47.14198610854419
25564,57.47644421761564
61089,34.42393819602485
25439,41.54716777302054
55826,66.6163524072021
36889,61.13407348961768
4873,34.22086201618443
55705,69.37715486821418
17646,64.30822024349634
18440,60.475960595792905
28523,65.0196204148916
83642,68.0326437539255
85452,63.647285843354766
52460,69.54194482063939
51839,54.24159964978807
72214,30.06685908217992
10696,63.62010558743145
70712,65.71351550636669
8308,57.385971012105855
58918,48.80750434235566
26982,59.34250710372092
86524,56.96536848771147
76210,74.05012657260299
92641,38.00038747969554
76344,41.430043765021225
74757,43.56254365154438
95566,68.94177489251966
21188,52.16190488413281
4178,68.5021990264335
62552,70.3280371961141
8248,52.20016969615328
40263,41.56823241247339
77787,60.86615099061735
102489,52.819155916327674
93811,81.57216077322721
58604,65.2305857417741
74970,54.10618165264982
81396,35.32751324902492
13359,64.43038537501144
16629,65.29049269712979
9089,49.801008925775285
4187,40.15226107506492
58341,40.45654080043551
44584,55.43110674053103
72338,51.59330627432919
88206,43.58063634995156
38293,36.69642221775662
1278,68.93784484007317
27039,76.80811022433008
32568,58.54470960170989
6329,38.37446064131779
43409,50.474911962047706
74108,46.8101739179079
50253,55.0598646223666
93108,63.66988089948631
31252,55.96531719464631
27748,33.60385726014978
99193,23.94175932136548
62730,54.556990470001644
5374,63.81498202829685
19330,59.42536798211963
81956,50.946904447551745
101636,68.49058380080697
23234,66.48371993274314
2844,47.19342450227291
72110,63.44487745069821
29775,62.185181962430015
88344,60.31699035535289
98659,34.434688631837055
87684,51.61507839320649
80334,59.6456516289156
45495,57.135174066243906
46987,67.41981122328298
57807,60.26626008532902
35989,67.55638279790156
91376,53.402334149225645
35075,60.33169976196212
32644,67.99227449447336
81891,69.52933366843082
75388,25.794137141395577
30991,43.69823079334547
75161,64.59671215728267
22421,64.12324886495462
2394,69.57040009312185
13238,38.028096369534275
63851,61.12988181258287
20737,56.75260200329828
24106,70.03917684051589
93442,35.037278534552286
102625,34.60841907821214
25869,46.42820250268155
87279,68.06619482314736
10969,28.79084141825057
83775,63.44871681489791
26916,54.22689495654887
58406,33.46297380425112
32208,40.55584267632559
22568,36.956761192651285
91866,61.935450445935956
35486,64.11055641365921
48881,40.398885813667135
12862,35.5782100475413
54632,34.085026806751905
90442,50.68073531670221
49801,58.858622768998174
81115,61.070693440676195
20442,63.44130482066547
91052,47.15914874442635
100533,49.98079153418526
61863,21.782597016221235
88882,61.96460003888838
4074,48.861270111490164
67171,65.72697559589666
71545,59.394365731836984
89775,56.71650593319013
86306,48.89982384266855
26540,61.96364342778489
59771,76.13620607616377
9972,70.1284857004217
39466,69.08002214409554
8573,61.82740500173823
80505,63.0841723467063
2476,46.21080119546727
32010,53.4251711978354
47820,59.20807414842915
69239,48.58995415678644
3174,63.3664333693957
62083,36.88496895706556
96983,58.9918312738963
18650,63.4049447285003
83957,60.70508589315878
24011,50.827381927974514
95833,50.038030224232145
35342,47.84769315280445
98042,23.332047452766073
63732,51.121550484805454
50260,67.80141230716131
3036,56.023161637396804
36283,15.641746953406162
23340,50.346202117789396
27836,49.7871680980037
87104,30.0224417500249
40483,46.65049084691218
16529,64.6273326260958
9182,66.08993474404106
22980,52.50014760639299
29735,54.710647350088195
65833,50.33669090456179
40777,43.0634648362789
36409,55.03485591449021
50747,62.93449901779429
56973,61.83970373978894
75204,68.25113225401435
52862,69.3313991621197
59446,66.57536807846783
5246,61.519729896423
40089,61.557638123709694
14924,33.59056710617265
32629,60.34417790317229
96430,37.42747631854681
4354,40.130638073803354
53855,29.41909800533495
97801,35.32192256499894
38621,39.58929519471674
36754,31.633895783469324
37450,58.744188177915476
50794,47.1410671420339
32376,63.930948801641996
52955,43.642226271924564
56559,74.53054163717827
4475,29.070535509394954
43917,64.42839289482886
59587,57.303225268935876
15964,56.312992567818995
99634,35.4881981473172
59880,54.59842654996678
21915,68.29003027733262
27215,48.86604280240627
41208,60.96725882227739
24790,62.98447936026144
22175,34.05940887289763
61263,60.6668431589544
24323,69.00205112756113
102077,46.392992246002926
75752,83.31397366206433
54660,37.28087351651537
99851,68.13886243111224
75220,64.31737804747357
11755,69.1437231317138
98678,39.06033475379506
7375,62.08270628930987
96817,34.36660435601833
62688,38.609146826158224
79022,59.682848694664436
29746,52.00976626875171
22710,58.863998928337736
51187,41.101819660064855
14012,47.8709591379826
8309,69.39914397375877
65951,43.77660295538449
48435,54.79582491132408
672,31.196396442429258
3092,58.79021861613761
21474,60.850431207561385
16203,48.27186691195966
5750,51.847665446228824
51299,65.8424906642187
88827,55.350436975590334
37100,67.63161221601973
54370,46.04640998544457
31788,41.60209380532221
94317,63.2175192423663
91350,40.31128187558029
57476,35.980862505406506
67001,37.74093308212839
101107,68.64968455157822
36668,33.672522672145014
83255,65.32280492793615
2133,42.13371033449069
26374,65.24087472409556
56017,70.12720568912032
84720,36.717327851825964
85151,55.201010542494
30833,66.44555902749453
51158,63.928974116530526
96723,64.32434386762957
72340,67.92814812772284
67698,56.668918929115925
16323,54.79422364018843
48139,55.816643565550564
3474,36.88020853659161
53550,60.76563534551691
37012,43.44539872482419
14760,61.008840443028674
58586,50.17131527405864
6332,69.48929882786537
55846,50.78042366170205
30254,58.58706487543707
24189,64.3353371099551
109,65.62892626098247
81220,67.42714317984218
57904,55.32486931697519
18348,38.21914302888959
13877,30.731974646305336
43915,67.28312875773828
45991,40.63232594804388
35680,58.791000888784154
37446,48.20206052401497
66484,40.13122199764173
57121,36.17780107012267
14291,47.2935217586596
91502,68.12202681902534
12766,65.54353442454736
99790,26.142470341944218
5178,52.4317432046528
70065,20.364263423288048
68680,47.61306104457832
80961,33.32979090599471
62258,32.566918248763244
83268,57.34468295423286
96316,58.107321149219985
72166,63.7126913173458
43492,61.766247807167254
43446,65.83483123513723
17808,69.96022139929403
68849,68.29003027733262
19187,43.329869878124235
13971,40.526318692521244
70136,53.37326107370913
13650,50.95033452808216
95658,63.69184376862745
8093,30.4820347990043
11790,36.72730758742645
31150,62.024996554406464
9162,34.32252240250136
46498,32.360158720061484
83664,58.37314224148745
6360,66.57536807846783
84657,31.17903956968756
75883,40.0750599215917
66091,48.329308098359036
60356,53.26832433597829
85631,62.99976017263245
95048,23.389043798968533
12755,61.21772554375135
78653,35.912535281372804
89190,40.67977230710528
15292,65.19226412176431
53787,59.318253941249466
10930,32.308229934673406
5673,59.38205711287046
71003,62.870790949573994
34799,52.20271488554685
76395,59.28265697865479
83693,54.14136953701366
72985,69.27083116929352
55030,30.804515925943296
50122,35.880046722420744
92729,70.08668632572281
75349,60.801786803839676
3775,66.97144018549993
46179,49.794204076786784
44929,60.31872304530785
63284,69.45978504216635
38235,44.54209248029916
56121,85.64745581275236
30787,60.94758777799073
3177,41.673136046354
20520,88.39038090518105
29915,43.65329904626586
38340,54.190291188497085
27869,31.007470404185487
79268,39.73826003268704
69433,65.03404061684482
21340,44.02240026132593
12077,65.49853749727232
102187,33.779587021536074
77377,57.439494044213724
53702,53.625797981765274
15228,51.68115283962534
58554,68.91639687898473
52143,69.3313991621197
25164,39.43333560427684
7592,47.47202987510417
1616,18.96172523408507
60886,58.40565520743004
43508,29.033123387632248
72288,42.34868348078465
14361,55.42181358122282
5574,32.88999627210526
38204,60.28012475401485
59425,30.69726871847253
17806,57.595035347730544
44124,68.89083818623627
100694,57.275107249139474
39745,43.92172709718655
84279,72.46629630613793
68217,57.87936186308638
35221,64.23513502927823
70517,27.933426854144656
37947,56.06762927713047
44981,56.82947784287479
59772,69.52946278015206
18676,51.76111560677714
62923,15.050369429994264
97931,69.76313407218476
37032,63.315153853965015
86199,58.131657899824084
19979,38.20136788890724
39953,60.21001434867821
33673,67.54295347201781
88599,68.62519616014448
2498,53.97487188546444
90625,39.319524099742736
8810,52.313213663259695
31280,33.310826605448035
26911,65.68361241693603
34219,63.398926463318446
93170,69.57040009312185
92663,61.162219348852915
20202,50.976673692284464
83493,56.95269463056366
73706,64.28101057996692
69635,40.942154135979436
5859,64.83139852849689
56368,60.655353228483584
78607,52.22407389257284
43858,70.14204013642359
76239,55.51236914625233
63782,55.74249360574204
46897,39.869479880989275
26891,41.29802974850288
29741,49.93780885323329
37646,36.23003459415077
4988,52.95802065249233
9990,54.55509372858821
4863,34.91155399731419
89168,60.11865922726374
74039,34.805405827642474
75578,59.47189352044335
48853,38.42749386756231
94111,68.85256928941311
82380,69.19396669932571
56424,50.1046449511907
12613,41.82978683849814
62764,45.034020175217385
46345,38.865931124962046
35403,43.67676735481905
100606,51.000603269918955
101925,40.12520403559124
46186,50.49664779042171
36477,48.08954987310644
14904,91.03035211267607
32278,35.64581646558653
512,53.59945658853352
46149,43.943742578305255
47690,68.49891222211404
65329,43.87979982695023
90656,45.54477308504383
34612,43.364811387110414
9597,34.56051301508774
5965,39.434650519523956
23713,47.58470863118978
8,36.561959783672336
28702,48.149305811291924
38645,60.04827166056082
24033,69.33191081739494
90310,39.79560847197143
59710,48.22741836264995
71299,62.41339799267075
42763,48.465751199078895
83751,58.582246485785
31082,53.63913727689374
80660,39.616702912726
4305,68.2255246741612
522,51.65588433001711
83986,40.371963240301845
55386,66.52991395916543
83069,50.56711103035138
28686,68.19230887064106
59264,44.83850911247718
74253,43.35816575547217
1523,61.804017817557494
17253,54.76171137341939
100403,72.97393276437943
82541,39.8294113298761
30674,63.56077452285809
97573,84.1636949132311
18231,16.60343450081183
32587,57.08013761641853
27275,66.89865433699218
38047,58.40985023696086
45186,35.323166948788696
87709,28.519204441513956
5532,32.90712874538465
25875,69.97527464892397
35059,49.42739489457059
99272,49.24026956943191
82,42.8749975036602
40916,37.245755181326
18263,56.11178772049684
1957,50.09762778335016
45129,69.75378332066103
58488,64.6423565811992
14284,48.42387684181586
72423,58.66213514561797
96584,94.32592868959586
14675,31.837237351957903
82642,62.28774805451528
44151,100.0
86853,44.81156406906763
57311,54.15278997194667
56421,75.38728471976684
5602,50.87227905583338
2867,67.87869498359426
37230,59.21933551451067
2077,59.17246955263553
76689,57.46737033701827
94200,52.70221427075597
50886,64.22361987386212
24994,39.3576814460195
44965,59.09985320827208
62428,62.46130326352535
48327,69.82368972985833
89088,13.201565736716915
100634,56.04732649231108
41855,67.01386781240187
55048,54.57031813762882
88323,69.18307379674965
69599,37.570530400592084
56908,69.73239265295045
20709,31.031057620375435
15487,25.824242874125485
34468,40.608051834672
64342,60.84375666941079
20300,47.777026665009636
87852,59.91201689404583
72663,62.97250513099718
42683,48.5583831315309
81190,70.33671667307162
91437,57.523611215785515
97956,56.65637157218211
17829,69.8006630385001
34146,61.047261845064284
43751,58.59497491531371
7839,67.98760492398097
63,57.76137832017349
44911,32.31866702387513
85908,28.316184270223815
70695,62.56141706900369
78363,46.11510281054868
9886,37.8638884105945
92362,52.72388323232466
100785,60.458843389067
86547,47.05553862470813
49661,50.22142788670688
98923,69.07068359162737
82500,48.21469536150666
8307,51.509462343362365
86059,64.09121885090512
43371,56.56533065323738
42127,57.626621088111236
55837,34.822962134147204
3024,62.73964641452969
6600,25.14849514521662
26572,70.39817069518884
85868,56.58398968581069
95943,46.08051483481512
19659,61.9072199101463
59087,29.804089914176398
63260,69.52987635848514
67933,68.44921286622817
4412,48.01496293830389
37882,50.71740704586302
89338,62.75421028147853
61354,65.28817824381261
20536,70.76129671562782
67376,59.07369373031056
25111,46.422756700778365
57080,61.87342450265244
60836,26.895979713899372
64449,62.00455780605518
79698,53.972314153522376
49757,53.3555289734979
52123,69.09988443711372
88798,49.1817330414452
47216,50.45208429863656
19748,60.94353146412054
40978,56.79392446158645
101443,33.908101150932104
57137,69.59094448086165
73717,62.270066711493754
44564,17.830905233478497
71434,64.02667412593745
85316,65.29235993186565
42612,48.10740683785807
17197,67.28086085573214
14388,60.65893366944771
77977,67.65963717327506
28883,54.70316102506731
55317,61.85207255097433
91894,47.421351704739365
49283,54.080662559612165
46021,79.33008485781926
90903,68.14162997995354
78624,66.90409125384636
10200,48.28822770446649
100948,51.196316631200595
22416,95.65685477019706
15543,57.734269047475294
68002,36.859440010822375
260,68.9570531499
91298,70.07537255338019
4329,22.16823403701606
49505,60.464882331305006
50266,40.976751312284975
50176,42.35435515635185
72113,45.083220926043104
41135,62.18816738579079
67197,66.36090476928945
98700,69.24939418710079
32720,63.93644426256557
53707,28.422214936251226
48143,68.04692308559356
83789,42.31216682861828
20879,51.78917721480528
41629,60.32388290560282
55121,58.798886374882734
95431,66.6223277372646
51415,53.501188954075026
61216,70.63242545334087
76459,56.535119730749244
27086,40.809306472034535
41747,33.91228282105006
40477,62.6044308593221
95275,56.19092162788712
86730,37.70280619535639
59828,31.806383286602546
69618,60.13240940048379
5728,59.870386233194225
73847,53.90820790327696
94800,52.75593199441502
9717,69.68276051370108
85536,36.91715460219177
23766,42.39012062378664
52061,43.590353038720075
35501,43.499476681317944
19722,36.70985405769772
86080,59.593550548194024
98903,72.56640599913075
98322,46.970802509863546
55148,35.77213603636649
99550,59.472037637166
100093,57.06416672908188
96708,45.63582651140857
18776,68.27571360332895
48141,48.545810549432126
83744,43.86267116975924
96054,42.98704184904256
7687,65.55117506691776
96926,68.21881096794057
7718,54.434722296870525
8116,34.144619657682824
64417,64.40545855292004
54246,56.53425326811921
97855,29.30129806935045
79376,39.22788871386194
92698,55.454843252037826
48354,55.93925345625936
92487,63.51597539617958
52226,32.197101065807736
73835,39.96242213207705
39358,40.59366660260078
15784,53.991631449575806
59653,69.77730618634918
14686,43.77047587146878
53089,64.04518769194775
8653,59.46410884199436
19777,58.573327860567694
22316,63.49045849592043
69231,59.42382543671021
30746,72.57189177336718
48518,68.80451624897073
17119,61.07995080477797
32041,58.0512926188525
38640,56.141581658707956
44129,10.357767072909537
83983,33.95298382174908
80126,69.17102083819938
18697,62.08153244223474
59379,50.48878551121232
25209,39.26878986094267
80424,56.63638072280226
54702,69.68585822113683
1291,73.3488949512768
45653,58.03136544707439
66512,62.87577004886955
92932,67.86851898498448
31240,72.11666640850169
88312,35.67850701797331
100898,52.61701404603826
99993,72.43335974359802
71576,57.21279006212288
43731,64.89856459660659
26795,62.81991102646943
9837,25.92107480774313
666,47.41986494025334
66417,37.633702546611005
2911,61.16502237269313
13094,43.01426918975027
22446,65.87697441401106
2383,59.14099741853229
26914,45.57027220208008
74505,37.301256285927465
87685,65.4629884542027
10932,53.378347628416115
50666,60.84504180786698
80156,68.1352635147896
78118,68.65201946202583
649,58.97180184869771
54309,32.77827678741946
32536,65.58729080878487
87568,58.481066691766834
70921,54.601598183151765
29442,66.85299942958966
60573,65.72072802614912
89425,65.89742903680188
97238,60.704475118926915
8551,38.50680324445264
78144,50.440721133605294
1387,48.7776076174177
91175,78.39930111836773
39544,34.03536754825951
30963,25.916774509746524
58369,68.93678765298726
9782,52.34799446628517
45467,49.244892912212805
75542,44.5544352158601
8646,82.0
26809,74.45547741514878
89368,33.5276088297684
24561,59.234579704555244
113,49.79824085367812
95643,60.347115893506555
51649,64.97994768036628
87204,49.74845790250321
37406,40.765919077575894
86221,68.09571867840293
32672,69.18307379674965
1795,40.97286327966568
51692,47.33972544146552
23811,38.27612804338982
50454,35.919155596350876
81070,24.671361881625444
1807,27.795410034952237
55951,35.96855600470677
59011,51.277252116321534
36090,51.243365444412944
62005,41.39068589013783
26256,61.665337533905756
84962,66.80638398708916
31692,59.17445797868227
19298,69.33641779027724
8728,36.78210906506851
31804,59.63369988791288
61134,65.04692054334976
1602,62.32541661275373
95558,45.784093510728624
20067,62.20592167713254
84003,61.84143596785625
76142,70.57975206014558
4113,68.78005288308358
1901,40.7182139176161
79299,51.922341435808164
61439,60.86544283975092
87766,67.91101769024243
40472,40.389121362544635
46880,31.044770885689935
62021,82.16126175922153
62157,29.445769367026188
34874,59.73314044906926
12781,69.86813533414939
46125,58.91063797972703
35927,71.23419273020905
38790,35.368683742231404
29714,40.76059323359075
81370,74.45547741514878
16762,58.927271613659634
63351,60.49225285875016
19066,61.41292450586112
48895,74.39856283858722
6711,68.3548632311261
21528,75.53362112865926
29368,77.84656250064896
2792,69.28470509861363
29407,39.994965343654115
57160,47.82550450881708
80090,45.71564917274771
45474,65.07243630664433
2482,67.68241767171749
6342,45.27945387245313
93142,20.495026289245175
33743,45.604634697952115
75142,51.47150506330443
10579,56.49786559680241
66666,56.29231966892706
87307,59.03309760148912
32132,62.20922958517161
36333,46.93668969902288
64050,67.28086085573214
88670,69.42786570919715
22141,69.59094448086165
92643,50.728192284909156
71332,68.34756855014516
32444,59.07893330977449
61312,31.148694661740464
79853,53.656511295968265
75754,27.83643966494642
99501,52.286087757297466
92387,47.475647806133765
67347,46.7318923353016
64226,66.50942087030087
91556,94.66
97497,55.393067439086025
87705,69.1952879874562
70664,49.02229987548491
95195,39.59979124737875
2082,22.132945722076883
81320,44.34399814212909
25238,60.5970905769297
2242,44.61702605787742
12252,66.77916657340495
47441,67.9567328246365
66025,49.57928678261224
64434,51.89089230063678
11988,59.0326642280779
15135,61.81213053590448
38250,58.016794012946754
79729,54.86864929044775
47718,64.26652789844644
55563,49.90746253935322
9560,34.981160195308796
100841,34.543561546255695
63201,37.32038029722718
101672,41.59788861954534
38535,41.315211757629804
55553,68.96103953337507
66593,45.28249690912453
2890,59.17298782334478
808,46.28749585633056
86341,73.52464121760872
30887,31.454908320755454
53924,35.68669152581822
33771,55.36263345710566
28294,68.41592087693809
43919,51.38677412234409
100958,49.62898032756932
32253,68.68432124035591
13540,64.14508606665217
62613,59.57042589973442
3637,61.1354498931516
96005,58.031978369618926
50123,28.919510169661994
59014,47.025132016040004
3299,62.77192759413587
47615,55.29257578849709
20991,60.948633624819
30824,42.914834432324106
64699,69.54944004282679
31904,59.745260280778005
78964,40.927288837965754
102181,66.61414153222408
77909,64.10279393943306
8020,68.1816527760962
66281,44.99856373605633
6002,25.76551042178561
43290,47.760621711115746
77989,52.334356701398946
71350,42.646371488391516
37465,20.736380928452267
81364,45.164342928531056
73644,36.710343521956304
68387,51.5287564859167
35750,36.49124283406303
14659,80.80558222894916
87993,67.52481665480134
87062,57.4073255320734
21948,54.639883970465775
56084,55.24911216130489
1844,52.848673322667885
77467,79.96015795557462
65626,69.04637847036378
86101,36.112105951705736
22620,49.70418701104284
65945,69.58190581553659
16026,42.96450148555546
93548,58.07469529974928
51738,26.598728735210422
17153,66.82089592057672
68900,30.393720190730086
41304,40.362805025247475
74169,68.59275686490552
27825,63.47632537651479
15511,61.86794955941771
15339,49.51528416640236
11003,59.397902979860525
33240,55.592986051642036
17514,47.35523100649957
17539,51.98833347658264
94921,65.92451923623948
70759,41.992422364368466
28725,46.03942013671909
19928,55.302790537650715
42988,42.37026780033127
24153,29.881453159093308
55140,58.619075572072845
74830,69.52901180512512
12315,66.00534881804917
84707,69.84359590820075
47861,46.58347539543223
52071,64.63765760764853
89331,30.69593704436872
72971,70.9616471187112
28611,65.46804438271822
30755,58.12503001400186
24906,66.38153948897089
65640,69.86536340710856
30313,41.858414822898595
77269,70.84266356582549
97614,47.29078651736204
65099,54.42039259916706
99719,62.79702148529094
92193,64.49140668365649
68102,55.283813687131534
100831,48.32131746750515
64560,38.72217838057433
14009,57.50609166325298
29549,27.905573881628687
51386,45.71576912459982
100247,43.64972402353207
50615,44.672863850245776
59575,37.819533246609986
58152,55.83416128149526
42510,53.74531362752058
62498,43.53808883182485
13988,64.26156489945143
6624,60.31588160995585
6379,59.644899172722006
32827,69.28904631494736
8596,69.1437231317138
25655,45.820023093669164
53100,55.856750278171745
5697,56.711843801453334
1478,46.871133421405496
11636,33.23471543675164
46946,57.98167503461524
6715,49.51934582499315
77870,35.917497138992104
82030,34.691044327718224
92654,52.45469462631171
59578,56.86643475416192
38632,67.31107481592443
60722,56.14837784692818
24382,43.260957883021526
70363,54.771161724620015
31373,66.67902672097773
99275,39.254492836327394
86045,31.5105350691399
78670,38.77030092189262
3469,54.74214929121659
95499,66.57536807846783
57009,67.19504851150393
59803,28.878399192333838
6582,35.25438444326457
76889,63.68011097958635
79128,43.63608545023924
95604,50.08154635965433
67766,35.31102033395703
76635,63.61904274480687
96506,50.20437154630784
41445,55.070633384426486
20881,38.215920044967376
97369,44.31459335045718
101877,45.785773386778146
36309,64.36997180467738
4661,44.91925372440603
96041,68.16168516729167
88904,55.42352157342927
9319,58.10556255035102
69991,52.48296161320077
46623,45.83389297142296
47428,40.71204779287979
61808,25.828693325786606
83475,69.74364251589076
31941,53.08230454161376
3621,40.425468600562326
12199,62.224918758222536
83453,48.35536695703842
64104,67.96272093537692
39606,49.28630980096081
25391,52.40506370927801
18215,34.81819718862723
2104,56.69772229524242
8823,55.22559645243475
1538,58.63622923325404
49306,64.67443762007994
87621,42.447955851370025
6482,42.0430445366801
46654,41.364894725403026
23249,66.60729355941689
30229,36.820185593379314
30384,45.067359394874636
11099,63.12887569984242
54750,75.31995898310169
69160,57.221356697841436
26471,36.42982777022739
76616,65.50198002870752
87759,52.12117682182972
84638,32.55872221902329
20546,26.281328530759552
38348,67.17563447906853
23924,69.27731088997604
43761,65.80180647592864
23419,64.19474913255854
49341,64.52665312943478
35135,61.69704649427569
51411,32.43937431725435
90065,65.77404118509124
23975,35.309039979574656
80284,33.383122408124756
50659,67.42428481210041
50019,31.282155116186164
24221,74.46402147039714
83773,66.8259031025887
80495,42.91069546419315
90098,54.14134538380018
72965,57.62313418804322
74667,59.746014569349285
39361,43.90523653368055
23927,36.85930467847069
21229,62.35383497861465
57998,26.1977196389423
93220,72.5317890310419
71465,47.34682936010934
27246,54.690823951941205
27914,68.44921286622817
31348,73.48475463772942
12496,44.82594140804592
97728,45.17771372991408
85155,62.65708478637333
91708,40.06876974233999
10799,38.214135970586696
65105,36.39547441302855
16206,65.91981218742797
93596,69.47821946918559
96576,66.89865433699218
32498,68.01505609712468
65320,64.4277288602104
51602,66.74694263769923
83879,69.69632266947475
19027,65.25378390156932
50370,78.84511564975578
35435,48.23170774167404
54951,58.622355651064765
44384,29.762551402854413
49181,68.75312532698659
37527,64.8106775552034
7136,60.024700364278516
64919,51.567559657420105
100232,34.702521136978945
77331,41.55806693806325
30242,69.72189150464074
89289,44.65600601571347
58929,51.069702062167096
70118,69.97527464892397
97364,62.50193128012793
23467,60.88048296659371
77205,27.133701427276698
15481,77.43542642669814
33665,51.673977057099236
47299,53.94041709839983
22673,62.51407316548977
44094,58.63151259644147
15404,22.686450010883377
12025,35.12820281882203
90089,59.222859585756325
99981,69.05778340082247
81279,60.03833515655865
19783,63.10930184990844
14436,66.22144428572176
67850,51.211419363282296
33000,59.00601591498077
44982,49.415685664460916
69044,69.4442274832448
84000,29.892131640674908
99616,68.72534779057273
73243,95.64033620387505
35928,69.07496967368529
99911,69.84601092638927
66911,69.28393363028377
49386,25.326928586050602
32285,58.18353604038381
49953,65.1057664544848
68132,49.87713662213468
70116,66.36667018055574
88912,38.86088829655078
43404,56.378894671000516
9572,69.75504508293349
17548,56.213533230318674
3662,22.504497091757877
90148,66.91719611493683
29262,36.638543102692516
21963,68.0093656093315
48843,41.72827990558793
21011,38.10462246861752
72454,57.087881742607436
13810,68.43287536581055
12082,59.225291759363756
85011,58.06869149622974
722,47.11718707024116
22685,11.486981089474687
61732,33.137990968536194
21098,22.65697090219149
68604,39.42761916364512
8790,37.34588029156289
46927,29.30142266618527
8567,35.216110173112924
45528,34.16599951494037
84763,61.4645289227924
11411,84.4673284742276
40676,69.43968583335635
36686,44.95071029993255
63916,59.72968496702031
2251,34.68505738831643
60363,16.676423589315004
72090,44.120867093259285
101956,23.926900571516498
65521,67.35547520997325
36530,42.07074082959789
91959,33.18557990918547
36158,67.23609612062418
28419,57.054565755599924
16865,31.671108140063474
55556,17.89087334389279
38393,57.808031838544146
26269,45.91441432860369
40153,41.89676885170131
50464,64.38016458889722
34301,58.559618747435
45966,60.15231102242229
12356,36.14243974392383
1657,68.23802885514475
18983,38.15470742171199
41934,41.72540303962297
65392,61.696661976293484
73092,49.87917474120273
7374,68.87289183215869
54022,40.45067156502844
52342,58.019460888366496
82921,68.52405333847385
20810,40.65717418425273
75277,63.08184209767715
12668,51.941312624361046
98533,35.78341871635315
48709,61.90923106250785
59237,42.85421056685517
76686,26.035172322659022
33956,57.42824091776245
24268,37.966544604909885
35521,57.65239298809655
31088,64.81564703567628
12590,54.18639610227304
66330,56.693806468948175
57818,45.21795426895482
10879,38.51846765214578
26845,68.85256928941311
28540,84.85562995553204
91174,50.064743770082394
9888,67.65859697710484
16597,67.74633540877636
69344,66.90144992187534
43851,48.133053682567336
1228,45.0164189459615
88002,82.00729222517135
17204,64.2511842552747
2358,41.91311984044071
80610,40.711828266936436
26326,43.8528459976626
47305,91.35037226839299
89649,54.646064944897134
44408,68.57227258272079
68134,54.31535586215702
49000,36.326794298356404
62414,68.80660842459363
65706,51.90714615103547
44793,69.3404005987085
87128,69.2688631297298
70456,74.42522189209001
50102,70.55091375737238
87548,42.8368449332807
27795,58.146840748398034
37746,37.36035669990657
27212,72.01433333333334
99711,59.240472525715624
69171,36.24350853171498
44403,68.98154569273413
34850,69.884179869546
35096,46.923417999967725
82987,59.97793915305406
28494,69.77730618634918
89287,23.400878000168017
80521,45.39415054115556
24981,44.89981977092885
58477,64.13009152875817
12686,58.157044518644625
54154,66.40877894884315
17802,52.55748630569977
90793,45.12264605423499
99023,49.17933943617354
28754,52.24249372815289
9751,66.12650487045111
3113,39.469658364284896
2096,38.56372900113595
78412,37.60505755730595
48396,72.34354388751763
39449,53.329145291660105
15042,59.2942090531343
44276,71.24587916517964
75068,45.670400856546756
84855,50.94964100670254
81228,69.71072544497933
27812,62.822476922202775
37009,62.696732508520064
29869,55.55827981573227
11330,35.88698272505319
84502,21.63231854487901
46046,32.26052531383239
92934,68.90824469163017
22899,52.732059029021386
38815,68.44921286622817
8272,59.614911520677175
13047,30.951545795094866
12057,66.61978897846275
58248,32.451926164553626
60056,59.929889931815154
6361,33.89510782244479
9104,52.25377088443587
83848,35.460167136980594
36521,73.91060276307918
6031,37.27563900447612
64062,39.63822645988196
3349,33.63344580992577
55229,68.21977541091472
85550,69.44354035303463
34013,49.56153181695179
50172,66.22506025080916
49943,39.4761646259684
27470,33.35520303257304
41513,66.22750637633598
14060,53.49758886110894
47940,46.38723206749195
50811,70.98966796810828
56461,62.98147699738025
33238,34.2115706623011
47373,39.62880506031722
15229,41.19251067951743
73686,24.574080784738612
92894,41.21430951085991
27375,69.28393363028377
74229,69.4406687467364
65274,70.04073290213206
44588,58.681520616146
65066,69.3313991621197
93577,64.00086296012029
88149,52.96473496446366
49331,27.09360907289533
71591,66.3331341272019
44947,59.809470292888406
67909,50.84213406240052
83161,47.537441725671854
23672,35.97953729309642
87177,39.95893316279799
48946,48.453483141729556
78896,29.248186219818773
50958,60.089700364278514
24128,69.41660933948333
62108,62.84711238904701
57227,47.580148063488686
19204,43.16278423521629
74002,32.309584957746004
45277,52.57808608058608
90087,47.45788231082777
82108,67.28312875773828
45523,70.4259951666475
27735,91.85035211267606
63378,48.84220823210014
27144,49.83962591888764
50674,51.562308878051084
97854,56.92638795726472
93991,53.1614641743049
30188,30.82141193703968
97689,69.32736275145487
61454,52.205670333387914
55539,64.13505359751379
102112,68.50560080299246
4199,63.79599044523862
95410,65.90619456666381
98706,40.407500104454634
33348,51.00502879948846
76446,49.569582928500886
15448,60.32976273947881
13207,69.2674855705337
53649,67.78251233924209
8217,33.06386889918145
29155,39.53835481737394
27504,58.09410852829193
72342,44.5085000965227
64468,64.91673689643223
66106,66.24644695402051
30198,51.141432714300215
86935,67.61698351913711
7422,70.4259951666475
26838,49.35301616450859
12136,53.96849881841007
82033,32.83119768570044
78064,45.342270967931356
65122,42.26439808471483
44172,32.10966849575726
78040,33.157541607180576
25694,28.05092674198866
11981,41.88961091033807
55738,37.15571526724355
18695,34.32460115998398
64598,44.51893554612974
31669,54.42341587091797
3726,65.67604865815541
90097,43.106237091663196
99446,29.633032220739093
22546,50.764982602136854
88378,51.1308658344666
7041,56.67938152347696
12219,61.02510142407994
78463,32.8230749661309
24310,58.95521036490432
80883,71.70373613592479
28443,60.849344460118
58970,33.44914006940136
49405,20.38549169128342
64980,29.399951895208552
45435,21.982421114081728
84310,58.78830665752204
27903,66.29457129803335
4407,61.24369522878655
64106,48.56899366919577
62169,66.92183883870408
2632,60.885971987239415
66763,31.910928077858394
46620,40.883594724739865
57536,43.82068159043374
22494,50.48007667565608
63936,56.47330461066876
7870,63.81070563936311
66344,59.668117105273375
91886,68.97314862557208
11552,48.33742977957286
20796,64.12585297647662
17095,41.9828720890161
62386,60.937301559842545
88334,41.25382435013258
33600,48.29587087035622
71941,32.774022436555754
2664,31.665745565857147
7423,48.09626033336515
48083,69.0232221376375
68040,29.187559258453597
77246,65.4144237771061
74160,42.01829151503596
92151,69.16411134378416
72863,47.58964257233992
9650,55.2071077968046
23529,64.94757405172491
35588,36.65504442539318
32560,42.89131031878793
100466,54.50546221903713
78954,57.96042429354066
6641,36.245473495979525
87835,58.44116986553595
38663,46.330260994936964
102192,65.69627868821848
36892,44.83472813090712
48824,39.790429363455715
50587,37.832642205570956
19807,30.867123478544954
84376,33.532440986300564
42073,71.84878986516722
55639,61.316856056584385
101596,30.088348235315948
57850,57.210550598688066
88933,53.29380396976653
20967,62.62535345333677
14199,72.0544799911583
98221,68.94177489251966
1681,53.47971268207687
90406,35.3145418373352
74121,77.63488669642523
81478,51.36036982545963
59339,42.37264824719186
81813,70.33651374508179
34960,67.65963717327506
48580,69.10406561564422
79499,58.171518361450374
87545,59.82338786072864
72690,68.07392284282231
92052,71.83815212268736
21616,67.0147310089936
39215,51.345576121433105
76667,58.86938365535133
23559,61.31068325171819
70572,52.0272964657412
46203,44.654927633510084
42394,69.84601092638927
41388,45.7753635638196
12357,62.603242787147025
101814,66.05280556519226
10591,64.82631463005261
79965,65.47381587119193
36513,30.516073503281895
64604,35.454063674932634
66812,25.75256642001107
90423,67.66174564500365
2902,36.73708927458985
3753,24.064984195282406
13711,58.36220620637667
10124,60.19418876412785
29637,50.51707602354825
45728,21.4979152591225
9756,30.90437271991033
96772,43.89828100150782
61873,53.60760080545824
48119,29.831174124892005
41116,50.484471914300485
26065,39.154070520879486
46966,67.96955409627505
38200,34.23481020384706
62292,82.0
24556,69.83329883534988
95703,55.273859515210546
24551,56.8514544886289
18945,32.45408456979512
38440,64.21861904422853
95842,67.06335707852082
47837,61.42018672513369
62011,26.455948065015164
4467,57.17533510824471
12288,68.33412317877976
29315,49.370459382051756
101653,59.22718451516403
4431,75.93674411357878
94478,42.684722284687595
78892,48.28243175994557
98791,64.59671215728267
14478,61.75554305552894
53459,53.301633229957304
24371,70.09741069055322
83774,42.51705424707212
17818,37.56901139631008
94435,57.14676734188984
69836,54.456481308302656
86369,60.158604350842126
7335,71.35794285381354
71371,55.17352278438445
10543,69.60738478774051
64463,52.57610668018945
30681,38.05088881389355
92408,51.621930039845736
79565,52.67665711427009
343,70.08668632572281
69922,31.27609252306937
26311,60.475960595792905
34352,67.38682715841725
73377,43.74120295577417
15505,53.2366476430622
84282,61.46810368562563
58167,30.655930212459197
88388,50.56319907223623
99003,65.80413604581027
60114,41.49968959069311
69310,60.61202719702003
23261,55.62356969493618
89585,69.05562732646945
9149,23.632533714578116
38229,16.2908324076389
41904,39.15393574466622
102383,69.41660933948333
37017,69.71884760271865
70806,38.53761148638724
82903,51.32727894962581
80051,69.82059727423928
5895,59.969605163861026
41091,45.59905829920412
58144,62.88824053749614
99095,59.94894939486191
19194,57.64916656183947
87524,69.49049184144654
13777,46.92516442770845
31415,44.392149918411704
72882,69.5774952515188
91088,69.4331916071915
75600,21.79471273426254
54763,83.2877133577538
51047,66.31164019866988
102531,49.26046098583214
97687,66.34933028322152
7191,50.829370933147814
39880,55.90823922002356
58737,67.75220055533013
78311,30.722712451724707
31406,68.53919885461876
33684,35.25128059796432
90190,46.1392664640458
40951,23.053145876509202
47343,72.71675400632375
27167,52.73168367013714
34407,22.745025029446587
30865,62.76316858823594
28167,68.33412317877976
79644,68.66191579474979
16156,35.165557105165256
20317,11.000283445956741
13542,70.6064920264347
79308,54.33255795794286
41097,52.799803240074496
99297,34.468342854652
94257,41.25390205807963
85097,67.39897399873308
37484,58.628265582893825
79404,43.59528466834243
43914,70.91099705791117
9720,33.28846265070295
72315,44.27818260381084
19143,38.5407348967784
7743,66.21339498984527
54918,98.0
95201,26.160304373508765
13491,42.32094132599212
12008,66.11590679098428
3244,69.96022139929403
10047,56.83760686668124
62846,18.67531211332269
45890,54.537548665101184
44213,60.488436052732595
60901,58.1314070072687
80236,35.227518421615706
33425,59.9791562673529
24339,59.12211386257747
31600,67.68185750580872
26915,47.639968346798014
91593,38.40127496446922
81542,32.373666905128104
20956,33.470709734084615
36730,97.0
9117,32.38694786504117
98141,56.59065826464552
98597,56.96872646321383
87004,30.359331159407983
41425,39.92244926883086
85946,42.629346400499834
42136,37.734613122591156
48937,53.04105847832267
23315,50.99281523426192
41919,24.396032030826714
20394,45.478215494660645
83597,70.76129671562782
81093,82.02833333333334
37824,62.760563818705485
19388,64.03947743634424
1776,51.69031999257507
42801,17.299985319513794
31021,36.58287873432883
34795,56.299681131428926
46451,62.472891335357666
12576,69.65504067710134
65423,61.29200483389067
29920,32.4895999700255
1351,58.774039728927434
60300,39.82381226902791
23734,63.13231769462469
19284,66.50233715903285
35076,71.23068817969502
59480,72.08724051902718
73964,49.17795201085288
19081,30.078062671168563
75665,52.80410537758749
38007,53.986408906320165
83275,52.361254143929436
93272,32.20500869094965
22318,62.369879755815
68646,48.18987486720196
100575,49.39536773639137
80484,67.61310229485294
25436,54.830953472691796
91726,80.95208333333333
98359,35.69216097817864
44176,31.417150630375673
5096,52.89492793748258
96290,28.972559038909075
49397,42.881430364263224
87593,58.02037172440553
32669,70.294704592566
86805,55.605610637341705
4691,67.95162584895498
26575,33.17812764146051
27077,43.924994048107564
70997,50.30313718922422
73526,57.56276424501347
15013,38.65462964635903
55727,60.379673563705694
62478,63.41521321024437
65517,42.683555393163005
81837,53.07337355013651
20734,47.07441185170748
374,65.82497546363214
42513,55.42756389949691
15630,35.27970888805668
99533,59.82818102326071
62198,70.4259951666475
61264,63.431677572926574
61177,67.23609612062418
72783,54.752483899601486
51601,53.57846121808092
67091,63.741274982609774
39988,69.52771799136
32049,61.675428606926374
23135,53.52801857748166
4693,69.96022139929403
32328,22.97338214260505
1317,64.0686753365931
97953,63.548718010437454
54555,30.30938508352122
48897,58.758126137497065
37178,34.49225626421381
14184,67.69454932533095
16053,50.200353685047006
74654,34.191173362900294
48449,55.706979273167605
82024,71.42291862408626
12787,61.94594872373393
52073,64.13748269283353
46100,51.40730836633243
19944,56.05541936555746
7122,58.29862965603424
46171,73.3488949512768
14765,45.94032584582776
94686,52.11002550525545
58428,69.09071869316854
95270,54.74607900789631
46244,46.99048437369889
1780,52.40057662202776
3790,39.59873222307988
86655,61.66370632159076
84460,63.781910307129166
54729,35.06424754850325
72760,43.80688753798569
28062,56.701533206497096
49464,68.93226335248802
11770,37.32695572670061
4947,64.33507864572096
25052,69.36289472751601
81782,56.58351319115026
40038,64.42904883121668
17505,45.299273404028455
52553,56.13002136433823
53730,67.58520566919603
87414,29.99576790952871
15230,41.813898023662375
53096,48.82187765320841
6509,69.30492809023153
37973,54.52339410266358
25476,66.82729107568986
44238,26.011961770756358
39302,28.619855234113466
78522,57.97490224846954
58997,56.49432089974545
68723,62.316877568025994
40927,58.62464328245549
39406,65.34017721171584
56257,44.48669890205822
9146,53.81930706099973
43222,68.14162997995354
101134,38.61376487833024
45241,41.725591035044374
24518,75.01788019514025
79392,32.2474563626756
58249,72.66158798578049
70214,35.59638994044981
34143,63.065489730440895
26367,69.56497981610117
16420,37.84712540983796
29671,66.40507624575875
93374,31.601522739532697
66890,56.76058925908017
14658,73.68785056041239
22296,38.54234271457686
62349,66.79988493107848
52674,36.910413643302036
5575,56.199101741278085
83941,61.11135345264819
75685,39.94193023483701
11290,53.42571229739877
83575,49.2428211900848
70008,68.02310913117985
7480,47.23224294371798
38532,61.42493028528351
36975,49.804332194340525
76563,42.23490179571724
73944,60.83993654308037
46415,48.533777326957896
46443,51.63768650248612
85885,68.30743973757444
3791,65.21310015109985
86195,51.7849924987808
8197,61.773713381504564
29676,68.19656086676106
68148,69.08477622895894
85879,63.677077341630884
79945,60.052177915577424
52254,60.31592592921812
7978,32.70342532536071
99767,48.054611256002964
31334,51.21227224444353
23177,31.707070933373494
18665,57.31497658074759
80048,72.0570368935223
101528,69.84601092638927
31290,36.57095242191827
42222,49.84731323687014
37602,57.84583803984064
51302,42.242519314732505
45264,64.96998436450004
40882,21.66526273503769
42402,34.206884685092476
308,28.971937784893406
10170,25.7660872489968
64214,38.69444133222616
39398,61.84143596785625
26839,59.83417577941356
92958,53.12338708746911
96089,70.5958440658705
64095,67.26128513849204
44860,59.881259515534964
2868,24.071549123225505
12853,71.5377746769744
67628,29.92122115023713
4795,71.59006182391654
59047,55.66043126175574
8304,26.84051921911739
97892,52.681312925403574
82251,57.02524913070478
8773,51.932910808437285
37860,68.42761711033373
59942,50.64153124963209
50195,66.48301175662874
82184,68.69915213160803
86336,40.30596004213213
81553,49.229193886313084
31276,56.66096307449952
20551,55.0888434128272
69607,69.01858473934749
70443,65.25431253090284
31417,24.46839856619631
46686,42.48464905279683
3046,68.7241428890004
92210,52.40908635773547
68386,61.68703369305546
47532,52.5367934593103
72397,29.221154191691877
94610,68.16777332333085
73334,82.16126175922153
15315,60.75230866426109
41895,69.49305134920479
20130,65.34703166570525
78897,66.23750414551722
58693,68.01735929860311
56112,53.74807429618053
10707,26.67473504509313
63799,67.92173073108353
46781,49.40673663452624
62432,69.86813533414939
85494,42.2338957618628
93320,64.09886999445074
17380,81.95333333333332
81334,63.01843519104733
12769,62.95182012310725
71142,45.416913957799636
38398,36.26111469670761
91772,45.72595320136089
25030,52.241323781086415
16109,39.76076142133379
49897,60.729485927707486
55212,61.74133214483645
9714,54.443696462550186
88253,68.9665959039848
65546,29.58859504686729
27893,51.54627749791933
71557,61.21895098614329
1898,63.56613357415442
40144,68.54871678791494
84192,58.374974112377885
43479,47.41550478359188
15099,41.525306977199826
38482,65.71765598953417
55911,68.77405011858228
15270,49.843598352329344
15514,42.2920500056953
91184,35.88654486824466
1339,27.161347825706954
98006,54.79389306345797
34433,63.30941998988678
1647,44.71114891025226
54535,34.140815000671466
97086,70.65117066845514
56037,67.9421309775102
15920,82.0
53941,42.57095214358093
13400,44.68737618021233
80163,49.04068539048451
36473,51.5220148693581
23,68.35089495370245
102615,23.902285970726048
56539,65.85606589162732
37125,45.11588155872439
83502,57.684127242372995
62513,60.18394854798054
82023,32.495706836593534
71806,36.504689483132104
48488,53.927621302161214
101529,39.85565166415202
73785,38.27991791644206
101081,33.66851469196954
55455,29.110189408479155
37933,68.22181755635911
74048,60.48366685341296
50248,69.72972499486245
60876,50.94499448747689
9713,41.79855600436167
65398,54.22932997547583
84522,65.47701314273587
88856,29.583941715431646
13814,43.91552804024825
70590,70.57341130150475
40248,56.637013272384536
68806,56.373527729989256
102560,47.401911706959964
30927,69.42544678116731
9670,68.4827547368788
77244,50.84689064460787
93147,59.157865594501985
88012,58.51724705131819
5541,56.118738477216475
54114,66.75166134208453
80055,53.20075663006812
84066,61.53305495803932
64893,67.02149850850536
84644,63.0987176075993
1164,68.23991323174256
36482,56.068448001985
1579,24.596460400854127
23908,64.2417976888952
68977,67.40567232032609
69894,69.18307379674965
92691,44.907145495421844
56833,50.60192719897164
90690,78.055
88873,50.36819078651012
69708,43.159178881429746
73698,53.278533976844194
100237,35.56679346542207
25551,68.70694256321244
14641,66.80262948964516
64349,41.464315229301484
59436,45.468337948949745
64537,64.40860007604067
64015,58.50632740248101
39864,39.546277930420125
92472,56.45306140974322
201,65.34160806453114
21485,37.431491221284475
44883,82.0
37526,65.3703367972554
59209,51.439833443206645
66758,44.02083445042027
65836,50.249478588300114
51392,53.3242942277202
52508,49.350721983033075
40513,29.99345941648541
81722,69.28393363028377
45703,55.565193916107084
52400,54.628782248845354
52157,69.28393363028377
73347,24.340820882754937
37107,65.2672764610031
19649,69.68098918623053
48620,60.94010586517557
37742,58.98426879992407
42336,58.7818037649928
44121,65.2580638818818
44242,69.75188723215393
44877,36.946320530530436
65933,50.28099159365391
58159,65.7127793542303
30819,62.653408140439915
66254,44.89014239487375
40945,69.26469442614953
44259,51.84940898286021
6217,55.32324444887397
30496,44.94622465025005
80326,37.24012216116605
96205,49.1932716134915
14194,39.30428726109991
49927,51.660449184755635
49406,65.31638496826072
66139,69.4406687467364
21396,44.2027713485577
87348,46.40613006291079
54909,47.0204571984714
5050,49.71327928156068
29061,59.06614724104329
59910,69.53710586989804
69010,52.75133460425013
67201,27.66070939835086
10282,54.84095645278041
75465,60.446173362655244
43350,53.58892573768472
21230,49.66046205562608
57948,65.92867656270508
69610,35.38111584192395
37216,47.70398544113644
34580,42.99193794840423
91949,33.11661571054567
81407,33.77872150990823
52250,64.51778081211721
58887,36.954950297111594
39836,70.57975206014558
63017,62.29457744941935
79448,45.69096911477112
2685,38.34669265730748
29635,60.650099339558736
45799,62.57510501372788
84185,39.80582533869133
37246,41.816038389806344
50627,38.68130550772521
42651,68.42836263916783
2297,65.96682446006731
5919,62.427680110631314
50699,69.59094448086165
83406,66.57536807846783
23013,39.81993610127869
68456,64.81207679673932
67142,55.36732783993988
46384,23.25704888778663
41558,59.64693130305358
67962,57.52297093055313
42437,62.131468857124666
59599,35.65822715576273
5180,64.57717665094928
79598,67.82318483043849
75843,69.04549433115575
10513,29.071709758864777
45951,48.54409886859754
101014,39.43404386050078
20620,76.80025308147293
18221,69.41826965074618
83596,44.682818887213756
41103,45.96702616170211
53468,60.91361945791108
19467,53.50448849537427
86057,40.70016489825816
61970,58.62138944232555
11496,67.78625252788952
1120,35.9126929760778
47243,52.081196314627704
46653,25.738749249527874
77895,56.01319466747338
77443,59.61073617327435
17162,62.26572902171783
31187,34.022051739795884
68535,62.40724955681956
48395,29.335932257376367
33920,59.523120709504475
32168,52.77678734519191
69963,47.85333853129977
50298,34.260879993921264
63533,56.28024638549297
10211,37.058990211230636
10208,55.356733171466324
64077,47.26185802911195
16712,65.22510553729006
55906,68.1816527760962
43814,38.46520323443489
47287,25.63912843039746
34977,60.48122916541698
8099,29.019412834512664
19908,78.8651156497558
1516,40.27016377250507
16717,65.8569118549446
95550,48.13638824881191
71590,69.9220066776261
5507,61.44633438006499
37842,56.24128591241339
88306,66.44386602427062
70032,27.58221183019082
55545,40.375540294504304
68595,70.40958569884799
100559,32.78000757668293
80510,55.958082659788
86851,69.48292452477662
50389,42.49836192085162
79907,56.99240634300888
43299,51.20486471603954
12867,26.518741172663077
77306,69.80961241266942
84472,47.62510288225354
100469,43.12188011832296
19303,61.763511098522606
34214,59.57476720358608
7943,52.0023896536733
94439,69.2505174548151
68874,41.84364430339932
39081,60.946815078049575
84227,40.3633726533819
39502,48.09069350038772
81772,40.52506910398446
83791,60.17397053796001
46337,17.26986738423116
71427,61.79541305404355
46097,68.38291541612075
42089,34.41935513092064
53508,60.24383797523013
69683,39.42440440143383
52602,28.29799124234699
15734,45.6212572161742
41378,35.00535114169463
98702,63.9990973927679
26618,61.34218552061351
60716,68.57944507978837
92730,29.41669418163091
55624,31.162434243095493
62576,30.263849893043435
86640,69.4761889183046
60750,53.59154184500433
80449,79.15174458835159
7260,65.83921448215563
8937,54.29355298815713
6258,21.746842293906806
59849,47.48073204011096
34470,40.79600372045445
23516,33.91357666900705
90348,58.74052103303641
8398,54.392448730099346
77853,40.80306665226024
52185,63.71325491915155
28283,37.846423750987675
22649,61.81199097226542
645,43.9300826843176
23182,36.91620335586511
79170,64.42176924940146
61752,61.730029560576824
59263,69.60371893595833
88785,55.84083665675175
57616,32.053144364593365
78938,68.2607744165943
53520,51.12988729536628
62741,40.89899389497009
54327,34.93661330653186
95426,64.59790847398122
99509,43.02969456407927
34677,64.26044787453637
9647,57.09988007389301
54464,60.59682706058249
59457,69.75256162094075
31980,29.11189960560372
62982,61.19670525237232
81879,39.58684804445008
73764,63.74386999232103
66650,37.97382369297015
1824,26.309709846215863
26555,39.06217214536187
76126,50.41450700407072
27030,69.12190794899374
31883,20.762851125280804
21692,64.30020942336702
40371,69.51746408681738
72432,69.30291449406606
24470,55.281145968787115
31572,58.05706879754673
58346,54.31222336375332
36014,32.598318168879906
76440,33.691652187923154
34055,69.7588935594713
5999,69.38674340870894
71156,52.64586452310267
13494,34.9319055705594
33278,63.778273410096325
81187,54.80432235987706
15268,23.98398759243191
89609,56.15421402871253
67873,54.088195400319506
89743,60.14949365751432
73359,43.41190875850446
66858,71.24587916517964
29346,47.99605658945093
88063,24.357471906707005
61086,78.19345870750281
92390,55.474801341885076
99992,64.45917325833189
75320,38.39154140026635
47016,47.37752045338091
28076,43.64368643034245
12139,59.668117105273375
64096,39.24862491738835
57662,31.823738391721367
87991,47.354570506483384
96834,66.73072711050249
11258,69.7588935594713
32225,56.60450962698812
39832,41.58006464286139
47840,68.56213094729738
36007,46.47464073223845
79090,68.89464587343394
53347,22.244607317045393
28713,56.79474801654204
10057,56.59201890267404
41668,54.082633849340326
96134,47.109102743099065
36859,69.57040009312185
9865,59.64988114280679
93912,60.77138346621737
24584,52.668023400725545
51971,41.1641167061865
35025,67.98508729432514
81100,26.56352645341325
6468,50.84778727299342
66570,59.98420121288587
54026,66.50181434995946
46635,50.165666800058524
4111,64.72769934173851
79148,63.1069821639977
52478,54.446980779647305
21855,64.34400066559733
76680,43.22079525145169
43176,54.59909323920917
47014,67.12055013068432
5324,37.26223674476036
35492,63.79890711089549
30325,57.85099666610926
29742,34.97494672413003
11658,69.94613225049838
68375,47.85959290301759
28840,36.26084475956174
53838,41.80670454009769
35821,69.51312356522446
22957,31.514207645296352
14951,66.26341265951073
78530,50.75569149629138
87356,64.74121553695059
33871,64.8109069861158
19743,69.17781230121088
99061,23.948405221839906
68822,36.917310867684996
56354,56.88010622976074
100638,70.77590502513414
16682,40.589525813203416
5332,44.19257928241639
98392,49.38996383137043
76611,67.50753713316367
99498,59.538027971539414
87761,61.30829520251498
87417,68.21881096794057
59009,37.28655702739229
70452,66.09134879515913
16792,48.56797051605076
51118,62.825185225643935
78448,55.60374603174604
15369,56.58769287595371
18025,66.2012905620896
81501,34.886749581903004
94116,53.969247922587805
2512,51.76086118975533
63026,69.00277090711457
48506,29.898458102964003
1191,36.256598470783366
32507,63.09595109586286
89185,27.04931301834128
37280,69.39126732268505
66892,63.048816145963045
31070,51.20784476143769
51049,46.81262057895736
8349,74.61346779047128
40576,69.20138548417178
74307,30.165331430375026
14980,66.0525088715855
40465,50.32956311093675
40329,33.78057187453704
24451,61.654525587792314
11562,79.47623293373293
70710,23.4758145767164
39193,45.160393883711
38694,57.04167599953394
65808,62.80867391946248
1559,76.70288855612831
99186,44.29039019697755
42080,58.0546542579664
99094,66.16498772385012
75747,80.89597598260133
77520,37.567351919737085
71671,68.75312532698659
65467,61.87227523389706
50194,49.41098504374599
98568,38.926657930735225
75859,67.33776181513836
82640,64.47205652790119
36038,64.8154128216518
94011,62.538031559467214
7540,44.233020887126344
95880,63.46046467671895
14065,58.449083981372006
23793,68.00610897414983
48000,49.631778488940064
84392,57.296885295795754
30916,47.78802045039859
13161,54.19900602210726
23584,71.00289448918411
7834,66.10571013647268
28527,42.491931870585304
62855,81.98
97562,45.40544815630302
20522,60.49080375804553
43040,65.43598585231503
57042,40.86167390183492
45879,72.25452398736698
38839,59.00944355061333
64961,64.15926223873214
48659,50.08673073595888
11525,46.560812758029876
64007,69.59094448086165
6996,61.02028541006579
79806,38.79804430003931
8644,57.77585633756849
66404,33.65849626639903
70817,29.22320247451885
96515,53.375610873295074
22940,48.73615488906307
30068,69.20712823685368
43336,25.84407972817907
57687,34.36791884251398
85799,63.63657181682199
49749,57.229556185635985
38254,55.9564965060986
14916,29.46501444017456
57710,51.6429191567575
71008,63.719600236299954
71309,52.10022901247978
40401,69.4761889183046
42363,60.18521412781092
56514,44.636468751887875
46398,41.7140736453083
49809,51.233528900988134
5201,65.88730007128726
55435,50.100669032904946
19462,61.74939380828751
52794,54.223884291897804
11461,55.93482954978014
89696,34.54599804832393
79222,22.6524243854548
38499,48.44588404960712
33640,34.924121657041454
73072,68.9040663811386
20017,62.30004018568388
95340,68.1918727735501
84339,52.34930817143779
64922,63.292073444864236
67445,29.019724307461146
91926,68.07277921776256
3105,35.665944881304455
51739,34.17871170664022
86445,41.17955354193944
96621,61.59816131020092
24356,46.92201378332294
36749,72.9196836927902
85873,69.29711010642228
73621,44.63345839311417
98030,38.24671325899133
62650,33.23593356364161
27197,68.07504520907814
46522,26.912314845853654
53021,26.710996662689585
74404,66.4333772280365
50493,36.44343474182635
97084,65.07411647673376
71059,58.77430555487802
31583,53.65938749621497
53014,37.55613856621333
4894,61.53113151418899
5618,43.02064699371508
70964,57.25785938668095
37690,50.86849116523449
43103,17.944176631193127
66702,33.28633431276069
92038,65.21235507152605
5940,66.37172079810239
44895,18.09246912652561
25006,65.89644408340247
75403,57.22315788843926
44016,40.57215720712789
13159,66.23686279048724
34085,40.76491770963471
37416,68.28194134908277
38820,69.52934284447053
42045,83.915
36790,69.59094448086165
43178,47.67669811121826
26696,62.13882851055658
7388,65.59760896432367
28602,33.896330250690085
43190,48.62960904784807
67948,34.2927482074033
39282,34.47166667499427
87794,53.8743921310164
102602,47.65969774271469
93530,60.02393674947956
3700,69.76204615283555
24727,61.58978283822173
97837,57.738582270846
17872,49.948310808033945
52719,67.0023131252062
83352,35.80551242881526
94309,68.91934250224207
89561,37.30390080747719
32147,47.20220062879255
90219,56.90739751125936
96934,35.89864507351774
60822,61.902214591270315
98639,46.616444319615795
75195,29.842549595718154
9850,37.94857400901137
19497,37.26991530872008
86788,69.25466715203729
45418,55.079330162366794
47990,48.66088673908378
1690,51.77923741843945
78223,59.9897605839237
56466,40.128406477557164
48286,57.87454196794768
62155,56.79438636396907
12720,63.92827251644059
53182,40.90370801021825
24679,49.98827410382764
80221,43.090829750247075
93695,64.03270771540984
90970,27.55371273552217
90892,69.15512451621936
83598,35.83337675603925
55303,23.05140135108284
37625,48.384532630594265
92723,46.89286403599462
7802,67.68215063518511
62210,66.78115647903547
24829,59.05909299453251
47486,67.01490835065391
74176,63.37593402340035
78421,27.26526067277632
63899,65.8424906642187
29481,67.92814812772284
70429,55.24076254840253
89658,68.48361512027918
87793,41.94901271534708
98201,39.034062907819084
69208,58.862373299297104
10991,32.6767967870446
83900,65.2764644525793
74004,52.908223286932525
45292,56.012676224774935
76766,58.823521226489405
33172,62.31388042894508
68198,47.60945265619251
15735,56.15169520577801
23217,64.50746865199328
21259,35.91250318988369
7589,62.50586702804556
65212,61.88014812322197
19311,69.23772901575448
12588,52.70989223232298
58182,50.036796498090744
55779,35.278244951452095
29683,56.96131421354218
75493,44.99045822840081
71252,61.09709472010774
4490,69.23405865545179
85435,66.06315550475446
29312,70.57975206014558
99532,69.69591368332371
69984,66.28620188914132
67755,53.14064906574201
61505,27.394320219801262
69185,66.73877253899558
9140,55.899632132798544
62667,61.077867525750044
3764,35.46485998483197
45508,64.70588180289128
68764,46.62334848484849
99012,44.27798055334049
20239,67.63965235044789
90772,32.33676860980168
86500,69.13779646695998
50861,28.487079715942876
39613,66.36667018055574
19183,59.86221794945566
3770,42.242777024491986
83032,54.88006289937081
64197,36.87490838115673
29987,69.73128043754394
88929,34.75516265364418
44831,34.386018315370606
99655,69.47761231086936
16052,59.19418741213807
67963,51.51871383304801
20439,27.24449974442971
53135,43.34086164888657
76468,59.48020981353209
12944,59.064366394470234
31291,19.120120340111782
77788,69.76658327487107
13828,28.66136046627256
58058,61.39513809069626
61154,47.68550543400326
85528,64.48132981950192
57997,60.51325013314214
73845,25.629099197737137
48257,59.14407507874912
30339,43.55621101974833
92352,51.24902272958563
90001,58.107619350009045
14836,69.87505687681693
22823,57.01324816562113
49339,69.9738281262781
76019,52.30685974787185
71894,48.27960663869267
11181,26.40795456618205
84533,29.089299312912758
48458,64.83550947167559
67886,52.923576429460944
800,76.70288855612831
15380,30.52641641085742
43307,48.40957952509405
91795,48.93335806400175
56516,69.89226266284346
39839,63.77432342250622
71044,37.083192732004456
58587,63.64254655675785
62206,49.27967944175236
45433,68.83255621573063
97639,61.14976634726427
99259,57.60281589580555
40769,68.17444957776353
83613,28.501183254754757
46476,69.4761889183046
41521,27.08866794679407
16277,34.34078958614458
58450,56.235127752871605
34911,50.033688959702594
79350,45.17899295982236
15568,59.446860539034525
85127,48.987318385533236
19754,46.07624576941035
92099,28.3533707531374
75599,69.87184406587049
27120,66.5301531806676
3914,40.88365915606122
100616,37.969588387841185
7934,47.34884666151175
24244,28.071086396728205
16393,49.83398308290245
44633,60.04470036427851
87313,66.41704909405934
63014,49.364003783017644
74888,69.62832909305918
60487,35.916111720905235
80266,34.167062775639685
29201,70.26394445889119
56115,40.531840586822426
26515,19.302585221032476
80322,45.99455131942608
49906,49.69174815855933
75521,69.98168207831796
66225,36.91539640001405
77150,40.583534966841675
24389,73.67636033689689
63240,72.9196836927902
63386,36.11325102406554
75064,56.27858520799193
96685,46.88286640811109
45795,68.83255621573063
207,42.624979025835444
89006,43.70862428874497
56960,50.65511187024517
57852,38.35968126750204
4279,23.382997698590675
48961,53.30933580071555
55965,57.67823959226533
57790,43.72418502210767
53003,65.67944434363545
55918,54.427102090287526
82307,33.23973316491891
96814,68.3191223073899
50773,32.33504153938269
38656,34.00953689778278
90808,68.03160349116744
85240,60.6998055861832
50730,62.489669293771556
94019,33.85470886413043
41226,58.42350249684926
52088,67.03948630372071
70408,42.09460202162104
76682,66.50667694832806
13473,59.39177393559577
23305,64.66582424707124
80301,68.0505329359891
31418,63.46607240538955
23710,41.912347630114915
5495,70.36534839268941
71334,70.92852177127745
97857,58.519014213500355
92728,30.9078372356715
78836,45.84267292682097
73872,42.47829777445943
100263,69.14961373292728
64783,47.41087600769509
80325,65.5113627213585
88871,66.52495105537992
38214,50.90628354420371
18678,49.52970916373508
57703,44.21081950364338
73212,64.78554212430642
19771,59.14982326935793
18015,57.74402251400774
32329,32.05348413281624
20380,64.94005307090902
57118,39.62121525474899
86623,43.45008382283549
31984,47.55890468401624
56657,31.747752031248414
84453,49.66862915643563
29265,67.52639907145091
54116,68.31378259135762
85007,26.685830109054514
12183,46.738642392417916
92541,48.01705042845637
94916,36.51885216279839
61385,69.79910821342925
71883,56.352018482802734
80565,34.01592562213424
10923,40.32300179710216
43772,43.69098705189121
35049,52.94883001118528
27135,67.96449108374836
58558,38.305067270687054
4685,40.38971438460001
1149,58.357757987453695
21979,56.900105080202145
6662,33.64968062496856
6728,45.404605135119134
12935,68.79092324501579
95633,55.9991823337252
27413,34.67203183790664
98432,58.1266548567027
32793,66.36671512106936
31172,39.298445258792725
30866,71.9651212022662
60465,64.20824695555024
14789,61.29589479475047
96283,44.66214035721414
49912,67.38682715841725
52292,39.14459989202063
94827,62.50586702804556
86799,70.18526657480271
91777,62.258938541994254
35607,38.20703481125097
32616,60.62601156597893
92840,67.87316995698113
84309,48.949078888305586
26762,62.79039711662668
58993,27.94520148393216
33294,38.53136201749357
52060,60.01280241584703
80206,59.852281615287175
61798,68.4785499265389
63829,62.94416693355747
92589,31.82105146734775
35380,38.756753624003196
61884,48.43178881462242
44330,66.14327220162124
18083,48.85565972668086
30033,60.33031565857927
88949,53.68720579019528
79290,51.64790436223447
82760,55.92491541031537
52879,43.87851984069646
19212,46.60655663202785
97236,53.0228904689717
96213,69.2688631297298
99618,65.14951250912254
44034,65.72072802614912
61583,65.85381784835796
80426,30.008688533442072
10903,59.45350918661013
3596,60.361284064897745
35704,66.03404307825602
15847,55.04409263367997
97790,47.37519594565308
18366,64.76734588405964
85566,55.079025656833046
65562,52.780086118984926
65358,50.62371753129992
14164,51.33598334422957
51009,66.72350912293643
12725,62.43713392833913
55184,60.01363517109898
20565,61.149036110210815
25654,31.0370257192244
15541,9.135219731868512
11821,54.62753782396696
14589,50.7962349278524
11853,65.31294449318932
98800,65.48289972310508
33694,31.608370948697015
16055,62.34901889092587
6015,94.68572450469823
51153,66.14639319401896
51134,60.57608522329005
22795,50.907043427423844
74062,55.38183304221042
4540,39.364413476250114
24196,37.85956063349752
47972,67.73752193294516
84058,64.48440968062428
28459,65.92390093437432
94874,30.678871709486884
6806,68.05481246386114
51375,69.52392156683214
8842,66.76358197308782
82315,52.71254658926786
665,43.81732866409747
3738,64.34126508299471
16363,69.84796873363402
73235,62.93695912310623
74354,32.156137317985575
56485,52.71420887307705
77139,66.07015308933214
34017,46.02748144272509
93613,69.25039810041746
101632,71.31601063190483
20650,36.481267595158286
74556,35.16130177993185
26330,67.75099136425717
28512,36.96186468993132
76047,43.83511331246937
33783,23.011501901117104
82839,80.32976299410623
59945,69.44255366528155
48894,75.228102498597
93562,39.55994707000353
41923,61.46471065672375
21192,67.98549427441641
49149,21.26912263569227
71936,11.381436608149246
31654,68.58954957506815
42932,40.677032326309224
30210,57.22556854288053
45339,55.19577090656253
4469,56.79961237998447
50089,52.52732803016104
60697,55.40016928448913
95982,63.9868051537682
51109,52.17920446672314
22373,64.52123477996442
43411,54.32772773287095
94734,64.93870590972045
75732,60.19627153441318
76031,66.20367081218389
13433,69.58403769465117
86418,50.29529586490542
83356,38.97708542110673
35365,36.3875846387268
75529,61.01327006958912
26251,39.22136671242987
94828,39.50309726001848
11082,44.62067661193369
42288,62.47475623571683
79379,69.21196075748509
78019,67.99703307826665
50086,43.366949461345754
3927,48.6101513035266
53848,22.714211428316045
48933,37.85290182482588
30639,36.79488983330993
69157,69.8006630385001
80577,33.80061615788314
66596,62.63382436441796
59952,46.46377841419773
97284,40.46245379018566
9447,28.78526704981998
74269,41.80035544793718
69987,42.99796973768302
59646,56.76642949218245
80226,40.99793630408216
56294,44.06123631649294
9495,67.27152439350517
85074,33.95351562610086
10469,62.62364112020478
21861,69.68098918623053
49889,38.4971254055053
92247,39.13831224603597
99985,43.413230974799596
101451,69.09748217391717
67860,58.52365255542477
25169,58.66127595417665
36779,42.958635699691165
1237,56.016419648321246
46164,43.65315132859968
24028,50.87696444238444
84653,54.83620081362232
61227,44.372277137463804
80602,59.36018570418435
72666,51.215510246070664
25850,42.67765768250849
95460,46.861426927103615
85773,65.08345578515883
17533,57.7376077483658
12484,62.815848596747834
97572,52.96980812680326
4830,58.977072632340814
24867,62.16637284828105
71772,52.70903278223224
44572,49.085934151195694
37613,70.63198189307418
16170,59.36665557065408
87211,41.82870142426995
51597,22.921221354935128
44758,69.37715486821418
102481,55.69143737781963
87922,58.37342175432034
24169,69.70879260824347
15040,69.99626142665977
96959,62.090477970613094
81662,66.5301531806676
68898,40.619269088374956
39095,59.2545531168302
82081,64.05197086409467
28116,41.84107657322011
98536,55.64183999885304
33287,62.53300051034753
52515,36.22562084461381
71398,40.115312620999184
6514,39.2054370750109
46667,67.44332395754004
21437,55.45977067726209
88617,36.26519671283756
8404,53.66273514822278
80770,61.12225428868844
48508,50.39034716798984
20249,61.935450445935956
92797,42.86331941696474
64330,55.62466482748795
46580,34.7502405347054
15666,48.7210509592809
39114,31.271053641046574
8377,34.826424503388985
70760,56.81086776287352
97283,31.824209203709085
50407,53.158200214132066
18132,39.54385768210374
20081,51.801103441817716
12885,25.710253013300825
73346,36.17142672588543
33863,42.43750729153246
75987,75.39700669067804
42511,83.87333333333333
32421,38.41456341931418
81011,69.70462492810285
93456,59.795991052006826
59716,59.58578471117103
43128,36.87705058158236
51145,60.743417319875704
16030,27.95424984939384
84830,46.19167682200178
98658,63.499503052297186
76410,35.68331255336339
28671,69.79910821342925
52318,13.305064878966572
49195,52.59584580964854
68521,70.61725183957286
65028,70.10570420349636
21691,49.971755584401166
42191,32.06045687272695
32366,67.97138857780497
22634,35.22287166332288
77509,25.397996231929824
89983,62.0207181161818
38748,64.06975615645928
1753,61.662887095910406
86389,45.30859658420741
70729,52.33675091293322
86790,56.26093922043087
49385,67.47291642050733
33386,44.25742241232525
9209,34.67056135705292
73090,48.01249827609241
59909,69.49405357876736
28350,60.926375377286476
27182,26.662310728250176
23546,54.534276080279525
34606,46.280989405441915
16463,42.519746368969074
63979,58.4881487217511
58411,70.57508333333334
10561,58.43116986553595
21489,51.95410504066858
1793,66.45238129668218
102587,70.26545498625163
93499,63.32197899585202
60738,55.163415958705585
42299,47.659076095311136
29764,57.86175418355375
79602,68.60276644866096
100353,66.06418415398358
25304,66.42696181578494
72999,46.34290730808181
33538,58.031945307302806
20920,52.60679275924189
31693,60.19269063951638
80002,67.23823274357211
70156,55.43551256301098
17835,53.23470695654341
99779,45.7158379145258
51755,42.25375023460951
5904,68.54032029245396
12987,41.53752605369075
31772,49.61282115367115
72563,30.083310937500595
73204,23.284662548972655
9532,68.15201548480049
37213,47.27952733338002
79040,31.240637682685573
90081,59.44234515004775
49617,36.97510120593692
57170,34.82630299853917
14734,69.4761889183046
53470,68.84216847247596
30808,43.44987127856038
13520,31.5813512492109
9773,25.403079559018305
18951,58.39346555801711
42427,58.041900203149915
64538,65.33017475357353
86985,29.306274779674805
56849,33.860353615219175
56241,65.5891150972077
58116,38.580660139486916
2643,69.82368972985833
97417,69.32918257472464
31221,40.63080629984022
34546,39.14763264383294
92216,48.323621430606245
91847,49.967987419503345
44028,53.806318387639585
55449,65.12223822152083
89400,47.52624169762231
62742,27.372530700901816
12979,61.07659513421122
91869,37.684911359260134
40779,43.04867956725677
87878,50.69150426870368
66711,62.32854572921939
18082,49.857473923172705
84846,38.64878355774596
54054,58.23534220251159
40291,50.05867926695246
13206,37.91012744031773
25631,65.30399686264282
66251,61.4891056459566
4565,57.72575297069224
17675,28.6954428415851
7016,71.24384322906191
4230,69.87472409776136
60109,56.27963547732965
61965,64.73050080763764
49938,69.92472409776137
28237,57.842897344577985
65512,50.34941161785737
42478,35.07700552068698
72730,66.85815601817235
55678,69.68098918623053
64866,58.30021851436242
24865,20.05345046469153
65884,51.40913364009492
68079,59.42382543671021
2379,50.44808115082349
82832,57.1078572682539
27888,57.90715884614319
91853,56.015939557750144
28975,66.11965455276854
14859,65.92114084855318
20778,75.03458511221345
68559,66.06315550475446
34988,67.41793162149564
69681,53.43750463147693
76544,29.59426855874451
26044,59.875457498972175
33991,54.86969154720947
70624,33.44117866029524
15580,50.78516098197393
69997,67.86860915455088
42717,36.000749945016466
94929,73.30756118976576
53481,57.61019433254691
91828,37.470078118439226
9357,62.764328428749465
78524,50.29703009861676
99189,33.54490586951467
84320,70.11724069297549
18111,66.13782449364773
43674,24.998567201438682
37622,36.436376310995534
27065,57.6363023380486
93845,42.79302135630928
4048,69.95106210961369
82801,59.55727560882753
30590,34.2800228926869
44887,60.65893366944771
71931,51.10031807408194
85511,68.18630526599186
71120,49.12046617487701
80187,46.532602908054734
28072,30.97827156638956
57893,62.03906405841759
27327,41.53318732085187
45672,67.73987114630259
25757,25.982681139015458
43990,59.756851628598525
31907,59.735979902250804
7524,63.97488873844589
65946,45.41253368780171
10337,28.747100922759813
68029,62.96432761094107
89781,70.12859074216038
44909,60.87573254201061
49930,69.53710586989804
25268,61.82538093218087
65964,40.37098398241792
66862,43.37184659079546
59602,46.6017563129697
3180,39.97615443711538
97863,27.27720510220825
52785,68.41494391990626
52648,41.884701771644224
53429,54.25352747516452
66041,57.00006862069117
87496,38.875074941434725
90596,80.89597598260133
48667,68.05912623327026
83985,67.88123410543389
61768,14.297921049698434
59200,51.502511960824386
28783,68.60210006928217
47183,59.190081528282946
23449,48.10476358127572
76957,52.96932284130681
61016,59.6153389982477
11661,48.92822119208681
88552,62.287698576024304
80106,65.11999809813318
32305,62.038133333506075
67397,64.68415135649806
97379,55.102322395106
70107,37.66896259582589
81852,69.82420490734499
35013,63.96507762146297
90617,40.46245582830068
92344,50.98813614368084
4284,69.30492809023153
1735,31.880836217236716
73836,65.06410885133846
49970,50.110873531864236
50033,18.649691743681913
83566,62.391236848474755
18197,51.25850682064763
72073,68.1816527760962
18798,55.14204179774478
61512,69.86536340710856
13033,61.41215709683303
21991,41.62998078202956
13431,46.272121119772486
89756,51.20903661981979
89853,55.46843403247176
39990,63.43057498691775
72938,30.239939619317386
91855,58.599788669618235
19482,58.04799017149663
55252,71.69068041835285
11267,35.772644629257854
93636,62.011985240489494
40115,39.241185970064706
57582,46.342212450506665
23215,50.46130218928153
98849,69.09071869316854
40400,70.72710625134502
76213,30.593180903107417
19065,63.236984327229166
25379,54.480610681717124
41648,48.66798098053212
2705,31.915113148090075
68841,42.17186769555608
57312,68.46237173776913
1527,42.78882920173189
81179,62.817276125538584
52651,50.60541775717595
37471,60.3597316074469
41913,32.2298107518355
57018,33.76010572758699
16575,51.432479110237885
58845,63.8647071967161
93679,48.12976946304135
94615,68.60210006928217
99494,56.73421560801821
87520,37.3852944358586
61108,71.87831248605349
82658,57.33332444399635
47142,58.619075572072845
5354,51.134208585631825
76261,57.453702592683904
22197,58.26696571050173
96590,55.813710116694836
80312,67.89830233486039
30921,58.81372713737541
3498,33.26513212861048
43151,54.870219852529175
53084,66.36826185274516
67650,50.09569471552098
92788,44.17107192747243
35230,60.832761049393596
74290,50.82473789249052
21191,28.882021161315382
68358,58.857430028011514
80058,69.69426254370313
24121,40.120234610263
37508,69.09071869316854
5103,64.65465688042171
24765,33.75231356028958
9526,70.34555388185774
14990,49.495960445701385
89512,41.184734104919315
18279,65.27765421084116
19152,57.003490031114225
559,38.0710725424436
92603,50.864697790746405
86670,38.21985074453298
47231,64.14102534402778
73775,66.13318065367321
3965,64.9847516648485
49500,57.778106841861664
27138,25.99962446215694
101685,70.57975206014558
25116,68.23601090847939
11483,44.943458330026615
26201,40.860463087146236
5534,68.12014419857518
35768,56.45755887185659
100976,43.843100336325605
55267,21.42854615943118
56678,42.38035536878037
27878,43.71383274567893
81090,51.61362333487686
67861,58.63645846836428
34802,35.663141504969296
14981,62.471918274690054
20107,49.23130114204606
100399,39.261748312889665
40821,100.0
75067,35.39158090667704
55950,18.7856723623889
36103,32.08606653938984
85906,73.63540869873323
39192,29.575846791929624
51430,40.23439469143284
99870,51.186830449915405
43538,34.09316975380726
59506,59.70535915896075
57339,32.46114934261575
26813,44.62922910238266
78943,43.63769935292284
24653,69.85396204052815
83323,69.3989457104407
86311,39.202583438619946
73757,69.59094448086165
26007,38.14653380468352
38027,69.06281916110889
49871,69.16629932430206
86257,55.519119743349805
72052,68.89464587343394
43286,70.18775374971325
101092,52.639329876506956
34036,75.56135913668606
97345,35.12010552572571
54613,34.74305664681321
53989,56.48738093486726
79936,65.53438233236236
70468,58.041218920292614
43554,60.800218062595974
23589,50.818389225224756
32156,36.30633169041592
44554,38.90938851684629
13795,58.87901645542378
79677,56.71435120002362
23846,46.136953062523354
91121,30.687794321882716
9352,59.32391727008785
73461,69.6831200571492
53438,71.19412166732376
53166,57.66978589869362
11706,56.72168514710304
81277,62.83929294734551
22772,37.53410584809825
9166,53.185295823398945
277,32.36935457658677
17195,28.843292374843635
74100,38.58709515049637
16781,50.06304111783848
18160,58.83295094051743
77315,67.33102560630773
75266,47.525425944551415
100318,69.7588935594713
98316,64.6333196537726
27689,70.4489939526018
48679,41.25136190070307
45819,91.45512836595395
20275,57.87772041077701
46886,41.43513458902176
102189,34.167335432525725
51576,53.73927868484839
9917,51.67578625228314
86433,51.81444915426062
79096,67.55265406560389
96617,69.51008789501704
66775,59.35473407430819
53308,55.22706791252085
84162,53.56724728901197
92048,36.1868138670919
49062,62.86882929113776
13336,98.0
90980,58.65053527754644
1390,67.82506290253697
16326,41.18739624523132
31435,64.22615782738613
55197,69.43661249457782
70996,22.99373505722036
96382,60.308291273732074
70140,33.90220397144256
49120,54.16581180882878
50950,76.80811022433008
20680,41.68919170621761
8837,54.11180486800694
24420,54.57855977316249
3956,71.5387545616837
49021,56.980554103502065
48238,69.97527464892397
90803,61.68380037431485
102493,60.63366355408718
55472,46.901359703497995
68130,56.49841854644475
38353,33.875896134999486
36279,49.947447540107085
30660,59.573064711795006
53491,51.82933037000577
83899,58.37128812960509
18784,36.716929976869416
74699,68.50995495255647
25822,61.428493615213384
74452,69.75256162094075
84918,61.595712691387064
8995,35.68618672345738
4783,56.94866438459166
76097,53.03875428493891
87157,52.44552406453941
35219,30.14359413222526
64496,50.04763272005855
58940,52.064869769825336
102401,31.821050954052538
44145,37.883535922875645
101108,50.69190882868133
67992,40.76460035673536
71269,64.5978241297808
36317,46.01938314302889
93357,45.711145058247354
47846,68.4946680520716
101961,66.4220130389951
41890,69.52422892038284
52784,61.20890125709089
16297,33.78459029427859
87542,60.3056006940655
99075,50.073918031516335
30693,51.27910386885443
70105,65.23495521833165
65282,25.14059885874659
92827,56.10662065529431
5408,39.311403954748776
42361,62.139390600805456
52476,41.726905073525174
70009,35.64212967499695
16696,44.10111414559638
70961,66.4022237660468
71255,64.27184049789818
56619,61.376362431058105
41863,61.329685586399385
34726,68.83341444551198
26426,57.79023990835575
23475,70.54942883720594
64815,47.400827621177285
81924,64.18455751300084
45868,68.91894649597768
53869,70.14929956792066
82705,33.12036309108125
36999,28.979525027511453
39301,61.17764411368262
36009,19.45314207063358
74262,75.53362112865926
58230,61.029836903295426
20410,49.361280953750814
91910,41.09136023958954
59582,37.01163615753969
28520,13.325659092915112
69325,40.218489318367205
94605,42.9589500453871
81617,44.412362980487345
27204,55.33583422761191
16090,62.560210894229414
70709,52.02028210251673
44740,29.603207433006805
2338,56.875250120294005
25176,55.79165577171163
15556,68.04779792176407
2721,49.89960881329966
101739,69.82368972985833
1135,68.46623355428481
78636,47.85997591323618
74795,55.33615865214447
52040,70.03917684051589
27821,36.67830333110264
93985,26.532422842860807
55740,45.22293707934833
82382,46.37935983520632
66316,53.52270745919776
10295,70.48680810477826
71182,81.08378277642478
79549,34.472893708433986
85143,56.32778908925542
60919,62.01385361350906
84596,31.482309794521452
74782,38.71848291688675
54452,33.14175138721757
100069,69.59094448086165
83753,41.73845371889754
73255,56.748977439931544
3063,60.215646959752675
53037,67.58648343005272
38909,54.81227488570653
20004,42.2823179422834
62771,67.08480545321046
11234,58.87496375781341
62556,35.20802593839256
53732,43.45269846786418
88760,66.10134879515913
89725,69.01168795806018
91255,48.87266716863866
62237,67.79057728044404
77758,53.74568035587919
46763,71.03243009112083
22904,70.38468491174719
64129,66.8557302808077
68170,69.9582008574668
89900,35.64431777796667
70256,71.08539448918411
57013,64.96578599683362
82206,64.56615169421445
33651,60.50939659680871
84132,66.54620403351751
42669,74.84239056488687
44047,57.68882314203776
45560,57.288240763590345
27579,42.92371160601894
49093,68.00571737896429
98426,53.66874667984976
94566,33.25715911459779
26151,31.882611758734438
31915,46.26650978048243
79720,39.47471868468795
51440,47.13601714398024
22803,61.785500966131465
73826,62.076064216171375
25754,30.40508030521663
97910,31.769169270763943
64451,48.866105078632344
65383,68.02135998987852
1208,49.244450855263885
45517,69.97475839276296
32896,24.738240813514707
41977,43.398310334988
102624,57.97100497377193
17252,68.19230887064106
24576,29.573613370124548
83129,61.86592982005011
18446,45.28652132589919
63663,54.28487366480526
80909,68.03879473810345
46233,21.257101897444727
75094,48.16978236679215
57754,50.91927106021614
17150,51.987442653460036
2488,75.73199649397094
18472,39.28172017492494
77875,32.650158979983274
47245,39.22506830338479
75519,33.92969908359302
71188,80.67568084987795
67049,59.80204445021911
67372,68.45882275578488
66293,44.609802628541445
73095,53.305700985443565
74739,37.28468648782135
91856,51.81283016170356
98115,42.52890930862999
49224,42.62667193850397
94028,63.290318977669685
40125,37.55702818045241
14414,70.69459043156655
63600,44.36351055999495
87770,60.37945320928547
89507,66.30287638286968
94114,44.43127001328315
61745,37.31233857422445
4311,35.78382080684169
98801,11.375102976149444
42415,38.01009378277486
27333,62.08468814600174
9982,34.90003032125937
29632,65.48406301283208
71244,48.932449349300626
43660,37.13184214345657
28545,71.69966470551459
55866,24.20489647168567
23399,32.71169074720585
93114,47.13933086932173
58865,50.68812685594714
18940,51.04657103491144
23849,35.50414095918857
73935,25.207157345146175
43480,63.26859392083058
72658,34.44122008158335
85919,46.77597622026634
35926,58.35289384231198
66472,36.82911238945264
18177,60.249758553580314
93976,65.09057740126288
46994,37.03618008678384
94408,37.02788254570928
96552,25.779413366930353
45404,70.92799071494281
46847,40.587188512325746
29454,41.678730829249595
65458,54.53258790404942
93025,64.80593307557588
17154,64.72899460429463
17812,62.96719907181306
34587,43.56506882915194
81014,36.49526675293673
93284,24.769638600591176
90789,63.99265533168764
20355,42.13266905913259
66795,62.945498968923665
82247,36.247994599180366
81321,62.83383827966128
87055,66.45251478851088
58387,54.880094842705155
26605,58.34618953729858
100313,68.57071640024608
71200,19.406086248166982
41914,52.71350392179174
15748,30.99094488415114
32684,73.1547955300453
67018,59.08627337448778
39060,53.86711528867836
91461,36.019523424347256
66725,66.44251478851088
83740,59.63680595714783
5548,70.87711918963859
33273,29.256597442317943
46076,65.63916670652479
93341,23.04421200487951
73145,49.58365454170553
4157,30.29903069887747
42939,33.78812018651218
31081,34.289855247200855
41194,58.96344330144098
78908,58.163007864248065
92929,71.47546903724945
11095,60.43625514685494
18040,21.486724788185793
74872,67.76874868872119
101476,65.89354736503917
8030,56.899488836766416
49892,28.567753264680736
96806,48.63897903160667
46373,55.49653627856257
1470,56.03395110565631
69342,61.40692578400419
45647,58.37069382476569
46091,68.02374035505625
66647,50.24689175819897
35320,52.52313916255071
18897,25.862703193103517
5037,72.22840526452222
95926,38.96604354382045
22994,53.20027962959439
24418,73.3488949512768
49275,55.8156848582577
2761,57.0507963610978
102111,58.468660121171666
71012,57.375418702973036
26333,40.103492871264564
12636,43.906495661223836
1033,60.1521362293706
39354,57.46972378685714
35105,56.88867847909706
26941,38.456644868686304
19406,26.488463767568657
100706,45.399509373365106
5654,71.05123659817625
78564,49.71363429797108
8204,69.52901180512512
14953,39.650676664155064
10745,19.298993664042566
42455,54.066933462125895
3502,59.99849168744271
8919,54.967755885235086
71111,68.79014172581867
54148,42.066324667719265
42778,84.0
92928,78.42734660881911
83631,40.603108591726915
48835,36.46051519540542
2345,57.08421393469925
65435,59.111609124326606
101224,53.706225350925685
1808,62.96977155598834
19703,41.547249413535354
60924,64.79671808138123
31166,53.85369163541305
58974,15.0042592510754
67377,54.587541183325385
6843,66.92580926976638
49675,70.99727704352102
32810,50.88409923957557
98233,66.22467919915071
66823,44.34687396176648
58434,61.254656181447615
87384,66.43458882839222
29258,42.17617706503597
45243,50.58789028975068
101005,42.875235607760516
77799,67.18421645651047
37281,47.142773890357766
52428,41.618280556778174
28628,37.49776489509836
83658,47.19272373039921
96254,46.85876809413101
61631,53.98977033763417
14893,66.75831101199805
28862,71.20922454069148
39230,67.23784353515636
90711,50.5339158866231
102290,47.427473369124925
49046,59.89060520852131
28327,69.0693610737709
5003,62.31326551762693
21821,57.14628579449488
58299,34.48834893187426
60103,69.76313407218476
93461,54.674491481601024
15335,80.77108333333335
51729,64.61875752722354
31223,57.993815024607564
31224,25.64043092887854
2170,66.5582693855899
58045,35.642379123419076
58200,43.37382922999996
10984,61.185069504299236
48146,39.840135050529604
54798,42.712804516790456
29205,58.8992907106249
34932,42.34186618734066
98694,40.40700996917356
52160,68.12110694184176
64694,66.64398171764884
66346,67.2633049597945
20168,64.49683540501589
94267,61.30278380657741
97308,69.10178885952415
36582,57.636032451223926
76694,68.11687254881173
80619,46.016499294010444
50916,26.716654711354273
53128,66.86699378802894
94414,43.24471256734888
64905,51.9412445438291
48627,61.14777483332956
96996,38.32169244841477
65849,59.130986196510364
87682,55.6898298308952
17034,67.32831784293573
66128,72.15668161050712
59199,56.42309864096576
98573,60.60383255568376
57195,38.58218919699327
35984,60.66362635833006
101267,35.06787459325478
15829,34.8231585501461
37368,45.63653851327546
76206,51.015391800264716
73366,18.112562404923406
89659,68.73542090732826
75945,26.719473620282706
99079,35.91817313292962
44452,50.216518184154964
41984,64.33567030176766
96037,61.31080093269098
7948,65.16883796525595
68689,57.03423975198412
43155,30.199850272826453
8677,47.42413043282577
82042,42.38214631975659
38021,52.74715256269957
41699,68.92096242473026
84125,47.936358526814026
55388,38.470517303559205
23921,54.16688841823934
83533,55.39480828867509
20853,28.529812619119156
70345,24.5898186480418
97797,24.897235552530013
18763,63.44294302811971
5268,57.45002873987797
63857,62.866123789641826
88611,66.67258516924122
6230,45.46291982989143
35963,46.69128045971647
43430,43.17427425344214
19501,66.96818941950322
6534,42.79475641824291
69641,56.318958360780115
6448,56.19963682228459
17240,48.83863501342415
67654,45.32102945532551
97098,68.54032029245396
24985,69.029746340044
79456,34.34395124825824
102644,72.75179630613793
63756,50.25525845418043
73514,49.09745864008012
82641,47.3595824597712
78290,56.68919009834971
89098,56.72088141153718
33419,64.38308350408512
89809,59.641497744088035
70072,45.49601506867458
99120,50.800094262905574
82689,67.92173073108353
52607,57.412209061700715
19418,57.686821883507726
12915,21.498650177551077
18418,35.49670843792882
49142,75.39104523496984
94393,56.478514705816345
18138,45.23780746436857
93818,59.379489612558885
78585,62.72032515542284
98286,50.0362032316717
71864,69.41411773421311
48575,69.75256162094075
48103,48.510590308696294
98878,43.311895826665804
73133,44.14362005168684
40107,50.051878375959994
95160,69.52422892038284
53350,63.499732482649875
52170,36.67207411572544
55173,66.70634019098874
28656,68.75732386110357
77699,25.8841676880412
37750,64.44240057762829
87774,45.31762638364148
25267,25.714660007865877
71508,34.47908200806336
96329,60.7354959572509
11799,61.292324376922515
41981,71.07853185051562
66134,50.44526299779498
10615,38.59557874477037
39367,60.87995341621948
652,59.63675127539546
48531,54.86183436136875
59116,65.1298380239563
7176,33.350605720317965
97368,65.2665733508499
15933,33.78933414073362
66635,69.37715486821418
27171,45.15286912949724
90752,37.656547182192554
24991,51.14443604907051
21161,34.022211018847834
67365,65.79942570044093
17888,68.85256928941311
9645,58.13776030973499
1153,62.02036488993477
62232,65.26918474745911
91878,54.76043134356581
101381,40.35020034320902
4862,68.90824469163017
68101,53.09072203038978
42267,69.92472409776137
61254,71.25016893988581
70690,35.278454902037595
9881,15.998745515102438
42343,46.96245686347888
100891,24.680629483509332
11145,28.756401623297574
79213,60.415708950065984
83200,54.363518157053456
24431,46.37500488991021
5676,41.05096001793605
62940,43.97137273107443
54035,63.869437244901356
39423,63.832825316760974
26571,56.97684292985953
96670,33.9548797506848
99081,63.49426458756298
29559,35.58989540698015
81259,65.75537242069011
96720,62.63670717984182
54434,45.965629039932026
26900,59.0616579993427
5702,64.03297558869279
2698,55.1911295248146
50864,22.869355245225506
87795,70.82683958467835
51130,40.96283698886049
24419,31.75194183263125
25705,57.6153026575022
10412,58.48663656655756
5499,59.70284679850708
32620,72.02450793650793
16729,69.84442735784128
28406,45.721533601362616
95637,32.91557825116108
76184,42.227430240759816
40593,66.49926027632814
22319,35.85739324863565
63456,47.75504731536339
94931,66.57588145287235
96682,65.29691529886932
102272,49.79897419140594
44379,28.40008440785246
30421,54.50699829813373
52575,68.88237568623873
29879,50.268205322405
5396,37.85829272552582
89640,57.52635870702379
37591,64.72759770628082
40349,69.59094448086165
101232,42.79573489641686
99126,67.55763304280009
2136,65.09406339022559
96614,67.77320936012647
17645,32.2617847243205
73138,68.21881096794057
72826,52.00107893156629
79668,31.854661846653656
46033,57.50914905132706
42158,35.473783386628185
56119,60.034222979135954
10232,44.542646116958586
49742,67.99617108116462
90284,32.272051944679674
43644,54.0824012556998
75664,69.59147670554829
87606,31.47434796092141
38929,55.76268114505474
79147,44.72231947165822
13297,57.11362236496016
93761,61.09896687310557
99202,68.35122276437075
59638,61.78617610276171
86911,35.725691465766744
96035,51.76202423021962
26831,23.90728871914489
31089,34.331473326393755
35304,58.771942915213266
68818,58.71145511719997
73048,68.0014857245849
77762,54.428595506027726
24868,67.05707054458448
62820,50.168758016362574
10987,59.444598675654646
95675,61.84945796658364
16033,57.35646265901401
78659,48.46905325806116
64693,52.19950288368546
51626,66.48696309215767
36615,69.2735143666028
33695,58.39577354539936
93389,70.07921361122679
18556,61.76394405896678
94016,30.723577266844654
1272,69.4761889183046
61992,62.25061596422017
7036,52.23491728175114
7494,25.936141105917567
94146,30.129235944785847
50566,57.3286072507163
45451,55.736603624795755
88099,43.48318981470701
43522,29.28708037847782
54473,59.746523227773814
93861,48.98069167699905
9810,65.98416921396694
24204,47.01581367388332
87840,45.23780746436857
86726,50.35787171877271
59453,69.66790315544606
59350,57.78067544912271
34406,62.03221306497829
38126,68.41758736481428
42442,52.803900487158124
4340,55.17655016901604
33527,64.07134213634818
24539,67.77320936012647
85025,42.54411350739266
34945,68.13222454111153
2983,57.60212357679108
68685,56.051661009028074
84852,68.29039186422119
29685,57.241929710050954
3983,58.86507755964489
67680,44.1647995414678
86610,46.747858587935404
62416,68.29987019778225
57478,40.74606157811817
50724,57.287222437526964
101995,67.43493895919698
74172,57.68932768651056
12123,59.16627480804039
51209,33.94201015366969
101610,66.92630475916528
15044,64.50284557695451
61210,35.39783615499351
55584,25.11039145943214
56587,57.47644421761564
11493,52.87456743015612
83498,61.7204749258222
72743,38.213603498456315
44142,50.09723629125379
16485,31.653064696620717
88226,39.863125526164524
41262,36.261085877490935
39461,59.29539487209416
38795,65.96043460623025
55630,28.10521509958905
3032,57.862575060271546
79429,30.388590741156563
51773,73.23489785444701
80543,69.5611640344145
21875,63.8261566799115
76466,19.35821200466266
62283,38.833285144750185
93467,51.023053378177586
42682,60.635122920541214
55878,61.985271602335295
25649,69.54831164674121
78765,16.00036692391106
62364,37.62556732044063
17816,57.88832741299305
98334,35.5041603937014
58816,41.52125227913144
39724,69.18307379674965
95616,64.98032215662573
5047,67.92814812772284
53479,60.49308712409157
84107,58.360762298130894
30096,34.30529579511099
91629,55.05233316599167
55723,57.07705534896215
22032,63.515097080731984
49577,47.78870907600893
58728,65.9324906642187
66256,52.940733842705384
81627,19.47425117247746
9402,45.88702939704425
81841,49.84136372595377
87800,82.18639689435666
49049,45.914410720263376
49083,70.62789244116378
88974,56.329484160963354
54396,41.99648213158802
29264,48.311488319754766
93954,57.69315616649714
98077,70.60866570845552
17963,31.233529546353434
48909,47.75102969095515
48197,29.276997399543017
38647,70.03769691897938
97669,50.545925164960146
71861,67.57864107384533
81384,47.092582627887715
102565,60.211259649638116
28014,43.072245085670886
82656,47.42270685206738
6846,45.69215640900463
56280,55.70080437020521
1075,45.55785820720318
82619,65.93398590290614
17423,52.88422030640406
9333,45.32085739334641
61936,58.28848850349159
43635,38.64366833764087
26742,70.05251413912744
28240,38.123056588559386
96280,31.535481239336814
10130,69.4731430768609
44435,31.335789873939785
85562,47.2882574810198
35256,63.88764834097137
47112,54.72947636791775
37347,29.321799596317195
65944,59.49302759656764
58056,43.25065769394536
46433,64.3230061104775
31074,67.4566778633135
43420,63.9142595635632
45895,37.86516660595175
82663,50.152724708432444
68106,68.39548592307266
59304,57.34024807301477
80838,44.85307191626654
86879,45.654971451452184
3219,37.340262251853076
337,53.76936499993494
93952,65.20458549659654
1693,63.36137425095799
16595,67.59896089217129
37303,46.14951799257674
18241,72.67179297252288
93762,51.64664871920705
32565,74.11135538643809
19654,25.36502976751777
78073,30.597191609977315
20516,56.63938122235474
65822,29.991437156549136
8617,44.01591174509858
5854,25.398287382670443
89033,29.124446415327625
22696,41.08944057365014
99950,40.468477220354174
95533,54.89719984580772
97700,34.74509323901624
69487,66.40862588925937
76862,88.34870055240286
25120,69.66300943438365
36762,49.96634808106708
22033,45.821607739917184
74213,46.33115024304938
30169,40.13476139800445
21290,37.76644962677901
79353,56.73858967397658
17352,66.54106506769051
89858,61.56046863221256
84210,57.43509921408251
67198,61.93019009534278
68336,59.75067647416249
51556,69.07496967368529
93686,30.25329967617327
44054,48.953140883883705
1868,62.58356983717859
76921,62.54892733011298
31535,30.336991598589844
66790,65.00682908333242
39000,63.943281131665536
35916,65.4503442438023
50302,63.62025026799868
21024,63.65120217870859
94739,13.101312480524388
101238,71.52255787402481
90929,69.08577068051909
30195,59.31370816791887
63742,49.827500673254406
32056,68.85256928941311
7863,69.62964748022105
5473,51.910886441686635
14288,78.0722177850344
82279,61.26252376761765
76491,54.7120650174917
36828,33.656649007661954
20758,32.20211228342457
100077,44.730447671676764
11135,49.74540605483314
20347,34.638856253778464
24301,59.49818662292203
74400,70.08668632572281
12486,62.19726974138111
101268,24.654234910917808
68609,56.8537453498264
18068,45.37628086290604
98985,56.46049588867627
96233,67.23092385352739
58075,59.459019697505
18934,68.22720761689297
67754,67.92814812772284
12041,30.31005214774208
87830,67.49021929296501
36602,56.22149608548647
9235,61.94626930740252
23093,67.3093358192005
88484,56.63658015782582
81533,59.52368794177355
9345,42.60252618695515
88403,52.72538420813058
45994,34.1415465149414
77680,37.681619222099336
65200,58.22334379401237
102072,38.31081755679394
77449,19.343737525797366
94184,69.46682537074888
102433,69.38513298404224
21889,61.63938031442242
37607,73.6212285026856
28154,57.774087931224415
84933,64.99524276417553
13289,39.10633139963661
34211,45.7753635638196
27857,61.21880599236323
85612,53.67871409102413
74859,68.02331502368158
98035,69.3313991621197
19351,56.38068477607235
73806,64.8039030113555
76455,62.988241279805905
87225,64.08559819158464
8496,58.45450756312688
16403,46.31141880536085
928,52.289879845106135
23571,29.38327118268235
57737,64.55487426736184
63692,42.2718210606649
69593,40.029975149952094
59670,29.91041649291992
43477,53.11273735582916
102179,64.63313709285084
44275,60.677058220833445
89566,100.0
49206,68.36246807629895
33836,54.76582962375093
14529,45.7703851990766
78052,53.76242587500694
34829,56.725949762840244
64240,67.85937274631733
35479,59.7889883887185
1565,65.28568266539914
22418,37.833591044206784
17326,60.43116599863531
16035,33.07075384503106
44423,54.567536702704665
73991,59.837156465194376
16973,68.7139870412608
86326,72.14932448508085
9045,65.93069717719328
71795,46.84456859300826
60268,56.09528230935902
45236,34.607567615075
80087,69.87505687681693
94687,46.93930860344001
10540,67.45808870245106
72256,69.47807523992878
81825,62.026299189497486
86490,59.17959914849334
1740,69.16326600341844
29341,64.97994768036628
2172,32.157005860379655
53428,29.36950643895589
70458,46.93908527662243
18464,49.12470286445469
46851,60.7507278974791
54398,63.428142493684646
40660,36.818668604168
91179,64.04043504604422
75499,59.83703139691297
22671,57.59116025147396
25028,72.35645228999815
15992,54.99943800389658
9201,19.93944002911643
24341,39.40139035431076
42781,69.7588935594713
87866,27.25293219685691
15475,54.908223179614815
48832,9.050573703818491
10765,38.89825703736607
85067,53.107540479331234
82048,53.91720077783018
68830,62.75215658041186
70409,38.14873452729519
98673,59.44662778791787
9480,39.663778403164486
34328,39.575000217396465
77804,18.000323458324598
3202,62.100688540262254
25905,61.961202269425215
79253,68.94032165167162
25877,38.38668558482858
7451,54.11585270145525
27381,33.71778072998332
89997,42.403366158448826
34052,69.57040009312185
37070,33.03293205633912
91542,50.36786429868629
56624,44.282517417420415
13787,66.45483701073312
4537,54.86538623572557
37641,64.68941463851189
50375,56.70719533580937
101303,26.302980576325552
59027,62.371455707098995
17836,36.31903943483357
73045,46.79503368042161
43564,69.59094448086165
75139,62.832731395653255
51269,52.6456354820533
97316,38.34521788110472
18991,46.24973602055173
1573,37.751101101438955
15385,58.96492882800238
68792,67.92482547464951
90440,66.30916392984312
73481,69.85240231990232
76207,29.012788707665706
79,68.41438791203059
3630,68.56258371840195
87005,58.03992381479004
86382,79.4125366989406
59032,40.59543123664497
84729,46.66320013910637
8411,28.330362649042105
20648,69.44627242419915
78829,73.3488949512768
61507,58.877085311370635
17785,66.74760257891063
46457,45.437778240076106
61490,69.1437231317138
98488,51.63607213226615
72430,70.98918242650154
22626,34.29607188864204
99181,69.33684020710444
13407,68.52000997961255
60702,62.92021501333115
96055,59.60597947811421
61404,46.3916905104341
101152,55.79165577171163
29317,61.96159346602549
4347,63.792913481950436
42260,55.902101763588554
79726,60.15293758175053
56759,55.68262244847846
77062,51.04006939565134
22728,63.46036207052888
66217,42.612349045926294
13773,62.737949394935185
22932,50.44461929854678
69771,42.7314503103561
45525,55.198359331758084
41536,65.90121519730522
33481,49.135244326320866
58623,68.56213094729738
81807,37.55480066052171
15500,38.54204179690272
78582,26.74114546564126
47706,30.629479602229395
85706,41.66050348945426
42541,48.668037257678506
1446,61.521987331483324
60093,82.22997869771378
37762,69.55129478395247
3171,56.35886393568925
18959,56.653984986989784
22750,43.25040119568558
11167,48.32815746548518
100772,67.63807801185047
4168,73.40674916510358
58206,56.80285308192378
68886,60.716862797594146
13305,67.81761635752358
55674,34.708273801391314
65414,69.78495924042666
50364,45.18894710599878
74072,55.78470467160173
84311,35.952160168519164
49381,57.61402664721174
18133,55.880342133821024
5464,65.46074485134353
52265,35.05685880733069
71567,43.28584656252015
81705,53.18056894976908
73779,51.648689517448126
64105,33.982157779408496
107,63.645643127040515
56033,50.65062647937891
80153,52.14446412589697
92412,36.44767187370498
96904,54.827065977392614
33320,28.967738878039935
620,42.29776087374907
61338,47.0235280188576
77300,57.56352680658765
27721,61.966288305380424
83678,37.251242214189226
26075,47.090895771926405
59411,61.489269398055086
101028,69.37715486821418
32352,38.95063124499907
81704,60.33540834456915
31314,61.73101697222307
48514,36.77077484641793
68897,63.18521335884924
35036,44.44863509752922
35943,63.494104103786874
17351,59.442865539323805
90060,60.04437232680724
1048,63.79574527073494
16140,66.34434766503414
45238,29.532204980363705
58291,65.52044363491241
67354,46.165396488411155
17147,32.02745236305885
30472,31.56792474026815
75331,52.62840210527532
38094,45.57593126230265
82975,37.68959575255593
21225,55.50139812221704
87038,47.35301499555174
11377,34.82988130383838
26516,32.87429557035902
62532,60.63430805488095
49941,27.354391436632838
40531,53.15619660461025
81058,47.08086667716221
57592,49.24920232221295
59455,58.2597754082589
48357,64.21933302744414
4621,59.9017676470745
102235,58.11488257257968
46103,52.7124576975564
3192,43.926894874188434
58894,53.004592116775655
87815,23.571147222775824
630,26.33877700164335
13447,43.76471908024053
7408,68.31691516926624
41377,43.65974578298641
100270,57.917261367684695
62950,29.41839837237601
76020,64.25751461679931
31962,43.310580564928806
99904,43.212421043585294
40902,96.74166666666666
24218,35.11577933935318
77907,57.46462904378394
25048,40.84803911457023
20018,73.14494918529108
66385,69.57677339354474
56477,54.339880014128056
63640,40.59630973521542
66934,66.20411717055889
49586,70.09176846062479
58628,40.25157644014444
101892,57.48011784682698
4138,46.97447468940505
41543,61.93313140096948
13997,59.00379526355239
46116,45.52613035867625
55702,38.29535004882109
9202,47.3708431989977
64473,58.59076492573224
8000,48.256744147475885
8736,69.59094448086165
49322,62.471028229420284
91884,71.42798533091447
61539,68.38793237522601
13934,57.508796105096984
63532,33.29062284376952
22529,57.32628810105298
22726,25.438246237802137
91099,26.287565252309104
96855,45.45786102434905
101285,40.53298257746298
79516,31.34727751740823
64338,49.886967325604374
26573,58.70676930206248
17697,35.1405579627982
95216,42.02940882840732
55136,53.39143022757764
83385,34.69844109103978
32179,33.76536904563346
41293,52.498363543053145
56662,61.361711763348104
17776,40.93406362021776
51551,52.46162873367822
68368,40.47406492456778
61771,67.8806983407859
60212,57.0934544203116
37096,66.69931738336005
63828,52.946164509615066
80094,60.550694461578686
49633,49.83297221635823
64239,62.08856516986047
24945,34.98267265419979
119,59.454833134768634
51512,68.89464587343394
14965,58.781883101135364
1816,52.356247739939775
52493,72.78521680460268
82178,10.999240973868543
92546,19.764390082108402
76555,53.73202175631901
74326,69.71072544497933
54360,69.70925986210588
57695,45.08836293660407
61267,60.187968287810236
52425,65.3918797200136
67966,51.91374880325466
96027,39.0366314960441
43481,69.59094448086165
17236,70.03769691897938
97916,68.90824469163017
101944,60.831628535848296
42248,60.42334343926444
62843,70.837189360979
22250,33.95384357121641
102666,58.94367337915946
7242,39.008937868547
86922,45.28367708132869
49015,69.7441351187152
62805,27.972262329533336
85216,64.12897638259412
30488,41.414839211760516
18065,65.30813532766895
36911,60.44425100945013
51305,52.16853033806264
8506,35.59837527474715
93914,44.46094729505564
94243,57.418725143607034
19942,54.139953137174935
42862,61.14719529480777
63613,61.90173597720464
84148,41.98652527760552
26032,65.44206774404482
25959,19.72927152857574
42010,26.53943070737087
38593,66.5810917528747
65301,67.39419876141179
64970,61.95076409385118
55045,60.88651466341529
5438,66.95900576588375
101310,44.542304641869435
88959,64.4317180412061
24202,47.70212558388449
57036,67.28312875773828
54335,60.669767725673694
92458,59.15071005963932
40993,70.50779839582279
31025,53.589720946256875
21009,48.6529296834419
12516,30.4443554931465
92101,40.2838374037719
80695,37.283510799182324
9370,23.536065496180623
10384,63.87837412371028
73753,34.162764997733206
8854,32.08704763396192
80890,65.40549723865789
22067,44.86094513194992
19093,67.90334766683188
3152,67.1581037040679
77025,48.383020994275775
94142,62.5638316969451
23532,69.55762569683313
39100,43.17878299574308
34878,72.61066073712482
30082,45.282620138104576
72515,56.34472341875334
84386,28.29772156630233
33785,29.435522568843826
31682,73.49580312785378
13909,52.5829239120705
18880,52.1727995445814
47502,27.579437307285815
22589,32.64839145130995
49061,64.02694664934562
62225,25.80024641805507
7420,60.89438378915038
44492,58.827993289209836
9845,47.70981067290766
41801,29.345866804248384
60540,43.999177696098116
4552,34.0746721296787
22601,65.2374129688723
32512,62.389745298263136
92270,41.26097819768127
29788,71.52065182239316
91278,42.050835235711844
25138,56.21560527246497
35642,43.665268774955756
92049,50.29880768810693
65018,66.49332463077408
28698,59.6195283952348
24188,33.42285063154903
46728,41.152264967739214
98741,54.459324986868104
11954,57.56297623626378
91451,58.041728290234374
2273,33.03034036285181
6327,56.452565530023215
56601,51.98203655506769
35073,48.193139345091815
81363,52.159002219954175
31095,36.56870154167801
90917,27.80861500296141
22657,40.69186163627203
90083,65.1633645802726
39057,32.59461824023533
57782,61.78617610276171
80341,36.204920149384996
35130,52.222997792593425
94301,37.860633070930774
37939,53.72441042911023
12051,59.787735916275416
74391,56.726430949784984
11104,59.907317716307006
11856,38.00262445499517
73238,31.593881387190972
89859,40.674518348643375
16423,65.84720215124263
38032,31.887734150834813
25101,32.00689830805686
2589,40.84758823523294
51768,60.01371466681975
10354,35.52153728939804
34516,67.27353072754566
65149,63.9484049418063
101413,44.98904221770388
82513,49.99830404731742
48237,34.01386714495522
16829,70.38006357640137
34291,62.42332730475619
3121,53.154388568535026
49429,58.09075941195019
22187,69.28470509861363
90223,63.63287922496234
33230,40.69417377275295
84576,60.7752520225345
76996,44.195334814705
18616,57.60517696154199
51117,56.01231762465227
32382,68.7827584968752
48876,68.1299391045263
53490,22.073317854481644
50309,49.14008242828338
94809,62.55542193061437
80362,69.07955332175986
31844,31.20551167510889
6025,54.69385313713964
33817,64.27542537042818
36123,64.14254956004888
89312,61.3986601722237
45757,71.61091940176338
80056,64.47566088651354
48072,20.609234203183075
3056,30.329168584535772
12233,56.72997083943427
90006,56.73544462867611
51280,37.40420182908149
14160,43.00855770931007
33904,43.86779108095528
78650,53.631600533718256
33376,68.49884303715294
29253,69.37715486821418
65821,46.93958152390958
86222,70.28583892207378
31463,65.916492066005
17686,22.427859635799827
12075,64.72785096081705
7760,56.04338860989834
22580,69.54944004282679
35606,36.128629451929775
84752,66.14841014191768
10664,62.23531999386773
35188,60.470165854741346
10119,34.405913158709346
97328,65.17014909920886
79335,36.55048931246161
99390,48.443311249746486
67482,63.19342339888224
40639,62.38819295806191
82252,55.89295826702941
101342,65.5103669993417
22405,49.699833823629575
95651,39.11898892957663
79342,52.60021124729703
65785,30.524231088895345
43119,43.0053867074325
67885,38.01789248476407
96604,30.51953360056972
10142,57.431871957997664
37708,46.47952504342044
101932,48.9639649691953
74286,42.13097437814591
52543,41.97958239431837
50271,52.261676002364865
15888,36.50567488190694
66675,39.40513374173757
90062,52.04950638657362
47536,30.75789396349515
94487,44.5487952981086
48510,71.32614486503898
34172,55.277828779336005
36645,49.98662418491134
78349,49.851303592955446
81459,55.83846511007885
101577,34.60397134375942
18721,42.46200975741733
77926,62.196020050506704
95958,55.263008793722555
5988,36.92306576636579
33549,33.455976163617045
23213,48.004248004948195
76484,41.40448886339887
7901,66.5301531806676
32930,19.982264802767602
90169,68.99465198698059
79957,80.16609983227336
96048,70.01029220480133
24358,54.080331207438924
91048,67.13247411653587
6176,40.43131363395881
32251,53.239834866379454
27883,53.0979442032443
10656,73.3488949512768
72828,69.41055470726056
25486,58.34065636483474
62297,31.214682651083834
11370,66.84596855024216
70659,44.032104976764266
59995,54.73370767881628
27017,66.78405947197753
79444,58.33328129942259
76653,58.24172203312606
93103,68.16398176660634
30774,47.60736889589227
65780,64.16199021406277
6053,79.47016219779022
67717,57.33478884575831
68135,69.40036732426394
45101,53.219247000292654
100825,60.387800229814935
53829,45.612806583001166
100085,59.773506867543595
51814,69.97527464892397
71499,38.60254505647708
5946,25.37501936163852
43756,65.4834528522456
3350,39.20350655535739
7708,43.40299184544477
3396,45.70120155102968
9923,59.42012538205874
57316,63.12887569984242
26077,26.144718853310906
67290,61.191701753112824
36515,22.86179078876808
82608,60.56189498678546
82863,36.48186971910384
72688,70.26545498625163
36816,37.97229499210971
98640,55.36952593018425
90960,22.13996230394496
16117,68.44383692068219
96348,43.561405825123266
60325,55.882325109484576
73829,74.97094556690298
50786,60.915012808479815
76782,69.67215044941497
74555,67.92814812772284
68757,37.63708394442914
27837,45.58027380881903
36811,69.22087423880117
84684,70.91058953089446
65947,60.59400926020176
11728,58.05647250752503
24562,43.57332549036244
35532,69.19777989636582
17463,32.00879350626328
21233,64.8882102536555
38443,68.57045304345431
89672,16.58541589334599
75433,63.54617682355101
40479,64.00194153641816
71934,28.04784202995635
87706,68.64968455157822
64808,53.9856992670023
27256,77.91043702659384
79769,57.61016532494009
46526,66.32342803770908
72086,68.4946680520716
29318,46.135697573956264
8988,36.971610152274046
91758,80.98216666666667
53376,33.428198257157504
55896,40.926499631901805
15395,39.64192270670551
5007,69.82048196231781
33449,51.686894019916444
47011,64.85220707328695
58827,64.16247807357222
36040,67.39480125151877
63975,53.17538060870223
23664,45.908078206439505
42979,73.4967702892086
59472,64.14099973813494
54338,44.47125965968411
97154,52.33443064870953
74370,62.58113264273792
47039,65.21346366628768
98193,52.84502301262883
28438,53.33511808978826
25417,79.47234920634922
73276,18.852229730642918
10176,76.03680791030925
24658,39.85851064950698
9882,69.60738478774051
77845,67.42198595963167
79854,70.31483099310742
102409,59.61208906892314
15115,43.54594313836145
22252,39.71982482940487
80969,61.791453211932094
96960,67.22577840511289
101947,55.09627146655304
82080,39.55760880362032
83374,38.775843872109355
49590,49.06815304086876
64938,44.56125772251803
70848,60.9692826628225
80623,62.69794889623827
70900,38.663299883378116
70552,47.04873027453984
74117,53.06534398164812
101603,65.10575782722002
6893,34.99187044360107
75619,69.71072544497933
101210,42.024115539908486
94277,39.11061491504964
79195,65.95100645784284
57099,63.70148354218666
44461,56.5508130022646
83424,66.89841769840773
29904,42.859796300641364
32026,45.104694550936145
93714,29.37922661316353
74314,71.77605104859089
50750,32.81765621890672
50920,67.69202954701692
37861,65.25931092831314
54503,70.7142902259092
68783,33.05780768849906
17009,67.26183616742625
10849,52.131410962286026
67292,39.776558213656905
44859,53.674934196638844
20019,65.64351355453182
268,53.50000491438054
16234,68.97083773355693
67759,36.50490015356072
19740,58.97086772257386
59398,59.396503081351504
101126,55.9267177174745
48498,25.19593609850455
61978,61.44161629152208
77253,61.789328630381426
95635,61.70315393519485
19072,53.865165290851444
4676,36.1212488470734
72872,72.51175935779418
9879,52.761237039937825
14416,69.63047106375396
77653,52.52837021386536
74780,52.86116273046239
35571,41.76963454790091
8433,30.849016751818546
98311,48.87661786090014
74998,35.726512248477604
67428,20.79695027917895
95273,64.50430313471574
69674,50.24961056249852
41360,61.30141423900825
14178,43.48215513984302
20567,23.00734549768358
71051,59.78134037488153
84934,70.27189123111431
19412,65.49731496748672
102274,36.28870006786076
36546,40.54283619407773
80732,35.98755734698309
77838,29.513656646545716
86075,43.14130238952341
75976,20.029861834047168
81027,45.103732616908744
96799,66.78601235563495
94680,39.076484713553505
55067,65.42388143146651
15877,63.13692146318024
23870,67.13205103052559
50853,57.408199804145944
71174,49.93802303308014
77461,69.77730618634918
21362,38.968730874176686
67937,30.047235505919772
94491,40.81285906233105
58379,37.93851388119563
9564,51.127757522053024
44214,68.0623608068446
74491,58.247252632744534
88160,65.56088165090149
83679,64.3819918560178
4360,25.75330454193364
15562,75.64356156604184
28215,62.61131015628513
19154,61.546067676870095
5389,35.360170875099364
74627,78.63227468678394
58357,60.042740968673364
40317,33.95731615986604
40161,37.18972451748632
64553,40.99266376223236
4751,55.38819419900299
3279,55.88717681948002
29794,58.025184102673975
3668,49.452544105549315
20783,36.75466989058845
67099,50.399281657229594
78510,36.57540761501553
7761,29.658508160435016
22364,66.29787426550341
96310,69.2947721457416
66956,45.33818829774406
69147,54.56889537866807
18489,69.09772639475912
42607,57.27299927447855
33335,82.0
99166,70.00368449765743
102161,63.25532010164807
38913,33.66153276867806
62610,48.729529431312216
21895,48.74977811874845
70320,47.01244507440139
35269,63.0327026233764
13523,55.478724277026906
45600,67.91054614298145
43354,66.6894260896609
65559,68.71566380623256
44702,43.702686700178425
9789,59.60166064816777
57880,33.50031609332064
28143,63.45400191919898
31923,31.50876513612866
72625,49.962682438118506
62695,73.3488949512768
20497,33.08279049227371
59838,44.64339662120406
1223,66.21913239352521
29644,28.802043984455782
41983,70.68918681397412
76164,68.9882344989057
7463,15.938973277703527
65063,69.9241067882693
51865,36.20382399910994
34316,48.021910184801875
18189,57.868470875705235
21794,51.339108418232044
7846,59.104852238090395
78316,51.08651861146981
68698,59.38233406796856
3818,39.782674188188636
68388,34.55728718799807
64821,31.934383616164574
29531,48.73128481191232
28688,10.598709259996399
20039,57.533344848382036
24760,29.584414893985855
19584,62.66185302097338
66781,55.94553008347637
39804,59.53181859060092
1899,41.533374442472486
85495,48.69529250839225
91289,35.99744430222432
27318,58.53243397138479
98881,47.710836292077005
57994,41.204943403233976
60190,69.50563684968466
36940,31.00835248593663
17972,61.12366013332473
72275,9.912804143522429
48243,69.29998728106864
32377,50.89068405799159
32090,68.29014620614065
58600,82.6106599755439
36329,66.7244272426985
59143,64.74072311102273
68243,29.80576536774634
78652,31.28067234116148
2109,80.89597598260133
54978,74.91190589094141
57028,18.903081731975718
30461,45.269012532737385
16773,64.18530641482478
37834,62.109250301302
19812,29.231769270964477
20435,48.29886421001861
74423,55.877686426267104
17487,54.24973936159313
75850,66.64713015748073
81456,52.34492763479109
56273,51.215510246070664
89266,53.376237761602646
92811,31.021607384235953
26683,61.046890098774476
61097,42.96292986288293
24972,43.15036824369335
79258,45.208726584939676
33559,52.056001965391026
88313,69.47821946918559
99137,62.224516838294164
43369,33.03868262087444
67238,57.096202073712874
9764,37.63679395554313
42788,32.67624447024432
81625,43.870661338698284
95414,66.64034814595466
48051,19.466087458422745
40751,65.43882126674143
34360,34.700521726835824
79130,44.09901629729529
51782,71.92368291680404
84500,55.93155348128627
74559,62.03634076998161
93204,69.71072544497933
53952,44.043597251357184
49713,27.68000085076549
99451,37.24873921675887
68346,59.05891339430527
98448,33.86726633039691
80738,55.27016187817631
12349,76.13620607616377
30045,45.14404740379752
58988,69.92472409776137
85547,62.48477768034402
11775,68.22957524407312
72599,65.88914786002498
1975,27.250233574387575
17145,51.73761370223935
92450,55.25333002452011
11899,56.56451696778229
81622,63.395387400669634
57375,65.10707181711717
47872,65.91719611754945
36732,60.56307231490433
63965,38.07686951294841
100766,42.96898937137456
48100,60.11718607940774
15533,52.12689333743211
75872,69.57269563049013
20425,41.64874959780776
33523,57.75286005671365
70968,51.115098322243156
60631,48.986653594525706
15768,43.524588563862046
35682,71.56894347455659
60521,35.73155403888808
41556,34.11696035876688
12043,63.615113290778545
35643,51.83649175476213
90462,55.71541413202018
25721,40.34694293168374
89631,69.2527973115379
83653,67.81144047039034
47085,26.171692409173538
94557,66.32177020180505
11417,30.45255200820894
91042,44.91645851564568
50027,49.68017279109783
80847,60.191307299930465
73097,65.89644408340247
44264,61.001352832900444
70397,70.34555388185774
65207,70.11480740412662
65117,32.12287123383508
2588,51.649742467131006
57079,49.58970878618243
96745,57.717147101251214
87398,45.622606867922734
35385,55.002804434249654
54042,38.20937757891067
82970,35.703169543928254
36764,50.858855179261745
286,68.67866883659968
33869,51.32277715679447
70216,62.464365272422356
20237,49.077646335477276
51938,51.526182795612634
1567,64.17931997492612
28089,57.90686693184727
43699,69.86813533414939
56144,61.27599224981214
54029,60.38162395732066
29614,53.13279189286957
22503,56.98216831726156
33843,44.31548143938958
20483,30.607938302516132
49009,65.79862189954973
64138,60.88080633623511
38237,50.668670301768564
41200,47.90696898656317
11050,69.51728694608033
65684,69.3313991621197
27397,69.561974470526
71147,62.898757696411174
66390,45.30916484563038
91995,56.985269429713696
9637,64.16351788682945
66363,52.97640877592448
49002,68.96484688965525
32201,60.30631704259249
20554,67.80112485638476
62680,63.57976933616244
90177,61.05199261604327
58976,63.99450036066325
28005,28.73066262287739
67380,36.798408596486375
24338,32.53770223739435
9669,50.914848627198914
101978,69.81526019323871
86792,68.74398673963314
13251,57.88197215866759
86756,51.40165743965488
79538,58.574234927411965
100217,52.61611420062474
57935,60.450556666647074
24233,43.71788301938802
13086,41.34978531280718
39373,31.185599334405282
5710,26.176727140372222
31281,32.54261761802301
43061,59.30775183932766
86006,31.69778021989134
69259,58.69091917552516
93452,38.356347915322914
51454,35.53029943802776
10445,65.31626362631691
19126,59.02009861050081
100230,45.960695264107244
63555,30.63810871805113
68734,43.013959600945164
69319,51.57289510839667
70385,35.23287373905224
63920,52.978510867317794
40418,68.56668473132501
4162,67.2999991325598
6349,58.85970220673407
59279,64.54498608132762
89628,67.47000233992209
78221,39.169390266905
56252,55.60384864570405
64886,48.08038374373878
67703,66.1892893276524
18928,51.045001466088834
22956,62.56268451807022
75804,69.97475839276296
81678,42.035071040959174
47692,51.14045742869336
26487,64.36609691718611
58233,65.21293576461565
59133,18.071604344409028
62117,69.5089253836375
44365,44.4437709952003
17096,41.78564319457066
47885,44.35312035448838
84542,45.886102937227186
64736,59.3935220316542
85107,65.30399686264282
56610,31.79239363129355
10218,69.74834444023581
69282,46.804667278549076
22176,27.162473065968843
29710,61.4652174212726
84511,69.54193354005696
25150,59.32515391296279
83175,42.11705916240243
20560,61.49539465729843
33687,70.27438726802852
83770,64.27368249981981
18900,55.906908636517635
41428,57.11703645530699
73065,38.16455766617789
7713,65.55019035107654
18871,68.42761711033373
89860,64.04309474445283
53269,68.87289183215869
16427,68.49572598218784
62957,58.08039604893446
65861,49.960050602714276
12701,53.56896360953895
36863,38.094880427788155
40004,69.58118976437676
41213,68.817127170978
83471,60.187968287810236
35238,42.84596980481358
26829,56.40969890677141
52324,49.1293144280267
31724,67.54295347201781
10506,30.674225188449768
46086,55.55505907734848
37911,69.74052617547801
66242,49.6973389186245
31037,43.23562136500622
37095,55.21124254555539
38386,54.7333528048119
80459,39.89704892933143
90085,35.8866488917848
78933,34.41841777576259
83841,42.78530655680788
26582,21.418528098846704
46294,16.882007945211996
40888,52.68324951361741
19491,39.81998450227519
60620,59.6972426267532
339,64.02550358596143
525,29.42576144143303
43595,31.049135817687837
43191,61.55075009910184
67328,57.1207561525414
9320,39.74296271212622
10015,45.3146656876417
45877,66.7290212711052
8500,28.60443490427755
83085,47.37260819582485
10602,27.060321564543383
93254,66.53329926989052
101111,38.12174477353085
46670,44.8908697790022
100715,55.58255428415356
84223,65.1678422317899
67447,39.53883124565375
74647,70.38677721292039
61596,56.620811997887586
15133,57.870355746461726
91000,60.92708780564445
7770,56.51870393915662
7002,37.43851287617451
37253,68.65106291513197
77439,66.19438193708848
59356,51.84207979262116
90174,65.53294679547986
17809,66.18019683468252
91535,57.765262366698046
60188,69.126999562046
4320,69.4387673328287
81591,38.58148099015066
79041,70.10570420349636
83158,61.83849515017963
47677,42.14013051487927
85372,60.50939659680871
20454,54.457005277017586
60853,44.05975703037789
72142,54.148051471848675
48971,61.960841940966404
16183,42.14433205340234
63904,69.7588935594713
73851,70.43290927019885
82533,64.54918552668754
73,69.55521935613093
69074,20.964239629108974
76890,64.44635373277407
1439,59.58721751089111
1455,59.69597683961054
85981,42.12160201530735
95070,68.35911066697274
98698,61.660983943831035
36139,64.31273141809824
69539,66.65809337612347
31028,49.73385834464168
54106,47.25303581321333
81794,40.59059955871319
12218,53.51584255281938
89390,36.71280656792773
611,48.35381295148519
69205,44.680857688693806
38692,55.79783897701997
48075,79.31489157529029
6578,56.400013109114944
12160,51.611468349890494
70382,34.015316373328346
66351,69.41411773421311
4454,37.19140850286468
53569,53.16467028170476
96676,66.47593143752307
44507,59.93515591167456
56152,30.166084307055336
4870,67.3436271404171
61761,54.976769498163875
8621,72.5687138864116
71025,49.786448791583524
3233,22.288589213137712
13834,66.01565056244667
102477,39.8325399118781
97721,34.740681687544345
33452,63.606578004427995
6783,63.57722749247263
18626,51.72430544233558
48823,31.611332638526523
27414,41.681750337174755
49599,36.779172526709
87247,64.61559167393634
688,69.67331245913425
19520,57.20734275165055
11544,36.993601472401394
77411,69.9238281262781
26318,37.53800743392887
34904,32.703970554560485
94248,62.99700187209197
92395,32.697268244878714
67330,65.4462297727258
50282,48.939536365182654
60461,61.83006317038251
80390,71.03243009112083
58703,70.1125616266021
17617,64.19766791247112
6094,69.11919596330989
17090,36.70190283954281
32136,55.55716270342405
84732,60.66690302177815
98946,67.38682715841725
65052,61.566362805821726
34002,69.1437231317138
26052,22.228835667562954
26806,53.90407383677787
81139,64.14516785972395
63900,39.47032830816329
62823,64.63816412658966
78798,36.32780951762631
21911,42.909706188341225
74723,56.40930663722079
69379,68.93678765298726
85330,60.74682721006043
97766,69.92472409776137
60375,57.14704207417356
51944,59.0818294808289
54919,37.48152978896175
91180,39.408703856943205
42119,42.68577184949149
63605,59.41720467737358
44045,60.33109012680715
64744,64.14196232660393
70722,56.97184406626558
80336,67.93328443550705
30625,49.27792566694854
56048,38.202800912093934
76683,70.43782320961057
57157,61.431028669729784
50303,35.31825882696898
2795,68.14162997995354
57649,42.93378977040528
36364,52.21652954285952
19019,64.87994186419061
28957,34.221212531491716
65439,25.973124365041045
8949,41.57367599432581
8045,56.09509831740625
58122,59.25932765593074
62507,61.406837632742274
90032,45.912404413166406
43622,53.05479306447397
15963,42.94092741345499
99714,62.254657662597104
58315,27.854956275547316
43024,60.596007551340016
26245,28.168598298437786
76580,36.81798734354549
68992,45.6992348155921
43314,52.32702580836897
94352,23.480533488833895
40233,42.536072117706425
70007,57.47882286929212
53406,35.27389902313615
23778,62.111578970896524
77189,32.327177968180784
79704,70.58940488228868
41880,73.69177028920859
87459,65.28478124891322
75820,50.94312682442057
15799,32.81343763779876
46529,58.92162153766556
66085,42.7663436597056
53719,64.98052764309185
94347,43.373179817199336
68328,44.64229979393839
75111,57.973095745591515
50842,55.223660285143396
93361,39.92854009407143
32339,69.86536340710856
25324,35.793262828379824
9838,63.30592874207742
50487,91.35037226839299
70569,61.72160498252204
57919,22.73769143706878
12839,25.769213505500616
74036,99.08785762198283
85896,32.29047577908617
100002,57.011887586947296
54970,39.92544529267681
5976,39.01829573580726
50322,69.36515650370467
18510,31.35271527880648
32579,46.60606563138477
98890,33.88322990730897
40195,54.088195400319506
32535,54.38504671153188
79288,65.68970132779727
30159,69.0693610737709
9704,64.39307427837628
85963,53.5193990611838
60698,40.61427452238265
98969,75.35039556058351
83289,38.23699644735815
41146,32.48642600595871
73677,59.960142837573486
20297,27.991942787137845
16515,44.12499680278061
32967,24.36103140551008
73613,31.05148535545706
32602,35.74679811294332
43447,17.814630847500077
56660,59.525582377989956
32173,68.95466504759403
31888,73.49034962666498
56830,62.815274652544616
33774,56.627772153512026
7216,42.645441357266215
95373,39.73327373357473
17688,24.92421249442769
44801,53.18385799096658
85079,51.81336597961488
99891,69.83329883534988
1212,64.34372664687902
55541,59.77021230735073
77798,66.758112216397
45732,47.511989791442204
21253,29.38862126012606
93318,59.660409386613416
16176,27.509157154078384
69206,67.54553868001452
58797,68.56395130109323
56080,62.50464554580212
24247,31.202381616104066
35833,54.317694660076384
71428,30.13231223590571
24630,54.41189886626737
97785,52.081554951562104
98058,47.81107798409724
72050,62.53584530573444
60106,60.75337365351601
98523,66.24288572006661
100921,34.72307382437069
28174,52.90764247274954
86738,53.04824514981907
15172,49.15241595365244
71634,56.46723307569263
27779,55.52101999600645
27928,64.05099259245581
12778,48.56057703659033
58818,40.867133452649945
16000,53.88037990041487
938,45.62760937018251
99829,47.16115380050817
23342,32.97515424390332
78008,56.568018958702915
36641,62.51768839096079
101276,62.39433885355106
49284,64.52123477996442
41584,40.5723484716048
29073,24.298766122332935
29657,35.22542457934996
7635,67.52945936012648
1601,48.697468377588905
76432,61.2195024829547
55645,31.70577046107529
355,69.60738478774051
93587,46.574116387685216
7886,39.92069917662813
93368,64.52665312943478
67742,67.0461547910189
91466,41.3460352238909
39380,60.98150285362354
46668,58.02789384804175
31475,66.30740476189388
3438,38.4476726062396
75002,30.671483982990363
24645,42.84814012846422
61647,69.60509188303861
64802,67.64281075262983
1511,56.880719115190885
51954,68.34016961954637
101314,62.35126027296832
88079,68.71104673307336
4536,50.32942327170413
5031,45.51484582657465
80885,43.39001945399666
85733,57.15953116568139
61119,47.678838198078886
79758,59.457663582005104
97376,61.84885661131387
57605,45.556748740464116
24524,49.42957544616881
2974,68.28194134908277
11839,54.638399186455736
42679,65.02217441321346
4903,38.25648012162729
99799,58.24711569676525
40992,68.04803057105377
89724,57.90000157228721
26383,52.094664221790744
34984,29.0823487195217
88569,68.70230855432193
74293,61.5380865227927
40879,69.79601092638926
21416,55.61246975315804
101883,48.18212946941687
63844,28.37685118235761
10908,59.428256140699425
22535,38.16036137115778
37628,61.05856686250769
101851,41.66619625043949
65272,69.43679632213667
51121,37.18062824254417
71400,32.038848757634135
55598,67.81653172424491
74995,35.929554837268086
100187,66.42549044904098
46353,50.57369663695574
65251,30.597679407833994
102171,60.24111850553472
17471,40.823819600476185
91838,51.725895318901664
34537,69.33684020710444
71216,29.942685915872108
16126,22.77162669444899
71680,60.766860943745314
44530,53.512277663561775
98266,45.43337370448099
40799,47.28867800872393
77675,36.58518558558848
56581,63.35905508084658
67841,44.89824000361088
54315,61.59953428168864
92713,61.79686767489259
30073,48.87667041753766
36893,56.55686504745433
11184,49.92227258315624
90005,51.85449237255977
64147,58.44762989162043
53742,40.38918876081098
11682,44.92456797979028
69283,31.393335265994377
94890,48.75494358847102
98358,59.881344172712055
24285,43.852626811887504
83660,37.20213647565058
65597,68.65609044127638
54446,47.20243081112981
68036,67.87094622225902
56689,67.93627441758638
89532,58.1289412923397
63481,68.91890468147818
20574,59.450759033556515
27620,71.97210560144339
61126,63.42686633706564
88138,38.31629817116
20248,57.199149366716604
48106,55.38483006868971
81399,63.22870182791937
87933,48.71820143616245
4115,37.37870356128328
23046,67.05822716622491
61244,57.30787046814598
86902,35.17566295413596
24749,74.86344362037887
51044,39.16524602247823
20596,46.51222274044349
60606,54.343380283928965
43747,57.6015877629811
31193,100.0
85384,52.339650812857215
61896,49.64298844149541
53251,56.341585612258044
79272,53.68216081886759
21218,40.54634585070169
36763,36.96875297115802
74492,37.11337569406599
84571,69.2688631297298
10008,65.41384820582424
87860,70.09974264416206
400,60.30493307631417
81828,61.43218385242426
13432,59.865738656033926
22801,45.07904994198082
3009,32.415833048197015
39695,70.5958440658705
84561,63.40746063814573
69880,48.74431267183737
47714,98.0
7410,38.992666583880215
71083,62.090477970613094
88361,61.01421241298869
84313,48.27372547011309
65948,36.053068907376435
6060,25.799312424863825
92211,35.01662157642422
21244,64.6634713475645
101988,25.55796550767225
73129,32.07534598221505
85714,64.25498202829685
70595,37.77915665252347
9734,29.18709485516735
59223,57.024536567708104
26082,59.096148222296804
63570,60.336241749040134
81743,57.48868280278161
35709,32.451829798582295
15767,29.713846323001167
91161,49.24168839980257
57736,40.66065847115743
22891,27.751339837326867
49068,50.86749728638023
100862,56.06161429715417
76632,40.61218168090639
47844,57.44380339984055
77713,56.00651809720256
18006,62.31425440420337
99789,48.86706969904495
73178,72.44943301031216
14701,66.9815970024632
101044,67.24993227744967
16738,69.75256162094075
9880,60.181006518641915
64661,54.609260140084906
36013,58.98782086064853
101933,95.65685477019706
72769,67.19047128878564
62308,39.5279516766809
71314,32.30062111109499
96615,48.7077371551963
60915,40.29572098736324
11735,62.33433888115249
71047,67.79063507998667
81112,58.91292458560162
91130,59.359003728319045
39888,91.32287226839298
53610,19.770477607046402
22302,52.06177078349014
71920,62.29833254939675
51747,33.34298233226237
91074,59.911131492182164
44334,56.53390483646409
98443,66.44386602427062
63390,59.97722134679218
15060,67.92173073108353
101178,39.37380167230638
37511,60.7976937215514
81974,37.3138475239943
37983,48.1636459336776
47765,46.34219750530983
89951,40.07064538163799
41520,54.30553875321224
93159,65.29777560435393
27476,66.62383389745972
67169,47.54858750869896
19305,9.557657503379499
39123,41.64968696176768
23745,26.352275052587252
65281,47.839449391056924
13550,56.48614321864164
50318,56.15901578660756
39529,18.982721893223033
21248,57.047672600703294
92011,45.59814924799353
22913,10.753420752105104
64263,27.637362558744577
90209,45.43237998869281
61319,55.24756157984668
19594,69.8758430204919
89573,68.8007133538418
48805,57.50547366042312
1505,40.657887200741435
74449,55.97675069514132
19629,56.597417255407564
32028,64.3630450125049
1524,35.61934577735541
82109,69.29157379097666
95968,62.272868620636615
24309,41.279987076429016
71407,59.142059727163904
65536,69.4468922257388
75649,29.522464768305085
2441,53.26797748525533
75443,56.37832207023669
14418,66.88650687316195
35814,34.11344911519527
80455,43.721496843207575
45541,68.89464587343394
28627,24.30590489549024
96556,64.02918835087587
15460,53.963748664061505
94108,42.80655351863256
23799,39.56442557420514
40450,68.28261152563506
18157,56.27207818660356
74552,66.60234516590901
95494,47.75991452183325
54577,57.7232689172065
90648,68.44921286622817
94069,73.08890767909584
51955,59.728271706390615
48201,53.08522226172995
55038,64.70334595370642
35869,57.50875207803258
95949,54.739033593876044
53913,25.641930631646947
80364,51.27712590377145
90478,54.49698960404686
3078,67.74699233411485
76815,36.487063762116136
32411,45.505457596866
39790,58.053643822665265
8022,59.850420355921166
35691,65.62219808582931
71731,36.76557787924289
100176,47.033833662102616
86182,59.95120569193128
81961,64.70869063091598
74156,51.138111582345346
21168,63.49188823805929
58506,61.91900566575834
87695,63.78863239800914
29760,67.65963717327506
98708,54.880083938322876
71559,63.24438168505019
31477,60.12575824039799
45446,69.9238281262781
50638,66.5301531806676
9697,58.491894191755655
31519,44.53229581906946
81815,68.5021990264335
85467,69.79601092638926
23828,56.41748899654508
28246,62.09224681499275
17662,35.91071456127038
87140,50.21352090793709
99024,57.42294755768448
57974,54.214377777345916
95815,61.386941091046765
83979,58.91286195402612
56936,47.033632949479205
86194,32.587734937699864
87321,55.06561524232682
38558,50.128621290193315
48117,26.5054766439435
79518,59.58318612960491
24212,72.241713936583
40876,41.18433361195187
53760,39.76420051381709
40353,61.14705352058237
68053,37.51799625471796
54898,59.83690402964447
84261,58.94675847880796
85606,21.88173765328744
21593,70.57438581797885
21155,52.6662691962826
8562,58.60432326935793
50769,59.46457279538069
12898,28.433119070926555
2271,63.12104666578436
9779,56.080446087274105
55659,79.69335951995473
87127,41.37935372869109
12279,61.1377217260389
21975,38.54828995555604
1095,43.659771039957405
2021,41.58543231925636
37893,48.14146051868855
34820,68.80478114544503
97096,34.19143984038353
93621,68.04114611882368
100328,59.52486388628163
78616,43.93105114151013
19624,69.41666004763603
56200,40.1556986650849
28404,58.88219794174422
84123,28.709640182999753
42882,37.4325586599269
81970,34.49713659141822
74389,45.147435945323814
35582,60.35927593694964
21949,41.23403276600131
62340,29.44472059492851
21496,60.533677063326394
25925,43.16978247359559
87750,69.53846594975106
86561,53.48373104529798
3739,63.95618564507039
43743,42.704503350328594
87214,69.58118976437676
61042,29.918057493068222
19809,65.2500913464906
70436,61.23044058029659
66846,69.52987635848514
19515,65.84228352734141
57520,49.036748116198
37813,54.49811282677482
41759,59.33068516261411
46523,45.90992084254313
16345,69.59094448086165
66430,55.32428986901257
57450,65.77067256884378
20461,62.76537774991059
95261,46.171263407129665
59058,65.59530099211868
55270,58.80792552046461
97936,62.626894077834116
66153,33.40087078115373
47134,46.63374048321845
45041,62.133899971266956
51341,18.46861244652169
78113,36.22943903270439
77820,24.706988957202253
3573,64.19658927108063
46084,55.373675266327695
88637,60.8081719893788
41387,47.89087595075772
36659,68.08904583135445
70263,53.91619362296643
11091,69.08577068051909
9374,63.70669156809578
94455,45.87549651773636
54143,62.94681057513822
98132,69.08577068051909
63162,50.686144310331436
58060,44.81122302313183
63530,40.71257944541504
81977,46.873781268352694
19180,58.08713104929332
92585,46.51474067192101
46918,31.792892210016817
68706,71.017355722331
1160,31.31455329015504
63393,22.504491629265534
74332,63.89605898592019
76128,46.07187935923369
71495,67.6062354121776
55233,44.09801994617415
22081,40.04526743643259
62595,29.466308996363672
55788,47.84943352678516
55304,43.85292470756702
79396,69.37715486821418
26710,44.54508177999839
71359,55.08999608420322
31842,59.08312527309685
36654,55.47179925449634
42657,56.40305232292363
12326,65.49239753387297
81035,69.86813533414939
94064,60.593565561716495
34533,70.11067306161335
83536,70.80503959818826
29914,47.68315864639658
89129,42.85560207133614
56265,52.984323132624915
64045,74.43522189209001
16863,40.06697817609581
90805,25.385844799466472
83859,67.47901587416159
70084,73.49034962666498
74800,45.23841398393263
27532,20.411352842200372
56376,46.26707946172263
32472,68.08705506545444
28417,65.08355030243324
78721,60.99323863259972
189,53.9181441265415
26989,42.87042030611278
18709,43.25799601874062
48780,38.22625681742889
8859,61.92260910130419
18242,60.02869847476023
20652,41.544441105644246
71716,26.805865379951033
18760,49.33413247800476
40532,69.92472409776137
52963,35.94919540282766
92891,81.01
65857,68.50560080299246
54084,55.22475733549387
27398,38.60722292419226
30265,84.0
8907,69.72972499486245
9088,73.91360312028084
41571,53.07236538066587
36737,71.32402223158752
96071,69.44354035303463
6855,57.78013497737146
25050,46.27149165871547
88332,34.97473782792946
33236,65.29049269712979
66177,29.507261780479993
57124,52.692390139506415
29684,55.784960694086166
27781,26.92557103922006
94289,68.79014172581867
51678,48.7311953975484
28871,10.07371096131319
66653,48.983438515913
59176,56.247528684566994
86393,50.803063648609296
32146,57.30307744795411
50106,64.16818068987331
96398,65.93933806258936
59111,65.91708684341948
25723,28.176633035469667
93601,62.64889117465704
50394,53.65006615797542
18815,60.584859974870575
62991,69.24841427265812
102079,26.64625270849948
75541,48.30762918206661
70746,62.095398125601044
39109,51.66645173367592
39948,59.003944702142135
22222,37.78798284973059
19264,69.86536340710856
45396,54.446476559059626
5105,19.697083426636592
49850,57.72662543125857
42450,52.292182275469685
91844,65.95100645784284
69590,44.914749628246476
40669,58.63837068932666
75645,33.48906116941062
59608,34.529639126024406
4716,57.13774565516632
62704,49.63601226209814
99458,43.12216957386769
66562,83.99333333333333
13006,68.94177489251966
44071,33.911226973373545
18298,64.83749334651151
3076,60.32050621307433
60206,45.70371436179551
12021,50.99873948273702
40935,62.3740294043121
44377,57.62496247903401
68523,65.41697041951721
82295,63.01894938520113
25764,59.703126144288305
17385,59.65092256222529
70606,65.79173119660508
58352,36.40662611312703
21757,60.81208818241062
26190,28.766050527785886
28308,59.163744969632255
96838,47.16489682117163
64172,37.48019878573632
30434,23.487185680092416
61307,37.930512095423836
28821,64.86263851666872
81867,45.94665788125378
32586,62.14890326348346
53811,18.865541487190466
50115,69.51728694608033
55223,52.094664221790744
14583,42.48529966529056
74044,58.1344600509948
95754,32.99782280384258
95422,68.07410752210453
62990,47.03104942455945
43590,55.51581970052374
55593,56.889107950765435
88645,62.62859977788926
50954,29.298498334548214
36783,69.32719328456461
61953,59.125172633414216
42187,45.461429391103486
21038,56.77595196143391
4515,61.74183939258745
1430,69.33424209360784
100333,58.626703826804615
82466,54.17442206620311
54382,46.59051254781067
65762,61.38544293416785
74826,59.42565501538574
41936,57.6124548866211
48304,46.06846354281031
19129,36.177157116937344
18332,69.87308826840767
25660,63.47777668299233
12195,37.26020312478533
3765,40.5763102487593
1459,45.01303612777001
59228,61.00818044644517
76850,69.48317051665589
57655,46.329794185941026
31641,31.80159370708186
74057,36.92054711499713
100507,57.80246738541772
1928,58.38815415029643
54030,50.1272777523375
46604,31.929432288405586
83444,71.04283323893536
25648,48.911969727153554
54377,43.13616955617727
30340,64.93431777524252
12957,52.71017138485214
56673,54.189800299964936
36690,44.423074839951134
92396,42.715865387996125
99285,42.58198416758451
26496,61.04229687298582
83367,19.73616995180682
73273,58.262224291908076
20082,49.823255938099436
93704,40.281068929397854
67260,31.786470455725052
87205,61.33524323148705
72689,39.90708324971169
68459,48.26285547239982
72321,51.39015488823555
17660,46.939615724123094
98317,52.67078460279535
83780,50.520290782057565
54107,39.41854763830823
73175,27.60443776043677
45045,54.9448372542856
73577,66.43583652863944
64408,38.851546336980206
49683,48.41005400465722
43376,68.77611146899616
60038,42.91228801344286
35359,69.58118976437676
79532,57.0510150485845
70816,52.32259230634489
24649,44.3479625408876
8084,63.3964602499104
102364,54.624760701394614
94023,16.588651856074897
95390,57.33042688950808
21613,41.87086489053997
66599,34.76377118449254
5540,28.756297829525074
34423,37.35937739963058
77056,59.96494106164696
2707,58.56066723749639
102659,45.921285480093466
65037,44.35838953907163
57796,40.962978755610855
59689,58.2359304552655
24690,24.936127388307195
21115,63.72529566125337
36173,71.00042117506246
4652,63.96227599103672
32407,62.89555174026611
32861,59.20640636963995
89179,54.86966019624528
92167,83.97416666666668
5423,45.752539784002394
97395,72.09440373845818
22118,53.9474604820849
40809,60.181437943702896
48299,51.6116191258898
32304,47.612666501099696
66553,50.241919324223524
42161,65.50042273199352
46126,59.859925961080656
68156,61.21272958935805
80394,35.63488478730012
83543,59.749158085864195
42093,58.864719038966676
86210,40.69996549541463
22289,57.58784505897622
36992,23.780327076631202
67854,19.65967156366812
33737,31.611224646134005
27207,42.03891521523322
92805,72.78005463505875
23989,60.58854500520536
92482,42.800133749601
52676,54.171978852492046
64580,68.89707673741202
49343,70.33527650254112
58855,57.26871251010175
66443,66.36867512085732
94656,61.73915943297516
73822,47.84877861604491
44358,52.64760107354674
86786,44.958131950296405
76481,49.28377407457691
15188,57.75058539651984
38559,66.5301531806676
22812,71.11796890040368
73017,54.724719625218015
76167,65.77060230794322
39061,65.96739606996606
18656,51.20767702311531
23427,36.45122698922278
94742,36.66791913802547
4989,56.84674599377161
97063,49.35221326139361
72587,46.614014866169235
62037,66.99438311422726
74893,34.967082526942455
71722,55.862665684867686
31586,63.28856381548846
93086,38.20697855434074
52631,40.66326434053417
29106,56.81762299207785
20655,54.28424075542732
48437,38.06113578592833
93903,46.537140422077925
81457,68.62026987897165
38375,24.653454878189386
15471,63.004932749188605
12623,58.63536121236946
24059,57.06186697274713
69014,36.493431875056395
51390,34.86301437183418
97667,64.26999792577419
26725,52.661218280357595
56230,62.60105973801499
12302,51.17500449580946
88554,47.498471230288104
4380,53.06423372045622
2598,53.9164932111119
99076,52.29295503667085
50753,88.72642936596218
77877,64.66688750906192
69497,46.75342663826108
13882,63.81131477863084
74288,51.871617933348965
89708,46.34780055130406
6844,45.239451712923156
31882,42.17433013962919
59550,59.4816213030881
65373,42.146887550726014
90068,54.3482718676293
70175,28.884201908684986
93682,51.34290562909012
72717,50.611057860271906
58438,65.29394312766978
80653,36.95956518854392
22785,69.30605168815976
97419,57.45660350679539
97608,44.121943242347925
72177,30.77372019073008
80612,41.42684010701429
42297,27.265142373800796
50096,66.77236626414027
92250,61.60897616550024
43502,34.92579680588153
75143,25.993837276380045
2747,58.29344645283069
80839,46.221766736723026
44139,68.48361512027918
49352,71.017355722331
23316,67.85868557943259
20925,49.42650131182551
44498,72.12962533226033
23211,33.84012190700979
82179,64.58661115481968
42062,47.224132774305055
9014,51.633836405256176
53485,63.841602658129695
150,68.60416398014918
44804,31.05061888127814
47364,47.21501900645463
11571,36.95141017643249
85892,43.90204920276708
61889,30.074591216312015
52705,38.856197473706
476,43.12784248550824
67692,58.256895584736014
62912,58.19166048440454
29570,29.52026102795601
87156,57.56230337879003
27445,40.09275252140414
1738,54.47587803170827
80052,73.2044376992248
92094,46.755949451816605
42038,63.2902212113178
92677,34.3469717210251
75492,53.45196679059449
85171,68.06723850563051
52274,62.41033910475644
48538,41.12888895379239
80307,69.26744053378235
102026,51.37111653610807
34454,44.07287749053992
66861,54.451902211651294
30,51.922829169479066
38169,12.095881318316806
889,47.357557562081496
25480,54.104759969286235
80078,46.98307907786392
86439,67.35183801801765
6735,67.25111554131416
61612,55.1587832611574
69448,33.35965005114811
98414,67.62117184094964
52343,43.30242529088615
14129,44.210327589297876
35950,64.61342967134024
41056,46.796947976297545
80464,55.29519031107426
56875,35.07036055274738
17571,68.71619567026704
7535,39.64932269660287
43890,68.32748997707311
40415,69.0693610737709
97743,39.89121849030455
19595,33.91946387528994
19881,66.76196297323322
98872,68.29003027733262
84553,82.0
93977,70.38167846235362
73793,46.5561410720068
56861,56.42835697809086
28532,65.4754011652241
70128,57.676508833909296
57815,30.85466179798082
76133,70.36534839268941
64099,45.07496763014735
99628,63.018250326465456
778,48.533808249812374
57219,52.055709225280886
99014,68.77979312436422
88729,56.581157417036614
88659,61.021701537199014
101043,40.57166027383281
90847,43.051258269543
83139,28.915932928647646
77258,44.07772054897059
53614,69.41411773421311
37311,62.167689659566534
49258,46.40112921175707
35957,42.44793302758221
47179,40.17330335592996
95509,63.7354986133293
79102,49.61167832168417
44660,42.34277677867819
68197,45.63042207493006
44137,65.5509676140478
35753,59.84314116681252
63914,72.67152641026469
20460,64.06363753076133
23923,52.55437633496075
63097,35.24590161879466
46820,63.061436479570744
69524,28.167321885927876
42794,39.93409646585972
15059,50.89953827070245
17742,69.58118976437676
88703,51.21921476319376
40515,30.052053914494813
39266,53.155418687163454
82599,42.42008330453151
95742,64.52476470412108
89776,62.64464867352822
40267,80.46615037061014
77923,54.65341175672025
85427,60.42374137538994
880,24.847776363399525
8060,60.21402378825825
43238,68.27583102867573
18550,68.63247666118983
54894,33.370369708773794
100157,43.575722787742855
5804,54.96335494810068
76629,57.487493699311756
90088,63.56179057851091
29236,68.4729400838808
13224,47.33636630854775
84270,53.291419579882984
31466,39.34300014130406
68788,68.3778150752507
96420,52.62591440158055
59255,28.32038512134146
55827,46.42879400902579
24029,100.0
100956,48.97008093977207
54427,65.25786408153266
53909,51.74955695298013
42891,56.87193300949772
72170,56.18038499311657
47638,69.60738478774051
8877,60.576408686425026
97489,55.58087965073255
49355,57.97686285909579
54592,68.29003027733262
5318,41.815270196185665
15391,30.836340933744477
2717,46.54015968539873
6869,37.1691488380119
5912,42.230176029157995
25428,25.79090955769367
80190,40.13566887080964
67017,54.30494551381977
42631,55.298606890224825
61163,55.67655133846187
80111,62.413799851730595
91385,55.16732225267577
20772,36.334752962015635
58498,69.50517538439196
30544,66.07220075860785
76788,38.26158203837991
92338,66.77260202780064
21175,42.42947608504995
53343,60.11563829499512
97270,45.306561099722124
97227,52.08248705156899
101411,63.07458336275805
30431,67.68876159832895
43062,53.0232484503031
14449,38.01603200362442
85824,30.769055733502864
56334,70.61725183957286
58213,43.78721357234721
19976,64.21861904422853
87135,31.431572757761288
85897,72.5317890310419
59711,64.87994186419061
70265,34.52304989877512
88007,34.95318519686049
51805,40.769564230100336
28252,69.68101881210232
26686,64.98966189156376
39121,34.74466582599369
14728,28.530137038496
125,43.34232235054274
80327,61.66565031838426
63428,58.86621606681008
60302,36.07638173822087
18170,48.31678042414747
39389,69.41660933948333
85716,52.997118604234444
9984,63.49008409544033
68769,42.17408918927003
50982,35.03128068814352
33094,66.16344995777008
77837,67.61310229485294
11107,69.14302884849
53882,51.35706593213951
69512,26.669666612904194
37619,52.47289941435852
70479,67.96566317930025
1739,35.650244882750236
100303,50.18499362225153
47812,70.13121146794052
10657,62.38507900619034
101515,56.7421395413939
81687,53.910308308570194
60637,47.699250351464315
31846,32.95666952712935
20747,39.829270827940455
16249,32.211225707828746
95377,65.02453318658166
940,42.54903102697068
69302,53.98356858511736
85793,50.912120205798104
7247,66.82089592057672
36958,68.71619567026704
44967,60.150443807902995
37007,67.14839755804988
18635,63.87375611028136
36322,50.550478938347645
100134,28.778939857323017
29430,53.64352114293027
42879,25.15666151886576
54202,28.8671950237517
58557,68.33412317877976
41780,52.574307526082954
54626,58.30534802081902
14918,52.043233688237684
76860,59.73057843570602
68201,32.4420513388779
97616,41.329898676604046
37071,35.6949162100447
67601,58.23728919728961
59341,60.58095406992532
88120,40.36882900880103
28331,35.37988121544866
86381,55.661376063684976
52290,35.87104010064832
66944,27.457805956017406
77736,45.3714167346261
75609,52.67175533423921
7035,35.7191528409924
25105,34.603338815729295
91122,68.72713845842586
97053,35.28162102619998
64986,58.61574230343468
49832,37.484310765515474
38339,17.137321997079436
92956,28.98669726138722
76778,41.06385790722876
100934,46.237294213804056
41113,55.822596144547916
669,68.91639687898473
94979,35.574491302071365
4492,68.29003027733262
82779,51.5592524728328
4034,21.120187041830537
46072,59.35629265421721
76011,42.12347471850539
12978,61.19030500150515
98224,73.3488949512768
57875,47.129482896182154
68982,22.283263094628307
91543,32.18020440180909
53804,54.59787431058988
9066,26.156110118495988
70453,48.92338375775441
36907,44.96015517461462
45197,62.497664038623746
45587,98.0
91356,60.480435241434606
92198,46.175589502794985
29759,68.60210006928217
43113,21.514971967772773
56762,54.42871420090703
39147,80.24308006068361
5613,38.972511658865855
59980,46.44192236139419
61157,23.46570437661486
34444,37.21207384682564
84754,44.162784919877886
43448,58.47237314547696
100621,51.27830471949917
48790,48.06630000510515
102323,50.24394044862393
71543,42.59789049865189
19912,68.05481246386114
21283,27.492950393124023
96115,63.75551092165061
66872,48.69629643535397
27668,68.77092573412618
87480,56.52465738365549
89686,33.609297147249215
54850,42.48813247756696
44490,58.05992520174973
68082,58.35894404183821
65871,65.47381587119193
89116,38.95908722467881
62166,51.75102765446874
62967,36.60485808575698
59193,33.42662411604025
97890,65.10707181711717
71681,66.43084937610594
74876,37.02856635078393
62213,57.14357187122244
78818,57.344391259999085
70934,46.028992472689914
69704,65.4970119741176
71715,33.38689229876712
87806,49.33074054611693
44540,69.54944004282679
56360,36.74098923602318
36047,70.42661108839845
49543,67.17475808684593
89318,31.96017947397545
38746,67.72250962472336
14119,23.657501668785127
30744,56.427863527105146
44178,55.311327940308594
70509,37.39028410998759
34568,58.961642315264086
37604,23.86839673893361
15076,44.58082078919406
244,59.35202945589915
16931,33.86128605786758
90241,58.99609484135154
19277,38.064861250330324
29485,47.16609454281583
66083,54.919315957114414
2515,69.11713294535134
81376,46.67555942645825
57668,36.162898801965575
66786,63.7034590080081
39498,53.16033487515898
7305,70.14517184958953
58335,52.41914854759521
76,57.17145367115917
93313,70.33671667307162
55397,33.63576694784981
35174,42.21170472420883
58536,48.346971131316096
10442,45.55331089627027
10551,57.070433440080954
69726,45.370213196591585
90341,49.462035357592434
74882,24.540720555914938
80332,25.17819162883485
88365,38.79021532097682
68458,61.423319908878064
54844,52.54130814457425
90736,32.88799415942587
25998,49.16312576464417
33610,52.31135116269962
3041,57.94474357145646
9192,69.14302884849
68120,54.18503929537799
45842,25.639533274942053
66853,62.56061905701634
43840,44.48914010837174
54983,52.285486001951305
88852,58.17871565462246
34058,60.80045804842539
65728,55.163602693397316
48845,50.21783177075353
46414,58.88348069872196
50474,50.14773474112008
13980,62.9350933112411
23883,55.81269841269843
26865,70.61725183957286
2228,48.53204921936849
85101,64.4749328533935
44830,51.766103261019005
24992,49.54226120658576
2688,56.336010509978315
100868,68.94446534394204
2433,51.106668196119934
29633,70.1284857004217
50386,69.74052617547801
9617,58.30836250545096
31560,21.101344177089278
39961,73.3488949512768
79485,52.79261403170276
28897,66.0606907709267
80463,33.35100495829637
32604,60.735474391694396
62078,67.5174703056801
11466,48.55158382145457
63473,27.701157829423547
42270,47.12975877153113
73809,54.388086709844046
91917,51.70058181630786
28613,35.77238882695223
28299,55.730222039709616
10734,67.92814812772284
55486,53.84659794984911
39632,39.05908867703792
69106,37.33301936532722
22247,42.15741580107498
88200,64.61089460789921
31305,51.37715918428206
102470,28.3081575656828
88408,52.45608013261066
63712,46.4739155205272
3066,68.49603562163321
29131,69.28470509861363
44132,68.59050386601915
13245,39.5221998076785
73842,40.72487110643589
25493,51.990631272395646
87949,65.29049269712979
86009,48.271288950586694
85787,64.87794448026825
68366,65.80738229726023
469,69.95218891281542
27583,28.267398860100503
20494,44.08141452614703
44436,39.6549759781482
89870,46.757194534632035
12970,49.595897678199854
84187,55.30896052590765
66115,52.753028344582596
65749,69.4761889183046
53046,41.51311033602884
75584,59.7951476154948
49460,50.62309358873768
91711,62.717499871508736
83766,65.9542409814828
6871,63.94338740485734
55683,74.04367873015158
64678,61.36827479088638
38076,42.813820704874246
346,29.853184597131087
32678,53.76697814702185
73578,39.08741788103375
73332,54.33303170202605
44525,33.36402043138025
22462,78.46663807938654
5917,54.42871420090703
49626,29.426767668494264
93978,69.87308826840767
95990,43.84459597587042
6540,68.78924548380611
19433,51.25723426965996
80544,38.3080032681129
79960,46.35698942534148
49954,60.657814377832956
18319,48.51314190406615
12942,65.50319345352982
31496,25.219514201668257
40116,73.41679982099191
6210,22.699904898297046
64969,42.620662936523516
4248,64.43038537501144
1273,52.76933701408172
3324,51.5452650216378
5731,36.362332965576925
67934,68.80478114544503
61410,56.32555538594918
98122,57.9861808088016
25416,37.02878375470024
31264,25.131028927311487
77362,43.65071394163951
88331,52.39461677479614
25473,69.96022139929403
8326,59.84543241895722
13530,64.58266250923606
60322,53.91881492833773
2926,47.39391063537843
26202,39.82877488218904
56214,69.45978504216635
58363,58.38191863101387
76678,54.09530572075343
49839,41.00476204236799
33178,48.52319197647816
77149,48.24839162459046
71834,65.94550545423566
6939,49.43335374210625
75562,56.98871941014611
5297,67.12248891097558
17299,66.85287645846107
38367,57.79473231285196
97170,10.28140756145515
31250,32.98336351968173
76943,30.81814799912826
99791,35.586422919774876
100626,47.12042855945724
37654,69.01565717053613
87130,59.28067389709376
90441,62.67150265133569
24469,74.55622700696634
86876,66.37466126823614
38969,38.72602852719794
98547,36.71415654683241
57356,61.68021836068708
76052,53.44629367331507
11760,51.81650288604521
70555,68.21881096794057
52636,43.766926994970056
65557,31.537688494448822
100650,37.59460698585545
37269,48.876254088965
55581,68.4946680520716
86855,39.93169894903298
30080,55.28337536852824
20562,34.543121883429656
24255,35.49971016596362
19941,33.58833068804556
92519,28.31999117392606
77120,67.46066065928358
11833,53.14105540395954
75544,49.463959005719474
29561,70.16930227001195
52816,61.44465931670925
6873,46.65432337426949
53419,94.32592868959586
27454,55.856051087025456
76500,71.48550800455976
19035,53.66252661270491
84034,61.6917653274102
68252,58.39172625063591
6227,31.22254841350496
4484,27.571341236533705
80183,54.76418336748527
79001,67.02550647067538
92905,47.05095391229069
18687,56.301164596527684
31664,33.604694558796844
6993,48.014740943343924
56052,58.897895306909206
100703,51.41862389581459
41245,38.72022879222613
16941,67.79057728044404
67226,62.71134111893678
43458,59.51201780014841
84578,62.446076280523776
89049,45.99770711703026
13947,50.07694191027918
60021,35.110356838816315
8753,67.89649095314023
83448,25.46027642650145
45686,43.54021294908275
7683,35.41004565503777
8182,57.03424781589939
78043,57.01650829441636
37109,63.80712624958788
93407,70.53577610704289
7227,36.229876854522274
33961,41.39788578077982
64976,66.17344995777007
57376,38.291467575839675
85241,31.449641852408316
71899,35.421916249856956
44359,47.91796605683569
47860,27.94360929951436
89404,62.37110716622335
31750,54.90633519144645
74076,28.222027881177493
35178,71.89983688467763
55137,41.400467221532644
86829,55.084092385246706
3687,37.621864690054096
85538,47.10753070360471
87043,29.615593368183095
19706,42.97195963395368
66945,33.67925256327816
51849,59.26241667896671
22827,59.47663450775488
96578,58.53212012163265
93604,40.467832387456625
40074,56.20560343732163
75096,54.803348951189136
46737,57.71794181301489
67303,57.85109750859179
9639,54.42871420090703
55367,38.65555070111319
6070,36.346763481618574
93933,32.350749188704945
33732,56.59290632393218
41564,52.136969362451616
34027,56.20204216093482
11218,66.4953712553098
1763,68.87188594568033
98913,54.45448022444638
33907,66.17870418350024
85179,69.77730618634918
52378,66.82089592057672
86694,47.75868681999181
45936,54.67221850403449
68986,69.32736275145487
38038,70.26394445889119
91644,42.92306675535892
39338,34.097978702273004
64539,62.425407383358596
80089,69.76336896881773
50555,41.24743524681648
19090,69.53713722382629
99020,33.6738537562773
22182,59.01919849270931
85130,35.68049167623077
73528,39.06320231487211
98352,58.50488838136957
4442,30.24487965674738
96649,61.68170346456435
90518,35.68070834879407
23264,50.85087119353148
44714,35.73912971635008
18978,61.505699391186546
27677,71.43823672544819
39469,60.64028127617635
33257,39.31510632154394
17860,69.60738478774051
9644,30.620743732239163
20556,65.78137242069012
65520,68.05883819651817
53673,59.971878745456664
42293,48.602658749439115
10411,59.69918568356102
33543,50.90224285009796
58869,48.00795193487325
78644,68.83255621573063
29103,68.6513871064658
67949,33.93275896133549
11286,41.12851989761715
82616,54.358677177832554
63171,58.416394149103155
57280,33.29659056670797
55348,35.88997275462664
41709,42.678213438895746
20085,58.95892702570726
18190,68.73844294118318
80315,24.747813226555746
4409,63.496032522804036
92177,56.06022337511754
28489,44.129036549913735
69250,45.56785562163625
66805,44.720611146010725
102289,62.283713673955596
15680,39.94003453667266
43475,62.080636271997484
66023,60.16452366987397
1058,34.3426099264092
61993,39.05323211427222
56859,61.31057936145505
99499,53.92499655335243
23657,68.94177489251966
66921,64.42354130991663
16900,36.224727877338495
98102,57.07557353456167
29647,31.030801790783016
15010,31.31820039752116
91800,63.97571539029805
46578,54.38044406398467
70728,50.4454994345464
97213,41.489284680157034
95567,43.401024430814104
3385,84.05006496711597
59073,24.476052843496017
96042,41.95744633229057
14985,43.87592106402904
16512,51.86830362911184
1659,34.26091609769589
43925,62.37395030297482
70696,35.77134342513911
23916,38.2739624041375
21662,67.78625252788952
4630,52.58716667922619
23348,59.2290402901143
7722,68.04692308559356
95950,49.516845272416525
90283,63.85028390326466
23100,52.38415120197805
100608,67.03623900367123
41210,61.658574546806705
75864,39.7972984130997
14705,51.27450089305945
65664,55.83602170993396
9048,28.416520105364356
23323,64.40100309574858
26281,48.19552226699172
28678,67.34294770080498
19425,52.77210931755786
73612,73.3488949512768
88014,46.38337370366544
90204,61.945128152671984
50820,51.39455764650137
92023,59.81258427626076
40972,59.285711103108696
47770,39.00461386419021
21265,49.41183405934075
56590,58.813680856793425
14579,42.26517523900893
8580,64.39414598756025
84866,67.5174703056801
24007,55.763991186561746
95724,64.13019509361358
67551,36.994540345981676
39364,53.430084157761314
37897,35.99311343294566
19498,30.076283411360556
54259,41.33272112840277
32338,66.92806064005097
85128,60.08549904417259
66350,51.579035831277004
93257,72.3484342310522
35051,67.21277248086919
101414,33.537282959608525
69276,68.59050386601915
14068,68.33580282468651
70676,34.03982283456038
72616,48.318553820237724
38234,57.92065485676026
6929,51.0237871821882
36000,31.318381596558524
77310,44.99779476525716
29409,49.763673267162105
76204,60.85951096802567
93121,54.560167840752385
46346,55.28793891628795
76348,33.20764667115478
36243,38.506533095905304
83302,60.03608752058345
19220,30.74620469955296
55490,39.31368786003761
67811,67.36650689444535
26639,62.51523391348915
65094,66.66157891951809
10343,56.210601998901126
67723,46.937975396928195
11223,65.9186032489188
78596,41.63663265295713
13209,65.09034791327414
102463,53.02344406082973
23594,53.80747937681198
50434,37.86795453938964
42115,29.34840991545215
78045,31.510425895244865
90788,68.50591625068758
86261,56.71936510679678
32887,39.342555300667875
20013,60.70631315954655
96333,60.88826050436326
87353,37.7917828459733
84741,64.45349440369725
65287,38.384255216251574
8590,68.96591403072907
78664,70.03917684051589
23307,69.96022139929403
34186,51.45768231278853
74137,70.65914357818176
52391,59.98447384553876
46809,62.84731669042366
96158,40.056274357513786
15215,60.291306439500815
62775,68.81440648634069
82671,42.73484789891835
25858,72.72920593234056
96360,66.69603313053327
39196,30.669179247499986
51787,39.74170796828592
47612,42.24264241546384
10906,31.46165982990337
97989,38.31792344404481
90757,58.87391187463859
63889,29.451442352240562
100763,36.758713346777334
99252,53.23861398470123
14180,52.177736957165344
45972,45.17274860825173
20398,70.93589339728469
50208,69.34465285169308
19049,68.5549022607865
25110,36.169515804415425
72928,62.136644295721155
37595,56.43652033924096
47353,82.81495185147766
34604,27.513074309540535
43091,58.68835777840699
63954,48.433551515242755
59122,33.542595151370826
41081,32.00340260827278
23679,59.695431303053574
49140,47.600561946442056
24953,42.81171783476985
24332,52.1959712537215
89451,74.30817296300268
36854,24.942984274357922
69234,53.09369432145261
83920,23.72091796914508
69977,42.272232464362226
56983,53.05293827062061
85380,61.54404120485754
54131,67.98760492398097
49718,69.74052617547801
73085,62.73072994910666
63319,46.11797556392899
81729,30.012968969895127
7532,71.81504773720175
31058,57.47990706016426
50002,61.704050861917466
64502,52.513990846760436
15707,55.83735441841883
78362,55.66991819291923
42475,54.28018401873013
80506,43.1278903804584
85641,53.38964976752928
97472,31.357031282386124
97039,41.68426767663976
84985,57.030255426414925
78426,64.39368809749519
89766,49.64584691423736
30036,59.67332894010413
14530,34.76890198272225
66328,33.639073965074274
38655,43.27736205871979
23415,59.382746402499414
53986,61.14658373738011
80149,51.07362470604812
85794,59.77516542484425
46385,49.373255751210216
26418,61.14705352058237
69806,49.891170184639506
55617,45.38566014497627
40601,32.00842749564157
81932,54.58701429745387
51577,44.30961696191025
44730,64.4229407472452
100267,35.80911565873486
4646,64.81251686138886
45999,55.47133243164719
62642,68.29575251582015
17438,34.23676559149895
97205,41.710204040865776
40355,35.34145871358447
16429,69.51728694608033
85696,49.51835350290431
8126,55.956458158071726
2759,69.74453329893015
19969,67.20466880199373
80792,59.81451827445955
22166,55.59147339947169
14839,66.76551269680763
98325,62.85811600712924
57799,55.168346166262225
33857,46.078752513551784
63132,45.21357265694599
41582,56.91066171844093
19795,69.75378332066103
45037,54.986959728696995
27997,60.45483379076327
44138,21.766793714108662
82106,69.44354035303463
13626,70.33127123279048
13806,36.42388206717048
80718,69.59094448086165
76825,35.075679555057775
1504,63.093709913321746
75420,46.495765787388194
55686,57.189765668176385
35444,63.4296257037187
98442,66.66038143968012
83049,53.199424441925295
73409,36.698622906079514
36929,68.13886243111224
3212,62.32761964337649
16638,58.669455518598
100115,57.98095892383902
31484,48.186169168811084
5774,64.7440641766891
35099,50.489751671362676
94855,34.940294696892614
327,59.00865889770961
100988,54.328702690053134
21432,48.44995312563335
53386,60.69398481602041
48605,47.46530731003287
13259,58.24027467421303
73673,48.90920678820257
72105,67.47119041167059
74032,44.84305607005322
62057,67.98760492398097
66190,58.30681934324721
59321,27.637071909153683
28914,52.69120190990125
7838,49.312967790243285
87608,58.44282461328161
44075,52.94044515754833
24667,68.85703573247794
90584,45.55605346725133
78773,65.97086238704412
70885,36.864320789282125
100113,32.36752664841204
29372,65.07411647673376
22631,63.65266353676411
1472,69.71072544497933
84278,56.62904952847387
100848,48.02849774392998
97294,72.76528110409932
83333,43.70120804491086
1829,68.3778150752507
78654,66.33258118480865
11499,38.83883624090334
43038,59.162554426242615
78299,67.84559186551891
97747,49.43072980429588
12816,34.18500663383085
32821,51.74203939769772
75781,68.50890860530497
21076,57.29691259749912
10621,32.66341200913883
50696,36.312871536415145
68103,63.9667786769907
34616,67.73609501875245
36809,56.25667533447629
38160,67.1751072714201
68552,65.97699414568234
64157,47.19771176037135
95327,69.53211510733752
46534,65.61631181599317
95053,51.28599327553016
17041,56.40806587406135
47599,35.33749870236346
43788,60.6783435622678
76458,59.446620258971336
44339,44.30265348362872
90646,70.68918681397412
8434,61.76485579421633
60014,26.67533849907628
89922,59.48102619831932
89653,70.09469720145147
89606,22.22063665045883
11522,64.70591382652577
71518,51.03877193285432
80359,60.45455495811783
77600,52.26046960982409
96269,57.14650636232291
41469,48.87982226815217
68389,47.98744295385098
90393,58.52543936525815
32949,69.1086364870481
83334,38.52562201716588
26682,38.76279406531173
87888,59.774347604280955
31036,68.98611240755841
55288,72.01495320985259
31815,45.1691157190956
23965,68.7315844929989
48693,48.92630098225698
87091,42.638433947307114
69847,60.039352882826215
74736,43.416145875845196
47234,68.14860589789394
87513,46.626343029824646
88449,35.65514616561096
34887,35.70558924656631
67843,70.6171382979273
65540,63.33003239984575
31900,53.04944318325317
16398,69.33956039200665
33450,39.61954489694828
73729,67.62295913521811
88011,64.55241476706489
32852,59.17892798946551
246,71.24543302026177
16029,46.76740655386733
21343,66.21169358931957
20528,56.54664039532124
64760,61.36223734585501
92770,58.42700004395227
46198,69.82048196231781
97818,32.06710682077007
58238,63.262005122342046
99915,62.30813752506296
89002,49.16021564196863
41962,26.396947107196464
19445,29.0853969586503
31478,53.695613997913995
73641,29.625018652556562
76975,70.00116451958371
70401,59.97207067737886
89622,61.18283342716199
28106,71.99250879434985
70333,72.73971916701325
60295,38.3582021226038
84296,39.05569955152983
14646,35.71595281908974
53147,36.39365414125482
94044,69.90126180442225
22623,69.16044885708186
39112,51.424611828848946
2294,53.85635969154743
4929,46.19336054297693
3786,65.75426511033315
21180,64.56650235329131
101782,68.93685881881221
66398,68.6525250912603
90014,42.90080767970832
40461,76.70288855612831
91034,53.93921228365172
59134,61.83573924989986
35961,39.67850163530191
18184,34.58436912790306
51823,35.74119225221191
79457,39.570493855138075
37582,26.36795526773889
93381,40.390515353538916
54948,38.938838492100324
35097,39.99983717501806
70328,66.2997707020185
101123,35.330688619820414
34416,51.31714721117702
40839,69.63888265702661
3014,46.37520061754462
91218,43.83080958228285
77314,58.396106223413845
82027,57.91792101760968
48134,39.0430490598375
100757,55.12369914421645
1484,54.49830737931711
48231,64.03910446376501
40538,67.79906602336585
78526,69.56851305012883
45564,69.70504067710134
94153,36.44728645377627
3452,70.1284857004217
38522,69.18070406220558
39517,35.99982686790386
42526,58.921058529072916
46395,33.91523569120789
58781,68.73462973598957
85410,70.12720568912032
29498,39.71940349696972
50826,37.941237080008605
47562,49.07693120855052
27517,38.00478401043906
50867,59.97286138642887
17588,71.73871660127294
19200,28.186288555107147
82163,53.83872618722867
63731,69.69591368332371
6668,68.59275686490552
23139,52.409718038152626
47679,64.88966623183939
95844,68.09688326510518
94717,35.805574968203956
99780,64.45243584361779
61441,69.2711604541913
96425,46.027344750142504
64749,43.050137509532085
40300,60.79366312036002
77936,54.44575149968628
3995,47.68699036640696
45412,38.794775392789305
36418,35.48445626867877
3403,52.10037483371317
98183,20.00428083998123
95063,29.979308926675817
87883,75.25917298228501
55343,59.09042479942423
58113,59.24063433519139
97200,61.514765548020065
70556,48.364569574497125
19811,51.627837965057026
94332,28.26763610451184
8178,40.577920888468675
96497,54.67951053800291
71103,31.371529328692414
76066,60.88259048963004
28591,65.67624136447485
24545,68.93678765298726
39304,43.53902614409319
71913,31.29775884939417
40620,43.85309860260447
77429,36.526907354832055
64004,46.8311526890491
60798,54.85443155961438
57282,28.257363063620495
70122,60.73180731315474
88956,69.01565717053613
41212,44.18381885575459
9589,60.76948284856002
101251,40.43358541135016
23937,56.58197562949655
49403,50.710646112444884
55027,36.3687314866819
85232,65.4784390845211
55240,38.78558947530959
62311,45.42480981255836
82990,63.62175087981428
31207,60.85971470854153
16,66.26311557289388
92016,67.73073249074739
30029,71.55267645923061
95263,46.88143025511765
94473,41.82531849634322
57153,20.240008544692465
85500,67.40358641402996
95279,29.096174914934636
31131,61.653089438217464
81911,52.904486439599424
102548,64.69398901027795
70504,58.42129879103738
62104,34.238461180861705
67190,60.827786288205395
6709,60.07814406604852
6350,46.43495599948956
61491,32.22200447556069
9297,57.618770867028026
38804,40.624552304289466
50460,28.590277356695182
37855,61.07009527779346
92671,47.72412865149612
22460,51.49358784289748
47324,62.5437930416372
58290,69.44354035303463
36310,60.724752395660715
49873,61.0246036807051
78657,42.07908390736115
48788,59.95363726544792
84177,59.57854112196699
67746,24.637009390833356
9155,67.9606437206212
5060,31.390689820214593
20126,57.780976363129305
19135,22.364746239664182
22528,67.36032412056909
90192,25.77544351149504
15189,52.67624651369936
88938,48.87606021051842
32889,69.33191081739494
76121,65.64332637249434
40328,52.25423892914809
78051,60.895213823852494
27471,58.24384075185035
25492,57.29595940057336
21329,60.32458132664413
20501,37.007136760193276
81527,60.832309471682045
27682,66.62058556998839
100794,59.113252759724055
48672,57.51306259729034
52261,23.87028741343058
90067,43.86625754434508
49240,29.972164854592894
67106,34.058097212320334
73080,55.72865070382429
26580,63.4023775592376
38337,67.92173073108353
87191,52.43051944004725
23684,51.101107151852396
40546,52.68777832476253
72123,26.842099535532665
85922,57.217709532431726
34439,35.12888999940876
30936,59.60836823295329
99837,68.29014620614065
47778,64.01748599915466
95497,57.673082856355094
95942,59.71966587813536
15546,55.93890245309973
75978,63.07578135136643
89627,50.604444145707646
32050,55.20308142965192
52126,46.980658161088456
25715,51.76105190428513
56513,54.869253488017776
14741,53.22826236935995
80742,80.93416666666667
97780,66.0388764376259
101665,55.29759739475213
75244,46.26737908203495
1123,55.74162488990084
1514,47.479152779120994
26557,60.48967140612497
68561,69.46924222049479
16840,24.582000144296156
87131,42.19974907914196
59791,59.26432767464222
73950,59.81957061906869
6547,60.2592096539345
79961,43.9999311689709
59914,64.8382569580651
46372,36.66182369634955
10262,43.91592578585837
39035,30.321653700047946
41688,31.661705344846947
42594,28.26854697922062
9189,37.94787289126968
14468,59.79665929543134
67641,61.154562134678265
31925,57.82855001696979
263,40.588301457661544
4247,53.85891644995704
79761,58.397827562682714
7371,36.056429182233174
5839,67.01660508259555
68913,59.4590055366879
28447,68.29003027733262
1889,41.110618546154335
4142,65.36172318331349
15012,53.75870329118797
47114,70.02581998691839
4152,46.433957330115845
74458,56.55724023857747
9512,33.57278766677654
37606,38.46029371479648
64121,55.29978503555246
74485,59.13171233008965
16272,68.79092324501579
16344,69.87505687681693
49184,52.010099114851215
1710,36.03629444388795
2627,68.32368664678242
37310,68.40503359774127
66626,55.443108845200115
37864,29.082086127998494
70541,28.301741727263988
23725,47.69652990723362
65595,60.849344460118
55375,54.81756077075093
46564,32.28284812306244
31465,28.28085571195858
79355,35.30202694017388
62649,63.32293551808684
34077,50.61343804427022
76930,63.13660284140069
94599,50.167002247295805
13175,51.96724450679693
65418,58.86833527578983
38838,72.16528059422248
24103,58.72452567797012
44687,27.77628520339975
26919,68.82824035847565
32236,59.67383612247139
9141,48.59559266469337
4981,56.52650312969858
78545,43.503730188297226
99179,65.61489236082785
49870,68.30640901834818
44098,63.49483531591373
52735,13.188473172070832
58738,67.78640139422174
92386,59.217681129749224
95691,68.88208501855442
8906,69.26023561335788
51338,54.49276589507636
23045,48.35195205174325
67402,34.19341976907911
50293,35.38763947033097
9054,52.89138566422744
54233,68.48320024358176
16960,56.55290435266258
93607,59.47113124009317
67972,69.20712823685368
43259,20.021164111017384
38068,47.94115952528556
69808,45.101926268367016
61632,31.306886468035692
11804,47.393588703719786
93306,55.28985538333491
47291,68.06087038576798
32284,42.53558000799601
98079,57.24171833523463
3150,54.54178943623599
5524,51.28673906901232
28859,67.5634960957507
65354,42.12100042210291
68602,38.79049777167327
27898,25.22521047624476
68365,55.695715795101314
23633,61.423319908878064
100963,68.46366666666667
8425,39.45140567785409
60893,64.89249773068725
95789,53.620273717646405
97,50.973160223367834
86928,69.63269205634673
72613,64.41317811685656
10776,37.742183315670566
32388,60.940610233869364
24025,66.76358197308782
99521,62.58427348824457
5099,60.32407005195045
64583,50.791296969780696
26909,34.77863683703281
40360,82.51882214691283
13929,72.62817455637439
48858,48.43435222383339
7123,62.36716278690597
30234,46.11035303362002
86399,46.471889504875705
52643,42.61830456701992
74138,64.21861904422853
99224,56.64854143629953
56967,53.396138544540875
52269,59.964458132075066
53836,41.1800014034979
34867,39.18450838011433
24359,52.30723235181077
50871,39.58868569702788
98922,59.49986272034754
13261,42.02618827111791
18750,22.89975385865469
36003,34.19619556225821
1563,47.56903328130249
22451,39.33970840416957
51351,48.72090787477501
16324,70.12720568912032
1615,59.4361685092226
89604,30.900104985849183
4810,58.222309246568095
11742,63.094960260901914
63179,31.856527919280826
37345,38.47344316967553
86067,44.53476184000138
52492,50.80620351181081
87730,49.09588098311676
27988,69.15512451621936
89700,32.658597743042336
59337,45.76054944032986
88305,29.393322403390815
11585,48.67364173655069
25228,49.93266002795752
47150,66.5301531806676
14982,61.600981264592455
43126,49.294483818349434
35684,32.28927711532057
18031,65.11197724521907
88547,82.28019198481725
23714,36.09176350570674
15342,60.30758216149483
17781,47.54031999612118
52220,62.05902457873587
67639,54.81613859938031
1822,46.740476466313886
14966,67.72568612124893
39046,60.95360281326595
22256,67.01669326936766
69823,70.00116451958371
57255,53.13590260999999
47880,53.037607145490746
28125,36.740182761370676
2264,29.570390835406275
12063,60.156094232966524
34165,45.503461956015535
4719,39.15700609291165
69978,38.81105253039358
14548,60.476888910276124
65226,43.12647227697403
91261,48.00882511760029
64302,69.00139415318687
29557,69.15420762979963
16157,64.89409298450852
20377,64.65896017390305
27655,30.352306881586184
44136,58.049389227279114
86763,44.607282932890385
8321,52.55415669050726
98566,63.066706910609255
96825,32.0008140664088
91132,51.74798404396899
59035,68.60171468653469
70376,52.23439833280873
101025,62.80605931053446
101201,69.50517538439196
7503,38.83614996946951
78576,74.88331738058388
78611,60.99018027043929
15006,39.752546720249214
61934,35.236202688296196
99590,46.839611805842516
38147,67.69977868835825
82392,59.31261842981692
35281,68.17545220822986
46201,65.71461394642196
48345,31.881230559855247
18540,52.50675858134917
77899,64.68387449894114
14124,40.61141525039238
31171,58.782797282625424
35165,29.404967906910414
21918,67.98760492398097
11481,59.607672803066414
38486,40.83536874555944
72624,68.0326437539255
38100,31.5895856819448
49323,59.83300403902331
54319,17.506630957001487
44884,52.375017296112034
65916,54.944288887135514
7498,46.001545842752904
5027,81.09696428240125
2596,31.180243413831725
86003,35.28533136932349
80818,56.20248802679717
24409,54.436820500832425
82607,35.18501776560284
75534,53.082726158249145
77749,47.03169686311724
66029,96.545
63919,80.89597598260133
70851,64.01106447776172
58121,31.574278859572743
2605,41.31737472160236
76837,67.5448032514587
98552,57.56140063092028
22633,49.24464536781809
65880,35.84199944968945
34970,41.87468959866733
66462,65.69736239334718
8128,62.49696530332033
67203,52.541220044632155
37222,44.82855631060082
83360,30.610069983251652
25462,34.57847214249075
64774,40.4155993773402
78641,51.221097327222544
17508,41.831866832094754
8990,47.611260515664455
72138,39.14173186062276
41001,39.11017001899032
17367,68.20591716008953
2998,60.561809516435616
72564,57.302211148492596
38349,32.420831911938464
53335,49.26169449713345
18488,82.0
67586,67.12285427237862
44332,40.132773016465634
48836,70.93160021285341
91576,20.084491661955408
93797,50.83447438056838
1013,55.59753444233041
90891,64.51171205941435
96791,35.64427193851627
72004,48.4412019602594
55064,61.58524426110933
50408,51.8928278876361
30495,37.30305818433374
9474,67.78251233924209
64314,66.95312962441986
9454,31.742197441344512
62494,68.87915925898393
27541,42.30702632771996
90486,43.41412880370877
88147,32.61383815803503
3761,29.978861645468843
44180,25.08871524995985
44014,25.130963183844482
99511,39.000129837157466
8785,42.53779517136685
65594,70.70812959048779
47062,58.83556852266426
89866,76.99070469650907
17988,60.92584667237503
49292,53.87503578168179
32006,38.16172630097712
79606,60.052636732108496
1920,61.18847438993391
98757,64.55225070986953
91162,41.634743603490094
15902,37.95166570379791
84070,45.352300322163764
72389,42.7499861011957
48142,36.249554258516234
80698,64.86200652597441
4211,24.43371247783315
62328,54.15903172699006
83137,69.68098918623053
73447,61.66122931866996
22730,61.50053804843875
87009,49.866513647589024
31537,40.01277494942535
4246,29.868477563612036
38347,59.998586644692644
60865,33.058909411042556
30459,58.826180957764976
45897,57.76090370419687
42625,68.69155176458007
74801,31.47594224620032
56029,37.66795725412778
78499,35.059766408973104
19207,59.69624052003795
25171,68.9570531499
46392,34.62885121422415
9509,49.43218899518376
50334,45.74630970029979
80422,69.33956039200665
11582,67.13111015829469
29650,51.41023744966467
1151,60.36110852883201
12052,36.27347481147055
89457,28.279606446457834
76577,50.5639471042883
46585,69.14302884849
22331,67.71106681474953
93581,55.610133484636656
101032,66.13056832831737
80329,63.71122946485434
87661,23.345760236762576
66045,71.78295727006453
65203,62.1786470440197
94306,64.44121114010986
62332,60.39605889007404
51439,48.59380576142186
91885,59.00222682196705
65176,36.890536704807886
87364,62.41716297887325
84965,48.15317528975162
57821,41.583633611971884
97355,31.660518193706096
59224,73.46520485326401
8441,70.62789244116378
28839,59.5556703943109
11182,69.84725789436868
41995,45.94744272599666
92542,59.22868853769095
29639,47.204311266735466
61659,42.55830778949962
80386,49.68257493658764
94467,53.387384751568064
30046,61.614169784639024
32047,32.89481456105234
62827,53.27345328547149
46205,40.29499904283156
43152,69.60738478774051
12655,69.33684020710444
76084,35.09229869804353
42933,46.67578015540535
77974,52.81639004874778
98105,57.19980814076317
25778,45.900276848880786
20517,38.052065224142844
75907,54.63710973147886
43582,66.74789585592652
61536,60.991245576529344
19002,67.92173073108353
99196,62.55599212066975
28729,48.2412089286285
67424,68.4402696752451
93744,52.28218221491715
28311,38.575650861192365
55711,53.05334137273404
47574,44.091159995836904
56367,55.369616112605506
58667,56.742164545895115
28814,23.50479078749527
55478,51.19063622007606
62617,60.13955528462089
76263,63.234292678026
47321,48.71319446396073
78280,40.03269525873332
91152,69.01565717053613
30573,76.50990506385618
61176,29.465562105599883
42395,62.53429548001844
19922,57.19320827209579
72263,69.17203783789792
27357,58.72603060085926
68147,22.531749543560366
5561,63.98342198327494
59132,67.51458642483861
49993,58.581969585271835
97642,42.7515259369818
91561,14.627251090142847
8884,33.110023908690074
79925,66.02133530386259
13925,61.72160498252204
17452,51.29581037576103
51810,40.801050534316516
21701,36.88825938638122
50999,69.25039810041746
59336,55.42695366042568
89097,59.719846047261
76000,64.38899506054597
7433,32.8247510167073
5514,33.8973185183256
79599,64.11787543627207
47887,48.88611445223865
29009,69.58118976437676
57844,66.766625240526
25801,59.63812676134895
50341,68.59050386601915
13170,68.20542240408635
68683,69.36067615558551
4874,68.04692308559356
22690,68.23167129039015
34562,91.35037226839299
63346,65.61419293159086
3181,65.45027605032902
32950,57.77259486239999
83842,56.15228592997418
63335,69.33684020710444
41560,64.7539194586606
48573,68.13886243111224
74649,59.49940793680952
102306,38.59747988435219
83714,55.07553223378411
70905,57.27737515779809
67408,34.79687940054562
42053,69.94089918118753
98957,67.61766976190151
35783,64.53357771018688
51795,25.32784573121793
22635,53.19982325603698
87280,59.5210299882906
71762,43.20805431294336
35233,47.39111017806028
12594,41.07833765724653
85027,24.91607790358305
58871,58.86322425491217
74756,69.22087423880117
41712,12.103680114978804
28955,37.35992074562606
100377,19.987179940681127
92310,57.0337698616957
57014,63.009607321187914
19932,54.5966695964659
27482,43.23142788948601
60953,69.72972499486245
47787,38.93289215878361
92727,67.5174703056801
99327,49.37149612457134
71225,41.536719825682795
5605,47.155587411355775
86532,52.231749693747155
77614,35.09718347924988
19819,41.30162674194702
18929,46.735146793291044
7051,65.88979107115452
100479,59.421529012600395
19622,34.64015594052336
46176,69.67209319051675
29950,52.61546693714461
12749,26.35340458991558
70969,45.688821341029545
74268,64.40972128457233
23263,20.42037680700218
93710,69.28470509861363
17283,62.2183262865736
23744,69.60738478774051
31801,72.72383314941224
95179,59.0180402068275
53724,54.29130566064902
21826,49.16706424665182
87151,35.715864128153015
25970,43.867318562578646
79919,36.74599748594233
85809,69.52771799136
64127,11.589916281577352
65452,46.04429134928175
73516,55.20420322781351
56113,38.951860543376384
25216,64.22090044833877
92878,51.187203388383125
35084,37.7895577472522
90609,48.29272124693789
69877,61.862181254489094
16200,67.84063668186421
26811,58.99962382227661
72293,58.72594040692053
12026,65.03380861986369
22052,54.77342602445029
2304,29.709656011815795
93163,46.872216414721116
85985,57.11919609246208
4970,67.15948769150674
5586,49.95256086953373
57166,39.06743319699489
30145,67.24462466603656
56456,44.38186833428507
86849,33.12044493326309
25086,79.19251821689807
16173,64.88119375611551
92803,67.77617747080255
82263,58.8037524957141
37414,35.834012443024214
93252,75.70720080714806
48725,52.57882760154057
17183,55.82365577171163
84850,39.37184044358551
15917,46.01772325530378
36578,59.055929286704405
68998,41.81785065306663
100049,28.77437398769193
29781,48.722011987770664
7795,74.25853079382318
72157,48.45921645182063
82337,28.5683406194565
35299,67.80676945142633
89501,66.7930008799087
61871,44.62930451705305
96815,67.58466079163803
82800,65.71133558615765
63905,66.15898334606531
5950,66.88067877661405
9391,58.84044688623514
48711,60.98683174721398
20225,45.849097623852025
38927,67.83897020746485
94746,70.11480740412662
91313,67.03948630372071
70502,36.08870826057984
92591,45.261064274185465
38225,34.36401772438433
453,37.00579164906735
58866,36.0737500347032
101041,61.58608349865513
93898,37.37311665751884
79374,40.71573819998775
75210,56.51087088647101
27222,38.026070876067905
87565,54.966523918407084
10389,40.26498481955471
80096,69.29998728106864
60387,69.97527464892397
79320,30.953622740370534
19543,33.6501833924097
46154,62.82953181892906
9655,50.87918357246712
45680,65.60100659258222
21490,31.148695141556086
49614,67.03948630372071
32591,57.88156371438241
4990,56.777738161762244
67995,33.88091417029306
48795,45.17106819547931
74129,66.23390884055972
94012,33.73831679790821
16364,41.93404500295095
19534,70.1100448404989
102392,65.27232506755469
71660,36.66271376848211
16937,48.184104907135534
83135,55.81269104687685
93426,42.604804729000264
95586,35.140210335944644
10386,51.50175241371495
69029,30.509135550497422
69383,64.83139289253498
55108,51.09510540349113
67913,96.74
82884,58.56053588094599
4860,54.986237640342885
81795,34.68854784073362
91909,61.08517336600373
91907,74.30614056164956
17,46.71834150007644
100054,28.555266439534698
8570,36.94527274385469
23680,63.555066844887214
7561,38.5312098170891
98535,49.65856923378033
33044,64.49140668365649
57046,60.45341586443718
30262,51.694371254508106
31695,49.17006647194281
73619,40.836409503561676
52287,59.3232747652985
26679,56.62270755662118
31472,35.98091167881717
63039,35.408673135300006
18992,44.87678397904132
81153,52.54594849083333
44639,64.42960626108989
38744,42.729708535365575
11393,52.36843604975256
80032,69.52771799136
18557,66.14662246977177
21686,64.55728644417584
7688,38.56995057723037
21796,41.872200135645706
7627,63.51369044249812
59817,59.076513522126085
82644,37.88174381614698
31274,36.77379159923588
77693,56.94959132146892
15054,65.65594968880391
64224,42.38214631975659
48924,69.44354035303463
66265,57.6046377847964
53064,53.99189595670653
25435,71.71145663020995
99771,66.20411717055889
60312,43.178119110781445
5397,52.73823062286248
70796,43.63521422561468
6296,23.13131739456095
15143,53.11922185414058
98629,42.8753128784077
71326,67.71189066056755
23324,35.643139885375675
49285,68.90884563012104
49326,63.87216973223033
28064,60.01573457931382
53623,63.08844203039601
12456,65.14951250912254
30052,60.03078496517871
83080,69.81526019323871
21641,69.69591368332371
27859,52.01029384217659
41763,67.9256983407859
10934,65.39924412718993
50571,69.73271645405582
75921,67.85681693503096
50583,68.5549022607865
90682,48.98991779077303
96881,41.44914680152674
66260,67.5174703056801
90905,69.4761889183046
17436,39.85037584787198
18716,64.63226175107668
99698,33.77782200850778
9006,63.535797046075466
2783,65.35539305240896
83157,39.01662147571914
49475,33.89895482210291
3532,69.41642914593689
48637,68.69897061240235
3541,36.751497379468454
33531,33.52841362937792
13310,63.44003599457506
47091,45.13682178188252
29082,70.86495009683567
15700,62.568644189877695
30942,64.29800981803565
92553,59.05478517625024
76087,54.12576097533778
87511,38.52600170179287
82074,50.48492003635458
82883,32.960924443067
36923,52.86693413564531
98790,39.813220703681736
37231,80.85292154844734
38875,58.85397514931167
28963,64.99711706151692
10504,44.19464549403182
45047,51.055829476017585
58575,34.92466931435497
58962,35.39849316027751
10917,29.67859845794669
59346,45.97262629400734
29348,38.4993757898849
9280,62.02067003351042
28616,57.88544226697659
92863,44.501317264072405
8015,29.885386982265832
42488,36.92495081839226
11150,29.337152964922492
48019,61.428506182298605
46393,47.32378651736203
12386,68.49048617260829
1451,69.20393716263425
92111,63.988050097091225
95813,62.29895857908916
41211,51.198284369989636
64595,26.635945593822203
11197,70.47243009112083
83430,45.73452447879163
90884,37.9195849266928
93641,27.508823505639306
21298,66.17870418350024
23852,44.20750781689493
84654,30.87383210546534
36538,69.14302884849
54969,68.09531188801749
4400,17.08120352463194
80796,13.901536257671287
55349,59.43990251167003
79982,49.592112143301975
50349,50.42485174014084
60704,44.07210286879559
88634,50.581900972969024
18275,40.89818756419021
89349,43.350125103862965
60715,40.116017040655514
26547,36.60859231112792
23166,67.57773056903316
7042,66.48696309215767
22637,60.35503473334961
2091,36.68031959541636
41485,62.720831926339294
7904,61.68499201565984
17148,32.96988379241762
44066,68.90824469163017
69438,37.148077151346634
35454,60.64821337794224
34976,68.05926714148588
7282,66.60007596327443
27615,31.668163612260678
67005,70.31483099310742
14930,73.06196067954396
39126,39.46111521649327
34552,69.31582477732054
50128,68.64968455157822
86955,54.870162964700924
40991,69.96483187722455
11296,39.77184674703304
91107,39.23474550653657
95752,46.202342506450776
8146,59.69578682268275
75078,29.86387748644255
25328,66.43012186269156
27608,36.15423636617993
58921,54.5867446599124
60501,31.311852864740572
82463,48.8436954006735
91837,68.41430087581722
35122,48.17426555402001
23881,73.5123989179605
13108,67.71106681474953
38161,63.65083611944756
21814,61.37266323904931
34399,44.438851667756154
15823,59.122504398918345
64933,66.77463470235335
40969,39.322978090629526
63807,57.04875941647306
43958,51.321460950501596
36305,60.914046505398986
32794,60.64437406175385
82398,55.457842518928075
444,65.45793162469884
48867,69.87308826840767
37935,52.44816866089863
28038,63.39857248643493
36897,64.27748802505647
34918,36.14219091701743
87746,64.11492376417792
48962,58.527025403994706
78951,35.51425695748328
8737,57.94733328577827
87971,63.575724306151926
57253,13.195838577264345
34594,57.518766754012596
61249,50.79183097406506
95911,44.33223407296223
36213,53.80864493565055
31863,65.77121312949626
38728,15.992293356061289
72792,61.21271615497878
55873,59.61705242256241
28756,34.973661690979455
49033,98.0
62451,98.0
18910,68.05481246386114
48859,69.19797707906493
99519,61.11450011266976
102236,45.891471769146385
38429,35.82187478962285
101418,66.35625586238856
25488,50.65447526231572
14038,69.55663554842306
48061,69.87308826840767
70119,40.45346218031992
64273,60.73755900783571
11917,70.4259951666475
78212,40.161324677379504
63922,29.096034875832284
65592,60.86544283975092
41065,37.358205559649065
87256,58.20660408374933
52190,69.50303067107274
77681,37.503439271124925
41761,70.6892026101007
2116,51.64055307654244
75903,63.89876390659961
28170,66.260100839401
43833,61.597157723481516
41329,60.25881421944646
46380,70.3106197787131
61466,60.09933666836564
45487,33.52616445002222
82840,37.69901194437476
56995,42.93811032349494
4493,35.474952140199505
93315,52.98320506218783
34348,38.971934244367645
51831,71.07632261355738
91665,61.596463917628796
19562,44.60401438293431
97351,49.12184506419696
82710,55.482846801320136
88924,43.92562762282123
61034,23.561940892419315
8484,29.756801644198145
30821,43.20427404522424
12364,61.19030500150515
5303,22.525707441804116
25458,30.650572355492173
12974,37.628898555186126
48452,62.32101306824974
50528,35.49047915360846
91975,53.837647612585144
44603,47.579990149570264
60408,61.35226011126897
82448,61.75554305552894
45288,34.81871431525173
9373,59.47105637978155
101847,58.503693885966996
39694,53.742029800288044
35176,70.39685753079816
50237,69.57040009312185
84448,59.71562801813389
16058,55.420263219810714
60274,46.61824101081805
51507,46.43139891680594
22933,59.23727875134056
41515,56.26276802363862
88501,67.386433098593
19084,43.35486538712566
81908,29.23818470676947
82130,53.18733059300141
84680,69.6531971480164
31129,56.55267514395395
89083,62.05902457873587
25809,70.69459043156655
88418,44.89850408732102
9422,68.60210006928217
17973,55.99613193641276
43978,66.68718145517755
36422,32.739859760042386
14599,21.100187487699028
97727,55.20559158730105
84423,46.711379696382735
25638,47.20908376735289
66951,43.935061638476725
48686,64.08435269252301
22007,68.22141592512052
2799,68.05640280340288
82774,46.81704262974008
80353,51.489637048398954
7445,69.67350908365634
45476,51.14779688902111
16580,59.080826168059914
30925,28.3245918225779
99907,64.13220465503512
51623,54.98271571527205
86470,58.02440678229562
39610,31.91726997707297
14275,53.5839356920674
102655,31.978099646345736
45555,47.012422855858624
73119,62.98047578182081
9011,34.19169316371171
89496,66.59954446463256
88481,70.5958440658705
49908,49.95749038158959
27562,65.03924158582419
79438,53.88511240794583
31527,40.05565629897072
28234,35.24591295040041
64506,61.48497104850743
95259,78.29038578738637
94365,67.01669326936766
45556,67.89035861852636
3517,72.59712733198228
65351,56.128628598709454
38432,51.721764036461835
95505,70.86244275806968
78156,67.5611035890098
77105,45.93894895026833
41266,43.48451878071177
46840,45.593830640472326
57910,53.18837390964132
41809,59.966658898564795
94533,62.600499862318586
49568,67.5448032514587
50910,62.32544134111773
30253,54.28733208612507
22158,64.51362322306417
41731,59.7406649888137
78269,40.72682214368478
75670,63.23507866146522
92816,77.52021607769184
60004,58.764139048511616
62167,68.79183895621384
73727,42.933100232240314
61954,67.67625171604678
38148,44.60462198546334
82854,43.142361938342994
62665,72.39519307693135
72875,69.12337380469137
26143,60.386018438424884
71717,59.35345678652429
76753,56.84987708318652
42182,59.10252351461976
55006,60.232326536502626
21673,45.15659102800003
87664,69.14961373292728
49244,30.216975673995684
6192,31.063264928753824
45550,36.99923653874188
42986,56.22736889867241
69886,45.629784687690815
88373,38.24013833461531
99456,71.70117600028661
14890,46.65601325775001
42054,40.42306170130533
74656,51.02283105163948
92516,40.24667110401029
42025,35.110866653703965
43557,64.82720971314387
73284,26.402534231332414
66268,68.15594416081291
9967,56.30358252762816
26105,54.83312233812573
13802,58.977394221666074
92734,54.66377614526222
88999,59.45228968855727
66461,74.79121248547898
30696,33.95481090664646
38109,60.27581513167813
64008,67.73073249074739
98686,60.47869618682802
100867,68.98901440110893
79552,41.43537036512284
92875,58.23902055096768
24952,56.894899358213706
10578,52.22113979566423
3118,37.78697777389002
75482,37.791048458431106
63589,67.32066268054618
7876,49.6163345954193
45916,39.075335012334534
78979,66.29784237442377
7486,46.959676644003686
3729,67.54863969544517
61690,53.64599382363807
21276,68.4045
32053,76.15633022433009
17792,56.95938923846944
54267,64.13548166237072
27952,55.151807538981444
82810,46.41686655814819
42104,66.5301531806676
29224,20.2748525890385
29153,42.98293431266111
3963,56.311505231131186
64356,42.83440614654217
75134,68.16168516729167
82985,40.378330662015905
68786,38.761363968221815
88911,35.29534792959962
79267,68.29039186422119
1214,66.24644695402051
1025,64.89549271074442
19375,36.952119595322685
48548,73.18895992954008
58267,60.51185126347179
51293,65.93702182189581
8910,71.62006182391654
72526,63.81223364929351
12070,47.18030063879291
18746,41.315158572982725
46749,40.83063005755217
16889,60.2386301550847
70581,68.35950015602714
27344,61.37376242687856
36411,62.775581003329236
70199,69.74052617547801
17971,34.84979129135975
21578,64.38614313712974
9944,30.243246596057705
26148,56.115189623715466
97326,70.12720568912032
42061,51.74739029308043
83091,50.16516490483973
6518,58.51632219357505
5418,19.360127527650437
19656,53.502788834992955
3888,65.81206720020359
5102,22.91676968642013
44219,50.68731458117762
85746,45.70232430316958
80399,45.15784635245227
14925,19.058089911902247
61099,49.04408559520336
17832,48.51968974975833
73917,59.35202945589915
46253,56.91677918964881
31486,69.97527464892397
36623,42.70202537411565
32350,73.84586529803255
101904,24.42858031663849
24055,59.666518287262114
53053,51.75018153268492
21953,44.96848720983354
80474,66.68672960431053
27141,69.74052617547801
88435,58.06272090970537
83348,70.73265279670744
87926,54.74595859812706
93274,37.32637139692335
86013,37.25007633691849
66710,54.70528373626089
39480,34.42515507519461
54961,20.320053370606534
10062,55.080203009758314
77215,31.281169885994522
24078,42.92964477778377
62640,63.95170826233735
74923,44.44998296573857
97770,57.692259890597846
8686,35.39030697353796
29897,68.65200367537177
3832,32.854095113388446
53889,34.042788213364226
79153,69.47362502453065
28908,39.70711631626465
19597,68.52851706340292
89970,50.8562753826901
69692,45.84104575471356
88970,62.35779223027981
4203,40.54047567554977
34629,54.725409293121345
78766,67.89539173189745
26499,70.89314228227255
96223,56.130612350381035
12887,68.21828671343307
86625,70.42029508104854
96498,67.16329009165769
101186,59.93501326867366
59128,51.16617059493216
19096,74.02336463907739
37390,25.968326541335664
18265,69.69591368332371
20479,72.07614215668018
27942,67.5174703056801
39562,33.25008363019047
57440,48.45578409038859
88747,77.60194350197689
39651,78.7904561515479
11545,61.70797087085315
30353,35.38080749033733
24051,40.28927543397663
54758,58.74706160649918
11056,67.1917239939313
96072,70.23014771484887
90824,61.162422779002654
28186,54.697272967688384
1682,44.111788059997146
92945,58.83300395216549
49928,27.045448038388546
51245,52.63995703476878
18762,60.244133684292734
60518,61.98549720073356
22849,42.9907828109378
91279,47.81057683360305
80874,49.975315219187586
64855,43.422041683533344
36844,58.74729846132078
50624,64.38239206884352
90318,67.06335707852082
22892,30.224171596145332
14957,39.73250654292957
67856,59.46047109386713
92041,31.19163186613678
95891,39.51643708561157
24430,69.41833861588499
78692,35.38462442025211
43184,33.58181114707215
49708,35.7318211796983
31585,31.981778277414683
5560,66.45669727571635
30926,49.5217273045304
35355,63.17764991210073
20448,49.976525652229036
61637,58.785823572929395
16581,40.08667112164154
21728,55.005260516146684
96641,69.74052617547801
33242,70.76129671562782
14214,53.35615054924038
19966,50.87861111321406
70229,33.53703534059362
5783,43.542750805970954
83944,37.82083421394159
4304,67.40886694097694
101526,55.48360397054644
33413,42.28656548697547
98540,52.39128208268137
24965,31.45624519305195
10961,53.63821454172669
75640,69.28393363028377
21085,65.17323940949545
59697,33.43944728325329
59807,52.25589329808033
33416,47.92148577767184
101895,48.83153411720053
45511,67.11926663830194
42559,29.838128691468786
23625,55.32196009529609
97966,64.44271967742397
79295,35.84698630821331
94008,69.79414185570609
62769,57.20790503745511
14820,52.09538509547707
77277,49.24780708965208
6377,39.62916506099214
13189,40.95019255114024
63288,57.35142310651645
34957,62.60031694556661
71168,57.268499516445075
34814,60.88750566307838
24521,48.51485462018104
98074,64.48649261320602
98926,40.79422476673554
22605,55.24017003151684
80687,71.19212243647375
52132,36.07620821197638
2152,41.38064207021475
93398,73.38406558462717
61162,39.70670686757398
35764,55.21793465605853
14719,64.3596123895827
99251,61.06159445220438
7303,46.02411966158543
41610,64.11101800629228
67973,22.203215991952725
46767,69.56170839434498
10494,65.43461037467551
56726,48.63395436328791
36001,27.727243172535847
37076,25.00258228992187
85994,48.902161710567015
91016,59.961441901708966
16634,25.190163296082286
70870,26.35051227371395
31972,38.02426539387247
4672,57.55525599333259
69729,45.03179662712205
88496,67.8294029290433
52206,46.36962808514658
33986,63.34535564762922
18646,46.13769136337387
86428,54.35970544468254
38614,62.508266698142805
96226,66.49118871510272
19707,67.3086275234529
51012,33.152777462982705
52601,61.80604489091628
79836,42.41793367987132
78726,53.47274597377038
22210,63.837600765003714
71208,43.71637772065711
54075,66.14504306857361
70627,48.000550700446155
32213,59.224543003114114
90460,61.9267020500358
24090,48.43086584841363
92130,59.71854463097609
43580,64.44340817734312
26848,37.125210111367686
85966,67.50608607336657
81830,64.9536236296433
60565,60.045205587681814
45841,69.49305134920479
7621,47.367754509968655
98425,54.077080776495286
69740,45.32191707372019
31262,65.79387866584831
39080,60.804642575231654
66018,39.53432359879458
25187,63.891136142032245
12298,60.38162395732066
44727,38.356375847981646
94381,74.62949349836917
1869,34.26907245556488
11437,41.86302445311466
100992,61.46684002616891
78730,61.070334632554925
10319,65.61631181599317
22958,37.834210909738864
102680,52.13244381518784
9515,68.7852838160712
78705,32.178474537320724
22030,42.989858522219485
6878,60.65786441223974
91841,60.91955299744789
49342,62.303479875873954
92131,31.19824825290563
32989,58.9255667010892
74925,47.12789232385663
57740,67.81403424005178
98621,47.15946663014754
6767,25.981176502372623
72059,53.17145190441197
65634,53.3466540967823
62352,43.819677285246506
7529,65.72890372493603
62602,42.24519738435011
68411,60.42981735414086
82285,57.368875728367385
35675,35.886153545559786
14356,66.56311122133856
10194,58.84987146554792
31114,46.676276714103615
51122,25.60338707857413
97860,69.92022860096868
2889,61.09418006709561
52136,59.20179243580773
18372,58.72216133527938
56473,67.4475787592363
8409,66.42555861218153
78446,40.268250860620114
101202,59.963065461811055
26152,53.96152185678765
49690,50.46645070353406
62264,56.713416943248795
15297,25.792066510033052
50107,53.02167040469038
24384,61.04551256177424
98133,61.65647471903954
63840,58.743733051388446
78407,36.959866090183844
100449,59.76218092393142
38035,67.03879983844402
66819,55.745765146851284
12309,69.61329698872372
29536,69.86536340710856
64834,57.772200390058345
47327,60.46533870233305
90063,65.97212606389866
52382,61.91555399996777
63228,58.314327209161355
59631,27.10235009764514
29984,69.07283087825627
20031,38.703364037854726
100258,63.636230744231064
59558,56.32433179688822
5184,67.28640961954707
77353,57.32958227784398
16503,47.55806874830484
57652,58.16819939890086
51924,60.36622893349313
42761,39.14928283938341
83532,40.7194114039649
32561,68.61180468426774
20896,59.424288720596934
15875,38.16163851856066
97554,52.21501368930925
101568,56.49364911029616
70743,54.067930910396925
55602,53.330499517530846
82842,55.623549372956134
32453,46.365879454584785
93981,63.46949648959739
77000,36.25935583779314
100526,70.4259951666475
81355,59.58002988137185
1338,77.48043495244421
57732,51.5902346526787
8659,46.83062733519657
58817,33.50738129453295
27938,41.65065965785653
68607,54.5868027784921
35497,67.95144047039034
102412,55.88837167168092
60458,63.771456510749815
100762,55.94234987417788
86553,35.9181058630392
2842,57.945987854754556
49519,61.874602640735844
94774,26.171802366289555
92445,57.14242518160091
7185,67.03962149461356
36888,66.95991389027098
53877,61.82651084325783
69530,48.17914841572837
95969,64.3019719176955
8571,68.60210006928217
71602,67.88123410543389
64777,36.95733842541455
15015,50.920487468812745
21914,55.97081609233159
85291,36.92935256529514
77705,51.98036996126993
100737,65.89119715338919
86602,27.949638990151907
64051,57.078365556926535
81413,53.37322232376269
50588,48.08548407959665
84740,27.987823847202613
88512,45.53512271764639
75718,76.68278299062034
65330,30.561733122245222
76463,50.58411166832307
74187,52.50319214643575
9486,66.803112216397
63771,59.771739004404324
81244,39.232646629881195
30784,59.13760308736174
36703,52.45046845481871
30662,46.23867489874282
83748,67.94580763682943
99242,61.744138148573704
84333,40.777187799326875
10263,67.65934624144917
582,62.47560707400372
84681,39.25272757746447
16057,38.61782212211308
47458,63.75283038513298
87708,58.42745416307246
88981,57.810636977310466
29612,44.882435823464796
20632,67.22134353513934
44678,51.966605197438575
94284,71.18381716681895
40699,36.43118555683958
56903,60.758007551340015
37849,64.1785200669839
97192,38.227543368055514
2616,42.75058140475224
10512,37.17027910379533
14555,37.943974276631785
31580,30.492867917005313
92420,46.50377841419773
16699,68.37797393409907
62191,64.98183634188764
63224,57.81684038000398
76514,73.46668002271831
95508,67.71002832775244
96281,61.96387695900203
54402,69.45978504216635
62929,61.301781715220216
21507,47.946951415695715
60019,68.11113635633383
77952,57.519015772041975
70935,52.764873526046564
40689,52.62349587921033
16020,50.261699379453205
91691,32.04332459673151
3331,65.63170585121823
98158,58.943227800413204
70791,36.64388192389034
213,61.86504997647957
77491,52.525353930528716
29164,69.56185491160456
97934,46.30463441268119
25039,40.371767960588365
61217,59.749158085864195
99750,33.576299072936024
50687,30.348423304893558
33667,36.511221876783345
35001,59.02262329877257
91006,66.09134879515913
57583,25.984864809955877
10474,38.57645100725767
100158,26.578364323533368
94308,60.735373853758695
62326,69.5774952515188
55505,69.77730618634918
46435,67.68484211783186
39912,61.61342643719604
98393,60.35189827411357
35398,49.89345273078736
299,46.13822067972367
44181,49.30298998318953
45901,55.618232669016336
18606,69.59375101283909
35241,62.90792266337313
22040,59.16020952717494
82127,53.12445661586734
68758,35.0828807844044
57538,40.466473678650026
68650,60.692017339122486
34827,70.67488620012381
101854,48.03939498882194
29386,69.33634052204509
34947,46.490608936018226
47367,91.42503893505963
54557,68.51270751797705
96699,96.675
16369,40.4822961277402
42318,69.2947721457416
14945,65.16130133274824
33612,66.64835646895372
52330,61.129822448744314
67708,50.81948221029248
89345,34.613496585283684
56010,46.4627232276504
68973,34.38374535394539
73474,34.52145537360817
68963,63.03931760279193
53142,63.45024092894066
65655,61.99029690143074
24535,36.35776367015761
38242,33.3006171558613
20492,30.779961554124053
43423,13.707534712185891
42236,65.0917931466748
56127,79.69335951995473
22662,55.120455114873074
45536,57.14062950405252
83425,67.46796367476075
69623,30.15623323944062
70273,46.77596796722218
48234,63.443413190199074
74994,46.31557895281333
13223,51.709481854609386
62761,56.89707582993079
3222,55.35095435473326
23949,69.50303067107274
78240,17.146231115652498
20392,55.025402049505146
27905,66.01962995415664
26689,56.33948135783517
78443,33.30376832822836
6103,49.48528153205709
21562,31.141484978978966
4316,64.01126654666945
96404,69.92472409776137
1759,37.46395513070126
102321,49.78736952599488
9339,47.17969093206813
34451,69.47473335238222
96338,38.38371828583616
51801,26.24394640202792
99925,30.959910352098618
47709,31.475278303246892
45522,63.57255005171067
40331,55.668718352614796
96088,32.591015430802415
33022,64.1707880696546
63263,47.9774389494205
11480,72.06016559137561
51197,61.36908703295054
60860,30.707865791816467
53744,36.77768602539772
63601,43.18164498885178
33851,74.15614056164956
73227,26.8302798155682
41246,55.88372005238749
82747,51.36237250808984
18658,45.60981181402539
62845,64.83323672828058
94526,47.56352685136748
43095,61.53377742103777
80837,64.5819146385119
57402,39.80191633736495
87200,33.98314212683893
101466,62.62225629959572
79399,69.5774952515188
3905,66.08305269357449
97811,64.21639345897152
13518,38.28967952594302
93822,36.358865108304215
84701,55.92276234074974
29342,43.858431416253865
26777,45.74108300884202
86947,64.25498202829685
745,49.89588878007356
48733,63.88676432977542
25422,69.02129205314591
31566,51.37854756155499
8118,57.072033465645866
50392,52.483438415866004
100488,28.426264539306445
82678,46.109091090496214
78756,60.187968287810236
30161,49.74141198536465
28394,62.391050743809885
70723,59.821366503717066
67623,44.33234552722186
61700,69.31492028015937
44809,53.10432875285532
86485,68.05481246386114
90850,68.37193633588987
95652,31.981293399723867
35886,40.81854673517147
716,56.87514094679494
34149,60.571998906951265
64836,71.00625108329423
22804,66.95026529518394
51368,31.312214872844326
84943,71.34469804756067
62777,49.979713248029974
42466,69.90210133373391
56272,48.93360230522217
2361,70.27129322725035
73312,25.508899402517077
34824,44.912846288681465
80803,42.74691125121597
40912,69.18713412358957
34109,66.123343342269
4925,27.351632243046616
16264,43.89586193551236
16893,65.73272581379089
30851,69.37715486821418
29838,41.78799128829105
34849,53.678949940004756
21575,30.393720190730086
30920,49.988818817610735
100408,67.78251233924209
22436,51.436776069133856
6584,71.1757844457923
94453,57.558835066670916
84771,68.45461192195897
47342,49.84192480530059
54359,68.65609044127638
19773,72.22758165798719
11287,65.7196732376185
80960,38.37792555383754
21819,33.410036090922574
89601,67.01512000375239
31741,49.57267025856667
86616,64.79544964840706
96294,47.18704572969098
68352,42.3540774793915
83288,61.288374190248206
94261,41.66006651837354
83849,58.91140641189321
94062,62.218751953172585
74816,63.56444000384457
38291,50.544488995020586
27019,48.05071732778819
17226,66.90606868959486
48492,71.08255031551758
4644,40.0516141771409
84864,62.0978202364534
8199,64.95810198106419
97686,56.47199254456142
18478,36.44336202943573
82363,45.161478943769445
35734,58.3539202245613
58571,59.498784747743144
10968,59.78234001324377
43010,34.115038936302795
20749,42.963773542475444
66549,67.59302061631429
1028,26.78835193767412
94532,44.40958525646578
66990,39.67107266138167
41921,58.70864494686491
17404,55.38271643637203
75182,59.649234887068005
92489,68.95226995483057
31452,76.03214828347569
93849,45.97355764819944
45176,60.69162669299131
22015,35.842838447184356
81024,46.68397561160545
99600,52.64189791860748
71454,67.97347107948892
58064,67.15917496958632
29043,65.60856510008658
77065,47.54699679048439
49596,38.29303204448345
84022,50.18950828134594
54048,47.94527628617106
89370,37.925146217795366
44446,36.96549940475982
64541,55.45952125624197
97405,57.51840104985721
61412,61.346362431058104
80343,34.2011519945401
56025,64.31068881281263
60369,48.76152171486643
81134,68.9013125401006
64507,31.716140407956477
62976,74.93039788526099
24751,50.467994232724884
58194,31.160877061935885
52002,69.79910821342925
25530,62.151636790668874
61221,47.04002258101121
22846,69.08002214409554
55633,67.91054614298145
55094,69.94850712678854
87169,40.86872487095281
71340,72.98119755340213
96218,69.72972499486245
66664,57.400089067917776
84738,49.727090040678405
101747,59.379212202741655
7938,53.42722097119995
42124,31.939271143536985
31045,55.96661488933507
16240,48.285492864206745
65645,57.82311315804967
21923,73.5123989179605
38518,47.903836174236694
21705,70.95556497220026
41413,60.80045804842539
85801,71.48839936177446
96731,41.25743902361329
58220,46.586087747220105
30112,64.45903182689219
32074,37.88072892334371
94506,37.741585097809086
12714,69.71072544497933
4416,62.98047578182081
74786,21.726126676060105
36677,25.694568993338127
28994,60.3807679506113
90077,58.29823110147524
58331,34.40199983948701
45393,61.8561496991401
48080,59.14036673438516
1695,30.889582670235363
11457,68.50820217552476
96579,54.51155678100605
6560,35.62727974203614
66337,65.11806363865527
91081,53.724341085489975
26061,32.97968286939923
29804,68.23809365536417
78769,41.845856009274875
60454,25.583630342160333
25440,56.37682864574234
62031,57.33988167634697
72489,30.566970782750328
94290,69.76313407218476
35504,41.70678547999189
2680,51.55914292552656
1665,60.54567858065682
73022,70.408885171807
32941,61.39296958747813
30476,49.299574323118165
84938,51.2784702186432
95631,47.697966102760226
95532,49.332977991664535
90919,48.541560934881765
52561,64.80667185879258
50257,49.22545452033557
59190,44.8236236421821
90210,35.71192987778131
84081,43.7365050323218
41023,49.32667813536809
95280,42.16356574823517
18615,64.52410259017391
61671,36.62986019844676
12312,69.352722759093
28387,37.40976925992093
70485,64.83286136799762
98302,58.97259545305119
97392,59.69907737967759
74154,40.19061516501219
57836,33.201880026285764
10396,57.99234005683204
7721,60.01064496339088
31912,48.60326455433784
45911,57.09905622105684
69812,58.80060332906254
65406,59.660409386613416
75129,60.722008028299044
36568,65.67875496789017
82436,40.23058410317001
74012,53.401693633192906
66171,61.581993133669464
55763,51.88757166506694
77466,57.845977094847825
196,69.55674846990604
68449,57.99361450349689
8429,63.5740074989025
81458,69.10592788542793
7235,47.6814586900726
14475,57.41685018216532
73246,65.78847402495522
48227,33.69830855758479
87164,44.09754243425762
50346,47.475000968742854
39572,52.22776033979774
68063,47.82133761101376
26101,73.16573225129382
58006,69.37715486821418
19593,69.06653155996531
9828,35.01811803912572
11110,56.89065926385121
64544,32.71040004313366
13119,67.76432469759051
31598,61.919772398228595
51591,47.58976605904595
73955,70.4259951666475
51858,21.18483262433733
33204,55.2072175904706
55443,30.850556922419187
74861,66.43687842632322
77382,29.56737024107141
43467,56.62023139006565
37767,52.17127442953294
58351,47.352025153236625
41479,66.06315550475446
26550,25.80326592929778
16726,27.707849988855934
9109,48.48496919613237
90870,41.38049951383221
93392,72.10945833333334
55432,30.183832384750023
42566,68.0505329359891
699,60.83952369790147
67412,70.77567339247778
12722,57.875566339645665
81878,39.602921140176306
94431,44.050075967502565
22835,50.21783177075353
5970,53.02789153537387
65647,40.51455151135819
61127,42.7007361473539
20424,41.57529573070408
13005,61.81424322108965
59294,55.27471674288011
24888,46.565178428191004
75449,54.91466244871297
2897,54.721979374169194
76407,64.14874480455421
43531,68.30274117981709
11512,98.0
78149,70.01656214766354
19711,57.14087461913684
12645,29.72327413011379
82558,57.99590001352641
42031,63.63999672308816
6449,67.2050283742745
58720,69.6531971480164
37094,30.576092645282323
3352,69.28306760471796
70936,21.96991607300098
4214,42.41726503992738
73487,68.6090881547164
32539,43.899652051276504
27165,40.434255624101475
54932,46.80998687412249
9108,69.258734578278
74940,68.29003027733262
8789,70.42073812410712
58095,21.6681559834505
96044,71.20308590484063
11485,55.947156013046445
70260,48.82010419455079
98176,39.374185542987604
87646,54.89036434019253
19592,19.122931965817195
57599,45.09230205202739
91812,58.78712221585773
5787,42.5875200643328
18571,58.74102708943582
56772,64.52353347764624
12044,67.03948630372071
42209,66.21665543154614
95487,42.22449884432883
35011,36.434695025239236
102326,25.81138661580978
56204,46.98044076421499
65683,47.20390751248218
67489,50.02381706156264
74794,30.59489512740743
34303,59.40966197240641
50207,61.46068470949925
3260,32.73884999514206
61701,62.907873664921205
75894,40.606192507226254
83465,54.484632624886444
44440,68.85416019417224
89950,43.09463672634625
36687,62.73498996782827
90052,41.23316463697124
76786,26.7746720117301
44808,69.0350440908233
84875,33.545963173711485
30257,49.84362129435827
78821,65.1692266768355
44505,68.54032029245396
60809,51.705525433237035
8364,56.27953914887681
64221,37.52238865151738
30063,21.586741200979723
11738,46.34102035857764
64440,50.28077376709222
56643,67.15140643981495
26454,49.03721221584813
53693,48.70959187199343
16289,61.49042649458368
92846,40.01261218270472
85266,22.65021546856154
1877,69.00262962086717
8779,42.5995993425677
67890,42.58170732461983
22952,63.35430934246591
106,55.14808360445844
13705,47.42995070327017
84492,45.02744147475137
62455,29.377371656789272
59898,65.39446835595811
57320,50.78683075754092
31358,58.28040408271086
2713,97.71285714285713
14222,61.296724893080835
12703,47.062649180658916
35401,53.194891109284455
54135,61.540062786805514
58518,33.042757098926906
9260,66.92412540342357
12322,31.10306940752335
43030,43.54405094949393
81197,46.6240138733995
56594,55.880309494053066
98088,49.15021694191282
97413,45.933719992480775
51060,52.46011714282269
35524,44.69654377579826
14433,61.14649581913825
45852,70.14517184958953
53171,61.4827976987482
87090,67.53201428833937
63325,67.19047128878564
21646,62.146461669533295
48039,66.06315550475446
13939,55.856051087025456
91442,69.09051866873901
54194,69.33424209360784
6438,68.55542267833356
44516,56.20153112396571
19120,59.431506863479335
41398,57.22977334459377
40470,64.47769511562136
98874,57.68532246144018
89665,62.66245280823678
96375,55.01389512962238
60370,70.03917684051589
48700,53.19616675270326
72884,50.136784784418
76936,42.458447982106684
71999,55.819948774496886
49639,60.845250928585564
85317,83.93833333333332
62246,53.86988940701658
8946,53.50289582035641
56134,55.99849158350241
30398,59.34308688981255
59901,57.261977268391895
12822,31.878430228526973
61841,36.63605287023488
80009,67.9013855134843
45209,67.64867327886797
61387,53.07508648847043
32334,67.56487124065296
47350,52.20626338870637
797,67.79057728044404
44352,39.53346208723908
63959,69.126999562046
87124,62.61998258181542
47127,59.436825838778695
28441,53.99702836835704
83857,56.068197930098265
83372,61.26420483539566
79155,67.95463804475693
50937,33.023478143593266
89516,50.429366463293675
46491,68.1352635147896
29095,57.006942194801816
40544,62.394702739578015
24775,56.89397718700661
74037,70.96489688236753
29345,50.14943954629899
100497,35.606255264653
27591,67.75592312433533
96268,69.1437231317138
84420,39.616004421361595
88986,62.17233091809422
12886,29.331261277165922
8860,38.79749926571595
4385,46.42267673026348
35548,80.76784548784548
17583,64.09451079460003
13419,41.42750330167427
43628,65.21914403242529
30150,24.869520405498637
31115,40.586389920171456
57814,60.495044758221276
75938,57.05054486158574
27974,63.16185492576343
5048,60.22672097446234
23894,26.68707696004378
14941,31.33486535432048
79123,100.0
76874,66.70634019098874
319,68.4946680520716
93105,68.85020364517399
30713,36.009986638885636
19105,68.44921286622817
88972,47.240798444047584
9491,34.37468260306891
99010,34.93714463141811
68008,68.47328440323425
38456,51.65839678778333
85437,68.99957488233622
90264,43.18357136830416
52617,71.08255031551758
22357,63.06112264586538
39594,65.39131730085829
43351,51.21315328510768
22162,28.343422121469466
41214,69.59094448086165
99238,66.38196953981097
96898,28.907975976597456
6611,61.78620612075738
63354,69.12675641138625
56408,58.63750658336195
13573,70.26394445889119
1550,62.832395155186184
47304,53.94913098845242
57442,33.28019598467355
2335,52.53515292612278
3191,65.23291280218172
65925,65.61631181599317
63485,55.21063685733946
23959,33.85464725980331
88364,40.93516294019385
27249,61.69912387143694
81736,57.016061403342384
37315,53.23383730355258
26874,51.66166736187405
72851,42.678378841726044
23601,59.77069536811983
88271,48.90173338015056
3246,28.361616794621085
77750,68.59434245499138
50578,34.93118357797477
11727,38.19270772990442
93298,28.951964824737438
43449,61.23460623284534
71179,61.07550742302773
10265,68.01354760311767
70637,69.37715486821418
85341,37.85845722983939
68700,51.7540311381272
15164,67.16709635979097
44798,65.03075934594162
68151,29.986316740690512
63120,61.964921888065376
91832,32.034791174975965
2414,66.65650237090472
31956,40.51274420230279
81930,60.842510695422234
13761,29.21838227649801
45658,28.103976220181444
42752,49.95149802861988
53703,55.31844011029742
3006,54.11188999065459
35158,53.1153261653204
51981,49.59927628046131
68657,45.295419592684574
85850,64.4458907399211
102656,66.74993515351893
67767,62.446076280523776
98073,41.953244261268665
90339,38.84425610074104
44304,41.8033065984485
100907,52.9079136483921
100501,72.38835974359803
63149,26.550081647928263
92400,33.831100996314746
94312,55.57187383235377
65525,42.20038981863652
49444,67.88936622829084
7447,60.67960033611438
73804,54.85925241965879
56453,58.77443503141646
41601,42.64323192852939
35210,64.08887910538893
61357,22.630314904507404
26404,64.41184822764266
83615,24.745402747187363
27760,60.13374013468459
20340,28.909815285457366
62409,58.86849083399403
31934,61.93282111408307
34029,59.911131492182164
2046,45.33342648660837
20105,53.87642006085768
18343,55.67197680047248
12679,63.21200495187378
3151,68.41146934869369
88428,47.873752751990885
79831,27.974973078717895
20265,44.44496821219254
54629,69.02641100073521
92218,18.640634932162612
54945,47.30957572962748
99537,57.305919675324894
25499,37.83537695083598
15692,56.50561759505117
48391,64.97385935237628
48785,69.16837479860291
24779,38.50508275559281
41439,49.86530479183727
34028,38.63367774345113
34765,61.17067234613329
70999,38.04933911985404
101534,62.27844783482365
17222,29.43355164117713
60227,20.981734505130074
17639,45.31208810269463
87517,56.942045687922665
56216,53.34574214888993
28182,22.529127229556305
102432,69.97527464892397
60241,59.48102619831932
70391,54.84203665933528
30154,53.530395782221895
69101,64.25198370558661
21433,41.23348890179233
56158,47.03224840963321
90101,46.83838408599162
101076,61.56719920585313
88709,69.47821946918559
10032,58.15094637055423
47497,69.68918276602182
3833,70.04957748766537
32363,36.685648192785294
9428,69.28470509861363
22652,33.224337510225276
21073,43.372456056710014
15440,53.4847070856468
57791,64.57639728151045
37895,67.94389037528985
69570,56.20844634660559
62080,59.41360065456295
14218,60.68002297952737
24333,64.86380008703517
64139,52.80781415960489
60005,33.10447607405306
62821,63.48108334580681
63352,57.066519049502595
91481,59.29973888784302
49189,36.42604070519446
77649,55.6590227801099
24074,69.75504508293349
49797,57.27864778225589
6261,61.48769159315021
68632,49.86680233903488
29239,60.21746724593699
47077,52.51553837597322
14848,59.394365731836984
75644,45.118408225603815
11113,62.94083794211325
85086,67.95254604037004
61614,38.31146470673857
30269,64.33066513230311
25310,43.12889087719887
48411,67.53464337765648
94640,58.204517369516495
83779,36.89899052712671
8892,44.019103076516956
74829,64.00339182996284
70616,56.07896625921648
40959,36.47825133636068
2967,63.11894916420188
83667,23.78521946694696
14429,59.98677089831789
50590,69.36318370588728
44383,57.779558421224465
49227,62.05805071895308
87676,68.43030522706094
73690,31.555611282954164
14491,33.67213043244806
16525,52.170626837532446
67352,54.391350055197215
41176,63.78948454239919
66295,42.58890158354943
87000,44.469440984667465
10092,60.75906293649173
31052,56.84390615553464
45039,74.8641015098928
40474,56.67657930508789
13529,54.46567243234092
7518,61.82013148958498
8158,71.6224681258973
61076,69.37715486821418
73011,59.300286236131186
56599,49.763138973172744
100657,58.80528356340447
83036,35.0185150539683
30685,28.488034699558302
3991,64.50274322682294
45554,17.11184126406684
28646,19.76753924056966
15665,63.0451907458491
58998,50.92284200662212
99809,68.75652291148161
44053,37.94259821351741
45372,39.644970263759056
26328,64.02884204737144
41579,55.11287165574901
35609,52.10267118100914
29367,72.93326313937737
81851,63.30941998988678
91446,43.21121766014305
48010,62.05838854152332
32648,52.3243910837033
65357,29.779319650100014
9701,46.66903789087709
4778,58.60682439672279
47694,38.867888761883336
32655,48.85716077072034
12263,44.33554524264614
10335,40.3752764972914
75734,68.56213094729738
40025,68.51417291060221
2915,69.27128426033352
26680,66.01210023270588
93618,50.9641478906392
27213,57.19526148018863
74028,36.72970827499088
24406,52.113362010455006
58030,62.20491875822254
91206,38.82729384591113
77507,42.56609853725197
56842,28.620902684529455
42624,46.201875009563594
54142,22.631472633665894
78098,31.963147666670356
92321,35.34938077569995
86551,30.451193649750074
43129,40.42128851258712
61737,69.74373708114761
18759,59.61220722074904
11015,32.89376678123186
84928,58.555204069048024
58173,47.65326355973943
67053,28.52864638893368
11904,59.44280437235916
66841,60.97822903974459
59652,68.57944507978837
18737,49.42984756896132
61514,42.1971338609663
54039,43.38879593753619
39091,22.916568705809485
8257,53.04429720448231
64584,44.868798762941694
57096,61.23852026312739
100491,99.32
4922,59.58649423059821
84692,37.44737215462649
84427,53.528897888007535
42689,70.25795367483241
92821,47.36407772150863
99123,35.90399769233156
11177,67.94389037528985
7774,55.29815306163104
91274,65.27813996833066
24252,19.546536123606266
90654,55.48768032096077
33541,67.30374624550184
34521,69.2706643971422
93371,60.669767725673694
87463,43.97719966786686
55514,42.07626687771065
41637,41.72831430391611
5172,59.396672294686525
14733,61.571067453705965
75254,54.49034813987405
16228,69.63269205634673
33943,37.727443076958934
74538,54.480397515310806
45335,49.1649085232811
16225,58.37298424276547
7752,44.84764072382985
39305,31.629773384689294
21262,69.00681405178555
82189,38.2159708757788
61411,58.048058140085594
4006,19.8267440792744
91357,55.67816303078315
101437,35.056438089088616
43904,52.43925284168906
67381,63.95555265476754
6932,45.10107375103112
80008,52.89110906120913
9920,71.47189732867649
70288,38.39904880952686
71838,49.06020805871292
36200,69.59094448086165
80458,69.77730618634918
43406,35.328026540528064
50754,70.02581998691839
97789,18.823513381525533
49415,52.896125688181
31947,85.64745581275236
89594,52.866696276747724
21986,43.1605876378394
13869,38.48496785522038
42818,68.13982420713297
81669,27.261412674132306
97781,33.584647813318504
42242,58.11696382945618
63834,69.7588935594713
94223,43.84727902655608
47495,51.15046444238445
101213,60.59694958829433
10542,62.41017217854539
47036,69.07128545566981
42942,65.67899375014733
2781,61.82817070170544
71496,63.494384111252096
51644,64.08412508257143
91120,54.277123735824404
81223,37.930344283521
39182,37.223608591357305
83725,51.4096498990293
40819,31.840263825840392
59062,56.89203716134764
75876,55.94325863986734
64260,51.57495710076721
14657,38.29247004752827
102262,46.44368031898599
12198,60.98682692220789
48034,40.62799049755369
28070,46.927842704492704
43221,58.7880382040009
52942,47.85154900236869
94977,56.921498100159845
8163,36.43114496352358
41225,73.3916946666575
83365,55.877581033096156
24015,64.43038537501144
96172,48.28461084615665
81121,50.617084098752755
40199,53.297316852280765
73581,60.45935375028123
52031,33.36866987091237
36424,65.2229129013102
55289,57.3834903050008
34479,35.625171133729246
89712,61.35655027103825
83852,69.41411773421311
69495,53.48156719519343
66393,51.414060848113614
6036,66.71601316795895
47374,68.59611310557925
931,47.108234830416905
60243,65.20786336876013
48161,70.51024888995866
64270,66.5301531806676
78468,51.710251379357835
3232,32.92959587196234
14207,70.69459043156655
34770,30.81788642797185
252,52.133464009014176
13219,56.21417141124211
13017,70.16254427513948
84370,66.43889680714982
90720,25.862442404014537
69852,51.27898703715792
5632,67.54282612328184
80508,71.23704705947758
24814,44.598691864713935
89842,67.23609612062418
43559,77.85333333333332
21621,62.71630872182226
101177,66.2237981376598
56401,66.79260512078656
88965,69.16776109175966
84745,70.92229620859366
72203,42.50558445658163
29722,64.00832152976297
39909,73.86844332935037
33459,64.56897876477326
101885,70.08668632572281
80767,33.190846805993914
12661,69.77730618634918
87942,59.64363420357181
92587,39.81283975480401
16811,33.125946418043824
63606,43.81941946971035
54842,52.940585518496626
60428,53.07659107389882
63660,41.60207068550089
41614,49.46705001850273
10020,64.07455686152547
67442,27.795400893003656
25285,63.57255005171067
21097,60.519643977405515
26603,66.8535552486276
71769,66.40877894884315
64640,45.00722393161877
53047,58.993737650870735
77346,57.489856545969644
28046,69.66923933534264
73801,53.24028480650593
24516,63.701028597022194
19005,59.89248044799958
78230,36.255443094189154
52023,69.76313407218476
101423,58.58115674268804
76534,54.812686470317985
4202,60.681073254911304
69309,68.52923615320599
2997,37.06084194655092
99597,36.36408402276054
13682,59.54312435125521
29389,39.87289543400178
24113,61.38138834825752
99072,48.90659834778704
47124,46.8748394878883
87577,43.1700226218202
72849,37.261988998296296
8286,31.926616256315757
101886,60.2567851312387
14391,65.29524742829079
13531,31.33924880192431
41392,55.26966819962777
93614,35.093711104379565
69944,57.217234157538996
88471,38.78191580039716
91636,57.799432564131955
94502,57.32925540310109
96569,60.63551891994709
67853,68.48368295139446
9116,52.64003728772443
55548,36.6631453359955
17717,24.177697124637078
75655,68.12567426832675
92279,51.872868505558074
12448,53.94140052483592
30560,39.187397766533955
69787,58.14786545915967
3792,45.754788333473435
94034,63.88576553918159
57294,37.79989647090486
83794,56.70065969863441
98653,34.79217554464365
98986,51.171468964971126
17589,27.246089363900882
30018,76.68658641480627
34440,45.24938105290842
42562,56.736060058981096
17285,56.77834651694719
102185,48.240798333912736
57598,52.31535185446976
25444,47.786450643795014
84898,44.352473872315244
6612,58.82914414837048
39153,68.88719997802055
37244,95.65685477019706
99856,69.06329663390541
74579,18.760736245601844
78555,39.66811217082728
50120,59.5548428005669
24171,65.4839698169634
33076,36.14961517676411
77259,42.795434251494605
99650,70.12007643343425
33225,55.90980938121451
57186,38.369189986626026
69784,39.178786094868784
95638,39.5649931326658
55407,61.3508240789802
50631,72.42175986240487
25763,60.230653832049164
206,65.93213859860822
43013,49.30513969056378
52739,71.85637828039448
26485,31.49457625218854
19057,66.14436885762605
24299,69.36522546884348
5551,72.3081873126353
101934,48.432218219536736
59426,33.69308810888947
25470,55.96408133832408
16045,17.35904581468057
94376,60.5277224759426
14969,56.88412284175055
9250,58.54158214549253
26611,64.48840962454436
59731,71.017355722331
69971,62.0070686512768
53250,44.71693457907143
85899,60.27201885615329
34754,50.53789712140098
42718,36.55407935875993
34925,37.87849398117743
7399,34.776234012258016
90273,59.30431245721766
17059,42.51697366575769
74181,60.066312460099674
35751,57.00312639184167
66856,44.38714306886284
9272,68.19642655647854
48426,22.630830993282085
35846,61.84955444218994
14785,68.24498836620006
69295,43.83637340147561
68467,69.14961373292728
29357,69.54944004282679
78820,29.847937636437823
63118,58.0357458132032
31994,46.73089330623008
54343,41.9900009108904
22553,65.37125124985644
11826,45.43421878789772
82118,32.829950249166494
14517,67.25111554131416
83537,53.20615902855317
9985,59.080526410845
53842,50.71982369277105
79512,40.23735537481756
4444,67.46263685281764
97553,33.39499274575109
87201,69.81526019323871
83509,47.22376342241459
95685,28.74978146998332
92964,68.53647044614803
99401,54.88257957975263
47822,42.60321147994381
47331,67.56012350477758
67970,42.5492507690037
29680,44.98527726756316
102147,34.55749480746602
94539,59.34331567212844
32415,37.319056991950795
82442,42.049978164321956
6947,60.01132341403442
14349,66.27874216125322
64294,57.80947220400025
24893,60.98682692220789
60744,61.5462409187252
51548,61.524917296695804
13332,68.70230855432193
44662,54.50118074293054
4865,38.02045374475047
69314,58.58111105691875
50556,69.55944856847212
44915,63.827119585638044
93329,66.5301531806676
67668,58.11283154542448
12376,52.15099642642465
53065,54.298856435777495
5239,41.86095555629541
4784,50.75243218685182
55971,71.30279708580007
20511,68.79014172581867
94764,59.237412456169075
44354,70.03917684051589
90652,43.632720672178166
87636,66.56594611246679
37139,63.22826268689323
34565,35.116626490055985
10758,49.30640945572233
56665,30.416426187216647
65415,46.33455819887281
6164,63.95575403090139
97654,43.14436629231824
52375,62.709049060522474
19745,46.93975839538673
25385,69.01858473934749
36045,62.40462705534006
88193,21.955939752047996
2149,62.95018063916862
56131,38.955794339198626
59030,29.782245527219256
49210,45.25373853072034
1960,46.6157012613654
95433,24.545743789896896
57391,55.81976612636841
44457,57.480988566886005
39815,47.48525589919307
98955,47.310714092407906
61881,52.58279509788099
48595,52.43524856976078
22754,57.613855712523815
19512,46.36225954534885
69450,48.21605298507107
13216,34.82580358677476
20926,35.34812034622493
24257,67.5339438766492
13970,61.06797133559748
61508,52.19502375355649
62371,56.22305345695997
47270,57.2813491799645
74935,64.00327734250779
48984,54.475493212882654
76835,50.55339530482036
64321,57.30041886625612
9666,59.2578075730029
55792,72.06016559137561
7992,67.76932222201059
16887,57.84888504784609
80679,53.877183671774475
61339,41.158534778178755
75852,60.47707952581136
46141,36.497304642729695
18634,52.98249983552955
66449,52.01153282549906
7067,64.32651548804135
19414,26.319313243899195
63267,51.89731484968463
12301,60.93733516843613
11225,40.70701270479373
10785,62.56732343540134
27126,25.322045585587233
53664,34.58505268363317
88439,30.090311315110885
21216,59.36623204849906
67967,32.290450929543006
10451,71.03243009112083
31271,43.82856147727428
12479,29.944620683449422
47308,40.41237991559285
54739,60.88074676888524
35662,41.95618455197487
33936,61.0707518917628
26986,66.42252818636352
32032,59.772137306058994
14454,56.63986835647276
63367,39.3025129384271
916,43.06238896246223
911,54.00591193428584
73519,59.49012243355756
64819,38.221317184166814
35043,75.50362339823329
8905,44.502922303472424
62888,39.253759202429805
29766,50.78520504956112
8373,24.131204926931993
63996,60.73538187744223
49789,52.23365269481138
63373,52.72780775731997
59730,68.93678765298726
83222,50.90183638281585
41874,35.81560491998848
83259,58.60297343068044
36326,24.038074591418905
73026,65.37261983187304
92775,59.9730351228768
17643,46.88265310836099
62470,13.664954625605803
37589,57.24806177566837
33725,33.801524234950996
57766,39.95312325692918
39346,60.229142447073755
70400,64.73147620177362
27671,66.05602690869473
40697,57.86054582689663
90551,70.642556175202
45904,64.06499141178229
43469,50.06494439751222
5772,38.76478230414748
83390,49.613834603930684
54256,46.26558972397169
47928,46.79066407882461
66750,31.031882018820557
87940,41.601179858277675
43223,63.497982661810966
91240,61.351236478343445
81078,23.472292077078915
56667,41.449844292650035
9016,65.10805029529268
49265,67.64590669067913
5111,62.14035332651741
80754,31.465031801587035
27356,57.41060406211177
47217,45.38016372033193
78751,50.98183860423
96073,69.58118976437676
6724,68.68978791889437
53624,68.71619567026704
11773,55.128835810939016
4593,68.18773037836016
32274,64.89695421238882
72525,34.551010231109466
31080,63.55398888559853
85499,49.23263477608755
84190,40.779378706187046
30768,61.369534338034036
83584,48.556889629163145
59242,65.56311721327265
70351,55.99730678352522
92847,37.509621446459576
57150,56.39465596149313
12776,35.489304656445036
65013,23.084429798235877
72889,34.463955378303005
87825,47.780563165592966
93557,40.343394495614646
23302,63.93111475657117
63366,47.00708831564215
73994,29.20196190324728
90170,43.27125491920242
32977,31.512745268829317
26095,60.18659747149461
34269,67.12973967886307
39343,55.583236828792494
34527,38.89198905812593
18609,50.05669306272527
95999,64.65617550975732
65206,54.983493999237545
12210,52.00432476170913
99380,51.84860150416237
18442,63.28123303889911
66696,47.62582733719376
37092,47.467129575024636
78329,70.09697259621926
5880,62.30293089725102
81415,40.80801315294871
7959,63.23550984588556
98717,28.53656030588347
1622,91.42743283925842
46766,68.4415052185139
60717,66.61454963692239
66321,34.783239299472186
79082,44.79615729785156
56982,34.42096777381599
27727,37.34854761852992
73253,38.19410960167854
102225,64.95034706519175
80795,64.33439356253014
88565,68.4946680520716
63489,46.945372241939594
5463,65.8620424971523
100062,62.9493629024103
35590,31.572358472296422
13977,58.86834358034379
608,46.8633115434559
44067,59.468687790772044
19673,28.679644394106276
4494,27.576025204156732
64367,62.266125295805665
30933,54.84946497027152
83369,62.76134474485854
65593,35.44804884790773
73456,69.88132647692947
53668,69.87472409776136
57733,69.96022139929403
93678,37.48805726518883
709,36.296893296488754
15730,58.841347814533336
54686,53.63447032596563
8762,44.016673904028536
60630,63.49050114086293
78861,32.8809328717917
91049,19.702969732769024
77664,23.33390983856939
41818,65.26496817816836
96001,58.28346285855209
75575,58.92492784534517
75253,40.39896152118924
80481,64.6517598160795
59313,57.70091432664832
265,59.698364037536614
60069,72.9196836927902
55209,62.272868620636615
64227,61.53005283684635
87566,62.155911218141334
55430,55.7652887735864
40922,69.31512983313692
29895,61.46664204449162
31810,59.326338036842216
19017,68.83255621573063
52697,29.217486196958493
24114,30.44114157874199
18611,19.770002150143203
58521,61.626961009682105
35487,39.724025817116605
49648,34.940702423868004
23896,70.42661108839845
5150,45.28169937106473
47616,38.40376890025626
100920,58.53209446599258
8203,46.146825843693186
32076,46.70718177115369
48050,21.50583527400654
7382,61.11862987342923
17536,61.537546441596824
34617,53.70366940590883
96262,28.272001589642286
11270,63.34159731191997
33286,63.09595109586286
49359,39.322158480851705
69285,36.706979807824666
6442,25.2775675573688
93011,50.12509483041195
19121,47.41609285856929
43742,46.61923340766667
85655,49.51306034373666
101406,41.013441276910704
95282,62.66577486189304
95848,72.3484342310522
69196,65.02338718928242
98851,69.23290832277077
68367,60.08416314284127
43684,54.61154472433242
21795,36.3796456129091
77550,36.47113969000391
5022,67.82932781597341
96690,53.72313363017943
23692,65.81375192303535
50979,48.35984300800399
18502,48.46363533008242
13312,63.934297776573864
100248,37.703807937610804
99932,70.26394445889119
95183,43.24222736748376
8701,65.42256534563069
31503,66.5676496566978
6604,37.956697554173594
45949,58.656826771403786
40984,23.975435029128427
49565,68.93678765298726
89764,35.76410545788274
57336,67.97640139422175
54444,36.41194687567774
67478,64.22888580038027
60589,61.90877789507674
76579,66.90720149785422
31087,36.452455510630955
30702,67.53446281754003
100975,68.63739650011915
70299,48.675010687891316
92584,56.48042491213739
52853,70.54661075862253
82116,49.95612052689456
4518,69.38738760870915
39270,63.55134935566679
92153,36.857421579417526
59951,66.59197534801837
56787,69.71072544497933
66273,32.226245881514686
9947,38.157374483301375
51965,54.10942556906961
58750,55.86531563843181
10596,35.13215896236008
68364,23.72900261551097
31928,45.3973840880436
73327,37.94317793835086
87236,49.392038433084
20934,46.14015721194168
47225,46.15182212071769
14503,56.65594826389378
55272,51.65861013562544
4174,68.49387994362215
18390,30.800076862925927
7179,40.603451732235975
35160,65.51481730221748
22365,35.74608145577168
51234,56.368491982876414
46826,60.48499534747546
32927,67.59586247694975
61516,27.24173742735802
25426,47.08953744430042
18649,55.072142677557224
71777,61.17145090598738
62112,24.437210474881354
70185,41.01899211183004
33832,65.54493169769874
63049,60.674870628755116
75247,68.13803639237541
20938,62.12466062191807
72388,58.76928319179332
25738,45.07478650402817
23955,59.56035310008734
52787,64.77647806885369
71990,34.61442362690261
40264,60.86274754061955
8290,68.64968455157822
49536,33.91866874868951
47721,52.11799700453263
7595,40.28533152229227
92551,50.44985856954273
82556,33.74032316243209
31601,43.62788165423584
66681,53.26321997411934
28807,39.927703796420204
33988,33.17869495627806
57778,69.44354035303463
40405,29.96102159857264
71780,53.379373277618576
49623,40.14068381033636
43671,50.551134427589886
30539,60.28469834968409
44676,60.36675687250452
32303,40.55925313606562
5412,55.58234099199715
26711,49.970505561658236
28420,49.22347385821942
100770,62.88024803604571
16791,55.61470864241496
8106,69.41660933948333
75875,55.72097422718365
84917,21.078809080552674
61989,82.01416666666668
44888,65.80161543673445
5729,66.10148143405888
696,62.19012753180615
29019,55.79542824236638
80016,71.00042117506246
40980,55.087423456692456
101663,58.437406495198054
101170,40.24510974343
16843,53.76523103854603
20148,69.59094448086165
77597,66.88319202413768
67979,38.265575387861446
44867,60.26124814503331
100803,69.77730618634918
83160,59.92785782234702
77301,59.07164182436614
29077,58.08772061581545
9198,69.29641377377234
88434,43.33135946849626
16049,33.51534927108013
90587,71.91363337472872
89765,64.06200093274
12268,29.38726850104394
37961,39.51108330428178
2727,59.98416797009375
4086,27.850418465263818
90579,49.58614638285658
57199,42.1732217288323
16405,43.76648351265447
53114,30.373867741616277
24205,64.99642821093494
97948,46.25138286174849
3840,39.39860444655212
97189,62.57404159213069
27956,51.60941630717401
48233,68.69695982718764
29156,63.032644162647685
23951,55.9865006067871
10368,73.05931625598078
46025,52.712573341774515
85548,51.45928130063571
36850,66.36667018055574
55203,35.72385213903244
73089,53.494370101661346
94761,36.87579150893364
48335,53.598927089768594
8805,54.74405503482705
33218,65.95325573223866
17357,61.78553860686426
9741,50.89631200243116
91964,67.23132902311883
90675,44.02065494248831
58174,28.382100489235146
38483,57.92123418347591
32551,66.1593627451598
72068,69.50990920514045
39570,56.77111636115133
73466,65.8300244125863
6896,40.9663476065718
101159,62.37639591442609
8916,61.19469309478784
53281,38.15646143357087
64067,62.14709963039827
30902,45.42172651243969
46953,30.425245354278978
88039,68.71632398402801
29801,29.433386330994427
28254,45.63245658081451
81856,55.257643118969234
92106,60.725048817474935
73899,48.443998292693806
27850,68.4946680520716
19665,51.17359635591119
99712,32.71169230933088
24685,65.25057071674509
73831,36.5710540087436
37468,53.45898090650172
49646,37.84121527984033
61120,64.08447547496581
98645,69.96022139929403
90771,42.39484167399941
22168,41.13286443796162
3834,13.811812490023273
81420,69.0693610737709
19684,60.84425586045394
45567,30.87380385578204
84006,58.120552230524574
17545,55.34741995360767
2499,45.67606825977107
51306,61.667098669685664
92087,34.79412973500979
69012,29.675686159836523
16145,63.96507762146297
96874,49.09630403396173
68929,61.8603211553832
56753,69.06329663390541
22949,64.33989723204928
33759,57.86326738467274
25414,59.72788526675956
47979,40.85769415640931
85742,81.0
10184,66.70634019098874
68250,31.849812453853428
99969,51.45854772316288
40058,61.54530795819409
40885,59.89431355292399
23319,40.471213002942235
95674,70.74540116010105
98205,69.22087423880117
34099,32.060047808694634
39386,58.169504786901705
28514,48.44327416658727
36612,53.28600958692809
49530,23.91560263982487
7272,68.65609044127638
30541,31.354503894849437
99536,29.349328359657502
45316,26.317955727294812
46442,40.140981091756224
102221,30.368548705085672
16991,69.3168738056679
74082,34.5934784532039
16469,59.69759110467842
28499,67.9256983407859
6925,62.885660894893824
40113,57.39863169805322
79755,81.8905
34764,36.958801359288486
32741,49.64198117893588
71322,19.96821820547811
5609,30.129961670000807
6425,23.229892932292138
90815,67.87918926517374
41705,65.39634272129834
46293,35.222189673644166
18449,58.62048656625654
70567,53.736868533307195
74823,74.62949349836917
95629,36.83100385326904
92548,37.41489901221464
55232,44.89824267475231
56161,63.318089452537485
37120,51.21323881961497
51664,50.419784594213425
37328,9.087907037151824
18379,54.130710576710115
48043,68.83341444551198
60787,59.07826877709508
82749,64.36208166487408
74139,60.501679051098506
45266,65.8666255647095
10182,68.50616019417224
29583,47.45104572407986
1436,52.40888334654667
62228,44.14250711095119
62257,57.55034925124118
50593,36.1828978087856
20221,67.43236218876812
62948,41.79515264036588
36977,64.8027247883802
51,26.85176286780677
38425,49.17747185377253
30950,51.04627501269765
1347,53.16338098078702
98458,46.526188074745725
78326,52.69822131356656
87805,36.898333018830456
45992,61.98812937094028
70319,67.86860915455088
79098,56.24845303186479
14190,57.74065537707263
73938,62.376209738806956
3734,14.96043998260351
60610,60.44594768545971
1653,65.54398623125581
101542,51.132021438235654
26925,57.66786181895604
36367,26.787834053099342
50628,35.797101504771824
90417,59.593527075379534
10394,62.04460706283972
49010,54.996289088177654
2777,59.48530243345525
44224,26.35988985469432
100300,41.144227861785176
58849,56.77312381330141
51505,59.12939834338908
18383,47.54413540772627
74796,49.50622476960466
82645,59.35434574760653
40411,44.17305559931383
69911,68.59244262109553
69304,56.03766734455946
89701,32.411760828974906
72325,33.23140769052047
68748,66.28458824464003
11148,66.9534758098946
57388,59.80827032086245
13808,62.90082459422024
44060,51.73679047000509
14053,43.1618846222803
71343,57.70543394649527
27535,46.57173788775282
21014,50.38023494408675
66957,19.745481022581803
31060,54.75102633835352
10466,69.18568650319126
26502,59.29097471770193
39117,31.190868833248697
60588,68.60527929320216
82105,57.54548065528431
77945,39.91464681306676
14802,35.840955938637514
58193,44.42637485817893
17027,42.89093347376878
70133,57.831324894137495
33139,63.07397261437307
95555,30.661630310375077
85949,57.610547585178395
92616,64.47255986261055
66148,69.5774952515188
19218,56.452988503933305
84298,70.6171382979273
17698,27.29058217570097
8103,39.40526227971715
84336,73.18208489532095
28619,60.809714922969896
66799,66.32232919047775
94956,27.6465963632399
5619,40.531587950010206
55475,57.580914825422724
27809,61.56175982130483
68360,61.34178210502074
94214,36.13455241813631
92159,39.38349093066277
68961,23.862554147977843
72159,31.609246642246653
84557,57.79099830694437
73558,64.9299797120444
83972,33.24178308121014
18277,69.39914397375877
60797,58.01456503300843
84428,70.25446790662723
64549,42.98350776802198
50295,49.87845848286597
74087,67.8944083806631
42799,48.119885010822514
32619,53.064934605656056
41199,37.61321103329528
33755,37.66430122110183
51509,64.16082569956808
70161,34.37940887826326
1107,91.44743283925841
69505,62.427589514126666
91182,26.011832932507204
54163,58.61836563128697
39447,44.86192664318209
57659,68.82276080672432
84354,38.452622523924084
48899,80.92196428240125
86287,54.70341369347998
1045,61.52010806538516
39356,38.36294799119682
52530,45.8500268527961
4683,68.04116019336998
82957,35.438655692177804
99586,65.04858218289058
48599,53.6576775799836
17007,69.11063238639892
96784,46.84204699360577
30521,55.64745717077255
40917,61.86431133116684
26216,51.18856545945203
55096,60.86267915618688
40,39.23418211409468
52969,58.605285864698956
19053,46.783616483754216
48537,50.1685667139499
41060,38.93784635457505
50963,40.852371508884346
1187,54.17639550373033
3756,54.32490003196127
45279,49.789842685897575
16594,60.826951096700185
92477,39.750040868534946
81337,40.43545142389768
93900,63.07258236228014
80895,31.910738841172588
37974,56.794919850611166
88608,53.59094760185255
80295,40.2991708987749
48066,65.49345066467261
82653,70.72283833951724
73724,70.27598212600785
44745,23.411420180074302
101042,61.795164043719005
2055,42.98208306203661
27918,61.70694322462983
15862,34.35595084124745
64372,27.8284175944495
53030,33.31833000899306
6774,63.656714494222605
192,58.09819241567216
7278,67.85493548944565
87087,60.33882505472813
12855,69.2516373107857
75946,68.24498836620006
49554,53.25398919702369
92531,70.67488620012381
25129,44.00264099300307
17937,55.387381346337385
9605,38.09347439685932
30252,48.31869934901464
6740,68.5115631029257
67792,52.65857766952262
4447,38.01728875029079
62686,42.44872298690845
75725,59.65443973311332
10052,54.470053107808056
60653,62.08730990723298
18651,41.470685061180355
54403,67.2197812231213
52159,16.406104035569026
43810,47.14074376571807
81768,53.89214779164689
18657,41.90542457386974
57559,47.15814440569138
101839,59.34569527056115
75017,68.22898536829466
12492,44.89343320566329
39352,52.653953211817125
3077,35.30258958474951
85590,62.75086943638342
40487,61.2007672543022
80381,26.068797015886858
88478,56.89684204740443
53106,60.83591030004228
42092,69.16100816054931
41454,60.72865355638183
48543,65.48614882307021
53488,29.455775615213238
16380,66.6067166625106
76557,73.50583217918576
99794,60.6885711341
22687,50.885494377314664
87326,52.46365534399486
18765,57.006568143124085
2575,15.170878788987233
60459,69.98826142665976
89784,47.09297725131649
45590,28.41602545155994
67810,55.26210125500707
658,40.68015475824668
6994,47.74861435736114
49060,55.176027997713874
14964,40.33446844342296
3168,34.60241281474316
15780,61.63554662842891
49550,54.8365665241839
96127,57.26531179784639
44069,36.843714454797045
99053,11.37712577291572
74988,30.420212477771955
72791,55.52645187427761
102650,37.5416691064546
1312,35.490974402716255
102211,68.05926714148588
75667,63.04327983496639
94262,63.71377223740466
22495,43.483824836789175
69789,59.10379011941733
85296,55.66247416426975
92814,47.75194216688212
13851,62.06951890264155
100511,63.65034705048576
72598,50.40148329151044
26591,24.646318178865155
28734,81.58558543738505
40410,61.6671014649357
13256,36.1429729211829
269,57.95155362582367
85134,67.2826720357844
81573,68.93678765298726
48442,46.84910222084494
6005,30.680177181944465
83172,65.31557763867404
90932,35.56886161667558
93926,65.20458549659654
85887,60.12322332878571
36185,29.367056801466138
13135,49.951079956185005
76684,67.48830165222549
70303,67.92173073108353
11206,55.61470864241496
77721,46.59668703472292
11913,69.44354035303463
34485,72.22358420434654
79453,50.39753001875199
36699,30.616798561594205
3185,58.89569653710442
47424,42.00280386902969
72540,43.69020562437774
76048,21.714766686830366
90355,68.71619567026704
83380,65.72072802614912
97445,60.22103768965371
69526,65.74002455265332
95749,56.57787603775598
92343,52.866215241013215
14167,65.68716317473374
66065,67.92173073108353
11070,65.41046901285779
18569,43.77608244709465
81377,51.84651213709538
100959,53.24247524522019
89678,36.811090954087305
96388,61.435856959965555
55175,37.824491705145164
85029,57.96091251152331
59755,62.414019297940705
85734,57.3150941966769
4406,41.84936083397159
48017,29.50508251086577
2015,56.98190331609869
3645,71.11396845989243
11266,50.78280860583504
50452,37.20423586299612
31438,52.59037257644652
34126,33.48669658348219
87911,48.761037530956074
73517,38.086859541449435
52336,62.9220150453557
92398,41.18889705187877
60567,48.15230079213139
58879,67.9292540579827
65227,54.73637829216173
57771,44.45103199989385
87242,66.17604048161257
69633,55.90322598093944
33965,47.2229950495872
6680,54.92408200089906
101827,65.27508559098236
55497,68.87188594568033
76810,63.87969344247186
50603,69.32736275145487
75389,55.0126615570544
13192,65.71015210406587
35809,31.972338648810283
1171,67.47291642050733
78047,21.71713231394399
25708,95.40072450469823
30993,47.066872822002225
66098,57.436225498789845
33268,29.580031430584455
40302,58.649327483832394
25663,63.32562414600979
45666,55.46656492961578
20592,60.976746122566176
12777,62.45240293343819
32932,61.25135104480966
57578,54.40780437507501
71242,60.495407113004894
28322,65.10251314043099
50529,26.82195968892081
72969,64.60237368437829
80405,68.05481246386114
82186,66.99057184894404
76320,37.53663060170819
65607,41.28122031786564
41381,72.19122348414312
51700,48.618298325768464
75402,66.29560798774664
52863,61.96813812708827
47068,28.854722602154933
41812,37.43114613242894
84163,30.300580914495363
46007,50.910569341732874
18186,49.94403688668613
22214,66.1193371924173
95818,35.17353632833501
68163,43.742556726749946
54179,51.96783128534275
44822,57.87502876581424
73007,49.65738443174564
100053,30.510437609047127
12108,68.05963753252716
42507,69.84601092638927
20093,41.068872907447975
42614,56.148912916934954
16258,59.90246358043337
47975,36.28881624742279
42423,23.486630228819404
67697,67.64572748466743
52927,64.87994186419061
1034,43.78848212760792
13139,62.03697699721034
31817,59.03886726296405
98833,34.20252301227847
29638,69.90095915696419
55377,64.01324151348037
15755,34.694674170861305
81480,61.96192547250989
81897,31.70226401277382
4102,69.0208993673007
55084,44.9364870782168
33917,61.76273766386768
89920,46.78931723741235
57247,64.41842887985199
4352,54.602952140243694
63568,39.807175480005704
58779,48.32180242654513
72371,50.04027552152084
2907,41.30312893271038
36393,62.040315783431296
31109,39.82777842370085
61384,69.68098918623053
87448,30.371911765042928
18684,55.78182643624753
94256,40.03378867120555
51847,49.90413681376481
91223,56.99818736529743
7881,61.28854697069402
84405,45.55121766578327
83215,28.66620664349957
35399,57.59655394914879
86403,70.11889355783215
83438,48.28551232331874
83353,56.13059152231235
86411,54.624042206140764
17138,56.980309383891765
88829,51.82221106807854
53038,65.92782416167462
31409,32.167614593928036
101552,13.162460058418688
41157,53.0225668842224
71978,57.17049826277898
24031,43.952144298728584
67063,29.480511118784033
32369,25.435284080321523
75418,49.50315304963127
88768,60.85093025946301
41242,58.831164729094155
27731,72.70610503328358
36430,41.621128971647515
5553,44.82654125831192
87831,61.84931329990912
55850,37.00068290765729
49081,62.529069186661225
670,42.0179045534944
59591,50.822594262905575
65711,69.64479393143866
92953,62.426132136303174
26512,49.38219925065236
53604,39.558090938899824
96024,49.08069542963232
57923,34.293695718262775
66370,61.83006317038251
95831,66.5301531806676
97391,42.504033690675506
76601,26.34152407225528
13062,41.78640465751973
96018,65.48477049481012
23170,46.11013436650123
88506,57.34177191121816
32555,96.20649999999999
86505,41.1442002394705
26999,41.69913221855421
55924,46.92968211791016
17291,57.997075719085366
45184,64.00276205878855
36380,62.095398125601044
34463,56.177927477077176
25599,48.25717375040888
99814,69.8256185734277
52615,68.5021990264335
7667,61.09843044379424
51289,60.26948893937251
88041,69.7588935594713
81845,51.40370176558692
75704,68.22720761689297
13309,57.61943624805764
44166,67.79057728044404
20824,37.04760467957659
38025,60.182971903595984
102475,69.74052617547801
73005,64.84727910152145
44960,70.70319406788256
34696,51.9621781113186
11304,63.33557589643264
102117,58.13027290707666
70683,64.7387905396692
32286,67.02962077366084
76229,64.58088714562058
53741,40.659090742402526
10938,39.6878677737998
9823,59.86864572927112
10190,61.82013148958498
7404,32.30606116544559
86245,35.268497886468694
91839,34.4214092491958
58211,66.18354857574265
3822,66.06983345310977
69387,59.53731557921142
84073,27.574453385840023
93449,41.32342193275057
51890,31.600173288522527
57906,47.85088564221047
63562,68.85020364517399
85875,67.63893971022372
69086,63.248367726223115
82876,66.52495105537992
16205,44.24343054145362
18399,35.12123788870403
100042,66.85815601817235
65364,55.32755011893641
98408,37.410079079126966
30825,62.67094199461564
59119,61.98023500921705
44380,40.330811060549685
47044,71.52033820792268
13270,69.12337380469137
94007,70.93113982958013
79566,52.201314033184005
78688,35.4256091329259
57427,53.992395878603446
88815,44.22351055999495
91597,69.50517538439196
21840,33.969084436952805
49399,68.58379699765254
88866,42.70171673560648
5531,52.01812729041224
101257,51.771628157485544
85882,33.18350441113735
53987,49.902566086473634
97680,67.92269595143269
4927,27.321826329579107
98524,37.892471058572355
6537,61.1512248646401
26934,34.02369245362439
65129,67.52639907145091
30290,54.203115288678354
8768,54.869898777652324
72546,33.81735859460689
75045,70.7211450462231
3397,43.66033422876213
49893,53.566304292144366
81059,58.83980666994191
53770,75.21870628871717
3955,24.15484743694349
49250,60.847880268760775
12666,61.469974816016546
11459,57.21566182530267
98386,55.1994887432402
10570,46.38499202746533
32790,61.25248980800958
93852,72.50294971864847
74222,45.35677870392091
72830,30.158398603413573
56879,39.63529979170857
79451,68.02541477770654
82986,59.083839014295066
65275,49.76224082672093
58483,34.87770734545491
81574,46.30463441268119
70990,23.58367545356063
29877,67.95959884167404
23446,29.58151861623346
371,84.21657370110988
65505,64.72696895326217
85238,45.54011633106641
91448,46.82484400781877
24173,37.48004214275627
92535,61.664344234400275
63446,49.59711214330198
66520,57.04226082760914
15139,34.819755219037916
35979,67.8397956924062
32002,48.116386111534624
34999,64.03910446376501
51651,32.87458530225779
25096,55.00748125639448
31644,64.14526515088001
61875,19.33921101876216
57000,61.534156349604494
18324,46.68807569514447
28074,47.75609048323288
33250,68.47328440323425
47132,47.41743826021384
12504,41.91480468480296
44631,69.08577068051909
17091,58.43832879099503
76705,31.89414196555944
8239,44.085952361466205
82304,40.888195350306034
28091,63.59197050773487
50783,62.830176751231285
27761,61.070693440676195
49644,28.525769407600595
3667,49.21837688521713
96133,31.623620799091523
46428,52.168989417855144
49559,50.94730434702356
7218,56.82647655546822
76668,46.20388007432037
82344,37.76416774589252
30760,68.87675243628212
20257,69.08187814316622
38341,58.463120787803135
70669,52.608784760556674
51406,61.96790052850763
34608,63.52104070114003
68033,50.44499234398444
97601,43.54350239242106
76628,36.78381352606937
64576,54.2775479777234
5790,59.97391289405652
84364,59.63151144120076
61419,57.52060737913956
6466,57.57838322323251
68546,57.26448735271586
41677,45.751364711230124
18640,42.186907674290694
99977,55.38683703738547
95570,33.71844679838341
74273,56.345705183474465
27806,65.0187617696721
77123,60.88003114431685
89207,70.03917684051589
48307,39.65447051308218
50443,63.60960695845661
24783,68.94217591500455
26614,58.23781561887177
56862,58.88124712609711
95610,41.543427402733016
74091,61.40642464337724
35363,61.49266470906907
84883,53.66970235733266
56592,51.52762743747067
9466,39.21377338238293
54924,38.39860199613352
78922,36.05057381618183
24150,25.66677893204002
54248,38.415617648643234
24943,29.76987422037155
26804,70.96424257528949
87921,68.0284502339538
24903,66.37478765951074
49208,59.24356334365857
55915,65.87773935213254
12926,61.55609963772495
58240,72.33446276088588
4923,31.733095633383517
6197,28.739996617302506
69449,60.601744703658476
101421,27.958498253485924
97632,61.52196100968211
79089,36.4393628893988
293,50.00647820516344
52054,56.69502370037052
58697,31.37023831837363
82597,66.30259922320509
79036,69.55998685394898
25547,69.37715486821418
79994,60.71811523594046
63258,61.927502755020356
18467,40.69256624545438
138,38.61036481312303
64927,34.6170942054458
38613,60.9643059075271
26610,43.774124036377415
50045,63.861168224862716
30814,49.01304418309469
326,54.62306633385021
13253,50.105680609824496
57571,56.37793830726799
91519,57.02300542142283
44876,40.866813224771356
98009,31.199729113912245
40050,61.9336939590335
101875,55.9554486063967
25851,84.85562995553204
42961,52.68732194906091
89109,29.134163239703497
97446,52.176818806412754
24666,69.66575856730155
92300,58.29535902121481
94959,57.056914118714595
54206,37.043297731056526
88059,68.71619567026704
56794,64.83616823372859
59232,66.17604048161257
13637,69.96693729521445
15873,48.87380976783698
68416,38.944019450803445
76158,50.98411326227663
56775,64.36738153000863
8212,58.85593312347623
65638,46.30029323782329
60701,68.19656086676106
9796,59.164976917145765
89999,53.48197335634527
36129,53.12520788881099
66118,58.49644736400676
101741,29.417457537527017
17394,56.62504589847551
63064,63.28066719269391
2074,11.597110754864477
47214,28.695032628844523
96012,50.25654872899727
102311,48.719199702305616
2059,48.12806891660447
38517,26.916013626955404
78460,60.53672505733499
77412,52.190550359759754
20260,60.946100541716916
45724,53.5991014548203
96264,41.610094953680445
11325,68.18992321608684
92346,67.98611605543368
21084,46.2230579344697
95126,53.94703699087648
66152,32.754568056413476
30957,67.10698939518068
86371,20.57236572849554
82096,52.88869620091399
32114,70.47765995666066
26613,53.96214558990592
14577,29.335489382934366
52168,30.35706342511344
30571,54.121457897551224
39910,74.45547741514878
51734,51.41365697140649
78195,62.53472468703752
86247,63.58950711265964
33748,40.82266710646582
60015,40.15931921232022
23501,56.88957816668776
35664,46.07572251344731
43149,57.343918062473186
85182,32.80922106901174
54938,58.29889355769705
10694,32.610760640306566
8190,70.69459043156655
44646,47.80828905309473
100906,33.03618582179395
51237,38.56475840063175
50103,64.85325767057762
28916,51.29447013330675
22506,68.29003027733262
70620,50.85147511274088
63023,40.7556448716498
8096,37.601997023894405
48180,64.91620475816454
2928,51.3236377492556
9575,62.41145854862745
34623,58.79270298436838
77092,62.70891729778311
61626,77.17250819629628
24996,66.76584732061794
71525,41.205061765961965
9855,20.973801892341445
91863,52.54963491833402
7706,61.63928908973865
47866,43.754501601508316
33802,58.62360598613967
11710,74.97094556690298
15469,56.693135430159245
59137,32.55145751139016
53274,39.40756765276003
86142,50.21421051333024
88518,36.2071564205575
75504,73.01603928183738
80618,32.827170208755874
78257,37.388280019154806
100214,70.34555388185774
5823,48.866165529271576
64947,39.8172992787174
23168,55.93840703263132
54771,68.79014172581867
59935,62.4714671947671
25181,23.8824179388521
68833,64.59671215728267
33205,65.72805235239719
50467,56.25893917092455
31106,66.554190648271
22781,72.76090452261937
75318,63.18923513943819
27022,44.277573915820774
84608,49.68817713832787
28019,64.49180038055445
81068,51.38954106843522
27107,55.21454421522824
16069,61.25024037868983
56443,69.73591020608517
72901,50.938668145088386
74745,48.88010854608553
8625,28.001409890306753
49100,57.25463520838573
64750,70.4489939526018
52472,68.57045304345431
29467,31.88325680756108
93346,45.63971979244116
84739,98.0
42257,36.308005027445574
11319,39.28194304921144
78065,50.212457243060264
41158,58.010772331195966
15449,45.435786328252085
57477,22.578187325610134
87333,59.68272498005929
80404,53.50595626590588
91616,28.52783585393055
91881,61.4744360847847
50092,52.813300585843606
77913,68.33874749766436
55700,35.97047181530571
1004,36.13745641309277
45919,61.39395654374278
77808,63.18293090600874
13779,63.40221900057782
33966,59.34386099120602
94139,69.40242445886713
28427,68.87188594568033
65043,56.49071149095064
11549,73.68979223496451
71072,45.81348955070514
95467,47.626945290144214
42300,55.57221746990705
79984,66.61586235810272
62009,35.77827347204005
21847,40.53394277199893
76648,48.15687114776411
42851,62.73576759213133
13355,67.49589493026501
47710,52.24533951825666
28366,48.08225604636575
43292,68.60441802167425
10564,56.21501092291249
70300,69.48774774277152
9760,31.08171838807643
85290,62.214049075325356
65005,48.43390796593895
574,41.07415336501484
16771,61.385500703509216
93345,58.29957281798932
13933,52.818539820070974
82568,64.39680655963474
27652,52.57222695259942
43322,63.1757188403803
3135,58.47514914267715
55249,53.95741899437462
65556,65.72072802614912
85857,59.933122803900325
86789,41.08994715126313
68448,48.292995434261776
96866,33.436522366614774
5770,73.70287340724153
55614,66.61212607344952
77677,72.99410399844562
31636,39.86329889387694
70916,33.13269610253569
42139,57.97161005397184
2261,64.62637133410541
63449,44.486380787785755
10733,31.051881946890976
26158,58.139597898799686
15540,34.10499461531139
76056,68.81440648634069
94877,36.511357322219666
54768,48.14118582785067
84923,53.26850942934448
68396,49.26941361464907
20098,43.140404045367305
38527,69.78467322543739
98526,39.16100062421305
7639,44.79228701152588
75391,58.46195873809895
60248,68.1816527760962
41639,36.08830889274272
45471,43.279867286219634
5567,50.49930261189875
71635,35.490240264545776
17354,68.90434568361734
41257,61.84143596785625
36125,53.39102107445014
18757,44.45147034877947
24559,33.951218768194714
58995,70.11889355783215
6513,70.57473184556672
46863,62.69739637182611
73776,36.31846106089512
49423,69.77730618634918
66620,59.53363083994971
98175,16.564950506210067
85968,66.10944166170079
27033,47.61770408547753
77896,27.658075690109737
21632,66.13103639388424
67652,52.28939096584463
5252,61.86592982005011
70004,58.917335576268904
53072,68.07504520907814
70251,46.113747699083135
54514,38.19823472444081
5356,51.426613349263945
51381,34.33125766534999
7557,26.752235045093126
98555,67.49589493026501
80779,40.04195224925044
83947,26.955793966441885
45874,56.91827501292937
99865,61.48754896429617
39042,50.24114765208832
42100,29.74893186338052
65740,78.5237032582125
49653,66.3111843601102
11630,59.218242058118214
59186,58.192110539145276
19894,24.796232101476843
68112,60.03513504925318
8294,37.4501560252495
49320,32.41558524605322
31588,62.50031191218697
14809,56.40930663722079
51754,71.96430321947042
32318,55.69279405001187
28997,34.53077598847893
26386,57.53136967980674
25160,64.76682670942009
62453,57.103254961145694
49467,39.625211095466554
33973,48.4232413708147
22663,37.15846616131404
37520,30.470228777378324
45800,55.86296203280115
97715,55.65615467062035
56768,67.66616723118912
35088,48.298170296066175
47387,17.912298845118215
18061,43.0018186465221
6606,66.19837134471464
989,61.79232059015867
39680,65.68279580761232
28763,53.42933371401601
97306,57.49164468502781
80626,55.17641828169208
82796,64.25126539176176
31540,45.42525778235733
94357,45.85375303899939
34159,68.6513871064658
17770,68.19230887064106
66202,66.55259549563323
3583,65.78847402495522
39135,57.94182662350853
19371,24.984227511473044
77183,38.629838525485326
94752,55.31360740718421
37528,56.46453522637361
74440,68.01505609712468
55823,69.5774952515188
20389,63.850627700906074
63004,36.637435996970765
69639,50.59639444807151
49225,67.83830133204205
32402,60.7795515834122
7572,41.68718093332339
43760,64.43038537501144
100643,59.02500507222939
38735,53.26708592517713
98932,67.2633049597945
11065,44.059508401696995
64480,52.38625689214505
52045,35.97706200762094
76211,31.92353552868709
35044,45.08513313229824
55980,60.67838969028242
3544,64.6000408852364
13776,60.170540655151825
12912,63.632968592092055
53133,34.091382832551524
39448,48.91476560517189
88503,49.3555810652874
73084,25.657680338224008
94707,63.6573404563331
82016,55.65452988346508
22374,65.76491342174084
44591,66.15773443022547
16484,69.41833861588499
65977,63.65119409332053
2833,58.81781930058577
14357,59.81437629344836
25611,24.159107108039123
57136,42.64688851938185
75262,68.61168972551461
86289,70.59300685248975
89855,52.173872410242005
17843,42.780083744102285
34378,42.500471876877626
99772,80.35749497809424
93965,45.54361749499074
65603,54.843696116197506
97113,55.92177151918399
85545,41.82540709537935
89160,29.970092318262076
91615,42.61121562012528
44558,59.72807377710244
56895,69.58118976437676
61308,62.90185778259377
60105,32.79991638341953
30822,68.35209150249493
31615,53.568984100735804
2937,28.305386887535946
17345,55.249472510309104
60623,45.37837924856608
24263,29.32000151620139
46672,63.272339556023645
22424,60.20835169609521
26822,43.8391533418362
81536,66.15898334606531
8835,67.51710145945258
58104,67.06068406405541
85423,55.433734336719745
94440,73.05742892585751
3412,35.574174941021894
80613,58.172342541429565
27576,59.54310270287816
78718,43.27580804021361
15150,64.40315742364304
61698,52.75934019004705
39616,64.63411659095416
88632,69.44627242419915
67457,66.82089592057672
8680,54.18331353918143
14383,47.56499910520618
73841,49.061679471051356
43042,45.50254060651174
2253,56.299159060576024
91760,47.59647933010695
36308,66.14247412702056
2944,58.32716154201922
11851,68.25457396226302
99926,49.543445034012855
1531,54.06525869869978
90799,51.018189513855056
78001,54.49338287469489
59778,65.69079850154677
84813,73.8130782458418
14541,57.07735930192528
23592,69.32736275145487
98374,67.53385176197726
32862,57.57643046127825
88811,45.16519557331596
57464,42.817663419276435
21672,65.65194810646994
72364,52.472539849755464
63999,29.3424394023071
100351,80.71972105487464
61549,58.88587448872674
14592,62.09267664245404
12751,51.2599775492648
94206,71.16475300038714
11747,57.40306396305313
5515,47.89412672186787
84216,75.73199649397094
32260,30.563200174362855
77729,50.14843437128563
78792,65.42558221595216
92716,62.6753297446921
54292,54.42605152550507
62061,52.32540633185895
49904,30.98529826265097
22106,76.80811022433008
90303,38.09212721114457
79979,51.308931815542934
759,69.85396204052815
45898,54.21380225168439
47826,47.49245354392483
19068,56.43930277900572
59904,80.9855
39249,61.16399179734218
96490,26.154609888443087
1656,54.06946636790115
55615,37.80241761064518
45074,24.246951826671147
43047,50.68655617144739
70512,32.971750216135085
57161,59.87194427942299
42902,35.49276941584176
79517,70.76129671562782
97469,17.470840974124798
73730,55.87941968752408
18693,42.41982235853419
86609,68.17444957776353
88311,42.224449951220585
6859,48.77521284203347
28842,46.42981759130154
15129,32.218958815592984
13578,71.65948308668078
31897,32.560454269344156
37536,52.329553325749494
52398,88.39870055240286
35881,61.94772114679018
100142,35.87029969893286
42373,31.292319898436507
22396,54.1684171503793
26697,66.45435509633818
98387,55.129182610971455
15824,50.58937130513057
17085,47.671617178608656
2610,67.71080564989687
3115,47.16613354475167
503,57.9848705279159
95695,53.389627745261315
29294,61.33532456690923
67765,68.27908842644642
66412,29.384133664951513
58729,59.550122913525776
22793,45.88621682157731
16231,68.03381862064796
42785,55.659462551356846
3021,69.58118976437676
32706,41.121677783942026
79920,65.13781578047602
8999,33.187259031235406
80177,57.63798134356526
32195,69.81256543656275
64411,69.72972499486245
86573,54.429266012568704
29322,47.316418343709095
66888,70.92229620859366
22844,46.70986459426551
27834,37.84224247905686
33266,74.45547741514878
19153,56.75559830700515
31667,40.5154078674415
30440,65.80143394440093
2346,60.05042017003829
75708,55.788040033814006
45018,68.14872595279697
65726,52.385420981046764
38122,67.33563013939943
82241,54.4919187400982
1296,63.790193498387204
101197,55.32134297234941
55154,60.87283493788122
6587,70.859274680727
71124,60.44559144791785
82909,66.14856957086354
62636,34.27538856289217
100254,56.47448156359742
46872,68.94902146432403
5610,59.396003651968606
95223,9.676609627069103
78372,64.17505314234118
6152,53.85560700585792
53875,42.02341366894274
14871,60.593804404958355
26685,66.46530129537571
45736,70.7211450462231
21570,22.082541438858676
92359,66.758112216397
262,53.26622547913178
30971,28.477619896828642
86977,27.53018285925755
33613,37.10188350469441
81470,64.26373667508796
83525,33.748916231105945
51579,38.855087856548565
86716,60.71126055641901
61311,66.78141466479448
30240,46.019651221035
64110,37.511855041894634
90154,38.78421633434161
77516,63.890875706108666
73554,61.73925579813633
4394,46.301115470498715
55427,55.35298037075193
93322,36.13159349325267
34129,45.266272889061575
32361,61.00061023386937
98093,36.84460108874242
48101,25.19593609850455
60319,38.46736157305246
30373,64.56309708780728
2611,67.94132976012779
90999,68.25173498802359
5373,34.54832867508331
97092,48.881222481314
66088,67.57907629996309
24164,61.6357621147546
60996,62.88767159475931
75771,58.646885323461504
84233,67.5174703056801
24195,29.610622463659723
7558,61.704050861917466
73256,34.35947405101519
58399,39.38186179116836
73169,66.79988493107848
32143,41.54613870841554
32831,47.290068199750586
30423,12.869102961605675
70837,70.39023847103057
97758,72.85584557234516
10560,41.352872246735906
23048,32.86999786333113
48183,41.72536006145608
65211,59.658080292825026
63812,51.48456510121766
39208,56.46936743873437
61986,47.069996301738165
37053,65.12746308231361
78068,64.03087028869568
52868,55.74487811821586
36745,48.39573276483607
25246,50.710759523647305
96472,68.04692308559356
51996,35.04322667780931
43272,38.95710532732426
70847,47.80438572519638
37559,61.19647328503555
95758,35.40647370641062
94120,37.40225314381245
10274,54.62306749764426
93516,61.43732714122722
36991,69.20219305081514
97845,30.902528727569678
22391,67.99617108116462
71724,67.5689487826962
91349,61.763511098522606
44563,59.36132684223662
33313,65.69306835407048
79470,68.34204895690644
101103,64.93317087866832
73462,43.87490646385198
99627,47.85617545016242
60829,43.28505927843691
23770,42.70634947340302
54735,37.10747719184293
9040,59.47366395859292
38938,68.87289183215869
59192,59.94569981418833
36107,52.53309806007143
69915,67.36207258780287
74804,63.67574326127494
616,18.54552663147059
23304,37.173278549532526
18098,49.41321979150288
102486,69.3363371084253
18216,34.49866112934259
9421,45.49456863949334
88524,64.09719317583931
21211,57.88385419956252
41925,37.81400719053091
73927,55.040196866390055
50549,71.55316965165423
3806,48.76649108048488
100478,59.93457927470295
64296,66.8961932326208
39983,60.96092252712061
42375,61.54744155813608
32541,69.352722759093
22336,67.67899595958727
16375,25.498411861018866
29518,39.74063451143701
33979,48.93390728048448
33477,39.608090571216856
19436,39.05087493964808
44215,44.07957480283832
63280,55.30294579444213
18764,68.93653873835281
64881,27.393481938863324
7190,45.276772919898384
21832,54.63574882269926
61501,39.27758915406158
53370,63.453434113547935
59289,69.74811265275143
96322,49.251907351476945
52471,36.65242189256244
47034,64.2664710051942
11315,58.77754992698035
17069,27.240605089991647
11921,64.68304096893775
69884,63.527662532618066
52001,58.38461762468494
97768,63.63799519263766
52093,48.14984900105608
13160,59.42990251167002
61697,71.18632168118113
14336,70.5958440658705
61234,28.27358248929389
67894,69.40036732426394
49674,69.58118976437676
50613,67.95596454289199
50913,56.89331063599397
88817,50.559934511330376
29745,65.25217623800519
54061,57.26125374528701
4093,40.69536927709299
7755,63.9217758319944
3417,50.28304869693652
102024,49.40120986694502
38209,58.65210006901842
72707,70.45025215690734
52352,24.819878865230223
11281,54.71856557723507
53236,68.87973929596781
90726,43.34125658636043
36464,47.53814400624099
72989,76.06641440949711
66216,54.24404634258452
51231,73.3488949512768
14509,79.99734920634921
20401,46.93903256972415
101183,52.61613326988611
96110,85.64745581275236
32013,65.9726731245095
4695,36.72412764285215
24314,39.4054045422445
97726,55.715699779291555
17989,31.749995926402416
87023,66.56965372342866
81928,32.41982934095562
96103,25.23651509287757
77730,65.38433019597615
10034,68.3982808108833
42994,91.37037226839298
36192,31.054526445497505
9138,57.19023726366413
10110,40.022356407734634
21539,58.575934501126895
96982,39.845715922643905
80749,69.05416735981117
21202,51.29596079692296
73236,23.873760444728365
96572,62.22837153665272
62274,17.753593238361585
82524,56.346600139443915
91769,44.42124370162694
44416,62.335628869511126
27921,44.525876909345264
15106,67.65963717327506
45024,47.8133920178835
131,52.06865229626758
86664,37.984573620460125
63519,33.076605063296164
29509,56.16704467168406
21487,27.18398990181715
23459,64.34152249180949
79127,64.44999527380806
91426,36.17768183953619
7569,44.52488618730252
50881,41.3182524066789
57437,59.53827788214877
2217,69.86536340710856
101557,60.07466269331431
77659,44.94092738134109
24311,51.97499198763212
1287,29.222418379191627
59789,51.78109691543892
39239,57.34605363258551
2882,58.993312032975155
76675,68.63739650011915
95265,67.04024436431752
92406,69.40610078881078
20079,41.83131422282654
48755,65.37482726988682
71458,40.0976356752937
30099,45.08185044755718
33676,68.90824469163017
3725,58.74695183898194
10446,70.02581998691839
77138,69.0693610737709
17582,43.01161020196445
31508,40.69701509139284
72490,50.19339660978458
51036,69.33684020710444
59788,67.98660399782425
14887,41.034960658307774
80662,49.58511174512876
47577,68.41645824418823
43585,56.82243963883492
34863,52.058577050611326
785,38.94852545053092
61627,44.340395404337926
48512,66.05791503082081
14305,61.38707780470828
100061,66.09134879515913
74984,58.09710529797725
1096,65.60627304534144
46358,60.79510785387286
97477,53.47586744605801
60121,58.88219794174422
100677,70.76129671562782
39297,36.9494705541673
6040,62.6323483253915
23218,67.51458642483861
58793,64.37519052606835
6689,65.54096761404782
2577,49.87832611355183
15798,57.58774938147017
34182,68.45455258633984
6065,64.93520022378668
78786,42.39201614300251
48269,59.734871394411236
47483,65.5113627213585
33510,69.59094448086165
16036,34.362510757803356
32154,64.69103792858631
34826,33.31433346747233
98996,52.287894502855345
71369,46.87438160551869
65917,23.289332985840492
53810,60.85195490140745
86360,57.46713191599678
79314,53.809645105121824
90231,64.55913417307787
20179,66.8422323354958
96146,65.78698390006953
55832,59.74509251812803
23912,33.064157230725165
51108,67.61048836819867
83261,71.80263274464195
19374,31.42911608461019
48850,65.19943375805585
56964,69.0693610737709
76101,46.38448907094157
24392,46.786765021770705
66866,48.15079227174855
64829,42.145340140826775
52141,42.90183102768729
100997,33.35738550328171
29066,34.654707080870715
626,33.49292566320426
71095,59.86819395490794
30679,40.297944851193094
98166,42.187385164476936
54372,46.8311526890491
101843,42.311962471387844
38441,61.97257334594942
77997,50.85536913215235
78109,60.74975702715265
80077,35.13582463142687
65752,28.390833675718536
43549,69.09939020650164
87610,62.63659978311831
92367,36.96546146925012
77195,69.75504508293349
89563,66.62193995627463
2450,47.254111268971634
11591,64.4198731510383
82332,56.29644280203514
3484,38.13993454079905
18718,38.8596238182982
70880,70.26362035691963
92843,64.57639728151045
100178,33.19207479617359
3318,66.20411717055889
23185,69.77730618634918
23869,31.176885905552343
40647,60.50664434520062
101806,53.46651686366129
11602,61.29232734025789
6251,68.55939239132255
40878,63.46904178890519
46967,24.568300011340316
20026,46.573494211595616
43797,31.17542133946194
42527,30.37123375062975
93561,60.024700364278516
46701,42.77230848652867
81658,67.1435962701612
51337,29.34076072213546
44005,31.315459916308235
24435,59.47376933839537
88198,69.28393363028377
75801,47.00912354046911
31458,54.20455502145984
65874,59.12383326293155
40518,60.58739498241734
43708,58.12931672952905
2312,19.431287876115142
34253,70.57732527114224
3717,42.834421249687736
11320,68.43985307649206
98880,28.527479147516534
68527,57.68584410601861
65533,64.43626310206938
67229,68.14030494970795
16246,35.07813094693101
70753,39.749839808224316
4090,66.84505150394233
12444,57.441669957346846
15341,32.809911593079505
1783,69.2947721457416
82518,66.6163524072021
23560,49.74386492813048
971,63.359773161710066
74895,64.90469818696066
16813,56.63095685432969
16814,68.82783333333333
62860,66.28429611500532
9031,40.880689802474386
89206,43.558645199549545
901,60.57029016324466
6354,19.385140399752014
74956,60.50676197776701
16223,68.60964227162184
99288,24.238876965913796
47569,46.14636003410481
65688,41.50926415032496
4983,67.91029183648658
14313,40.14416947639848
53044,41.22809099962379
62690,58.53334511703174
89044,66.72134883976645
73047,63.757927074562616
86319,69.71072544497933
82894,62.225956852819245
53150,23.833988790282802
11488,44.77590418609494
25190,58.94258356014725
82335,35.68479688996814
77175,68.12202681902534
78695,69.79910821342925
5167,48.567226268731375
54155,37.83330187219121
64021,51.788161683610845
2764,43.775750795595876
48730,63.262203934833686
99700,75.91762312846616
25870,66.49918192867955
21078,55.04680844500114
84532,41.718567430785384
79496,39.599606385225385
3386,35.9086018601358
84774,57.2502597542316
27093,65.43574286982314
102581,44.05079002823429
91737,56.55045960766725
24987,52.04289542089112
49601,39.06198393108345
97906,40.958968444470464
90875,72.63213555448655
98504,70.00649140340603
17097,70.66564110168247
19810,70.34555388185774
18860,32.48505223234098
53309,61.231033874784565
46762,27.56390699846673
99681,47.272776502303266
77631,68.60964227162184
43443,58.819890101301
88397,53.03142453515015
27979,45.049062737652974
13334,38.88457588743817
38051,70.61725183957286
52590,59.49605983077177
63184,65.68861553797143
82756,25.12724180726103
7612,69.69591368332371
61414,68.26234152406226
53906,65.01432963308869
20227,37.3447877695844
62664,59.923581604372565
30726,39.18659081186064
60270,59.200075606882926
93608,65.87467040215144
39287,56.28108732410522
3898,25.56564610210174
94438,49.31018137986718
7464,68.87188594568033
38712,63.63019393056479
69642,67.7673921273756
70819,80.48375217563282
74436,49.00496343691358
101249,60.79312298129795
86375,83.06438002442046
60500,43.39030876345142
75788,40.137858337069964
84321,50.3281869432939
78277,69.64501263208281
1238,49.2059738763657
71812,35.26611281535833
43758,46.952578805887576
10173,37.34282010822842
86095,38.209327506291665
69109,65.46208287361102
61023,30.167767737177215
93478,34.28393499785959
54927,49.6883697722377
17900,52.06878855046894
96717,64.43038537501144
32138,57.53225187066462
90769,48.32990691806572
22586,41.06574814084809
27392,50.443448923191
48153,38.14662188575364
48787,62.054155073456194
65143,56.607612624722854
39923,60.03692132568503
64299,59.33865840538198
75912,55.20350096491234
10344,61.32246385315406
96249,69.60480558479776
53667,41.409591919599755
2571,65.3124754200723
9877,69.58577267190452
47897,39.76053940791786
95440,65.03539973705773
94449,55.04251731373694
50010,59.29051724554064
60560,41.72073207305893
78163,60.67960033611438
12204,60.165763114909424
24379,22.263785034186505
80936,35.09156182673876
19256,58.48150053880587
55998,65.30813532766895
25983,70.01519510208016
71292,48.95144857637652
74463,64.56507723004283
14154,62.37122190273886
100461,41.01278757438483
90073,61.12152589295204
29227,61.203077241855766
80441,62.7741869983866
95491,42.44560797455533
89323,73.14494918529108
43816,62.52281471571014
91971,69.33424209360784
5286,58.49465388074065
15318,39.26849696347153
66334,49.45116292726203
11980,29.648169993305537
83198,45.83254143063702
51389,69.23633023236025
27512,63.62462012800256
61418,34.64467254529153
88983,59.360094810309604
33962,34.194952298116846
23871,63.169972075565774
7430,40.420529448141195
101371,67.68951576144711
69334,60.71292681658279
30053,56.934470868060295
16004,69.76836941958022
16563,49.74660372849845
46241,25.491101849007304
26478,62.50386942645888
4414,62.238748712506165
69557,68.94140435360305
28184,63.03074007668302
71561,48.01464098686192
70272,61.84143596785625
48808,61.37840582803643
102110,32.80749752321615
89275,58.35258174823133
97646,63.10879477886552
59444,83.17883436285592
101666,47.45626616895836
37513,40.26483597750792
100297,58.16647324653379
42768,47.374005207210615
76713,57.665068775412976
46102,39.86556103223211
14096,64.92286136799763
72051,41.22093158023783
72891,49.58003701932678
62452,43.63932604892459
73766,32.82607366775766
55523,35.823541864339134
23711,59.16951627641711
43710,51.575577823778914
3316,25.762326769430345
56564,69.24063473376619
12014,64.8836594820191
56780,51.15168354661113
58268,62.767096538607476
88861,68.48580982119313
98312,31.455285142303083
45077,65.56169431070113
64444,63.45986359042285
62303,56.4940053241575
93321,68.66277633807147
9220,68.81440648634069
81219,67.72577267537413
64185,40.56810161914397
32228,60.55635159080999
85537,47.70665632819039
90266,68.84415085840398
68500,62.24198399653971
9255,30.485448751728196
59883,64.83227617417214
69375,64.73423448949956
64707,57.917582060200274
28891,38.8803547463379
49446,38.30899858879917
28377,21.977168264622286
96640,54.73520341501308
52329,63.39350525841502
98069,45.911795652805424
85378,62.14752925531975
84764,53.705079539754045
38928,37.986231228454855
36614,55.0679304310799
101279,49.31596261192431
62955,51.17773483216005
44787,60.91550064430999
54424,61.53380883733556
66252,64.8877279737682
10911,56.18335532566991
66772,67.9430759740354
37127,49.34948040992621
19280,65.58248689147862
32605,61.891167616490684
33318,55.44674280120752
64984,38.2052977292605
54031,15.316729083548687
5234,60.05140729391805
34264,32.656583074890875
54432,69.50517538439196
16788,75.24037310887367
75654,37.535424346160205
26939,46.83777074915849
64590,33.35690055592031
96318,56.47330461066876
86409,69.79910821342925
86316,48.713801505868354
31876,56.54842428223212
57858,65.72072802614912
53477,69.68086390409388
4456,34.206779657069035
14250,66.2357980528171
18474,23.138092321955888
8939,69.57940918515577
9763,51.236270089525505
16776,52.780838889979705
59123,70.26394445889119
86940,60.83949078390889
33978,61.465766077653306
60473,66.06325736394118
67384,29.280962866241296
96897,40.680095415357194
19981,16.824820707993254
45743,67.72577267537413
50897,58.13154340659718
85498,21.47743631513955
100278,26.737186828498462
9375,69.75613762718957
77493,33.94083055982962
78011,59.78315895941407
23276,60.26124814503331
30011,41.33583269480314
59542,40.03306514763212
84575,45.65768765988969
78910,56.78253018200332
102547,58.80410656373503
90278,33.68246324442198
79782,37.03696358462503
85984,68.60934239858618
20847,60.872547233048635
39244,48.80969468087429
16620,35.33681604971854
75050,52.60520844126687
28587,55.47361838447014
10732,68.94941961130893
69436,60.44370005793705
37122,52.75887707977521
68814,65.58127742805921
88422,71.4438164200141
44759,37.23048964556844
42239,79.69335951995473
44340,59.093845238856446
86005,40.09893461608539
89499,54.69448763184727
14196,60.259398885507814
28098,47.32272201719706
56799,45.54702098433236
66946,56.39892104858983
98411,62.73152173661943
42904,67.5634960957507
34338,51.887265205556275
95341,52.71902570581613
69046,70.76129671562782
29448,44.889233397196534
28664,45.84859780401558
78150,61.50725304592836
76722,52.55394209202756
53740,47.598674618991026
18057,34.932670727866586
11949,42.50318348669004
27220,39.28263682343089
23663,31.168809347395705
53720,65.42388143146651
73790,59.210177685435866
22664,58.92832626479968
12363,56.32843677443631
64269,70.33671667307162
79833,65.11550538502159
12016,44.329591188485374
62945,60.56536582037389
61846,56.576249488535694
99269,48.802650217066045
11676,63.76511226832875
61838,47.95570990565782
72356,18.97836868075815
27618,45.696867568391006
16585,37.96223517726535
82898,34.285793924059995
97440,32.105525920973996
62920,56.96725460445906
51460,25.740677471651406
60207,57.287543063588515
72951,47.61396291819639
18417,55.93691257457891
37699,49.776187170393335
62898,71.19101859391817
29892,30.024708521669513
85942,78.8651156497558
55566,67.92814812772284
76652,56.86994681358483
69743,40.62534681382216
92765,53.2596786920612
64191,61.19587619638281
120,39.129895329682846
5580,54.970112436985794
78739,51.00889162624564
88127,62.272868620636615
27096,70.34555388185774
11634,50.65310629096712
73479,44.266815590622954
69765,38.13176803664314
99479,60.627641493999505
4945,42.531023559446155
54856,52.45295059249729
95894,38.92235075365884
95233,66.49948988242906
58505,40.48634782467383
31782,39.885849995561934
65130,67.2633049597945
27371,69.352722759093
70645,49.91215323809375
73607,61.53441415672758
102251,50.01085054908591
34971,69.40610078881078
62265,56.44256457031513
35578,33.44604107331736
11883,58.82898313374336
89384,52.38521266448642
12471,66.5369396716978
65448,58.723890464608445
82527,52.495327429959346
58305,38.14141035790825
31579,63.78312213809484
52475,33.70846344508101
88941,59.43322926913924
7676,64.60345927027421
70426,45.29208197093278
69270,68.68899877309985
9746,65.26177332720292
54731,46.3242352506066
68612,65.5156740077771
9292,48.47169957491064
77813,55.304464116929445
102207,54.453044842720274
8054,40.72481266314931
95578,32.73553971335973
74903,53.59547156133035
48852,37.37656929609221
1751,52.8480856742418
69869,57.9298820971608
49787,58.66646428139158
36285,59.174709852632084
7412,64.64998092245051
78120,65.29114632503708
75830,42.649844248551084
49695,68.59900594102199
10330,43.67147699479717
90998,25.69205612236256
99060,69.0693610737709
62938,31.227585063804746
59514,60.909607795777326
97516,69.45978504216635
8803,71.57871660127294
8733,51.55967509490321
33328,49.52722347573065
27922,22.45982055730979
23610,53.2751753123359
94888,62.18886377837738
29242,60.595905070756864
11890,64.70588180289128
98507,60.00176079204166
314,29.456188582991963
75597,63.7126913173458
98125,47.48540273923531
20138,41.89352654001647
92735,64.94999865879399
16401,23.910140616295575
55736,46.03859473236104
41482,96.87
47475,63.33391411226976
19310,30.58158819714643
42676,41.95027885580342
47746,51.67488602008035
59024,34.97384533013114
68857,35.90595167473164
99603,34.99470752251239
66368,69.78467322543739
16935,39.71040556741611
49256,68.3661829156374
71397,64.35309168295016
59704,69.1314476852403
68232,62.443176086090105
62281,58.7710801326431
62450,64.40813222713463
18087,43.538624163119046
10377,42.09672176472165
748,69.41833861588499
181,58.52094352554257
24375,58.20660408374933
93212,48.52390101355184
89290,36.766050606068326
35123,72.82246680460268
14613,33.779334808641494
20769,45.26628682179229
51834,55.712495919677686
100816,68.13886243111224
40357,34.326571395068
57963,35.55879397325728
15218,53.25576012331444
69459,52.965033939489786
63987,42.40198433916671
12378,61.78617610276171
20502,33.262164412678416
47385,69.92018347826385
58812,33.47629648868177
78714,68.4946680520716
24467,25.889257114318465
45907,53.34464479279027
61078,44.85380726563747
60292,60.87025398998434
88576,65.73122046435967
58999,61.15527443573071
77647,24.008332578069957
51092,72.34924936036403
26337,30.212126055294103
81076,67.05822716622491
58532,72.19670552320511
39817,42.59096903803418
834,63.63724193281172
79052,56.42155638576801
49894,57.016201311740744
73877,64.89476844889
72617,68.92816712782125
20861,65.81625594043932
97398,49.85662332914523
79265,69.27866145813402
39900,61.34775156884364
73925,47.07378365287391
56324,68.17218750721105
22420,29.407937567990906
77538,51.73866798786337
82955,55.3083811159477
68518,55.075091688722694
39165,28.112409168028968
61774,45.20290967275032
19393,62.5861293388434
33819,56.575775156516066
64156,60.29036062570559
76591,68.3232204010862
11415,78.77511564975579
57371,59.06862275013246
61869,60.27932374985173
62441,69.77730618634918
9548,30.179653484754702
75000,51.538767774888974
64700,43.52486759605443
98382,57.81556771799244
5577,48.47268086519306
60739,38.49512860601014
18005,41.0826575559033
58752,70.2561313677848
9085,68.30640901834818
85639,43.60400934560714
72060,63.67655913164272
32569,48.68813238953849
72942,60.58431772996008
26377,59.585870036127396
27793,57.14834811823671
72447,60.33241457406035
11271,69.72972499486245
24810,62.78938667338328
80892,52.52918695549865
39339,40.04265680965343
70735,68.34016961954637
91185,61.72095575640532
82379,35.50550778332985
36170,48.2357640642121
74920,32.20311650531113
50880,68.65667498378127
101422,59.32154470961047
70803,45.47219488934761
10832,62.69358600427719
47444,56.50494785571784
95365,56.2720625361761
16807,29.32040728867361
91851,45.72016021459448
79888,69.28470509861363
69047,77.78016090548931
2700,54.53451939447638
63677,50.183946127546704
44556,32.74487836869083
57245,57.19880704056487
51210,52.79081856060146
70795,32.88528416704064
86836,31.109801224549898
3012,49.481179131634555
62983,51.69567316740262
53042,26.385047554572747
83723,38.09373610981363
55101,69.7587938961052
56670,51.20594969953477
93145,60.98682692220789
68220,69.40036732426394
82947,63.98950632995144
60419,43.88910553168784
78284,56.66007785448065
99963,69.25039810041746
68742,60.8256530803461
14639,61.083606455418696
26784,70.81171205533596
43664,56.801936096380366
8870,67.78679035966162
27885,53.830109696814695
8467,34.7223874095978
25094,67.29145352466014
26340,52.573166181023595
74568,49.64525719600687
17187,62.19419870003292
157,62.88725408253319
84664,26.01664304488755
60401,53.587814814567885
86200,56.966075366749095
19243,31.96070872351863
15467,68.21881096794057
21071,59.8816737293706
84788,63.28442929709987
53204,45.88284255925409
38709,54.97338991328743
51077,54.28241221639435
61206,19.628508906431634
91699,37.034006409243304
61389,66.15195814402325
45325,70.6171382979273
38706,52.69304599656315
49822,73.5297309509412
34063,38.74295581751356
876,23.361395870996766
51208,64.14267887674806
72259,48.006291584880024
44606,37.20296096591267
59017,51.08925847265953
71266,34.905355792471184
83810,68.4491150578069
87102,57.08968032243647
26918,27.69800816748125
43046,51.79307484607991
69084,46.884280062016806
59963,34.08304327651517
41025,63.09858342674718
4359,23.40346861471862
61619,69.6531971480164
67580,48.2100773378058
32681,72.48510998564728
49176,23.45874640593476
90143,68.18412496665232
96219,61.93572197621799
78899,59.00851714970753
97690,42.14111781998385
68299,56.944437066273714
10729,67.06915201734644
77980,62.329802736892155
60420,39.53967063448343
17412,15.472550307178784
15670,63.79989091157656
47432,57.832155693041074
57670,59.78914510232246
53113,65.78847402495522
28694,38.76595077859121
29605,26.8746669811451
59743,66.34181514513114
58019,64.09021536184659
1947,69.6531971480164
24175,72.18349158562422
55777,77.57060223213563
53169,68.36141160697079
99347,58.086261016116644
2976,66.81776614925259
14389,68.5861708789927
86152,57.191035518894296
14638,35.94956800999342
89796,37.98332412000426
77191,56.77011653917546
101024,61.36476843798401
54003,20.97567370146256
43716,68.59275686490552
96990,62.179513684878145
73464,41.30937019472563
53007,54.76793753583465
22376,39.163858471734464
69753,50.81476953051722
32509,68.94965741001418
56791,41.748365676544175
16882,59.51283230762659
15849,56.75573400481126
44708,58.35243189418734
17929,68.4893105696117
89409,45.78627388765576
23759,55.254711196814156
21130,67.89723280505292
7032,61.577075849997044
83185,19.863418663000658
72619,82.09025472682592
49918,48.907177359988246
5237,31.771867794717835
12929,68.4946680520716
76309,34.89862584760256
7670,52.34466374317295
51960,64.99711706151692
45744,36.20299356271639
47259,30.113473204662313
32606,49.24344838934092
36705,43.944850846726005
22887,67.31986328167882
64467,65.20595077706072
66992,54.5190000371045
35992,65.71796639268179
74884,67.75921263439959
100124,46.610370685731894
67264,50.07047212926002
54466,36.5862137436636
44720,69.70039850414642
42989,33.84603626805907
29451,57.99888074244795
9640,70.4955848653694
76985,45.47030828189339
58037,70.68918681397412
63621,50.096234768648834
62752,49.166144780991374
52783,35.04708397155167
97394,32.488851431158615
17864,61.38476599580349
23014,68.54032029245396
20547,64.38739206884352
76034,64.70698233570239
60340,64.0184165304919
42846,52.18351633691945
10000,35.194898754498496
98798,67.3482086797313
35247,37.151351851929235
97018,62.00455780605518
32646,22.960338041408317
39313,29.805122980129553
69131,58.51318959524319
95676,27.51156933258707
42173,49.909526628945656
40906,39.8711776270106
74461,37.71476414946995
55433,52.32491317162138
95788,49.60717184554999
32144,53.969121004164705
38421,32.247832039514975
15594,49.65395027552144
13394,39.86961290690926
38600,60.44380947387927
12323,61.9604121766352
36239,31.79176885076933
85149,47.43216074080221
39053,28.380785538803494
35351,55.00975624256524
39600,51.73192368898763
41318,52.086060474525766
69957,50.61422042395704
92142,55.446668080135396
70051,41.622404399621146
45257,55.770180012918466
91372,39.97208946701121
72058,70.6171382979273
90616,50.548482244669785
27024,59.4676296614333
11577,32.12937535196604
14358,62.23296550172524
9600,25.912278460513672
82534,67.38682715841725
2259,55.4295233214572
91634,26.96526642199371
89465,70.1284857004217
38329,56.70255215576662
1099,46.172778817234345
50940,61.51444818058638
73442,59.91952248925334
89789,54.34222784445788
21197,49.74775984899602
29762,36.211994150131865
65719,61.07054446314533
78750,69.01210020709225
79182,52.89435991254452
28661,60.79270816473856
52308,52.93639419211371
20255,66.10666110780637
55219,30.467605613534
42362,68.41146934869369
89991,67.89223280505293
3634,62.08430230514136
95441,46.58634405963111
27217,28.193074405227673
34391,58.05798612079527
12667,56.78717798880664
57286,65.29401952211145
86406,53.4945627452611
41314,71.8609662565616
39222,55.226226722405045
40272,58.42319420615188
49095,77.19061162856897
5364,36.001440175210234
55083,32.076757051823776
86450,57.88442933236298
80369,49.34331702816199
50015,60.06807550731432
79560,57.094655824100464
67845,65.62475812175053
63355,54.02629414704488
25682,45.2663303216336
68291,61.72163090140694
34817,62.2526721718743
6007,35.422612420025615
44002,59.52455762223593
26042,60.48516087749518
62968,54.27734585465999
4122,44.334055682437686
90761,55.233603234917865
57051,20.789994484456724
87050,60.41317250082493
91495,46.666784131664805
15069,66.83232987632762
99478,49.658175399126904
38438,63.574589587323025
60663,56.13507205077299
7826,55.11068067664057
39094,56.789293883624374
36868,60.07924461958575
28337,40.437478520589714
91892,68.35611530500697
62508,46.87815106194919
13772,33.86225915189923
60854,54.79879382691836
9599,34.497164149977095
30827,40.98170264097776
76188,67.90590813668351
98065,48.49528843906825
97542,69.58794725371007
20673,44.59861571811337
39120,64.33586797097628
12812,65.37302368587963
55124,50.02079812530145
70275,91.13324447274563
58365,30.70271820830949
33706,58.85759481915848
85412,69.32736275145487
7889,50.83103038006346
74797,52.66492123442914
28939,62.45194467139723
64940,49.312769535101715
102200,34.13523222041492
26107,40.41326933619212
55995,58.91399736388114
52588,58.559991602308116
46312,40.189990715409536
39658,68.35623510563211
72685,35.739399718347116
39768,81.4807141401739
80967,69.75025729178886
11730,39.23460502888506
48344,41.12844243071626
98681,75.37970675557058
81694,41.98879154482402
21236,56.04907276756674
101777,69.7788157271086
6293,71.54981192209237
24525,35.91689221264482
81271,56.30534693741917
77177,69.19648293250492
84708,42.02035244787399
74892,62.191422778160266
12294,52.7097776217612
27858,43.522497792346556
24651,33.17196368506248
89158,36.93944571106674
77854,69.28226529260535
30233,59.803141414969204
68189,98.0
50306,48.439962869312374
3031,44.106236698171706
90661,37.11078977389404
71249,30.849639464049016
71696,64.1182008215063
91780,51.83185268914514
57940,45.95302970150679
6526,25.98871423286742
58896,64.12486252659804
91905,52.008519211650366
26750,31.75918742082275
35935,69.71884760271865
70257,50.069263275989044
93391,67.41116196560726
84879,38.48504145001923
81863,65.68970132779727
76953,20.06751267305865
75641,28.48611147816426
98298,69.39446871498384
74761,29.203216747711195
85962,40.48521638662354
51413,55.95223952710235
99678,41.88059632027853
70559,62.131468857124666
28737,37.312696643055375
77074,51.180804223666975
48393,68.21881096794057
12467,59.78793481968503
91915,69.44354035303463
88072,47.2106374459671
95975,67.74699233411485
72181,52.153231796875396
85396,70.18393783890923
85591,71.96128035183273
29340,69.65906594665994
3427,36.246026854111726
57386,66.2495208730146
10595,43.716355198616135
36041,38.42019197870776
77605,55.26237188253806
77293,35.77537838182563
28875,62.18585853473942
75627,60.745232496924565
92475,47.32286377823202
26457,63.58237417112686
90345,31.6765365446294
72451,70.00649140340603
75729,59.394365731836984
75842,30.797619237777134
28907,31.10423437280393
72376,51.242407668886855
57641,58.19411388792591
90969,62.444167909931245
42210,29.86262894188366
13638,59.13806570837919
40039,40.244664952835265
81290,68.85256928941311
38216,64.33215520035078
20850,58.97088811139797
62336,32.30471512952786
24671,63.650673204676494
5497,44.01984954239435
54714,36.69139175750352
73074,53.16467071239529
10085,46.939820566343826
45578,56.99405858754885
27242,63.84903868889999
62927,64.90290108811581
88877,37.156047966164245
15148,44.96859827559894
46470,69.32736275145487
9171,68.02899199765594
25463,30.03890957143471
43631,47.749632687388285
101815,31.678267233423114
55701,66.26363701461494
98226,52.6076698344548
62131,57.630078315931925
53093,63.428142493684646
47311,65.35280385103029
94791,29.63171861638275
69353,49.9619935580457
12202,44.74132113112247
93929,70.4259951666475
23479,42.138486329982726
36438,69.50303067107274
95821,65.75723028080772
8973,68.88517091212061
25133,49.2910744371288
50515,69.67519824409875
8718,64.73266426564574
51821,62.218751953172585
31971,53.88420712397546
37011,64.49679534518425
50792,41.898543393716515
36616,28.55260544700137
76630,53.01528905737763
22266,31.429351702831966
61760,36.90943349159045
45230,36.408251228221765
22560,55.651029684507996
75007,49.00660977076885
77404,55.68518065105883
51663,48.700822646926
78352,42.25879903010092
32744,36.376311031124814
60378,41.89259336989643
80493,26.90049768406594
66534,32.4864499075844
27683,54.33023314593503
36666,57.493738930367535
30977,64.89549271074442
40695,64.42014999126717
72165,46.40027398378245
7987,69.58118976437676
26415,40.54366730215358
93713,54.579629771901836
101477,24.9948004371329
34913,63.660370373946805
41306,60.92708780564445
71097,40.14074019006773
14321,55.895931124751876
12055,56.34697793016381
56706,66.8019186546376
22082,27.988575495934814
53410,15.280832033585577
11763,48.46983305602085
5530,65.97190884223438
85002,65.72072802614912
58011,43.18367248114301
50286,39.443547755839944
65695,45.15142528036763
32270,59.738618539423676
36463,45.86690751870637
47851,50.87407751493222
90748,66.44386602427062
23189,29.79191043389082
158,66.22812972906021
61043,59.58399951531566
3358,26.051248076548546
78138,57.318284835797776
81194,58.929995021201556
93917,29.623783331859126
42731,55.63872606146764
18450,24.130830105302625
81169,62.52686659032886
80721,26.599974436258705
64568,66.6490321505656
58088,53.005271409080734
56600,53.565102531490076
85759,47.575503929043016
4361,60.11053287523022
45126,65.49853749727232
99961,69.51746408681738
101486,51.051767857609484
93925,59.900417380834334
64634,72.3763402378705
45069,58.8950941148708
32240,43.44253221345525
75698,49.16828252281621
59773,70.57975206014558
76148,47.9916136518809
79924,60.01068545219541
94885,49.88972826967149
87951,28.260095484411796
46661,53.65052696555554
10151,68.75718028802025
2984,66.14806290426651
55527,44.29901164238748
74107,33.44301740320484
10622,69.01565717053613
29556,64.28212400370325
10795,68.65201946202583
37680,30.243202658096642
60571,46.06818888146167
17830,55.07863817072534
13227,80.71972105487464
10233,45.76635331149991
16636,52.38653887292211
47466,23.031757226401414
57233,40.675955022885134
71507,54.229942837974804
80319,60.61841224703238
69192,60.16452366987397
22737,52.73354957579519
32315,44.97393746991057
38054,28.767476630449643
25067,47.80544143630579
2831,36.63012976877278
97731,69.69591368332371
66348,49.52437211425387
15975,69.0693610737709
36789,50.416683045695365
54158,52.67564361174745
20730,60.422113425715516
94183,49.59711214330198
21622,49.99267816374529
14270,73.27839255460304
16827,64.54977844895468
101811,54.10252925989037
52743,63.61190370419636
5168,42.7289938714672
46127,67.61310229485294
55561,54.683786928170086
41132,56.65224073492661
47773,65.53416607126914
13568,40.601505624491594
23542,48.89970721868874
18080,59.33681079160787
83638,42.75770640236899
49330,68.2631566822596
13451,43.456173925906434
7115,57.019549763402125
34093,41.474323014918056
3007,10.301038495991506
23543,57.112630388773205
99459,50.11069978393267
81295,62.05850240830676
100505,37.25986589223503
75793,39.44597600716947
41619,23.70924505475522
69076,65.78724550088543
4366,37.52552345807161
50654,54.114131874273795
68937,76.28691600219027
7033,34.02310141939128
100325,59.021357519502764
99946,60.50069282347249
59254,67.10698939518068
98101,69.28393363028377
4435,68.73947305649544
85305,47.131073705647886
39929,44.452173038415886
6113,60.12543794147464
91212,65.5632868898772
63912,52.41373522055184
10381,26.54599748878635
61786,59.75375476096623
88718,62.43800596224375
88683,31.601085827333005
76237,52.397476539424204
70959,41.09198678413937
83595,54.22674062786044
83943,63.2030861778981
59973,64.7872402778655
42111,52.34960410093785
91314,51.248295447614446
47218,36.84336391492262
87552,36.97388186683136
28855,55.651694929885586
39401,69.92472409776137
84237,37.38806220586321
69278,40.40290089852404
23977,51.303927618688185
75104,64.76981610326287
45547,67.76250803486393
62800,69.45978504216635
13220,52.67727486345718
99463,54.93684382303088
15420,61.96914043839718
60217,50.98126650794059
54234,46.99632655691428
72612,21.96737435630807
59164,62.46871156043803
56155,40.82800999412928
28618,60.71916939118819
97591,38.906652852706905
25918,24.67185755413844
71118,55.02289177078842
68916,52.86124215382479
46378,67.60378266389377
91232,47.22551188236032
59367,65.44583977086592
24281,52.863185956899635
62122,66.08702117025075
45604,37.04031311156838
19763,44.297427171536995
47500,30.214464002939863
94831,69.68098918623053
17046,68.52000997961255
22394,60.147517612863304
87801,43.973773492773205
54187,40.656405003363645
53972,74.51938854886941
79740,45.891690536406074
35287,68.61948752619938
53977,84.01274353854454
61545,65.73506334714918
89418,65.14313666174212
18973,51.262678071257724
7000,55.39331625396098
26463,63.15463499481256
55145,41.09615889008585
93337,63.521710086267476
24091,57.35882295192675
4991,57.00410004045687
96521,63.813486530939215
55653,38.35786561053526
77800,69.94562350195284
34357,64.83286127711898
8087,41.060800772981274
55245,68.8045147300402
17807,59.24292618220163
91138,62.94105133779073
38233,57.216202839368755
26924,61.497385867254
605,50.12327199072612
55498,40.93097400780593
48064,36.64006049489265
26604,64.1368161251929
30653,29.660324542698405
11713,52.05625239622656
69420,35.08181462470004
22389,64.2901673771591
59225,35.27823337576673
36835,66.0064033433744
60255,64.96577724537406
79883,66.88067877661405
65648,51.64430356252505
32157,49.507502446309
10485,61.91638697556969
40713,68.06257174234655
95017,54.24751749533163
36544,54.70989899076166
13435,58.58616830738372
21792,64.32439861382616
40388,23.910251925534418
21385,35.47841945881054
29250,44.022846050089804
101876,39.82598881800379
75913,58.92162153766556
51598,27.720471438616663
62833,66.70654104990147
72472,59.73307101637789
75513,45.08414531401874
46305,44.611612223622366
93842,52.00258753959261
39201,71.42712610640469
77510,67.34078726579293
35447,65.62678396789168
53384,39.284194205306505
51105,40.622179817367886
88734,31.08946615142358
9070,60.33882505472813
79423,64.7103037725075
25273,69.898618794745
1197,31.122119688727008
101848,55.62717505262649
18480,48.300217710761764
37443,55.83585984131093
45918,72.3799412264582
60286,60.534815705241364
51665,52.739419318929315
69115,44.30220753855976
10160,42.74074557353435
100373,29.029792091310142
6888,68.24083102890381
97043,30.435457413314776
91076,34.81375831624516
31943,65.2255670995671
44979,70.6171382979273
23866,47.393892413811955
27145,67.40452859620015
93302,65.51749120540448
93165,58.180936482158415
67410,33.28404134069032
28436,68.0326437539255
61982,52.39410473552578
17878,69.97527464892397
51721,44.46662552991731
79178,17.252689927286784
35910,34.478384945736146
26390,49.148461673142926
66499,55.10485261769436
97550,47.37324069188243
85531,54.4292340036599
4073,38.98112329477162
34785,61.05866283854375
81328,66.56414194056859
20215,31.567778087046474
22098,35.63591295769466
15222,36.73799305570665
70271,29.79102459554125
82004,22.37572534082481
86133,68.19230887064106
61202,60.86732193504395
639,71.97210560144339
39098,37.701610140019284
33233,44.092491287554765
83860,68.19230887064106
101703,16.30307759769548
97360,42.079231745761575
40229,79.5257020645101
39982,13.367017729897317
8950,41.47996691126724
59750,69.13431408168539
9628,55.07876587373383
71637,53.65997858335696
20231,68.64639912256263
74551,74.38369155410402
87654,64.44635373277407
99818,32.12127702014947
2682,61.705637578927515
67709,43.108521378090565
51818,51.12065718135473
11987,36.33545556331417
90691,32.61856629453424
35325,23.361169572356392
54257,33.11191205581017
35706,69.79685993359766
78563,45.849480956117475
91924,63.511563859372245
24475,91.1389587584599
63255,44.071472918239124
31611,64.60217018604163
50915,57.177600017034464
75315,63.06192078151279
98844,58.45539144659239
31899,69.28393363028377
26055,65.70769429858987
53261,51.43899596169516
73901,38.93382444125144
10321,30.109029224576574
19884,67.73135452049091
2446,63.44970016511943
95163,66.01045307479552
30609,31.522061797846288
43837,69.57040009312185
61150,46.160511113240446
5199,73.75666977053196
11633,40.59335192663655
58808,64.15807400260798
91323,81.93916666666667
80035,65.30036033316016
16573,58.31080028725001
97117,59.2866902099887
48975,36.9153172374226
12224,48.12979901987027
17178,68.60210006928217
28379,67.80447673778245
8386,64.69174129648626
41546,49.6049308715229
64845,65.43213101945216
47222,69.39202745246854
54015,17.067820475262124
90394,49.66487276065985
59987,51.732206440263425
91109,20.616600806428547
34510,57.244244089748
31023,50.85064895511057
9555,60.752173059659505
98775,54.29213044240997
40269,68.76893294634482
53846,41.136549194232174
97348,27.100307677786656
81116,61.8900020873623
11337,49.335503721983876
96080,29.37428777542606
83564,60.40059829628084
31732,60.65516215364382
36446,56.61464712497517
25063,34.724287754702544
89753,32.896498113788645
49770,63.993273253684194
21217,56.15025026771732
67073,68.96071298161402
2538,40.73022529703593
44612,37.7143381963272
74349,26.053921932862252
68408,69.33191081739494
52223,41.22270130092997
96888,33.445013929849296
79230,45.9430925067696
90583,60.59344308750468
72609,24.96780325414623
89901,66.8422323354958
3421,59.23695761805648
59061,54.57191532338583
19082,43.87424611763523
29328,26.45607269870296
5093,65.62219808582931
18047,59.549020307247844
55028,64.63397958306041
58448,82.0
37828,67.2200342867574
2184,55.26332656851885
15928,43.238961338796116
26644,44.87311020267523
84312,33.01991591293308
43744,65.75878452230083
80488,60.6456682414637
33251,38.6351656191018
64143,43.90837734533297
17524,57.181672203285615
46356,43.7310411401368
65026,44.60250234035454
6964,57.17958372744839
37580,39.16853065273947
11517,59.72711618810353
59486,57.453388315905
18809,56.59954361882413
85615,54.96298603769614
18020,65.89644408340247
81779,59.15723477737732
87215,60.51236601334898
14920,49.2860536264757
31449,40.90109006324242
77828,46.09949999780636
94807,57.05513414391807
66183,70.09176846062479
17644,47.32157108609167
38660,47.551814741421694
52473,57.05138202242273
48375,51.081923562188514
38972,46.45889700754028
75678,66.76601689738769
36022,54.587881033643924
239,65.33185094923475
68790,66.9111514994991
80851,41.0949449203428
90977,54.17227893633935
47317,68.1816527760962
15813,29.749243641321765
65033,63.892753718363345
98192,41.06685107560584
80131,39.12577417100228
93941,49.52746971845816
44086,57.37165411504358
88902,67.36501778675043
13482,59.69996035768128
30908,63.893637071986895
102283,40.08288928690895
10283,61.72716298896827
28549,69.47126357268084
50785,71.55267645923061
80091,47.40142341344307
86288,69.50303067107274
50431,23.55538558409481
41143,38.09549007711799
95295,24.770610780841363
45166,37.96006661534679
48932,60.59074566059111
17389,47.69652249222313
31969,66.66272346680894
11165,34.787316411665614
48092,45.566527520089565
8512,49.90002202389089
58987,39.33842711136082
42254,58.96739035800692
89738,41.157624303814394
69056,65.16694477424771
46516,65.03403214167372
65499,51.13052175654464
18167,58.64198854411711
78748,39.35308402766056
59187,48.66129890651864
70650,58.24574278254413
1902,91.44209950592507
73988,61.18113922990578
53980,65.53330281763974
27599,67.32463754054669
19031,67.38220427807468
58911,35.25985358447385
17614,42.38097115313928
70304,57.67367013937776
71230,46.24017986101298
89446,51.86086681292115
79858,45.18063385693333
27106,41.14905978343715
70706,44.50695340021136
25622,48.42481751825435
42996,51.59610652464748
48665,54.14705136695586
53120,44.830760902131416
35515,26.919552059964232
87233,59.65020531931974
4655,55.16681224339461
75768,69.87308826840767
1193,69.6531971480164
79898,61.34185230126231
49803,51.45673843127809
41106,49.32513540231637
88179,68.25092680371056
948,58.87701121603787
63845,49.11334499162624
63165,59.464683381732456
771,31.412239196503332
17551,59.53609223475505
78036,39.8394561077912
66208,30.08890217258644
40013,52.42829668153334
99704,60.41398990379208
27199,37.31401357842114
32559,56.44163695218922
80304,69.32736275145487
15758,53.87834708432989
2141,49.40134829104126
57528,57.15351817564566
74939,44.313818553975764
13886,61.18649983141276
59509,69.39771433118086
61579,68.36938026448618
22661,49.05207909762027
44483,46.476289211953834
95411,68.93341793878724
78279,60.16699187233301
70653,30.53079802831847
3967,68.70694256321244
2071,70.40853569130957
89241,52.744316982947346
32670,62.387103734765105
102234,31.285805962961284
81865,56.55634420759526
10965,43.97107718648242
50511,51.58567431251191
90137,41.16395355808541
34760,69.57040009312185
25923,68.92771417458329
53124,57.12117423176559
102084,29.184471098027753
100749,41.58422809113186
98750,62.766824555422815
90657,60.05042017003829
100271,62.48216184228596
76735,57.54480653710868
52286,49.91622971877953
74390,63.800099434178854
81906,57.28341840976651
49693,34.20361198444618
65393,59.138697614724926
100654,69.39542657361395
51018,35.50474685423412
33910,78.86344898308911
6651,68.12202681902534
60049,55.75876462159669
75870,53.624481567859995
65155,57.5695106209985
70028,36.412400100311906
28667,23.304259626382997
53616,65.13528748590915
53792,43.40125382760239
78456,30.856768744829033
77357,68.01566094159301
18504,46.97482855078855
45833,65.0579642313366
43463,57.149308087011725
99439,45.41364504681559
69688,65.59845156015122
84183,63.84903868889999
62331,69.01565717053613
15974,72.42175986240487
41191,69.82368972985833
79407,64.21410271583312
47451,59.48303235383447
29911,60.63927123032788
53422,38.29060132032155
279,42.35306484119122
90915,54.768046567485506
73679,71.04971601302692
3280,61.825227092026374
97387,63.07484445647292
81285,48.463353850663765
39686,35.56348479001494
33929,69.82368972985833
90888,71.75288147088831
62818,56.40594487855596
96711,68.40293518815382
56839,59.381470751842336
10783,57.82908703430475
48694,65.34314271798317
17575,70.98538259092388
51096,44.90024030133473
32822,66.53741132007052
28039,46.27080201458561
83895,25.944253464670787
13758,31.445714351628443
21049,82.04
64650,29.735043511887866
4286,43.063797603989606
72063,31.972231409755477
25241,48.366980034582156
51878,57.00691662971325
44961,33.25514995202648
52521,51.370905445080965
94986,54.24881640373091
69514,31.550385658259366
35884,46.115956218742404
51437,55.23586157636111
31752,64.53293219587147
17373,51.51674803664445
40736,36.13745641309277
97097,50.36029786459283
84356,53.73949250557544
52321,60.455830905115455
80590,58.616835519672506
96694,69.69824678551322
26513,55.807494981285615
74565,68.28194134908277
31238,66.83578555393578
40988,71.49718902234187
64563,55.55997873143926
68097,33.21913415785877
14422,62.885278395170296
61601,40.89760167868545
97886,55.18815223077774
77731,50.353028125849924
95539,25.364041875992836
66413,70.09552812230811
61007,66.7358112136213
25017,50.56521996731138
18420,33.00688185261806
3289,48.46780309612433
15441,63.69856783881661
20564,68.93678765298726
83065,26.589735654977602
47779,52.7234606355924
32215,65.63249028289638
87248,67.87094622225902
36726,58.65334832784929
2122,33.05538483878766
41524,25.059456349206346
23337,65.17304377506116
28340,65.48368538162654
36199,37.958991779519714
63465,11.0444027043396
49192,50.582734440155676
7045,64.24788561961287
31762,53.52038749910339
89445,70.51192675067071
14166,62.10665066603546
32496,64.7667967692081
85871,45.475874951349745
47366,29.041414023844695
76777,51.086285605655114
38772,58.70864494686491
51383,51.172124181190284
9325,100.0
5197,55.55883547248164
45875,57.182816576882466
4976,30.309449900281752
86646,69.79910821342925
22190,38.654102079846105
79983,44.252847830258595
26141,42.851674560714535
58695,27.53091534252147
45618,34.700585670056505
61352,66.39219163223044
30031,30.00882722501503
100890,44.24705978544684
33970,64.27184049789818
30333,64.916824247326
80680,58.57763403968764
37329,61.54187424029027
65838,66.09275192243307
100711,54.25380126616893
76467,39.368215622038704
92680,57.27312354251844
52489,68.80478114544503
62153,59.41849916498096
21129,46.078684477558966
49685,64.72855426794162
64533,69.50303067107274
7322,57.81756330311337
22797,63.7507123385809
71282,29.94872029726489
93428,67.17509766905305
75498,56.296195593429665
14856,67.70182759669369
86900,47.10577031805687
63590,55.21294796343876
65804,39.39756594321806
41071,54.47956952526789
25087,69.31512983313692
96353,39.36964419346727
61225,52.1088048863645
48290,42.691598173621536
63156,28.316522552044713
64772,68.05926714148588
39783,61.29185909789389
54214,60.50521042094175
83147,65.7533403604322
40915,62.960598501745736
79638,33.66869363150879
7378,45.35296207964232
61748,67.02470025010057
16996,43.817685600958114
77743,65.84477687548501
52908,59.333956301474245
74408,51.45799888734216
60545,63.73878757685521
64666,64.97163361478628
17855,51.873809908499936
91669,63.55820142881426
85549,100.0
83346,40.25372277568666
53641,22.66137267250011
89055,60.522100336114384
46051,68.13803639237541
38015,23.289944809382053
72327,67.78510813066374
97622,56.14443742990299
29003,24.72452764840141
9513,54.952633170083566
61335,45.152889108087145
1855,73.5123989179605
18909,35.814622580927114
66189,41.124345940257754
70649,69.58118976437676
6997,25.49343378041502
66932,48.83665112574315
45161,68.5021990264335
19292,69.69916576498474
37156,69.61692741521206
18097,52.60005383786411
89908,67.2633049597945
68155,69.09071869316854
6393,63.56225945689855
75769,70.33113120332195
1414,35.69696256914672
3828,66.23750414551722
69136,65.8687339700379
47743,27.017890624446185
13210,61.537430175500816
68325,69.15512451621936
82395,47.24447618001621
37460,67.57275585596574
93654,53.36978333448933
102367,56.65408461773658
89140,58.61729449545481
35731,36.35581694454732
5484,69.2426492924342
17298,50.56363788091444
87075,31.57606650927671
101533,52.87216577845621
54845,60.119457418082035
5923,65.01994768036627
37300,59.92405336663617
2879,43.63721305508333
78323,67.53273663907318
78936,69.55663554842306
4698,60.922545827030454
37785,40.26413253235015
38890,71.0280814123038
63093,35.68688828737545
76543,58.50367873622923
17055,57.75788517990557
97088,62.4472611783292
80220,70.02581998691839
98011,61.590413711482654
84158,52.56570130452265
93848,53.637992117599524
80321,38.96548866300237
16956,62.61662610445182
1021,46.22455403923058
4710,37.64055734300539
24034,30.635262039863154
96053,49.34231414766592
69749,67.41892376691037
14736,68.47583489027373
27227,66.86613860950996
60247,54.66977899817932
89824,34.343760117131644
94554,36.79895420085319
57211,71.91455418804247
85825,64.5926561758892
17378,32.971169499149845
40036,70.35042745283994
31077,65.99859570991717
74737,26.003639423199473
8464,68.28194134908277
35208,39.58108400410315
24689,68.86973415335952
77142,65.56814156220611
44845,60.94469092879051
63405,66.44992119158361
60061,30.114518658183815
55972,40.42136840386442
7862,62.730991589186516
4752,47.090888267778766
60414,66.9488272248913
16614,44.56494309797427
93962,61.14860336648745
69774,38.033065779159394
99335,59.67912367523721
52467,69.59554734911163
46973,62.62952308210319
101297,26.67277014070581
93847,68.85256928941311
82435,41.063840524201844
94932,34.78801660479598
57300,33.32596788957795
3758,60.41428441161095
37192,59.34142766243137
29436,57.19143292125361
45975,49.064215901404715
86668,51.08794758996783
98899,30.533357416183886
37660,69.7541845122104
90610,50.20541798462715
35725,59.80632561434636
44865,68.74380877905112
83263,23.066578515078263
93642,56.86448259074687
27211,41.27341003693865
55970,56.90919595062372
2742,54.34871094377523
90957,49.29837416117241
70405,70.18393783890923
28362,38.70355474674997
73028,36.3239982648017
68691,56.76166813421878
6121,32.33099740813292
35147,58.695626168979906
20390,63.495220067735154
49230,68.19785421372582
19036,45.71101882471572
21413,61.53929151608167
84318,52.52871853139823
62147,49.2567105596912
8135,57.59577904846441
77470,51.866663208566024
100050,68.38311226874633
55558,57.02243263824123
44501,28.834494487680367
16306,54.71484840071844
53198,53.25226418810187
69689,27.663705929605616
81400,64.72439748070846
62436,47.63794622513267
52625,28.111005977090276
12358,65.78278242523474
14018,78.61094898308912
17456,48.80636278306954
60083,64.12625267578073
78915,33.97194764633884
13489,40.34416351446442
17810,30.06569164627065
65305,59.99622543151082
95469,58.288844609438414
96151,64.28546980589599
71683,37.33947415955919
83311,59.55277253032722
40142,67.68395590865451
27545,70.81926074711413
84263,62.817627295121554
71500,40.46234132598571
102495,66.05097339013672
16784,69.33424209360784
85835,69.67331245913425
42433,26.825417007235323
37919,38.19831807480732
92136,54.38272689357334
100617,53.092805728187244
12916,62.904735010865124
27154,61.64156886765099
73459,69.70431864497219
43533,48.38206390151099
5494,55.85615750068528
5873,60.859325427508985
42414,40.09844204173272
60394,32.06951942520991
37424,51.04487139590155
84969,54.90894121221047
8902,65.46531417015247
61456,83.92
17098,43.28906459876918
78351,68.29495669744183
12205,54.237191464254785
26123,69.20138548417178
24022,39.5814750149953
48527,56.338483068531644
50458,54.40836804793491
46924,69.06329663390541
32511,60.0329932622099
95971,67.58363627094391
70110,42.77354986416332
786,68.14162997995354
39324,55.69743129746732
13744,66.98752264878195
64958,33.63363294941027
77739,48.955693293593065
78124,57.758982278113436
6319,41.27363229812483
4005,69.40301275255263
82668,47.67025025866817
76525,29.023239978448668
28224,37.502047187022754
35470,59.14137026297245
15488,26.248432589100084
53405,58.54365055809032
3610,38.341201028802814
59468,61.85630931428085
73587,43.82269097542328
69347,65.25783040212936
90071,68.8514608217822
26766,40.35864263044838
81751,43.95323316975065
24460,33.406171177326144
4457,40.89400487473326
26315,55.14012379281489
7859,40.716116489070274
44303,63.45843161651939
51943,34.7565219667044
86293,33.367680124708286
94515,23.81281213094544
79846,30.758293945455712
54356,56.30088707650176
40035,41.6385847423598
50752,41.16519959405464
101329,42.4807491215043
90265,54.43733413774413
46399,31.037893469090637
8655,53.778039211452054
100543,68.67535703963199
8011,63.339316595411944
86329,54.7998349221545
80750,57.68902929489563
68613,42.911518649522606
75568,50.772761603926426
48001,54.09815885685692
72784,67.03948630372071
8035,30.031593855386678
28307,67.23880322032203
25982,46.55360542077927
18415,44.05844723618306
37227,24.495208920059543
52483,52.4143665700556
38996,49.219694256990266
30619,53.77658152350259
99677,43.57640083315959
84937,59.86305831339263
33282,67.44528771894075
46391,54.968731975365756
85115,51.824086132746395
63749,61.38975710456355
20122,64.875646323059
24900,38.30921469520838
30455,43.13417725277248
60535,49.54354880689868
46556,50.73923470090227
92363,49.87514742152331
44966,70.59573812410711
33276,52.32561259180726
19559,51.380882732595175
78092,43.208130574202634
87088,64.85770908677533
45332,66.63551019011994
50003,63.304899560094434
51838,43.25730151530804
81387,57.06528051435967
95203,37.227484382146
65736,45.29930325702909
37164,60.36970249307512
82813,49.42825694183753
12691,62.88500251446012
28869,61.60064888978527
84077,64.8854540474979
89354,53.40781228614417
98907,28.298526888328933
60027,59.02813962888016
1718,66.50166084013732
39058,14.691922702163719
12786,23.426147923318073
47146,59.12705926969767
41401,67.26594898694958
19042,55.095558894208345
95951,69.20219305081514
62986,68.25018925820024
12864,69.30889880609449
6510,47.29514905265296
88805,61.09808844842165
94327,42.33991026141845
49783,35.251858070582955
20204,26.54293865278922
6077,51.17467727815162
52053,62.12454043708878
2124,84.23202824656444
90458,70.36534839268941
3325,56.220628210718544
25002,60.16537167077827
11997,69.17040952911067
1115,31.693389849021106
98767,68.61199579098526
53208,29.342270848796645
83965,59.699061558541274
80170,70.96078904214724
14223,30.09218533930091
50008,47.88648164291061
92926,58.05097105268048
67262,68.53744022121455
58690,39.135369322888366
85708,71.36943275560486
4398,37.92422148215185
68131,54.92146909203201
59075,46.93526941710649
1830,24.694383566675913
44042,22.97004966951322
55882,54.40729191626929
16778,28.31793014374425
67670,36.05248911930364
62193,66.74770301283392
85736,59.01097671034657
31299,55.69937217347482
52253,56.5565625495572
32675,58.58679732434544
38138,58.91714933873627
6821,28.82430714499249
92299,48.12523325302557
14175,59.95512171861544
51304,40.79012927480238
86950,45.89203458466493
21213,80.97166666666666
63751,69.75256162094075
42886,41.4677844240193
88443,57.0965190495026
13076,49.20122659988917
67337,36.81395941791375
69804,65.09910292650362
2675,58.62400031128903
39048,48.34778075071296
49270,55.51087504586014
68932,55.409580461847
84505,73.60133675823852
84281,57.32366139680283
43435,52.63313858800792
59534,37.67251037956025
69556,57.083686073808494
51761,58.64292019632142
1220,43.292294830016374
32987,60.30754611946404
39994,24.330302410188114
6677,41.67917574768481
9361,69.6089236755402
26425,52.23020826207271
43768,37.35930682966935
40933,44.381304924568994
56094,31.723601660980556
16723,55.527251986321005
706,51.20856508162112
12308,57.58360189634996
86660,54.115702548635035
93767,49.67332949614012
79563,20.130615537781967
79647,57.61372081892641
68976,66.97144018549993
54669,69.79685993359766
67334,48.41886635609281
50806,34.91968180180066
13549,32.39719582290969
102518,67.72696190402581
2405,56.15987122835268
2422,48.55738705075975
101191,66.2942086209339
11444,51.69026044761929
12927,48.70969378652865
2758,34.73732914144482
95409,45.12316922563924
32171,57.986023734482984
45192,34.22279869536295
85008,47.393588703719786
61662,61.57864977414994
71028,59.2617393954529
88797,50.769427790101616
22977,22.5591512268502
67022,59.257094176587856
77623,67.34643667542562
82731,30.82193496311413
94699,40.82054317581662
96510,64.56507723004283
32601,44.40673187325824
97641,73.67132802307754
40735,33.71153871822702
61756,70.68008333333334
19687,57.44843549498476
15284,74.51938854886941
8412,68.83255621573063
52646,64.50962393042353
83429,29.675761755374133
67422,29.781363069729792
33239,48.40053583451729
48935,27.207971945913314
19526,82.28019198481725
64620,33.02982764698339
17814,39.26380537578339
99996,25.12793398268398
10336,38.63031036892545
91583,61.60766781831873
89077,46.402271333259534
10637,36.37347695034923
28253,39.47687244183983
17284,59.37374713371506
92205,30.802114908888754
92720,32.011561722503956
69626,56.12905023003158
75873,67.7048340312193
29005,63.87969344247186
92174,39.25952089988455
82238,61.58795883899415
47010,28.362486829221925
95396,68.34409856488162
81238,44.018731366402655
70035,62.11156693017326
20279,71.46517864513532
13747,45.15473237838946
16107,52.360598205072066
65955,69.2674855705337
38520,31.280084153275833
66205,60.96365479638624
10109,53.6652090896879
99119,70.34555388185774
36618,65.92072939963754
83524,50.82307961372366
75071,70.01519510208016
6780,54.93446013040116
41470,49.035074299356175
27435,45.114975714025505
83488,64.36208166487408
48015,27.89232269765494
39752,37.92866749364792
65651,42.227321058401714
80686,21.319538187980548
76743,32.76269088429691
46473,42.17912756437533
94421,61.27419725254208
102247,69.22087423880117
7050,63.77874667880094
8448,65.76116221986527
23706,48.2429080554975
72331,19.337008942251988
69199,53.94457039242409
36204,52.72710671378685
58239,70.12720568912032
40168,35.91070740179026
6268,63.443413190199074
42740,70.27488977255054
443,28.414680345806616
2854,66.58193968825383
58024,51.10368156944709
67536,27.376918300366345
15132,28.730337677254802
66969,38.40889429486997
83623,74.89094556690299
19269,56.0133881267053
34861,55.5598713994671
56966,65.1988148937595
75169,38.737153993456225
32937,56.14534836666953
62579,58.772976900996525
53606,71.09083422845774
28952,68.8099722676485
63471,63.746650993895834
80005,78.79511564975579
32447,32.69646761709667
87275,100.0
67848,46.222845327016515
38042,71.76688193972909
38174,56.294602267847
70754,98.0
27399,37.78270961993521
81612,57.8046129450456
32359,40.42871228309143
71790,36.036777100840816
95936,53.649605311073465
14369,67.15140643981495
102626,69.54944004282679
43131,67.5796897513246
92124,69.21528898335893
69705,45.253542987210395
22450,34.538605525224945
59124,69.4040357674841
95354,64.32347969011376
41879,68.4946680520716
101266,25.963873329618295
97957,45.21515438864708
2339,53.3252636625973
34243,18.93491994031092
8581,68.29003027733262
5322,30.81656592106685
87763,79.74685328185328
71488,64.0538491305297
47952,50.241703775937495
85888,70.38323112476283
83024,65.91060423510498
54726,49.474415319781556
11818,66.61540310024476
102182,45.91716452919749
91326,47.820529359510694
28931,28.602377917241064
46055,52.21932361011597
71110,56.18193656642236
91443,37.51000796901944
12089,62.92776931127169
28383,70.33671667307162
101484,59.56418015996743
49150,68.08931504925505
23187,22.536928691775827
52069,50.75155521396517
65140,48.27875933361196
54441,31.682086110278682
42733,57.82989487848107
35113,18.13169072014356
95348,68.22498102864367
2349,48.17647436977197
67247,51.900824756411566
69273,60.36334667754863
23088,46.48278677236444
29953,39.636180720385646
30297,69.39914397375877
99471,54.675524550955295
29070,48.21885540445236
38951,68.05460458083859
79993,68.94177489251966
40439,69.26469442614953
36947,66.22169639171442
96439,57.59711055759797
51378,33.287412879919295
80553,54.56392181174943
71053,71.40189046884707
51127,64.80919000064898
67109,55.08988309453356
52414,69.29772868268797
97259,73.3488949512768
25676,44.27217492566897
69401,41.916095054386076
81209,38.89678522092147
24144,57.35647777830429
67192,44.302419726479435
68541,52.17656231245403
35311,51.52626124591358
51986,26.141299319442137
30645,12.600899796929262
49751,48.031988322983295
71107,61.48352926640742
83819,68.7144222857292
55562,25.278665919898454
14273,59.76115773047735
19205,42.72284509592046
8397,55.07229339364858
38604,56.828807629299625
12253,61.01001010593111
67371,40.11150141215714
56085,59.26356548567668
8233,63.06930535121375
37470,59.95964513473925
7194,35.40769538685298
6115,50.46321455727395
98024,54.002875248098974
41163,60.03712729723789
32649,71.91631830599377
68450,42.568629293649884
78174,33.17959772141355
90650,64.2039066836565
31217,69.8006630385001
805,56.12669549242901
56239,59.52632110548066
78813,66.25397112994526
89481,54.370476040281716
15468,69.98077720925384
45921,57.24056451881486
82406,57.45092636359943
53735,43.486408904446364
92318,31.34554355524788
49379,64.19976146553273
3491,77.89008544336885
27003,60.420793713018845
58425,39.25992728570814
8932,60.88818380856382
29284,43.39367209679946
96014,38.88119104637459
84832,36.68077371757663
34711,41.763697048435404
87584,36.914877803358365
100424,43.67427197821104
75475,32.67253742948669
101105,38.31433519617709
481,25.032959295224682
19438,58.65246545446949
88516,69.34133843360465
47467,53.65143355022383
9547,68.83341444551198
17791,70.33671667307162
1018,64.34109893942113
89163,59.01882712368842
30491,68.26240824300564
95816,51.42277028984577
76172,69.08187814316622
2656,60.39605889007404
11151,69.90689596467091
71401,51.02774707541042
101087,66.4329728391364
53586,59.99170828397792
49960,57.42012308449447
51788,59.2130448591271
14624,64.31518156389797
6344,37.48782988257587
42707,55.40083881326898
13600,49.32475540690125
53521,35.29709223873631
42966,52.51056596548279
35752,69.41833861588499
48267,46.55896229740687
25249,34.08555583349066
61636,43.442865501793406
25497,44.19899559818682
78482,25.63232258390913
78604,61.76311590699289
49920,56.60099100476337
59768,46.61807270096347
79385,53.405450059850985
24612,63.940510729300684
78130,69.11822508263909
31015,64.38173759154823
69233,64.58705767982093
94429,68.0623608068446
61483,71.56442685257335
49110,29.34877406868778
24165,64.60993718982779
90533,43.43183983468089
70184,54.06461031486553
62074,29.246034837479826
57945,56.08058605976934
77088,67.7028480029558
54922,34.47048838389077
8488,59.48096782067089
48359,56.461012798754
97363,23.973680653916787
81510,51.82826480997001
35309,47.843788695409685
802,64.43626310206938
87742,58.378322136383304
39765,68.34865690956158
1993,37.62819166831167
91113,25.754494322497667
40648,74.05272018989862
67421,68.53744022121455
25188,41.94312510084878
42599,65.42239772809407
85177,60.29771359719884
97676,16.612094040386733
101372,55.2788965292129
102464,64.50912194883288
44277,59.09690906054801
45854,44.88761525132602
15123,69.67331245913425
45253,62.62105193556679
20474,63.7233963926158
9816,37.08569300800215
49933,59.0783586575652
24465,52.02464544286694
87711,33.93730544393757
96600,52.19934509567125
47306,57.791140691512275
84435,66.57408098444597
35987,66.4717621622999
5579,29.127035130189288
95095,28.997330906288038
70730,63.425982441013595
41611,52.69033239980685
64292,68.85256928941311
45548,67.804399055729
74567,25.901686918583255
56215,36.08211005461773
40914,66.3406477637569
87346,66.13424596257519
98990,33.46984804439492
93135,43.56778568704355
25589,52.1147879412356
51655,59.198135573916524
93957,28.60524416247277
81001,33.4550559350098
6326,65.02162924230133
44008,53.043313117296904
82311,63.1785019312465
57214,32.15389370640074
94912,59.54080634769105
68848,53.01201080056182
85854,19.80319109074961
7095,55.011835733387386
95700,84.86049482039691
16047,56.74699712486185
79044,70.61725183957286
34667,61.72160498252204
32261,61.086983189517795
86593,56.96836002938594
67280,53.53264889809359
14779,57.67165127934344
43088,40.63522430836043
25449,52.62427940725573
100499,53.22000771185434
25761,64.947186667462
11226,51.492109119233255
102605,69.37670956732269
95589,68.02579880798432
31451,57.60529579440107
30083,55.97303794322372
45677,62.18806482750467
63443,38.35900763748895
10493,54.49887464658326
56409,48.54571109181254
40040,46.49249558279462
30146,68.87188594568033
93070,56.049238775903596
23850,33.561120850465024
22430,50.162950830153086
94018,59.521214187931
12418,69.4552690933684
96207,43.399817468612994
76655,32.17750651328986
82949,56.80626409258123
55282,67.99617108116462
66993,49.328065341593735
87150,36.78894395565291
62389,70.13392611715129
32254,37.97714812989488
92047,69.68098918623053
93153,57.91109010719137
41153,68.9222133966414
101204,66.64807818549326
99844,43.875563207734984
38619,42.46338505628505
7775,54.17311749034746
54329,43.20201737530951
56528,38.02702136102411
13823,44.369698133178225
71086,55.39679085902831
82638,67.3669584921947
74753,27.649489762566173
2978,51.40034518924357
54367,70.4094236950371
43822,41.98441330945613
49969,57.54624717568508
97125,65.95385451137544
42128,63.251841486111516
65890,51.07823228497699
31735,65.10069886663891
3360,36.690527454327096
7843,68.88573202897311
35942,52.020831018852334
576,67.29080427521583
25574,69.40610078881078
87332,56.7426472475963
63927,45.76523749175752
68381,55.84920332607738
60098,45.486638136882426
60596,35.027516508393425
27283,67.28231110296491
50836,37.36817107301294
24656,58.63081337235617
37502,68.70659587343394
18013,41.577667708133056
4660,62.095398125601044
68744,69.0561076390025
104,48.67339886301271
4867,69.28470509861363
19094,33.36754761015661
43720,72.3564854560207
94763,61.93345903845115
74720,54.3059725031511
95483,58.383261514920505
10558,50.61409104110047
50514,61.86667175238167
39580,27.83694366454157
6158,51.36434903635348
39538,43.924060063493734
5462,57.27913531963344
53968,65.86712215283625
95278,27.069479646297992
55919,41.86187049092155
80980,34.62143999164595
93287,66.10600261433632
93418,66.05993521298717
46864,55.42106399042093
62070,51.410032331163464
79029,52.252400491286195
39351,71.09233602454286
90376,49.806291040175054
26716,67.38077094009455
99582,67.92814812772284
61706,61.25782345028843
24138,63.91796948850825
52016,62.3720389459762
11783,66.74229878548203
57692,70.4259951666475
30661,80.07961085830253
56520,63.25394069914695
30360,64.12622683113266
68775,59.853415074585456
53073,42.71957674071933
51662,29.306117597662716
28291,43.72710755139646
44353,27.330939413017532
70749,64.96577724537406
79183,49.83169232229788
22279,34.61309821124058
62100,39.04493873456656
90523,33.489065963198236
90431,40.621837780739774
27403,66.84169702676078
84922,59.776709164759474
86672,28.36409920083866
24921,36.765049444731595
63691,100.0
14944,61.327782992760994
52999,62.40115216408103
39590,65.93213859860822
97513,68.15680356291612
24413,59.52186673459042
44021,58.239608442206034
69734,60.10439868674959
3736,67.83011793363863
90936,57.65312221370164
17741,63.62327360664337
26855,68.92583432087379
1480,71.29804008659998
37239,69.97527464892397
15949,56.72817018750678
41625,53.01117178419085
9060,38.218821981493186
32954,69.20138548417178
90307,52.25759655978049
79238,69.89444883519532
21818,68.29751573737938
71131,64.36210282087909
99902,38.80580473234462
77578,48.93284670630789
24730,63.851123468148145
62211,36.078845282705636
100515,65.78541898908988
40895,44.18030350666322
58322,33.19158231139576
6818,55.17322775694747
101157,64.6077491146836
19824,33.47199999856631
54268,47.038145358880726
18619,64.25737842769836
46486,63.743166543289625
34304,26.63629911804094
45427,35.75309639048695
39186,63.3404451628427
14345,60.71578841723284
98868,50.72279657676105
91932,38.84160559498515
13002,67.42556813307112
64895,59.050000383271524
48315,29.71678430698479
52452,59.344373260650656
99206,58.84352818809432
54363,61.88257839844908
16197,27.815853032908432
3419,61.832162796611776
72141,56.88043782897642
45134,32.61818544351829
17030,68.41702160619802
101424,62.125042860627616
48609,35.71324507084115
65302,62.50586702804556
100386,57.64510296001455
67147,43.824207174400584
73543,66.4588409931792
14949,35.313717226586924
99761,66.5157698858634
55517,55.630288121044394
72957,62.07913865442828
42604,66.92334402691503
92954,67.86860915455088
78760,42.52302731101925
69475,40.549243005678754
58470,69.30156407284544
24911,31.412686872765356
2143,50.20863305030756
27055,66.07473077429778
92959,31.200016856006368
39845,58.23082090721661
6986,19.772731767765652
55387,69.32918257472464
79564,56.459135160918024
65112,41.87159170667509
76170,30.11522245258459
13642,50.379373036325184
4106,66.45938736565807
45827,68.1542434543174
23162,68.9570531499
23199,57.38722994497698
48747,53.08298756696201
2129,70.7211450462231
2229,68.28194134908277
80725,36.58818270566627
93440,46.11349088748229
80864,40.70800497982902
33284,56.14701879998013
98204,63.04996259416017
78473,58.132384720253064
58378,73.8436757268762
92644,56.60917572691282
41466,31.449914254201143
28414,66.5116893913484
5643,60.83898669338643
33516,57.14159531600301
78872,22.569688663782372
85797,29.860295965009414
6451,70.18393783890923
85106,54.61905846509762
96021,67.68598146960952
21762,48.14258405963692
48089,67.62725839746888
24099,68.7485257736138
101236,69.02505766833733
7453,62.76946327774464
8206,62.954900127216575
76057,69.11939297045974
11666,46.30484114436506
28258,25.22629339627038
45334,44.3204449812128
68321,32.517036627512155
41104,57.28740245153755
76302,66.19526079213304
14415,63.6345057854754
78084,55.63831137706339
95793,65.2101147602067
89211,65.28070591794159
16248,57.824652537091744
66437,64.40747929218838
82624,64.73974778814001
65257,66.41386602427062
9653,68.84459672571036
8471,30.43054231092882
27494,69.54416147111107
95549,46.49980081354994
18528,33.833294421045764
20117,29.929020893195133
37191,59.52801351379743
91684,69.18713412358957
62645,68.48675277767593
18491,36.146108845885166
26974,66.44696152464824
1411,44.15373218644861
30677,41.7273844733702
78464,56.62835270218133
63141,39.228228798864265
52997,51.07456727079483
49658,64.78860671162474
47517,61.122936942555306
2219,47.92945479882919
44193,43.38496171929602
95964,50.7871095175885
74263,70.43250902150011
65235,71.67308040796249
2658,48.206644181000755
42043,62.558282000829706
100680,36.027531018649775
73127,70.1155281223081
52086,47.90366747301673
43874,68.13886243111224
19349,42.27221038016222
15174,59.22745911383045
55842,64.10076504970135
40469,68.3661925397481
19957,48.77167225576225
5488,69.42982094101255
58031,68.33703200273072
65194,52.622559666440786
7659,73.71791112951331
8952,46.020279701681936
57162,58.29334274580912
61141,66.42745478284495
28945,52.77729451782338
12865,35.22003759949389
15552,42.76488487876485
61962,70.02581998691839
58134,32.23346245379693
71555,32.89237586937934
29354,66.86653774805336
22131,68.5021990264335
48941,64.88331933414493
29931,40.476153000096595
29010,53.08723918699745
77252,61.73047908115952
34088,98.0
69896,41.15957781676869
73450,62.944537483645846
78815,65.37008671978704
71042,68.53919885461876
24809,55.411425224383194
86793,65.44714752574943
6706,33.99952591200567
5064,44.26747430073224
48067,47.675113556603364
78091,37.030959247648596
68494,49.347044836388875
95630,51.507297391731534
17590,69.15118779205719
33155,69.94001328695884
20089,42.4126748346268
54775,63.64204108860447
50424,59.061851126310586
76346,38.327703097898514
5935,66.7686679240214
26228,63.29321299407956
37735,33.72508785361145
57755,58.74285909707235
91017,57.803733249240075
33159,41.32467197912745
39038,57.87936186308638
66061,68.73265062160417
93166,69.2426492924342
45048,29.24300019836899
83150,98.0
31806,35.69979884534517
84637,36.251612175118304
85308,60.52035507042621
50551,34.07059835547878
94048,50.192949443828745
83238,37.39507717457813
46993,56.57774495086991
96967,52.306322800936385
6957,66.34816389231474
31455,69.10001719523424
66114,56.87635599588008
66649,69.55862814733504
98407,67.92830541010686
64005,64.8018487759778
50768,67.52576454252083
11781,58.867480198977745
61644,33.33066393596975
92845,68.11634229215564
97510,57.71735273150919
71129,52.28607594482062
42558,49.90130999817372
4368,51.12604549692995
47635,67.5634960957507
41237,61.61342643719604
31958,58.280427413674104
99661,60.18981719181553
96326,62.20759851198998
7432,35.794238619291455
50225,53.036028112082825
18976,55.11088050410738
28815,56.20657239426613
27863,46.15951626689534
99756,62.73214493697142
58932,100.0
77206,38.313494637647494
92464,49.40972068046341
17455,48.67161780186737
9781,66.96333689234375
86737,66.82089592057672
95557,41.60175641247946
48255,50.195092087742005
56757,42.2108486859692
48851,65.89644408340247
25092,40.12267384353862
40603,65.23743817212394
101262,63.781831639110685
34923,69.58118976437676
98124,53.20641795388121
45585,56.32027791199155
4707,46.121799369200474
95513,34.62892386632659
8098,64.61678049488474
29754,60.513157160117345
102233,57.02853358176158
38826,31.372153617677192
11620,28.553197766287408
90882,47.033951792596234
74971,42.49809653509712
94654,79.69335951995473
96546,74.41192495340701
73497,36.16891880908577
97026,59.25095222066162
14559,38.50321471910749
97009,57.99943893520195
49438,38.15776278340949
17312,27.35632636447719
35864,69.86813533414939
55805,64.28917366129747
18075,61.893593662595286
98291,48.12376146301719
93473,57.39377782653273
77543,64.76975078149135
93297,66.6163524072021
63101,70.88549374112789
16340,37.02539819087642
73019,57.38540279797392
7570,36.830774258073276
2413,65.76199611982365
84421,66.89469642580495
88308,45.6406782438256
23779,36.06586755890618
26186,51.2548907204115
64423,28.408537850932642
92146,50.50060902100877
63724,31.227378130062334
37325,60.94732670965331
55840,27.7772817362681
23932,51.44891308183017
74834,49.67912936796645
14800,58.853066833959566
98975,39.88071269069574
35324,41.946224405015144
1471,65.56626030629675
56380,59.555134633931814
2181,48.52597285055523
38072,40.570839743601034
94076,56.59959089900284
81708,65.38726260842982
7905,43.389245307386965
102047,63.47632537651479
86858,64.87064196357697
25912,61.14396687310556
55660,24.91829885870904
60169,83.98
39777,60.729337440622615
33141,58.55527968482986
62346,40.973942179323046
61606,79.69335951995473
83781,44.255965653470966
63177,59.59262966837724
8755,59.30244636245348
22638,35.63159264412284
85190,47.729746246365174
38974,53.0085550016981
596,22.588746411036237
63960,43.65577799329603
97605,64.57519003323021
40716,50.75036782446473
57155,24.461693051640136
98451,49.37149612457134
86218,45.95203069031599
92983,62.32932944212466
57329,53.77661206387552
98398,35.58312370687296
35440,35.849125874335336
4374,67.95959884167404
23402,62.51370512371445
44762,54.922617992056466
53294,61.83378409793887
78573,69.01719215298898
15286,31.97605891120554
19219,34.747228815287514
47108,70.26394445889119
16848,30.076733977030248
50181,52.50025645397432
71678,49.2770909683957
22941,38.46489621045989
101050,33.41037100039534
62538,55.13109558928429
39583,71.017355722331
47742,62.586820467413474
100734,25.874960150405368
31509,42.74031146873333
15827,64.01144274240686
41453,39.02143630706164
1850,37.03852686726951
68190,18.46565080242004
60794,14.665531965200449
54293,53.70284153761149
11025,62.0729201450702
84326,60.724113420212696
74612,25.802002243571504
9869,67.42440785879305
78891,41.17842165155943
55034,20.881826376233604
47803,54.98743565150676
78030,54.10425173795676
7990,25.929949163791584
22768,58.18207781899869
65070,55.10752434698149
20763,66.36352315682775
12464,70.66768277094852
17634,62.96721138556037
47921,66.56977512781611
71010,56.497737610034136
61146,19.081155862184673
37686,68.19656086676106
9287,60.686137707208196
47818,69.126999562046
27983,65.09220574749651
44650,39.340087324681946
66895,64.19695989961627
96365,60.474636131437336
82031,29.389368170813153
51052,69.44627242419915
102664,59.874738941439915
7587,61.27109391201877
51102,50.90954345501446
74060,60.523277369625504
34842,68.66734783070025
92638,60.40665388676108
18964,60.5795463491586
8855,61.551103227603505
92693,52.71722598767324
4823,43.09464856947653
57717,58.69126649539053
6670,50.51128630474967
89498,46.512869120070825
30591,58.45618756962278
92819,47.62697069837232
61033,59.19380351576712
11759,69.81526019323871
11445,61.171398392246154
65185,55.32381650744489
45252,32.26354332544901
63493,68.4946680520716
50636,34.910250142998194
53519,60.95886897811336
40094,54.640155685231086
45642,68.44921286622817
13505,54.13678854244046
5329,38.79251782882239
7411,40.03060139760084
2173,35.803696041398204
822,65.99323993741552
39443,64.16805509104785
82528,66.50688203785714
99378,42.697838910202144
38888,61.813565127846466
25420,29.006736438777235
101657,29.67875189087341
15749,64.6724727388654
32558,68.05073266467446
66465,34.539999096753874
9963,44.13022171911412
14678,44.21453679188584
10437,23.646410468870048
69288,57.11386005426627
26446,64.45212672424418
47725,55.62241987911732
97552,59.80129116946601
96907,35.37451517890739
60767,52.426653425582955
29468,59.098391516062755
59147,63.950034505678474
96357,46.04859994728643
92061,60.064487234991724
6347,67.78135452049091
84109,69.44531659467229
71184,53.834888812976
92992,63.41276351282207
66779,38.056343334416205
20111,70.01519510208016
17237,64.25350517807307
89415,68.90824469163017
36990,51.950910653707716
22981,64.19990917528546
63827,39.97998055142301
31950,56.513467181925556
22278,40.45774331381919
34176,67.6959677104056
27143,53.675023411615115
56540,62.957672096830045
34688,37.31459456655379
28746,16.04784392617869
39396,70.6171382979273
85109,63.614543875838116
8705,63.36331850579759
84989,62.496279853254826
12018,65.52169831014065
47835,63.46644898979581
72879,26.434445260230554
33734,69.01858473934749
21549,21.107334619519623
62220,47.47193463209592
98950,58.98765675649803
21446,57.46595193617522
75533,70.33671667307162
68939,48.381616739746505
95632,68.56258371840195
54942,47.20617947049134
35471,61.99564543395656
4545,51.022580061896825
28251,58.46368999916701
50378,69.18307379674965
14398,65.2672764610031
34261,42.077968347117455
67795,32.04041189281459
94611,44.76582653446768
68919,61.785803118656034
96315,38.62629381880456
51079,67.93181973996163
3961,38.64259914223599
64658,65.11612934091612
61879,61.63161149697974
21568,37.653070094265004
66673,51.57667037358341
96380,35.57486127898189
42436,33.906433769049016
25193,61.17177847027356
99542,61.58795883899415
23022,52.648877570658115
40488,62.50031191218697
24480,70.62967060246376
66740,64.41419461460478
41195,67.98760492398097
56286,46.25941233368171
41898,69.81708038320357
79786,70.99481546490797
70762,87.64876575082685
63502,68.52000997961255
21745,69.33765213181256
4973,58.23028501459785
99338,54.05621257225144
101743,50.77672221980425
99156,49.34329650052427
22321,66.2490713790562
50589,64.24474876367236
29885,64.57675865149186
89778,40.86780843479391
68011,61.56350606178379
31748,63.590528886874814
97716,64.3943052242307
31204,44.57065568916761
47911,32.031433819498986
43366,69.57040009312185
79278,57.47116577338153
76964,59.6759583705487
34456,56.036780719654146
57003,66.41799972185211
90405,44.52170175518768
18732,27.47810332755562
33815,71.79610711107385
28689,64.01106447776172
18257,62.225956852819245
98612,67.3111782051098
68061,57.26364540414538
32907,69.60738478774051
68489,57.0535614076068
95838,55.148276110500774
79030,30.75192141686903
94334,41.889228085995484
28589,56.58321840885543
72777,56.99233540813386
33807,60.42380164801392
23242,53.53784252254355
19184,37.67388885683338
65083,34.95399660072253
56724,53.83920333155598
72040,40.93284589760463
41654,51.78482741430428
47659,64.38839533241485
1652,69.87505687681693
35525,51.45347088782718
13762,48.872883343575296
33680,58.408677357061734
53427,69.71072544497933
2603,29.992272240313905
61406,49.64678858988363
52072,31.97632136949497
65044,68.49449946300467
101211,67.11236067719494
31154,33.88716807952776
28550,69.59891134417575
32592,54.28002929295981
9033,69.10592788542793
57530,58.93305310612809
78700,56.55436247193981
85404,36.72729288640639
34450,63.75283038513298
1022,69.17203783789792
85129,50.69491577320214
46562,22.24107021652968
47534,68.27977905098355
52758,66.84422974339336
39703,70.23776676246793
36016,68.84459672571036
64874,61.40599896039599
8699,71.87815901644244
664,62.38979369698947
68471,53.017895749472345
31550,62.12431454594828
81689,60.39683962045329
18309,50.58385168786849
4933,25.480958453726824
61400,39.80403351445338
43827,62.453495892521985
28784,49.27950086984698
76746,62.06606873182749
60746,35.32841890280966
24958,64.81642927836215
75757,38.68205132277297
79523,52.139065657245126
23030,68.49096822163482
5117,50.93083640394573
33490,54.95785321393063
75586,74.88331738058388
85157,47.709441967586436
77029,60.82798711763784
73174,41.8850407774346
102435,34.466864606391226
83929,43.70577143366133
32141,31.111956814031785
39595,56.959162423448504
37681,64.0376736331266
6659,49.79537271502927
63142,61.730445404618
84630,55.358091808849935
29881,48.393365139362544
59194,40.35770869900573
94456,56.66163288274528
65905,62.84092912009022
29944,68.2725540507355
33955,52.270161386238044
66057,33.68469455879685
19317,48.826461446030756
21677,97.0
8588,58.389436217135625
64341,62.408285238708615
26211,38.41904070279151
48561,15.151583107854597
42063,91.37037226839298
40046,60.36970249307512
40083,59.45704222381051
77324,66.33171111102185
5599,43.12145750701614
27573,50.08311965192808
71923,48.70009129128225
23252,57.49737123958969
91416,56.99222886089743
77849,45.969484527723424
18739,55.838526826343696
92224,74.62949349836917
73943,61.29738220561878
16394,37.39430502214282
32088,23.377758037492693
28625,32.12691928209536
65269,56.05058822726652
92998,62.30321825140302
100972,69.79910821342925
45191,46.18531212845128
97237,41.62876120869515
19558,69.49823788231969
85019,45.884881748964034
73594,29.65842009801992
80175,67.64541379408273
60018,48.2126917644865
57029,23.158117099063414
31101,43.48668690664445
2960,65.37220145361826
2158,58.35445148889939
42032,74.31411122463577
34210,35.633945744963555
4766,25.1532758562813
13507,60.398050148750464
39772,56.87915189874245
28439,52.47055780601847
61449,64.88346670416585
98385,63.706093790496745
30870,58.228044647577235
57289,66.05583858156048
77533,42.57907108962792
29917,38.66052427934185
74870,39.53741894440177
98126,48.60632014974945
7977,20.44810649818905
10361,53.990220859727195
42331,34.951639832615086
2547,63.45843161651939
96170,58.10296818056264
99853,38.112694604696024
50580,53.7649339048476
36336,46.906347798035284
92268,58.69715077443135
90461,55.905977002320626
80211,40.33978748119636
45374,39.661749077978314
55809,67.75425386622165
8987,24.481325662806547
66186,26.569287070833926
55414,22.67490892488113
19971,48.560839144993324
89403,69.06281916110889
39518,54.46453014695668
4680,39.77268439639156
6488,60.3766216901323
24440,64.97375202791116
88623,69.86224297903657
31423,37.70396337471691
29308,66.85217068315931
46513,70.67404761904763
70196,59.5162331779364
24030,61.546620545922806
62314,52.655222707456005
80968,54.839320360196226
47571,50.82491117162294
40564,39.84166054647165
14264,42.01915892187103
19348,64.55498475692454
84870,67.90688994637898
95493,62.48527297318652
97531,70.95160427739216
102478,56.402850397988196
88922,67.05726146805696
49075,100.0
22872,52.520717978375934
72328,60.14232783473005
17029,51.073997420943286
44764,66.54076214181195
42870,70.09176846062479
48545,60.28639407056162
82538,61.64754940497951
90019,43.268033618775604
67984,61.51226723181515
48046,49.84459568794676
6764,51.944196237865356
12676,57.083112150235095
13252,27.720699656865854
35264,40.343142117953796
55112,43.99707591163858
100946,64.68471404313792
82881,47.33548424677234
94618,44.59347400190822
7266,69.46473049848865
49759,63.744307157041995
97568,63.549129092102774
48592,52.12886185072161
99560,67.35804706420981
92940,29.332702756072354
53,60.79945963543012
69030,68.04692308559356
85814,73.02908480099315
52152,69.11822508263909
101757,43.836507850086335
278,41.386559547532485
89442,25.29153678416928
32311,60.44413894454194
41134,53.65218880725375
75796,34.69267621500318
96065,17.18938642671181
66912,54.57184580984056
16621,54.49752537471332
55945,62.608656333257024
27695,46.478507761093766
19416,50.66541470662189
65904,61.277152747082276
82711,39.657621315335234
41671,68.96108225603702
60878,51.092831195000244
73947,50.30242738689494
52081,20.921628119557553
78780,35.898947214601556
249,68.6513871064658
49579,70.7659562535909
95350,53.065035303828616
30469,47.675264379835696
76502,49.45282556617104
2751,54.51914703634584
28852,69.7588935594713
61585,49.49013344656616
98989,66.60417349156424
50060,35.19172003337362
59092,53.67121600284859
100530,52.027945873798146
100584,63.67761340443465
82649,28.25696783394881
53565,64.42839289482886
18158,68.59050386601915
17342,42.229453459932955
31524,54.721431500118406
6430,24.606043240623045
42811,25.150514794071402
45894,54.26860415396118
89523,66.26617139549003
71851,63.37501665159546
51451,33.118829938183914
6517,36.363849163667766
77839,40.71742973218238
60030,31.910176114105983
63226,51.775621775959515
40572,70.51604882617443
98447,42.7529099571427
55986,30.336848926311003
68642,63.30935183656012
60997,53.881636232120464
37744,67.5174703056801
98323,68.82324054272868
51701,57.80828437827118
76421,37.85785482862169
16165,51.366456769846494
20104,54.69599515510046
96928,69.25039810041746
98571,71.25322727272726
51540,68.05481246386114
22386,40.682527701979794
48151,24.71658600352248
100482,50.03675750039428
34432,51.48025318012601
43056,67.0804606438434
85138,65.17014909920886
41119,63.62230359767301
3704,50.50259018479327
75021,27.40059141889981
4289,65.75876018308911
94780,50.48413471502279
67941,68.57708078184243
58903,79.89783301463075
21486,54.71608303728196
43843,72.25292176707875
10547,17.210276820485614
14549,59.11981056740879
10048,48.613577392438465
74277,48.62609057204134
10669,30.93124088625078
91734,50.36619374246356
73652,59.136349982689474
4931,66.42745478284495
14231,34.594102958705406
43946,64.99767936767076
50793,54.92941650692017
2444,55.84138691942112
39289,37.131186692719055
101068,38.03642259474097
87576,41.041949835970584
56546,58.43758212201673
33924,61.60220761192769
44680,59.143429076146305
28398,47.98400013392775
68256,68.64730467678024
8132,57.71958000868838
93806,59.16276546671397
1781,64.45989998126043
81206,30.941825372280526
13498,57.6662709281491
73400,70.57975206014558
99530,69.2735143666028
59794,56.23567509380196
73219,41.42790878548473
67763,46.65946586794108
35030,49.7907765145265
100954,44.83157010646424
59389,37.53628382447212
60728,58.227235373853674
11282,64.61341469358177
77751,48.51204442514588
90320,36.78887585266886
42849,32.68699891416046
1709,52.53062337502511
48364,55.389813058326
12361,42.07369145992299
5071,67.71440461468202
13335,44.54626333345268
87110,39.424223650014405
84029,42.53903980219162
32970,67.1891630207007
80745,50.18169724013598
56415,57.739055180530414
18835,54.40127295241433
61040,65.96480300361365
94918,27.458660538436376
74296,65.71139953489988
59091,67.33209114707546
58317,54.67656260309796
71263,62.799005078107996
23514,48.84899240120781
86263,40.56112514680127
57399,68.8375593745229
9615,22.528224247383104
61535,39.97403688944645
52901,38.099500994783085
36254,40.30318703609708
4774,9.110779075474955
28380,35.623117415473615
100931,62.54128595725195
68377,31.636621455730168
66407,52.61629653165518
69462,67.68926411198926
8975,71.017355722331
7835,73.66267627847945
23142,35.6363153487014
61704,55.696380378312035
57301,68.79810465394802
31144,70.03917684051589
96009,64.36827327883363
98648,48.54803054938073
26510,45.34383115684149
55146,61.97247290237099
5174,46.64629684873489
46703,35.559938222031626
66796,63.4049492464771
1334,29.963501098769132
77590,42.62362020915004
68060,17.142173064339424
86423,31.94918036930208
55086,40.95584871409366
75697,59.59681853940449
76357,30.20025640827834
11435,50.45396079917462
82137,52.565192047476266
73364,42.42393151748283
52313,63.29167868545269
57116,48.302975143430594
64018,37.95383364755983
47535,68.35442222984132
52610,55.38513160828318
75126,67.89254145928413
76274,67.69232901384875
79196,69.60738478774051
102512,38.798382607824045
87645,25.06015124302392
9307,62.38032528600034
25914,70.1284857004217
43037,77.46662544494382
25542,38.23506932307588
26011,70.15461927491646
44252,32.429872703887895
99321,59.48755580600563
79059,32.91928905156215
15277,68.57420609341318
15048,68.67271235369674
27751,44.0009132888468
28778,29.187193038084416
52909,36.63137063242178
86924,69.82368972985833
81803,63.73146856666452
9355,68.87289183215869
10611,45.421479921380026
9093,45.0956478027936
42244,54.683786928170086
3513,47.93389561829227
18513,51.627837965057026
62581,40.49303757430453
90853,63.52149565030153
10339,70.18393783890923
973,66.5301531806676
2681,52.995543914255634
6782,70.4259951666475
45005,47.74694892577645
11764,67.17709635979098
46030,68.3982808108833
65254,51.702604343595134
22879,61.9970182959145
92880,68.90906334330421
31832,35.789257185821434
80982,38.85363872955182
76665,40.6880336188321
75803,62.37096500396491
94323,68.17871185716375
41382,88.45646464646465
68765,69.58118976437676
14861,15.970053265851856
12991,69.3313991621197
81581,63.03373747142178
49719,67.02149850850536
7487,65.19707327036954
95082,48.627971142131166
75868,50.20863305030756
83976,44.223676128216766
10399,65.81536839063224
79673,37.11121807319388
18175,61.6388656003855
39825,41.631266884644276
8234,64.25498202829685
100059,64.06552753175016
11654,57.58332308713938
91625,30.92800386473178
28940,57.01695870289109
79572,68.90824469163017
21300,67.52680343950622
7509,62.5991548298485
74965,23.50068720972999
70098,43.71982869697189
96211,72.3484342310522
67916,68.63739650011915
80944,34.45067235563428
15851,28.492180372744055
18603,39.83988617064319
82073,58.937229827657575
49252,30.436684260147164
1913,56.63868338035326
39056,59.660409386613416
33648,69.41833861588499
79294,43.48413609994569
18486,51.2572257672242
95797,56.160690389224776
1799,69.64491792041939
20595,27.175409370973593
31746,52.82006528238354
5913,62.79014222447931
34507,59.2027776183368
48353,58.426972817933944
51431,65.93192714893058
48367,28.16466781361549
27236,35.91696382979676
46258,66.55069395465046
16966,62.81328419904756
37696,58.19922405832307
2757,68.60521497952834
60760,69.2688631297298
95747,33.37704044554735
28539,73.87572588793635
52632,37.491707879952834
24734,61.146336539718135
22791,62.52421905526021
68162,53.82424651306204
56165,57.85202048538739
28727,61.847089848369684
67366,66.97931057163193
2224,60.84414130298027
72320,67.1539284846422
41417,68.7327958053398
27462,37.00049897082898
22304,53.06704978656745
58760,41.97216602402205
21200,39.867372652367585
1106,66.85299942958966
58353,45.818966323615044
83785,65.84254413194076
21326,66.23885598094377
83677,59.25683263223028
59205,59.82454642517216
57208,52.61417172047093
58458,59.35266089019921
57418,53.16522039882689
41483,65.34552185972952
73948,35.8058163432571
28196,67.71106681474953
56231,60.642457595874646
93488,27.4685302776187
25958,22.08990494801421
52017,62.56351195116831
42151,69.51081818679899
34561,50.75331146694014
82871,49.77267280513232
74696,34.05648542553816
74395,44.01379235851548
73062,50.9242699804891
97451,69.71603072350008
47462,57.93642406745354
78459,73.54572588793636
49914,44.35142696936403
77022,66.54099131074351
41592,25.852918354457923
28104,53.17487217930728
77063,46.16785677774382
63879,23.647341704699247
72357,55.07599568431524
93126,62.51335294641555
59231,35.64733084291664
57860,65.48322729767878
90780,66.89119323262081
27342,63.38890997066415
4613,50.321767706537976
34241,37.421977427110505
87873,36.5209262658036
41124,42.018305696402166
62212,66.7614503535227
48902,69.59094448086165
79795,49.26312862614937
30222,71.99018899474652
51253,53.22940754638491
36092,68.60210006928217
39966,42.007120755436354
4117,67.42599567362446
72774,68.80660842459363
69153,65.39578782912189
59620,40.078513940082146
23008,50.25899684823939
26936,65.49037954804857
96738,57.16842824164752
61293,69.83329883534988
20964,62.24852382498824
94903,64.17427636411387
18091,63.422969978744234
53704,37.20492898252521
64708,62.27843299282397
85599,45.881739694433655
72578,61.986860167771894
85935,58.02242013496218
24256,29.45853951370423
45180,50.43811895302946
25889,69.25535307493348
28511,42.21893436408754
71109,56.49505870412214
86557,54.35116200822416
54925,64.01106447776172
1218,56.770571012345975
32624,64.59860951433417
68042,58.85462779103895
56336,29.931827393204152
25503,34.24930391614418
62010,45.42025842381767
57690,68.468387754667
77217,51.198110568299484
26464,33.91471001460058
29052,49.27021885873117
48149,66.43536293619258
32828,27.62426381101639
74906,56.898892649190266
75399,44.765133281012176
7199,28.045934109108686
47268,59.13111028844121
53841,35.45316330408316
39530,59.85709939715944
83111,56.00077076396546
24878,69.01210020709225
38825,39.471180400608084
65350,54.51411510934945
12727,68.21881096794057
61733,70.02900123847577
69586,47.35120848366482
1507,59.4982350386005
74873,54.38698588697045
68779,60.34752211952435
28508,64.6429638513293
89463,63.33384580892138
82429,42.556092316583296
20910,39.56482908120487
70171,39.38124490061716
64704,47.37754001105314
72069,61.54220435517813
57712,100.0
15632,66.93815643580913
62831,31.989154560936672
19815,61.857862549685485
87767,65.45871361557563
11983,36.11396013215508
89978,37.394519167309824
59171,59.0127660001994
35248,37.88908677490556
79304,75.86317687908348
5480,65.25521603743881
34942,68.98293516152842
65629,48.39576225756765
63248,70.44654232832258
985,50.50069717992161
847,57.23230328697212
41932,58.683542870248374
76182,35.524738916447056
60668,40.60151254373834
39690,58.06108679779123
60164,44.237960330536524
58027,45.39285661193539
95920,25.99570877983477
100242,53.93872993615686
82506,43.99290749532673
26494,68.60955706155347
16780,30.788449462160997
50713,48.42946861813106
45438,63.254123517762636
61272,47.79611098537817
7220,10.349817209123826
62460,48.217258053651086
68774,60.632998345425314
47375,34.37440025076832
57572,38.45558169719607
46354,49.486480973875814
6960,58.10767506610651
1188,41.85711475220995
38247,56.10189425709097
13278,55.83043146322519
44946,60.7619772472176
52191,38.741934858166005
5052,26.735364759691763
23180,52.87080400287336
48230,69.9238281262781
76326,71.017355722331
40067,58.33419838063157
30585,69.20545514088853
101712,71.62006182391654
80476,56.48835740752215
35121,46.70270398015944
69871,50.49998277008415
63221,45.364494858211586
85015,55.47356952420798
25204,38.07765259243166
30686,38.61809048592077
63003,52.95895313684169
44601,50.77518205329528
73161,69.59940363612391
8083,43.55135182228033
36655,57.255604559407004
72698,67.23423950299954
102286,44.76781232143806
86992,57.03296534899319
21663,52.14751758086507
51136,39.28461016094241
27205,59.37283674853714
97631,46.81220326435326
102176,51.60717686058556
82390,31.006191418856492
47000,65.90552222373974
59054,52.88412137454867
49798,60.186478119401436
15858,63.6365682688969
25724,24.84994586385928
56537,46.923053524688214
30518,27.962950777356905
44863,67.24305136386555
40925,39.10113741114497
44547,47.827882693466876
35776,48.50273666921498
88672,54.90765351362551
59694,63.27642457614281
81253,37.391348994129046
25269,42.64988726740566
35493,48.888931446056276
18881,53.80228631118032
75109,61.890172780554614
70838,70.05843841184829
37169,60.47936816927069
85366,46.457134120349146
62969,65.14951250912254
52334,41.07060981314499
54262,39.992143578479116
49144,45.82314850828991
24506,69.55598830630055
51742,31.38764072406059
73418,35.11013548457357
31169,47.79411023104201
23667,49.20716722737965
66663,38.46705709273149
62993,62.298243907130626
69517,27.8484124243074
61063,34.151242934529165
96859,65.33714715160914
3649,44.24859208341567
36327,45.67094856199649
57497,54.479341512651324
30331,66.64055389399142
59580,57.54072221083892
90473,58.94118030706978
13704,64.80065337491446
48246,64.79553656330545
20220,68.27317478772248
52685,59.60819837995652
94696,44.261778640118784
33151,30.450283628635574
4033,56.52906513100797
82472,65.2403244812297
59618,59.1827605887985
89895,12.094680534708335
67361,50.725529266574476
66525,49.2065563258431
367,65.68637878561012
66814,50.7855496977243
54732,58.94401093684887
82849,40.87632780828118
52769,60.910341449760736
70267,60.31550000911394
63647,62.67547661388847
28372,50.7786236273825
69238,48.71215896605651
28124,69.52901180512512
87410,61.08346444299729
93009,38.47983004510779
14885,39.7632569538755
79640,59.20834743369866
42443,72.5317890310419
80199,36.37554237172955
40662,58.89847637351249
50353,41.81677722793187
25646,32.16116909867434
84413,19.624546754843312
20880,32.72882292601597
99054,60.6063987175968
28227,32.14053842366553
65363,56.11626643777181
23366,69.79910821342925
4771,41.69172845112658
73593,46.901004058441565
93510,63.92050027791313
1100,46.25168168968957
32440,66.76358197308782
6732,71.20082961625145
25593,55.47872039044891
56364,67.1731037040679
34487,38.74350622478477
11303,69.59094448086165
6312,58.67000061135708
76877,32.45436325635701
68184,61.64754940497951
59552,34.20677479031885
7608,68.84216847247596
67296,48.262039660077825
83743,57.475469065942335
8025,58.578412879680656
16553,55.13913413660377
75281,71.24297787593495
73539,41.3161954627445
85584,30.257165764014935
35847,62.93803836527503
38581,50.999259750998114
13644,41.429427406119956
25333,65.05640078798629
62137,57.76852833200492
6439,70.08079308163244
89017,46.483422296440125
24214,85.58745581275235
97702,27.178105263537027
82522,28.191040039764893
71901,60.612713955271104
54056,41.550226420065485
48024,24.22788351758267
9317,55.715231314179526
90865,53.19360458486638
13408,69.30040446957159
67915,50.79275191456972
81870,70.93113982958013
66077,64.32128389485035
24997,57.917523992950734
39743,53.56373123006758
83362,56.20432065270428
35242,34.85302243375914
37990,52.74710737895747
33471,43.91717482483189
71136,69.84779924419877
46432,31.640590940594198
80239,52.416428803685086
71960,40.49619679493303
99635,60.372251958934136
19353,47.13506458771712
73821,69.02529362807294
90038,23.73993209495239
54082,68.85256928941311
12575,42.62947788975892
25474,64.96473567310845
91641,28.638449325184624
87862,59.10961075112912
22084,69.78697723370628
91605,63.4857250422153
38591,48.33816577173511
19100,25.71720444123321
12359,64.4801034301952
87822,58.72628782676634
98834,41.064345279040474
45286,20.678972251188046
69780,56.649657513239866
82354,70.95291687094941
79151,69.90689596467091
8788,57.120259257877514
94125,36.00368747885861
10457,62.76134474485854
79575,64.44694454119195
31504,38.99210738150103
93880,45.49328041952158
11231,67.85113257369382
80029,51.21697554439778
38004,50.614373830241384
101292,61.7449336107896
97110,43.93853411756043
51438,51.338475228609504
87908,26.85637243217257
91159,58.19200563656231
67700,69.92472409776137
99621,57.412817745490145
37104,62.19009127156059
11573,44.54083490087615
52585,63.13902213106578
60511,28.740986662191588
5565,27.246305443377533
21422,50.881900276334115
10997,52.17497143147537
57055,65.8867144000821
30060,70.59762818122607
96352,46.71545985064734
47325,55.806342251667054
77929,64.56615169421445
61098,53.797439923219606
46277,29.797926756220768
38431,66.08413791594771
9237,42.83278653395545
60651,53.077973711925296
17726,46.97954486022527
56150,39.99794484707299
47005,41.28839851566032
90453,48.63480454641089
11855,33.76837761802547
95759,40.65503349493407
13865,41.03984564670472
90622,36.2012877656729
54482,63.67638420905768
19539,56.753024023298885
71106,58.478224402750605
32839,60.96863015627971
18032,70.33118241485131
65008,70.09176846062479
1309,60.39825466638724
31896,47.19496649273922
51326,27.24972564552171
80593,37.3732966829251
84146,53.53879460543238
1431,65.09434368351415
92525,47.695425587874546
68567,39.48039161173253
20661,25.602528089675854
92040,60.860386399523634
10588,68.08696123499948
78300,67.41546539320109
74679,66.70529033210637
96802,68.10918797879235
3504,29.999019970739518
39598,64.99568238007734
46460,70.7211450462231
6112,63.39686884293005
10231,54.73100513420488
550,36.15003621528988
5568,44.21743134478336
32287,64.23363016611263
99141,47.08008043207765
57107,35.46313476790284
70621,57.12824076841
41259,49.057160216829395
98348,67.71106681474953
80790,59.54860341141956
6160,38.56928818811776
57113,52.284972385628365
94081,54.47449001002918
69345,69.20138548417178
62105,67.30321624407327
102617,37.04259380529424
99051,47.05122900103021
58890,22.607367976365982
21249,55.67825694556761
26489,57.70831844062113
74976,57.36727035988909
23457,32.085752101035766
87175,40.44095863608823
59607,69.77730618634918
72811,48.11774454287972
50703,49.00401318220464
91136,56.33762426309402
88290,24.71248875474383
26630,51.14698859259422
47738,40.05536423112928
93090,67.93328443550705
24807,55.83142689386196
35672,57.265561543408474
18234,44.69146295679175
55225,53.60690136539727
49090,62.58993426266302
1204,26.92474084289996
61155,36.43218748581404
80542,61.43645142964901
29818,52.978187777315995
57519,60.10290723863029
19089,67.02181480340714
62984,32.35772901973608
3050,68.02310913117985
6202,55.98043422241555
14718,57.64721375319294
24320,81.53057651920757
20465,44.23404458468593
90914,65.28093316433176
92278,30.058101642674004
47824,55.15641293247598
102351,40.48718329445199
60609,56.186882902830774
13173,68.69155176458007
92923,64.95765523544212
86677,57.295005412449974
48868,64.85677246780394
41249,26.78405148097517
99346,45.39158974147527
23687,32.05028055243859
66587,37.83656094115719
61142,65.39413186543156
2856,56.079600080242024
23490,45.77255266506708
24336,39.70307089843189
42514,47.79189367182095
36388,69.99626142665977
53564,62.070789112515826
30575,60.6886351873959
8395,62.339193124045
6471,52.7214103382748
59907,53.24140106995615
12522,76.26616924126839
79339,49.632928892714126
14576,49.52316369804352
38197,20.936563085228343
52726,58.03054023293717
90581,65.32844642742185
33498,34.247785607455285
41114,57.567424375309194
63253,59.83488925885743
53683,47.35022464142362
48312,49.30131563282073
26732,63.6671180131136
97414,63.0658278987609
21790,64.5738145265823
94872,70.40506795093575
10562,69.7588935594713
77432,62.14291060405598
91242,61.76661742301338
69604,49.19099099739986
15657,61.029139262184025
51262,46.76075690659137
77190,52.216453182009225
100200,51.92378734981135
34054,56.09238461101686
41911,64.84327303973048
60082,69.41833861588499
59107,62.07477004963738
31273,42.26950714622197
54802,50.536195516759705
65714,54.23266103766096
4440,57.561786900984586
97225,65.2802759535064
10244,65.26201087516718
88363,47.459109673535586
47233,65.47567746114657
58344,60.956334128520446
83514,56.110009612422
67318,51.50404817042005
23909,53.866115580957604
43607,60.398924943111034
9799,72.35126199057822
81732,55.72562634609531
5730,53.24509482929615
61081,68.87110640460223
29727,29.644831927979894
79075,53.71914805684307
47513,59.549937708237266
13526,66.94905204438555
6068,35.58469402151652
36405,69.0693610737709
15977,82.0
35007,68.77181330360952
49376,13.97727764380855
100102,55.82920670716515
46400,40.810027545024745
30085,45.845028554541344
45969,29.607888087433384
86417,42.47389016935497
72375,57.49463899037251
5054,65.79819695402051
6415,26.760598737102242
98884,75.32416666666667
91032,49.70757678171087
41968,68.80478114544503
42392,58.90896652234188
93969,67.77693069259564
16015,31.867688894229733
13586,61.501187003650145
5262,57.617021609923384
78966,37.983089254208565
40811,58.99219672319142
73878,44.967668163308375
66381,31.98021214579491
18021,57.27953616129094
90922,71.4258164200141
14595,69.71072544497933
63726,56.59053547551541
93225,46.015676226638405
29154,59.96238654003395
42390,68.49058380080697
55368,61.70069194994099
6183,51.91170536006307
17036,69.76313407218476
61923,54.05257121543249
23373,62.593515318719916
5470,40.57946806047417
43029,55.533497809119496
12491,51.40957708385849
28073,51.76510425933926
25047,55.75702335787948
21281,44.89899134017554
13678,64.21850931465727
45886,66.44386602427062
1331,61.09422758530662
91867,42.29401983191561
51968,69.00502827022038
29795,72.14932448508085
38738,63.93604500939392
45612,69.60738478774051
102618,70.02581998691839
38892,26.538769666535085
36119,54.986218189783
45993,43.68128784119949
97595,40.928301499313896
48311,59.01473830954279
67132,61.964921888065376
82474,41.40423173490965
26222,46.76623620576052
45444,79.14829502047073
8585,58.64048877057513
25255,30.528535881396763
26088,59.69896927507963
30756,51.89768792887478
15308,61.66660444507277
3443,51.369172010576875
48503,55.12641522769241
80197,29.4534834085917
8444,29.935441710586474
41481,73.73365547766618
41495,54.589540779647315
2296,53.54293553544404
13735,62.24376958647207
97634,65.15155054017632
50966,64.34250680451169
66383,67.50364107384533
25294,70.42661108839845
44684,38.23062308901201
10417,49.20577133236176
34852,65.74399424915366
2820,51.065652947007884
101780,97.88
70628,55.79151746961824
55378,60.98341170816872
55147,67.49583529554187
5916,44.10012803890598
85585,40.643751026857565
65177,51.245114100999736
30024,32.102391354368216
90586,51.196191851240464
67491,52.42646055616892
14618,28.410062292628833
27001,67.0338247516299
54558,37.72684472415438
38747,38.91792457743552
56001,31.441866476145325
58394,60.950568527839124
61498,44.61826808217493
62039,69.89716053624075
53060,41.172998772797264
102090,51.608162312744646
55318,65.10921529274812
13201,42.893426350242805
19732,23.754301635943463
45627,34.05950750909121
61640,38.81414536396296
54305,57.548519639791145
75003,62.76990586007502
22859,65.17290494021155
85662,63.95625690115078
83345,41.68493219927232
34890,46.09477322192204
16816,24.47098034031301
4586,50.13565560042997
43566,53.03527247267715
86536,52.839441447956695
71837,42.80400429780441
92547,68.07485360604332
84240,64.90340479159542
85768,43.132432110048505
25489,70.82683958467835
78032,97.0
8626,52.96662538773266
7500,80.36696428240126
46865,35.902278989207495
86612,54.8776828515758
11969,50.18407834827406
1359,61.03210425788251
90003,67.01006656710013
97772,51.11117272605566
32111,34.461914086864546
5076,69.1437231317138
24708,67.13906746319236
76729,35.149407539306864
39049,49.315779766308324
61415,59.40902418625514
25059,50.59758105437521
57496,59.02042932651001
41341,56.0226938070719
100014,39.18437892459053
1262,36.450064536382385
52604,76.46063717881967
1395,46.95911456283339
48529,44.21317105944838
6598,42.610688053416354
87571,68.29003027733262
2162,40.92620676606953
13439,57.15430560484473
74248,67.36501778675043
28415,41.31520076210336
74578,67.50615350924622
46427,69.33191081739494
32615,47.32940645344707
90374,54.6904998005494
53298,37.12445974370816
41178,52.54571895273826
34287,63.40923325738128
74813,35.818915000538155
92636,22.08853349528877
68235,33.05053841497753
94937,88.72642936596218
32122,41.013952536696046
62995,55.39044330846796
87914,54.66874431022699
46546,43.037051856290894
51673,54.714147258275396
57676,57.159518788935195
20877,41.26387361078212
49401,43.74642483002581
31720,63.351851046444516
24778,69.08577068051909
42601,36.079691584522465
9436,39.780273868944434
65491,73.3488949512768
86143,60.8947735981859
55100,40.17501095475716
100429,70.08893001206188
74418,75.48957468438924
5911,19.084451525710644
90319,55.564928663896445
38529,69.87505687681693
7625,48.28974018319205
52721,54.975155400984995
5636,54.664147643578616
53460,67.65934624144917
92144,69.2958607547902
50095,47.67582820129175
34692,57.329304502530896
74566,72.8542138864116
54297,47.12624961683949
90046,36.57006256881792
88860,61.376621466505505
63881,29.17084400269713
77434,31.97585266709444
18134,34.329817773625514
43856,35.17382324143939
44674,46.1089472875289
62272,69.41411773421311
49199,30.84065356209367
17693,63.36202189166042
24192,36.72284070518782
19650,28.356209825361887
42759,49.315171519417646
85682,57.770934801405645
65865,37.698683959778684
10018,67.34968492422668
34277,37.535253346199276
65389,60.33146141641514
30027,58.652843327809826
21971,60.228562735984994
50618,59.64433259290701
97012,50.80364299441327
77973,52.04594051558103
93059,60.59993512712298
259,65.66142922071153
15253,48.902161710567015
88606,41.572862239162326
54208,62.12306471080177
58567,34.209565304197184
24808,69.126999562046
78795,59.35417088054351
15055,42.42620480437964
28462,49.502453786140705
47345,49.072094558449265
99552,69.352722759093
98797,39.38100710746561
813,28.942402883362515
31005,60.29932583248356
70510,47.58236200592943
18558,32.53636976834612
66400,66.43271189216449
34810,40.49818641937271
84257,64.1759018989697
75125,63.6573404563331
89072,49.2040496491826
46784,52.521245187549255
28501,33.55823545556891
101725,52.693446239325525
94578,44.77285645295868
78440,48.66150895893348
5218,45.96961773769992
10661,52.50951761847079
62848,59.01403058063124
54306,45.976096525718404
86621,33.38314892988163
56666,42.41381343260162
87030,65.62085281385282
101110,68.97047009905255
90765,30.123748666575615
34880,35.487552398148374
99525,61.954152508935834
59825,36.89119741737909
97835,64.22118978937323
1456,80.18714157529028
23960,71.8738645866623
92327,35.23702685769742
80020,67.98823064766438
67057,64.99095948295484
77082,36.084427685369185
100369,35.3457214735742
75381,64.23598493150016
78893,56.9776252398417
99565,51.41781968451226
68463,67.38682715841725
25965,39.55564562552941
1521,74.32286039867496
73128,62.255335605892576
23466,69.37715486821418
46565,69.25039810041746
54210,69.16015808533928
68572,70.08079308163244
97439,40.23002582773897
54728,40.17793763198006
8993,51.04995038467997
86452,29.845368945853256
36895,66.25748757138433
64001,57.999742576734796
102458,27.353594008835284
69191,38.13243768210903
12710,57.1879862895728
6985,59.74325757709819
49673,35.02741886021906
16459,68.85256928941311
36343,55.68309731618186
38889,51.40730836633243
54936,56.257160966744365
29628,62.2395537660611
28552,39.967568699270515
65147,45.45852473158481
75602,45.14919368214744
30362,63.817264542174456
82803,47.45469426557595
32271,46.26912815311483
1604,69.02505766833733
19579,50.59353144944494
63798,60.59155309772609
87639,21.878746125508894
20084,51.40386130654012
47703,31.47467485524154
46844,53.47377758322939
54157,60.16861009548185
81272,56.01376858763122
65012,41.14767293921291
61480,44.1491817630773
87549,67.77290650461956
64529,40.25489967796529
36930,24.379285140961017
91059,43.11494926029657
101305,34.69830098838865
11838,41.405987938417745
25381,58.857442387044905
36459,43.62669235364913
21778,46.13365099594456
29750,65.41054233705306
13812,67.51541975817194
96260,70.26394445889119
59775,24.570245144664245
65875,68.31407451773568
54892,58.546803675740776
70043,50.36460486472018
81871,44.29606889628942
18267,20.48834331166684
65602,54.27276422290226
67818,56.9844632936829
14498,62.01155635464546
35837,59.132888445015254
9164,44.18737781941572
85619,43.6622847998505
13438,58.25171812892387
36624,47.00971063897786
28422,61.37626930740252
36574,62.73223620823218
76110,55.181487074480835
8970,52.780630826897294
79200,38.91801005783234
824,59.11390460477793
16255,35.63868242219034
42674,98.0
59686,51.73902816417785
60203,51.58418449411823
98817,46.42919926352195
13565,29.87397100014792
18409,49.77586803180886
97353,55.877232190979015
15945,26.447984175063468
11791,40.667064214742275
71344,42.65578387854773
39866,69.28393363028377
8709,50.33799206396659
5032,65.6521349637556
10036,29.36199629162315
46651,68.99912964069195
48621,38.34482164642441
90267,60.364086542357164
21592,41.18120096218652
21370,58.02399199605349
63145,68.81440648634069
102297,58.73564893780534
31232,33.85789847303506
72545,45.7408411879622
32562,68.9060242237895
90907,69.126999562046
52301,54.193088829973874
19147,84.84562995553205
6373,69.60738478774051
8547,69.84681612664262
75164,39.11820728360332
42345,64.06078749326154
58546,49.22353295439145
65073,38.045705304778046
68629,45.26317466226718
65926,65.9466853398617
20101,34.80149914959519
60104,65.848222940207
79665,17.227178190113797
12521,67.67323166147352
13269,67.98660399782425
80075,38.2971174530353
76453,47.43449493566358
46245,58.08405482409001
78681,62.45552819817576
69572,67.54291032893751
63137,31.25715767275876
91394,42.79629541605064
40112,68.59050386601915
85294,50.548625441304246
72874,55.961818783043825
91234,59.55933764305692
54094,49.7363016774271
62146,53.20503860181419
36719,49.46241146259401
73837,44.15887981499598
52994,25.173870886175276
23054,43.2555234020657
8081,45.91483176747711
80761,43.17938453362015
4351,69.59094448086165
16396,62.19585862998383
73106,37.357078548998416
93720,69.15683335564353
29870,42.98031544120918
89535,68.8311829156374
44651,96.545
60608,68.53647044614803
45683,97.0
18726,64.57372903202062
67633,30.18283752162134
19007,43.93396520025995
67430,58.41236547346452
80735,69.83090656625899
95840,69.28470509861363
77153,53.074342232158386
274,61.11831150036772
33245,69.37715486821418
43457,53.21856940201389
13552,69.18568650319126
43476,62.218751953172585
34372,53.22969459433259
78871,44.493379298001535
3070,64.64902087439005
94117,50.56463469913862
33552,52.23609920518363
63406,68.75718028802025
96217,28.919236520140377
82387,67.63524796763798
1052,57.64580869096624
43442,65.40570271223123
4309,59.60022526678111
77689,68.89213653378616
25707,62.14143849464229
363,54.96131637535852
55956,65.37532917074581
9477,38.341801949351975
82869,69.10335251470393
77211,51.630528418846026
31050,45.03744187873751
80752,38.875074941434725
79067,41.173916930041216
5611,61.68630219417645
56393,32.356880190645455
52672,38.73625570458511
78592,61.00331671958873
50498,73.32619813904381
94197,39.78668764263483
31231,38.159174586822935
98697,69.3613553425512
63027,54.03171221762406
3598,47.24928690308202
77468,55.604577432817806
49986,52.45040324204872
19858,36.52342897945001
254,61.72961906052598
95041,42.81738496998229
22122,68.90824469163017
7195,68.57045040846354
7942,32.25328415462497
25183,51.33908337509895
3026,69.80794734480874
1872,63.115401107819096
46715,22.58423488517713
7526,61.33902113744713
98038,70.53924008547145
12583,69.33684020710444
10916,56.75110439901382
19806,70.8539385595639
64591,60.71100945494005
6225,66.73469353103582
95253,58.53891510709941
2939,35.815591846863256
97004,35.73415465481304
7427,56.4045254091979
94884,52.99557939824155
15600,50.24710442122069
60291,62.428468333976156
12457,35.6387858782756
42723,68.94857199926669
26833,65.05934885588513
37569,68.07726998438325
29517,69.18062140813929
20092,69.75378332066103
94941,49.470074671401605
64264,68.13886243111224
40011,68.49603562163321
102113,67.98760492398097
58437,63.543374171126864
101758,34.82516106834678
23108,49.94661097685643
41198,55.87990510897307
11178,77.87570715302377
50140,49.39218794863518
99496,65.85381784835796
47135,36.2284043484016
51502,58.67988349595265
87689,50.722026829505275
93264,57.12610276304703
66947,60.888243079699215
30211,36.16619235924239
23461,64.87957112109953
67762,57.070061398833104
23080,63.735001932544165
62124,65.17925408259003
10006,70.26394445889119
91363,57.2071100447571
84248,67.24596862597456
22973,88.72642936596218
54219,29.398302511162143
2886,64.4817681549026
78902,60.3615825973298
61321,49.959508469497166
50854,67.9672769088251
4273,67.47475130079808
20266,61.83865045748898
335,39.96507635675572
56278,50.703462145914706
88676,48.79730010958083
77912,59.337909095697015
83245,67.81403424005178
11960,30.416827563184498
27332,47.60995047092661
4607,37.328087986890296
1598,54.94494367378567
76331,55.83432500452361
57686,65.36128382919205
29209,68.4491150578069
29796,61.9868999868975
55099,62.975302132177866
48495,44.44586496493954
99031,67.2285802442984
60575,57.37498431929379
99442,53.26898381172357
90741,53.92049397503586
9868,66.7633282190743
41004,56.66495764331659
77549,61.351694425518296
52245,37.47566264195767
102154,59.518064006349114
91380,37.08333035176028
36744,34.25846787958487
64534,37.413324613754234
67314,100.0
8122,59.816312460099674
71657,44.78056772889097
91198,39.42463769482893
47670,57.36365424325194
88113,57.780047664232505
14825,62.21577753168589
4541,35.84340436776072
51925,36.28549700171134
54510,61.37309984738763
7201,69.75378332066103
63463,23.991294850015546
83293,60.06202172687411
91551,16.629989239611852
83409,67.21253355317371
37531,69.57940918515577
30628,68.77611146899616
47504,37.20724909973321
49202,28.97820957593151
26470,38.67318551475179
6649,63.05138596644874
49676,21.215691994823207
76426,78.8651156497558
100436,41.93507051626271
85441,46.14185806638274
75301,54.19686224504971
99485,69.10592788542793
65372,69.5774952515188
36672,33.99234778694623
32473,51.536548430840064
27587,62.12454043708878
77612,57.79270694979115
97691,34.65765403848241
21338,26.08655522639273
100585,36.45529504376035
27718,55.19404564231137
69595,28.731286482577875
30183,67.16327534720573
85253,35.470493956402635
71536,73.14298396065702
79057,51.3434390462487
46867,45.58190449433282
66547,59.569539721821066
18164,71.6782390060582
78808,53.73929233016511
74853,65.90156055321525
78181,60.844757928146606
84572,42.60088558568094
68802,35.24353775160549
74383,54.132040119691986
63043,18.04997785547369
91485,29.87223504268905
67255,61.064228999787154
80040,66.58550289593164
76238,42.86112999235597
58565,44.57097996306654
43340,30.10168877883235
3129,39.0537477399856
77349,56.23159378750829
14289,65.34314271798317
24454,66.46136870767417
82895,38.14324803969287
76475,59.3945355669493
33442,34.854356985864996
92971,70.26798199946839
42314,49.68931891518383
81540,66.27666252381108
9395,55.612148151528935
44065,40.29917840020772
30127,30.34951934888961
85092,29.71777964907856
63777,56.31864325534287
96060,58.11481345235685
53523,31.30978852418775
49408,57.099146917484234
79812,62.02676582095371
48996,69.1019209151622
44173,56.667401411614264
72337,24.799339703353926
21715,62.07483610873493
68538,33.81901930120544
33332,57.078329857484604
78968,51.36237250808984
64350,60.62646516105213
40784,63.28424211219131
25679,56.443253232074056
95134,64.76488754836463
51519,81.272646547032
11346,40.61243847558635
49088,66.13468136893594
37398,48.860713164892076
79175,27.53496086619355
100153,60.57774159250239
74119,47.65126102467986
61907,51.16534189869592
8556,27.19328453382361
43395,59.62240618039812
37461,32.998792928887624
28108,38.840861054004066
81691,27.355560932754784
20478,35.151251792293664
39107,69.54944004282679
88123,67.9877363184139
12656,57.63759929831511
45031,45.3011687655694
60928,30.070958057921853
76198,69.40385534743294
93946,63.78948454239919
77740,69.24592011591439
58584,71.92083414033515
56873,45.03186556725691
66075,64.50263520924797
31581,48.198434490429754
36586,55.998005828250236
88510,23.704206682772693
50799,67.49021929296501
62261,46.77173793625024
85315,35.15396286004825
86750,58.74648402266361
47277,66.09599907315344
57506,36.096823952239376
97871,35.52554055133921
44937,58.02991712006883
16601,33.77254407306934
39055,20.179667881925383
95697,58.656262362740264
91275,64.05735194375394
92191,58.17987266263338
5339,50.135985469586416
87515,65.03107475656454
81726,66.40356932308765
82180,34.343865767928435
35813,68.56258371840195
72943,41.99873151744518
19911,58.69230945340604
35890,49.96243733680864
33876,42.82406299765831
4543,63.38355006607112
58776,30.8211733637599
82091,27.815017243080185
9419,68.76791704644371
20607,53.17464729726241
47951,33.461428527408
83331,65.66778226113999
63186,39.71111471741409
80335,44.8220236914644
82535,57.7793466470678
79488,26.351576617169766
55808,41.637922946216484
3370,71.6124681258973
92054,64.63573311596598
91911,60.46007933881279
93676,66.48253956185226
27790,65.5632868898772
18604,28.016395663633993
5797,56.52875760698842
20370,58.43951584533455
74593,62.569409865975075
53942,58.12893807228058
102654,37.38552457335344
48287,69.37987667830555
71819,64.43515085748444
63586,61.58549970776998
79011,56.88740292722968
17983,68.28194134908277
45509,67.28312875773828
64786,60.589368222683355
59082,65.8733555915691
24866,80.9735
5450,52.15937384907957
102224,47.52987713094519
80877,70.59896735736733
9804,23.630737936797075
18790,58.5683137529418
19012,69.82368972985833
6045,63.97367203994433
66613,62.229433581306814
11697,30.50077804824444
78546,63.44743033467028
87765,50.015700723873735
88307,67.46099127637184
65380,42.82547739733043
19642,63.72729131750975
56321,58.53740111351032
33064,83.995
93982,45.66530432811735
53085,51.64895536071574
64903,35.94592451200227
36968,30.372127802819374
93,69.9582008574668
14235,66.60400621551206
59051,45.80462678074686
63831,24.439653524485102
9824,66.37649625186961
86303,60.237900960362104
39294,68.99370152137841
5516,67.29112162132441
29443,36.920425045033106
94614,40.6250695703386
92599,26.33368461863708
102218,56.78697286646386
3355,69.10592788542793
78394,44.19348731936864
97034,45.5872654366456
98012,31.57524259149653
14875,58.721372534753854
92081,47.10329891879351
100986,61.07390191680062
31694,58.913490393845976
84967,62.026889182196555
41232,63.30571373693072
82224,38.60279757019407
32563,68.76364697076774
54290,48.28283940702936
85355,58.86323584580466
84116,66.3623658174627
40855,34.72919484990165
84416,66.11571790199486
40015,35.12617471768414
48912,35.26785876662472
84978,62.12287518128154
14097,42.41952089079542
77490,55.50099411945423
43304,54.03124349320684
89437,68.02143223596984
81926,40.89081796360631
3155,46.95820612665605
41602,38.10225007782617
29383,47.5382363158452
101752,58.07353282710588
68726,58.28817438296437
8362,61.91794686047141
27713,48.71247906294641
75060,34.57271622603216
101655,68.70694256321244
24507,37.121635893454226
49792,80.07797596313509
32635,61.02972855623378
83193,64.91563622250919
42993,57.04547898892631
24125,34.89128204585422
34578,66.97966202232237
64732,53.317462665510085
5978,40.90143961323484
61521,41.59685147962218
58956,47.857754045100926
89837,44.79729489615096
21954,42.008794653107344
92176,51.59241702462841
66964,42.833931952377405
55697,65.2254218211713
50439,55.0362364937803
55754,43.22286170804248
11385,48.61094458603631
59523,61.3311130055974
66228,67.9013855134843
77709,59.88723871788609
48753,37.572371173960335
13213,64.04226566737788
51516,69.40610078881078
24763,56.049487909007595
94188,62.08158217238941
53167,59.101049211539795
5472,58.200574674550005
64914,58.433194310838445
55884,40.71493751773857
91993,59.16487046127304
67645,60.29380291991147
15560,69.96022139929403
83950,66.40862588925937
10033,16.236600359736478
18271,41.26897185936948
68236,55.89777065083512
55424,43.28725014077858
75469,46.610729667642914
54531,43.60814452904498
23387,47.18225512997831
40946,69.37715486821418
24208,72.11287785031503
50655,50.48082189105675
69172,38.74175460285175
23281,64.33624931251899
38553,66.28620188914132
99083,69.9730517469573
95004,62.07787646478622
66950,37.51236159094196
49133,40.17527918851982
38057,91.12741113941229
41883,60.498926517794324
27864,52.74096446585815
1332,61.37146723523783
78127,61.6388656003855
47455,81.96666666666665
17554,42.614110865886374
13454,29.91977261635009
14056,57.250914072091966
22287,59.3315009079151
93370,24.922887645852896
42008,69.00913110566948
64505,27.546633371012135
84960,62.402650035227325
11472,60.79651086298841
67319,50.973123316956254
36740,66.38762865162164
28622,61.33434010810922
38380,38.0524473418124
16883,59.98447384553876
8900,68.29822089228199
64125,66.24794058003603
32325,42.76780223539673
13350,68.14872595279697
54063,44.55172290731888
47983,41.7069537195524
73188,47.11545197901566
26262,58.59285243297992
15997,47.445561337769924
72522,49.412577543361806
92867,44.503686624341775
4913,66.4859067482295
97663,59.03838776797862
49773,60.36392037342902
64206,31.375246307405362
101581,27.223761821958615
14610,37.41543469428533
24018,52.37102179522734
88420,37.0702411137106
82860,72.82246680460268
92549,51.96866511594571
82765,38.410163627994386
86566,43.262978342044406
84112,33.56467008998136
96553,51.75934049385289
72861,51.491546577734056
60078,63.840696003098955
42880,67.03948630372071
30802,53.97138192419492
86237,58.065632907291175
14210,46.02783008031007
40121,50.38788293253797
44470,69.52144572577251
22300,48.44982792599434
57050,61.530307958194086
65386,59.53619277662284
47699,100.0
59637,68.24184355040033
18868,69.48574622225506
13370,43.33720450502203
4008,60.46157037501969
96603,23.057975422074886
33069,40.265565516719406
54479,48.158688989982984
8569,49.675446097865304
6702,61.98348766723994
79731,26.056340049687165
54241,78.48580448786782
21242,41.297975258283124
74592,53.5397681170359
741,55.63427709606561
35225,68.83260063805045
100807,33.99501773099064
24907,65.71765598953417
5660,69.60738478774051
67137,55.8519782743846
57265,35.46441220719768
60460,36.83714363725656
82135,69.79910821342925
30465,63.77931721534823
53513,49.749631810861075
98434,34.35699419562346
17663,61.00486670879137
92389,42.194245570162884
89846,43.04579614265454
14534,49.26067124258396
16241,32.18600509682492
89311,67.14481932308766
17473,61.696531657924844
52684,59.61298882441657
78989,40.665657892504335
20526,58.248485317482746
50437,68.61580804698296
85529,44.04966838895393
32515,69.59094448086165
14838,35.06963075429204
26778,60.16020191096923
54886,50.32508759082658
63412,34.61921756653738
11932,69.96022139929403
79897,26.927381874373634
74722,65.5089101676457
4832,61.605050743809876
9902,33.444282119706116
95606,57.631055887973595
95805,46.890906674806764
40521,65.83013852535791
91996,27.6429286096999
49169,57.04053458900657
21015,37.14873855838738
46533,63.36848848400248
23947,69.31512983313692
87679,70.61725183957286
84935,66.320787954818
36877,66.42745478284495
83545,50.54063629355906
5826,63.87927728987779
44905,64.99916424184799
59738,64.98288524955515
32880,68.07504520907814
66282,66.63340399739538
101460,42.40550521982595
84173,61.84857787231315
90387,52.11315306889309
69318,61.67460282596786
21221,58.082985963339034
26153,51.8537050094436
12567,20.07366895185791
17079,42.43089226326856
29833,69.47821946918559
31775,33.9272358516663
86974,68.84958948558786
44994,52.435611380467016
95394,65.04695965844444
85853,57.818400732645756
32885,73.65356283858723
58796,62.62459637003822
51991,70.91364609114007
51781,41.41138102865247
83803,59.45647382274075
79975,58.46118941347103
90311,62.15998516162507
71049,36.51744548600366
75673,52.9228840705178
51848,70.09176846062479
78665,28.244139008713695
59767,68.10537060500573
9229,50.11093363714431
95391,28.36082969675238
72180,65.18149340810105
72814,59.30145186637527
47876,75.17753597223307
15553,58.57079182762595
44858,55.93716702385477
71603,50.30470679449962
39440,67.91054614298145
17892,18.488686552152128
13891,61.097495121792754
57322,50.545063880695665
86366,15.02386258840069
55207,42.49070871101201
52355,24.5521741819781
28041,64.22183835128894
46477,32.267430013279075
26655,23.595897825876506
43577,55.34371218773652
52760,52.17321791413905
4367,67.68926411198926
22669,61.99917699692649
40505,46.62581900004908
49829,45.576435969511515
91276,52.96352487203188
4761,50.04188871384827
18327,44.6930269023102
50524,20.305757936507934
83777,60.861450546784575
99740,49.80532377806968
37518,73.09112172700257
41607,72.9196836927902
3016,67.88815313175667
46951,67.1581037040679
30241,46.36258964592658
9497,44.733992312250614
11869,43.9427178512369
96126,42.22386260716921
12071,42.16750492610838
102643,51.85502969339631
44514,64.61991807003683
9919,55.05857555063625
60851,51.591660950116655
83300,60.986770474736325
58512,52.92657434883849
9629,51.15302908672869
33792,41.122232474582106
98968,60.15867174892328
21354,61.018834589873094
82171,52.12099361250706
67581,66.25674791505921
52572,69.81526019323871
37727,65.05782543742379
49305,38.891664814528866
99504,88.70090909090908
67991,34.123318648217456
47916,60.094158779216635
53109,53.91679640211233
63079,100.0
102535,65.73216081822565
41868,44.74085163041631
84900,39.406286548727984
62694,68.74919132797939
92301,68.65201946202583
18233,61.16744986725641
36334,88.72642936596218
39682,46.34181877711244
69455,28.859855339105337
55537,43.69141605067868
19202,47.925633623043844
62016,60.460499461419296
37023,25.774208987360748
92751,71.05779839582279
6913,48.996146688738946
30721,57.01871738326165
55328,64.91575007349027
26964,73.3488949512768
14726,72.55582423436127
86138,38.93611528676002
70526,52.82783054778702
35772,62.60636863862955
58482,60.376050820223455
23257,42.0672104851616
93638,45.79648911047221
76566,62.990349872657795
2676,26.241331390341603
88325,39.66868770799125
25145,37.76001015325818
36528,63.92362836702425
20504,69.83764773311879
30880,38.10227050105194
44133,68.8814406804734
65616,70.82683958467835
5091,59.4338864387522
61877,53.06866517048674
69066,38.31999420825307
8240,38.34469886848838
69035,32.201403308568786
61492,33.64073131403789
7851,40.36508833270713
87622,46.12901118294361
97378,32.66221598050966
93876,65.47534828435919
29324,33.1053150445703
59441,59.147538701490255
5648,27.194866955037693
48959,66.48065762741413
68824,42.13492043448923
92508,46.88015117619447
76636,49.798686937362035
69866,69.52946278015206
46830,54.487277348383785
13662,57.717495728450714
70165,26.696157331198513
73167,44.800850523530706
22894,33.667563777972255
9926,58.03172085454069
72794,65.87164842997309
16531,44.85661086166624
71955,59.254529224794354
60942,67.5166645251685
12507,57.15143414924468
40733,37.594669146257544
91504,52.30649279309977
5652,68.27571360332895
5778,47.0989176558067
38029,30.17530933464015
48598,63.78477340305017
34319,24.829846213309725
37379,49.83331484627082
78865,43.50379129520193
65021,44.36525332394912
64445,57.2805027171754
98999,42.36967555186543
8985,63.90313557499161
30272,43.40915359530202
94583,50.950266517535674
12474,68.00571737896429
19162,66.91036594295937
66505,58.6542902005766
79384,31.889178567603587
24364,59.29252021706034
78588,63.91673359056632
71949,48.21187775965861
23880,46.33688441895566
25271,45.18210636082988
81042,62.360011334242316
102369,58.79270557452598
6835,57.56344683688465
54168,81.98
62987,60.840630459046004
26008,45.439858187611684
94698,59.984976239935015
43249,65.05253539400366
17932,66.23750414551722
49348,63.86121888932999
52042,35.539631904672405
91123,60.50121733568394
66598,69.60738478774051
7902,41.282141552702385
72824,41.54113184390289
69454,39.80815840491551
43112,49.11697999802167
96061,53.647408147797314
27223,65.0641835115173
18239,59.378262883244155
85224,40.98929236448911
63414,58.69861520669457
55039,58.453585294699714
36813,44.35057644836701
79835,47.00060285974726
55491,65.18391564392567
66313,54.04110381316591
28659,50.05773334300744
81832,54.12901206640857
36269,69.48389103525196
37349,54.42871420090703
65110,48.989205780933524
21689,57.620525858024
70857,42.01859199641009
8527,64.15413733364375
63295,68.14162997995354
73662,55.1861621056814
94549,56.76296320276761
44587,65.83890519269598
10531,40.44989971974637
91262,68.53812624581063
98728,56.06228390285176
24027,56.025496628659255
90974,64.02601788682945
48966,51.150875863572566
19069,36.69268779031327
3639,62.64405116133261
53256,64.94098460617198
17182,69.33191081739494
80717,69.59021901693956
71658,63.645643127040515
74637,67.28086085573214
78508,46.279415191126276
70186,39.36277426738673
95845,26.166922555095656
76476,66.5301531806676
87864,55.25641730454915
61331,30.593932141672212
91870,58.61574230343468
90492,46.571145678121646
84323,69.029746340044
31670,54.30120292662113
52082,45.52647485663253
65842,60.93294408462541
62491,53.15871649815849
37599,60.53246797418774
40385,36.669188381903695
56193,54.93446006692884
75229,68.85020364517399
74539,56.875931868242326
98499,56.50077962613459
79172,63.08409723213024
43553,56.20006978176441
53943,36.620591956095744
49178,48.419309073459964
39052,37.17167743154128
31721,100.0
79229,69.66877835759922
102114,29.83913951398384
20944,25.182180733110712
45977,51.966188578835926
95472,67.91869157875637
82862,69.53112301177116
91690,63.6203629791226
9912,60.84808719511406
101255,36.68444376696098
65558,51.47139095521955
83731,51.3199294377982
12338,69.72972499486245
69970,51.49829386376324
33247,58.516472428098766
1989,39.483475902507394
97481,69.56284177227519
96868,37.21256367285026
29896,63.95548127915861
33121,68.87994749695648
84848,58.03071090139435
72978,52.869166238821734
90735,50.73297708518384
83122,59.53222821638448
79115,63.59343055538081
61959,68.86594030748596
27877,28.98777191387902
61974,51.89462482676675
44847,68.2846275083627
14933,54.79799061860788
47901,63.983935111804456
88197,38.678515872633525
48907,63.96909089269895
91980,36.0811404066875
13143,62.825284095524424
96728,53.350329897590306
12665,64.76235304707824
40217,51.97350936891556
1769,64.5719620712043
74942,21.029989140466224
55132,23.93061129862845
65879,40.880230006551606
8273,66.42604646564536
77747,45.37980585360699
80411,56.37346474686118
16622,60.82773170459293
60193,58.25101183233353
29930,48.0843909318015
7894,57.493122425797594
39951,61.13419755009973
37543,25.85525471345175
95072,66.54672977320226
20643,69.77730618634918
89392,41.61041208908416
41044,69.12950966655774
14066,43.97347787346449
61377,45.18477516644241
20367,46.965800546149914
21193,67.81123464340385
47999,56.89902091919345
72481,63.781831639110685
14224,69.26674530114427
95865,65.62219808582931
5288,36.4903423850738
73222,36.476983506601876
16247,46.032649456186256
55092,32.599033532076575
74960,58.22505547494723
51545,35.73496488233821
22294,70.14909000110279
50980,43.20573214575442
69376,68.34016961954637
92794,55.68418411765405
9154,58.86394085809142
64942,53.96737367977296
95221,66.41893202530078
58023,38.606901402523754
4782,50.21783177075353
4411,42.54597819611662
85530,58.28726202048497
29410,58.85269663387265
60440,69.41660933948333
37143,33.198772766790505
36512,62.85276999174107
41927,36.74661954099475
11147,67.92814812772284
38813,22.105313120142288
78720,53.50672247568747
81039,49.044075048380655
2298,30.464585395180393
92941,68.84065010320143
34051,37.07303655122774
8807,53.36046507906578
32534,64.20940290187401
44278,38.28381715865841
21982,67.68926411198926
38824,64.09256342528391
4404,28.655286640752173
53672,66.98025003062234
68355,37.66940434079835
70841,44.46727141567648
8561,44.15158118262612
38636,31.950574537540145
73053,57.99343796484735
61581,22.985574590115043
43895,39.46775565406606
330,52.51381697390522
50254,50.53893299520161
16687,58.31884716203455
88648,58.46016023281472
54996,47.766142177517494
77296,49.58599089503673
24280,46.81104054702802
85589,33.022307473717426
15708,61.31740716989179
76748,56.03019109327115
30897,60.06467331223212
68809,56.33673429501184
12248,63.37426846974673
20918,63.30941998988678
37262,43.06880373859323
88046,30.17830383913069
53688,56.02410266152193
63270,53.65903000373737
34255,64.43809044818545
5806,34.68119700591334
75334,34.33226551571695
71699,69.5774952515188
52372,65.04806723518114
96979,38.571292503130316
76176,48.08473751158083
77419,44.78890129251125
24895,67.17809005961949
69169,54.93410588155717
36198,35.18489989693803
2829,50.76117508869453
60042,55.05771544643792
62885,69.87505687681693
97427,69.07336130416006
70342,65.60627304534144
100339,46.1347196116139
59818,53.80018178598354
84105,56.52285417356678
79234,67.93891213782135
40358,41.32738419342358
17954,41.83015017076532
74621,67.10698939518068
16899,57.475741113070136
25585,63.84760076500372
92594,55.268121790408856
41757,33.75872603641644
76903,27.730868760618936
98633,49.54650393976063
61886,64.03425738213778
63713,67.0367597712985
39922,56.739194661448494
8432,43.61616934041699
63374,35.4897527304873
85479,64.06858968534642
40899,80.93291666666667
21255,31.96966648713233
79820,31.758037646675234
5815,31.820560053306625
70979,68.28194134908277
88004,43.59563003692926
20821,71.62006182391654
70519,72.23904784642185
68331,36.491284432586305
29075,67.14578758352987
99174,62.8272349701631
47392,96.82666666666668
92598,62.904814666467125
32011,69.34446231668177
96328,64.12748388589075
96191,60.33730362046513
32763,51.29343494975108
80178,42.53613984025471
7341,68.87713773042061
20569,65.4596216687994
69592,60.12852309359075
31964,69.6531971480164
71535,70.48972659553908
20173,69.84601092638927
67986,45.791532791226366
44292,39.488260889698964
35152,55.35500957522537
81074,54.833307613939226
12642,40.657519877983944
23059,68.52000997961255
62175,68.21883619228703
12793,39.9486725940482
21844,50.287436919385776
100728,56.64657292147642
48135,33.564774772408434
69188,22.31780974780072
39066,24.31968676913284
95875,43.16628461384948
87598,57.81780528577629
101718,34.03051974429395
12354,33.79815954466285
79009,63.029131570149566
23363,44.12729789698549
16284,23.228886979208628
85542,53.1811750623663
63041,67.02675535673652
33400,63.187164511536494
52224,59.139040264595906
10766,43.614622999757174
95944,69.60738478774051
64257,21.993402094424205
50751,66.36606208523126
99721,70.48912624711878
45782,53.15820853666472
20688,63.22104469546206
49527,33.14889136571997
89019,42.92672073107987
88944,65.59471364949431
37433,36.23784877067898
73920,69.40808713908038
29827,33.22206824685329
75740,61.29918237294827
20386,69.97921479925712
83403,52.45417881805098
68441,61.876334231815655
92649,21.937898542607268
4156,54.39138193173895
74212,39.85375461094638
86401,82.28019198481725
64624,27.53270089012149
5714,56.54291231837779
74224,53.56229454060208
22600,54.04787386847374
88204,34.731320765879424
58745,71.08094175286571
93673,31.963805922137436
6950,50.47822643550039
91344,59.141568438949996
6825,42.57116947008963
83314,34.34223139688842
42537,39.4191996503808
80943,42.92483654270454
79519,42.197182528969186
3146,65.21147401541224
14929,68.5861708789927
22592,58.54421625028294
101661,54.2934193057091
18680,43.29455701195622
58555,81.01
71875,67.52742094961688
5857,58.09777091837473
1282,48.046878896310446
89657,64.46675830731775
93817,50.241629952173035
99729,19.80260078535953
34714,34.19743373000128
80798,27.138500063819624
6937,58.98697015229645
4765,68.83255621573063
34286,38.74963836631429
4910,49.56898734747005
76244,70.23395192940586
57090,49.38010374292996
89227,64.44574833154076
37991,48.96076963363692
10862,55.17832766854336
68455,38.90113650431691
98554,41.53313715095542
48967,54.867773274479234
102653,62.095398125601044
64085,64.06387902275704
13100,63.76539134451893
74632,68.1816527760962
87207,72.72766666666666
85780,49.018296608937945
9041,68.33980685401326
26468,67.61310229485294
22769,68.38667108915432
98594,70.69459043156655
21857,56.372719398976194
73137,62.1954339451654
36142,69.51517538439197
63582,61.94823435718555
63699,69.58794725371007
30084,71.75317450816532
4321,27.539147997469268
84241,67.9158707833614
17927,83.92083333333332
70173,65.26482480579257
101760,71.04884060431024
20844,69.4442274832448
63243,58.00419084018596
15237,55.05294609764893
63764,73.74240027974011
19910,30.460897036633934
14036,35.680149493613136
32322,59.124729604957736
12092,37.347634470286664
13366,69.52392156683214
67724,32.6878327463619
12635,59.54216610151249
91226,43.794016849704875
70264,71.69068041835285
88034,65.24502619462041
87069,59.04158352314148
15711,49.378575732432964
78783,61.83006317038251
31170,30.078125619745116
101784,64.98052764309185
15968,37.38636188202753
2205,42.24407362461665
98893,53.82204371253045
48232,61.842647073146054
24112,45.02776217487226
15352,30.229115206322202
64684,52.86739711630432
31949,41.70625438078085
53316,52.51694091917152
87694,69.11132369501317
36786,66.25879342923123
18837,57.325426360472775
30291,51.989127993008694
60299,38.87383475843464
10845,33.01955990969776
85950,65.83249066421871
96679,47.19731326722676
24459,66.32551930593696
67055,69.96022139929403
74973,29.228878516911312
37417,30.40784467860881
38460,48.6344682970477
45611,68.18880869983623
54461,67.9749710889631
46878,52.65312355533367
75564,48.419473018934205
46152,65.93398590290614
75805,39.26158853638966
46314,61.207077350466705
60421,30.87309218272751
19163,67.7476999216651
99840,51.87256488798438
7794,45.48131872352056
27405,36.60107519524363
73523,55.46822203905547
13237,73.38661355311356
45835,65.92357782374229
42957,69.0531790889947
70281,39.47234629670953
100056,65.5719521964906
85207,30.572669335738315
39905,41.234834415060696
86105,64.90859367842003
77695,56.091971171981605
96416,32.35328907767133
72765,63.99862754323045
84332,69.352722759093
57866,61.84143596785625
21410,49.99367128153682
24198,38.810365430637624
85168,65.79660591867683
44455,60.60159470301934
81227,62.80867391946248
102658,62.621383448205236
51321,74.66435928016448
34217,28.733546310654543
34893,49.17936335823672
71467,33.121271728914024
25221,52.82301882640734
4951,31.74096567273718
89924,25.495266826990964
74652,43.3317417229026
87722,68.34749966757907
31917,16.820651581274614
1895,30.25126716209331
21634,54.41633862677369
42474,44.41920356268123
78862,71.03079641151004
76088,66.08589422152826
23567,35.635014532089286
86627,57.66515342155542
54588,41.19976454880749
18660,51.80924766938747
25993,42.058077488661695
90963,61.03109452954167
86848,53.10118221045975
73069,51.17106862756363
68510,57.506716223025904
70168,38.750018510016346
56906,46.093374678137515
22165,57.65871034880774
56947,68.94177489251966
58868,29.83207253657875
66286,43.32679750294185
35566,28.016486088975835
29482,43.87417844556817
44799,25.18156934007773
37642,38.18518363011749
17681,50.46458480714827
85146,59.3993705348479
58191,27.823602052555888
51152,52.51007079821621
35090,69.45329966436196
21978,67.86033720835424
93288,64.23513502927823
99500,52.95509377412324
17241,30.25388275568555
30453,66.75867423903549
69686,59.81500030352915
57603,59.761671977138825
22203,50.62934407370796
99277,69.50303067107274
58652,68.1424893343481
85147,68.97570436624677
72554,47.448178487310514
14263,65.67491595623557
97174,41.95957928050247
82302,53.14817393775907
76464,61.78110278287665
78606,33.097516462142984
97961,40.50764949246462
3317,72.58393725533745
85397,60.02393316687569
18270,49.77245116310474
42807,57.82294890609806
12726,41.36851443330701
79205,59.53247301435771
98159,65.85968696074119
39788,35.006099591474054
39619,28.986870883968358
22161,54.42871420090703
56136,68.19642655647854
31623,55.35292704350751
89536,100.0
86244,70.09412515074631
84092,47.35090187331652
46471,37.6095373754669
54238,40.076460547538716
48936,64.30239786924463
64648,65.82497936004992
97994,27.00821751033729
92566,40.16096339711562
59401,57.98844759215353
44542,66.10868872613032
1340,49.01647417619697
38108,66.35397054737017
16298,68.79581169374255
12207,69.72972499486245
22777,42.14644481889123
81576,58.52069404682916
89069,38.604546027152054
56111,38.206293283961735
82516,61.4339703349853
83975,69.4761889183046
18777,50.20863305030756
54638,36.07394672058488
44750,28.271128951886556
87119,48.06477213625899
41111,60.78462781357256
28598,71.00042117506246
70018,45.77159616427657
12331,43.48482665894683
27630,44.97441908182601
50184,60.96118164358017
89769,35.78279253866585
45519,67.99502574961355
63553,58.12191411536576
92703,59.745260280778005
61180,34.888404603491864
47117,40.747033793653415
81499,41.21330250976534
87702,42.92102943078621
74186,32.16983021613484
7515,39.88961254308075
8564,55.92861975436599
40545,41.12888364548046
30364,49.98966656045322
1910,43.77300250888223
25335,70.03085122266899
6558,59.56030116659428
47762,35.23996370607281
77805,33.271942841872175
25448,62.09923176088959
83271,68.65074826245382
46275,80.76784548784548
47469,67.77320936012647
15050,62.042298750501914
39648,58.34732695868285
11373,45.95838339529239
57749,46.07933737591615
42366,30.417061187817744
54902,69.39914397375877
12989,52.13153083116694
35222,54.94209993806119
50932,57.216272573300124
25879,67.6483129743544
59516,65.05887079660855
30577,22.394629148757986
67571,60.32467270317835
95575,40.656405003363645
98264,52.28886198092877
92761,55.84554473670985
75727,30.88062079614588
78972,60.66845176622153
32066,64.94410924378273
45483,62.062751921667974
10791,65.80143394440093
8776,59.098103139769734
85322,44.362631061798595
59399,57.02105895305126
44061,32.22062236845572
9659,39.13664999224539
60808,52.12992619572057
39649,67.8986297847796
97842,53.016905703403935
61825,34.692343059206706
57281,26.885593019510317
68668,45.69472679865209
51312,35.92762378202202
100708,63.4296257037187
17534,62.85816107388248
6657,67.41546539320109
46254,59.97866300090969
22490,64.47456461845114
82806,77.82703354191266
27034,43.31724866720696
77536,59.75797131266872
82579,51.01037719741548
58942,31.28103497354384
61426,57.355824825379166
56229,64.63185357156844
57882,51.280135061357825
47464,39.88393115930788
8689,24.26361098001621
22558,52.1892793366851
36400,25.839440539747546
75377,66.57758453055868
7674,58.325488806931034
54645,44.007723243275315
81566,25.000980913694445
88562,57.05959495076553
98831,63.953786663800535
86342,63.59730836964818
40977,59.059450886245706
59160,41.354010365767174
68922,38.71010133030686
19696,55.1882546693445
54408,48.89165854240584
5280,72.58393725533745
78643,44.21825172559432
64705,52.923885442960035
56785,27.69758863675843
83669,47.911367292153535
65906,39.516463715571426
48202,52.55883927729025
70080,60.11176028761504
61358,70.33671667307162
372,36.9973845381596
15063,38.964683222711216
77129,51.709170088176606
64065,34.3208494654705
4262,57.357682248141394
95387,30.434269375095656
6833,47.93125898900128
101056,72.60006514559107
41230,49.80148396471789
75454,66.40408998088685
22865,53.93097845491039
77772,60.33292684580514
100821,35.255768953173074
23585,58.519683786864306
30019,55.42756268779154
98512,67.74633540877636
45888,66.98617018641986
17135,68.41146934869369
42122,57.57642815494178
79016,33.53360772382609
34409,31.384395732267457
10638,65.60627304534144
97074,53.29820593576971
59414,46.50325375421793
45150,24.080514649881913
87253,64.00537873313694
74387,39.59000600165295
1000,25.668287332403626
29948,71.69068041835285
69399,69.20393716263425
46087,38.643259466541
30687,46.897111964874824
56736,28.52799510352549
34983,56.81986749031438
9522,74.1383646390774
76367,60.00205483692664
83214,27.663203256698438
79793,30.819693134040662
80825,69.32736275145487
7286,48.08306487084788
7866,18.227324416261247
142,39.34201293369419
13120,65.10958731816655
67344,18.93205870273674
51458,53.48691383047216
43122,55.631068057230685
81614,64.06679052584705
20020,42.57848077558246
34019,69.6531971480164
80415,35.21916166801065
97030,35.83985510298379
100221,24.926101712629112
41397,70.69459043156655
100276,44.7247471526253
4221,60.26169852456094
53202,55.86790861492747
75212,55.38714191316075
51883,33.72451556604925
65481,38.44085636282735
31362,31.243547084180847
52778,72.46000640890506
68618,46.566285484484254
74784,53.806249463519634
7250,58.459501988309775
3810,59.801821784269805
16314,49.08751078431584
95002,33.328327033902845
8342,29.399439987639834
89540,28.445434825025387
90133,60.120048202481165
16299,61.058553934394105
88583,62.64021800423094
98136,30.523897480766905
12657,52.062993312243314
61529,78.60401270857932
46131,67.58063548441265
85763,48.738788914099594
88257,64.76796725486675
63945,49.67855818474784
55844,58.52004094479577
93629,56.67620270701489
7474,28.032237408737224
21448,64.60529317144596
37720,52.24621240053389
35027,29.78141146837342
87915,56.850034865224664
66339,63.41117920567908
51901,58.105492620328334
86827,39.031029908412435
45674,53.867501437552676
17731,56.43322874462214
75120,66.14880177771188
5525,36.482577395909374
25443,39.80432356652702
43881,37.84531823512946
94783,57.41250326638556
16886,61.77815784262864
38488,66.60994238336005
24427,68.59710711986123
54989,42.10131420969135
81944,64.25113603708036
93060,49.3440885198427
71016,67.94389037528985
47905,55.38695184614405
75797,45.41702277770531
8813,40.287166192505886
80572,56.26957632284423
46401,47.57055401114647
30108,44.59286452775076
20768,61.342056515552095
25517,57.66096319012321
26860,65.39536906134461
55487,55.711420438577704
83608,43.3282142328878
46995,67.22134353513934
65800,57.533344848382036
76737,58.02291562579667
101455,26.74033104138207
14048,69.20138548417178
84251,72.99410399844562
25876,44.905340494289966
9407,41.83628932144575
93173,58.558080442095815
68528,52.06482205522336
22885,63.69485231839735
63974,37.65926572575411
86745,47.394965792234586
99924,10.352938444803094
48893,58.19209805129326
41822,37.52316827477719
16215,62.61863144667083
2017,27.116135163738186
37498,49.19498388202016
98121,37.16226145682022
93711,52.44055904448419
79916,66.9534758098946
8972,68.25274683140105
55673,34.025545100160194
3713,53.81380291337314
43453,52.00419256281688
15359,26.04987430764295
100456,50.59234023748098
6512,56.484279915062324
394,68.54478013534514
58223,67.62520360400498
60360,70.43290927019885
80706,46.282794501834104
66140,69.99626142665977
66617,68.44921286622817
70565,41.333924092025754
34872,42.29247254264764
43048,72.06016559137561
46202,34.114521976347724
93583,36.87681553238296
22641,64.8577836448081
82488,68.05926714148588
41887,23.71953118301719
39950,62.48849872481876
28129,45.22218077483752
6173,62.07462912541169
52070,45.64851187349329
99215,44.75672055478278
85626,28.09151512653459
12582,46.2455972535718
85454,31.498637417117678
86929,61.64877701382499
51271,50.87444924267383
9423,33.6453098428049
7024,40.57407581428808
35966,46.1341494570414
56061,33.9502582420288
25367,61.12634802898926
91068,41.68775020989362
75676,98.0
37205,54.819612034619624
22414,43.02161935736333
30967,58.128828058647414
98579,73.14298396065702
46165,61.14261165864479
8311,68.60964227162184
12956,33.92724827985755
72137,69.28393363028377
17228,34.391939480996804
76086,31.932820921315184
5380,64.18696365592832
52971,54.67577290192833
46566,56.22237730656721
65032,42.66640542111391
64954,57.45399607044134
84243,36.413107274729676
84805,36.06927655600705
77591,71.19412166732376
10051,48.04718311583366
55476,32.319484407892155
27861,69.7588935594713
76224,56.10396838280244
50574,42.8368449332807
39105,20.857007279081493
94180,51.0345169400838
38609,62.579588636047866
85764,61.56939997595036
22807,63.00116514324109
48522,73.78861174763988
72091,64.0788602338523
67802,88.72642936596218
90880,55.632581042460934
58294,57.07376036771838
102086,42.98606833459475
27832,21.190851043176178
93188,61.1024145227764
91807,64.63130293709361
36704,44.64997615200748
75970,31.6042933822216
46594,69.52333669419983
63636,55.29038872346495
23037,35.67998249129323
46636,19.343912884159526
55363,67.79057728044404
80167,46.359572777366346
102255,44.435281582589596
79964,56.82478782196224
23053,57.95138055156874
23751,60.151982875924475
11973,58.17336737149197
73572,46.65884103838228
92073,60.04281872271534
79048,39.099761882994954
817,42.77220262725399
54860,63.24438168505019
19970,41.43166315013753
32129,36.67589253574034
57767,54.616154902004226
36761,63.144703557851116
13412,64.40835657403056
45617,67.35786315869105
13341,58.25112056646441
19591,51.1992777111191
49656,54.83913432621053
9249,41.145450364395195
60168,50.7564648603031
75066,66.04871316764562
70144,55.723743575644576
70802,66.24923493122306
36384,36.88803733538482
3592,68.80647758637578
90679,67.54129770813869
66913,56.5645701350999
11672,29.029939008400557
71234,60.50683308846564
53926,61.61328550593913
10864,68.80647758637578
47777,66.85276821540945
5758,52.739603251245605
98369,64.83640489776909
52990,56.457865049785845
11062,60.09414475839847
78005,25.35646197484017
88419,62.561575984930954
9553,54.5707783182502
13721,47.47998663062548
15793,32.774815905149055
40962,37.84260801507015
79118,69.35778754099346
15921,55.90601319636354
62133,61.720384060677254
61356,28.475367326439827
100961,55.13105551878394
91023,38.93862231290587
2732,53.117747420717514
69168,39.41803015476748
42704,71.00078904214725
21710,46.05728378649732
22377,51.260921472096925
85646,31.30369254936896
67097,64.1252860203121
81741,58.97592992185549
21545,40.20617641909984
48068,43.15433204900469
95155,34.10414674466916
8423,58.898653076673625
40527,59.49280013127577
88957,59.6707533239057
11126,61.68089866793779
57257,43.20296895189724
97266,60.4225562806563
79992,33.98261689060175
78855,97.0
25899,32.30016535878558
95766,39.069016647625546
94833,41.89197975988122
32103,50.23580356560959
61544,47.216614093074014
10168,63.3085198483212
93675,28.407002087875416
101433,60.01350979706287
88693,67.86842168893348
2486,34.082858387908544
41706,61.10991011915814
90901,53.976202688967284
61628,64.99095948295484
81588,59.24676155598025
62356,68.42026267716221
30287,40.701634914210956
20505,40.10115934110886
7852,39.07705197021821
49274,58.64382565873458
98284,40.466063014545476
99,69.59544639585964
28455,62.00455780605518
16025,31.252324765305005
94203,70.25935361658426
26208,54.35395490314655
63278,54.579066514091785
91283,63.45904728633442
58235,67.9256983407859
89479,60.205840305621315
83174,67.6906058312134
23757,68.65955060610217
66825,58.89927920515143
33987,46.89660007725874
98921,36.87544641562757
38055,59.905068121715956
27444,61.420626130680176
2810,27.979811622454783
20384,59.120201156248065
642,33.85251766718232
35815,74.9201558386808
38512,67.02149850850536
17943,69.4280793845805
19169,41.989797107421936
63072,68.0326437539255
5571,51.04679128311795
62316,63.21014545020404
47336,67.94583688548114
13898,63.838277266132415
21139,66.57536807846783
53921,62.77449307147305
97951,51.62146906181585
85661,68.64968455157822
24777,41.768107238582616
34069,56.690013769950966
49532,70.08798567112458
53661,54.671973623212544
88736,45.05241624610959
91244,65.36327547587793
81020,70.02581998691839
76264,53.355136474564105
42310,60.76514766513922
53077,59.189303857673416
68671,69.51706323521434
44958,58.0847297573858
74287,48.18209353078905
98138,41.01168789298784
71321,36.0096691438227
46549,47.006165786188745
1055,67.65934624144917
17780,39.62845832021107
47300,20.51370169630502
25817,71.23404807010324
44703,59.40143741077685
86069,68.96144460513267
73915,38.44743774365532
66586,16.22471199786185
38323,18.169199850810852
49454,39.81411572356487
72585,70.33671667307162
91963,35.234914404830505
83588,69.39914397375877
42212,67.77320936012647
30786,45.206462844519905
59519,38.08753326183087
54596,60.0809364660197
89929,60.89044427545136
79776,23.51906043782986
87025,30.437553825760606
92165,69.6531971480164
71430,50.10819617256415
12060,52.22503770328548
36470,35.69808919045237
40853,60.402789753231936
66138,46.38556244889669
83131,61.04641339935939
43945,60.17115147827047
96832,44.435843437551355
86921,46.85667235557208
70006,65.48328032144194
39314,52.22316866841632
99757,35.54246507528328
10553,27.155866978147397
60393,72.98926655720905
61834,37.004932854442124
53597,36.46239065834632
54376,40.78715258268063
84909,37.00652368760716
68850,37.41743828929494
9336,67.59896089217129
61573,39.58211572207572
93833,63.60747451589051
75251,62.98047578182081
24357,67.41342470061342
40138,66.0140750518283
8065,64.44574833154076
25528,23.898625754277408
29666,61.014451928264215
13989,82.0
36639,46.35564909343773
40224,49.36087416117241
46674,44.63755194251072
39399,49.093947476977235
80129,25.605010777742496
87892,64.39637376769655
34953,64.38401603466116
15867,50.67545971226277
91155,43.59500356776384
64738,64.4205886711209
66965,49.15037837573707
19404,42.50095740536686
555,64.12324886495462
48662,43.270282788089936
72235,42.23187760876881
79452,30.454545772810505
93627,67.55715122151287
73791,38.9092479363522
99064,39.91662548560005
33831,67.22402605101264
82580,36.456930993077364
2327,32.73642618045386
93282,44.63995491813847
27715,57.70070264415364
56431,38.78727910734159
4261,64.38231403338722
99359,66.3741212889969
82284,39.051671458740714
78025,54.52312678798519
14797,43.98616087904456
7555,46.92955879950173
2347,39.04489304259329
73993,49.431293033126465
21538,57.2193004428257
87486,39.847371895551625
89431,36.90073337515267
13896,80.35749497809424
72527,62.172350714595034
72720,56.99881095075166
64391,67.71374770397456
45987,37.182576884718145
87647,54.94448371697457
60488,42.682815010403445
79891,43.42069563704932
26162,61.86667175238167
89034,65.29211802732756
16799,67.79057728044404
60840,57.25271727003802
24748,54.81961543419051
12911,46.0429792205867
81205,44.66466830733952
9121,66.26645636436311
26879,41.68636745885779
37736,23.922546333890388
72168,31.77243665833269
8061,69.68098918623053
71972,69.4761889183046
10967,49.13871365694672
1294,43.992665640269536
72250,41.48893015674388
77773,48.27074716433104
67784,56.536704684295344
30978,65.53681694446654
64063,69.75714014585427
101737,35.35212732527954
52657,34.25949360539298
98262,56.618194767610284
58775,31.518362998943314
47157,56.079048942079204
59390,45.59575398726859
96727,20.178565590559188
41368,38.60806778765697
14947,50.197013698641264
86503,70.62789244116378
8827,52.22242267987169
72593,63.31995033043832
99572,47.641662801578676
100751,42.5820099796455
8540,59.87563228043209
29568,39.31872744702852
99424,27.75285954318661
75630,65.49239753387297
60354,58.48230957213611
87334,55.983412817045654
68903,31.025214318630233
44458,40.236834221506626
17331,47.22683607167956
10704,59.98589815332174
25364,28.32624091506006
78570,68.05926714148588
38513,59.668309425906
8934,53.061547257231226
30812,72.11666640850169
29041,61.72095575640532
87427,32.26713832968425
60338,49.591880403266124
31199,34.271945500698095
86521,52.83030123334383
8384,64.6958818028913
97307,53.01851789131592
74802,61.83006317038251
32708,64.8109069861158
53971,33.76576493453426
89082,49.57056827449762
53934,63.60492277984193
58147,50.13938645207193
43643,67.90505418684485
96198,58.72867183718479
5084,59.468065846894795
42480,58.964339925928705
11133,61.773094062947294
15417,59.9599974736307
28986,60.36970249307512
87574,58.255166654234856
84709,67.05914086537305
9906,58.54075660898976
68844,39.508250716240155
32035,25.160700522483054
21706,57.64191394380323
12608,24.809610496954623
9009,38.87324644137024
53671,33.622158416399856
29646,65.59032304021439
2237,54.13369920828589
59149,69.00913110566948
19190,40.2392004688525
90474,72.90041310239302
6423,55.25085959596326
68862,67.31937014025144
16533,52.2415245195566
23253,63.111630282188315
17640,48.531825949370706
15265,78.07625523635558
78662,42.300838259441704
11854,65.25712348389452
76444,69.18307379674965
77495,62.11890889161156
26189,68.11763744643217
59641,67.58164426114452
12570,58.41439037722547
69120,69.86536340710856
62384,63.5719416396773
64892,68.92144857823895
39898,40.84642316692786
6672,53.779773256669905
83427,46.18542137914555
72737,68.85451624897073
13677,47.39334466253502
90092,66.46811945063945
25461,47.7733728186331
5614,67.86489536895705
100036,52.741025810517634
77996,51.479876497950215
87936,69.81209997255185
57184,70.00136993293768
95687,57.600607299530964
83492,42.738010336283885
65915,37.31685661102697
36778,58.73260131863057
14402,35.29185564484646
42353,41.42103264593875
19110,30.259659559609233
82593,39.15556999287688
75915,37.944648935191
5887,34.55033675135831
94095,64.20911220892735
100334,48.270006184273505
49841,68.00571737896429
53866,32.62352443004474
38285,64.88057226602308
100083,60.89633806674484
78519,44.87499555336544
48728,59.879238214369586
54400,27.7717590556867
64432,58.50984098597426
34280,43.38872472356111
5505,28.53214081739158
38238,67.32917983240036
56930,65.37532917074581
45957,32.48823147294477
62034,60.88706578739243
30247,56.866860526385864
11180,38.513232683161746
97870,67.4506428498807
91958,69.41660933948333
62747,23.88668814422257
67602,43.769960112796696
22005,36.982311766507586
91630,60.5371673788363
52111,60.75027630700931
68304,53.938769525375825
72935,69.62683909659553
53399,55.03367437763652
28638,43.95857376537713
11800,60.69977690053604
88710,30.414382540322855
3643,62.67334548186805
88298,36.44550219255038
91406,43.34484089588471
25394,56.054539721741406
101791,64.50846265230808
70544,61.91219243463752
72480,42.45339507350241
24682,44.68317008304624
25196,63.28064426402224
60929,69.97921479925712
57870,38.977509685676075
33847,58.82803524759968
25824,53.737560201733004
1826,25.691314488885826
27362,39.20938973177217
96919,70.27681356497834
71595,47.172026541458656
76285,50.23654778363526
71622,68.65464211238445
21100,47.542216089560355
79915,44.15987507342622
18996,58.658915294480046
53697,28.958247617086535
34025,64.7036087848722
53791,56.829261626803934
63025,69.54944004282679
13876,62.72032515542284
49936,50.84893778011188
47406,39.62467431423499
22507,33.71643797817922
38509,49.67806107159046
52260,60.05505175258436
84961,55.903980715334846
44925,40.340609345335004
60941,61.6018315776214
13827,59.123853713612704
74125,53.43786190696175
57230,51.48347514076789
42850,33.6868187916605
98070,68.94177489251966
33428,48.06037426703656
48434,62.13573347738763
48476,69.97475839276296
3571,54.14219597404443
52982,41.69003916003112
29084,57.482488673991575
24429,45.59255811794965
70523,50.69459871923488
65135,37.00475016109152
6817,50.14091585420719
5966,63.19308142454077
12404,52.39759516546609
42348,35.75178194827235
5015,31.15238069605623
56268,47.32197768063075
99507,55.784441026244124
91858,40.269488074235085
96678,40.873096814476945
87607,51.34001222017386
78388,64.68471404313792
44838,62.615105375203065
71057,36.553284713818044
54199,64.86828668810742
20717,45.670085828469944
62353,54.138874041564456
18622,54.93106530776955
67659,69.22087423880117
63614,47.42534522119332
36140,61.90050373174652
30399,68.30997162279856
78367,48.70570094228586
76613,60.7507278974791
68927,63.2907546704047
63154,74.29363550784679
31390,56.73640066486054
68539,16.573158806519633
21303,62.60834554334555
1270,48.39645616003157
20621,60.2412620287693
82055,60.26638048530558
1231,35.80690697510049
41164,65.73823750984107
69904,64.93867337340366
28730,36.923407143891296
77023,45.071621599207134
102506,43.61531919337939
2754,69.27548636397395
30923,43.202177358268344
8297,37.452645395409334
83988,69.29641377377234
18564,66.13888692557646
3218,71.017355722331
76849,22.13913146871638
62558,25.322895639057293
68383,55.590085423485604
59498,58.99926335608679
20223,65.06104148123346
32520,55.54320422938386
14004,58.84496009765942
18199,62.28734632514602
87589,38.106497250451476
26578,52.17285346557141
75902,50.03675750039428
89108,43.00101504795606
98157,72.95779401287729
18517,58.780672493070895
63413,55.06227277048722
986,56.37931657397037
10310,57.751120162724185
56950,49.660787174178004
30542,59.55793837464789
5447,61.35839726441021
5910,39.824048467824184
53994,58.2398310911695
83097,71.64521680460268
76552,73.90156652071136
35861,39.261369448730676
90400,68.91639687898473
38864,38.1134340115522
3787,44.83770780969621
8018,48.19942065496255
60553,66.36667018055574
95406,58.08703322089134
79779,80.02068253968254
96394,78.04032188580138
16574,26.15406447095729
92008,22.44281690955448
50163,59.3469523110039
84835,67.28707625152008
89065,39.19548593576651
87532,68.35230133150843
92200,39.02605477552587
63451,40.36830002882344
32418,35.56504120591291
96674,61.04684913080775
63092,64.82709330732584
29578,61.43711491101319
52707,49.620201366071335
27782,56.77817747293187
66062,70.52517714564648
72623,47.91232568364428
76779,22.4463760095152
19319,28.74213535010558
95735,50.746907895946954
58008,60.54108080872967
11209,26.683024911718004
65934,59.75096192118853
90618,69.1013586492641
68419,31.639457032090707
95981,37.2452686641149
91982,65.37008671978704
57816,32.33881562286525
29979,53.17833088432228
71337,71.5325578740248
34813,59.07893330977449
36270,55.62753273586142
12660,62.936134645280774
23962,54.335633270989746
50620,32.92242515446083
53342,37.05403191318823
102453,52.67513415938295
96999,62.24621087065716
12004,40.02961192899201
2985,41.329102896062714
83124,38.306828224961635
50188,38.4764127235734
67879,69.92472409776137
15865,67.65963717327506
743,55.852424897844934
61394,50.149151770858396
23969,63.76085373263856
31371,67.61081233650087
3578,81.12891791155992
46579,63.444713124179636
69050,17.71868251296296
66067,68.26995619929
67779,66.58686240608489
87449,63.588319903291776
40453,47.077979904391704
29825,39.089745790715135
1970,62.89681448304565
39093,45.16412582096476
82014,41.41145554435363
25689,46.34902881137925
10349,60.8182858972363
96643,67.4616132397109
13664,64.60768651015995
16975,49.89439318070429
81745,60.58446838239545
23309,41.50544302658597
61275,53.433696899668035
51880,46.36344739762461
20739,53.23547236362837
75290,71.98969272700812
78303,94.99033620387505
22765,19.21534155509964
33935,45.40764271146796
48085,38.43330471038455
8026,35.38365530016708
72324,30.304294842852467
54374,56.140801247485115
79316,40.7306929033605
65869,51.50013117447506
94812,55.04160016280659
13969,34.324992106317936
69305,42.07749121079811
53400,36.95221503768275
46260,16.122817112301735
85582,55.78526642719538
59719,67.73404689949717
77901,78.5237032582125
75795,40.679038430089484
89057,65.9324906642187
9278,61.86022502984772
78026,39.470796684536225
63796,56.91747384797276
39587,59.57794523453654
62073,61.16445271210409
99250,39.5464860561681
47795,61.85205354574863
101138,54.46123564720587
75359,63.329536659581166
11418,53.25821452269384
85297,64.2237436176643
88362,57.090404015596306
52776,60.31592592921812
6069,58.154011990036096
8778,68.80169704411662
95215,70.33083846555046
102033,40.90664597552917
97292,46.32015741238557
4564,59.224543003114114
50030,53.9825997482892
75392,46.954866131240514
14917,27.86334580155002
43885,44.43145847192996
12866,53.19566476167584
83699,52.640540623955395
37700,63.46616233522566
34840,54.22739473214727
69854,32.87794048756207
92435,43.08718339316718
20038,42.509139787587465
69543,37.78635008154033
18997,58.067448051147466
25735,35.40933929173289
89949,64.37117382687282
20154,53.991165211121654
66748,51.37929341378426
7175,57.02072700798155
27549,57.58968239006998
27317,36.989585926872316
83847,63.465050955348055
40934,65.03131337267627
76251,54.397503710846365
32737,49.92875280407854
4307,57.43293326196135
18512,61.889291645009706
83213,38.68620050127411
63060,44.801642731528744
7442,55.10112995300164
66486,40.06399797377688
67423,46.86028922128937
6029,55.21955972314154
6581,51.2552972259763
53949,41.59549613913155
16374,59.94106432575084
17100,40.19832259218248
62383,22.04704413700206
47580,41.79285581128112
101499,61.93233252680797
8717,51.51624375978814
7140,27.479827746813793
73135,56.93105874106485
9102,48.91808646477683
102476,68.28541989190725
57511,51.9080825808709
46487,35.94177854809624
66028,58.17075435767296
84411,68.60629626385737
94202,59.80699832280106
74023,68.89675514244965
528,58.74558280015179
45289,51.37480277661211
55800,62.578999259207784
88442,56.697614588372105
21992,34.03270829752906
36261,69.77730618634918
91217,63.519759446174646
66955,64.037253851579
86367,37.569265986290155
42664,57.762631538767536
66332,66.01209246092104
97460,57.15060469068565
96431,46.811891771718756
17167,61.58253784779194
55383,38.616253904036604
34136,64.89584688979741
80517,62.131468857124666
90821,35.71082320445008
87295,61.78613140096948
15303,48.76774264318582
97697,63.707902304067474
86320,68.2709710108857
18890,59.28639693789792
77271,95.64033620387505
83762,58.32305373195443
51324,50.541552156307986
55713,69.88217689227844
9002,39.99918760966521
46023,73.40248876296097
62403,61.044220357446356
59041,68.85010455169008
98567,68.17899133565228
9933,68.7858537289343
60539,56.89941722789756
16407,81.90499999999999
39225,50.72653703365605
72218,70.62789244116378
85318,40.34465682302753
89365,45.065870030628076
87370,66.17437906233594
58205,62.4002617523753
61534,58.51257202542463
91005,33.74158445847841
88345,54.47973090741055
66297,51.627465137307254
19620,54.73853454344934
88731,41.75140715213164
71165,51.65578471062794
39143,27.160208108255283
16006,52.160173276317934
56793,63.28623780999454
87693,33.293129869609096
79467,77.99172399878738
63913,31.666927829314616
66690,43.40837047043412
6940,29.562582358031676
46733,62.88449901779429
28050,52.42810759749429
6712,59.2336195432277
64548,58.25442292805367
37616,32.57777296416799
100060,61.30821144814646
70906,60.33487379141525
24686,70.61725183957286
87837,52.53162163956768
15382,33.49130048105668
5281,62.9312046559879
35177,62.96491475425929
82589,41.59204208270164
81665,54.92765383067165
2310,44.51646031511823
93943,62.63201265786849
71461,37.824306515367574
75222,48.88320329768729
56076,54.589540779647315
36906,68.59607938879904
85061,40.96618508550383
87623,52.994855042885284
54223,34.574778968740844
20372,65.60943892966216
14272,68.05481246386114
49056,69.74453329893015
57390,63.78948454239919
56844,60.26124814503331
81252,65.31657809833683
27653,32.09239989733415
91989,65.66264072667323
82973,42.326504456632044
82664,28.198522141043266
80789,65.67323233236216
21110,56.79738515432976
43377,66.09803656617416
82582,45.66221328783476
98066,67.53115543303345
3361,61.23551191297897
54345,53.6991747223252
6286,35.68963047713268
46935,43.04569216816396
49502,65.93826564634497
47197,49.18237261575145
19780,43.98432339667352
21877,13.44305556551919
47516,58.67545138827521
79340,69.04637847036378
52737,62.3978336917513
38934,65.28732186629345
30954,70.60479478142112
2388,42.874905223306335
98494,60.88042311406185
54654,65.29781177489772
24288,32.817062309270504
65666,67.61557469898072
63104,60.91533062550787
61485,57.06747229190799
98261,69.41101452003346
13556,59.103555641629875
23703,41.38197923368943
25578,28.244126168944494
46200,48.57310492347008
96426,67.17475808684593
98149,53.84350946114493
18773,42.59519799120422
15843,48.557160435210925
68619,98.0
50948,32.81859752761176
75500,40.86128350390916
9101,60.53425419791971
31778,66.68718145517755
37022,19.441220065944066
67956,43.67287475142321
19391,46.72376181642399
7353,50.130753726406276
82680,64.1313975424119
28636,42.73059368732625
91482,42.51475924576786
26969,67.48895904456441
44187,43.02175605965382
40008,18.30002663369872
87518,47.58838477789264
32580,39.712214799718424
102649,44.327628565022
27976,61.41292450586112
18499,56.95091680956691
37338,31.469230770284668
7258,60.291879288093156
6119,65.82745857208069
54741,38.22204565134484
63611,64.54471218577193
26005,60.502501084147696
92134,26.289722611368994
26191,69.9730517469573
42313,54.96862744532903
50124,64.08612741586252
50031,58.593161397767425
72398,54.10196671556995
3964,57.00952550789802
45910,35.99317807818964
26704,69.258734578278
49409,60.588961908376035
86000,61.22244149999622
10159,60.58668022916282
1614,68.13886243111224
96321,37.33873881558357
75719,60.62269141661087
68722,37.47113041828848
70827,70.64147728452504
63261,43.221278675447195
29122,60.5520612000128
41680,62.09718470374317
29980,41.17238606332714
94836,38.203402017185056
18139,71.00761481341047
83747,69.81526019323871
19872,61.96247312470843
6078,51.614721625825084
8683,68.99090423129957
50105,61.91038130065482
11406,65.81294587380965
51393,62.909430445492966
25546,62.95196597857061
38756,62.308032905899424
63583,62.13803944714586
629,38.125715756360094
21406,58.771350986445356
21969,59.34206581690627
14510,52.95525271117647
84663,45.26832959929763
98972,28.426726561179002
50726,60.13080573222915
15637,55.98596691808956
37441,67.34429040662474
44557,45.462245254714944
13738,68.95171711167598
37212,35.38391585940824
62808,60.83030138312661
25230,59.37336407734448
19326,69.07319292261725
72831,61.041936337311235
85014,57.083125073255005
97556,47.431196772310074
86168,51.840795425682785
3434,34.83457503190111
61983,47.05795291200817
19273,31.642466267681108
24390,61.825526203026946
42649,60.863779834480546
21807,49.8268930092362
31242,60.54326739067031
68987,62.068403592331904
92523,68.85256928941311
77416,64.89409298450852
47232,38.72032496251346
56245,63.24438168505019
76089,60.69311023386936
6594,60.83180491285903
43954,60.40603330847862
48749,34.99295576905996
47003,61.48733171363664
24711,31.489012809323018
63233,40.94110829405927
31603,50.408525155471644
71175,51.838765207622245
18767,49.69909974196135
97524,40.538479202809675
35197,21.040208942417753
99465,50.47719004231037
8076,60.40425317389992
5266,52.391025473823156
75035,49.77590893297605
32001,53.59256995133032
15806,100.0
42898,67.78625252788952
3342,61.632362217031925
44258,58.98534622666235
93117,70.51024888995866
37717,62.52866826393337
75383,74.88331738058388
29846,27.162946072565287
81036,45.92733804427799
13768,56.85830056878198
102349,67.91054614298145
80470,52.502976558087795
98017,67.83159697821168
11515,54.63350678594439
83932,70.10218540593968
93454,44.518110752700316
30850,55.168720849892786
87147,28.154057485130792
98343,44.22207605635212
98493,62.12542746229515
24201,43.63213607865974
89322,65.01723298562813
69289,25.187664646979083
2528,32.75468986527515
4966,39.20828672771545
3836,55.73595260060344
35186,32.35254892739505
19681,45.729387508867504
42105,54.33468338062984
73805,56.96865002268005
9366,65.92566866314387
71825,27.252105595950596
48416,60.63885389585741
35523,66.23888883680912
80410,69.75256162094075
41434,38.61797581067045
16957,59.57734212881052
29359,60.26211702250128
679,67.94222648282948
59006,41.83841306790062
49304,51.72077662107606
6609,58.63284773872036
95928,57.52416187657308
25719,36.77717737609742
28239,67.77320936012647
76976,68.29003027733262
36480,52.347572795166236
36739,40.975467816022885
26001,64.36210282087909
48660,53.28403942998376
70012,45.957434900208966
77337,52.86245624050794
47171,55.21692437937285
45798,41.676625812092155
63597,66.10868872613032
15431,45.66065074514319
26368,67.51822818854895
85665,63.172514480387484
29081,50.06574486942375
36216,42.910229856627495
81129,34.02472308641059
85554,50.95886836358111
80875,54.34132623793685
75618,68.1986836066446
66488,61.9336939590335
49427,65.62510670014686
33329,55.5686292272672
31525,50.94228043552334
61048,58.35910358493515
16458,44.551438687725394
40966,68.88222327720318
2391,62.5202586752632
68610,60.35847181138177
6433,56.48887147652911
3128,33.21012289720586
39413,67.55715122151287
12159,69.41055470726056
94936,56.58267535750402
99928,44.596468474536096
59635,64.90973152836109
87261,66.86699378802894
14421,42.6861418523808
5662,67.92173073108353
17504,47.58567356207349
47879,29.240158680143992
47604,30.335364233847212
47278,55.12630039659906
60708,50.418128428846124
21563,45.92468465885303
24620,54.56257487154839
68195,61.5286414995566
43137,28.05602039588397
45660,64.13019237959881
74502,39.61958002746476
7950,36.9019517368078
57743,75.07143073567126
89668,69.20393716263425
100889,51.33923232967744
44462,68.04692308559356
43809,58.78010832508451
37256,64.45272655883704
24860,37.487734756627965
81909,62.53743041858073
70129,48.9359211889802
56261,53.8621444689565
15202,57.70007944295864
88991,67.03948630372071
41617,38.8732659743764
83328,69.352722759093
56346,64.4573743194911
9686,55.82365577171163
38434,64.29160937319693
26221,48.34394022502486
80173,69.26257442106088
10126,56.8249029749973
53650,38.361227849141805
31938,68.14162997995354
30235,66.39507624575876
6760,51.48078241662331
47943,9.642818208741469
66998,31.34399168046395
65532,61.07419637895818
44344,41.19550388890615
86865,60.699398007452075
40030,51.79107299868875
79406,32.94790175768899
23248,48.84140790614555
69062,53.16385960652691
24119,47.409284022955035
37321,64.9782371682803
75701,57.44005871531171
102006,34.94488290161317
38580,68.78764410001118
13024,61.9072199101463
26266,68.72112950486036
1725,57.2704711395278
86127,61.21417386428542
4996,46.968793229021266
50223,46.03470209187819
82561,61.1443522721215
97397,74.60856283858723
54807,63.44404038607299
68588,39.72169547949684
32876,56.37903303493941
21714,32.2779453035023
54589,48.60361423820235
84520,39.88635075699495
19335,67.75869236822778
84694,57.281637037170015
49694,67.5174703056801
92085,59.63624437724343
420,60.03183165613438
26823,69.62138963178798
65029,65.83275418889622
24567,56.82184681758469
24855,26.697670654963495
16382,44.21657882810518
52732,69.7588935594713
15000,68.23322726592511
95349,57.645125043384986
37929,30.639677826912262
94015,58.46586166252182
22975,59.42677319919247
101658,29.37298270572755
77363,61.68499201565984
40512,38.958384234059494
87653,60.43526150117671
2016,33.82529281762441
101732,39.69138262912436
9025,32.12330514858697
95590,69.31512983313692
56675,61.85424777267839
188,19.521959937748782
4871,37.641654025527416
14148,67.72763822596441
49610,51.128831680849665
64287,43.52000245396432
61423,61.10415053989398
88851,43.231021502517386
95843,48.94639145220025
98804,56.29669478841636
18143,45.94154537271677
45251,38.21046591406078
15169,49.61892787325244
27633,64.82663233384692
75053,32.73113592783811
31683,64.21792242075907
100401,62.68471018311974
77950,51.95383187288923
19768,70.00434237508587
76276,33.182271645449
32499,64.34439019294393
35396,69.77032771296062
30445,33.53654452368889
212,45.49580872475322
31850,39.95689647826893
13593,39.18820146203069
70020,69.52422892038284
53826,66.98025003062234
76833,59.02072173115282
33256,35.35666698091998
82532,27.988974256500807
28285,59.34392293803818
89010,52.63017427928827
2625,45.304714294135664
16261,24.11835578654612
61059,33.730509915567374
1512,40.55656384852081
12938,61.96313908519557
3346,27.972022437103956
19553,62.57589504964083
46909,67.98760492398097
48295,51.4149420956347
39709,44.851476906030946
67927,42.02625648687176
91392,72.7476723708877
72383,57.92402241508194
78398,57.75561778041193
34804,51.72842560004971
11127,65.37144314739747
64216,68.44404169962186
34362,32.91150975888141
2475,43.57984865000652
97499,54.40619282823981
23768,58.15096086033588
2773,54.275364548807865
55758,61.23852026312739
92529,39.544583603925815
33228,46.43730378907554
46582,27.408947581404103
22818,49.26757318650815
20048,56.27711589372623
7910,54.191640583392285
11318,40.457966477935024
51186,68.77611146899616
53752,51.63401731130148
91549,59.18993077676863
46029,69.59094448086165
102093,33.46137981718745
54985,47.23635589861904
12584,35.003416952353035
72344,57.90627704631223
67871,9.804892729249493
19401,61.32091157825444
76834,57.53115800573212
78157,69.81182062795166
62727,60.45457012318795
16450,58.41264721857204
25236,54.542731492497786
69482,48.60305188954785
6905,58.13776030973499
99667,38.04820057014692
37851,62.90583096032059
18898,26.360759030200825
97930,48.88544509880883
63891,43.993605813923786
99088,27.627127807059694
82899,36.557418350167325
51735,41.94695825219438
25742,80.9775
33623,60.196145842286775
84348,53.581323356083224
53291,56.459298567499324
54066,68.07485360604332
45783,50.61900089977255
10848,56.34914153635812
16452,55.194250054505886
39113,52.702209757531
21999,58.94555755173425
8947,27.999996796854134
74324,62.72496283668858
70998,61.46438267122657
49243,20.694998650916055
80242,55.09672044302461
98546,69.09071869316854
71644,55.1631184832926
44015,63.085660551759
86362,24.81971073530484
24586,67.74699233411485
61251,65.49846470860194
10805,30.94516001660335
30322,46.24896664118043
7609,57.63995497756242
25350,35.01908091081978
97767,66.64953015334576
91295,43.90942583608367
8009,61.12263592665466
43879,40.130899998031076
21771,56.239268606109555
57066,53.120128827688085
74131,58.0323565542874
28524,69.97855389882059
13805,41.79086111305682
10352,54.836710870492055
85077,43.960051125413855
58035,22.886386002886
49584,55.151576083269156
75889,42.51448430308012
9544,82.005
14116,62.191401555470456
47734,49.15231452884971
66269,64.78554212430642
26966,69.16412867299574
20175,65.38353819632363
9557,60.69722175005014
77676,83.9281431114293
74954,64.92413666878689
94002,20.694060038647834
54447,57.47785092051563
54120,69.97475839276296
52688,67.72413441364215
87986,69.69591368332371
84758,57.89978954271025
33160,17.7832087387235
3948,39.85286435812561
5248,24.886753859209616
20904,60.78522280398208
71275,49.98977839439678
36590,57.42997708839676
100970,35.33296342340496
96422,42.75248255359773
78740,57.34607925400376
460,69.57040009312185
29474,38.90974727950167
41187,70.4259951666475
16472,34.74972148892013
48705,22.81053150534832
19240,62.5765146966972
37021,56.76518152108346
70545,58.32384691238929
4119,67.71106681474953
32905,52.888997365095555
98599,38.6173960932576
14447,65.83590349786292
79901,64.50746865199328
62728,67.78146150664746
83243,68.74059304407047
96107,45.068626930231396
53631,73.05628236314075
50647,24.317707089693933
1088,60.6707911690104
25678,31.58557215704239
51094,63.653241234128124
1366,26.290332205151312
66665,39.68525137369548
30202,49.66859070954956
78403,38.526047877550816
37330,37.3933683644482
65120,55.21166279296447
75838,57.871783624374196
73924,54.783852935202816
12064,62.16244492905272
1181,59.26931957770601
42463,54.478627700650115
9819,57.00827879815701
92330,68.80478114544503
954,43.98986727375493
10801,69.97475839276296
26715,60.50067146929548
90465,34.93543947004661
60507,100.0
83939,39.25379529430403
32441,68.65609044127638
12829,33.19975503606631
25842,67.6665299483455
81900,13.940125179333512
73960,63.51261953415371
91753,56.518337319147776
70639,59.765440919441225
56106,51.761380718111205
5537,48.411815178848144
82446,44.8968613731574
32336,54.1243382062129
566,69.01120894854331
58065,67.49490549512157
46310,59.46888675573785
14603,90.43312347749595
42014,68.87289183215869
32516,47.91927172463612
36857,51.43440166503042
102043,44.222787720497664
95661,33.297702337201024
71228,23.25175669904304
9313,35.92875589647827
4158,56.493357682899926
6352,44.8450470646578
52078,52.406505681146626
57855,69.39914397375877
88664,48.97599323052129
23110,61.57103990239876
51457,60.68573197930725
96754,58.99125369791845
6367,60.23582425094868
38331,62.893993275396205
52384,47.59388818957007
88716,50.72520673813903
86307,64.78147806885369
81381,47.03317646963903
62794,34.62207975833335
16300,74.60138416339421
18214,66.96666061312125
38966,37.12526710520652
15416,68.75478813672665
30090,43.22340337546021
35959,41.059138333836266
78288,57.74648120372887
27064,47.484288377782406
27432,52.934553086481976
47652,72.04207916494505
67339,66.2364067518362
60209,60.784337264349325
26276,52.064869769825336
26140,60.14575815449277
25384,34.51411606397741
23495,51.976610067715754
71956,43.495765664275915
36725,55.96001074654832
53502,67.5448032514587
77018,49.828207547770496
84849,44.90054550040852
80208,40.05757175087936
24394,60.340170093722605
25323,65.68861553797143
11328,61.25285505714036
49741,74.33522950525389
34675,47.75063712464275
53957,42.361793752048435
62793,51.17660867447802
67265,69.60738478774051
76269,80.89597598260133
13202,65.09910292650362
69832,51.39187406277305
97199,32.333745576965505
74382,58.23312963849415
94513,46.243270828731426
62333,50.55860330646306
41755,53.95134330526952
54662,38.08637139396173
67782,53.83135522695483
49847,69.44255366528155
27969,30.146226729750023
77232,54.91784122250035
62335,24.483329583859515
102242,36.84357054622259
79039,54.800230200746704
101330,60.67981158306047
88455,74.97094556690298
101471,56.475318857476665
14787,42.05775101588346
53246,54.02253628073497
75675,66.70731366347282
94976,27.573995621444343
35591,64.41317811685656
33772,43.489223786931205
30570,42.1076304793471
54953,42.271286775864276
465,48.81516702818501
50710,30.91188751989445
65041,67.93121092240315
41516,51.76834664781138
102623,25.965172508109795
12068,47.17639999008148
36713,51.57234895842115
65168,46.878429306277056
18686,71.0632763810311
63152,67.1512781419183
2352,39.59843089446513
23513,39.23519321331609
67159,58.84239594766323
100107,57.469576251081996
10145,36.80365611228842
35717,45.37998385381109
36635,64.0446215647869
62296,59.11509282842233
92229,45.15588389144744
35198,53.43894545386713
54440,44.901870380000645
38159,67.74699233411485
85684,58.7635446853511
96915,67.89034234288076
44821,68.05481246386114
33894,60.01346461555883
49734,37.39142159302512
37373,59.668117105273375
6695,40.61720065301864
4224,62.599245855275186
11321,55.98594323554561
80719,74.33522950525389
90285,36.57581679901603
41031,31.90566175917006
92323,92.50526315789473
79871,81.09696428240125
41149,42.61069329490338
61613,56.70255215576662
41255,34.931843754641314
42581,39.791520273094676
21184,69.89292805876246
59793,54.65264208511272
91334,33.90425187430197
29453,50.86037441257826
71548,51.83344349108723
13191,37.17585768775875
6945,55.45434208736511
90837,40.76435461583724
41351,53.59708021173994
50533,57.14931300828423
75608,25.341520813473327
79212,52.35599936096525
30404,25.661239745380282
94318,53.11201516567748
20467,37.94722944653462
47686,61.35466414077111
28951,69.97480709465236
5718,30.66009413266792
13463,33.481884229744914
65781,32.95853069827658
19805,56.484841128731595
97858,55.62254146369094
47519,44.8482887670542
38585,39.87863059625286
32652,43.918655724288826
99892,64.2417976888952
33221,60.83240951077748
45326,65.01136667931836
26565,66.91917743258678
41754,28.95037982582481
24750,56.08512939238332
82293,27.477156586028332
57696,67.00196822177395
39349,72.19666640850168
8303,69.41633674446707
86667,60.43341936920574
45706,55.49955149303599
101939,49.10179982792123
64323,53.43187051339847
93061,64.29160937319693
44092,57.37084325614963
43328,66.81890673438969
51452,60.354934630038805
22920,65.77912985962574
18625,61.3835230393313
28655,43.38996812702792
49357,35.21971199929205
90058,67.85568612124892
83250,51.83826990216701
56187,66.49079403685624
37054,35.954404806828045
63090,67.13924445316215
83144,64.73611644069646
38211,38.18571651817606
58017,43.950989395131444
3205,66.95174164676656
99109,77.30858544336883
43145,59.27757976848062
69415,57.54605550387499
82205,58.21571847100959
61289,42.57143902707827
35805,69.613960133318
98039,50.47105048410717
50818,66.04750807107534
22847,31.757037738531505
77007,63.85639079308144
76431,53.065926149621006
90402,42.0812390116889
869,45.235374239995544
95516,28.305079402389484
47707,25.722891465809035
10705,45.35415307633838
93698,58.19571078829102
85774,63.336617558427804
39457,52.04422162118345
74374,61.48275480057283
90577,13.01256755401713
98318,30.64715778106323
89547,70.64147728452504
12377,66.14607684660676
21504,51.136699021851236
20619,47.16021236893484
61374,55.16105133972769
51455,80.83126177729012
65396,49.17914241913538
67015,55.62276117614828
63210,64.63573311596598
25318,65.07261007584022
5312,42.12626007393639
44189,38.26932128679665
72154,67.74387479178232
40299,22.430533154517292
85702,64.89565401426567
95648,54.54040501665791
41053,70.53929365079365
53121,51.72107303028135
60304,72.91178831734219
46539,75.15290241685278
36680,71.42291862408626
100251,58.316295562612815
101540,65.24972798442371
78027,67.8507523973778
83562,30.720047559241195
96100,68.89453514460843
36005,24.379285140961017
69200,59.3528715019352
68957,68.94254074610053
17647,68.64673348644877
76558,33.48300650158587
15719,61.16998476145451
26106,61.20055315483342
47600,31.659479124161816
34981,35.333237088681614
70733,68.04692308559356
38283,55.690014008337485
35310,39.77962856877906
84393,33.350316473023305
56604,51.23382756421009
36829,68.83887891454442
51296,30.357920679858765
61407,46.3917094171072
44434,32.95734241645373
59270,49.125881905641734
24248,32.06069432132119
9762,53.484855181011326
575,58.74948836227404
19628,45.51714389481712
45947,31.377425550077128
84205,59.21407427685407
70169,58.60255593232396
21358,45.91090711947114
41037,61.56046863221256
20033,49.83626543607342
73234,47.68973877950857
49191,42.531051379792615
5001,60.790368632042046
79093,25.56368455782786
69272,49.42139928746789
37366,69.76836941958022
98022,35.99352312254945
73482,54.85327499283624
8489,59.662980815184845
42706,69.69591368332371
57602,69.33684020710444
9403,69.24300572410951
8976,34.45417016155411
75569,61.54208767939217
20771,69.61329698872372
15075,47.640144052684
13630,61.54530795819409
51582,24.570869896843718
48196,59.3901930091098
24712,66.94339291947013
58681,47.58022373665841
96744,69.31512983313692
26702,40.53225241682951
42633,70.24704633701474
9580,58.112803314087266
11693,45.02748366349334
581,48.05729922874898
83772,22.148081117545743
16082,52.19275495422167
32005,42.086325244437155
19601,47.58091378604186
75368,62.62614365781439
42064,32.056631344962916
7996,34.64856226755674
24573,28.470220047756793
29097,57.44846342605187
1757,66.97237518544931
93134,65.30364651010751
94492,63.54014454972255
42449,52.17009979485951
11529,19.811084265489093
36085,44.07051704828571
5375,49.224751781736174
70755,38.29434627927186
8271,68.69268506955858
82319,53.70397813673123
10498,55.728331436442566
95325,68.83341444551198
51401,69.06329663390541
21117,47.15634148282944
97041,33.6394967662804
46754,63.394565568950384
64223,53.640720342716556
93802,56.791813729427396
10937,48.66662011377698
22675,45.771908963708135
16128,54.602045655614454
16823,39.957887891691676
67977,63.641196090620745
17363,54.20266452667533
47698,59.15819597641377
98982,49.518139286961606
59540,69.77730618634918
50575,63.41521321024437
95241,57.29852671628175
58229,56.93682186243516
65560,48.30956656303884
15876,46.31902054574478
34254,38.62087985050544
40732,50.90804758831144
1435,59.064321910310525
97471,41.01556095301479
65953,32.00807802052018
37771,54.23314329159487
3543,67.30696182539117
71773,65.01091696557181
95839,67.21104740193408
23857,68.54032029245396
71140,31.130751933790005
2966,54.41833435795573
88572,50.73876052606327
13767,72.91122732666923
60379,71.08539448918411
30597,25.668121065082413
86099,66.06315550475446
57340,42.0527607642091
75724,48.30053153346919
3796,47.32294278547687
79610,55.98781016234869
84072,58.55403791368689
99908,55.41022652435875
23374,61.859121062748066
39735,44.54252956707355
82896,34.609024802713236
96729,66.63529559846715
74944,46.71616317071655
26371,80.1857330118772
17863,60.82451443055486
48115,72.3484342310522
90730,36.52348197497141
45546,53.14051608244442
35868,66.12145021211708
28067,68.99957000079979
57165,67.0362313194928
2396,58.251145023724995
64833,40.56280525360961
7406,50.05274040637719
16844,42.842657855366596
98841,27.703319960533953
42369,62.899532958120545
62548,34.58634475879655
42697,32.72813567988728
13129,68.60210006928217
49221,55.26683905339817
90570,43.708926798220965
17424,40.49490114475622
67749,39.82428722010342
74635,56.615940338239795
99972,64.92803079835811
31379,82.52721278592212
5153,73.3488949512768
68835,68.65609044127638
70473,54.27279625766727
35138,44.723034095436006
42487,60.62611588622712
83626,45.429615570552414
80700,55.51120908096109
44257,63.46904178890519
82563,57.35818884187477
36486,35.67716767501974
99591,49.91081515038898
83505,65.77518576831012
14343,41.28273147340822
80552,53.25541347254816
63370,51.04827678210683
5588,56.53638865485424
57773,69.07880735767013
87213,27.470208388079314
66543,32.767680185743636
6681,82.16126175922153
80845,47.65835822780367
74433,27.93507265517152
24836,33.523453225220365
102056,70.23146144808779
63599,67.17563447906853
35631,54.06533302636273
66898,31.695986713404103
81417,33.057577795402814
12316,41.4244429717044
88863,29.052356908476604
18894,33.85837231408559
54050,50.932503440122694
27819,64.01106447776172
50078,35.8221107735147
15834,54.53209827704033
90981,82.6746980487772
70439,64.96376857565099
37030,59.15736750518672
11503,50.03866716060955
80966,59.15923164475907
72773,54.456334031397446
28794,65.52986239334717
43332,54.074008034300235
39604,37.88517382821733
4000,33.74516231260601
91508,45.06239842533162
95361,63.106401930931135
96131,62.96526931127168
77662,30.212493087527463
30368,58.28064903414839
62253,40.49100198821645
74900,51.81191920026208
38009,66.99746323373306
51374,52.023622066915884
23032,64.18513918321133
77294,72.3484342310522
2836,49.1603330343956
325,72.11666640850169
93922,69.28535320456089
62806,74.01125
36437,56.267419064939325
57175,32.95187233871404
65720,78.37150518279323
49073,66.15008200923609
39322,38.65018464579606
95117,69.68626417083334
84328,57.13714532992519
88280,46.97163651906982
63018,36.01921233166194
37277,64.80792993488537
23017,100.0
52788,34.292183953698775
1874,69.08513722746018
101119,68.79014172581867
15901,56.46140911966275
31148,44.63639483489718
97430,65.20458549659654
32231,54.346655360089436
55337,69.47449549881108
94489,41.027545925615726
49481,66.98747419870638
67653,36.95089778185836
11235,32.5247755303607
72257,65.34314271798317
30773,65.49239753387297
75935,68.07681380496619
13338,61.87981637738761
97119,48.48195220686794
45562,50.17367215338426
15861,60.58670541607196
64972,36.97711991855007
84869,39.659312418796894
75908,61.98023500921705
73486,64.6387608072002
84695,60.07174049668177
71258,65.29394312766978
93657,60.79248576574432
6003,54.17913605850456
65986,27.78308297099977
12508,48.82189245462405
90152,53.910353762807084
66533,61.285134834933544
51479,58.85772283572485
63114,57.65772164826365
37159,41.55082194227231
13906,48.06248217529622
28280,62.021649021020124
55813,52.25156989209621
100695,56.55043149419049
35773,69.92472409776137
49606,68.0505329359891
78737,62.756635768454245
50992,61.76385672798421
13132,40.17002642819661
35575,32.87281061132094
40833,58.822161881700104
56130,46.379405774635536
52822,60.31101507943888
81810,65.05030164429054
15936,62.13638371465803
25281,69.42570836671052
28496,33.25959474940689
64429,57.971907975137725
50279,58.374636265672116
44614,49.952609418211516
28272,34.246468862163795
58931,50.03293567318512
9148,29.699266773809356
80656,68.04692308559356
97635,16.730917201841606
23251,17.553127871953247
76935,68.59050386601915
58766,63.7126913173458
57960,55.835274060771646
3565,56.856255776916704
57502,26.23430470731428
90900,58.859120444681714
49508,64.0183920096737
81551,34.30744023653598
861,51.335246999713945
51288,30.832938603082052
29478,63.528802847615786
36833,64.35034143427076
98056,38.92031999612359
70048,69.22087423880117
46514,67.71374770397456
37038,48.463948288253256
45690,67.50151962367772
80501,48.18299065994691
29698,38.78273814249123
37112,34.56785055380416
85036,58.50829248892221
32657,59.803094025819085
42312,35.51914926345855
18577,38.598066134831626
76846,41.71217508279064
83764,61.73075690618919
8019,63.95850736138604
16894,37.420671907643325
88212,67.36501778675043
93889,64.68251728640695
4136,37.851150034506844
50330,30.059340995846597
3778,35.786362179675024
52419,44.72093594946842
70491,59.85784412169685
84139,62.05902457873587
83483,31.376785341095673
53226,38.97562368402046
23338,69.8353252120331
41910,44.09582751537236
62712,36.06869080742718
2232,46.84903938679537
78382,78.8651156497558
85791,52.29045928819011
63385,72.85584557234516
17870,57.58854808350136
16653,52.215170559174666
33655,33.346536737594796
13313,51.89439558041783
45807,69.94460271019308
84369,45.026887435614455
68583,61.94480793704858
13022,56.60818455426287
97771,59.84945081078682
25793,58.35976736557175
23057,34.48328318616325
2483,37.28867020267767
65328,64.46020283371787
23220,53.18680106726478
77031,66.23991427597882
55881,38.34769757383768
37272,30.294819299020528
85700,66.3825133557991
9638,69.20393716263425
12069,64.74865350932089
57784,56.140184391451925
45032,35.30321159988085
46383,70.00116451958371
54933,66.27561934453361
78348,37.89284022513892
101128,47.30122591831829
100366,66.30916392984312
64562,38.824962737211564
59466,70.0154810972873
82052,73.86458184251
59487,61.650223467458936
98838,48.4548277547331
3894,48.34088403314957
4769,49.28160507523957
23350,39.01982462505336
29974,41.3091131398194
101985,58.89357102832419
64889,69.86536340710856
29395,45.77689229028167
26927,56.141143580319905
43696,57.909457814233335
9073,64.09992049594074
7294,52.296319280910055
33181,30.59660857826534
56940,69.60738478774051
12374,54.05883175009158
9200,39.174605926108356
18935,65.82602122316435
60666,51.852858788594666
19182,74.05125
63878,68.04692308559356
57565,57.16148496292474
51319,58.15927774780837
68591,62.31518592131037
32933,39.358239338137835
36667,76.13620607616377
8559,37.65737612142572
89482,36.154938789630144
91129,68.57572579995204
62673,49.26152139858091
72919,44.83292259683237
57433,42.45302331062389
28132,56.51298825632147
18738,56.65851047546308
86804,67.7972841902824
8187,61.75810034518595
11542,35.637006696777604
97134,66.26640944034189
78341,59.41134050848915
33968,67.89703387841297
102561,70.08668632572281
64702,56.46477660866355
67923,69.74287734153043
31105,64.2722310621098
80212,57.72354931507363
17690,60.20586323306985
100207,60.91124023039094
43888,54.22355290927444
39288,41.625242252429196
46694,54.71721746354752
29540,45.07274086105898
26602,53.07994640486847
4362,64.10093392433896
56933,30.44711942897222
39634,63.482791606184925
26387,57.620570992163294
17751,50.76443375239513
89132,53.085610924303
13027,35.951001967083116
53817,67.0822000584795
88920,62.38628560498315
74595,67.90948156711295
22153,54.801027860084844
44836,39.73833423522524
26265,52.064869769825336
3553,38.31606096141544
25511,62.095398125601044
7976,98.0
60859,55.87080377203239
88589,66.8503227533196
78080,45.71448055940095
42374,42.863876083591094
22006,60.59436720262539
95576,44.00483222016109
17833,54.895452622117034
62849,69.45760196794593
1378,36.50104562162114
19657,78.60428231642246
89484,31.841975423122427
26332,59.30932161290456
60383,50.550387006574546
58937,34.785926809496225
69738,52.13115803811371
50942,48.820216683130326
67135,47.44663155382653
17081,63.23148176678606
85513,65.31786165903318
75585,65.41054233705306
77250,43.575324733531204
39805,41.308399396483054
10549,55.36760868965859
38957,57.90727192728201
26760,64.20911220892735
15383,42.20299356249636
54657,69.47821946918559
32612,51.6391557156945
98651,31.753137316802018
94652,46.30858866931515
20258,41.126127223889114
4042,70.12807390310635
79024,66.2187155348307
90025,20.719394779305347
65180,61.08723072853071
45739,53.473091246487
84264,68.68944469825918
2553,53.51404158939045
1669,30.311033878760444
5740,61.18708767939217
91453,51.4456355538473
72115,74.82682725142203
4483,62.997086296731084
56739,30.514702430335802
86957,61.691228036097094
101523,48.92013522157679
55546,69.34490069293786
51235,39.74462357726003
71318,45.775570559489346
48059,67.774204785034
56058,41.03794382449792
77501,51.764378117149505
94442,29.61691754675028
69204,67.71343744208332
24699,73.3488949512768
7924,47.16150825315416
48294,53.70820422238217
98772,51.958626859802514
37899,19.245372378138836
93300,71.29775884752308
5279,47.88290413868849
6650,60.288662375624305
2779,69.28470509861363
29878,34.58035719234897
7358,59.63523492240809
92309,47.41741920637275
82169,42.768292309906165
43171,62.218751953172585
51232,65.42296969139595
7012,66.93438479814688
55944,66.25930998568357
94017,49.98668460003716
21087,36.139228154653736
74511,32.78096117018748
101907,82.61654669108714
42306,35.78843068233717
82234,55.05017412196874
64075,59.45846347483754
95807,61.57140498977653
26923,62.43334700407942
8723,66.42696181578494
39963,47.6151844798293
23219,65.90957685849486
33790,58.2751848013562
60625,51.89448858795682
50728,64.02762432669053
18980,59.05761750947389
66441,61.989565834939214
58934,56.64199005632862
39269,59.82282822067281
90300,66.66175861853355
19357,51.75422639776742
91346,38.7911322416443
55607,31.252707615799427
58874,53.575346148033056
29665,52.53861363519309
25036,71.9679307968501
6086,69.77730618634918
42168,43.001924427393476
37174,60.11817493332858
52397,22.660421636895844
35293,61.103525739777105
100869,69.86536340710856
6822,64.51709803560036
102098,68.92175318083348
40623,57.78539423500455
13402,54.47956952526789
52396,71.53460398769201
91725,56.79537513289888
25200,50.06343036612124
93584,46.41545468179227
71119,48.75010907157464
66145,37.97377207196488
39258,72.67641814941648
11422,39.454397827821225
38077,54.148522654891906
75956,46.04563070556989
62509,63.17962458375632
102080,50.379576470840945
46280,61.94965843605925
288,58.209199748832596
59905,24.12053481887504
8375,50.712900212550394
2560,36.76747633775526
7084,32.12223517800671
56207,56.81557958360161
91447,54.31670536295081
67790,50.80012432429762
75166,57.19328854904118
99185,20.172023238777612
61675,58.053225574118485
47096,33.85744714821683
87263,65.99985108026968
80132,63.49565033452639
93683,69.31512983313692
79852,63.86509344504842
5647,58.66355395527643
69601,38.87348483030497
28644,59.91793959523901
100382,56.33060458660817
63971,51.43467072929067
88541,69.42827741718575
20263,39.35182732995831
69077,34.737058410255706
75648,34.27527784831589
70371,50.52671099547877
29020,53.979231020401194
77541,59.812161776648345
72650,57.11596380625782
50558,67.57864107384533
27173,67.2442198315518
88534,66.89850578460587
49261,23.812214220920396
77021,41.49542361263099
58842,53.952039324368535
98967,52.08514406144556
4550,23.86921595255893
59655,46.34636400443115
9180,65.65714384583957
2290,68.08931504925505
27092,65.817223558481
55011,35.217567269442775
90466,29.358513772092305
78231,60.31101507943888
33334,100.0
8887,60.315146205197436
61458,67.25111554131416
25501,51.699149763854514
14567,40.06723094368589
3052,60.976597340669585
15459,55.898861963117895
17498,57.36274627827097
5388,82.005
88001,49.91277477316059
12539,69.41833861588499
38127,57.196257713105545
3127,27.024201464037997
59243,68.65089844403278
23156,30.894305972132138
45945,69.20138548417178
2537,34.76392153403512
30334,34.00917495944238
72479,52.095597435747706
58603,68.16153592816283
12639,45.765469050737735
3562,32.145648367847116
1981,59.78122616352922
89250,50.635018495841294
15424,37.12717549890967
7631,69.86813533414939
40282,50.417061842705934
4754,38.326295874740644
63237,50.04136935054956
24959,73.3488949512768
80843,69.17040952911067
80310,64.77916030412533
33470,39.45475481970273
5289,56.55173946438614
13671,63.62584957718755
15451,50.87611638951456
8238,65.48891016764568
34276,37.06325635897699
88107,39.58138880144984
26417,51.34577731683255
62884,46.35764547629329
37922,69.71030611145036
18663,67.5174703056801
94669,55.30527647329525
15685,60.50633523059132
38224,38.02711051145714
31332,50.28903062877242
19840,52.01029384217659
51789,40.619362434125584
52387,32.85602416855998
65863,57.41367487186938
24286,33.04477785146918
89421,59.76339893966711
44185,62.00331119800188
60281,49.70967380555819
87223,49.47778522560812
83578,43.623167116289935
89676,64.79479367116429
15458,31.96486298804785
20408,63.76330686784894
70508,49.59074598111053
55143,55.83254785278433
29725,57.3442985312095
97407,31.887588413233104
1788,33.725443443842416
32097,64.70588180289128
87982,56.646506023924424
58786,68.89464587343394
60269,62.15526836310252
7348,84.77594372071424
96719,61.858615387435854
66120,68.40601396349786
66006,37.28824484735371
100477,69.96251810480354
30167,56.42859998832455
35161,58.22201487214172
40492,67.92173073108353
60872,49.723382299221115
75737,70.80735123324106
872,39.26434185017222
88064,67.51458642483861
67705,55.20472334605038
30197,63.1069821639977
99755,69.44627242419915
100830,39.95883947975366
91667,51.844725613637145
52918,46.19709386014979
62459,58.67810866449329
25570,53.71000927177819
53821,51.434112568696754
56460,58.503627236832756
34637,11.245461400263855
73595,49.60427777990416
39216,51.289446105112894
39077,67.5174703056801
36439,47.994240339586334
50527,65.42966980446806
28543,31.963485937183673
78562,47.26561769867694
102001,56.177846558595384
95455,30.8952447629811
38770,26.164064470957292
48049,63.54431205158813
30012,50.787933647166945
78758,65.37532917074581
75385,69.41833861588499
39148,54.172819433726524
13533,45.29417841574675
34191,68.69897061240235
14528,61.98023500921705
82075,45.55665811182115
66851,31.75990276019208
4975,40.83342149164447
81198,34.90149155960814
32252,67.93522862246405
37091,44.813130481328535
3293,35.1656614550775
74216,52.7194267952703
87411,33.78651566607113
86807,68.64057832174969
6265,27.170983095918032
87078,35.443041573811634
75481,80.29915715655241
20978,36.76725531720893
89998,57.38424696804697
75280,73.14298396065702
68654,53.21171538113029
79440,33.317502620620786
84285,49.13783973556751
6840,31.30537122903401
49222,51.99523301196034
58683,40.69898872693848
34555,67.76475490968724
96900,37.26183802543246
15886,39.24243694721737
14208,68.9570531499
102671,69.37721022770945
81455,35.010757998832176
27613,39.579721081005026
7979,25.726203652573176
24484,62.25268839096079
90193,40.703106201585406
61856,59.71628008030338
35106,54.703142021979595
81744,37.67304557954143
44669,27.135045320355825
29314,27.72011617263752
56756,69.01858473934749
6014,59.85951820310535
55949,44.76624990091783
83329,56.68804850142084
34262,60.01243609063812
44640,39.91908604163942
27785,66.14327220162124
11930,49.78722533981706
48530,48.29932931654474
37233,64.24011049680256
41350,59.86499218055327
58372,45.326884719078606
79507,69.60738478774051
49273,50.203947046224464
83741,58.78180858693461
39739,63.62000272743992
46140,50.80814535007438
50169,59.19640894549009
48309,42.27659904340957
85870,54.52215511185533
59604,62.626471986580256
23462,35.88461591519603
76644,45.807511675859104
32724,57.334531538694364
102279,37.06553137347965
65065,66.46334349993957
92662,61.601970692826455
73642,44.11224774580084
89699,53.24168802641758
12085,49.01411544598812
77309,61.98868370998716
89722,59.93236396022595
23603,69.33191081739494
15495,63.49043056919424
63222,68.67980261826852
62560,39.48148692825626
12765,33.17572616165994
80908,46.35585899700757
28450,22.38924853358992
15344,68.6513871064658
82654,44.952431963656906
47991,51.74839109488405
55726,47.39163174078795
36818,52.5493100194542
55073,29.19931731244622
57615,61.79929072227923
48270,49.95627659328453
72855,64.79668660112519
37365,39.23076092441951
68955,30.16795949343759
6264,40.621271858173984
13326,53.77616568515428
25251,60.08142123148719
89742,34.374143927540324
16433,52.06653768548757
3523,46.88357864440569
48037,69.90374895562587
88094,49.90007205496831
34239,68.49211661907162
89821,49.47452876384543
87931,62.83871008496979
21039,66.30424543203358
94211,40.589627021100696
66122,57.39156108465754
57035,49.7192828185973
47954,49.4658848810546
53284,59.35339233855488
70424,58.219229388697215
87134,67.04732186093516
30555,26.374917981179514
26705,43.05021382900292
67827,46.29581285081977
43399,54.29500456861621
18826,41.88026957016782
85491,61.649602114565475
98760,32.91672494027771
43364,54.93267123944883
56708,40.802311050510255
24115,58.85771635392234
38269,28.093454336682335
89052,37.141981248297746
3065,41.2551123641728
22746,35.76811159853709
95830,83.2877133577538
76875,26.99557139601575
80376,22.315092839105933
58348,62.94094456697778
16559,60.79349434501594
87976,41.032801164164994
62069,65.31638496826072
56919,68.19642655647854
45769,50.58410129856762
60397,25.243840573364466
18428,46.05026586383916
82791,60.93938509100186
86019,65.42301148223956
61085,65.9608713596842
48680,72.18269307693136
23403,80.45031356454874
12744,63.292707525681664
82991,51.294362967994395
68038,47.00615808858501
99204,35.49930694694021
5046,38.36305924176916
74928,59.35025361862593
55294,60.42795955503965
34553,62.06851087640648
44120,54.792129816522404
36475,40.076582641846336
46848,55.14795943837231
49232,72.82286046732499
19238,54.55436590862258
91776,32.280659911508295
93605,62.32490637306396
54053,67.73073249074739
94659,58.972580706945145
92514,70.18393783890923
42228,58.002271120450395
9259,48.26791601328331
77319,17.894085969409232
58653,49.9422022812017
67411,67.88199194475041
65144,42.92275939968665
44552,62.60073033497072
73168,64.94313678734628
11376,55.054544276370216
53041,71.42291862408626
68558,43.52285619840074
64119,39.28019311253144
35142,69.86536340710856
55947,64.25129900886849
47288,61.1333649873862
36577,59.05755894445767
28835,59.354947705919514
53194,21.97835908418064
89643,70.42661108839845
55335,40.67862536087013
90732,34.05688464649956
59354,82.65723032828471
77635,57.359860907603625
37340,52.6174085542198
78605,23.49632265101023
45646,59.376460844556206
69544,58.35016225326726
101327,42.83579171928766
100381,64.43315875524146
23525,64.72294989610336
24416,33.671682367171705
63705,56.51708344707842
100000,65.68217261600601
14212,39.55043035073669
6988,55.46754024491251
22228,41.331030989536096
30214,64.90189732315007
47761,50.045020092374465
94164,55.50926923266984
100406,62.27026740128112
99133,46.077794501834106
7842,54.37289784581621
93271,53.31138353547105
2780,34.655561704707836
16044,64.93374503002664
58124,74.07308854886942
96861,28.088945227552298
24716,69.68098918623053
13228,73.13908104705811
36417,49.800533855917365
56285,65.67977466842855
63595,62.42029259750263
43891,38.21128085379827
98028,71.3265606060606
76573,33.93227431372777
49156,57.80346615154878
49462,68.65201946202583
6402,56.47667944661926
92170,58.983256395601266
93766,34.58159692969115
42278,52.8626709518056
75370,63.3761476037315
62615,64.36303920891265
3962,48.59688393099507
81180,57.55853960794704
99368,50.04975084982494
31973,45.419966681048365
57095,46.16738455412702
59175,37.71979380626985
80264,73.18335641158761
75028,67.49589493026501
59026,67.96446338076626
62150,56.73489781159321
81325,43.19477441397988
81057,30.231238373692364
56474,43.0144965750569
92635,44.72119232489734
50228,24.990186101523218
82866,53.96786685794232
34157,61.09477669704821
87569,41.46766965275472
54027,29.007726293925636
83942,69.14974932669425
65665,65.13218269201322
100777,58.82271907247747
10589,46.88904669579584
14520,60.36745266311205
38083,62.68663410298826
80726,38.314759623310465
27609,66.33274862212949
93634,46.90078070773685
54512,68.3933183799781
57672,68.06770713433099
53186,59.691741665438
7014,58.61243294641551
98362,51.04321741753225
19580,40.806151277421286
96611,67.68926411198926
59766,48.10689079964456
36798,28.477583129131602
79495,52.15095265632929
23277,43.3369825659196
22041,52.54949049667064
62544,61.25675098621182
10450,60.40983355798783
11259,64.62320686198566
40727,64.82663233384692
16280,40.24726488412996
40230,42.16582688980711
2634,31.742803058268436
78535,44.35773754481307
58364,36.68425384576797
47070,42.122104360704455
7657,56.244819184425005
99450,69.04549433115575
86076,69.18568650319126
7824,56.01380374413471
77440,49.69415993152915
77868,67.05144894029876
99660,62.32336782212715
88369,56.124216647377786
93831,50.70550913897953
73292,43.93833589839242
70748,46.983457885028365
87056,45.2075099693736
77033,61.617361693841175
66358,59.69567040068669
19316,80.91970634920635
5766,61.26909558275852
39672,63.306597635302616
16302,59.35266089019921
24780,66.87622109873752
72948,66.75243355788137
94228,64.61929474863432
5928,28.682241671107747
75791,24.316370685368355
2920,84.21657370110988
19472,48.70207874552398
54698,65.68585208789236
37504,62.281968510895005
72012,36.07969154002497
12347,38.84813812853631
26364,66.20757671002322
2708,63.69942712383006
26968,67.94580763682943
1217,54.41022249210612
96683,52.89068466584587
93838,68.38793237522601
36596,33.257552897625
91814,42.47538441755019
40212,30.371162072243138
51774,55.166654909495485
41917,56.89353710102504
69811,48.26644700464323
34909,58.27644604766328
74623,70.50831360359035
58569,42.80422619838164
30439,57.46462904378394
46162,64.80041461857695
37286,47.4027476457823
77558,37.353540509534426
71581,47.154378707504485
22760,53.23526291592222
6381,30.911171529264617
19958,52.217783031812786
5403,47.530054816003656
47137,59.33142530551953
78325,25.390285530205635
56527,63.78339557728837
44089,80.89597598260133
26354,63.16574607360709
73733,54.32837619646418
90191,62.946145964417255
69085,42.280754203362484
35820,29.550157142218517
89292,67.89095042745954
32527,22.00818991154743
82083,66.73469353103582
101416,65.92390093437432
78707,69.47050185048549
26482,55.02163315973954
98904,82.67511383284891
95731,56.17375525495976
58072,41.74037309440509
8786,44.32279831365331
90495,68.48888829065947
85718,49.74271072699376
37958,31.432700144443775
98665,62.68370461519273
36190,63.519275230621155
27464,30.7652274371069
9815,68.24498836620006
95545,35.93940987991952
94568,70.98966796810828
11612,32.803683444243646
93815,61.42248412114108
87841,51.18133177613335
99124,44.00801874026304
101559,72.53960282579901
67897,55.4324108696631
3690,53.95044541124247
81988,57.53988345844177
2471,54.08865057523538
6762,31.41534178856373
47985,45.81962138175068
83351,9.843697908323922
10626,59.32673883660898
31443,58.89983139805434
38630,69.18568650319126
83704,66.05280556519226
70591,53.11255125107777
5095,52.25345732673614
102582,40.557052278292375
77683,68.4871777612838
42666,37.364403312586425
2204,63.83260562067455
33418,59.36355261730601
67965,55.37782891265279
34534,49.14926336383219
54652,55.40125826990535
39899,74.19336463907739
72057,69.76600422474834
47655,68.26575929774184
59893,50.113036335928
101694,29.280964179152743
42197,59.75935100417392
54606,65.4609936797756
30809,59.5580865407556
51558,69.126999562046
35408,32.03368826543005
42504,56.882586470207215
27730,50.61123781476952
64035,40.99381354369032
59672,63.722139920340254
2076,80.76784548784548
83387,34.45798492271535
39819,12.688911234571838
41896,68.79998266918695
95008,67.25111554131416
54346,34.315240793504884
60290,61.700702038834834
74616,34.12083508026737
13994,77.07625424845205
25362,52.0896154647969
35576,31.720068365225334
28607,35.1577667008559
28488,65.03685566535209
90694,66.9534758098946
90347,59.959681567592746
11923,58.39349309421057
29939,57.030897143217544
42872,46.35751833878931
72118,16.38071462780528
100955,56.06132986510138
37299,44.406407796960245
43784,61.397027327118856
14474,41.69520524677821
77192,68.3772422775179
10313,56.70661799162257
20484,70.09176846062479
29351,70.06856326769059
17798,67.21221620880732
25277,51.300934194588116
97660,39.600287252938095
57995,57.84682216490777
63218,66.88842828509932
96206,67.3243532917647
52514,51.913348839164335
49463,59.40949185401372
82882,67.96955409627505
81639,47.73887809845334
29146,37.302918875671104
54559,54.53449777592333
77924,69.77730618634918
46940,53.869156116817415
60839,71.66852437657019
97256,44.52647019946001
57950,42.620101062614495
60720,59.11725314176404
56423,66.07795837825446
99929,48.40650368474864
71748,26.57256161236342
44621,33.91401953067255
12971,80.48375217563282
28137,62.35383497861465
99369,36.904912745123774
87221,47.7395205294761
34242,28.474416525713995
21748,40.76424158300913
74031,46.31235338538211
83990,69.28381165827453
43218,71.9742572086431
83266,67.37883540877637
31063,54.97716758260578
12574,60.62309939635667
6020,64.9406513543083
1584,59.50140942890374
81953,69.40610078881078
64659,65.99323993741552
52583,41.1273548640973
25935,64.886824247326
62887,67.19768749281549
80104,57.81469261810142
25034,47.46343183211661
38295,56.84750909136154
64660,60.0885591973713
17924,32.118684018079186
53040,57.09241797586436
5644,58.351518312670116
50866,59.81956529597002
92600,71.03243009112083
76824,30.08163501821783
32096,53.149346798200995
52764,57.8006134728782
69803,79.64131522385411
20572,61.076367667596124
89025,36.329994235763046
68865,33.10494803643586
16518,66.55235170689834
95624,65.67500776483867
18245,64.9447784446579
92251,68.59050386601915
42613,60.51020933002203
74999,55.86173975355573
25872,59.98932481418833
82515,61.92993495886883
12801,43.774161749624106
3069,44.65365581546482
71575,52.94759998989016
18768,83.965
53935,32.96200701025621
56792,39.9147676056224
21088,69.68098918623053
38475,59.877346525508784
29664,68.28460667758384
5125,30.419254910804366
97655,69.1923083434074
60215,59.15775882400223
95746,82.11849489869469
48150,57.34330890359467
17421,74.27921098673536
23547,80.07797596313509
47452,52.219635269762136
78763,40.609593876992555
22672,42.106178326168326
29587,49.58257877890122
38541,39.41459299975956
38727,56.33717857747457
48077,41.21689958256818
47382,66.18922782040543
83299,69.37444831726587
9327,63.72547304146664
75395,60.712845623679065
23580,41.89246286661901
61051,70.09176846062479
14308,20.0061279425352
53698,58.53322202092639
44235,43.04236615505895
20901,47.17895795643484
95707,64.36576040064047
100872,59.33173527068034
25311,58.232276944626356
77126,42.72045426265552
87660,45.769097768689036
81790,30.24342333655454
43994,62.96774634505168
42909,67.22887282978301
63923,43.1575487886444
59447,54.80356759242088
17425,60.939593475698636
84527,52.816400982842644
85064,47.06431408215888
68499,60.62422929310232
24414,26.6769948658163
100981,63.10497974859055
64016,59.92401849469446
45367,37.1650174062992
63727,66.31206023991456
89571,48.06021119733871
22049,45.36200191364794
25287,57.01645005071013
6041,56.449103829326205
91490,40.2080938920429
89829,56.78779538886677
72387,42.114461881381374
80116,80.76784548784548
57549,28.685613772344617
47744,39.0050663157601
13388,55.219616835688925
52644,37.27974582391644
67513,39.343512839028925
27868,61.934987518392425
46431,58.921064072736534
81255,38.140103176709516
21586,98.0
42083,55.764507984056735
65055,45.77430886625188
74915,65.87697441401106
17202,25.52080643840943
26324,73.14494918529108
68363,43.29857482362673
87743,59.992516248182795
51346,39.97186869927323
62773,50.743341042649206
77388,54.61194448646098
95473,38.2230566914759
76560,56.341762564776765
100388,39.23730293435313
92369,43.255512805550005
43427,47.731349326062436
60898,41.58134695169131
51975,66.7641802486276
25346,63.01004671317161
84202,43.91970103569695
54239,70.09176846062479
21801,71.96098072394456
56847,49.25587624424148
81728,65.59301148605903
99872,64.03891465522415
91649,67.72422294888953
63087,39.275699505647246
21800,74.27418174025198
66471,60.54326739067031
64234,54.79382605844714
2233,52.36602201806043
95515,62.27685099831986
13114,54.89191904845633
98270,61.02831448209868
50127,33.555388922226854
17933,61.04463055770024
72316,65.22673789895423
3404,64.56685527879817
70626,63.05538003002235
91125,68.85960528845617
88489,56.758715623664685
1784,82.28019198481725
15470,51.42049319404362
42854,43.06426226799461
94650,63.32553176122324
55905,64.95155782877242
3405,46.18903823361884
8104,69.38402108952903
101338,69.42242547045548
29756,31.69606561511711
29232,55.028524831275
97722,62.32039936899022
37357,45.57903155983122
83967,69.28393363028377
74167,64.95782138782216
74192,61.07739845342689
14869,20.426591891026792
44414,54.85722858750964
7606,41.54171329296781
7571,46.3832235488846
33468,54.54794689382083
68531,61.075949251873396
45861,72.3484342310522
52815,77.55092119324821
13457,59.52164981461355
16278,49.327796389573585
5748,46.21575311756314
94118,56.97481357552477
78536,32.16657013475307
14451,41.90677492845111
70435,47.721312739150925
43764,51.0715689904028
11900,46.49322650289118
65960,37.6345730956879
43162,61.447139635978274
90569,64.67260512530446
87530,69.18568650319126
94733,69.79650218632585
87668,31.689911835191523
89634,78.90358064214402
54494,45.1147834654901
83529,68.29003027733262
10920,42.69107457044133
88868,62.04351386522042
90713,64.49140668365649
25526,29.52783760438725
61452,32.624613699455
75812,77.56471600559821
19564,49.930878248030275
32117,66.79163248502931
28013,38.50099086176516
69778,36.77840873825333
87969,57.42471365211761
26525,57.68779149672736
87643,45.15498892802221
2193,67.86217319287601
100918,78.02166666666668
55623,57.06900977789159
102193,38.02572520227316
52850,55.6829632122949
19602,60.048981117887934
80578,37.30641897103465
94377,52.00922770217823
8511,66.09584092926268
13652,63.13662133043076
35632,69.84601092638927
58215,42.703550628178654
60905,57.65428678605801
21386,65.3864836768132
43578,58.28540865491359
8748,39.47055850266935
22989,69.7588935594713
33403,42.70234537365974
52811,29.78362596670053
77686,28.60581491373177
9533,31.198365483626265
88907,68.83341444551198
25587,58.03292767904998
46914,36.347977867838715
91265,54.23321232270414
28528,69.50303067107274
56567,50.77649828203188
40198,59.57024050937561
30432,31.875250753149775
86249,43.68107488329444
37225,64.20965171178246
57169,82.16126175922153
79049,29.28996820040215
38761,60.31101507943888
2094,61.254805991358666
80214,57.516541577524656
62337,69.59094448086165
35009,28.6835544284444
69964,43.08215485358497
77350,43.4802537095848
55770,70.26709455081675
77452,34.33079325350777
13436,58.944235427104
31120,67.15140643981495
27614,48.765753874764705
78762,40.71962747378508
44323,63.42837722405401
92182,57.74384987274337
98427,25.120200429201073
63946,35.963666028754815
42709,49.60337672679625
66871,65.35568101931499
99792,68.26234152406226
78094,34.27305113174669
1489,32.60345295155903
13508,73.91572588793636
11726,41.36508066040586
84387,59.53433211411822
94463,61.1177849573023
22790,60.24711342571552
8169,69.16782792167612
71204,65.2534329076478
9517,67.93302838747684
78494,67.9256983407859
65131,41.82970292875788
28009,25.270052093661047
65454,28.970282319726888
14312,41.8416564399321
41772,36.00449162585306
20859,62.391050743809885
26449,50.748567079670174
55976,59.364593109648695
47791,60.94727690053603
39214,58.94146691586778
82628,60.172223511312595
96852,62.786233614824326
37111,60.007767688590505
18287,55.713575451179814
68349,50.6398142934871
13462,54.266768248627415
29668,78.33583333333333
79772,51.77335874295149
83435,58.740015863515616
87464,36.65476572909858
102150,43.19182340632785
99720,56.698378273698474
19532,49.437492837335384
43620,58.70464067738008
16722,70.48753529830664
39800,51.415832609480084
19973,69.77730618634918
62202,29.481172262104668
78549,43.833016347479635
38325,49.38683803724284
64048,54.04711356687114
46170,74.54538730998028
827,51.91420791686729
76941,50.86378790958409
48883,55.739381993536334
7562,49.91786647630978
36815,53.229976348350576
47474,47.69546452685881
11105,53.43121654007849
24801,26.256861169485536
84828,64.0183363418611
26733,42.79046580533184
84765,58.857430028011514
40575,34.788205581100385
67323,58.89647333660858
67048,38.2307133150804
97965,45.07989389959816
3798,34.20727511850851
66250,64.06744658818141
93076,58.08295788875451
27692,65.17070849354069
31505,54.558619651491945
30706,50.01077062886731
47113,40.09689618401656
19948,40.539532540685265
16576,67.79488027506927
35983,60.89443094988971
195,62.400219055260216
23370,56.73725616933732
61571,50.128524991198354
93094,65.80082913103938
18834,47.566029768002316
33722,23.17996008475539
35236,14.97514020492997
86334,35.150439705870824
41553,52.00170035526983
77343,64.66087011718132
86207,60.75190590650544
27390,67.93753327240965
95457,60.77758894583273
9614,72.67936873009864
24726,43.422417648198355
90140,51.32776737102234
40591,65.20398029901384
9122,60.3462619428213
99171,63.84903868889999
42321,51.034522293748886
8647,62.44802663321675
14761,69.11822508263909
3881,34.94810794705642
93918,38.35363469979823
71695,57.03459919751309
3954,33.562375234708476
58422,56.71132571696899
31802,48.20287043757294
102371,56.604132405608134
13766,32.29262025002946
71002,46.38795748727127
71750,56.91006054261189
28119,36.70347396334001
92235,60.72716188559726
20672,41.092545869988264
56189,36.60283167323854
44288,28.519044243067878
24258,40.007774847784674
91213,65.33198527552031
67901,21.45240144116216
36780,54.35727337222296
9485,68.54032029245396
54134,54.104119075012605
72102,66.57536807846783
21841,34.46394518878307
88477,37.17643312332928
62448,48.926368220824024
43773,68.07485360604332
8461,56.734526032863705
43615,58.4665871581819
4758,43.441308189306284
1720,60.29858809890583
29179,55.98134820764004
61118,46.93025507755001
5198,47.24901038257537
18723,29.126792235400362
81142,64.71714237325597
46259,59.93785782234702
85895,60.6783435622678
30932,64.13321481242862
58828,45.53530642338344
10998,63.79039875991056
51894,58.683882710811496
11510,62.835788603592235
99041,27.49646711268825
71754,53.05150137038179
70527,46.08565342347434
94994,75.01969965259232
75394,59.826326053280084
39317,31.56120273660007
21026,64.60237368437829
75350,63.711686404552694
5961,67.60641806316362
56786,39.907924105335226
33331,69.5328577383398
37793,48.70567832158922
55900,25.524298378526375
46282,46.792978767668856
3189,61.526805087542826
91496,69.00204356934321
42482,49.1554153703964
42848,42.943360137736256
92192,69.52422892038284
70778,41.03509541535719
47642,62.22837153665272
86907,35.30890840138563
16461,60.277540691559516
69466,62.00098268607959
65411,42.842281905781704
70253,43.10076601437597
93380,62.545070225576325
42284,67.64281075262983
31759,53.24457635472875
99022,52.8893574196413
5152,50.23784749799163
4700,70.02581998691839
70919,69.82578479277909
68717,61.72095575640532
50137,72.08023329176957
40940,68.33685669076212
17821,68.79014172581867
77843,40.4142287971417
91348,46.061096065683756
39370,55.17735209489726
88030,32.00590040958768
87403,49.75411757785242
46297,35.27323346258984
26041,35.793017731658566
48131,69.09071869316854
86384,37.63238775806232
69451,59.565065787687246
63128,62.54325525453162
92214,21.337548152941643
16543,63.788678268918886
95054,69.75256162094075
79138,48.52266572681193
47980,47.45799990077269
37101,46.98870032431211
28833,60.99372634837153
54840,32.42610188445627
100547,44.15713528770623
36978,66.87110013630546
63188,69.54944004282679
35905,39.70352575685588
43613,64.60875752722355
6256,22.3680404874754
392,60.29858809890583
70980,54.5767136172623
26993,67.18963396091058
86466,48.48944795446865
49220,51.873281157478324
48992,34.448356468973074
97878,60.499580826227046
101274,57.250184863086396
91645,30.24096968260306
48432,73.3488949512768
10107,33.30645822353975
21067,43.80577774478159
20129,47.42067919346786
84799,29.136630417688014
98437,63.18371582667701
40010,56.17066937319181
55959,46.53155238758396
16372,56.18859547301961
46740,68.96124640436341
78004,68.76965471913674
12187,67.84929236578522
29130,53.02801926939478
91656,69.59094448086165
22265,34.03334148951809
78764,43.834284795651705
52376,58.83002888163702
65067,54.98326459947012
28315,28.094885199888278
33795,69.79685993359766
19904,57.10369441742656
79950,67.74699233411485
45620,67.59233019880325
23124,47.26789992207935
61574,51.34371465842647
72336,63.28202008462385
10061,36.473330421590525
46355,70.10672400626014
63195,64.88935015712686
89691,68.87766650203349
75242,48.84547506405346
71312,21.93341075972303
39445,51.58223537173986
98055,56.52945897298622
6527,62.31968362640202
64405,71.97491888439265
15278,64.33309703869409
51053,50.44068717227499
55856,45.8551855560855
53961,69.75256162094075
67600,21.501915234889236
30624,58.63281634515942
70860,58.75323542710399
73233,63.49071204282954
86468,25.256616922632197
98941,38.53832184788183
49593,32.07259098697243
1186,69.7588935594713
69388,46.29952343499908
837,23.0829842141014
39536,61.24799038006914
5100,31.24409993040379
15756,29.623087398432805
67194,63.533630471205726
46207,56.16925091285435
61082,42.60600123518636
28190,59.838927411476206
1670,59.90021441602839
58149,41.385846289026894
38090,46.011495287783355
71938,47.311119609663
89928,57.024593557248366
46261,45.987767068414016
14026,55.750443825635955
14574,47.17734417115463
98707,55.85657784426881
73379,69.28470509861363
23698,68.40627098253702
26178,60.071840389957444
21352,27.009466010763
50905,53.90172124070984
42445,20.197925756999524
23422,61.79144199110263
61284,36.96978008725277
92850,58.63459641408298
97357,56.88646153268965
18498,50.27075110988792
27103,66.57376014218256
93334,64.43528841679031
54215,31.38987562613214
20409,62.95046448977632
75881,69.39202745246854
9498,35.80107542405284
53185,37.23761533469923
3285,54.09234476986563
89213,68.99370152137841
92837,50.43509053837179
10566,58.07130077822245
20036,51.271603880694585
52311,52.15010639554288
83123,74.98050293237355
86587,49.86872523288876
49567,42.94981805721556
91612,67.73073249074739
34092,68.72988788411844
97052,67.88881580935691
15275,52.62343161203674
99413,60.748695447387036
73350,51.31071873770648
43301,53.85572850636376
54752,48.594178865654456
71649,67.0022926742674
82154,72.19815212268736
86357,47.82521688250172
4843,62.108900846094336
62550,43.047467061795906
74514,42.29180479158768
42275,78.48505246456172
50099,60.61297612668438
14979,46.69840031665306
55287,58.9889165225068
27365,46.04294105730382
35390,20.95440231741009
41248,65.39174412701102
50326,30.86835895300477
18336,45.473972696930886
736,60.613907943196466
3843,55.86077698792856
22088,65.70964108343557
94567,29.347076173338206
75227,45.856330735244754
2426,53.08688560548931
84668,61.789328630381426
3623,39.35302462764381
72820,70.33970499591933
8421,51.25096796037519
84797,41.3712073961076
85510,60.244133684292734
100523,48.134941690638385
58022,58.80295728008963
34558,29.845997113119353
98357,61.79852271865307
41284,54.54196359793228
59814,60.60549149323638
55128,40.23442576363865
24879,51.826772173836105
15262,68.06005617317231
45792,57.88068732719912
88787,42.503079510656626
23621,64.56948471208393
101773,64.72054479577515
32167,46.02143183665109
14716,64.8019032912396
55127,37.8545552086832
49307,46.348706497804095
15614,39.03517615885383
79393,36.86194864843452
67185,33.68920450568476
87176,45.80466606275614
32432,69.7588935594713
4185,29.959936167260235
20834,59.55084802597671
35748,68.85416019417224
26300,52.007385738215504
54288,68.98293516152842
42834,73.01886484794167
50179,57.5499379997573
15014,70.5640251508858
57929,64.76851990308973
65378,60.12479190156269
22898,29.319524078012755
45579,22.59229238745248
54240,67.17914765708306
86657,59.35878992331659
64685,24.67270736535405
62897,68.92144857823895
70187,70.56760834572746
99493,61.60402375556447
71992,67.28920021984037
73032,44.363934366981184
69937,64.31699340095675
96419,33.15358721853419
102,67.38320109572965
60603,57.70359020113916
35862,63.97828189294244
60263,67.96955409627505
62447,70.12720568912032
59114,30.819136203880372
80617,9.839953527864113
29771,60.47285328194767
63561,64.20840846057726
85893,32.69510931154185
59822,32.88929557035902
76548,44.10444907361593
92275,67.51946081169802
86355,72.58393725533745
31998,67.65963717327506
32878,39.07092503145857
97243,69.18307379674965
92970,35.84096194010265
13631,81.58134416395497
91379,31.792205311658414
2950,68.48361512027918
69161,59.16502649599518
14672,67.92173073108353
2110,59.20411349968847
11810,68.55516617581502
99742,46.67783376724097
35667,63.53176901133771
33835,42.28849005211594
40356,67.50169535709828
7323,28.24482204012023
78003,44.123985265794275
20975,69.4761889183046
34646,58.96475021826053
60074,40.156045198944526
61915,32.7869191701129
13968,61.35783845195715
64217,68.48368295139446
48057,24.789870239703244
31559,63.06651007711249
79613,57.513216716283814
77916,59.10314069870994
63496,34.36107859277914
85828,60.2567851312387
77451,33.5806209037715
74677,63.494729009796266
29903,58.96060584362579
31592,69.31512983313692
92446,58.32928335433789
88399,68.0402269771103
75486,66.20998473279849
57954,29.327609395903654
99830,53.96982912515763
761,68.06458072006771
53859,61.67460282596786
4083,49.279039153369816
34021,72.3484342310522
42675,69.46353532619366
11464,60.27739244434365
20161,69.01719215298898
71317,51.50490750784388
46978,29.66752557608077
6954,59.695431303053574
18453,47.12766584636983
90906,66.54241880396668
80899,60.28257156476093
62438,39.798793984238294
42635,53.98039360255797
83936,44.30684328248174
7083,47.00549745437338
37238,40.956855369860435
86550,37.53416235974093
28596,38.28809712141082
75269,60.07314912865634
20602,33.180137028817
66270,69.00517248631735
66530,58.90545130877192
94424,68.83255621573063
673,34.6350399370785
58992,58.69256313765621
3270,61.49868292334953
94005,40.934389821956515
85974,51.976490157676544
61904,35.124874907144964
29912,62.18033718713169
72539,66.5070087571361
80684,59.06838489079538
48470,51.42696160352723
12531,25.99891641865629
20359,56.74543398387855
72862,38.820137012111076
39877,33.46101200258974
25360,38.85112644838844
49717,54.874768221091884
17618,61.63182482915405
19855,63.44639399800579
43205,38.581434523412305
94177,53.446517918885604
65445,38.281019340975476
6738,71.017355722331
82212,62.9072934132898
66880,35.5390621222402
53025,54.392840677023
75501,69.2735925005546
63436,45.54120563580872
90599,51.0062070976995
54366,42.663319159383754
29726,48.233292999977955
13609,32.7474151937768
1352,48.575940457251306
96274,55.043913924968166
34324,63.07533792081119
7005,63.84841555266096
64335,61.50211323871361
67425,44.82296221774864
67574,42.331978178660655
64810,67.72974564500365
68110,69.28393363028377
10598,63.84334530133452
9826,57.271098067338954
87855,59.0939736421634
68221,69.7588935594713
66667,54.85822693977373
32705,57.033184237772254
92623,54.8823497841242
34939,68.84544319833674
95740,66.21311339690769
18677,38.19020605845483
63976,30.41648571757337
28566,61.85958418739562
28195,59.64650768278675
72088,34.14994356657562
79271,62.0868591104948
78435,29.246034837479826
92248,66.76445098284296
56784,25.781344934377433
50113,45.19618780803501
39227,54.10520718864165
15302,27.964137983494997
21488,62.04091260111247
62554,40.453185087438044
90836,64.43782056760388
27920,54.84144918645913
4126,10.628283754339948
76807,22.312278449122413
89243,65.39573107416636
74519,53.85463867531666
8002,64.20546701550936
37428,27.484323431991452
46524,63.73589575234087
99871,97.0
59181,59.77177506574087
7277,34.65906896020107
26543,42.71443196275511
6750,41.8029364233667
62696,91.35430083982153
68088,38.185944506946136
60635,60.20929130570487
86585,68.01505609712468
1180,47.75530518101528
42017,60.88749150871351
15725,34.17651487031826
46196,82.16126175922153
79612,58.43790524537505
44106,34.74993152580793
97713,43.77987984086758
101258,60.31101507943888
11513,30.074175797119175
96666,54.11739863088925
54816,68.07905877638525
101566,42.97482176777531
93857,58.057222328716016
73096,52.586568726183174
50056,44.06550049292076
34059,59.161042575297124
79345,68.47328440323425
82829,69.0693610737709
71793,67.22887282978301
94494,38.93912875791015
78672,68.71619567026704
16043,66.81128658306795
6973,44.336070509261305
98223,24.50285186589856
77047,37.51653432235192
39176,62.235885618372976
97452,68.3778150752507
25536,27.631570072323242
72503,58.47371859327132
51510,69.33191081739494
80530,33.18927873396037
5381,65.3336395096149
8325,61.55075009910184
82277,36.91286496404963
69531,69.68587777329877
27842,62.22525819675642
82704,46.16560759510139
70252,28.478087500747826
91019,38.17739024568083
100184,65.76641043733827
32294,63.86749663616674
71158,61.559142983826966
12362,28.92835391213484
92393,30.418483018370633
58261,62.84251588715256
32871,44.37772180018923
11824,46.94844084101055
68639,16.73031275550914
71839,61.23851937253696
96764,37.94883441242606
94426,53.78426868803309
41696,27.646388819934423
61608,59.46257678058956
29507,50.48654972595889
82290,57.96486246761219
80751,32.77248783401112
5511,52.806940643058276
10267,32.146337897496984
16842,43.18904644615402
84594,54.42839281930519
72421,71.017355722331
67619,54.70271644411669
28796,53.45104242153675
57374,46.396730268073235
89436,64.34264237111915
31877,64.3596123895827
67059,63.81487033385556
99090,14.982676644061474
87583,45.36616345464105
3876,40.08458263086752
35880,49.925644345180196
36054,47.50062776212905
41922,62.33679188458758
52325,38.40041832475698
88948,65.54158560483977
100299,60.77719460701843
50213,59.15299330184306
52090,35.25388999656264
11847,50.51238704535889
25699,60.68565737241994
50737,34.11251621733632
26698,79.96333923703558
73091,58.33879324803912
35151,57.768280673818396
101660,33.955805622394855
29757,45.385062711451155
88482,25.464261371544527
24604,48.67364676125113
92271,36.4095995215116
74805,65.55037147614175
24093,42.247287190038016
84059,51.50348574920602
98837,29.459390792424692
29472,66.0064033433744
45572,47.176950907155536
7313,62.80566165861972
16772,35.28446667592487
55458,64.48179201835256
68209,46.2415327184505
41710,36.40320524336916
87927,60.697078438274936
29279,52.069506408642766
1742,64.8109069861158
29821,52.721073391045856
31092,54.05962461696973
36600,57.226888171621184
88662,66.19992909341141
64823,56.424550635778196
92215,40.356219634785646
80941,50.111225153997054
52762,53.52107512007339
20519,52.81419670288605
42145,60.15797498373424
72953,35.539465125218356
73202,67.4599991325598
90975,68.1651598284882
16828,46.099973776500356
31039,63.455977001284744
61892,72.02230466662871
16707,46.63503363266241
8977,33.27892613517027
25366,37.95306289663099
61538,58.157044518644625
42477,40.87733472590272
992,66.55386161486845
67938,49.678964489462466
90908,54.25488684060803
73012,69.72972499486245
98353,20.364039697103138
102007,45.60859099750156
68762,67.48205814500365
66838,63.1310735640938
68663,44.2306079157707
17288,69.92018347826385
73636,40.64417132143458
47281,56.23485017622168
73768,57.436868374250324
67511,55.59060715054047
3436,35.40182162079017
53153,22.365453264945305
39623,27.464140547753075
58501,68.13228016991225
18535,52.81057596139814
15016,43.228242131632015
46485,69.5410873376331
46802,66.78812575642628
94775,26.972392545256113
10617,66.86837271852075
16444,37.36732188815161
28635,56.265427633411036
40837,60.686122931555204
53395,58.42752563892389
65429,20.982534536455063
14690,63.93060320954922
52930,62.03286834905812
26947,47.74551033882474
30727,43.21377380840468
37257,61.74975752885355
91652,67.42198595963167
34997,70.32730690825207
21347,66.23750414551722
37996,45.900370308450256
13096,57.54211720074153
5123,70.26545498625163
63082,37.440716870081
54976,61.91186988541157
77163,30.69132533789792
11252,67.66720363806259
56542,68.52341143018123
93665,55.52939888181022
101644,51.901425117398865
26029,52.241817107995466
7421,48.052577122324244
60602,54.26173665657002
59397,69.62947823165095
102524,64.04292948404033
61291,45.19947493567295
88353,45.47059741843768
66929,69.67215044941497
16007,68.33292941981723
102301,59.47119547510345
62046,58.764858294768835
65903,66.33258118480865
70701,51.222415018666325
21093,42.238766903063436
32239,35.200769189522596
17881,61.42993036170664
91876,51.04736568301912
94222,65.213054449233
15987,54.55633588119644
25387,36.946588060261156
43127,66.57402709194093
32277,64.38254143107476
88118,57.81598613651695
79141,31.759214108768443
56343,38.59228733118426
18866,60.989526000176305
28684,47.79949402129618
42019,48.06567042703642
31049,58.9918312738963
3485,40.85631963937272
47589,63.34886634514389
102386,40.22713075785582
93239,39.01278231470661
93435,68.82814525619366
57310,59.98444886821633
47107,43.28978632045113
63430,50.94871383742545
6627,60.66089903967531
73908,67.8770530740204
78186,66.2187155348307
6363,31.889864317445493
17000,54.6908222088185
86753,16.523809754423993
3103,59.5229131010252
48741,50.82256533721553
30846,63.57231126437309
68296,33.938076983102285
59153,41.69393811040839
92990,65.2767826429052
79144,83.70702824656445
96064,60.613486352173894
11399,53.9499515518419
92830,56.36104268558237
4993,27.15642968981751
85976,64.06434207726977
68032,42.80273161120382
99410,48.0938022572753
17490,33.58095598026272
8417,57.60981456559378
6665,68.18385343288972
47711,69.09071869316854
101580,35.000568999195494
40157,68.46741836242161
35798,48.250250900293146
22124,68.9045366751553
93251,62.50423553017055
42800,44.66305952060573
38128,53.64082781362651
19851,64.06037762840242
29493,60.78092252712061
51325,30.340331739252022
72711,58.7056784153894
29999,43.316502929859816
84496,56.4488432511767
99262,65.10300965986515
66535,69.67653536957741
353,48.73142108845609
43598,40.649290204568686
85725,68.52000997961255
53733,44.0916433092265
94760,27.52175186816743
47673,82.16126175922153
46135,33.33597717517464
50591,65.08182159226125
101999,58.932124246418205
1247,43.1694637079743
22452,67.5634960957507
47794,61.062332231031576
67460,56.562966649907146
2647,43.23064407338709
57192,64.41251583960455
46553,68.47478652543407
38476,80.88610914688854
38634,56.295678581035645
37133,52.79526721824514
72284,61.440041948219005
63287,38.70227887596168
87488,70.62528832064652
88826,64.33002405685473
7329,35.48383141322915
88992,50.61966366717252
3866,68.59340097936155
96011,58.93411070390936
20306,70.35338528194683
14821,36.29481424761052
59569,42.899664818956865
66022,50.66959726513199
77039,18.3941664718909
90332,48.447965686536925
68173,59.20855390179206
101920,35.5577807831846
75933,64.7621419221313
29208,40.35511365909442
58968,24.773505835130848
43704,61.90021821406406
51473,51.394791162531966
19863,52.71565640392681
22281,69.85119054270152
73094,50.9740320721116
1341,26.85546570809507
46543,68.0415794480828
23456,32.22248789796306
47974,34.1469397567507
92262,35.634164893636374
41073,39.5959775716177
59021,26.69510473676243
66290,72.81169183887074
51170,56.253518882674555
1490,68.28194134908277
42609,34.52599049904435
56489,36.25389584064584
60825,55.2418214195707
71884,51.20645227929501
18455,45.42030546652258
15539,83.90677061315462
93801,40.31993496873515
101522,47.953513931032674
92,55.33052675351406
37137,38.73276511528773
14064,55.05185699423092
42828,35.52579545257718
20683,58.02711074576691
48982,36.66596504251739
59483,49.18449423843769
67911,45.1734490655434
17188,25.681188809352065
88814,62.115325975624415
54659,40.26820227602277
97095,54.35309606854482
75989,69.44627242419915
58662,63.87969344247186
4760,65.6947777728937
71084,51.97451793276569
71880,64.12770660351507
6571,57.259602212969384
48644,69.05281625668648
62373,31.612186485218857
90698,60.418653104437844
79107,33.06404030263329
21520,64.73154419648077
83918,69.41775166403677
82061,70.64417126657963
17129,48.04329648387426
7998,57.57781297519747
37910,67.90229087798471
9929,58.38156445117527
31338,66.96921691727115
63565,67.72202596589112
6479,42.245004926108386
42,64.58062602002839
80912,46.799783586593456
23929,37.44412216844652
56060,45.704336038323774
68630,65.91936966407786
99467,45.528070805801
7413,61.828108032122536
101323,54.82485854436096
74571,56.82336059201013
84441,63.84301392831525
21647,36.45497296109347
76425,41.16611804755034
77011,46.85336608902767
35681,68.07466294960794
57735,57.52576271572213
8513,54.6518077904026
45223,68.30246576857807
25357,69.6531971480164
46901,69.59021901693956
17335,54.619176538376706
90866,64.65465688042171
17928,39.580122643253155
88112,37.52422553521325
86728,57.176318512517184
27179,59.69896927507963
28216,68.70659587343394
16666,59.5378841503024
63638,41.497488962900135
101769,63.746650993895834
76223,69.49405357876736
23803,56.813596442825016
29105,46.27459720674946
14633,42.7801252129739
51478,48.0673637514866
53692,33.426729585473026
74682,45.742560065701106
41275,61.977972213067325
50503,66.22782068053598
102528,53.7455291658219
16489,44.013277231349555
37871,35.46829226524314
72103,51.14445906248644
63301,41.34878906363404
22333,58.601266731153885
31330,43.170926224933
16193,61.04484335894003
70546,28.1993970782702
10207,58.98236682270537
17502,40.84719288447642
63197,57.476195888162174
34735,67.1966255078786
84307,47.55702015332514
46601,37.055098557169096
71768,59.96276208806108
44998,49.461652080474835
21398,35.17340931307727
96180,38.60741297770746
43207,62.441720657860195
100850,53.1370129156045
99345,71.86380526282964
97526,49.196884388207316
40187,59.21933551451067
44448,29.81448033265407
44754,65.72072802614912
17602,68.75877972702078
68658,39.12966099907622
49636,51.772997457846024
44218,22.738434012175247
30984,38.198873732535965
100170,97.88
22799,47.32904804104275
93085,36.065376069569794
58119,59.529020304502026
95924,37.7799237125596
101984,53.57219896005348
21254,57.17848070821122
71146,67.73073249074739
69532,44.80964943809824
6626,46.60402269644936
14523,46.111518187002396
1578,30.104008796366603
33517,45.359017939138255
693,56.40459775629791
37068,49.823398834187145
57646,35.477422763555936
96102,55.4877309818534
2366,51.083052389925015
50161,68.54732234529314
67593,53.7936355974557
30276,69.2562595729362
23314,41.871994916253136
98148,63.01127271989786
18477,47.63227866207196
15527,62.387452687249116
62682,30.487953526279107
56755,70.70319406788256
28042,54.99828006121652
1298,33.64668464569766
79433,39.7447373588195
71436,43.99444036418656
98435,68.85020364517399
42484,55.93954585752389
9939,36.937886133166806
11861,43.56092132399439
47190,59.906424604755514
71544,44.01894887355486
96734,40.16688401994941
7792,34.49045356256159
78628,66.82261960257374
89113,69.93513680909243
55889,56.099158339899084
90187,62.98047578182081
65723,43.71164026370409
37196,64.85712954874971
35171,63.523408761998105
39041,70.6171382979273
61106,22.45804813538304
65790,49.86212151590738
93241,60.864280097090614
29129,34.97966786557093
24098,61.439140980726215
66410,67.97658390069347
60006,40.602920118250765
84445,59.78648548655958
24181,69.59021901693956
72428,74.29363550784679
91009,73.46658333333333
89406,35.79322793571674
34346,44.57733100678035
77939,33.10953409067291
2891,68.12052866188793
17984,33.45269398854166
7763,16.09206806572387
47592,47.67714768864066
7917,38.154085234000405
51104,47.90111340413702
79307,46.00192988035325
60858,67.15140643981495
37829,50.00317008457386
80848,31.00813327824057
91723,37.650804356530564
459,49.93720854084631
23084,41.62842180419449
90505,58.38917508259324
63056,31.814548844128698
37555,58.60540132776285
41422,61.431410464014846
91903,57.24744487647904
10029,47.56693612649678
75347,39.85951904940564
93791,41.43054785247254
34447,66.24935216456737
26664,50.66912186953786
55679,49.40458619633651
53493,65.8206392719377
46193,37.35653491336051
81348,47.66122503744247
97733,62.92776931127169
14812,58.3772586545772
31164,55.97985527453712
38849,41.829611712937066
61672,62.86855789484744
22943,63.2589553915548
93856,44.91471995986616
87246,57.12268106742185
52559,66.67230645517756
70617,62.038348297350566
98570,38.632105210427255
87821,29.49870986252894
4029,57.983558826964426
30599,68.869948257747
24688,59.11170813666985
72064,47.823713521507756
36775,58.25200259157123
44168,69.44627242419915
100802,51.75167297127019
56612,59.16295042867078
78556,65.37532917074581
45869,70.7211450462231
47528,48.10969040355833
77766,59.28686883569415
62072,68.94254074610053
41773,38.623022334507276
45958,65.56584425316085
77573,58.983085994709036
69879,84.23395138410348
64558,58.86605401928455
6066,54.414191780931766
13090,35.047901906308105
10820,50.45388172857074
20525,41.150547685867394
85640,47.871004002430844
91889,30.308414272523393
65708,30.14856436819181
68638,60.63019986377519
65599,69.48011450248002
1198,27.670609555228957
70433,67.01102536548422
96586,30.02995311968298
61710,67.2920039598875
80498,50.98152152205904
86292,40.7631045714501
71345,73.45629941078802
19385,38.452595075312516
47816,46.880298572702216
93116,76.31025804375805
79432,50.81772520096807
42171,65.96542510217836
17964,38.07064262637302
5441,59.52195894172695
41315,46.70491434234505
98036,51.22562840737014
100199,69.67653536957741
89867,37.45592306181351
87649,37.8876986913547
66159,64.72005744015773
45489,39.869628862265046
58984,59.093845238856446
15294,62.3648301748642
68721,69.08577068051909
64002,40.88957840697739
34626,50.45183073749642
10471,60.694807107654995
20726,48.26469321937477
81240,58.45451567747262
64872,43.50757016237938
76637,43.083086374028646
10874,68.89213653378616
77313,57.737637508039406
68954,68.64968455157822
4274,69.06329663390541
69123,46.563059522418534
34283,43.886857443413064
50689,69.72972499486245
77850,58.44422775254361
8613,19.631554395089132
60142,46.45044006276313
55228,66.22698645443256
28792,68.52000997961255
86549,33.063236547717224
87185,53.4099580624006
46999,49.948295807020465
99279,71.017355722331
75823,65.61631181599317
42670,69.18568650319126
20870,61.207121845223284
44038,51.33732333907239
35593,43.74857466082457
93073,41.384708778167585
55934,44.431321066912794
8189,62.325846027956985
46949,17.277240178912937
69675,58.42117787677921
101022,57.630666326797645
24931,67.64457857080014
30742,63.71757352888331
53676,27.22755065261141
4697,65.57757275818213
59520,52.176959751581165
35738,54.50212644077452
27253,56.84359101298933
74221,63.14470560705916
100139,69.126999562046
67370,64.66200852503816
74254,53.35663198143698
54794,69.4761889183046
99758,28.70582888731198
48632,61.95384808609489
54778,67.28135113703648
74669,59.54654027191096
72795,41.95927436247066
48550,67.01524189888607
47195,67.74049044220138
59991,31.578746471513185
102616,50.9893540625881
16715,52.62074218724319
42720,69.73591020608517
97037,70.22251044158321
48949,47.35027823064701
15709,44.585265486897434
6616,51.657543456644774
62594,58.00419084018596
54478,59.44556885604742
60932,56.90732262885695
24293,61.7027017767978
81442,25.16813712473475
94558,30.180145308275357
50993,64.11316973434617
30857,54.57940679406789
50740,32.07515021391073
25134,62.987440898029284
70379,35.13440866524279
42399,67.21019181275298
49520,57.699670795936356
86192,24.131453728229086
77400,61.41649760471115
86909,69.97527464892397
76415,58.622253322145355
39795,63.57666201278521
84974,57.88175114668246
71100,35.973407723685625
33431,69.44627242419915
94665,72.200538704023
49269,62.004276581164916
31014,44.206105312778675
65624,59.17329271756031
27838,41.04056696970233
57072,55.36042052788104
67368,43.52098071479187
65722,56.71542317447702
97185,30.04690668798863
16869,43.18864016467209
22838,48.54353703921989
43683,54.27276422290226
10870,55.97688501913278
89981,60.47636217377177
79802,62.83480614087612
87469,67.90816369953332
100111,47.42829351153338
40551,58.15667025822236
56616,30.28908246370094
55974,61.75426039111846
27904,54.36522205718851
96940,68.4946680520716
12624,48.727499101235715
93894,55.77710543070913
28370,61.87100887374799
86471,64.88725143843781
71426,33.141885868764994
34120,43.24194707369601
75063,63.630087807717054
94685,46.08012230285133
35561,45.98123863115728
21688,56.48681774208986
18749,60.264042914476015
18936,41.01590261211484
101331,60.0885591973713
3807,68.97047009905255
54420,52.27239193114892
2898,47.13421905497508
89440,42.45249927990537
38900,42.261601100116685
2289,64.31727477480771
86825,36.10508873151627
66727,41.037901763166126
94642,35.55317973400873
70131,57.23715254993961
51953,52.78445580360112
44962,48.98388779924459
39947,65.9466853398617
23452,83.34392362098077
54570,59.1808251361105
3920,48.081123187013134
16079,58.02943848318663
47821,70.22763878647719
43188,59.07551185818846
95220,70.98181592757821
14120,32.7407168466153
56893,62.694987011359736
47594,70.3820142805729
33095,51.445594427568324
72907,29.866556266467132
88358,66.93438479814688
102160,55.251833133373104
64981,37.04558241536566
7379,40.722510927043174
3996,36.05445026109212
59050,68.05673636984686
17303,60.08859688803572
75153,55.03566993580443
31427,55.902543213313656
2684,63.79309275963412
83233,51.911582113691885
13665,39.23625708272112
49712,68.24846154138477
57568,36.88069911689844
80283,41.5870415762237
52145,29.26145580482016
22814,66.28744989871171
62294,62.30803688155964
86475,37.84106615437954
71597,83.98333333333332
65774,20.07755389819556
82199,66.48065762741413
64607,62.78382595188242
15171,34.561461349752
31595,56.02809338713311
92502,32.430483519451066
72541,49.97903059001782
2687,69.55598830630055
91773,63.44800526289081
49635,47.977083871873766
30716,58.708426079898
19746,80.36696428240126
16754,69.44955496270863
39198,13.467606750695424
9610,68.90824469163017
9691,43.32982395384449
10223,66.58783403827323
22144,59.316965796404155
61231,32.691811056760585
95801,36.80703348972509
37459,69.82368972985833
11867,57.88543711624138
82983,49.86212229659391
65609,67.79826973220568
69316,71.08539448918411
14400,59.01203668392498
56874,34.69892284982653
76999,32.10001107495831
24738,56.41542050298344
68571,25.192205690588516
95863,39.404610602133985
51010,62.090477970613094
66847,52.544664454087204
17856,68.48008934500024
84171,47.054665312002086
48472,38.17471218263258
16986,50.46369820522028
30968,67.82104699862843
27101,63.883491028664494
14737,46.37905122171453
94425,66.5350892551667
38739,69.32736275145487
54138,50.46420274784298
66989,53.9466651451409
81275,68.09888085298385
17221,60.8516839374122
54990,52.35749219645299
12543,58.72077535891733
37783,27.478962540368535
97036,62.8238895964489
98577,53.19893909418393
90598,57.10104765848778
28800,53.69735419487265
41525,40.59571853010814
42960,69.99789145106664
15103,48.021770711360226
68072,56.17227551661713
44019,49.03740063031855
97626,69.04337878460808
55357,80.98225000000001
97832,41.747678817167724
89351,52.06422840034733
87422,68.08931504925505
98951,43.01447850356637
55608,50.709091242015575
58349,35.21570824047829
12514,66.45108826054646
57114,28.428097532572142
41003,41.71710901549126
48834,51.477519639050286
13919,60.307540425800546
90144,66.39145180734319
62646,31.291740270203633
60519,52.356666671716795
52033,74.01011125116807
94607,58.4002282629175
36112,63.640289382867685
69053,60.374039069268974
13699,47.91451363330505
46590,54.63585202166767
15572,39.10978003647341
40110,69.1437231317138
64828,48.19980523003282
91169,36.31112693733355
56591,52.291347067449664
11873,67.23609612062418
3889,69.7673688152763
56137,58.648556849131865
28232,69.26837253068089
34317,55.03026083350261
73800,38.73205528746232
66756,38.25116570997147
60470,23.826608002036167
15983,68.53744022121455
34573,40.39795340342052
99008,48.23167448249076
37894,68.87869430138274
56556,52.542706303006426
10790,56.37574485327022
102298,38.324100798673314
24425,64.26447475087953
12849,25.44330080217195
42518,49.16995484687381
87036,29.730171342415748
23898,35.79642938039777
12249,36.6064161344088
27797,60.434397970010444
3387,50.719336303558954
88621,48.38093888594888
81789,37.573980172683605
28121,44.20643080013457
37865,43.02930492444714
5920,56.619669834748464
27489,61.86639984275085
14259,68.85319653462263
56773,63.99111335021762
40704,69.8006630385001
40664,36.83477873769565
65799,68.67834123833227
100999,27.37052192546573
21942,64.87994186419061
27477,43.58625726325219
14461,59.778214666055
65369,51.86023918846192
64848,57.526511128304485
71014,36.509796687003615
13484,51.14940914458258
83120,27.55411919035071
4948,51.84753452923285
21105,65.24520416393898
63895,36.99491781321931
78328,68.47583489027373
73162,68.0665523038876
22700,64.17919610622384
100211,59.38173281340826
81652,39.20487790678247
12711,49.533638907376464
64229,46.43059917307166
51477,29.48524026690112
41804,58.63281634515942
18825,55.90997619892447
68636,64.24653173517851
64894,31.36954547490073
90899,70.76044654927213
57873,52.15560101062059
80515,59.66837892369287
51298,64.2508650396435
36643,23.12107742832351
11657,46.03468406425625
38906,50.57607930499538
84677,59.19098716343078
9726,69.87505687681693
21374,32.1001277803206
32743,57.17190186926685
34897,42.10776855177102
30895,36.103649641317865
77632,58.70782531042723
29333,33.49605682790915
101326,29.19517171593902
59503,50.70173541252732
80514,51.241578800269274
46503,50.876711802701756
78757,22.069123726588355
33445,37.80880785225017
44035,33.04450759232853
4239,29.58023275255393
17341,44.28673373332949
24833,59.089393719133284
5233,31.762981799116513
82011,49.40272825698592
50869,42.0002783548678
66869,38.66253872293387
100048,58.76654589629712
22833,72.70368896446197
76993,35.10531940492496
53380,68.65582171375584
22140,31.166315445732472
41640,57.46222496978772
79937,75.6642497576293
15938,15.405682868173425
73512,37.7169988656007
56008,61.004563673124814
33306,28.139588782687728
4790,69.9238281262781
50766,65.3950143366817
93545,66.54245036483807
34205,40.71756454869556
71945,59.020982637507544
68472,56.921920691557105
100851,39.62254577465943
64192,24.814228594581017
33115,51.127263408528414
96639,31.865338409682977
65894,54.995675190536176
17897,37.78149120388109
38152,47.63261141097749
50214,38.66849215240602
77231,69.20393716263425
96374,52.71205321519175
51090,59.10350742460118
89522,66.88735281385281
13038,57.763219898348524
64374,59.739935695518504
18043,41.49600998387418
79765,58.91812434762859
53255,59.48100623068901
83276,38.97395947085688
85344,63.35107345734313
102538,74.45547741514878
72219,39.92499125807331
89660,48.61395287630973
82936,69.33684020710444
51239,66.66677004560833
27550,69.97527464892397
54782,53.95368146388636
61417,57.0578527133383
51035,61.64200577946527
16867,61.548078531673085
55200,65.87218068919893
27267,72.10829775282305
1704,62.90710116614362
49504,68.33210173958547
41095,49.10758620145507
47735,56.549784407426
48796,31.72420137706812
4171,66.29400210842905
73271,42.78536905334906
71464,94.92
30206,27.728198733158173
64354,58.11439980366968
45057,70.3145241006535
56680,44.77809882285901
38701,67.6476860286232
49377,55.53624132063459
18096,69.50303067107274
87071,52.26786917137283
38753,56.185796319415665
32929,63.97415077170145
50231,56.755441336196135
93632,53.36457575954305
43532,61.07349880797662
34946,49.14112396356085
76541,61.040037999116755
22237,68.50616596014042
2360,66.17134803560262
51939,42.67095993610653
100384,69.66110808652166
4703,71.20082961625145
78680,51.2403246262369
89728,68.83255621573063
1916,59.12326955279196
24951,41.43972794067571
92823,28.61143345844976
39213,56.99005865189478
49631,65.10210445762262
73179,44.17205731951292
87561,46.1911587993661
18344,47.43810702705884
84087,42.54539088388694
11581,64.95804909581234
54064,25.89746360732493
42015,56.6348648037156
22089,33.7105328093311
30501,44.00850216527946
1307,58.895918802259196
77978,60.476911022779866
38188,39.54949575911715
52876,67.89258473143079
49875,57.84107427151999
90947,61.69025365936513
21806,56.793898894696966
90404,39.12836920021488
7265,59.54336836949896
68517,68.52000997961255
4699,53.3259963355417
99187,29.846347682265662
43077,70.48753529830664
98508,49.38399807877659
19067,34.749469047967224
2872,62.8684033727084
3027,49.01330634527319
31745,27.11096896399753
90608,53.14264753538749
35139,40.27944028027514
83391,38.10814848465687
82962,36.637981708826
71953,68.86359361044018
83118,51.45546267007212
68301,73.2902748645887
97163,66.98752264878195
3264,31.16216950259778
46816,96.2976923076923
50715,67.32906276498565
100018,30.12733463962357
7215,56.00699015909325
3759,66.15892381160694
35651,63.2412006443347
45695,49.52085456230372
5344,68.5021990264335
20855,65.14226487151979
4851,43.020407617839375
63688,16.527381569259234
102545,55.106267472224374
60595,57.4011292237603
76681,56.26248560158377
12640,69.58403769465117
94307,39.06693711991599
70284,46.00723847408146
24062,79.17485641929296
102585,34.59440505598638
2519,30.84730344471706
23239,60.7119707878112
101395,73.17085641158761
96755,45.543261462389935
91622,46.38402550235585
95272,51.10398185180335
24839,39.35317321017095
52846,36.10290467594566
81686,47.33363723341685
76598,51.572885619176276
54422,54.5428993467805
59183,64.62044841789358
39278,57.86189077294431
38783,67.60358641402996
12237,38.01681520523465
2384,60.57859823979447
88076,69.04637847036378
8546,49.894206217489064
27998,53.41870846470924
43106,65.52821357411834
86252,67.56883744925052
24052,34.51316947004754
64691,60.565692679293555
94231,68.41146934869369
40616,34.93630244773324
93078,51.359483618253904
15134,32.35712940319053
36904,67.8567636578454
54879,56.64887999745274
73388,38.07096211939441
79085,60.8574847604506
64902,40.62602963500591
11090,43.9843099216616
82811,48.123918633624434
23740,46.67522213820848
102062,39.537320448599274
9158,43.34578617736891
39937,35.64872203568207
24588,68.65609044127638
69108,30.927796150169467
79424,63.16031209890142
57327,66.06294726079511
96933,43.27494734169895
77117,46.675983479371695
44781,70.59573812410711
91011,68.05481246386114
6495,28.284862241107877
37214,64.35034143427076
5592,68.28378194481965
54433,25.111745499031148
102073,14.96999129027625
75058,70.1284857004217
4662,67.84176087150638
77537,69.36289472751601
31590,50.31815615234376
50243,56.49662982140998
48338,68.59050386601915
91231,35.092326105506565
19313,68.34409856488162
11138,65.49239753387297
70924,64.18419267518466
98497,40.969978731839404
35468,65.46906268511103
53218,64.26761885066057
39337,67.06068406405541
102469,51.3870184899651
87850,65.58398525384104
12528,36.20984197278804
35206,60.73217377958027
14722,42.013365856707836
44766,74.88331738058388
31421,100.0
41782,32.859143926650866
80981,19.926811604711823
30289,37.59844052323944
49488,31.754062745867746
19130,35.11495947672726
47110,61.41427888996247
60177,30.703533470799563
29334,64.49999675049638
97046,37.17091839184965
12217,33.903474396946606
96234,46.296492279599136
38089,56.654698271827776
2541,60.2217967450373
44784,52.74060225721692
57185,66.04325157230211
92244,21.229693635923205
90744,43.46924305744275
90946,72.28418413123696
61694,62.44250514201414
82197,28.363336184254287
91395,70.79657191238012
42170,68.87289183215869
30409,32.67143991424139
16187,57.74666096841894
30207,47.574170614242455
44090,47.818859837102956
20578,65.79796813387776
79900,45.69660706364593
27524,31.95323887404778
75082,41.95387891841279
88441,66.4090410880895
44175,62.85112014438941
54848,60.7803101400348
91912,65.98766081234902
11354,68.75020623094593
30374,38.78298005884088
102195,52.63560874768005
92209,67.14481932308766
9980,80.99666666666667
5140,54.67155204928291
53352,60.49862918542175
19304,50.96849570530864
97853,64.29626416759777
57420,40.45139853913681
37521,53.40337290163524
47966,70.96533651816962
37194,68.46073318137229
96896,31.819304095146
61852,60.46511641258481
12126,57.47644421761564
70457,64.82663233384692
74223,68.20349710780778
53518,53.49002089605089
76926,60.804642575231654
64996,57.65465092528702
26776,72.38577008050845
55004,82.0125
82408,60.00541695567017
101676,34.413848406154074
61123,64.44574833154076
37773,49.78158760396181
64460,33.04545657751926
41349,20.028771274858137
54108,64.1984446598191
59968,56.63116813720716
54974,48.5019546582152
66424,69.07233778640409
74346,42.2011539333989
14876,65.31638496826072
60222,40.15604511676209
20368,52.52032982797612
14952,66.27874216125322
23243,31.997724083984753
52115,55.87101274884975
89267,57.0965190495026
37093,64.32400634111679
64268,41.56022983932784
45913,84.85562995553204
25997,69.1512418311905
18358,71.84180602441226
33571,25.838122592028302
36738,33.8918030804547
74179,53.26454253111306
46363,47.431819636892286
97295,64.13969194812437
23993,62.38598887474914
7653,36.86363816188074
52416,69.1510424264017
33197,56.259273156041644
72185,47.78781629350815
17475,52.143554484414096
81505,56.10917481554895
37792,69.08577068051909
23634,61.54405937031791
49570,57.72329729890067
3969,60.21815496566631
45863,62.18992523062768
27520,63.276333272324045
42796,62.457334899487456
14086,46.44120184270663
58649,69.3010927960928
86806,62.57644644175941
15574,50.5739826937818
14203,69.2947721457416
73016,60.57029016324466
16598,66.71577284628852
18109,54.54617224595498
58313,38.947358033661374
62822,50.46673106657581
68974,69.74052617547801
80722,31.64106915925218
78331,51.12856529113124
64470,72.36002641026468
29247,49.7224077406376
72233,68.65701752836361
86410,34.85062608255718
49824,58.263065304289576
99159,65.23192671579639
84485,41.331388116781994
45607,64.86836787853613
82142,22.00822433338004
40924,54.58769607929289
41322,63.561679629008374
25292,64.4277288602104
91069,52.61370904775191
93057,44.32313182918144
17032,42.001448668240954
99693,67.65963717327506
22594,66.85299942958966
4978,57.273748400503294
75081,72.3578294818148
67914,98.0
36581,68.18412496665232
25861,58.980203950633324
92724,53.42897626949018
96432,64.42955088074163
41517,32.04763999720629
36126,51.428503251998926
62309,82.0
17624,61.01998040298188
21116,58.99219672319142
34922,67.95254604037004
12208,61.71078057957763
28832,59.8665847417561
17016,21.02506749309223
7310,47.72668047169603
85082,44.629876721189774
2213,69.38420186049161
87419,46.83949175562391
93151,46.64867579718102
31873,14.987642794758887
358,40.325075407437794
74708,39.949952371441306
8145,69.96022139929403
98075,56.02736680424359
30095,36.1739343356802
52813,35.99131168882629
95131,46.6001987810375
83324,35.55143634931141
100192,66.82089592057672
47198,29.5194141525869
28886,34.247225999850365
66560,67.75455365304553
3478,60.116518360491035
100082,24.10490983071833
62136,60.48249020863101
71307,43.19345112169941
71574,42.86015322884692
2145,34.49461447046899
11563,56.419623086170624
82910,49.14603658753863
34034,46.89625720674334
59364,30.246961922517947
70497,66.10550921822211
68746,75.41169307693136
38643,34.8422778157482
64752,26.66250450986235
6921,58.54670216012103
32938,63.42549986658683
58270,27.438220586829804
17938,46.40192746069166
12164,41.61078697164683
87001,47.99256757200012
78782,29.444923247711294
12274,51.36237250808984
81077,41.321292294196674
25393,48.65844451921976
52411,56.209791315912874
16274,47.16243267714234
25630,41.17041243181303
67888,68.7327958053398
80600,65.37532917074581
97265,68.07532298141724
25297,69.71072544497933
60774,68.71619567026704
84673,69.11122722280521
89792,41.543427402733016
62082,56.941408614409404
81428,55.75443992794507
49492,59.69902001213092
33291,66.20642989106095
34992,49.31079140772266
57912,38.579210215229544
61865,68.30150725036799
99804,64.62954850989999
11057,39.46923132562275
47204,55.771714519450995
89885,67.78715699985263
87076,40.4089636784808
943,59.79289632864019
74369,60.01146074774747
15414,40.87895661928541
95404,33.42985092518233
33461,65.07814470854765
63402,42.772898009003285
81723,54.038531466352985
43053,56.2720625361761
55195,67.83839050136065
12746,52.824723589036346
94544,27.103418555167714
85247,48.54383335507831
100220,65.19489827461976
7900,64.34335400869043
32392,40.437486272970006
11169,36.35126768926934
13102,44.611149975797076
52368,34.341882723347624
20064,42.21019000892527
20738,64.43439586197063
90240,36.607000524472184
85051,61.54416860457884
102249,42.883443200548626
59420,57.14208008385851
46548,63.790197079776064
92297,34.372663527287344
48958,42.415673047959196
73975,54.99289127490128
41573,55.91325974496445
36349,49.70545286966151
95326,47.71602260584204
49985,41.23043565261223
22738,46.91652022817957
13236,58.98114470199038
94858,64.25218420131881
28944,53.90811072171155
87195,58.95134825846728
15201,59.45529832489729
42589,71.71993177604423
12600,32.72790043121796
38549,69.59021901693956
81512,26.751885652187738
66206,63.643043302459134
102360,64.26083510550248
35104,51.53706181164482
51140,59.19856446249793
5013,58.738162795090304
7337,43.490055236192084
64284,50.13352499119836
64727,46.40982624461643
47756,64.9827562099597
33070,54.94599372386661
36569,74.07664954875895
47071,49.45765259420465
54800,73.22879690661148
58212,65.3462220875363
43022,69.40610078881078
69421,54.43176668795467
33086,37.39472501025808
91813,61.81721508120806
36797,33.68028952659768
24721,42.67150027741503
70141,68.00571737896429
32016,59.056385940847456
29688,42.69089995731509
75626,33.76613667969617
60284,63.943281131665536
90294,33.80065825125412
2463,49.05689478601756
15838,68.87289183215869
73216,66.12145021211708
74092,63.642746320359095
46856,34.27167402129376
54628,63.82638496504479
50374,52.70584130916131
99670,68.21175813087825
35149,43.804299948926925
19447,57.54509730895959
39548,68.39659779046491
42810,34.8942294368657
51356,61.76052914086502
2174,22.877923892230704
53663,53.23196445856073
46593,67.72827697035865
7527,49.19702195713752
9952,29.94960742648865
94881,40.33236534016577
49729,59.0005588444601
85264,61.795267382262324
94299,53.23387513400585
26635,29.736812902316846
33,50.3663124623776
102087,51.91649922029293
56922,65.47693078265601
14261,38.80023511784118
32492,37.91502183214509
47924,57.56560528304386
83855,32.66044951689175
38997,56.71879627564627
31004,65.93421348604195
53715,65.13413578715017
18779,57.05684973357548
68805,30.778704058360617
3607,68.17311521848464
85932,69.41824414470605
95408,68.28194134908277
63684,50.84578835157208
80080,49.403025328253406
21032,47.45867762285758
73995,55.92749754302098
7356,46.947909818001555
72614,45.03756541147228
57290,74.08116666666666
90935,50.86744851723957
90116,58.190349129626156
50517,69.37801636207945
58374,36.94745938483356
97597,71.24302382478157
32204,59.697058574041684
15905,48.81652863214519
20882,68.85318554124763
38932,64.73084740710682
64114,59.81965654979694
78041,50.19166688222088
41313,43.82122618237758
33764,43.776853578401905
90716,48.454402044836826
88707,100.0
33615,71.18760899286225
23485,48.153800677962174
30891,64.98407832171878
64152,52.229910393216194
18340,58.39032589189317
73075,43.45947637245975
12258,68.58313812800456
47560,63.3305479968728
99674,63.828248148237364
18127,67.4396384537028
88409,60.75812630209678
54812,63.77465909869098
96927,31.326468388076428
89574,32.318761123762776
87869,40.95077741809594
71859,46.269112811553285
22,70.18393783890923
55262,54.499863214352985
5573,44.60218784628134
38010,55.27430067237463
82831,69.59094448086165
10407,30.63737687036182
32549,52.476580675936376
82681,36.80844238538498
76656,62.54022682853537
31147,43.862936371613344
6447,66.86699378802894
23122,64.61991807003683
50094,52.17660021579749
95732,65.88914786002498
46331,62.50022203263538
42737,59.009208745197995
3138,69.83764773311879
42550,86.9456163125978
8978,30.892556410102948
72584,21.076777519455433
30151,44.385801277518055
41825,37.275818480707834
3664,29.863641672304684
16551,41.004841388298736
27639,61.49080693494551
40790,65.02217441321346
81882,44.48846891644398
12603,30.158626660708673
12138,57.61254730000505
9603,54.68572630849619
81532,41.155258296257664
78255,58.571724057541026
54391,63.948507361386035
10395,68.72282144866729
6384,69.7401721505187
38119,60.64437406175385
32653,56.42013843927919
32216,56.56058676955813
14508,49.34884637986683
51771,38.11800612417569
38720,46.22012673552046
97045,66.96660099190127
58253,52.74073552183465
71276,22.613176996425924
72837,66.5301531806676
36917,38.359924310001205
19731,39.21091471091173
4165,38.575021035268875
62710,54.74880800241195
52660,68.2607744165943
2752,17.06604966810907
96403,59.536277980086105
15379,25.039877619388044
95822,31.7822359889533
51151,26.714602474323055
21583,47.2174599802414
36985,35.19558471742825
76462,49.380395493687274
36661,16.35004955761574
90966,37.535424346160205
58140,40.41434836402835
42396,69.41411773421311
59203,26.209401363520286
69240,63.511296167326975
27134,46.5122998513672
78453,43.67357313051864
606,44.61718354883762
56479,38.34797690304582
92254,45.327665088661746
65847,60.095852281755015
100279,48.92387122635959
101654,54.12212621902114
4651,31.16638328721137
83364,72.22531016303573
29085,55.30731229334911
55269,27.892322756981397
78683,67.78554457780747
52867,46.0138993980644
39566,33.7675597715635
67152,62.67687756089608
96248,65.62485422946557
80642,71.45504202739382
33908,24.812377608540015
6930,30.851268927025732
43877,38.122716916883704
50545,54.77421269222386
21780,68.01011944071152
52180,63.3853893160564
535,33.759183581941414
34142,57.06011410835819
62634,38.14234913372141
22148,37.197682772298116
85583,60.41895138157289
26712,57.650319738048545
99973,38.55820248517488
15985,70.69459043156655
8241,55.93796210491266
19856,45.055845384573225
20598,51.83570674750872
67875,32.94250018503483
2428,22.76841322004607
23742,53.660887259927506
70761,68.24196621905962
83152,55.484310492150534
80757,33.01171698979715
95033,46.22990579624571
16943,69.31547068256145
101382,37.34751259734768
58635,47.67719782872359
85062,68.81990424550506
54736,35.806555789985374
7150,11.13078011393975
95317,45.768036140417564
3353,55.80753937725648
31165,35.736962628287095
5995,65.38415029240467
100148,32.733813475866924
92534,71.28132261355736
81232,56.25242151372848
75636,72.13235974359802
21765,32.715083532076584
92593,49.92614453910402
12724,62.3070401221011
39321,61.699179494683534
63870,38.042537208165506
25103,52.24758551107289
60735,41.52312386133592
3811,48.844403896798795
101524,67.86474191122184
60857,35.0917847406395
83882,47.372872458310056
32181,49.41012009787106
89813,54.67478746312264
79845,50.39557464702043
58446,48.401082242578894
7818,41.48180325431953
52314,21.83692459314298
36919,59.94186003196698
32160,65.86876942776763
38514,56.906338879028006
35066,47.428850685937476
90212,64.31848825395763
50930,28.38432578447555
62906,69.02505766833733
63958,64.30311650205799
24735,65.50399173422136
70666,61.53523115819345
97846,63.1354446486409
4177,73.02408480099315
28451,57.36317083017349
46615,68.33412317877976
58986,38.68605679077505
29297,68.89464587343394
15338,58.77532402249139
38313,51.93242821716828
87503,33.11064230874976
11934,45.6980354609367
73226,52.910946211859034
92870,27.363833561914237
21917,56.039347247774515
66060,52.46569448824033
31564,64.13282274818104
88126,40.07917490994053
85220,42.27092100400182
4636,30.449644792052414
73354,58.024018029483166
33368,32.97771939230768
62539,60.33154248853366
39013,67.29236145434734
62076,40.59135605203811
3466,28.577787260923834
61381,67.4599991325598
55960,58.571132018012165
13467,64.047166512808
70495,64.57639728151045
77733,38.33313389115211
85049,36.268770296857866
79690,41.19448242412295
57134,73.16314280877778
43338,48.64264750222831
88068,60.445667530488464
35535,61.41215709683303
85054,84.85562995553204
37741,61.028735590633495
33752,35.47883750596872
3240,68.31050308037992
59829,71.03243009112083
33103,45.362002489174195
1643,34.60916148457967
99748,42.96014853889299
32903,64.3315880592633
46682,43.170038653070414
51633,69.87472409776136
84881,37.791885451225326
504,73.3116107809789
35315,55.97757740776919
42877,60.37493463003881
42965,98.0
16977,55.03920297070005
31642,58.16774474460617
14150,26.59698563567413
92991,36.16178349545229
55206,60.449400008895594
19879,67.17274498260042
57243,47.90479442517396
8619,27.623656754190257
43640,58.00621994249637
8846,64.47279348031198
48462,49.997502354982124
82131,67.72974564500365
61006,67.69977868835825
83016,48.743611905788406
46172,68.44500194464199
77595,40.892780881279506
3276,46.705073706209504
94218,36.31720050084677
84903,91.35037226839299
37259,49.31721728662621
22260,67.08447768525966
60156,44.756845488977
83107,47.712546055610716
4087,63.46663700207808
1954,49.04703321106044
14723,33.34671147700914
33405,68.49754089996446
30350,41.592209984770186
82833,40.58570854486036
1823,40.57395967209789
38846,26.49177465847242
6403,34.244788487573025
41786,57.628506387906434
33887,61.40139790134043
83098,50.62490418907659
9356,68.16975555230613
97974,84.85562995553204
80630,43.3732851992415
99074,69.87308826840767
15526,47.753201496457905
39545,32.68777059105728
88821,44.20967961486424
19457,69.72972499486245
88988,37.73492518164845
20752,69.12129091550354
87029,56.208228580761016
22907,30.657473952734946
8038,58.80642049561237
98743,46.032841498619625
30803,55.65366541808728
11802,30.91421188444048
26661,39.8204000948739
66493,39.292571958549594
20267,44.52033025756073
45108,38.47540583470251
95593,65.40663153137233
5865,41.87935453947115
46410,43.98317923609869
45962,33.02446575266191
47610,59.004817605835115
90274,57.20942996543342
548,43.242591470760836
95671,69.55521935613093
34574,73.58988841690186
53408,69.50517538439196
96238,52.50043979114372
41561,69.01961874082913
1371,69.15671646211203
68995,50.21839757155119
96317,28.16480062687978
73309,44.77931567812635
70414,42.769659682892524
100995,51.65933944450219
50639,50.19376071685205
35012,48.804221294623105
24079,55.135112166977564
58309,45.35551558247761
83146,63.80834539309551
33899,54.468224639575304
92528,44.1600968413424
38104,60.92050981250483
83242,51.176986738816055
97952,54.56396273045115
33427,43.03677155093562
102292,32.60197664765916
28368,58.57987615097457
12157,57.36448565000273
42784,38.45575606193142
11156,60.88750566307838
51017,68.28541989190725
46569,65.0187617696721
35118,20.63116910193998
55518,55.06135495650572
85326,69.15512451621936
8816,53.5696174927163
50401,47.42780806763722
50856,62.96017620063826
92545,67.5190246829393
38973,66.95745293831312
95897,59.052044396331475
60736,61.095575226284375
50397,61.59582128620881
55571,45.497733233501
32665,39.68592381125061
99293,70.4259951666475
29167,51.15787305072022
22742,30.935171700568134
90560,69.7588935594713
78369,37.577331420882615
99697,34.89044268899702
45224,65.55556391181074
86390,65.85985288432249
76809,69.92472409776137
89721,50.663375622946816
49255,65.89830994069568
44667,57.766446435157505
63507,48.939158606189494
85663,71.38979512799405
37757,61.92808537841932
75041,68.0505329359891
55024,43.28611631560361
13460,62.9645720866495
36983,69.5402885548164
46226,59.83912049191884
62545,42.74731408668527
101894,64.17773602649132
42634,51.343604023909336
99247,56.10130342622929
52690,71.90338920802016
54820,45.35946127418104
54502,69.97527464892397
84464,39.19636336245766
55937,30.505464011264806
40275,49.5776040310204
26549,10.401831844619334
27353,30.52221660116947
46719,59.40125950796084
1244,68.51220429446103
61253,63.765570408681185
10495,26.443052389636456
26422,55.01777199745886
44070,42.88235477831653
27694,52.501831129300534
18172,57.97601845173398
80736,62.591097209855334
101054,57.70636468033691
95258,69.35910041026611
13528,35.336662323472716
100452,40.64122132255163
60330,35.783868483661436
57624,62.904499017794286
96287,49.57990536789552
61844,64.00073844565917
15744,43.52370738267641
9277,58.56022655783734
9545,23.345101654492996
35721,62.78042882330378
13771,49.298151184082435
55694,27.49428851012455
3731,56.37560760018182
57448,69.62908158206875
49321,43.060443393502474
84327,41.029824975262684
86267,60.45417814715031
54825,28.51646090728267
29072,61.58889277769646
23786,71.074225299981
71177,54.77147628638135
73617,68.68312837393529
97393,68.47837300410463
96246,49.23926301121076
21878,55.15975876643385
13025,68.38311226874633
54254,51.088034154416434
52049,68.2244058164045
73723,64.79013701838335
28782,69.41633674446707
22960,78.60401270857932
49558,59.18141967116788
19299,40.06554281481373
81579,34.476292821872285
87943,45.62431888524047
55467,33.772102098520534
9817,42.87791317611046
79023,50.00001231297929
23425,68.11241014964226
14863,61.515169854932054
72817,58.694797175823766
38423,57.621418926183324
25240,29.042322053802213
41411,33.76331943882036
28055,43.77414242341907
50251,55.14460468446438
20792,69.2433454079152
28470,41.30229787527046
43796,58.57699758046937
75215,35.335966264295216
10234,55.79503214515103
67713,53.25233981422425
89081,33.75193083103363
34284,49.66414997003695
21082,55.05288024310012
20422,27.436632481331802
97831,31.06920654482203
25136,24.183043838773106
47465,50.07935948673832
63517,59.261722233464155
52828,62.66844588650942
33842,65.77975387377006
15794,55.922387077383334
57728,49.2838572020421
101714,63.92855451069207
43321,72.58252378336893
21532,80.45784548784547
20676,54.28991416716145
77524,55.15990364003606
36023,58.95827577814678
4252,68.75718028802025
81750,28.613446388298957
21404,68.72149707889383
76924,58.79515966852826
21007,31.66154049649478
24350,71.25266293570145
84757,61.73814302023342
71137,57.33062422177123
64623,67.14481932308766
1026,27.67106664136163
37970,56.00311128601054
32298,64.37642481779058
1809,61.03449461589866
19540,62.224918758222536
11142,66.39673566694236
99885,25.86539767234032
21409,60.24262100309932
25700,67.47831510961953
10769,48.04855070890706
60730,50.97719762400962
93248,57.4150191711999
4497,43.92881625665279
87382,49.90664298251599
93992,69.50303067107274
50885,40.30357990307995
24923,58.9944477615319
52135,53.42150020420262
94643,58.47495717240099
79427,63.13714496977336
31631,42.953031497922964
17805,24.220998660751803
6981,53.62003820457714
13911,59.24077268376005
12269,33.71747606481296
82418,27.718483171379585
5051,49.805260135038786
227,57.16512838806904
39132,42.488974512750964
93960,26.481405148468024
73643,47.98525917415064
37817,39.30356220450426
60624,55.509353040018574
9184,49.0452137095821
47460,33.81842036830682
34256,41.84754825666447
34122,30.301578310945533
66446,48.074418762397436
5263,43.48035239888759
58722,48.75603219544394
22204,59.699731178915975
19360,52.05226611037499
90692,65.141171930068
83962,44.879897285394584
49055,44.53833372346564
82064,68.34016961954637
62603,31.838500265910856
76023,65.5921979636921
1840,21.603823553840144
73957,53.11169163214266
49242,63.62799669018962
66548,67.71106681474953
24490,38.12029486577596
78952,44.43985766375472
44465,45.630769499079605
9468,27.627443160904622
42748,67.06184785187656
36503,35.21297239181959
38407,63.04341427496871
80522,69.0601126836373
81847,17.149138595914927
17497,53.423783748035746
61517,59.3229219715223
18254,39.653003423441696
59121,56.52928695440804
9332,59.172089294904225
41597,40.74184743133955
32574,58.365107253577065
50839,65.58729080878487
58664,56.09990573785155
64243,64.96346236462436
59325,53.020944983721556
3826,61.776347307457996
66073,55.76381369244811
91224,53.98494616595806
26097,30.37658385445247
18931,41.86291638448049
54648,38.75128068866099
48814,52.48468457494443
25529,54.78881774172475
15304,54.26619879693293
28222,36.296087494834346
65580,56.29554121375542
66126,59.451259531203526
82314,49.011471724306645
94063,68.82765012359056
64464,43.13681044027192
95395,58.872998411692805
19400,36.09885782409292
2941,69.02505766833733
39151,58.05747042129191
67168,48.442959664037545
1256,63.17475170809365
74548,58.231129909146794
96616,44.607780326464436
27448,61.26893634261914
67020,40.40365423253596
13079,55.0709359979502
20788,41.841679802597966
37691,39.83626399749309
100028,43.18429873729838
65162,61.93502572274681
16492,65.10805029529268
19906,32.99419248088857
60643,51.64430356252505
52946,64.88208101284351
88425,59.39514778400234
25623,24.5923963754334
20823,28.949952810613237
93029,58.48666724093928
66133,36.098632139236905
99151,57.16742037890591
97919,49.45255872489594
14442,50.4223431335337
23322,42.6491760429857
8702,39.98735595878966
12162,61.26485663937966
75910,58.24072625234615
82857,62.332079441331935
25831,30.82552982067937
97600,61.936944737384
44970,60.64437406175385
88763,26.82590589991054
1335,60.80018658979268
5987,69.1025293959159
84098,61.384326995587344
98746,69.25075315817868
95959,67.98800590899253
22404,64.68941463851189
44816,59.57348547899337
24897,50.05501975051757
51426,51.60030749583487
12617,52.8205297870074
23654,67.94222648282948
48735,65.48156283073459
23130,29.88205717039426
58384,29.73079307109413
58917,69.83764773311879
16148,70.30382503515081
25844,67.30564637553812
54036,30.451644083633358
100778,40.304890736023914
91796,60.39372820460901
29331,83.24934621036171
23318,55.59948188567009
36304,31.315499801389002
48317,69.59094448086165
3669,46.8850790370435
96696,65.7330028862447
7226,39.54747746034192
57485,61.705201362623995
55264,32.2800055167849
80480,51.25218809937403
72979,72.02253396171052
32166,58.185387128444134
19660,53.85547779835103
76805,70.68008333333334
64303,65.76492849039595
57966,67.5712559666074
44615,54.048055443806916
44251,52.21882636156939
95857,60.50633375605285
23999,52.8033962488097
35796,60.08089911782335
88796,25.659890722962
16418,46.00531981120346
94499,13.708565999970045
96022,41.78342629155577
37255,54.47067970398082
99453,51.22021531789766
41074,67.57787345349465
9981,56.30860244355174
24850,59.15656324778314
23673,34.799397855296114
8943,70.12807390310635
92684,60.23380131906066
83244,53.83229154991061
33949,54.33280243274291
713,57.81090453883402
100774,49.78289394618089
78115,49.37789898153961
12629,39.94500037656991
95307,59.025202700658554
72898,62.07357055758552
10134,52.706303325099995
35630,48.19045121400272
17911,53.407844504010974
86189,37.9825982433922
4791,59.296961790005724
72552,63.4296257037187
76515,57.65441166923899
50448,69.34111645645199
10239,54.658163692687175
7026,47.50169017768892
45817,67.00421675211899
8963,32.58273046688313
10859,69.87505687681693
19605,58.82605645480143
47509,64.45318750377048
27418,58.701420596195454
38544,68.57045304345431
94883,32.34112407618388
94014,51.107270832127625
79778,34.305401052879745
101362,38.61137178049509
53095,58.55475167531101
65760,54.599332795246895
62282,59.86796952411727
89247,59.51779807373832
6632,61.44546099021854
45385,46.2230579344697
73465,64.00711977815313
99455,53.277880155072225
66360,45.75767705499721
101589,54.461908888031566
17304,68.89829344653828
45960,61.785500966131465
18551,27.44649743953216
101645,59.47119547510345
45802,38.98089198314169
20521,64.12354305427394
58959,26.227759957335078
65045,56.246365079365084
72496,40.27058311491603
36402,65.14104040717278
25815,52.423087185530484
76702,64.69541949039241
84777,60.77812733182912
30356,66.29483739444089
65815,32.31318354075186
4147,59.664249684321796
28384,63.92102859702219
80942,64.03217519383334
41797,53.2623892578249
38925,37.50086866948843
4785,65.71389236082786
15536,39.638317432349055
66949,48.73979387013895
24614,37.888610647646445
35712,27.227803868649012
37917,40.65193272251006
62321,60.942316187579245
93731,65.08323544861288
18212,47.388973374113476
36296,73.23256499509631
95639,35.9072344854582
50423,52.20263952892191
13920,71.42291862408626
8458,25.26000824406567
51026,69.04637847036378
40103,70.5958440658705
832,91.42171855354412
69312,55.02365372046624
3261,68.89810720893621
58687,36.34995287266792
31480,48.22629315795597
26949,43.97753623378961
20143,53.97550622752675
11805,57.488662876371066
16149,66.01196990023347
15022,61.159509677694956
94814,63.6573404563331
6389,69.83764773311879
75196,34.19521316623771
80169,59.40583047542838
95553,65.0187617696721
46798,60.33332077512906
100177,38.52565360761617
86560,70.6171382979273
64830,67.05749939182795
44056,63.06493706299353
39231,59.11084587211369
30613,50.575990864725235
18322,42.062299839382874
33215,55.01037896761565
79783,63.60230446978193
9577,58.799551613480226
90940,38.16661044397547
101547,62.896822304152735
61111,52.59398049552141
13640,60.2260060728406
79012,55.520257286073466
72937,68.44309697585781
66743,70.01519510208016
77405,29.926291126680873
7174,59.7485986036521
44569,69.2947721457416
84144,65.45851607115992
1818,53.59239082518697
8148,58.33446396353665
41916,43.007511721880576
93659,70.26709455081675
96957,50.05485198276838
43839,63.60562414600979
38048,68.85256928941311
58629,37.04505351436153
89380,50.652691912063254
79860,67.44742838167888
22125,48.970070874696646
46845,47.447563963417494
15872,47.16080861524808
61708,63.35447757969249
51916,71.31781457781432
11968,65.83747608815074
4961,65.54127948540491
8549,32.77370446786435
34309,41.105118011009225
31457,46.450800755763595
8050,67.85113257369382
59488,69.0693610737709
65896,74.21619047619048
71621,45.543853636078495
13842,47.461371367580675
84004,40.45062037928026
5675,56.20714357501636
92075,59.535029295724314
23801,26.471028903865577
87611,67.63245720344385
11868,51.5030989144233
27411,42.71659991002331
100809,53.333588520251745
1068,45.199728596451905
86021,59.573526394092134
97705,73.26985281702349
84822,69.94844792514516
102058,46.38126197660211
32295,33.54872754542716
19214,54.42555316251382
8822,33.96971258725148
68006,26.745021427002957
45670,33.80453536962852
41815,30.377225005878277
27702,67.5165958867596
48091,70.82683958467835
68025,59.90021441602839
98685,61.88908034968827
26867,45.01068502648779
33130,45.13285960308909
93033,37.494819834404915
28409,36.31174840657772
97750,53.15361376544142
32716,27.768971029088704
88377,42.7438897546933
87899,38.80748019408924
45390,69.46473049848865
55993,65.87021704932245
81905,36.51975480706016
48403,66.90299051044312
39541,51.63369766607488
3997,39.340006153118026
50599,68.25577748902438
48078,66.68882311000098
100602,73.1547955300453
79666,46.5440925874795
37611,38.42443724142059
15231,70.69459043156655
51276,55.7726398141004
12973,50.86813556415716
23188,76.68658641480627
88061,53.58665887770161
55130,69.77730618634918
55029,25.105738117912455
23885,62.36056161190695
68066,41.78796736151341
75352,36.92810895838914
48058,45.20060650900039
50288,65.9417030507936
50879,61.71502250423009
15714,43.257253362433154
18869,59.3967265906613
98165,70.6171382979273
58070,40.97577131900181
93199,54.66529656302965
37434,65.34247907759446
83089,31.89295642008793
98898,51.50644986474504
45632,58.799140406542335
8348,65.44800217157581
21419,62.015626342341484
26342,56.66005904019572
101405,43.787243579790236
91794,58.21684938436058
18112,64.51158653303283
86497,61.36183384614148
64676,53.38912251892707
49766,48.176983051625136
73683,34.96257418249363
101532,57.562365559204885
90631,55.32274020564709
78107,65.04695965844444
71710,38.7613189990367
97293,58.27835951042412
17230,46.989881755457276
50706,59.26985058265699
89841,67.78135452049091
95973,38.147907093714466
70727,48.62279088332547
17213,62.219702587562224
10103,59.19171646550353
87160,79.69335951995473
101950,36.13038094718089
28995,68.48361512027918
23888,33.12026750198604
71797,60.631128846760674
82355,38.09588265320672
60656,48.15030528281824
32581,61.86995770280173
37879,68.83255621573063
69658,61.24126417198604
8183,68.01318245016795
11976,36.870039324110984
7559,33.9437656612938
53556,55.280261666064696
81860,52.90116882458343
27939,44.53745932965417
59102,67.82104699862843
85000,60.40397970574547
80083,69.75025729178886
48713,54.60021382503871
1547,47.858568690272
90629,69.58403769465117
65375,36.90665790416405
98539,68.60210006928217
26284,52.68850863290026
42153,70.40473092273233
5816,58.52254162249291
38103,70.18089685011427
84028,35.90429145328606
95015,69.6531971480164
39210,28.16146247677316
63007,69.39542657361395
13942,50.68076589436805
36862,66.23135029936337
52995,28.974311440975825
40798,54.36689782269349
6557,38.35008969042506
74693,58.31527648776304
24647,25.878341008196585
86333,61.35065108210112
55501,57.71883341176021
84789,52.49551327550882
795,14.054755340758652
41802,50.11918176852002
30922,53.948563534571356
51199,51.37837597896668
58981,67.15229765664537
73301,29.448519211919184
28843,63.08138428023065
12708,61.567235972309966
45805,60.202470313684735
25363,56.966339166618766
86391,33.88564395867938
94675,50.238407440475136
59424,47.28138920611888
4272,68.64547967628597
50931,31.33063262297563
112,61.403606340022044
49678,59.93016630243315
31857,69.42824265313449
20110,26.18769285110631
33573,32.17388406794466
90863,47.5292436757144
56502,69.59094448086165
36055,43.15223003418942
71546,68.33847307223824
6076,67.17289057482088
7025,32.690023459976516
90432,44.977479734717605
13864,64.37717473352376
64556,55.912122992077855
90548,43.541279537252365
350,14.464430622009566
12738,61.74056134108212
88832,64.70519654404195
31146,63.378174185927875
47481,69.19297187083075
5810,69.60738478774051
21177,66.05583858156048
87966,69.08187814316622
59742,57.19221740973733
74272,51.54803002255744
7429,37.497286220793036
20284,68.4313770474021
15211,50.34336048134248
98473,67.5634960957507
77394,24.295880138595024
49257,38.27330329537383
36212,53.04066799983999
78848,37.855020269810474
7287,58.546482513352046
32807,62.14577315396878
87508,54.94367402077387
93358,64.57639728151045
10259,66.26350448217836
40129,29.762564139837828
99653,68.26836137246435
65796,59.051511777561224
72210,30.640036354987082
27423,58.57420345092044
32256,43.63831498054197
25098,69.75256162094075
42753,47.0590484038512
26749,69.4761889183046
64771,69.83329883534988
21054,72.1564157569702
100294,64.34109893942113
14504,42.28289016214847
41110,27.277179742932947
58154,59.12299767139789
33915,58.354856261909866
61256,64.55215698611579
75526,51.37252065927132
34557,63.98538137139437
14041,35.63820752867054
65754,57.75116090021236
43381,34.44751242951555
20025,37.44556994052489
99300,69.41660933948333
56990,33.68672302262412
61610,67.46695125928998
74812,38.63432422640912
27894,34.45750115815431
19843,38.9652799722521
49214,53.420054236781816
51076,47.33496956551366
93758,57.013492574750614
11739,47.57407890675001
32357,45.449762543424676
40542,44.414446329491795
45456,63.40059538235257
89393,69.0179967448757
96386,60.71341531261038
20885,50.60753581446241
58132,58.139367860746304
43025,61.47924661549386
40583,41.70485824926108
22612,40.80284462112502
56118,69.68098918623053
66700,60.72788576886891
60847,67.42101283466555
71114,55.48047407130867
52246,62.19457592240367
82508,59.39794796055543
1944,54.83976803723551
11299,17.780220187321458
29702,50.148887038154626
44885,64.53057603332583
51459,65.20059389962427
3081,30.443468649733404
80360,18.26144670303886
27098,68.55963953571968
15138,62.005564427507785
38764,20.918113263358837
86150,59.446002094787346
53619,50.95451980205186
71007,72.18022902855681
56318,60.232447989488556
93542,45.849340568224015
43805,35.455409552881385
53500,46.26108961319001
62161,25.973554602374808
6476,66.89865433699218
16436,29.49034927313031
83074,62.32374283298828
45273,54.713764602083444
13030,38.05242431411591
6424,64.78554212430642
9835,73.30850556979313
64742,55.64475371826283
57834,82.005
18374,38.03962267049058
49744,69.72972499486245
7880,43.31509789748907
20287,10.103811757493155
33189,63.53233118907123
81040,37.825611827569894
4600,61.25023941940991
66962,65.23358195901766
102490,50.242028625669256
89086,9.34863403074128
35081,60.13728269013944
70566,58.49642596034644
38097,19.155096429857213
52678,68.09888085298385
95998,100.0
97399,28.119669451946628
90125,58.17779963929834
54621,35.59925918440852
83182,50.589630798258895
29035,62.860178945893516
82925,68.08504713996022
17166,65.5670650878516
13923,69.33956039200665
85807,68.05481246386114
67031,58.98266869815451
43924,67.72331096271358
89822,66.44055627822037
79903,64.43038537501144
75083,29.59997667695892
64937,66.65305386594694
89511,64.75807193010858
23245,56.372631665125475
56915,80.45784548784547
59812,24.710156093006077
78379,34.80052027947539
43976,64.0264304816173
39140,48.50342294828827
59937,68.61368199559926
4011,56.863004608283255
7180,36.737182581730785
26102,43.041766075995255
27281,34.8006124209673
93691,54.65532367960495
63708,33.56637569673
53119,43.37862897562636
50698,78.11518917916756
95227,35.460523362911175
7239,39.38696108420363
21872,66.27506549568473
58763,68.9255169564226
16361,27.514261165945207
9680,63.38153440046812
79303,65.31361932789687
57177,45.68272848050343
88698,68.5429505739831
99620,58.667309198088084
65455,46.74673619814706
96140,59.06458080118643
84501,44.0390676293665
33045,29.814143991915962
63478,64.6803042164661
4963,64.0823904467296
39167,68.75020623094593
73963,48.18291727301455
83257,60.11613442622469
80655,64.59262736355812
23992,67.06335707852082
95885,67.14200588291214
24064,47.469909777735566
73743,57.550911575925944
62418,58.34995855489115
10372,58.6915537228605
175,43.94860180265306
66357,31.969074701790504
38358,62.77336020972937
7120,44.50318824802261
64796,58.48815281415819
77289,47.74120110595592
78638,33.91674288073131
60182,60.01791216642657
38123,70.57975206014558
100475,50.55135868599852
23693,69.86536340710856
72921,68.64686109315262
540,63.502901184697784
5319,60.518575120379126
50138,25.481219553458956
77582,46.57685733407204
85342,39.17340155401709
99850,44.63973620441749
25962,45.84391819903662
5581,68.67394623873025
70864,61.02300467307926
68164,49.25916048495375
15720,57.81542194389172
54671,46.340722849203445
72754,48.78062236386209
12117,33.25984022361933
32163,46.30548651810734
6936,32.95145784959544
101567,64.66965300116865
45748,46.394685544448556
42240,56.72788204575716
44668,64.71471269951425
76828,41.896277313203555
98763,69.1314476852403
52010,41.62715830033308
83884,56.34793335999602
61552,67.23261911413593
28081,57.64045878502361
83332,54.39562818091244
80854,54.30160663518993
89906,67.0489913603839
10148,59.760518882054036
33118,69.59910502560614
18591,69.08002214409554
13697,61.79900549518409
84761,68.68165044229627
35159,38.50289871431046
12154,53.79849675888207
86295,70.4259951666475
8244,51.65567423267926
65417,49.230278117993905
95869,63.99540280285611
51226,41.57084921747356
69584,62.83445423960895
59680,34.55929561327293
76799,72.11666640850169
12286,49.008231349388716
27767,57.828250133877845
55090,60.546681656214325
10187,50.621417253675
88521,57.467019140565334
38725,61.72797087085315
102484,47.001301900536056
15854,52.02587089633079
7922,41.94769939791991
51723,69.14092726317469
23298,66.9545645878705
52187,59.870585547579104
43237,69.50990920514045
82809,46.82869246894042
37014,33.769053774439534
7188,47.3683204408626
101525,69.43276396235093
7717,70.20979590017825
46357,48.107539241079856
45164,69.76656749801757
86695,45.66981850120511
52496,26.62318400365193
67887,42.22847514823988
70215,24.853269704978143
85837,39.658584950510246
80003,47.94287694814875
84894,38.568558098389246
1728,64.02731632454676
81257,62.13100248057133
75997,65.632685827942
22183,68.32362463394519
72287,33.39187582800148
3392,38.65127200061372
46054,36.94891902962348
79063,59.12415604489803
45291,35.03205284488046
93343,62.718311430869115
54509,70.57975206014558
42060,68.69499443208285
61413,68.29525432676431
64682,55.97911113506368
86580,55.84083665675175
32798,60.73288975543096
21536,52.808398110902516
47912,65.61419293159086
18592,64.37088503408266
69095,64.88652637422643
16648,52.38448958286073
12735,62.08199577276016
30886,63.89128493450699
21260,60.7923689025431
50059,68.72654037879292
75890,66.37577147018098
2581,63.879971585465164
7131,40.52753307432059
60943,32.2740817653546
43687,63.276124994456374
79545,48.025898455759005
102156,69.8391705906725
2546,70.26545498625163
1797,35.40019047922216
52765,37.80403889466432
99897,60.83030138312661
46475,39.35941290373158
50518,61.34287129690506
26467,61.37738122072341
24504,42.563687370988276
13399,70.8112809581642
14490,52.466827572708965
55185,70.27287893873653
64628,62.620960637527425
55848,59.73422199622383
70500,47.30916290863092
89259,19.65061876574233
9199,54.592908090643725
86958,53.16164354005927
101593,51.85601377616194
53366,60.99203204008261
74140,41.19999332572843
40154,54.065120851868436
86402,42.53504491688379
79569,55.348366783576736
98314,59.52125069909692
101813,36.243344041648264
69843,62.00455780605518
22226,31.76744992931216
92710,46.382353540112625
90588,70.04581232654047
14329,46.10569119214454
91408,50.713649999726876
22111,69.61332824094694
29669,45.264086160977826
20235,52.853723892102444
35108,70.59965175743179
4815,51.37863755887901
41630,50.36151751634526
9212,69.29473758880806
11535,42.89173460560795
41205,58.09165895827507
22680,45.170382335282554
58710,52.9386579189293
94436,39.52458338866809
9062,69.73239265295045
12230,70.79476283579919
34374,57.53711738282639
96845,44.237481621868085
88075,30.318337771586044
71981,68.08931504925505
34936,51.76916188455489
53611,65.89644408340247
26275,65.86895104589948
102027,55.055416923705586
78121,34.47840273292673
3673,60.73288975543096
16803,53.65504292275614
43081,44.141956871058284
93755,59.0083694110191
56480,61.69260243636889
19547,59.94907757457946
15930,43.41574316937562
54896,39.37980219665684
75710,65.94462920842727
29811,48.26730430622597
21291,40.93283030178644
19493,52.6568175937874
45311,30.19415067499582
82812,30.919524363718583
75672,71.32412562577429
35216,65.21353482058477
72172,30.834199968970875
97993,69.68098918623053
96460,68.37149931815132
89863,34.59663198303148
65264,63.069604760946824
75977,25.587737816745648
30354,70.69459043156655
39796,64.41748319452738
55366,27.67894928298888
6992,70.7211450462231
82777,38.70609513821964
22303,65.70431412219064
44489,64.25386716389386
65027,57.70131699809723
48926,52.09057781208523
18403,41.479705003498474
99011,69.20138548417178
59819,39.53927600680103
4831,65.83164027123667
2954,59.26106224548561
21393,59.094687795557256
60000,60.67239498241734
13290,40.44888391038888
64435,49.680444971277474
14304,67.44898799387408
79006,53.4632676886532
7580,45.37957619315202
22524,47.229172091043985
41451,37.87205912143299
34007,67.68395590865451
29285,70.98918242650154
29622,64.99322822654182
55036,58.01013169797131
60309,41.820313146847376
92488,67.44899829462956
72031,49.818081676257854
76647,63.421431644424345
86645,43.436183058264085
4337,49.03424953959181
35400,50.244338783915076
99727,35.633195649142834
90277,70.88650842309713
83153,49.80291204618457
56764,35.28326809785294
59823,54.939984999056826
6552,61.50356549228621
56288,45.03503435234491
39578,44.47165054325508
86717,62.39063043113474
78904,41.26162697814376
70067,54.88919894442493
99486,61.366444648271155
99112,57.48611103505582
48409,15.150324421657437
35038,49.71589869010801
13323,62.93100673221557
27808,34.48739060289307
76138,66.79260512078656
55429,47.24564391593425
80835,53.30607664557665
93892,34.05673616400182
7724,31.709769834427433
96090,59.358463681509036
52554,65.36869437073895
71243,31.723271517526683
23040,53.10222380302398
23941,68.79014172581867
58327,25.529006666618592
88047,33.61345907476993
6975,61.113992236748345
15074,53.72959915952895
17277,38.23500488764535
91602,66.31644395572852
68055,61.10294231771984
78970,33.011037564133446
29204,34.83396144239723
83497,47.5026964862797
6920,67.86964890410067
83823,58.54928690771486
12967,24.760730369527618
102214,54.97093880323087
77752,67.81205203065811
58444,57.87891912610393
72401,68.55514556496072
24964,70.70319406788256
8834,56.13589791992317
16476,32.813166036342544
31251,55.53866466245176
48943,68.85256928941311
8287,64.34704902115658
44510,55.012972521289655
101112,51.626460066602846
13912,38.112589582203455
84457,62.327236183589775
100562,33.85274285396577
54185,64.71652771509916
51016,67.79057728044404
41442,61.92044235760475
71538,42.45882605071351
49057,49.35986310786426
29616,63.44397454195882
51736,59.059305339888745
89423,37.992149151985636
67104,63.9534420144595
64762,69.64455291264704
62091,56.81242014768958
67569,49.86632082341325
69773,23.917789378411943
59779,28.577688157396615
100527,40.761312224930705
11109,69.28470509861363
4731,47.79992624865629
78822,69.9582008574668
66056,70.23776676246793
90131,46.063649773600865
69917,41.95211697258962
85979,44.23292818990034
93401,40.048103483334074
94920,80.89597598260133
83761,27.921221323897548
7911,41.67698704496243
80689,54.4688541129451
56422,70.13121146794052
1979,33.073054475957285
82229,40.379008722841746
100801,51.90386933478171
98068,36.60903474332461
99646,63.06651007711249
3685,42.58428046426436
1323,50.27140216487795
73977,68.12202681902534
85071,53.447236613916786
55425,25.866116076707222
30418,39.66919121686672
94049,66.91403289585655
55055,61.8575831788244
1551,56.119222486735595
82845,56.225547233154465
31697,51.454985499341134
49939,64.916824247326
65089,60.72186092091646
74325,55.535476192893576
41244,62.43858529684208
35683,66.78061344202297
8957,63.77577520435886
54272,28.564775934344834
70557,39.38930079158448
80833,61.11768250619191
54653,30.022825805466614
102347,38.136223124050645
43947,69.08577068051909
32625,36.677606068647684
3857,65.56298053344993
6035,30.910294841736007
27496,53.752256100497085
49065,54.45764063144672
70234,55.36304234418371
34748,66.63199942958965
36498,57.80807109087354
81292,53.47437786569494
39295,57.11222691854782
70787,45.64289801310854
74686,41.10715885946561
68044,88.70217029449424
40918,67.78135452049091
85018,50.3746882444663
29138,63.08142676484389
37553,71.60506182391654
40148,41.41094578765208
67256,40.30911595441421
84048,45.06240955686616
23682,66.45201867095783
88019,60.53032434676642
88886,68.29495669744183
2744,76.62683764853102
93205,64.60937388701586
40958,57.44054239503405
74703,64.00075893080285
11159,48.04447389308471
64475,46.91105742712478
2558,55.75719791557461
60040,80.9855
82674,54.65130612031148
3339,58.32303566405352
84292,70.19046067461487
36488,59.628713125054695
88954,22.382360098329706
101131,17.378441022632828
26006,57.006477895842735
28469,72.11661288214404
10237,40.733425690547904
82266,61.88399004841069
21610,57.80317538210414
31320,71.22041888439264
89339,41.0129877271399
4075,73.1547955300453
97525,53.53220773810523
47953,69.97998986840544
83850,54.41988684399745
87465,59.9940740525914
6357,68.3778150752507
81555,41.51810888498305
15436,47.715401511659344
53507,43.96169058746853
3891,30.816991499936485
8692,69.33191081739494
22009,75.69924179044949
11777,58.78954616188937
39014,69.90126180442225
64522,36.379155564456106
49153,67.30484134280113
84819,67.2633049597945
59948,19.550327374302086
54901,70.50292998835022
54051,56.55655188158283
29464,62.29342932476893
95883,50.217835776376496
82891,46.546443728387146
42864,54.24782646696809
55742,50.91796948268827
10803,51.00048305516325
62398,42.266151357981656
38080,69.52168675504655
89954,54.88438681244066
70993,61.22140882171786
71391,47.943461879270274
6837,47.779622452748946
93246,55.4349669996598
45083,56.73714958670449
14220,67.73073249074739
98326,60.83932766511008
7056,69.79910821342925
16186,47.72561444273881
21318,35.91217812513307
52454,69.97475839276296
94729,33.08090298778896
69269,46.138996636388065
52729,54.00527615141676
15677,69.96022139929403
42272,68.94177489251966
48389,42.94973201291655
74285,38.103412200222245
82323,31.112909281976012
40338,67.01669326936766
7742,39.418824467540716
16914,50.969320170576054
77910,57.14044330609948
6042,52.244294528135995
36323,62.90746758127621
96323,42.809882832179426
60904,40.497468135266324
86135,47.539162627189306
42141,69.06329663390541
49123,51.46520749236544
64049,55.475979565875726
90755,35.90197381087931
27002,69.58577931675971
71145,58.41292894829071
39946,63.59293569108766
40817,58.54974350494149
586,30.27135480916932
59547,48.48815218675749
61935,27.707681617520656
18195,51.86720033259844
79546,52.639331780679974
75302,67.68926411198926
37938,45.93339921792935
37336,66.32217818202716
62951,37.468762107993705
75643,68.76364697076774
53006,59.40249648521957
40939,40.164123589255766
32488,47.1642994479189
8071,68.28842005783955
62718,42.13474823161863
9631,43.05150432165597
10333,34.50470712066703
33388,21.782635755589364
72788,53.99316150518104
98609,49.51618229223335
33870,67.73233433546763
89199,48.32246572045265
8829,49.698310842864345
81471,55.66671959016718
51006,69.71072544497933
5851,67.83830133204205
88835,28.1879656776495
57802,28.296252561573525
15870,33.15336520754104
64086,55.49913072399799
64770,60.36942715595112
25469,30.11914295967845
2473,52.675119374789936
101293,59.77920874772818
11779,53.71426559124452
90194,68.28911462682187
91972,31.878679424668434
53327,64.61363339785194
41363,26.563867732053712
58524,49.691179097364035
7345,59.37263356860044
57828,60.39187681031902
58613,61.04661729037023
53381,35.494897155355574
88183,60.10842061025272
15916,67.28086085573214
92259,58.34269347751775
76222,59.364459664885864
85620,23.906192970504986
33890,47.27007758100314
55041,40.12842758202357
92227,61.50486472154407
41583,43.68366069881316
89269,71.6224681258973
13103,69.1437231317138
7349,64.21462074080087
90934,55.827312599903216
54658,51.356565744819655
73153,48.50065826576988
74948,40.22323181554729
93871,62.81972649099572
1369,70.12807390310635
16902,52.86513970004353
35658,60.07604179069599
50521,41.32530335195863
48154,56.45213816640769
61,29.974135341327223
46759,52.70529672407191
50732,68.87713773042061
69928,69.14302884849
17480,60.98080994624561
73754,60.876770384844896
97228,62.13207873725715
21268,60.5277224759426
20371,63.6423404563331
90145,54.48088194734559
63792,63.13501674533894
76114,40.454128699272104
70899,9.93868265213188
46122,44.297565392606636
101357,63.92822242662728
102447,26.402477519203103
58566,53.44033953211246
25022,61.11126377672109
23581,66.54342865025147
60329,68.94177489251966
74867,63.94780284033926
88612,69.58403769465117
78620,58.43244170328425
80128,48.61024485446086
73218,42.004184309927595
14102,62.56043229243084
6551,35.946406419718244
21272,27.61991965985018
102589,54.603015154640715
51658,67.64867327886797
23025,33.85043905423895
19607,49.50538246360377
37004,27.771393950415305
3098,46.804178707243416
29382,67.5174703056801
24348,69.54944004282679
20895,51.18632342691694
50336,60.59492569201997
79657,39.31247981604087
11326,48.22626513639758
76758,44.64190727962535
50340,58.358427940375634
41069,69.06329663390541
12557,62.801011832399254
24105,47.259962478481576
36927,45.89040034605523
66436,36.136237173448556
50053,61.276292447245076
58618,66.09703727211853
49299,51.58525424588934
80121,57.41531213262412
34851,54.87864844887492
76112,50.93537442307021
17181,63.304266580448385
24122,58.89485947507153
58503,29.24764558370988
3313,59.34983844803227
99557,47.958665776244054
57176,47.157788812757154
65223,51.48236579198542
30448,38.88880198406185
57878,40.218935345380885
57543,69.17465691489053
8142,53.23017009472759
60034,80.29535328185328
94547,62.52969232987305
12662,57.845763325743185
4110,79.7560934763626
85201,36.37270977404342
41533,29.678649782701278
83141,40.40398756016207
47189,40.281376880842714
1626,31.244419220299687
16163,56.011265999015606
98529,34.7892722145827
78898,57.94284147805715
64960,53.69937131812743
22929,61.322417665762494
43267,54.54809414871961
16767,55.491898691992795
74645,40.22450975243317
26802,68.65609044127638
1448,43.29454656277688
71962,69.11916104015208
1429,43.25007529698424
5651,67.82345040709357
39574,37.2651362464498
94981,32.50861399666724
77448,39.46174277119801
2159,46.104697153403585
57617,36.12781906985022
1553,67.91054614298145
93685,47.842862420427046
53806,63.68474891495866
51660,59.88402624306608
36520,36.017900161848644
21405,23.918355837511957
50634,48.1291291025565
87031,74.04791666666667
72462,45.054368803567975
81226,42.13197615254651
51021,43.85801777008402
24477,41.54078618511262
38296,70.26126039537712
31554,68.60964227162184
101928,41.85682966341112
76417,29.413784074572586
97972,35.24438586402722
56081,52.37100579495907
45157,46.07221215946516
41918,26.233742429003627
23892,52.5750333375778
64686,38.69312806452593
57986,57.28684557795483
44241,48.15324145380491
30924,69.51828366291932
100994,71.08094175286571
58036,70.60912428710907
82451,60.24469309791907
1029,32.90872111148999
60481,41.5243486965438
57144,62.71215679087517
44198,82.28019198481725
69361,56.384145331220914
74754,67.23965822712078
55601,33.70323822427115
94186,58.70365030601089
60130,23.937265122745117
21023,58.82963937591677
79293,61.33842191911782
90756,22.574623769540654
64277,55.07300588951326
71774,59.37242815904632
99846,67.38603256926437
84840,56.87712252410328
10829,49.69556724699328
70041,63.30941998988678
36915,41.66868157942121
68035,52.51459086925328
45714,69.58118976437676
73503,61.89866273194011
21899,58.68325252383108
54162,53.64280949240585
24715,55.7441193977762
6974,25.514292400700285
78544,69.31518917098441
60580,42.70875058445253
46421,43.1729044444248
64741,70.67990335304799
20949,30.77070821961013
87351,43.10899732651786
14543,67.11210880366556
78884,60.61508034818411
86479,49.09807932112303
62317,65.00092755175396
14698,62.15395143334174
72062,63.87969344247186
67435,78.08428231642246
32590,63.74175382338504
11262,31.15670684064959
58328,66.31117579692541
60119,32.582776190549275
15030,48.384585336920935
64383,55.91702025869286
2456,73.3488949512768
8121,61.84926930740252
75186,32.468384846495994
5477,26.820538051663178
61362,66.55069395465046
35816,50.71280549648548
20433,34.33274268211203
68940,42.51868830765625
24143,36.02531690338184
62574,70.12807390310635
12046,63.57400653800983
37130,50.259782684101474
88869,69.63397671953334
46252,59.110731561478595
27079,39.34068921065167
55483,49.913933737421566
57849,62.03469122628142
74963,30.224833789180263
100940,44.682150956744564
12476,65.95684286979456
36377,52.6867747692184
77498,33.78873210032501
101724,74.9201558386808
14692,71.61425229791872
54765,63.32651312867957
62886,63.71838746159022
341,41.81748263977268
73086,44.00293339313835
84484,62.05594312435867
19013,47.58470863118978
48819,51.20514273237631
69048,35.611564125988295
80806,53.01132147800452
25606,52.60809740813781
96378,61.018426931706756
51679,44.27671569659888
25827,34.2547019701541
71735,41.15537999431988
79804,39.01568625851906
80820,55.39887362149521
41283,47.003422890018285
76673,51.95190558331351
70005,70.40998050337261
88269,69.59094448086165
31370,50.560887012853335
53045,53.51776434409072
61204,66.06315550475446
2814,33.695052881417574
77871,51.197054453691095
22756,38.66176072935704
87049,60.12805432577585
91657,36.27035029916185
78723,23.512523101897273
16222,68.28541989190725
70702,68.29003027733262
50129,62.444083152281856
47313,34.72178734241648
51948,33.62792822260483
42568,48.09462223454421
60554,54.33187181784383
45213,68.8640379253901
63759,60.83243261504984
6568,64.5918649036243
48793,63.238490976426874
184,65.51807960574601
16562,31.65336306331067
92895,37.347256268988616
81007,68.04692308559356
85267,30.539186039932673
3740,36.29786037332378
71918,36.131963252740036
60970,59.63151144120076
62623,53.9490688076165
61779,46.18617793882024
23755,59.94569981418833
64116,64.8436232776243
48593,57.360862288948276
48745,65.34591119856243
7100,59.660409386613416
40954,62.50031191218697
97644,68.31677096185723
44771,69.29245773454706
15722,53.74026735653199
84114,60.23981189316958
67007,43.97602934277974
88527,51.879391643906914
1918,24.50416430599874
70109,50.780517325253186
75268,40.3587339494305
43602,28.11775073752614
9187,63.54817722172097
41878,39.68198912880719
16475,66.34353414388315
88031,55.79867454550702
47568,62.29441472118196
13088,43.88017806502942
47445,42.06009344959329
101383,68.66236905241541
61197,41.02570694289684
100451,34.48356193702329
30315,67.99863071105496
22905,61.42852273387941
7007,20.819797792683957
3294,69.81431202628067
61344,44.92709117299708
25354,69.15677704434891
92410,57.440178924396086
97443,66.28585412309512
27185,71.92559768346358
39446,64.14398971105479
82198,61.3800266393267
84301,72.6117890310419
59718,66.93276323829619
66718,44.19424096410602
48052,65.23186607558499
54337,32.83353563899647
40304,33.621116734900994
33562,56.41473698724573
51786,61.01930989914767
97370,46.93071844284841
38261,31.307434744733428
37371,64.99711706151692
29325,62.84335205698442
20363,44.7182737963486
81910,55.19164544620786
55401,34.86605640958144
47118,53.32661288655838
23697,36.11293961013383
52448,36.48903031640461
3552,68.34409856488162
10226,57.737740545933555
61327,55.69747203714499
45112,68.41146934869369
74006,66.78531580550855
12682,50.45322867482481
57941,39.26354595175136
81152,57.04186011089705
5798,47.1371870647251
95276,70.12807390310635
42304,32.728207530136075
80755,49.24682140382319
50483,49.09381269824607
92864,42.92803029821839
1145,56.509682359786545
85416,63.336617558427804
87870,56.991736122236055
62856,58.32141310727683
72589,67.58807409085003
68944,36.438100817801576
47001,36.43127789597847
80632,51.65029087754353
46842,46.22246660909188
62097,40.355892759367315
0,56.93298059759926
68322,32.38991941755356
23701,39.12487701998715
67188,34.96773527238969
251,41.222909881225625
66464,57.628733784110054
30142,35.87394110008332
64784,60.56778269869102
95389,59.902617630587656
78455,58.83874879911778
8526,55.44123619645088
9377,72.99724504835629
73937,65.37126316637355
23371,47.23925901692728
86959,56.07917761320599
99599,69.17248952360765
7450,54.472521243585035
85042,51.94716031732881
98237,68.46525028253266
81595,13.851560520849654
51222,58.64644240239797
79025,69.60738478774051
73125,72.73975558547005
33675,38.68308767495925
93227,65.5599470664781
30776,54.11688156440273
11137,59.80352561422091
34101,26.700716883337936
13982,63.625341924603205
1185,59.45736267680711
78194,68.0848195282035
16686,32.707313983929424
34305,57.052962197939245
63753,69.81431202628067
48690,24.136556642821503
22407,33.209071601331246
33258,50.66662829872833
30490,69.67331245913425
46185,60.99038931819324
92960,44.33439739062033
83527,59.30203577964458
75194,67.74034077145433
79217,28.737623956532317
80787,27.20042480115421
87412,45.719564166323245
46598,48.651293906749295
31864,67.61310229485294
78033,35.628982825651434
5402,58.572777723585425
72476,38.785695360582125
71778,44.95457452123242
54567,29.09413426820445
7244,69.40610078881078
95714,50.824359746338985
96741,24.428466464041307
20954,54.718600298774206
54963,38.11337856879828
20903,30.016964669903704
55302,65.64972492011026
61139,70.5958440658705
101930,70.02581998691839
87341,52.99562624893256
74751,54.765499946807616
88321,69.71528079756904
81914,72.34924936036403
59929,38.859187801766296
36180,29.096402237601623
12924,38.58476999939662
26289,68.71619567026704
60161,49.6610714136811
68633,59.37729771393825
94126,69.33620997072258
64033,36.109075404278975
59461,30.617144936186765
23624,61.468267624209595
4670,70.88050799409352
92392,29.153444943901135
56655,41.29798721219353
48612,37.06683664938108
72391,46.88068303238358
80053,40.01197268653521
44260,31.02510147233967
78243,67.35786315869105
49368,72.04092133940463
36642,57.56941793225453
54147,55.096145118100885
16479,64.23375376983883
74604,68.4052118408958
52524,63.77567608155878
16546,39.949548596903306
97487,30.077540705862308
77368,57.37930297665259
7062,58.82425594061943
57574,69.17682625653923
65101,47.57774095577407
15220,66.3226226491953
47596,46.98168229429113
7157,45.009809054378366
81489,41.441510815418916
64315,57.142402149870534
37268,73.12304625525681
5781,67.79057728044404
24654,66.91984893537635
55616,40.78641737702898
59333,46.635800863270326
64173,64.82916385119626
82715,49.886393151163354
22372,70.50508282792161
22597,46.02540201852712
7808,73.3488949512768
33698,69.87505687681693
41488,54.20739660311232
6693,65.47469401793434
98410,65.52474677254055
17316,62.84271744996859
22573,64.92881181599317
100953,61.44194309471107
8881,40.3395961162963
28924,29.40452737757239
852,37.158217105234
49922,38.16430363707236
24889,57.57460497827346
42998,67.6665299483455
63774,67.87094622225902
29169,69.33684020710444
22715,26.34504198686594
22129,44.76345992240343
69396,52.36904012442438
64058,35.74476463390494
69082,54.728071845472634
26763,59.68247123043538
78603,64.65730862073511
82768,70.1284857004217
70046,67.22858324584081
3054,35.336662323472716
45812,32.72774912664816
58319,32.96318322032102
88845,57.31705939117549
37825,64.23951409076084
26995,53.079210115804614
34179,37.01077280380458
40684,50.03003243823042
66401,35.090689196860744
81048,61.130630518438956
23561,57.00867919610806
59100,56.40668398371814
62557,40.983481523108196
19583,66.2558467835202
10601,69.84601092638927
84265,44.73170687053047
43576,57.447583353752286
16422,36.70374521640722
7931,27.528028644031853
14125,69.74455840704314
74366,75.37262066180585
92388,63.95490394674356
21065,63.641496425618314
13527,56.29896633172036
75563,41.72557218024343
69130,54.59180926201727
20050,55.316583317827025
14195,81.25504963800941
41190,72.37121544737649
71256,55.35376127150614
68270,50.59638179776782
70387,54.67537935262114
61165,65.1379174829608
53368,59.358463681509036
50561,55.1399629151485
34560,58.79968038971678
21304,43.418123505729184
67243,69.28978664190302
49014,43.40527793696403
51163,64.8109069861158
19716,80.42303128269627
2056,40.2597237782012
102404,64.04790375858964
86596,27.432620710535637
19108,30.47496107895201
19106,40.479811367993044
96775,29.19127492256762
20933,61.67460282596786
56448,70.27093494476429
84408,62.04035102989747
95774,43.413687199007796
6478,41.72448576716395
75128,69.88957791908705
15935,40.77798131874593
43649,59.703970660623874
7112,46.105104734532006
46785,61.440041948219005
91057,66.95497274731989
34663,65.61631181599317
50136,60.840972982431964
44755,52.51805385637776
89101,26.921963088661784
35925,37.62214631987375
101012,50.81426978504246
7478,54.89804532301663
21788,71.48392124193322
22381,45.669355106166385
59052,42.24532811557424
35461,36.64276812080322
96449,58.30924073395633
9390,46.11472150908281
2782,69.1437231317138
96830,50.34807659050969
1637,59.96131482108366
52802,50.90682219533333
77460,78.99999087644473
50029,40.83307348108813
75601,63.39989849981913
100754,31.691283860236585
10405,56.7579952601201
9294,53.110145248627305
35133,64.1313975424119
72306,59.174709852632084
87756,26.274594523082072
47182,55.52644830441599
34916,40.12088742368522
18016,65.20116006899825
62366,32.54577541699066
547,69.18307379674965
79730,57.762986675954224
98339,34.35206342751419
4501,56.10693988952098
17951,52.409127962855266
18720,57.08915163186689
83710,57.948652510618885
93873,55.6755250361761
98037,44.535843124564366
66517,43.650092328925176
2828,46.8311526890491
65811,39.75643288872368
42309,64.68988379062453
29891,47.82240983316452
29255,18.38650977873272
22841,71.39493098072265
47061,54.62424697546473
92290,55.09185965442157
27479,49.57135084263671
19977,36.46537586855995
44747,61.41056010138968
46236,64.70591382652577
53561,48.27626216018302
56548,58.76244798799321
100008,46.42208170251427
39439,42.39579390972799
54691,57.294807141959154
36622,56.7955122457577
52700,48.15542713347464
85323,67.33209114707546
1964,50.632049030105456
77040,64.39031552597355
23223,68.02510845310908
14573,33.82422046118283
54524,30.020919179066553
82712,59.12722095761907
58952,26.9999335723031
53059,48.88880043189713
7127,54.20276166712296
20097,61.94909750386469
40999,60.56656932432363
84076,65.99623683119624
63988,59.523589680633556
16859,49.581885366276936
9948,34.047132015991714
88340,46.66143121703342
30415,69.93014664964596
71893,44.858513113501715
50492,54.54262866590638
98381,54.274321976176495
47520,36.86018164060724
71278,48.10171427999051
81630,41.026730382562334
48129,34.32805569872685
90651,60.28504109966733
8861,39.19148030142248
87232,51.4382890573241
57787,62.572261241913395
54207,56.48733533691816
12143,69.32736275145487
18183,56.029216465732155
97337,53.17413230521162
82232,52.169392244722204
70017,46.63042054230864
63277,50.91114790677247
60170,27.4007511834585
86166,46.8717734898634
14946,60.40603330847862
7740,83.98
91942,65.92250935243663
7873,69.59094448086165
57277,47.80460175165474
68354,51.761377282440655
32264,64.10443596173262
29178,73.14494918529108
40730,38.02948011275647
77797,55.22985555223237
73780,44.35740580535031
61396,27.6745140498626
17054,62.024661465367835
23816,34.39881612837276
72175,52.73281554656188
4535,53.89318620158656
92365,63.32086469779804
22473,67.99720197007487
9026,64.31694469029931
42264,40.22859409071046
56963,52.630552904630264
31529,56.121764562777955
40741,59.42677549390789
37361,59.99986263540684
5749,64.20116125849971
44735,59.40962661652745
30228,53.54246755214783
85858,43.68759910252692
27187,62.07147585817424
5271,64.61991807003683
46531,66.4934268274732
79334,39.560900552518
25245,60.8574847604506
19039,37.505102230874925
28991,32.61704051985396
22927,41.52535855526877
35933,49.753330727896234
27128,68.31179506904745
29883,69.79910821342925
77070,49.53477950700058
38798,69.25039810041746
81771,67.02149850850536
8654,35.84096108984354
100095,49.43474261110143
13483,68.45119868785281
21746,49.32744734286198
92166,39.67066435141511
27829,60.53333611685883
85413,66.7917323861625
45716,61.537430175500816
31722,24.857312181542106
89528,53.763015902089386
59442,59.01651180347341
97069,62.301199802514226
90356,63.6705679511573
73696,66.37999739496951
15412,32.87429557035902
85973,30.629972186030837
25029,69.44354035303463
6461,46.22384957790289
67665,64.70682620695746
46884,34.60426398819629
1917,53.19796292104795
53541,39.07866525865275
84671,51.97402171826772
4886,66.48169018709835
49831,57.941530199951075
50660,60.50939659680871
39170,43.50465162817542
73852,65.42108755457242
39203,59.29823064203362
3560,54.77147124552451
904,50.34333106352825
30022,37.55369330338478
67239,61.8697001937404
48076,29.509619960251847
42626,65.75749372169926
81117,14.96824325421864
67039,69.16782792167612
60230,56.30936228396158
100546,37.068998304339196
57064,67.26594898694958
32062,56.61034963758514
4516,33.894239443532754
36924,40.25569254454407
2206,32.30191469445255
36398,62.32507021164956
8391,40.5977912482486
77658,53.197856341624494
84834,40.137828637603256
30449,33.32094085668473
74214,59.336832710171414
24553,56.57955315192441
17440,81.09696428240125
99357,65.40665956957352
29327,59.6778762368155
16592,56.472434321127466
40560,59.10607563473708
2179,39.64151544430549
37651,57.33857632992685
49802,68.04692308559356
70612,38.84075766164673
55690,20.870344027313827
66442,61.066424502776826
101852,55.079405700471526
55332,41.38726661290292
30194,56.64327670373813
47687,45.8504856940431
71034,63.28427886413896
6052,49.52192479163798
36291,64.3173969517866
78431,57.4486015958674
77785,56.83053579091517
48332,40.6621834130676
38452,21.29995258141357
99849,60.00143528050654
20827,68.6248449994416
85026,56.425296264684384
25419,50.37921977331966
87807,36.712358915439246
52161,65.59139201485038
31182,65.59954899668182
86377,69.87505687681693
18953,69.20393716263425
28795,55.58802695975183
89664,69.86432866758747
52580,61.97996093459967
65286,35.860687194562516
27955,67.6913730170067
18424,47.83647568083928
32335,38.40498693183954
70632,36.90173337587335
100679,61.654292145721826
26384,43.27194665674853
53982,38.189071448834135
80355,36.9198485069981
77089,57.69976207188094
22236,38.952192124328086
10341,57.45841016609195
5242,56.80200798071559
33598,24.96539982263969
35109,67.74512156894676
11622,15.67404414666922
14185,42.25046872818766
81405,64.38239206884352
22555,37.92067169534004
32162,38.01146414596847
39906,42.54813277774555
78146,59.20005871525987
72583,56.21754812879131
94033,34.050331739899676
45594,32.89892465604618
4499,63.863461770096734
47226,80.89597598260133
61918,25.484246597947408
32368,77.06573423423424
46731,34.13789957614139
66458,64.56278028949596
53206,45.11315739914883
16413,49.73359650144221
5922,53.61888976887285
100362,63.0285299680138
22199,55.16213028392897
77944,44.431223451751045
37210,69.10164409617553
46617,34.241165744289745
82351,62.31883400762473
15570,69.63872718913365
98376,71.84957049878031
93001,47.00131302698318
88921,23.113525923541776
14340,56.42776466884929
82964,62.10809799229256
42337,62.095398125601044
85972,31.828865910555677
33411,62.13135531042208
41808,64.49289016721423
19377,69.95950123830885
40167,38.642104843606305
33540,37.51456323178548
48732,55.97675069514132
56374,75.38772018989863
17074,68.09383202213101
6690,63.0190512970531
8651,41.31012830048563
52972,36.53075156493812
47929,62.131468857124666
40026,68.48637836338152
63689,50.13680366793739
43388,69.35927663678949
44404,67.76842868316719
83735,69.41833861588499
33508,70.3630268213892
6290,66.54528504673031
20720,62.77486150541515
92291,28.81157724611407
25926,46.9980172022797
60231,67.79347740967798
60434,62.13263858705351
18258,56.02281736559134
31713,51.54961422816503
59234,69.01565717053613
25904,68.62824411547075
31661,43.19862542231297
63347,66.88319202413768
15523,31.888598120194356
95825,35.592399711431895
46535,69.4128607839721
102396,59.188130962261084
51972,25.310558870696138
1011,32.15822116796617
53748,60.93544554448204
16951,49.107719313138524
23157,69.48574622225506
31880,41.295301976444165
76374,70.49598072101328
49830,51.81491109156666
14570,60.47349785561648
1322,65.9542409814828
39248,58.23317947391184
97403,34.340330184674514
40956,50.46642836275935
78976,61.63929521395698
22688,36.714418964794206
56411,65.6914783138766
13800,55.164353386739
23482,37.96547107829835
53990,61.73384111962892
64366,49.15964701572346
64199,57.05136909448733
91937,54.66427522442051
9900,33.50876502997574
7507,29.27745010808979
84065,35.01395066278163
14030,59.84854443900548
82670,59.271956557083485
33723,39.1692890894953
58913,39.44898035747951
43962,59.46928598166613
98689,37.534694233911075
58719,42.36612511100202
46841,57.971012478019844
56293,70.34797041448684
39895,58.16690532740333
48999,65.43552372779854
93487,64.98607031758117
88728,59.82893353973769
29769,56.15157651530779
62528,61.01225147887476
2163,44.28107546892681
75815,69.72972499486245
33234,66.94296406202128
62106,30.53443498200058
15486,53.174395548384865
65134,68.47022572465589
86225,40.68364771769394
16305,52.153278101365096
85133,58.9382062642511
94354,71.31456060606061
76298,47.3987545931625
102320,68.87289183215869
27361,54.41164269510643
17940,60.83467095936375
10510,58.62364402836644
77133,44.4424735362469
60178,58.24771099502303
18303,67.9309305552764
72116,41.72831430391611
68600,34.71750957405874
67271,59.675793430465326
14095,68.3848707128183
90910,57.304655447295424
84569,51.0925928765315
82289,73.57910204725113
47082,66.1383822351012
62734,58.078418082440166
61121,67.61310229485294
32731,53.474162698777434
67787,41.17218808598704
53944,67.17475808684593
24592,56.35666332728496
88423,28.44110262505522
10888,67.16455670698473
39408,46.62779552724932
1161,67.11222364697643
13352,52.47065465587615
50600,63.67616999650607
8063,48.383002713475044
71466,54.440831187364914
84676,34.528602373321974
98177,63.439811727501684
20601,68.90824469163017
22065,59.42115386728707
24639,37.629561980241554
37197,54.820125438977605
37457,43.6714192656277
41433,55.47699523398505
35481,69.97527464892397
74941,61.03131766352685
70001,37.59787534812783
95919,47.65361096539244
40143,40.485646038473824
96389,57.78708606109286
49511,67.40349127637184
9263,35.27407612665945
76806,63.53008347504285
51797,30.730075524605372
94541,51.34768254330577
29850,68.86849118206426
26912,54.76665886414617
650,67.21591013236527
5743,55.92489712611886
92202,46.684487465558824
52961,59.3251811297897
60934,81.09696428240125
71351,51.09445110699209
41788,47.40126855094347
26906,56.09757326832875
24092,22.75635093916987
75267,33.002851924602325
59970,56.94158329745931
40471,58.127350059459616
31903,69.33684020710444
59824,40.42217449055273
75076,47.70569833987126
56412,70.7211450462231
84882,56.0190300458539
18067,66.88319202413768
83383,63.7126913173458
24067,38.693298190671364
55440,50.7709421663466
53647,28.303476032649765
82250,65.23114852054802
90816,27.130450489067442
85156,44.18611093116685
75702,23.78937251573149
30980,55.51254397703353
8352,51.906575674460775
39103,69.76836941958022
53618,62.48025196350874
52379,59.53363083994971
80346,39.44770083043947
42499,33.65108733684646
80977,61.17746458800051
56208,48.93632486075495
88249,57.64880328658568
39372,51.482308366332425
48278,19.985227770353337
1778,28.812417847337336
99817,35.54151610113279
39780,41.62170952092948
30391,34.71469744899623
23233,62.558282000829706
100246,61.30973894766505
64838,50.039633295937456
68548,43.13739411899346
86172,52.28219655663452
28139,48.53876867432018
67199,50.694450810611755
59994,26.19820644713848
15915,43.87427618806724
81311,33.44796410478501
69833,38.15142357931171
48622,51.399022629838804
28385,47.54377719896733
61796,34.55409925000219
24487,19.982565816499786
84504,30.281650850103265
31265,45.553991959622735
58451,48.26982602778081
83946,61.58978283822173
35510,67.44727534720573
12352,28.453323963841996
58835,24.39768985355729
16439,38.91762360622044
88870,38.86419252974509
58562,38.29414098710945
70758,59.02967337915945
81725,51.01336874268809
81216,67.17475808684593
63189,38.03354501137534
40205,53.06399896659111
3133,50.88042690449206
86063,59.67639926643603
47188,61.78617610276171
51184,67.61255281656194
29042,60.80594380502621
73520,43.530374049343074
72343,54.37836806236224
10031,68.49603562163321
27627,64.79291217185258
5323,54.59948029600569
64348,58.04967158937561
101587,56.015061299250576
42379,68.52000997961255
66324,48.169655294314
22045,64.93649446400731
14521,64.0470586071373
70482,63.81774687021241
49804,26.809928377007694
69519,63.75733359003538
101116,68.52727511777456
25968,59.5898639477968
55862,55.65081682927349
25308,61.36560065557602
63836,67.25550347149252
56414,37.45452959974168
48877,46.99334139417403
75743,43.83742216382589
102590,47.054964399206035
53231,69.37395318625761
80996,63.4245820039544
99332,61.906413377579376
97610,47.077579199165996
27015,63.66188925174865
12102,57.333307217434616
52870,55.54763977767149
63932,62.24509138887106
59759,51.37443981382116
241,58.42016269752509
39886,49.56409992119856
39365,27.355345978144673
59932,43.062708286283666
61478,56.762833828019204
13907,30.01277887755055
15970,38.52740170488371
35781,59.287780120432735
84152,40.59775272485913
62025,74.27290075431355
80730,55.788629785055875
57167,68.92101078803722
86251,49.75295088490943
12193,38.82822326995935
89805,31.98366303133405
18353,66.3483582951648
79973,58.55223098228441
16115,38.508915146034944
11045,34.05924186473695
57889,25.81901093775176
95,36.428172709855204
93195,53.86941083881582
56870,69.79910821342925
82310,59.63411929242014
33599,70.34555388185774
86420,44.849320227028365
64495,55.98664502053645
17075,47.78939409177714
9908,69.87308826840767
2005,55.45756722996953
24141,78.07068583192547
11740,29.690520288868633
46756,58.85985036449931
95657,40.9485311552881
36492,59.10072643034589
15762,42.237477993957754
85701,48.28959892183157
63880,68.76189079378736
22695,69.87505687681693
76098,66.74502055397011
45746,76.13620607616377
72766,60.10096836991206
9178,69.04549433115575
95704,100.0
81374,28.570226823855705
6831,63.38239196190002
85252,28.83163390666065
35475,40.691325865971834
33243,25.72961831087072
35070,65.64132056552542
32739,39.509365170051936
17109,67.34078726579293
67832,57.25143620630756
72675,55.37506524755024
34471,50.80581993868908
90857,66.44183343259016
87420,38.96767369207065
7490,66.50166084013732
19029,46.466336318375355
18896,57.4572228711656
32476,48.56464451301391
59801,30.80349856048674
54000,34.43856227085877
15071,67.13899041565357
30956,59.869065022998804
18787,37.285127728129034
68369,62.53765825479563
12373,62.73526999174107
62125,49.37708027953975
59874,63.284794930351225
77694,24.35862638612079
10568,71.017355722331
72075,32.85576825869004
29387,69.08603091790127
80990,70.10508152901582
64543,61.89096125664659
22457,69.33956039200665
55022,57.278650279629026
40750,29.58802936842913
38627,67.34366504470623
23607,46.085009255998465
53657,36.495145070969485
85058,63.71272041339648
7510,33.86320965525823
28870,52.63130804403574
85375,61.30476635827068
101033,51.38719424625905
97175,60.986770474736325
58559,69.15801979913059
102102,56.97145090443892
28715,48.516047837409715
90338,54.07697250428424
23136,40.22421561767246
12848,51.186662094206895
34844,34.576786930058645
88398,35.84939278016096
17384,68.5196586345117
72229,35.889046238924806
17906,53.976202688967284
16959,51.630970278703145
19669,77.74515875220035
19495,52.18213716712316
17530,65.12863259952937
85692,49.35020784809067
47937,32.70822175364671
65870,53.999071992090215
81519,43.34465898584267
44375,69.59021901693956
41189,69.39914397375877
40854,91.40503893505964
101120,67.02709671603597
44350,29.727388804416645
57435,66.06385311036242
74185,46.980224900208114
92665,65.12342272396432
58925,69.15526423983904
86260,40.277705233901386
70197,72.19956932941645
50967,57.83446429250079
3395,55.20660388645115
3763,71.99533624548648
40017,53.44240979860533
94452,66.20671695406372
89180,57.779047412479756
54931,51.51328197999143
23265,46.46835397297781
67731,54.56722731343562
29125,41.71945083440769
20045,59.2692448750235
48127,45.39782298220069
88167,94.92
57434,34.336615613302264
83700,28.214607926503945
6182,57.6054113220781
43968,70.4259951666475
76359,62.84560536607868
7,65.94769197718371
46284,61.41292450586112
31493,46.78658692127303
64532,58.79624751847303
95961,72.12579000256946
66529,69.17040952911067
63632,70.50508282792161
67449,65.06842195156096
97520,34.4391779416683
13285,61.83450558002946
69148,38.39471767505117
66988,33.97852631371465
89598,54.581727536574874
50359,68.5214559417765
65091,58.09461722373691
30479,63.92863233384692
91012,61.723593435427055
8649,66.2577881453558
43536,37.807543821632336
29104,64.49140668365649
95286,29.945939289375982
90107,70.26394445889119
22361,53.82508709138458
100245,67.30630388135575
40101,23.96665014538341
47987,60.517116380869496
26901,71.46522727272728
75322,71.38523932111582
10554,55.202607399031976
66777,57.11731809359085
59521,82.01166666666668
6209,43.74057871741188
55098,84.85562995553204
98404,63.44347688950215
50530,38.23257193925812
68251,29.214345753180854
62285,41.61401721125467
39749,72.42175986240487
60998,53.32777737102211
87457,70.14879623068701
93466,42.185526033111856
75638,69.68098918623053
677,56.979662344914146
29339,60.0185747147437
48291,54.04122752777324
51529,18.25788250680284
70094,34.9312197932369
7981,52.01029384217659
68803,68.87289183215869
15393,56.97914365017933
77481,28.818185480314664
13276,39.60803895405884
60275,57.437130238686095
53138,63.34601419000529
13522,47.02350988947833
7458,36.55196522203618
9860,68.14162997995354
13275,25.950546821598632
46605,67.98660399782425
101878,69.46924222049479
7599,46.05277077040886
3545,63.23278391770871
56007,52.88045157589361
14552,68.63739650011915
57619,63.47724193281172
50391,57.715488180921355
62425,66.4717621622999
94434,65.21654276803106
20940,64.23513502927823
50771,66.51873533433975
7085,24.246977711798312
15479,21.44723113473942
28495,59.855072052521756
98813,42.803341844632904
90218,31.48972432876717
81310,63.48942286398942
21429,73.3916946666575
49288,44.6163042231785
92749,70.56267692507376
19778,59.16093646953202
99744,33.89202776612358
64609,64.04650257680352
81952,62.29895857908916
5672,35.43091724381568
72350,49.852068873029204
102015,41.44311422881571
81753,42.36930393292444
65165,40.61103727132437
17509,64.35803332569687
94113,68.14162997995354
53151,33.78934973113972
76749,32.97499063629995
61682,60.1345955202549
42680,69.33684020710444
44127,69.7366865071134
90724,61.79686767489259
40690,80.94791666666667
14089,61.933269647963826
88447,67.4513982447299
27996,32.442815267037524
21228,28.954603432452586
45110,66.09134879515913
16239,30.660669877038803
73531,63.01611565254155
86159,44.427107237737864
93751,60.64089437155695
59372,66.96859300804394
8214,70.2435430741647
29142,69.30979454909156
41415,68.64742704051517
49327,64.2386864945306
66300,60.318648414082816
27152,59.6153389982477
38536,71.31601063190483
83594,39.43623778976176
98345,69.4761889183046
98666,50.625768888350734
71523,64.70383341373764
20701,75.05645717149649
55020,63.57947644224663
85009,59.97015388462494
44973,58.713822428098766
36015,68.90824469163017
26000,68.36790597669571
14496,56.46282620074916
65457,64.65691332330853
82490,69.13816461566458
80850,30.99256283672349
99824,57.00862740602852
52032,69.71072544497933
58941,61.53571288038546
60976,69.77730618634918
36471,62.7598903586389
68001,60.4141843186784
4614,63.092490943389066
9724,68.87188594568033
56899,69.352722759093
61758,60.78183498056115
92002,67.25716700477099
11160,64.24981183311671
84359,49.0646442680208
9261,19.46364946172841
49498,60.37213455989733
22078,54.54797677445511
46942,62.441720657860195
83381,42.14960841113047
73589,65.1020527754351
84304,64.30133001385438
11655,61.286816861935385
57638,61.56716542782575
11514,64.47466574766385
63262,60.061075877440004
84623,62.391050743809885
72678,41.937610789058084
24871,69.33548482673467
81733,34.28944737979619
36122,42.79146293935059
57141,41.08182104187933
46069,56.267706739651466
85667,37.81288990915333
66905,64.43626310206938
52992,37.9305359060406
49552,60.303349115493255
32263,60.89409128015025
72902,24.931644225838554
12284,39.20483370093974
29832,60.841261024423694
17908,56.34425998235966
6708,60.64059657660573
21729,21.654270587649894
42602,61.70797087085315
46793,50.17110474613049
51409,60.611944804500574
58570,56.172858750862936
40666,47.65123514685834
46716,53.90496683803803
73231,70.12807390310635
79269,61.30862718892896
89313,33.003061160903236
65174,55.65401268394215
52532,65.03946375488933
93411,55.544430745509956
65221,46.7283632989533
30294,31.014540971267106
53642,95.05
12723,61.334349995783384
25055,46.53355966811751
27192,67.22042326591173
96084,46.835259302782745
25198,53.40246402787918
32735,68.04692308559356
76286,50.58410129856762
92776,59.63394752377757
53116,53.451689762331725
45111,27.94765969487438
82085,69.59902430462138
35562,50.38540628942607
77028,37.41590164047489
19604,57.98853498966051
9329,56.517907609990495
36922,49.532425682004316
6942,65.73681833670692
79154,25.10400528106119
99643,38.10564337396306
86686,47.247895543133616
98027,50.89199704889041
48212,48.06524133887942
89225,44.55210325167579
76366,63.56063288689468
78940,69.4442274832448
85037,69.61249859315926
31183,52.906500850943736
41166,69.35143994479432
97107,44.83205865558142
91840,57.60351213952622
13839,57.3800576053502
11962,65.85290019600576
84699,62.28562886951113
79799,65.64595865792903
102029,61.170871436025024
50650,69.37715486821418
15037,32.98509782644188
20469,50.999015215013195
30896,66.16115328005507
75217,30.475663397168745
90840,58.98236682270537
25192,58.42204077533412
51712,65.16370612077935
14546,32.88084179936967
70322,39.322324167892205
19408,68.66014009803177
58699,47.124661666705244
5896,69.77176094288487
36389,68.26995619929
48071,62.979408036400926
91004,31.92406941511061
53734,65.17070849354069
68664,65.15942666965262
26204,52.946666203551786
96013,32.705995646193585
78273,51.48778408637483
23488,34.561122198358234
71167,55.909644871918836
32459,60.387755142904304
10014,41.57294755014255
68385,60.9318871990158
30424,69.02916736605535
26518,40.57794238669513
12959,42.92698019888851
70139,36.08763859397475
25131,63.08613612412686
30973,39.21809698455128
97262,51.95331704976951
86335,34.48247254561872
63772,55.37138511804958
45071,69.16629932430206
28323,49.00404829762736
52938,57.39839207958066
48917,34.998109509681335
54699,69.86536340710856
56834,54.34364292052415
91441,63.86062631701987
92065,53.61568587580322
5769,68.70694256321244
28480,73.84396861528504
58455,58.75643556421174
24042,48.80156103779982
17797,34.799516310006396
12022,32.48757860784567
78090,69.82368972985833
32061,36.48104945079767
71877,69.39986484826973
13774,69.09071869316854
92669,54.822460496636396
93249,63.78602521834695
61895,64.08354612927451
79051,29.461012289538306
73703,20.39720609713286
19817,33.21989310115648
38230,69.1437231317138
34180,60.68824591120334
12340,55.68836967079633
44079,24.411457936373196
17060,28.09334420092864
99382,61.592762381334126
83917,64.17885807773919
7516,66.60429090844201
92187,63.54889009956319
40244,51.00100257259156
89768,49.18374234407575
93042,34.23780987831574
72673,52.09709711138371
98961,66.71337664194765
83516,28.084868711163594
76906,33.61361885557153
64963,41.46910558240952
99949,51.40661083125266
48363,59.35202945589915
64868,69.1437231317138
11136,37.27732349927724
20887,49.2540774084176
89326,72.81453862344621
37558,60.515546597941466
100243,69.71072544497933
10910,58.69250068975037
1746,64.40049494238632
23496,53.42868640561743
97002,74.42522189209001
87192,35.572664729421625
47961,60.42991312535865
19338,47.979558267886034
73163,61.57284553526924
40905,17.450912816690106
8001,36.19343443093391
98360,68.58130666152633
12390,54.1204265620905
35556,42.08178426165644
88319,65.22774647526956
16331,54.162812530251884
36256,60.68310012965989
100086,35.29117085258045
98852,67.0821383497648
53107,58.92952908327195
5564,64.2985120140611
16825,91.24075322077391
59687,71.07348032923694
349,33.74072742073842
40800,50.28418886971348
72436,66.9815970024632
32038,39.09890991573336
93688,35.34435347951809
93808,65.75432565851216
79503,68.11746379256299
13780,68.81650972401498
87251,24.79987684783528
77020,45.607731371517524
26004,33.96076700489493
67907,34.929971243209685
101868,58.47741691673198
10985,67.51458642483861
74194,55.37276315348621
67631,47.39808753225435
15746,65.54463534144806
19925,38.56868584240637
32984,72.35928025911207
5366,56.93779031489566
50653,66.91719611493683
20096,79.23599611761388
3323,46.61160908431374
79851,48.3287637028389
28785,38.37136794814105
7130,56.71534959490208
84150,39.830260715683835
36777,78.87011564975579
35338,45.19806370988208
3783,32.081733984787704
94175,34.71809518419705
87296,49.37386463976739
77897,68.19116500024917
69597,37.14879460823883
56880,68.5021990264335
22185,30.59583244740782
65215,53.14416229242201
1648,66.63348160355903
12827,57.51749524020579
98624,68.77611146899616
72158,50.87884613849127
48648,27.410751871935695
80358,60.73617005112183
3958,59.61851669072689
43036,59.685710303754306
94530,33.41473025725901
48222,56.332606037032384
25813,34.875670040568664
62179,58.83114528437825
6775,43.171703688250545
25989,43.09768786518732
45315,67.78251233924209
82766,28.706677144466767
61279,42.640354603559985
68144,45.3927897231272
62803,63.425982441013595
21355,64.68006521539687
29539,40.29315898296277
82320,39.324201420467475
76372,61.44619065907465
101640,42.55657549247685
86107,69.79910821342925
21940,64.06351452130556
56715,25.496627581657016
44160,20.94485247149179
67928,65.85048258564706
101977,24.50096735892224
28035,55.005250807510066
60279,42.50922124465609
50395,44.93788297661707
93178,62.36067831914409
31558,39.4778845726456
14407,67.6913730170067
16985,36.38268054919621
101669,68.90909018080055
49632,61.453704224297574
20965,54.93375705588642
55242,51.19428105556163
6221,61.79678050601053
95887,66.18922782040543
29857,52.46024733965897
13991,40.44064831916046
52857,40.202394146525116
52346,68.89218422551232
53959,50.437201120174386
37612,62.67693536496782
69625,65.61631181599317
9830,56.902163750256925
79928,37.694535882637275
37942,66.28843686847172
59217,37.082378108585004
20191,29.45784977976187
37718,38.46109677002823
43887,58.519000369355325
42174,29.819713504624602
14842,41.486848598365206
96349,69.71884760271865
65004,69.36376301825474
47489,54.19661774101665
62053,53.88813523172766
73336,46.8409591950875
3462,66.60829737035665
17999,37.83135186057433
43848,66.98299832079499
82253,57.3119079405662
75447,56.14723835321788
2125,40.18215050749963
54423,66.0630885516488
34541,34.336032956264766
33462,60.68354826823912
94190,48.94020415665575
100879,28.108333695579855
100264,62.53743041858073
1091,54.73176668657406
77054,60.07604179069599
31076,67.28803728460835
57977,36.23885220445728
22724,30.87338736422674
34790,52.49598477457629
4124,75.37262066180585
6022,19.42559148572344
59077,60.323558313392624
16785,48.32613917682374
92001,82.70034621036172
17740,68.29003027733262
100125,66.00542032692542
43402,39.118923625973984
34424,43.01560007072626
58636,46.70834580126243
43979,68.71220229610444
98866,66.69146316926856
15180,54.73215741936993
56400,60.74734820802398
45027,57.67951527958166
37763,47.54218379016424
94319,34.2103884423184
55877,45.73265759245782
85722,45.146960524678406
10326,52.6993615248431
1645,55.579353385399344
29319,58.88124712609711
26350,31.288931216648862
96529,38.03319540006347
90034,23.702057088994874
90800,60.84467421800669
75733,61.89016032153303
45222,41.366214251201384
33323,60.11500743590694
41335,55.52991502919233
12813,54.66084632138046
43343,71.46027256815246
93739,55.53718022974621
8265,56.134682102638045
87603,37.203358710629615
83234,51.07456727079483
19961,59.71774672160537
48596,57.94583140796009
87231,73.28542725018384
66040,34.157045469180055
15045,43.710598619633465
47247,69.72472271862917
22703,65.80897650956011
19058,59.94851201829017
88301,32.47986362189315
54126,29.676954363074707
12908,69.9582008574668
97981,61.51093493139919
12032,31.929023103110822
39125,35.52387266878128
9077,46.08577618269419
87781,56.4563759140098
10056,30.39708506438898
30972,39.090120818292284
90709,68.91639687898473
31593,68.60210006928217
19001,45.7473849821806
12953,60.709616647125806
38853,100.0
38500,64.75762095164912
17653,58.81869051038414
49886,88.72642936596218
351,64.9016781223007
419,44.57814194515907
50477,26.141938111740544
79430,63.01443597793836
89881,62.43605728513289
78488,61.863976625089
99743,66.21339498984527
89771,69.50990920514045
78906,62.58684134827652
68176,59.29761506567902
93067,55.24249972733882
62705,61.94612976546436
48365,59.86168467311634
32137,41.102079325991916
58581,61.0659381810158
1089,49.38211117437432
32732,60.29738307239009
47320,31.70577046107529
8801,39.06153793754642
36989,27.661177829817657
6303,66.77463470235335
12303,54.61158092762952
81840,69.2939605951067
10964,66.29044791357558
9620,38.547547137488365
52283,54.308385406764856
7320,42.14700205215364
90176,56.28424644954421
81426,45.81287253679192
13044,68.73346227568148
81626,69.87308826840767
36891,43.42242402410699
69960,41.993104117867105
64863,67.57486328167883
96291,57.318893176314326
76894,57.73363486563052
56820,41.348629124583255
18201,49.23850427795973
45033,67.22887282978301
11714,53.20439058702913
12212,49.060644435081855
43486,68.10733122853871
36378,55.63647624360435
24421,68.06557120975623
83252,65.23165067094922
68928,49.63843328257654
17865,65.78172677552918
98973,35.3094198430713
75689,70.12720568912032
41928,57.21121930695709
38792,62.48186925422888
99487,32.73820227827841
44596,56.439145331220914
52742,58.6823802461205
35046,68.13886243111224
67308,49.03954154651929
56526,56.04479789325317
54751,50.472035338882286
49455,30.85744113079858
10209,54.3906464863191
17857,40.36969778545201
2851,38.547527763758104
15163,66.32672360873858
19626,68.05481246386114
27100,42.1444134329323
34910,24.262844795571237
14587,40.119790986325484
91287,51.44234233571777
99291,48.03147235275529
35743,68.89464587343394
99730,41.555024582012685
34659,37.60331852084444
65550,65.87185415160965
98010,30.17374647491468
2095,72.1915035513443
71541,52.624916564284966
19230,39.70802943824944
90360,58.46705591509177
14430,38.95941271592966
90545,54.00337449432505
45981,63.06192078151279
95541,58.50955540613786
75190,59.76367987835933
63326,62.35823562741438
68476,62.10887998571683
49193,65.85381784835796
93430,60.18806632673406
81383,68.73462973598957
98455,56.540620960006336
4249,65.38047697252183
80340,70.7211450462231
61215,43.64908203204528
91729,70.6171382979273
10731,46.47483731402223
64459,68.95372849682711
33798,28.196178627683253
42189,32.93174783894227
22610,66.43541460237864
76821,51.1183942889534
13595,48.31342624562378
21223,69.18307379674965
89189,59.73829724099392
86248,57.51599557798038
14299,70.837189360979
25632,61.654545572671495
35897,46.11973321570006
28155,59.03214006289093
3287,69.352722759093
25405,63.019842129449536
80932,60.416751126630245
18243,34.04540491637634
95572,24.88972334976092
10662,47.52148714182724
83821,52.670957070114916
33837,43.7021747835336
1396,40.22124167308139
51654,51.98445813880919
81282,63.41521321024437
35061,48.03572475300387
52462,48.623639938568
86477,48.033718265920896
81213,54.48834168009895
73956,49.466302270983334
4235,59.455133414441924
74385,44.596433725212506
15863,39.52160343373459
62941,68.43985307649206
11858,62.96506620283251
94692,43.5053654062132
42976,73.33812672251946
51149,56.096477611699335
96539,42.85823173103605
83285,80.86190783020324
20376,69.2163139813092
98978,57.39866022456412
6991,23.400847660840455
35625,47.03816650824758
46465,61.12184643618708
84204,69.53112301177116
54647,38.453053332265874
39179,56.36724344198432
62239,56.934771725470384
11430,51.49714292900902
74236,44.955564256597754
48544,43.22718589329677
85818,40.165767029230516
47402,57.321233055528445
95315,69.87505687681693
32682,37.140528531875106
84948,31.36815245334476
33322,55.64944216133505
5444,56.38484822494622
53355,65.05276811423447
95101,48.04982068920538
37952,60.787882152976735
9519,69.31512983313692
87872,65.89550458021971
17070,56.38660787148469
50416,45.703557477599205
37716,69.1437231317138
56228,55.49644302110019
68208,23.97815566245457
85654,51.71639251261575
732,43.64647510650357
34164,66.12642986768688
59592,60.11208573709496
48653,48.41330349063473
4292,65.72072802614912
9829,68.36527116039228
38711,60.24251401349515
34713,36.60918838190369
40901,64.1674410124476
43102,61.117786377189326
76059,57.85075935566211
96197,37.16638043924157
73632,68.58954957506815
95392,34.872987637886716
13574,42.20037886109462
79060,43.921336582440354
74690,53.766206400791646
73857,54.122232970491915
64038,65.98981608001776
25121,71.0314580967577
38343,38.03981285698426
30740,69.82368972985833
36266,63.82617171921486
65508,27.849055474804846
75606,56.3120208270823
57228,32.12058820600363
87600,35.75676233535609
62111,73.03963059678321
79074,42.79000829058835
31555,35.82626147192784
4979,43.947988848307574
51354,48.653693066847
38726,38.85332027328577
1241,51.792057108341695
16753,64.24460989503412
60582,65.78766692503797
61713,20.109329001123257
85602,37.11907864699338
70207,39.73790646725391
27305,26.466752844877707
78462,63.79189603460906
99384,68.52989233668104
40681,50.14094049196955
84355,31.510578386371854
18613,69.5410873376331
10199,61.63250491818105
84375,55.41918199970915
4665,42.22080425905088
8344,68.21975135949013
52409,69.02505766833733
36729,41.970739004378004
89239,70.12702321427624
83840,18.839762012899605
68092,85.56782637960417
100007,33.20828401171538
101380,44.574416354680245
34037,56.33363871473375
48535,53.29523777236295
64948,40.45594513953918
72298,54.357837402612276
65907,58.301165627785004
67564,65.60627304534144
34698,53.85500971617938
39954,69.30447462576038
22423,52.7509153377001
2160,43.28075144571533
80102,64.06740490908876
29039,72.97333843969339
20445,41.75230791776173
67128,57.177332380579244
90008,39.6950382363121
32319,54.866110465701276
56320,67.46300900837967
89416,67.39403026279766
15485,64.9032737354499
68586,56.81228732247508
12716,40.48126329292119
20113,35.060952196780455
27241,63.61438834560706
39071,41.27075261970406
22351,34.523106285070604
79246,59.49185142496611
68522,63.445093916610034
59195,38.24208011499806
78327,64.89549271074442
29580,24.031395357185485
58577,36.687567934581004
64060,55.11287165574901
29238,75.80424135105592
117,60.06573279674174
80044,67.88936622829084
71758,54.67475997487004
59419,59.30172364239361
14276,65.65516138672609
16824,37.02484375343552
28178,68.32475721661277
64373,35.539524160005506
40827,35.89641506923672
39592,69.58794725371007
72716,70.59896735736733
80637,65.89644408340247
74979,58.83662346141953
82496,66.88319202413768
71384,40.03149718643292
10331,55.19399705597369
53533,66.79107964369365
11179,51.282576346852764
1496,69.6089236755402
89810,56.00871838850648
85060,61.064256398815445
94768,64.24790558901182
39911,25.536829576569662
82942,55.616897278549416
87178,66.31987034156924
20499,30.589470695444675
14732,60.180262043675654
18882,69.74052617547801
73989,45.64577837709618
30856,68.53647044614803
75835,38.54924179185707
13437,36.25134386789703
86254,35.5997425636215
44368,59.598543248647665
15978,43.46032105599046
97688,51.41380405462029
13134,37.90024432199855
90031,57.417520267513694
7705,63.781556564536906
57335,94.74471239217988
100342,26.115475149391532
64171,49.98665859416647
41468,67.7048340312193
69589,36.63788515361599
36905,67.74034077145433
36671,50.08014601564051
30078,34.56512713734196
51025,47.93377378055051
60761,41.67188009593433
3646,55.78808341550792
8840,41.56500490496696
95269,42.4989207629203
22410,67.15140643981495
68302,25.872505575892788
89187,33.13570297627214
28060,68.4946680520716
101754,42.145233680958675
21890,54.98065933176098
61787,72.48539772717679
19009,28.64760409231914
73983,32.48262876531585
47728,59.92843316687569
100576,53.71000927177819
79179,68.91492809023153
2491,50.69812648361778
54672,63.22989384144723
31955,80.89933333333335
10174,70.42807062927754
99134,60.88224393282751
89833,46.49012377579734
92962,56.2761851814099
80227,54.4839584204225
49730,61.870603449131195
36249,23.79545114244083
84199,42.432907857609344
82544,31.946620479964913
52708,60.077919707952994
100043,40.26392818762619
30499,63.115548484099826
62716,27.759952764509126
18335,24.054579879586218
96319,34.69571980362735
61964,62.450428054274056
572,26.97679224010543
90200,42.242613329593844
49007,57.089177593258036
90791,33.21032837180743
95089,56.27371000954829
54104,60.50941937308263
15047,68.99161911207642
36096,43.043593626223874
1904,45.33951200327091
101541,69.47616977067788
21751,64.43038537501144
59402,60.686587730505615
102276,52.54079180487043
69403,41.10683219519819
90937,45.97355764819944
69739,72.54630109051969
9689,46.44792118368477
68537,29.90563341115374
56463,58.57983379477302
25041,72.3484342310522
6811,34.617311320230634
554,60.43719224820094
60684,41.38544535265845
46379,61.065324593938364
35818,39.62178370425782
8944,69.42074253847377
61905,60.82818013649834
59583,71.47586927490107
100122,62.62977825625768
47664,29.857346454945006
101748,69.29998728106864
97137,41.94531132135646
67090,68.87188594568033
96658,50.41462454967304
8703,40.18004914386747
79652,66.38021798644914
85096,64.09724265684204
75960,58.41560753239453
22996,31.80927498306721
4218,15.3800721682836
54310,41.833630600691514
95728,64.10198498508778
11650,49.20966634270122
66066,46.53341436506935
73252,53.009710810522364
27269,66.52197869933964
65858,60.62035261506958
92063,80.77612301587303
15212,61.621931584694515
40016,28.940914784529095
48013,47.01620684030798
90173,59.64901518404841
43705,51.335340363399474
100642,66.40251913362162
70981,49.31288832716064
83002,51.246421613729055
66103,58.23810628290637
27723,64.7285931224305
73322,27.3836022098493
76522,40.724971570248805
17977,22.649833340851114
42930,57.979891597912875
68031,36.161211697209644
21711,42.21416546762276
19023,50.928211578868115
51518,50.83584696222364
59429,67.41543428891225
51250,59.12208979338606
7206,73.3488949512768
10398,68.64968455157822
47508,43.38450057163195
93544,38.35994829650328
70269,36.34171814685612
43951,60.37907344870893
79369,54.30381454118609
64136,66.86837271852075
68329,49.490226289489456
34486,62.664152345148025
26955,62.19420346180587
92045,58.19744098105789
82172,54.26149196438347
50779,48.580477109173465
66364,47.46817006589074
74445,62.26122324419065
99605,27.9692003893392
39197,65.95264205088208
100423,37.8832547151752
47073,65.96219787128126
63837,62.56268451807022
81060,53.92648327144571
71408,66.71819519498996
33096,39.787787213540355
3611,64.65971713302716
89526,45.50580808572135
63585,49.206056648359294
23428,54.89354830009688
32055,67.45565570636646
53461,69.96022139929403
59546,69.81708038320357
100280,45.140773586109916
13496,38.36182382938987
61969,63.43590759765346
87829,70.0368748962194
16125,58.58854313103511
30996,22.60804926739577
10665,65.3093033357612
41019,68.34016961954637
43148,71.03243009112083
95113,45.996918531169555
18998,44.97876957304278
102406,67.00216100598975
86769,43.27135291135823
66685,60.659289042877774
85821,32.747523001506856
29687,47.91831031200795
52509,47.98752318550506
13894,63.43936145822247
101729,66.63937064306504
37658,36.27545354397123
85021,69.14302884849
68049,27.66490727442114
39979,67.4506428498807
84106,41.0465927906099
52443,58.65725438242744
89785,51.279912378647886
9725,47.98141234315388
31570,42.33244541302776
49791,46.192083039780556
86444,39.17808950600884
9176,35.89438602147435
48474,30.839798053804984
79548,67.84113509752028
28809,70.48008333333334
69097,61.4419526343331
34812,70.65446445067056
24399,67.53201428833937
88270,64.13969194812437
39102,60.669767725673694
89751,34.90377909644372
54025,30.106106213517588
8503,44.15993455959785
60047,68.41146934869369
24552,69.87308826840767
45302,68.79329181774423
79185,43.442580051402494
62109,55.2303004695439
11718,32.38223573825277
98350,46.48233911246859
6157,37.39636887093805
67597,55.28751463116385
55626,56.48993768679415
15772,64.04638687681553
80024,67.10833965872722
17912,30.055377285329588
79946,42.53064097335733
29497,67.26287084120351
13811,55.26113108463162
68720,61.85471190912371
75770,49.87755340372961
12498,56.37346474686118
21863,58.26030512475338
70752,65.73856630972607
32232,68.11965527235547
32410,62.34601527244789
51594,35.29005135426191
9159,56.31753729382831
85460,60.828996411358766
27028,78.10610059039769
81379,47.869401646933554
26401,58.309970311743065
22035,28.819456262179312
52527,53.05549612277204
98620,68.83341444551198
59103,54.78291542043212
69127,31.112958352464616
48797,42.66951626810585
6328,61.81908027084462
12169,55.76009451632418
91267,61.88684779104463
51647,69.07611211630686
58424,60.42787239289741
74178,59.1545722835259
92824,65.81656488144868
47852,13.389361723283246
70568,47.380351442222164
24611,65.04104026649323
87885,37.84335089516983
42702,54.50187577516314
61980,45.18567741025997
52522,62.5103012605112
58591,34.40652411621381
61268,61.032854652850574
35685,51.949242139905124
20234,59.67082545819205
67071,63.54298153122872
21723,44.01735991448362
88056,20.798725720499398
65213,63.311123452121954
1526,64.45734669611714
27757,64.7353768802209
42027,30.358040104882903
68795,72.72383314941224
67102,68.2607744165943
88359,50.55740037661449
26232,45.29680918122965
51524,42.29180479158768
58641,67.39097736267703
31926,43.81092943252681
68934,33.06503195343242
60679,59.38607321571383
62873,47.1661573388922
40886,59.31112452220077
68278,59.393933039087905
33603,41.84265353961967
94474,67.17475808684593
9997,54.628782248845354
22910,31.63713111672236
62684,53.71277480305233
19765,38.656131070767934
62671,62.02032337557026
42565,59.26838408816465
19451,69.97921479925712
2638,48.243961913566935
54079,33.465770914828
24849,63.87969344247186
10309,53.090786359033594
48772,37.81820131871821
85038,14.723054048773902
83845,49.67662181276563
84824,66.1611018867844
47059,67.07317762469144
79486,56.5566104665175
97546,48.35200136977171
15521,24.388288101764672
88404,64.04180013763873
53897,42.619131927437145
80436,18.36148805459789
59943,74.88331738058388
99418,53.878025050565746
51394,69.81431202628067
46068,58.48013621726503
88996,48.596972557481884
83195,33.862907409353326
17768,55.16732225267577
70365,69.4761889183046
55271,34.71253647860842
88316,38.10645726238592
62229,62.26170863463533
8505,64.39313505127231
11516,68.0156950304355
96393,56.25963709119108
94397,41.733691168482984
5186,56.284334429614816
35543,48.16004156553521
4319,32.15820697705152
84195,65.16245742028657
99461,65.19879779669056
49703,66.71472527907918
38150,38.10892652365195
1284,70.40506795093575
82476,33.53878875920349
16224,47.255940077755206
67629,67.42005532291039
47284,66.70109774002997
49263,34.20855728902789
85439,42.069278270763846
16175,51.39098480077375
464,54.36359400947835
66426,23.71949343954442
93187,45.10583403435467
5791,65.0147238141055
53458,34.76462287271581
8176,57.32614789892711
23517,51.481512553671536
86188,59.193941519088966
39184,51.998746729511055
71451,67.69688946177573
81137,69.09071869316854
76895,61.660983943831035
24842,62.41475978807791
37705,67.46300900837967
92296,70.31938374156599
101793,68.4661486191081
84036,70.36939118624844
10678,58.90174683403754
23437,69.32736275145487
75532,68.16777332333085
16526,68.5643072537584
54505,66.74962615736521
68832,61.51946610836234
29165,57.82458891281141
13579,56.68743898329009
16519,60.83930130644047
27798,51.67606760743397
70063,49.46420329208701
76767,60.234719808541975
36961,67.17563447906853
37397,42.06882254315552
28744,68.86831169374254
25025,59.304519311694975
58142,69.81526019323871
88097,48.0757268478321
34405,66.5301531806676
46426,32.75983651210118
77526,71.08255031551758
39431,64.73861804122204
46160,56.055334118241696
54284,70.00484406587049
61874,56.51666903997157
74836,28.99888414743996
102252,23.966358353786053
79909,64.90013566597037
27775,68.91956169374254
94606,53.32380827411866
71783,53.489859120531385
37411,56.169407206414824
16332,59.13420541860567
48664,68.73871459333897
90978,54.24003707312013
52912,46.91289060104843
78584,69.57040009312185
32550,38.61171883885105
55428,72.3578294818148
50596,41.952554106004754
101461,64.4760829973812
7646,63.19702714557302
13861,41.44238807099812
47334,59.62605413366677
50519,30.073336853238203
40763,66.16115328005507
34625,25.42739477803288
50476,47.429120541562696
21220,55.01297657897044
86372,69.21384748320493
5335,49.96854364700527
35349,30.73500187033577
17537,38.98438580843422
58426,38.976611003398645
55133,62.713010563174656
44253,60.40595659573003
58843,36.93676959820348
20951,29.934731297648824
65394,56.45438100057419
21368,65.01500429204357
95563,56.61014652680169
25491,65.36252726007217
25195,21.60731782238345
88384,56.76428613314295
7054,23.323419556522044
86714,36.00334496888001
58386,28.462809366734685
81033,49.14176884440046
41370,48.1080462611864
8968,62.49691397860891
27907,47.339924317464295
93075,79.92426982106981
69193,69.82611645645198
36202,74.08125
75497,39.76772120268693
101726,68.94177489251966
57273,40.57840920990966
25401,25.82491510496368
94187,41.56488175436121
85409,57.21172866853331
78543,40.4048734544633
31456,67.54553868001452
36052,14.494457265451702
83361,46.086043405418906
52571,34.60012306198131
21611,70.0461655704955
62221,42.42269992499002
54862,62.860450371096924
31288,88.33990471470484
43745,61.71203861449934
21029,33.30781593267302
69271,57.71794181301489
65974,21.93428101403782
51489,46.551941760861666
20157,50.641148895085195
27075,63.866868765647176
85519,65.90449879812641
60306,35.118675600875434
82132,23.371143931912243
91774,68.59050386601915
25650,60.16571204264752
7883,57.26377409947667
85852,43.135889728872684
2654,33.24478887175308
58471,46.8311526890491
55836,31.463455172061185
61232,61.451456312837415
38359,62.357941335357665
92358,37.80565787382185
9444,52.19305776983424
82273,59.58883681247367
93968,40.90288948712034
44739,62.7774739710917
68108,61.28108942289739
15664,51.49017727282152
57381,38.74592111554158
59226,58.02619441139301
37481,10.511893632537317
81168,64.93649446400731
32517,70.09176846062479
88508,53.831811769347865
6333,47.095404161376365
61762,64.41748319452738
36420,29.79533734652543
27330,42.208519122740014
100274,57.54325993438273
97211,68.72072023032791
98092,48.048758099895174
2832,56.00077339308645
23094,67.45574389814317
55408,68.63739650011915
84236,88.72642936596218
23678,42.64249834732082
102075,24.240491691034894
61664,18.73661832594159
93420,64.33541879121861
10839,45.95869942689374
80195,62.60073033497072
94294,64.5269024602984
24207,39.24875510255005
74597,67.70182759669369
44140,68.11746379256299
92835,24.329924090755075
65828,68.34496310478258
9745,49.35276102398111
89459,68.20760130910072
101624,61.79515281607818
46263,57.63966185295771
42658,56.94116368877741
19936,43.75133028742223
15927,56.24004433669023
82056,47.31676008260056
100360,68.50948393729031
20871,58.82924835642178
22501,36.0559023007471
20024,41.08493468708375
69267,53.88481001653288
1437,70.32538467287289
78793,42.18764931444097
80280,55.34823389903279
62611,35.34369996232078
40246,59.1724730927763
90949,64.32407784859062
53333,59.97111581438395
7622,72.4565740293123
61140,24.80872156657766
27480,68.4491150578069
25771,69.59094448086165
54526,56.13434271429324
14197,55.26397158769539
82613,46.096280192632705
49335,69.63022634459247
41998,70.01898916001633
53209,26.893033810394012
14519,60.92997976933622
70093,44.43338582197643
80658,69.66077536091485
93784,39.745912464986006
93049,26.345581402527756
94353,42.19050764664551
97184,45.12653593576446
25146,26.557428090154307
14169,54.79148330673716
44839,64.00273009368392
45884,65.21050406801122
86725,42.622449409190224
85697,54.57693975621814
24234,68.76945461762121
59577,60.61400081260314
68212,66.45201867095783
30788,55.84653651191072
93994,65.89933058605646
94536,62.34996222843646
66155,25.79281587201123
40431,61.74148203332252
35307,70.10702629320521
19224,63.41851120830192
19052,35.95446344060832
50865,61.163269731123776
75906,60.96095139793074
6097,69.50303067107274
37429,64.09886999445074
85114,37.58511171775982
29613,69.3915983056549
75051,52.33739616686638
7655,66.60747158732083
15053,70.02581998691839
75180,41.29807780797878
89120,68.4423995899434
14771,38.405966668503524
71702,63.23511066017662
23877,49.66667550476311
89361,42.50442658816734
3915,62.2444679683767
10193,64.65881827838501
23107,58.98236682270537
445,72.77254083564735
71847,41.12636361886675
64160,62.62505944081938
47257,60.1611071611613
4599,51.25951703058997
28818,50.00802839453863
2683,39.72471930942574
59451,52.55022336301817
101133,40.593438031808475
57441,76.46063717881967
92413,52.6874974177824
31086,50.482793491120766
2509,44.0411637536087
9071,75.77957468438925
2301,67.74633540877636
5012,55.651649287001135
74636,59.67585862191485
1005,67.9256983407859
84476,64.7285931224305
78521,46.67042718823646
73505,31.06607003697651
53816,43.83347381688532
40758,46.615418205286495
96525,62.968299381426476
1941,63.945059319895535
67521,63.354897540527446
68756,35.621695136140815
23404,64.87970920267047
13255,56.252488638286714
59505,67.95558484695027
78469,40.607671442869346
54311,39.88647920991547
29027,46.13225688403899
60559,70.08668632572281
20836,68.44921286622817
28289,31.562976946181635
38787,62.441869254228884
84728,32.644777716502674
95569,59.84539758104217
53035,44.38845253047017
59736,55.59636731895991
65430,69.74052617547801
62391,58.655486627595735
18600,66.99770622010125
13591,59.60166064816777
101790,54.509699554549634
85575,69.09071869316854
99483,35.372834065732086
30522,64.78601495594879
23864,49.17154442032403
46792,54.72421032238162
99271,70.43782320961057
52891,43.993295232068846
69409,49.48315933886304
101188,37.47182297431668
24795,46.103346868519985
77111,69.49867596931585
18459,29.612200764632643
100661,69.27817455018706
15673,54.244812870709644
7304,66.34058021706254
17638,60.23277264592614
70421,63.828332437575654
85652,50.98939366933464
43650,68.22898536829466
96787,33.603030534096604
58126,64.69939157956763
57061,63.715229088018305
88010,65.10058908560099
25693,65.1533514735013
13121,47.20590394807754
22422,46.01805789583808
78264,55.37187014444986
62731,62.308868399959074
87153,26.062471172160407
49843,65.35807318188387
20657,54.926122310915865
85081,48.05570113505728
41373,46.883553760795394
21652,56.20387426445255
46101,49.787110880867615
29816,54.913076715491364
94369,41.759859597860306
79732,69.0693610737709
62084,35.810607115278664
75340,38.01526833900456
7735,67.7098716944979
52959,53.257668242775715
77744,41.231993040335766
64133,45.48437249244447
51003,70.02581998691839
42407,67.45086306143727
72410,60.40223160675939
37154,30.371934841308025
136,53.78933030112181
29826,38.68998011064518
57347,61.46859672146392
54757,54.72929936320776
14256,56.73168993363599
36909,80.30285328185329
87965,26.268741640142057
72534,69.86813533414939
22784,47.24227612061762
73763,66.12586602427062
57087,60.8157186560371
71395,33.26817225599555
75358,65.45343394440093
71363,32.491123116193265
64982,38.259939720513515
12028,64.05778635361926
21998,96.74
43017,58.602387333580424
80731,62.441720657860195
40828,38.34203514778339
39252,34.77650963237323
63427,67.96798687313043
4578,61.92861185156098
31563,66.7203691591765
7568,38.48379863132307
98924,48.85625016364086
54766,48.126598240666155
31533,48.53453953208107
88689,64.44742335507729
51072,52.556458185800714
57454,38.106906232825374
75714,59.82935341931931
69184,67.61720363806258
66302,68.0326437539255
65136,60.39918282281488
56580,39.3912024105431
76109,59.81818949489632
19551,29.69071518567018
19635,63.56242908496399
45148,44.01632957556272
26197,53.95933622529639
80012,68.7551728037744
92887,51.38599952609839
21407,30.986340014645894
35022,58.83130121411537
22181,72.66951552078426
87779,50.861468619671385
7644,97.88
79725,69.28146505793305
20383,62.556302039335804
39263,51.392305111164
82430,35.40847505169431
5604,37.49519212731125
22477,68.80660842459363
28029,61.157596552914946
55921,68.33898475184938
50133,42.67115439302083
96886,61.85931847685061
11717,22.69682761018188
14287,50.23069432631427
73958,58.36138810388148
77548,60.45524134209561
58611,52.00202549576819
5671,69.18307379674965
38626,69.33424209360784
26074,54.056601057855566
33696,45.020761369876624
76279,70.26394445889119
58224,57.589531650765224
25214,63.358346918164905
83889,55.522513459938146
72411,68.3002965482886
22916,56.43316081798451
3369,59.77488850092664
85004,40.84738559103805
4426,78.61094898308912
84118,56.48852020622158
47129,52.10640956619977
69752,37.5859598124767
62468,57.84781081325016
38304,46.39535837110128
67004,68.72282144866729
15833,32.176076623011824
54426,42.373630959105476
9861,58.75007981289147
4051,57.95868887322853
81283,65.85606589162732
101562,20.974950373312854
17474,59.10249719383299
18529,59.12092454631189
40173,34.372011895444565
77620,35.506173598781515
79158,65.17924355197056
68543,45.54363411082192
53527,61.68499201565984
80989,31.952465802599065
26335,51.22711350225161
87014,40.82618975701769
18205,68.46063684019848
79301,48.06376076471179
57297,66.6299899344633
94088,58.16162164310124
79391,63.45543656854401
90798,34.257184527991406
4706,64.30020942336702
86160,39.025487319310685
13106,45.938210906685434
101861,46.62712466175918
37126,58.23128594893848
25897,33.49421406898412
25494,47.12539080610115
68326,55.524831741185515
4377,69.85396204052815
81655,65.32976827692582
60952,79.94322186477444
78106,22.37532963650113
59885,63.62175087981428
29379,46.12808866542738
70780,69.60738478774051
10166,56.092371105194836
49975,43.02233126106086
27383,65.1405530126443
66521,61.51231421912563
15931,67.68926411198926
35597,63.52994367266372
60120,46.05461178581547
49566,36.43332187263335
14182,61.563370492550305
19314,53.43463854250529
57428,38.98030430615945
37298,38.41418174148811
95886,53.22716799195584
30260,44.260842876175055
48460,23.38746056741923
50951,40.681171529824866
33647,35.799159144943786
98461,23.05383843366393
88950,29.562582358031676
97105,69.20393716263425
52864,55.658979021579455
12602,20.858184013148648
4472,29.61488891680101
35574,59.34856148400221
66135,42.64362046730502
25274,38.87177456231866
42536,52.02028210251673
80777,50.212012336097644
18226,58.99219672319142
71975,69.69591368332371
70507,44.01109280198905
68623,24.616816877064156
4623,68.87188594568033
15649,56.77595196143391
87404,35.596952202183765
101462,52.330970157164565
86370,38.20110673296122
95236,36.169566997406534
15501,67.97870319908745
14936,68.46017283750116
53860,68.0326437539255
19453,58.106393457614914
34588,68.25212070902798
51033,69.41101452003346
100591,69.40819804870367
35724,58.7635446853511
86617,50.76547127393873
10427,61.861489529459014
50925,55.13398854786826
46619,59.77021230735073
55943,9.449797117793484
2914,47.521169548121954
96286,48.6105582006831
14088,44.07346222291247
89599,45.5881956082343
68361,56.387761001439934
47442,68.91894649597768
94091,30.589677583788763
23686,68.96792618722029
46315,38.649724784367706
28274,64.30001386914378
84254,71.42408231026482
52210,62.3295067391697
79896,69.04991362737427
67249,66.36867512085732
62637,43.17102905151815
631,60.65739498241734
44351,67.42556813307112
79165,36.66786808587685
58502,59.430025777289536
65402,70.92800318483629
43214,71.33233595303804
23346,65.95479059352837
25774,36.63813831101985
7088,50.47667570027456
92378,69.8006630385001
33372,63.540001682992326
67392,61.91900566575834
15893,58.54760621496167
6331,23.15525677776879
16830,38.34363731040501
47512,45.40943089134647
20051,72.74207483707896
82228,36.72768246277317
523,35.55353861988507
70740,69.82048196231781
83993,50.769294315955406
10585,51.68293848399747
37609,49.54304241787823
64910,64.53123485001241
90236,47.354091478696745
34661,45.67104603172141
458,69.68098918623053
37074,35.30463445659092
95938,53.954254395620936
39965,68.5394958640498
12403,31.617472377344367
85481,68.32950000000001
2430,60.85911202558146
49198,62.528743479818075
70849,37.630280936414174
10835,23.604344559792008
22341,68.14872595279697
11683,39.18539976564756
39552,45.94700392321832
28027,45.00753240930177
17965,41.786154031173574
26842,42.49282460722696
54483,56.85407467751068
18954,53.45940692949435
36043,43.63903982230531
73245,57.963167574089304
23579,45.69608556990331
9489,22.68693187344557
80123,57.420660937601426
6095,50.02836208141804
22789,98.0
67230,59.815144993795364
11646,63.35450559239519
30704,41.57271612231608
86283,68.69268506955858
301,45.430153346481845
27036,54.17195303695792
75342,76.36530503971628
79343,63.382527645643016
61928,54.56983189975345
30720,69.16776109175966
61788,42.00545389214662
65335,69.25039810041746
8951,62.15015792599748
82632,56.61144352341157
16301,55.92824462327284
96732,67.79680196874835
94454,28.123152491808092
22821,21.970841612510153
86685,62.410864057495644
74727,50.06178888658064
89726,52.56614403225762
100323,43.29930439661361
65709,40.76491687532472
96010,46.170817745898624
95594,30.15327894057449
60922,47.128613636443305
84550,36.888823870829526
98060,59.91201689404583
97555,60.024509265897876
59579,55.02131918974605
29651,45.251105526315975
66397,39.68514771313252
32795,38.6271136079628
24822,68.13886243111224
68681,64.18328760112779
40347,69.126999562046
63978,41.147984610803995
14058,59.39513458958338
71746,82.56526709835777
102450,65.54127948540491
77456,61.84143596785625
45953,63.18297270095696
50496,62.703269422928834
39359,34.47194432865001
50682,41.15403591884271
70579,40.02907714302302
102573,59.68700518864308
19986,53.11304709844568
31093,56.33008039582235
48253,59.70869681064511
73247,43.40846868519049
46003,68.85256928941311
22029,40.920569558848186
97160,67.35361753996023
84189,40.17588926902075
7497,68.1731637789663
37243,69.86813533414939
41653,60.50901222517191
50717,45.72663414145235
80595,52.45862003554644
34889,56.34959418788092
25250,38.65422591578113
62358,69.5774952515188
95081,58.195232021534906
26135,62.833203485996684
22800,80.15024673976708
48152,59.34271557337391
23089,32.197730851093255
43738,61.156206507958935
95141,24.305147479074495
33369,58.08539172888985
82693,57.823088580533366
51248,52.34399588048074
39272,61.56809645260865
35155,65.6577711202524
85483,39.053187591787626
76494,56.05836996731212
49689,32.489064564950475
10073,48.43369622761101
13702,43.764234859536465
38550,18.09425616324673
13021,53.345890280084696
42586,42.539727058941246
25042,45.474996598518345
2893,64.49140668365649
7864,35.60330637846892
30074,68.58765831047477
71685,60.1933352393363
29593,61.3086518530673
28142,37.89581874017889
62180,49.37752078204803
76752,59.67335404466514
101173,56.496112076812025
24770,68.03323734962261
11757,68.94177489251966
8289,61.530585887449995
98782,61.353787273531324
75966,52.80885898025118
74819,39.97930327112785
67534,68.84544319833674
5337,63.656714494222605
23023,49.57795492103128
56728,41.619201672593114
87154,51.32578438335359
51728,64.59972192805432
91617,59.68230764006068
97104,56.3437982856605
50111,84.0
64952,11.720881318316806
92754,51.68133090382796
1833,39.01966177134953
43500,51.8872742801424
41683,36.23454360073462
54060,42.27678908249676
16050,45.43786542535191
75882,73.68103297378005
87179,61.8838531158253
11242,69.25039810041746
90293,67.1581037040679
59185,64.10076504970135
28435,31.894803365346274
99898,32.032799282551906
63548,67.26399547800408
95644,68.99370152137841
50597,49.484953965740694
46350,12.942589107833172
59656,57.28381352962732
65217,26.643135357876698
72197,29.806773109646816
7697,55.258960416814716
5067,68.27282107539769
63875,52.79311368295164
44918,43.02361689086062
51868,52.83595453894836
77593,58.85930374977137
5393,32.41680114781378
90362,98.0
33712,64.35228785381156
43634,35.21794361332433
20723,58.95443281795899
9418,54.898380659327984
93403,34.39909496092392
619,71.77119423834007
1963,42.88473243755694
88932,67.61310229485294
70233,70.28681356497835
94403,62.10338092969967
65236,66.1062885670734
82948,68.25344002758787
49849,40.075220020056534
37587,51.272465162881346
44441,60.98184514245303
19168,65.64604865815541
7256,48.87281941629814
35999,68.87188594568033
72618,55.16874417518777
20146,62.44158954435001
84325,57.2953562500578
47456,54.194361894042004
3099,39.81615835340731
51923,59.27728854831237
38364,57.302963000306
10634,28.991453034311263
42157,65.6047545111896
396,66.94516187033334
96833,59.509270031015596
80246,32.26973098337919
13240,56.3483734449218
17501,69.14323817001869
45307,68.33965574190427
47439,55.4822511304618
11120,69.54944004282679
60671,62.39115006640031
88584,39.853339669207436
11096,69.22087423880117
24095,29.700009806462347
9775,64.33354376846967
12122,55.40597240177366
79497,60.39605889007404
60958,38.646902681184486
41960,69.79895499651843
32715,34.9530197532977
56639,28.28023319034844
87973,55.092239579981744
102417,67.11798343196348
78239,55.640533002852436
17961,56.49823715192102
51799,72.10980412022376
25074,30.677705234992562
52323,56.50427998404796
21481,39.52759984618122
59028,71.08255031551758
30466,57.54761757407963
62964,66.10134879515913
7935,57.84512476699767
84851,63.9847317483372
51217,61.329602276605016
28711,67.17563447906853
97478,68.79948339466574
66625,67.10214662429081
94083,65.09467242427164
95088,70.91266893988582
63138,41.85409664539411
99785,56.55074310549725
60727,54.57307216772684
100025,35.72482390946585
92884,32.138825551064684
34572,67.43236218876812
46807,54.7131712391391
21761,69.82368972985833
5819,49.243566750392716
100544,42.21428605105565
48384,70.33671667307162
84696,54.03991165764906
81195,53.46401421454064
27569,69.81526019323871
48454,53.02492387586156
87874,51.74353193153316
8202,32.001081486498975
54808,65.80208684341946
22727,55.838473780555766
54269,35.38502285210538
43688,59.544850116901806
8501,62.34901889092587
91700,67.8515739262051
57075,35.95001244824824
4459,50.212181318801164
81873,49.25745142711723
60592,54.335297833266225
43107,38.84471950824023
70011,73.57834341608901
82276,58.608330099703714
74438,37.798451129085755
20193,31.733908422873117
50604,51.55072947464124
77436,65.94398812749174
101096,21.65931180743525
19991,74.5788800552736
88927,47.15787475068818
76881,80.89597598260133
76794,37.420082728002804
67466,66.86699378802894
95640,30.002903780846204
15363,32.5522653658598
1969,65.90136031081737
26981,34.46142408927144
51508,63.87300057793267
25403,51.32060901151579
48998,53.05383564056744
70290,46.977645581930965
76638,56.700546898301816
85391,46.1613778902417
85306,70.7211450462231
58141,59.70136589680405
90139,64.67443762007994
47543,54.416197846705536
51395,51.25421117779584
21287,67.51698614479312
27553,54.511023492714195
60889,66.5301531806676
91189,37.72282214968131
76641,42.40632016705686
18042,67.19230334736028
35810,52.46373542220088
76730,44.23796388488459
4732,23.477001666844643
19294,66.38251326910324
31868,51.73902289270804
17936,59.40943146028679
21569,30.711474356695316
10227,36.223504908419734
23390,58.231331889443524
1541,45.41391329090218
21618,52.390573882639025
57125,47.73699277561896
96003,68.02541477770654
19769,35.71900660851521
44852,57.035167756591264
94969,52.39708617150769
24684,61.08481429266402
774,51.57380910539954
51980,35.179220170948604
85952,60.14584611364938
60508,59.584264568664736
91960,28.126532607266885
32233,62.85240038223169
63107,21.055782757631178
8517,60.883794490791196
10905,58.71586215815586
86919,65.28380756325294
17976,46.764907383036764
14878,32.38565052529856
52903,62.78348866790588
7789,52.459640305736436
72440,30.291324087366817
26230,60.7860051541699
67105,59.911131492182164
79235,69.60738478774051
5669,42.914058377427146
85445,64.32821990536785
28329,66.57440805616334
34870,68.15030367214588
1001,67.54879027863852
76342,65.09022117640839
72722,72.24358420434655
23570,48.42916345350317
84140,69.50517538439196
98340,70.19420862895072
43709,49.495960445701385
856,57.4065822914414
43707,70.63231929889604
33806,63.70581483685673
82529,40.450773671716135
55040,58.604333500626225
49652,62.59571713506824
329,59.12866611298429
61849,39.166658342754666
58433,79.28291666666667
58684,64.35564053980629
39801,58.58338193891368
62310,34.406109444259585
55573,47.15768975407652
93681,33.03325822489184
45116,44.10287320850683
64839,38.973039724997754
34498,55.84994037316229
54795,29.920954960157164
15097,47.68709286623699
1349,61.78110278287665
36681,47.88706661867499
52844,69.31273204521023
93788,81.09696428240125
22056,21.97486450942008
37546,55.07123785757539
54687,47.89139986107869
72027,51.373978056189046
17947,70.08668632572281
54665,67.71771097073551
101021,58.60685716750204
1696,43.68430923035639
28024,58.88136492593654
25545,40.82552203508426
96034,30.861786028662845
31469,42.25363456909138
88976,63.25659708073198
46377,26.441431672972172
63505,48.54730777182497
56435,42.646371488391516
81754,58.104822917189786
100332,70.87465738160948
86589,76.75448857177754
62639,34.2174539314975
66087,62.446700617515525
52629,61.51240874785831
23646,59.05916600683794
10236,20.44000490485387
15652,45.338149093721775
70484,69.36067615558551
8819,53.978182493467145
14134,81.76994100450455
9566,62.82814243291825
64498,38.64789159417389
62154,51.49926266521638
29079,66.01766286811213
82537,60.45102322462478
66590,44.93924324902203
91883,68.31863298860827
70383,38.7325288657302
102196,30.422479811352172
88152,70.33671667307162
95762,63.924593624035566
71983,35.887443721619164
27329,48.334200711035066
13707,37.386219193353334
72762,64.51475180626589
90004,67.55730206008735
28712,59.54905276528088
41846,55.40710840744292
75863,47.651140012514986
60081,40.01261118787395
78070,72.48539772717679
97929,54.294276224757944
88058,63.074274087300694
71888,24.236252277694398
35124,65.57630229577774
71946,60.255780584371124
18930,59.65082962968184
22061,72.02801163252806
22192,40.28613733887094
53612,27.541671841013343
67669,64.31032750238347
68172,55.087716362324066
90948,58.372441932644726
78523,68.80169704411662
94767,98.0
93841,73.83333333333333
45931,39.45386649694809
99336,47.585029896875014
25509,57.48235219317354
54548,54.06447427321807
16896,31.31457331510738
51798,68.71619567026704
20243,70.08668632572281
83557,63.30571373693072
33352,60.177506402055734
97247,67.89074938918928
21075,72.8807757565977
26637,55.102108428944504
44642,56.81040664170232
31376,51.08604610980268
76069,12.938546668204333
73184,51.54579650961286
3984,34.90979305106102
72094,62.64553306335408
9646,36.73566514851642
8530,56.75302759246188
59836,15.240001805431374
87100,50.77466693121655
35463,65.9507984191743
39418,60.87763514562941
3079,52.89844871645537
5981,57.35432447226123
33545,65.87582941329634
62050,58.51896445243
51277,30.38089851548783
102101,69.2688631297298
31906,49.20007350665814
14680,61.85360385705365
85755,43.11673884270771
24960,68.33412317877976
85144,68.83341444551198
97214,56.91957672439099
100039,62.03764885750785
102254,58.51887895710876
21263,45.49057644747034
72586,63.6573404563331
76627,74.05125
45207,56.73415107882349
33081,42.229510133318975
2155,67.61775432676431
97003,29.973147258127398
19744,43.67029011919873
57462,39.872177741962055
90258,66.22269997458656
25298,56.64775478732164
40459,47.18094246024521
77987,44.01473132218125
33533,50.58194406587713
94174,28.199838998486076
45306,60.68310012965989
42816,64.9483080111856
81692,64.97229941685293
91654,62.9220150453557
17450,66.09248119335831
51990,65.1348100006589
37924,52.88248804106447
56478,51.60213267754808
29689,69.39202745246854
3722,35.69145177339984
73126,58.04239654266805
69501,20.09394429197786
77334,66.04474680472163
82759,42.87689651536811
63063,43.93906668133669
89582,39.612394655609314
92448,56.5279070089052
44817,44.63413816633293
92414,69.73591020608517
68247,60.69038597130721
60052,53.23149421510305
99890,67.30362197433593
58298,56.869512785838445
44456,57.80346615154878
18879,46.20831540252989
78006,53.746198494978046
33227,62.169918355029665
57944,49.20228602975814
68580,64.3527826118306
32524,36.98344947840421
20040,66.08686566769897
99435,17.672591169076036
41929,58.305878273256056
63121,57.9050995018839
18772,49.73038957629793
84390,57.503613823515714
50516,38.64561676763516
93793,59.335182837528556
48250,23.246217666620442
97498,45.5485832950081
100135,69.2621309381007
97431,73.84036595838623
71187,57.49771034645027
52497,59.37999238190107
25773,67.75573619587725
91143,70.01997076524401
6016,67.85281445856037
28163,66.30086591262278
63450,60.13240940048379
33163,63.88321565273906
12563,94.75939117136491
98275,65.29353020116646
37394,57.97366550105883
46050,50.12904954201437
52620,41.748648633591046
41076,65.21711925017719
56101,69.95546230923372
54244,65.81726597591698
48225,70.61725183957286
16437,70.11555364331112
78296,37.45977698032142
87440,68.07504520907814
98174,69.4973917305458
68478,57.049531129450955
50707,29.15455362308161
70745,66.36867512085732
12963,34.911080245330076
59022,48.787463202625666
6800,43.491341660039595
41737,56.75095460896717
96367,48.04189269566341
46048,68.67114869680012
6229,41.067831242340546
27595,69.24300572410951
19578,79.99797596313509
23290,25.96414278152749
27159,40.34012436942327
74341,53.71428049080954
94992,67.72725410124048
52064,28.454946991136804
13503,52.253620527210984
25733,51.28358636072627
25453,32.71220901911885
38406,70.60912428710907
57697,40.29664511106367
70015,39.36748439164979
94766,50.7057958872548
82029,69.64479393143866
21313,51.65048807018722
62064,31.876279241900733
13122,51.073993243085354
96267,41.13597170281556
33497,67.02149850850536
6880,69.20163861654733
92916,48.64920969019626
54386,44.40165486285206
70514,68.30584977682314
99990,43.591165618540884
22926,38.932762635488345
86908,58.84893167115983
4443,70.18393783890923
40020,54.56281963324514
41844,26.89572025516954
35340,62.50251697587751
67743,31.020157347545734
78492,33.93516390172635
84666,58.9572898756722
98140,57.91870178778888
11404,56.130526027987884
7821,69.60827930745772
97527,55.844481921695824
88454,66.46811945063945
82979,33.05387151106175
98792,69.33956039200665
92925,49.196884388207316
71506,56.08738594696894
45588,56.999406579180516
54743,54.74829754287874
24276,59.977508048077034
14328,68.05926714148588
21323,41.07436583985078
16616,63.220921507083176
70720,70.98502465668186
52021,60.872692142793746
22445,55.124929336656834
56199,72.6117890310419
71497,35.31950647687756
87037,54.22768926936175
17468,43.95839297936306
7043,60.33696402248698
62807,28.266066200864692
71287,73.52580312785376
59590,65.33466727579454
85778,48.019170125351195
14456,56.860796628714596
102578,41.59530267234908
43668,45.177176896424704
21040,29.17016006468412
50939,42.52497547246838
5455,59.14504976441043
63902,71.18082961625144
88256,44.80059468232011
61859,40.959587197163145
83456,68.34379991759336
32834,49.72592509988349
84552,68.83255621573063
50272,48.38419550626102
52513,48.369396028976865
71483,59.439885491718854
45422,33.381147424034886
44182,61.32091157825444
11497,44.55004373404284
5936,51.51266900962721
90443,36.707370297732986
64500,69.15512451621936
96361,69.352722759093
72733,69.60738478774051
12933,58.86843411977761
86741,55.504710859834866
78209,53.57285918598963
406,41.01320830091006
73875,44.710823833212906
74015,25.898431197824408
7681,30.89788171156015
15513,59.23216146684412
92175,32.366436862672096
74620,60.86825373817582
65106,67.1581037040679
59729,44.82233141745314
74898,30.264688265010214
56727,23.292275258741142
32595,70.17604664181704
65530,58.08059612111138
38526,52.75436141080483
66519,67.01144530725172
7712,24.373033121298395
53845,69.74453329893015
61906,55.55786033512182
16513,47.91690541999118
97206,49.08587692325019
98351,33.36151314986184
80999,42.64318249109549
76386,35.88831471214013
53881,59.5154902623052
96994,51.71163883698482
79872,69.4761889183046
42459,53.15380808540099
88333,57.504115729062725
44291,32.89686945327088
48990,51.27476033418471
39785,62.07231231684324
69055,63.26484973656673
61280,62.04339438486023
72626,50.1561860829851
65486,36.68217605182678
64763,67.32463754054669
50049,58.18842495503188
28570,37.99922831514525
17102,65.1019659328627
32223,51.22482021762642
90342,56.10189425709097
86058,55.57177046636274
101820,64.92286136799763
75996,29.488301559258716
78645,65.83203164483828
43439,60.6547478061751
65758,62.0449936949209
76700,72.75332876504362
43277,47.16329710718274
69384,54.17043027485778
87641,58.77102351346797
39862,41.188999462425016
46519,60.68231794960139
27436,39.91398592049671
50292,27.992625167943057
73951,35.01566214066092
96978,64.06034374529587
46208,43.88727647169478
12615,25.555453488289363
10524,57.72577449809227
43125,40.3524148629428
33738,68.55939239132255
96668,68.79014172581867
16108,46.901694159210955
10847,61.73204482292466
78046,45.11580065093118
59120,36.43195238568978
81696,67.5165958867596
62466,40.09711548351939
5780,36.18792075230383
39868,74.30817296300268
72304,54.65798248532744
31233,44.379834081234385
13391,45.16268772354622
59564,40.69195498897273
4036,37.05922173090586
12400,68.48361512027918
12823,49.85846443445332
18666,23.840903153224453
45983,36.88995190854396
29189,63.445954181890855
40457,41.501935554090636
31908,54.450191038032926
84862,42.07147865243426
27791,44.258468710972366
83099,24.205468674791263
51528,50.253506724940834
17023,57.278225057280515
52344,52.5316111479755
4395,48.718974860158596
90697,66.74962615736521
58242,68.59275686490552
20295,66.49708177619412
12748,50.74468962500735
15913,54.588419886434565
8036,66.49394929466594
26209,58.776636093305406
4081,64.87903289406032
89732,36.537321229686086
45553,27.48719241964475
91591,63.56786913631626
55773,37.377503505572356
66309,53.534195597227736
63200,36.62462149055031
49127,20.236581965428226
26413,48.72526684840068
73295,68.28194134908277
102682,60.915499067769744
92340,51.86199989260599
58087,69.22087423880117
98161,49.12909154507427
8519,65.96201508892459
74563,66.45201867095783
75898,59.9335892941331
58111,42.968096914628234
99516,36.1288116643602
46396,79.08181249195295
68917,36.38849774522604
43655,47.52223090259327
87859,44.74612947372699
77393,38.000228067643334
3976,58.525246270643045
73810,22.400276928279432
57586,59.35737360207183
96766,69.59094448086165
29971,38.1842259277343
3044,59.34250710372092
35127,52.97838060285822
40815,55.957564098801356
59908,29.717784051252146
37476,37.870304632747185
19827,52.85491062938454
46510,100.0
34778,36.66067961062117
50343,69.24257230738122
17441,74.95094556690299
100089,69.69403788837828
101026,68.80478114544503
84633,61.6764671769484
52546,28.61388540867408
91308,63.367260845558796
18916,60.38138159404474
93476,46.32355253742295
86941,34.10007360252049
41093,57.98364383440276
2151,27.137327556661766
20969,59.05883523515995
93501,68.04116019336998
60766,54.12123383298165
98207,63.552952104484056
60492,69.74052617547801
21782,57.54398355781467
50310,38.159734711102004
91722,69.82048196231781
67481,57.12239407967841
33144,52.32561259180726
76764,47.60691404610716
58743,60.34306704069405
26587,30.096973294704135
19339,68.5770208664756
9385,65.89644408340247
83052,67.82863460723098
97541,69.52392156683214
56953,27.107335727207097
39345,67.10177026880179
74429,60.97538215966643
37431,37.916799906120694
23204,68.8311829156374
92010,57.38505273416122
62013,37.71689861945069
59862,56.9845175752938
44279,50.588346541852545
49576,24.299589033248377
65852,42.621782920520744
85119,49.01584374549589
12196,59.26353588984359
26910,64.55808684525412
89341,32.67479831590591
44101,29.63566020196304
7566,33.13101529065526
2115,61.04578681044322
54118,41.73107836278876
90823,67.9007352053104
8925,36.94943481175832
89407,69.20138548417178
16233,52.330897002393314
101479,30.426165438798677
81607,56.025272728199525
97537,70.25928145971038
4745,23.622522363732852
9604,40.63060384615252
51318,59.69646601960923
100045,43.72183933819912
76405,44.26265928475773
59020,69.0693610737709
21062,38.79558385428546
16251,30.278493523664885
55511,58.12206649164652
40622,31.893495440212426
28347,45.690505591845564
65440,25.909794485986094
21375,25.94055336458548
61747,61.9145067391697
88065,65.11727528185173
6087,58.40385377937443
100839,68.60964227162184
82482,67.55673794662421
23073,48.02387132647965
80914,40.65490999834017
2624,31.3983956132568
69332,56.51951842202654
5952,41.07317193255729
86084,56.16725836060949
21573,50.04049035739608
9780,38.201382016025654
16106,59.37047100812272
3743,57.18840681910435
79380,67.787816361311
33473,29.94915597116582
53292,50.270278136109795
14689,69.75378332066103
30345,40.44209917321083
98496,28.82773907366987
54769,52.51975339405022
19087,63.367652064504234
26621,51.86104625406175
90123,56.99771000982736
77367,65.87704042662568
88794,70.7087978762152
29983,63.84998253391216
90353,49.212753537658024
65673,27.07951702584855
21391,60.10239052142383
77780,30.870612645478246
65846,36.00702524523484
35094,27.35015673404129
47942,49.193344002509974
90904,65.63586224805778
65224,47.16144527196522
88055,62.36185302459577
77166,65.58842803164076
3650,54.20515180181554
38860,46.501379606226735
86282,58.24926694137926
59997,42.15898970477106
29295,35.163958847750536
1737,57.79013703741136
25256,61.37345356190868
10268,52.391346612001634
2320,56.69418723470478
82643,57.90006747936014
91022,66.68718145517755
68228,68.2283216995334
7945,44.75876232910776
18664,62.16618533195883
53449,37.27798678341844
32133,57.90599131088079
55437,35.74198513628277
13247,42.167791060315174
54576,52.95114848320951
14814,74.30817296300268
89939,38.91132381573905
78594,70.13121146794052
100815,34.92100661269724
15984,56.99918211844091
334,37.36171208675639
90378,57.49996338037772
60646,43.8738431752511
24834,46.92331275802988
92809,62.14309269990678
57847,58.58260878948841
48215,43.57250153149172
1771,44.683151691313114
36167,44.85134838252363
75508,45.560741591908865
3187,51.79282910369388
61459,42.49605808693994
95739,52.55187632173011
19836,50.0275571559841
101609,64.0043852092363
2816,52.37885170798365
42576,26.619289739128497
57115,14.650392740909078
52506,33.71649762724177
88822,69.52422892038284
60376,55.8058608099519
80902,60.64824742075335
91817,37.70232561087051
80450,34.84828115340438
19506,57.57614169425957
50876,38.65969465186124
64588,66.81051019011994
102543,69.18368357345825
43980,66.84467567504633
66672,73.69177028920859
62851,33.92487210359859
69500,44.3555165753039
19546,38.78040367524667
42113,46.81066433835989
66803,68.08931504925505
7501,52.24445227790966
96478,45.12145929844129
94588,66.16711362068718
76646,46.636233239383685
23203,49.87908802326959
65171,84.84562995553205
45595,43.44354208528268
52259,46.04441532745842
91831,53.545432616111064
73056,58.15328191788347
97263,48.79822177473475
89196,27.780085921092454
54664,69.37715486821418
91778,45.205956537006486
21187,24.645206499828955
27886,65.68585208789236
6243,38.44005330436485
14432,59.57102333780956
89000,72.13157163897837
37877,69.07505048798234
46958,68.42639968901776
82598,67.02149850850536
61799,56.93689927329429
51882,59.67710370164997
3158,70.13450606628734
61408,35.58007795209006
81038,99.60666666666668
34974,21.153117308810135
64785,44.446021712437066
30390,69.87505687681693
39275,20.400511297889764
70104,55.74277055852087
18534,61.99199151954352
33642,34.85080805825277
68075,48.38217569799336
35107,41.98595666962503
3904,53.02122824570328
5628,18.971015280002888
25830,54.09565805772985
35514,41.851027519082365
37833,45.15313321631832
49412,66.0551007226569
39241,32.98950086631697
23599,68.34016961954637
3408,62.67377425362279
43804,33.93527010173653
50417,49.76006722877862
4080,32.620876408278114
39255,33.963178510707465
62804,62.320185921310376
78877,38.55762544672649
83190,44.37135993882254
63752,56.40295340622699
32826,50.074242863267116
76774,41.31411898402472
99886,54.07789914764871
26970,50.63649991987199
44033,95.64033620387505
41026,21.043307062737494
27018,36.832373448958236
56538,41.699610278310544
9965,50.57757500983321
51344,41.48786906779465
98873,63.025489531637156
90291,67.6913730170067
55402,56.42392603488263
19726,63.652657531840376
63804,67.43274963260487
36583,55.06047654994291
53359,33.92756528078047
92817,41.59885496604447
23841,67.55415957970699
17311,32.45752530744292
32796,74.89653025101026
33650,27.669144515589473
75806,35.663063282744304
13709,62.14226471406445
9523,51.40493038783329
4384,67.6288985664546
84631,45.10098182847577
30840,38.95757007311538
94163,32.42800623562967
41792,57.4615347062495
102525,43.1992366568672
64843,67.49589493026501
69540,30.5814756566888
100396,65.88614571360074
39630,31.22281168479479
76081,64.30392426575173
24259,61.943364607364735
19715,40.73113508554841
35692,27.12002045327873
66645,60.687304535196546
30441,69.44627242419915
27643,52.02514592509013
4082,43.6314422213091
84250,54.778783656743755
2069,51.875322206026425
46996,35.64456930569101
39129,26.86281476328983
65040,57.74154160599811
13329,62.18033718713169
55547,64.68426998344664
58733,44.94269113835903
50510,63.60632641603699
59118,69.71072544497933
30094,54.98587260579083
95948,41.721695592860605
95449,54.75994034497025
72595,68.19230887064106
52985,39.15760801497611
95955,46.727893087299535
23197,42.413675552728265
34628,49.994488339007496
92417,32.029339239074005
56488,31.985373149038264
5348,28.279893865779467
63081,64.51167763900148
7709,38.97218191094296
37430,69.83674056977301
19429,46.42614696097953
28399,66.51793638641873
56309,32.23451579023961
46690,72.37317053731716
21776,39.05603451523842
87451,50.26436904531081
68877,68.02310913117985
81201,37.40620311218156
33916,34.79087293841307
63460,22.697857308129972
44897,31.80929996726077
66595,31.850303543889332
84368,62.20080494956758
16868,52.99066211834404
94155,63.75965740117814
57776,52.514690530041605
64552,49.48029684458625
36765,60.17572239458701
88963,65.34708033794095
90543,50.61700406588589
25220,68.65609044127638
70138,63.77666597502083
96725,62.100376177133306
26472,60.30125193809347
4052,69.3313991621197
81346,34.98871801626728
7641,49.16706424665182
22010,35.2772868345811
67821,63.52772856394751
20211,64.59026660140736
67747,61.096993973133195
81599,57.415495841212405
33713,55.627565950868004
73498,42.99382606104607
101283,11.296045170962762
1376,60.587572743727925
38731,46.68788082891061
31666,9.135219731868512
56723,69.74052617547801
95858,33.8769666530373
11547,65.6734925322505
19282,41.41794462054658
9043,85.64745581275236
11588,59.367386803930806
58039,29.2229946110299
61258,32.21096438776371
35637,47.173326124185635
73541,37.253440333634096
2150,32.40940567255357
54037,54.57763150955252
76498,32.13476015107412
57824,67.78554457780747
69867,30.06285040926477
101410,67.5174703056801
53777,58.39150450694924
99492,25.15173225935335
70157,57.55866092609416
74104,28.226757421945848
20629,42.863201279907614
36696,67.95620050163463
85840,61.00026972155927
31476,42.07374078752355
24402,58.335781663696196
11276,44.35835148964997
58794,44.488633037869796
23181,56.21172038643295
81857,59.05883800260763
83649,40.94208051205648
102357,59.316645417956686
5385,69.58118976437676
65163,33.58333300595178
4637,68.10329664391628
95050,36.29167771200591
16879,53.68722079707427
47593,44.78952041713208
83605,31.60288397310555
51004,48.32899555236791
23430,39.980677968442954
10118,63.97951355547027
27439,54.98752757190927
3885,27.90915387654941
77100,50.19076874681061
54571,41.17874870550109
22508,38.865136011374055
77103,67.7537400956488
9029,67.13140643981495
32577,45.67304066714872
65787,69.84601092638927
94690,46.88671002081791
33066,22.455972261093933
25239,42.77016805288495
75807,52.26690534211161
79751,63.421431644424345
73848,63.257558344475164
47394,50.460305532692566
102468,48.565517084456886
4026,35.983855367720395
97475,62.05805071895308
98688,50.236797637383404
68565,68.4495375214142
71626,42.5948065711911
28657,17.553531358447767
26427,18.77208352947285
74124,62.46829152028265
35714,59.64749236780358
34107,44.42053887274385
79727,59.6578655393238
85346,32.739636389320694
98007,69.40036732426394
102574,39.27972182959174
24880,27.41504798874423
9490,69.60738478774051
72870,23.931156522272904
93118,69.4761889183046
64613,39.00638780162507
65802,32.67569163548897
29272,35.35854666203607
2877,72.98659720468955
87818,67.56342927216798
378,37.33413943060653
86754,48.210948025080434
56319,41.65004852147252
69521,46.77156986050779
43621,28.155841802777736
93881,58.6290558826499
48284,71.18101859391817
49059,55.75163592114762
19333,48.46194396752428
70025,58.929651623829656
16566,63.82562770090607
70923,62.34828034336183
45574,61.3517270077997
58003,49.551085081670315
86179,29.897775914014684
83218,70.59573812410711
59559,64.23513502927823
51263,66.45449788780083
100108,29.65871655665634
93262,70.26394445889119
2440,67.8806983407859
42756,49.80704622837292
70822,52.8370636966657
93754,67.67149563461194
58725,48.38585845672126
27546,51.00168115891526
93809,64.43315875524146
28051,67.5634960957507
55122,66.43613470303723
42776,69.72804787401176
10240,68.61448247161796
95601,61.485412209630496
31485,40.980550820526474
59754,63.742628798610156
99209,30.266498469534405
24349,43.32897012966898
9978,48.35524597553348
78187,30.48325862088477
92097,77.87361564975579
34542,25.21623916534488
25521,66.18584413877738
61003,52.40125657152741
102191,57.889379300121355
24542,61.32091157825444
92699,47.80085157035862
74710,56.71074823270194
83197,69.82420490734499
65477,56.4299836289073
77187,35.146652418647236
47090,69.11822508263909
39383,33.14302884976786
84997,53.54255342628617
101346,66.64745292247548
69930,69.92617662870197
41006,69.79910821342925
53230,51.06068976512655
33188,62.8567035276425
75158,65.76593388322634
14928,41.662063345554664
66500,61.122071625657355
46907,39.35125833121121
37949,51.43735945861385
22822,32.96901077891325
19709,51.314338695308045
38142,28.7091966238173
1230,56.436888150132354
5210,50.410663904494086
48769,57.28596423606129
101427,24.25081260775354
82591,42.512981345473726
53937,69.87505687681693
97838,70.85010899286225
85163,59.18513093414201
5212,60.834805681520976
22743,64.61027822461526
91290,60.544452707718804
32668,61.73644673246802
58018,23.55859208845093
97545,69.97527464892397
100532,35.30368674061177
78537,72.15437250489843
36068,36.93607557583135
74934,30.531167010139836
1664,31.567836752230846
26759,67.46635906600244
99857,70.4259951666475
81269,32.80549748212157
19468,32.97244915278398
27768,30.08590464020175
10198,38.05608762509063
25558,41.679167175055426
2003,30.03057601910729
67702,36.61268958408872
84860,32.124960622327805
53377,37.52186080065791
98361,64.98762473444607
81730,49.753078902085264
50294,44.19043290012963
19268,62.077126524581935
19552,32.13511195255916
92030,44.0957063681454
67222,41.73345390552786
102422,70.1384752045602
81260,39.6288238154291
2674,58.79315891701199
101265,59.5351480391368
980,69.82927522454264
92478,49.021701383138286
62916,61.80253795742851
49101,28.842208365301673
54212,62.29133751204502
43685,55.89030570592775
93700,58.391711984579985
20155,73.98188242917509
39557,69.82368972985833
100180,67.83380822393086
12493,46.420501323178875
11228,58.20086772370093
26339,66.18893935444555
101085,58.35784886087511
14071,62.45833558659793
91918,19.066646442053628
12341,72.11666640850169
34167,42.60524649011473
59831,28.169908580089057
23503,35.51520289330801
21426,77.33823423423424
7963,40.97444991176064
63722,52.39478402626395
37110,56.19108704538954
42982,47.5510417774055
85395,69.10001719523424
67737,37.88360529995315
48594,22.56989528150096
33617,27.316999030483817
90971,49.78338478006506
58815,59.75291334121475
85831,58.23607242520682
34952,59.59862492863768
52211,19.900499698917635
98210,61.444978220275054
83602,40.22765906346735
694,62.772141702886174
80596,21.60977508641799
24102,82.28019198481725
74747,50.861862076238324
56890,69.84601092638927
76046,51.88859023973166
42885,50.98441110489009
32643,29.431298727200257
14830,15.77633247185649
38213,58.10704273393739
74532,63.35458123379287
1416,67.70045768319406
31688,60.770789318128465
99517,67.0111126005767
4055,35.37000938304116
29140,66.08400363920558
35296,38.35169278560143
49795,29.20585940924496
41656,25.350932539682525
19123,52.759535426062364
88417,67.83247808695684
78395,57.058439503232584
66113,72.11994877857741
17499,58.7012544000823
70863,70.85417214950704
21658,67.52857200801
75817,63.978019942050416
85505,64.73154419648077
32082,61.51750993512451
57179,58.60477697706264
9424,71.03243009112083
21508,30.255535325894833
19489,28.889905510951163
66000,65.9466853398617
89470,51.849472718727654
30009,30.269141608396477
55574,58.54329231932832
25841,54.254628220460965
39496,74.18279032448038
75376,68.72713845842586
22511,67.92173073108353
31394,67.16329009165769
63269,61.639881242936816
64578,34.30337585435569
73705,38.36162611915194
16214,58.54080405449174
90685,30.969950386308213
10391,69.1212286026431
23120,30.74278978007333
81319,54.04111954430385
68413,74.66843438262823
84117,37.12180977596139
5361,69.97527464892397
75517,62.543097829270884
75174,53.92380229438625
8684,62.18904082432457
97662,67.99617108116462
96654,38.93533624845385
93907,41.860339435171575
23178,55.67646814861362
47298,39.710478023788795
90213,46.862970519575725
27835,50.29449353920311
20491,42.46477534466476
23152,52.94873717685287
63854,65.6908679341032
26892,41.48255124704608
68713,49.36401973938282
69647,37.114947937717176
30396,61.27418874860661
44628,64.97640059545292
43770,55.06063176289277
8138,41.8525096987192
24058,71.00042117506246
17093,45.833379628216264
2508,67.21955036264134
89952,65.74743460623024
84988,45.90092062588139
18105,68.28194134908277
28218,69.45617554337159
42041,51.967271864105236
2013,59.05028162094932
63723,49.7680571141597
34204,35.880954714115184
23897,57.63741063426022
23500,36.424286389980665
92848,54.34876249240826
43386,52.81031815494072
29985,67.85170565311155
15579,34.669189030011275
52139,63.52994367266372
18457,20.47519975314667
33874,66.1193371924173
18694,55.45296409569678
35834,56.36711553314705
48086,46.37667211788468
71914,60.03920891668764
64421,36.4047856102724
35633,60.2301433806652
23984,67.35065872102017
94149,45.46799459132697
62301,51.050288840978546
1330,53.97888838264482
51695,54.619710610743795
58971,68.85578527447662
17286,70.43290927019885
68645,32.37522457311893
37425,60.92606922596601
6190,69.33191081739494
73396,41.53376807763731
37972,42.636065774921214
12811,55.880628089893605
52022,29.489716166874132
102527,58.9678445222512
26863,54.52726033079258
71123,62.81991102646943
21286,31.339908198421917
26767,64.09719317583931
14170,65.74256480054815
2054,57.89777153493671
17003,68.1156055675225
92031,54.18523706888025
35381,40.674241547888585
86212,40.91822200973063
87538,34.535923797787774
40456,47.92140112257838
8667,16.860053565477973
53788,41.71717697271751
62269,23.710917308082422
18262,61.036156031733626
27805,64.02748141954308
72719,68.79948339466574
70492,65.39689494982682
67630,36.45670686285757
77486,55.39995427441799
47525,61.83656870154733
42573,63.42223790370073
87769,73.27138079901664
21309,37.51383075450613
36233,38.42964542212923
20147,60.837926467237175
59293,26.754483134703552
90925,36.12621327023087
42597,48.11739456360663
97812,33.91063605978705
56240,58.00333458263127
22517,53.898565039887444
79639,56.07173000782875
95659,41.9067994937164
78099,69.41660933948333
40496,42.332869562810956
73116,41.35237151175445
92581,69.74052617547801
45198,56.37143144162681
78217,54.91281678142477
66194,28.342997587886362
78254,46.45957335489347
42650,65.45599796479394
23831,31.65481321894518
41022,70.32813146115608
78292,39.44378642850074
66978,39.65013789494829
98952,59.09400676445496
50362,25.168309059195145
19915,52.6455467631979
86903,64.13760764096995
16760,32.402702436180064
50995,70.51409556462117
73398,59.65819052267473
28850,27.26974568913207
98520,58.682569426833076
6271,64.41317811685656
87692,64.879961484084
62007,77.94349138248735
89681,69.71072544497933
40177,60.87594210202717
3697,57.1767742519923
66802,42.55063597959111
64186,70.3145241006535
8696,47.169895882591
30789,40.76965012806001
79972,43.37356282792127
79381,65.65561225682515
40435,63.33939171945833
20677,23.6755366922585
23061,36.69714541598667
20459,64.07153675585917
89969,52.53914894665368
7633,51.879268946517826
97415,47.186425450466224
93619,30.408933117090672
85679,50.07470656619972
82231,36.98115092560609
70307,30.28209560199519
99610,29.016747428799803
87506,39.05602740305534
32920,65.28487328839287
45095,36.84777795451374
24444,67.40148755272507
69874,49.80239024618217
30410,47.16624105797073
86757,45.53731885700033
83802,45.21828058641536
22227,59.66022224146273
28485,62.55908691652004
42695,57.78744217424514
38039,59.78625298350669
87637,60.732175883345455
71191,63.636220049382736
74603,68.04692308559356
61742,51.64775790637272
98231,68.34409856488162
87701,53.8747433372691
71389,58.83887484721822
92320,31.943748494803355
21885,66.21339498984527
16659,69.79910821342925
84094,57.745253691997824
14626,40.44285218691974
36467,66.53866737160655
821,38.24206192208345
93498,73.86408453438055
81812,68.3191223073899
11523,68.12823064766438
87537,62.34735946843951
56074,38.01792914575855
166,58.59543257173719
4984,40.694017152603244
57062,58.08721208055142
71063,42.900116682042054
88891,50.959796342189485
91835,32.12203579666154
31838,17.25365563454867
89261,33.7954777574634
3383,64.10076504970135
1736,60.46052036796576
81435,52.816956219596676
98857,55.986372250909675
3652,52.648939551755475
37505,51.116418478874714
65932,69.37715486821418
92694,53.34094928295917
13422,10.199894330183124
4445,42.795542170665705
57757,46.92272575265399
70966,38.89046811279816
10794,57.34477584353616
42797,27.183688817279982
39747,50.32153716877627
33984,67.19378135102556
94750,44.10790156061602
33220,49.681811269595094
19151,37.25259229805912
99175,52.07590196752968
71143,42.59318183466814
30071,31.190813458358846
37384,38.92563607159398
84508,67.95632517149969
75230,67.60358641402996
39850,45.973531049925406
13897,68.28089885019877
60802,49.16689821176575
60016,39.511153864572364
93111,39.970926717931015
83357,59.301108766938796
47871,74.02012329300271
20178,64.97807803415202
96955,66.38153948897089
11471,72.3578294818148
46511,68.5861708789927
84404,64.29221296265352
81258,61.49583047949793
77531,55.25739495295633
26538,44.52254587796048
2507,41.180425065970404
48923,65.0835158747139
62870,55.75939422934834
37957,47.228695198516064
14187,39.56420993372563
56040,65.62219808582931
82086,67.2023011457352
42532,51.12492312592636
21760,41.522816519487826
28425,28.28205353446759
71432,48.301914265494176
100819,38.51235334336435
85198,50.78229872431487
2640,47.50563173831629
81916,28.345578441922754
6282,44.67310695857166
89525,45.818519931362125
68990,35.17049759220175
36484,38.092406542865575
71161,72.9888949512768
55810,38.496819913098086
68767,22.158445206391324
17907,35.18764846462509
45534,66.06060161799053
24491,39.29241555054935
88528,56.38220401188823
95062,57.203494191622184
52567,65.21263454380224
66793,33.11144309723312
40536,66.94173309477354
97408,58.753564034363514
46133,33.708498526242785
52008,23.277969886664533
12775,58.23988811867994
5171,63.06564733488027
13582,41.32173294148075
11843,50.52894929263883
32974,55.90117658451002
38278,58.64614967849275
65868,69.15326078898312
84365,66.79418300462224
54646,39.28888341758951
10291,35.161576480993055
36855,38.532029320930285
89121,69.48109435354021
54349,66.51166379851688
27634,68.98046917632419
51190,36.8738113104614
12435,52.1102661101174
30106,64.67589261311167
62703,18.782745107918842
76802,63.66650694426969
68899,55.94416959847161
67355,61.74131989812067
49451,63.66473543270411
47358,24.876075505634116
78452,37.95732146160925
91449,67.42198595963167
59241,35.09707178311626
446,44.77503714446201
3164,29.878757699779566
10348,41.36117691976957
18039,48.797798086225946
99948,30.799620958703354
96083,60.788903135060124
27080,61.375675947364115
6529,42.47549710362231
59684,35.67793949768725
10355,68.945588308042
73288,58.65057884817887
60799,37.182281698387094
54313,69.59910502560614
14943,59.501445817808374
373,38.79691202881747
2329,63.24642751900361
86425,66.46540689832179
64950,61.16042590696335
4243,54.89542731455698
1856,56.073898660493256
29370,55.157563234218934
24977,63.18560834427763
56984,69.70279603075643
70881,44.08940857639684
27585,38.30989084716747
69895,32.33164490082626
100729,30.99340042315357
33518,33.48617335832204
86542,38.520462267778406
73654,56.82987186435584
68397,26.27579992491204
86091,66.47995555113994
62573,33.70976434207961
19808,35.269742016787305
92288,45.44273102416721
83807,62.62889019559502
88875,50.05062096790989
41796,58.098246243346296
45190,46.24536655743209
88492,69.72674745760202
59733,42.16268920815421
98438,69.74687456884222
15130,68.3089865552442
88381,35.79614734234951
84165,33.92156730107067
20512,62.017321313059085
79228,68.87060351873387
27348,23.397455549742954
63853,43.04615358200841
64993,45.641934270068234
20711,26.571751804526553
79204,55.834275688059044
97057,50.98053651669603
17849,34.57702491393072
42687,56.042146441745174
93730,77.82333333333332
97028,64.45351871150652
72963,59.26451532892445
56835,38.43629929732938
25013,40.53019408153393
50761,58.207811496749734
46761,66.2705353596849
5265,44.20651842216343
35356,35.66044611879457
101990,53.74696303117349
44272,39.14847166978448
56038,66.38553543555794
93324,29.66040722711474
25972,48.99878664737195
52255,54.65647119701345
15954,67.10698939518068
53904,61.24799038006914
38723,68.87379631494736
78451,62.51285721857684
76973,56.13428043091806
73599,58.282673847851335
15567,29.92715107446738
41942,37.922239338686666
19010,69.67331245913425
21484,69.1646913930039
49858,69.37715486821418
76143,67.40437041503621
96079,51.852246346084456
18668,63.724567056427965
96655,51.930632231879756
99144,34.48652749094068
69227,60.58140359995995
79797,56.55655188158283
58093,60.77482345110152
69386,63.660643140542
41340,72.69137623937405
8219,44.84480732592744
73560,91.33058458793643
84491,57.52376565198879
740,18.54552663147059
68635,50.98239515725413
44135,71.17037101615257
79601,68.85256928941311
75939,48.5812588381834
85040,46.741769514246826
29970,48.68230588900558
23564,70.69205115911524
101354,62.91125942600644
28573,57.550032136456664
83996,53.388848334304505
88017,51.74974448294204
26433,68.43959099450244
17594,37.489421317633855
32383,69.61204480127385
26917,34.15958758272171
75314,51.42382835639699
22101,54.447953423873095
24594,55.38510291536216
27244,60.67980987433647
63534,67.42556813307112
54325,48.433117553500466
71959,21.27514045539056
18735,24.711952217670447
56578,50.741134081086464
78302,32.04532022466907
45022,72.36735974359803
8931,36.612286911354126
66035,41.08313138966468
39653,33.89221530673214
57458,36.64048743911669
52630,66.82241714254768
67036,42.30634157738704
8449,63.63569116800057
8798,62.814384361419755
4816,46.66416138005281
73143,62.19745565075508
49017,42.06743534910943
34386,77.31564099353243
53082,41.22152887272198
64901,39.71668764263483
83998,44.47028460848538
60517,50.58612108077283
39843,32.82019016531056
52227,61.16312030415881
4568,51.13399000605132
95468,56.75815422138517
96407,57.16544616935462
38401,44.55992758024318
34929,80.76784548784548
49443,42.64137907389182
102424,45.71204163635418
3524,36.64943949274614
10448,53.98029983621291
61463,27.623355066605964
20833,40.25858023628804
17601,66.12490198569577
52422,66.88342033146773
58955,65.79180317866171
86255,53.946071474497266
79641,43.198836240534355
82782,63.258316836877455
27230,67.74699233411485
88684,25.448796717816496
60703,56.140801247485115
69947,61.475621921817
37161,52.00518404053175
97624,34.474249889893514
53723,76.13620607616377
18346,27.220453452459523
5256,57.78329158547726
53499,47.05356851815457
21378,52.604878752995056
72351,46.071713150171306
14753,66.85070077242122
15389,49.9438944049238
4169,37.910779963489155
70560,68.39859877399925
48736,47.93262040191293
90896,46.3252852495963
6756,64.52299780534226
39841,68.5684312342055
21897,53.07462279864233
73574,24.8215991948293
13979,35.076104206804885
25244,67.72979188751344
57972,69.52299378435289
55802,91.37537226839298
52649,54.31644371399973
32435,74.44754329298695
64450,27.6663939435787
56957,47.47191320962095
93150,57.44723562181542
3015,67.14673947991784
79302,69.71072544497933
45697,39.822703574199835
69931,63.82285875843757
57201,24.384106678558336
27856,70.03636246172442
79400,43.55263898913867
61224,49.88562538057754
15644,72.67013309189241
8643,33.30135823657606
17052,62.542354117626694
50764,33.51519808972683
23890,45.77032221784357
20451,56.90712257201894
8657,76.38323745802086
96501,31.643216870650807
39554,43.75834116178872
81968,43.39588676269239
55037,64.94083924513473
92282,62.14857485766513
21838,40.666659083065184
94279,29.81733361279256
7610,49.8890400990404
42812,54.93206618330072
13622,69.87505687681693
52484,64.0511378673933
30525,68.39869281081103
28454,33.99739294805916
2073,45.8646835087515
84705,57.29129301560306
101083,50.728891284269885
68432,49.00603731187103
52130,70.2561313677848
40658,51.48076985151628
20585,9.920982215163942
88218,59.796002988954385
15065,69.39914397375877
935,36.029204502664086
48371,32.51807547390483
78031,49.29351870740435
87527,41.45735781460073
72399,62.30962886454291
878,33.24178926211676
83272,73.3488949512768
71015,49.9739504500113
69279,68.49126713912922
34819,35.611862994106765
48325,59.190941256853485
60261,39.59184869228223
67605,65.81933620559933
11183,42.70853755471354
96025,56.667944636368055
47807,68.35713613026884
38582,46.00194087685558
19272,54.542953464540176
58321,55.17893181843029
96408,51.97891824879434
4853,32.40060311473835
94790,69.90955555555556
55691,69.72189150464074
18699,60.29380291991147
63490,67.23557239831877
63551,76.13620607616377
58533,68.73542090732826
1948,65.37302368587963
38493,50.03248137781948
32870,48.32349183940974
79932,56.49410468914019
47684,53.568168749185844
59922,52.481762055675915
102005,43.521381426258266
37083,69.4761889183046
46618,46.36107336756985
56169,53.71090975015197
34315,32.36381361597602
97362,62.12541499517035
21492,39.28784628219193
90666,44.81034654096363
1357,22.18312710258824
45593,69.5611640344145
13560,79.96570206451011
52481,60.11887344641753
54459,65.12827469102331
44827,66.57375050203272
93323,63.676984953849434
94128,26.828551038751144
77867,59.322522236271624
61324,33.619976817533846
8883,51.411769251845186
40445,69.37715486821418
56812,38.90411300305425
51313,42.00602489516417
27183,54.025435332510526
16460,52.60334027387664
40047,68.59050386601915
48104,71.36175367888056
99217,72.78521680460268
50196,55.85122841895094
79618,41.650393564911944
38963,61.385500703509216
46364,41.72202037835274
43216,69.87505687681693
26358,52.509526850442064
96031,59.96672257750358
20529,69.77730618634918
72798,37.97309043334578
72520,85.58745581275235
39276,39.75474612496539
23368,47.02629627810213
11324,28.22569966253866
82038,68.72303991165721
100010,41.725427427776225
76690,74.92045868954315
77900,36.44017017992027
79482,64.12432745933127
64145,68.19656086676106
54819,28.241147609658174
27370,53.85554969513059
79489,44.14008626771497
68306,56.896685210080165
8795,35.64768114949374
98556,62.72032515542284
73087,68.21973322133782
9992,68.89213653378616
96368,30.99562294358605
70944,47.021230632578956
56819,24.161678948855766
84814,70.36534839268941
58701,68.21901131628594
7642,52.19454273735335
36187,51.04770135401035
12270,45.65475413399845
4953,64.4579463640467
20968,58.371805093247524
49726,60.40603330847862
7719,60.014271258649366
50900,68.7551728037744
6017,48.16522556117083
16539,37.38617333689564
44592,69.03900619546566
31821,42.54164040366846
100673,52.47825139973617
3590,67.29974121032075
96986,27.170124193246938
65252,62.842103734765104
100308,65.09103782276675
82200,54.229519016533914
63540,31.08462160006234
57509,50.94328672347385
19099,17.29204275174105
8880,58.31929414586142
23639,60.36803128518207
25305,47.78194155341034
65059,65.4289115008915
9462,58.55318879024199
83544,32.84583446290164
11721,68.43156488692695
29562,49.64590688077751
55409,65.52702185533211
16465,54.70203350266879
57357,61.566362805821726
102232,59.85845779829974
71076,32.081962690334414
61052,28.180295152424854
10030,34.71037602255061
56184,65.13814442478304
74634,43.10268676130809
92518,65.89644408340247
52044,69.97475839276296
36407,54.78048249145032
27331,35.51457855981956
36866,65.31390380843342
30358,18.1821671382404
62293,51.40672307842088
91751,32.2730458149247
28505,39.206091148240986
2007,49.71506002302594
15547,58.0024940233051
92530,49.008677520506346
65902,61.94861854269547
98876,41.824934333364475
95362,65.98721361015528
5777,51.75542934260465
7416,40.992075440898155
1310,78.0
84518,35.018395008075224
62900,39.4803207840699
95772,48.39209613119884
48714,62.593798885406976
31163,36.182469151651915
99547,61.64847917101301
11260,29.68217118818006
59403,52.67830268521782
72832,65.76047838396758
57504,47.58089886317949
72656,26.081027782357072
102257,70.43290927019885
21351,43.11752630467829
12281,62.25921063010469
39581,33.94185889893533
998,38.85606886554212
48572,50.16460808146789
70670,51.615620311007454
8933,69.53600963449189
82210,67.25547873671348
70521,69.08002214409554
44296,68.64686109315262
84564,64.87994186419061
4715,39.981540306044174
74798,67.1380035522749
37835,46.99295286193703
66469,24.768678404469487
66900,39.11237627629981
40307,27.493024149352735
74247,58.86707213048806
36506,35.71381292574709
191,70.36939118624844
79873,25.416697864712187
35678,67.88123410543389
74228,49.66958114500631
88338,40.48781592426442
39078,38.73114839856977
36133,38.36333581134718
93138,100.0
5,61.812616638808265
87065,31.8234993134872
91759,46.75901092871705
42307,66.56965372342866
38222,65.030445961096
11374,69.00362768479395
92961,45.80432971848293
53465,49.95610920452879
93316,70.49850485725307
82084,44.475764433632584
70973,25.75710715849024
57110,56.10989663593751
63556,43.55763643523123
98928,64.23187096761478
88942,69.59094448086165
5138,36.005395330392574
41035,33.33860386157766
9005,47.92894847639388
96104,60.817393042719935
42492,50.310406965740256
70471,67.3762538082921
44520,70.90827912240348
32192,63.62175087981428
43782,36.1164455955646
96228,49.971659703150614
76208,42.287194932934234
101887,34.82277909644372
94794,63.31782496185741
65441,28.364319583598334
24744,68.52000997961255
35392,28.022139990578168
30394,31.806147476440923
81710,39.91158833549985
93732,83.70336057465713
51947,56.55256413769621
76857,66.5301531806676
78660,65.61619513623054
1943,58.92540183525764
19950,53.387384751568064
25082,49.89652087242257
52470,56.699004078410205
52041,64.09796318853527
38629,27.95641250657483
33754,37.22056462564953
80103,42.919509222714815
94169,31.95113175517789
13740,46.73097778181939
65146,54.276076511508144
23417,39.47663760220336
16438,53.2057893943858
27632,66.80866671475398
58203,57.727969045145734
48655,68.53596832472111
51934,66.66143140620161
37538,47.48027236212917
69092,30.890180681328435
41827,67.98760492398097
63575,78.25845870750281
6473,38.773072337508
14450,81.0
44850,41.33047571921034
12321,70.86247348833666
95425,32.748529989534376
31707,35.44022159123541
89464,65.96739606996606
27372,59.95298419022185
90309,32.00905353294577
48186,70.76129671562782
62956,43.16994851494801
13742,61.72095575640532
46450,29.57174014902359
37150,62.42556934005242
44481,25.775177327837824
13840,56.676590610424846
3570,62.44799278030383
63842,49.86936159133016
66893,68.41758736481428
90183,65.15155054017632
6465,67.5174703056801
100619,36.862568281622806
43930,63.977027360474565
44325,53.483323901088504
77012,39.93279351516241
91810,62.3543558952799
81476,74.06023995944442
36843,56.2230033568569
44778,63.48393238020253
59795,46.887285185180765
34593,70.1240315323893
86226,19.375509357616966
48869,48.46843384857889
40105,61.47565610023886
26595,70.4259951666475
48185,73.38367326407084
48784,68.31447201601839
81229,52.46398337945731
27404,41.825168322846764
81698,32.53515043127914
102039,41.22936133852302
79105,39.90074854846015
71804,72.1564157569702
97339,79.69335951995473
18933,26.96551356118112
98003,40.50396462672657
6067,69.22087423880117
90956,30.54461267150442
91328,47.30359718122541
98328,96.87
49400,35.566843248479955
67462,69.48020586594228
28250,52.84321010839597
98911,40.11739577741279
65584,62.213407778327536
56267,70.57975206014558
19173,34.09504373713497
96453,58.08400591736432
52781,70.03917684051589
88376,36.21991926093963
89617,36.705286407534885
69603,67.96585459510909
19117,58.05846550444321
9068,35.77099233790041
19610,49.5202760631745
64713,58.939739618044705
100253,69.81526019323871
55854,50.251783277262774
88895,61.46192229019568
42086,31.5793109244965
53172,41.49995438723299
5827,73.21746031746032
102328,28.060886550178804
21501,64.83910072762649
96908,33.196553028915545
26253,31.5348078388154
1772,32.288165319243205
37131,26.93046036287616
14651,51.453105972288874
56505,37.66417503597936
71281,59.40753754803166
11239,38.66746420488739
49161,54.119489425390796
89942,63.00594601503324
20654,48.517963734857986
21264,45.83415202909098
90459,43.53572058467863
91618,66.75355851691715
33688,47.058646015653885
66907,43.08762143544928
46626,68.52000997961255
84559,44.651981259163165
81366,61.095050579887264
24432,60.85335183082957
94168,65.87096607810439
94253,54.170774413933906
83279,35.46078887725971
59673,83.36937974463893
38914,40.905356298587606
11130,38.842040397170166
66038,47.82146936663833
82820,37.02974748229697
67640,69.82194372977541
97118,90.94715138485886
80823,61.42674053757627
75973,38.81767610159251
33344,43.52242393804175
98668,49.913138765542826
99162,65.08433812492875
38811,26.38414746264371
55222,44.43812530546052
82612,50.785356920666274
10882,27.541820760199116
2185,48.77857177139698
6958,65.16224343629443
59517,34.405748406609995
99974,49.43592020402839
99080,57.17389837150253
42973,66.23738376898206
75993,54.765708416209335
14464,65.28093316433176
82485,59.1430717414837
56867,38.29179970849909
82928,12.796898340140851
78706,18.828031985105874
45026,59.71966587813536
88640,68.34116667046744
102229,64.01807232121159
28365,65.65773200839992
50778,56.17223928288175
58620,43.58417215453993
101363,42.794757063925054
92039,65.47381587119193
35469,60.81880562262405
59000,56.2050369378286
81933,60.39701507943889
31584,45.64493827152958
53039,73.16335641158761
21028,63.17267048215643
29018,45.478215494660645
76174,37.89080997504052
97928,25.680445776224673
51969,41.38010243603353
6968,52.60580416381
95708,27.500587208437974
12852,25.73439486447507
20524,43.24360535641489
102627,45.95139132261375
73746,37.25257879489908
58260,43.54096113972013
43200,67.9177406069254
54016,65.37302368587963
68218,15.331038565538881
87717,44.89400193337233
33394,49.58209975320721
85476,73.91572588793636
42742,45.98015271780278
36751,21.085430710602587
92230,59.52972612056399
65988,19.51557751827348
64906,50.62319689064111
97191,22.55509514430198
97075,65.34861274045426
98283,30.65242283597372
80834,27.025525954292387
58496,32.894614944787676
19877,53.00290417203344
84907,66.79265922340979
98416,69.86536340710856
94208,38.26502814125929
33509,62.46205121011684
95548,44.10637957040994
54383,67.89445110896497
6648,48.915514415078114
30988,52.356469870847334
12112,62.446076280523776
12243,57.78732781596339
72735,64.43255869922412
76720,69.36615446026161
91898,67.15507857125452
21612,30.648216699582793
97873,29.107267856055035
42844,59.53413968102438
88864,76.83543165290152
46822,58.929995021201556
61924,82.0
94887,27.342257646593215
94179,53.320655805294
68497,79.10591132718365
54437,56.24385086859219
10929,98.0
6919,31.273906874975054
1984,69.45978504216635
87282,33.12417275356427
47751,59.839399414526454
33201,60.15079999274142
93936,51.657934131199816
83076,38.55373138528139
94288,68.28194134908277
73584,59.86575105513485
52934,69.25039810041746
11232,61.52851622243839
59871,62.155021519600595
15759,38.5719747931719
61795,60.474228417083175
2131,65.39749265938947
32362,70.70178175390174
14023,56.246692551717736
65658,56.167396987596334
70440,36.29712834189634
15715,42.713196870961696
101681,58.63676550999422
8027,66.37088461426426
49899,69.5206580376207
11995,55.98671327745637
100128,42.59362849798144
65503,69.28810652713506
47858,54.627943725420145
50936,48.58054370658488
74360,60.12247949933509
93764,66.84410914251765
8254,81.74196650093793
13924,37.59347004948749
37722,60.89703830602796
66844,51.06265371295925
54193,63.86606928378872
49302,61.18113922990578
77176,60.62996149781482
25600,56.461933878009525
63538,64.34787211730938
72753,63.315954755549974
75695,51.623777376781746
26493,67.3662238512576
85095,26.270529021562965
68520,53.504437170149465
100293,35.38570896815092
76954,63.97771503928231
5759,29.88231287035623
2536,55.56601922636286
85802,80.17651435385504
15779,57.39370901913204
42693,69.68098918623053
89378,49.3457936126938
43880,34.165554872117745
38303,41.63283617344332
89774,27.846840357924684
29619,69.09772639475912
16313,60.38830745539367
78400,43.13610088505573
55570,47.90794933584103
54299,18.675391228730142
51155,36.95549978901572
74077,66.96871188009192
82358,64.63423354900924
39442,54.19969715099393
99333,48.898686947550786
87409,57.07721923125992
66172,54.89275960663371
68312,84.85562995553204
57349,30.688513008284485
57499,54.71713839678774
65246,59.01882712368842
100799,70.12720568912032
32413,28.23342237689177
86271,68.45956041086964
4234,43.22999606554381
79684,45.01927640664121
25359,41.885827036879526
27172,58.993720281945116
46080,60.44519616101602
41086,45.20640477025784
62766,34.90836945761249
86343,58.130782277839664
25621,63.53404945855377
92068,41.21288908196613
31000,60.454037740350714
36196,70.43290927019885
93782,68.70694256321244
40804,60.769594692965036
41557,61.313115048553556
91790,66.09134879515913
89971,41.00068460942901
51857,55.672293422943675
75647,48.36462751960189
13190,61.15803167779522
98693,57.28966047978447
11532,48.30703856121877
30859,41.59424711835872
91584,48.486483519188425
44299,69.70504067710134
51037,36.36129373131594
100577,47.35616828239323
1617,61.52504354637547
59614,58.92162153766556
2666,31.563827189557728
9298,46.34788205520957
25680,52.117979879649965
31822,58.80227251775355
89913,47.178151255662634
44415,77.86294924412036
11645,46.61845473621347
54525,62.28161419147459
85202,53.443197065354745
3938,40.948307087326725
37615,41.75614391188835
98938,46.80291416513306
5019,63.29412729772
3837,51.448586378940625
20407,53.00646725879385
99775,26.568625078360164
65620,58.14670351901637
31336,37.23939221466917
84317,69.07567888808009
64398,43.91558262843488
8851,64.21485108487832
24819,37.16002459130124
86274,63.59762460193201
62320,69.58118976437676
67707,51.20951203919639
53716,42.65283949049924
20241,50.86652479473109
5296,55.97725392373591
3793,69.82368972985833
11893,53.98933858690205
78561,29.035970191428234
51427,64.84131335244369
13249,41.88456794133933
90269,62.023442409537886
75077,52.321284990501034
32843,56.73873769104369
56238,56.09681395884926
22220,29.992035805145175
64388,69.111880828034
95181,44.641855278409324
43372,57.450564968649225
46361,29.794289468404614
11357,51.832467793170146
40586,36.85532104471053
73942,55.79063880413504
43130,50.1632642747574
163,50.23360628817129
43936,41.451223345928405
34566,68.13886243111224
42936,67.55763304280009
69817,29.761220109754017
34830,50.744936268826635
91208,23.44867751537569
3464,65.44480684533998
67789,67.10698939518068
102482,55.3009200243083
17946,43.03622191949512
8385,62.38704057538008
54907,62.904814666467125
25744,57.6876529416481
75026,67.39895069463816
29782,61.26893634261914
42024,37.418599788675735
54253,36.01674768071448
13606,69.44354035303463
94339,69.65114080577646
12761,56.37920901107074
51872,68.19618611770493
63862,68.79316463419106
2014,60.20839920877347
89115,46.605094709616516
29890,43.656870737805406
61320,59.69969138462494
8832,31.733346947193414
100498,37.87503764419823
24211,53.97145346387119
50042,64.16672560119804
91501,68.34016961954637
39921,34.54521046761042
48840,56.21761678489761
81357,69.60738478774051
76027,41.644370663581086
15354,33.22863047648748
87033,41.208403954955116
80599,59.74745899606964
48970,65.14887627534603
31776,63.283823429601995
50185,44.81770393181002
13684,69.54685491160456
58449,31.513574159274462
20319,53.1732637097109
95561,33.36167041985559
72453,69.49823788231969
59560,56.8514544886289
74304,61.679275600352376
79113,63.2153968361849
61207,56.44141737662594
22208,69.94279741127404
69173,29.755306628037467
99967,44.595222246431675
24464,47.9860033384333
18049,57.3831991790633
24020,34.31975190755525
65267,35.435224862989415
4792,64.51998901560967
79933,52.75418743243656
9798,46.990913170323026
53747,61.73419045450968
17428,31.163357532342822
96168,49.9103157897319
33639,68.90824469163017
32773,66.86699378802894
99783,64.07131306685042
101829,46.69475468661697
81401,53.238223943039465
9465,50.39174224594133
101571,61.06782449490575
21619,55.21652264950116
86030,55.52718258066287
99006,35.89501659190753
94620,43.99403132005579
59385,60.948707532701164
28352,67.77320936012647
80551,33.17429430844478
93726,66.81108606717714
22656,52.95749685307329
77422,52.1860328799987
102551,42.06742947151045
99554,31.270429897497767
51585,67.41466508987266
93019,69.14302884849
11898,26.4559871630084
61550,41.62541042693787
2689,55.22292568316706
24740,58.870471704280014
92501,55.601823739461324
36284,64.56839036401502
56632,66.37466126823614
78925,28.098185309837117
101469,64.43038537501144
25795,47.91562927117879
35649,58.30173801612043
2516,70.67604063039921
8394,39.080760275427146
74159,68.1632888440226
83434,64.23972705627506
70843,68.51910983416582
58920,35.475492967082054
56342,62.18280411238914
61282,21.4533894545726
37601,50.783183074240995
44654,27.772022368011203
11187,36.35345446808297
11996,67.73073249074739
87054,67.36178637915255
15773,58.5069671018997
89237,61.879828845394776
49005,61.52443088790762
26798,65.94795718912027
94058,47.75847448815963
16929,22.338185026455353
46899,68.43917839532088
21301,52.108378156429374
71665,48.024485710948824
33006,32.95498507039399
8784,41.72819505487752
100435,55.82488339204452
79824,55.06042759119697
97574,45.555128279045135
19719,46.63317893273754
30578,52.486540555137935
55499,41.487723065996406
75036,80.98216666666667
62195,35.500219029124494
33653,68.93678765298726
89557,32.613720173533615
70050,56.01103917940422
99636,53.85109476234645
89788,41.37554154635509
71672,29.456205377339217
60968,66.74393996945828
71910,40.374789532408506
71038,54.930437840868166
26836,61.74431191486896
30564,59.9064604121333
52275,56.97850062681904
45143,54.36522205718851
25567,46.75442207484937
96366,70.56125025952483
77115,73.91572588793636
96756,58.850460011586094
98418,70.05479524299577
29212,59.39156291834509
69142,37.68495012590817
40023,60.65248934463004
1054,69.1065872434863
81582,69.84601092638927
62857,37.92957542744488
48974,33.11845911763533
95303,64.40586908431511
4950,23.533699131998677
55785,63.21276327384959
18685,55.853258639867335
36077,66.4850505253784
43071,51.87545082420823
76070,67.34819773844245
96435,46.221014774189015
51126,40.98162149359595
6622,54.46533460525636
84679,62.30960788763511
74605,35.81083441624676
38373,24.303272700743673
68146,34.72153281126863
33826,62.280779423059094
75367,73.70525240460151
46174,65.05965553006008
42847,62.88761452989154
40362,31.130699705119127
97080,57.772200390058345
18937,65.54852939644815
82914,53.281834668603594
12172,45.32821839129596
82959,70.84630126059696
95301,71.94064935666064
43059,61.24784123678014
4241,22.78022223125906
19549,62.861808572328755
102408,35.926562579996904
98914,70.12807390310635
35491,100.0
75152,47.15507643027741
32393,38.052513277152116
90941,64.92495917550775
23735,67.01669326936766
64039,28.338822222970517
25625,73.04166039104456
61434,62.613523466195474
57917,51.01151858322116
40677,38.42165873343724
67656,50.5094172588429
37943,42.95368544056568
75177,41.50958069591527
39851,26.27802410529724
88591,46.91348273344774
41084,59.02784055886456
68280,54.84540945761845
74707,21.555098247332012
70236,44.812374970687394
73305,59.08952741039302
7289,28.49256913032085
40297,45.93402305912336
65125,55.17184209976718
79848,71.08539448918411
69368,68.46323381879779
80550,61.75126406682053
48638,46.9787959107813
59345,48.91371596866426
14931,59.458661736620115
19545,47.61605733542978
89391,66.8861591117621
33415,40.110513546978936
48094,29.20070929150354
86322,69.15512451621936
45521,68.09264107430857
16337,45.89019226651317
85089,70.11526451972884
92886,40.05316356660426
53809,68.4946680520716
50705,36.18309292027899
27823,69.34133843360465
84807,26.70804538399784
15808,69.72972499486245
62096,44.123102935120876
27684,46.15580403559143
51420,56.78294464158564
26317,51.65785228964226
48920,69.23303479665266
57056,21.986321517585502
55502,44.4072004384117
89376,43.53663154793166
1867,47.34820973162641
51462,24.745942420208713
89600,36.66287990368191
70597,54.36278577262854
62707,58.993085719351456
51429,68.79948339466574
92113,61.97748446849363
96351,42.097113409301194
52563,56.14568157614794
3688,52.12749506386922
91458,60.05042017003829
43466,59.89529536146372
25994,69.49823788231969
66977,59.0736554849883
22863,61.952306912070064
69113,48.98650934965353
13750,30.669796650627692
4907,33.91286489051709
46771,51.68422236575032
88169,59.482148998469086
67,61.53891808661339
82265,29.895287662669652
95947,56.822943321312586
100885,22.21792912233742
42461,45.61598645432331
91638,43.01372138693285
85557,40.22930420082675
30844,45.89829859920574
97418,66.38762865162164
76907,66.66555619955581
4463,47.09810742779337
37123,58.30534802081902
82301,43.16651049460581
31430,55.06393643847914
91775,54.17393283465422
87020,32.438643413342334
25179,64.12080426733246
102153,21.735860800623467
33980,60.64437406175385
56308,49.84265259942513
34342,68.49471810641633
25786,43.30887158132385
82455,60.12648018257369
29124,54.82489477043179
74058,68.60631942199466
81526,57.12193363292301
24337,60.50526502010573
12461,52.50236763545782
45061,42.369447545414666
83084,52.174475299546636
35723,67.05761650058943
19206,40.98097866742273
3576,40.73756207798236
24675,67.62721384638715
95748,62.761519311271684
37637,16.676761084323648
92138,34.25092117840076
56306,65.73216081822565
62394,56.70540495376706
39635,56.97021371639757
81280,68.38793237522601
47024,71.10352704352103
56992,33.86803261752594
97334,56.49364911029616
35453,46.80098971527459
56887,37.78155101540276
63578,63.187236451981875
81623,72.78005463505875
73888,54.82577029976116
25653,32.01521272530156
2436,64.90705628100072
22356,35.99031864636002
46490,25.28511571078018
82511,29.782830721376776
85506,69.68098918623053
47282,57.952764005985024
86383,53.730278458736414
37653,56.222414272446734
79645,62.164470167191254
43844,46.77003666459134
98537,28.156392447576213
57205,46.3669333979774
84038,38.67326547201884
19046,42.6599145360553
41950,62.5198486245244
46725,34.58875429659533
38837,31.186160207342844
100604,60.397846266394815
60166,69.23736778622026
10797,45.22520189765582
38,27.16116547136392
25675,26.082916566347468
35822,48.23517477045371
13661,67.86860915455088
20798,35.298340036440194
13113,37.284459178125346
38330,50.56117989556717
37840,54.75584968284984
71921,48.975803074602084
101579,59.778790727231744
1906,57.94324193691569
74431,19.566316496236137
102020,25.992398884191157
72017,45.39503745698545
50009,67.39907465531002
79478,49.67985393351849
35791,48.48487548706395
96279,37.08508660934395
90856,69.21428954718844
37240,41.3232106261044
63457,53.00216683830949
97623,47.29042312767287
40170,49.09590866344866
100092,42.32256110003914
33311,35.17533025051081
3268,54.917340181713136
77332,46.02076578066158
66440,34.77742636435309
62913,69.41660933948333
39172,84.85562995553204
65622,64.41087276217515
7426,41.024359509995776
86523,39.32550901318417
98107,53.05229443800171
61445,61.43180434057777
99042,63.04891856512124
43266,42.45665975569753
50269,67.17475808684593
88346,66.27532616760797
55609,67.58807409085003
24331,79.99734920634921
57220,60.75452375583137
59526,64.82539207652196
43712,60.00706600693963
100379,69.72972499486245
10808,41.164227073249506
56602,42.59345168426707
47057,72.4501171001576
50430,37.77614078823034
16507,57.46645051415589
73761,22.181599726793596
90984,79.69335951995473
69301,60.785348504545134
20007,35.02579856738017
26904,41.946237176280384
17615,49.86642878645751
69754,43.351938775715205
15659,54.89886091638234
22019,42.92992712566966
41173,57.833325685541965
61242,91.35037226839299
6345,46.082427798812525
14829,61.22110001051893
77441,65.33193263537365
35364,63.16185492576343
11390,44.68382527332146
69549,43.487546944351145
62874,59.67797635131513
89956,39.03715306462498
79336,69.6711074713734
56093,55.10496783610645
54905,57.30317743072167
52009,68.93226335248802
64204,61.31013260721362
4744,40.44677294336735
51759,65.41187017331988
23301,49.19069536845516
88488,62.19074970848276
88675,30.034024979603988
35962,72.63019307693135
43211,33.035530753966526
98900,67.39144994852244
67013,41.871374979392186
85417,66.54652652773649
64579,55.94280123083385
52720,43.890489969638246
58366,56.32702582230428
27896,45.18029944786336
12828,35.71084554164025
51698,66.20411717055889
55258,59.132381216095176
102122,40.45216482405761
40530,12.618268857279034
37598,64.67496252697946
70188,62.89612546154271
43258,62.86203139757011
53069,36.31335974718304
71250,54.11271020797358
69215,33.56420962553098
99576,60.546681656214325
24118,38.12301590688525
59764,65.89735826764034
86541,42.25929171179827
38003,32.53143487998296
78087,38.13624480686328
26663,42.57713201088553
77892,43.15776315772097
59962,36.20828334603178
66516,56.72328842518534
32086,69.01210020709225
59273,48.48016438919435
81404,40.39739450681363
68946,51.96650631538286
77492,28.04257450291914
71492,47.043668593667746
67294,46.0224872758004
81559,60.260544371560506
21524,67.29322578119115
71713,62.82977515004927
86290,69.04926377213309
85162,38.332594777381026
83056,67.23778266452857
87080,50.07521693874322
65981,26.998660993903947
80786,32.85512359756337
81341,46.84753355682121
9245,69.32736275145487
11367,83.935
102213,40.002136012954736
74807,36.841343794772705
71030,61.02693034804826
80791,68.80645909725015
49316,77.94894314002201
49979,41.5196749149807
86228,67.49942315779322
12733,63.71169594040169
64730,62.5150387707929
19132,41.817201855003965
70083,40.14226186272581
34335,61.84697162695751
62512,41.50302465436278
6026,41.46996730856141
43996,69.64735625522125
64909,49.07755478769989
7750,42.16779865992085
64379,47.6028796756178
11240,57.02124134212432
79261,70.11696655037643
70243,40.03640395466103
85337,53.977212822533254
70867,63.24793176926069
39691,69.28226529260535
28426,32.224790093848476
71917,31.5426747596181
46885,66.07655416190504
59709,39.26595100725768
83924,60.00322791474027
60618,50.627656433422025
98191,44.476139407754914
61562,64.43038537501144
68444,56.32888810072704
28277,56.96058549682955
19500,54.51422934579228
42261,32.27810173072323
2111,47.10393837084585
56237,27.757842052495544
96545,65.83249066421871
102128,70.91042768680087
45801,31.233905477004818
68594,27.807428627992536
62141,49.75127731789943
10246,48.607032049468145
46957,50.62343147507088
21258,33.73881037673589
48392,64.62313944705978
69356,46.45139133612546
52215,57.92092240627688
3143,55.62939797109163
65219,68.4491150578069
26828,60.17702931325019
16702,72.05329775282306
3340,58.87107134341282
19387,69.53112301177116
97065,46.541325869371285
32052,54.100746536580274
21655,38.22719342608764
82575,54.604643949242366
40335,47.28868060218251
39007,73.18335641158761
50787,46.254337332014146
42760,53.18958234818458
16419,59.465997347165505
34708,56.18803628142561
101614,71.74152590625754
90491,50.51844251531177
24670,34.236223291421936
63452,51.37863755887901
2029,60.724135147397554
1937,47.82941273543562
50552,54.07291409888229
64606,65.46531417015247
23058,35.16815901703703
62675,32.243678106355425
60163,61.24144497090485
857,24.457300312148064
59549,42.1968075996398
1787,52.521091129528315
56952,58.395697184899355
66639,56.345448772486115
50175,39.674695895796944
54910,50.231353413502994
79784,49.18251480105563
85272,68.91076644866097
39726,64.08354612927451
77260,55.85974654686132
36733,69.59094448086165
7564,67.7972841902824
85090,57.32093925988748
48742,60.098686352019776
74246,62.18303028934894
37362,68.05926714148588
24282,35.74876762580832
25109,38.983058555509686
101717,28.83721949453271
15551,60.63997658203984
74444,56.27903594828302
14566,19.43548298889043
52307,44.0459225576745
2956,59.035950320764115
32343,33.08221842172327
6621,70.36821429122155
51705,39.838098492377036
2288,52.128893070343985
9856,40.30443203741878
18299,66.08068684936485
97023,37.423064319750736
96887,39.78546142140085
76791,58.551050638838234
37683,57.55650675700758
49345,68.44921286622817
83830,68.77734021126577
72208,57.0686924850261
99644,25.722378650971624
51588,57.60416838278722
61328,59.40725097874309
85832,28.33814463928085
50351,53.09259695969718
37787,68.14246085268937
10989,33.88352384387757
88550,65.01854408421588
41353,59.00742063966541
83133,66.44776569643427
83515,87.07899463027243
77276,44.64539840869754
97580,28.87249048216302
32972,69.3613553425512
50759,63.54551336168683
12009,61.108588015142125
42354,55.11354392949202
50824,40.616069242013694
74393,39.93780136088495
28010,48.64610373259463
98444,52.98915287181087
91172,60.029868929460264
32576,49.502453786140705
59805,59.67816904587715
13641,42.73561436785488
7309,30.967764525479655
57104,61.454285481231466
77464,29.91546962884762
75185,28.417670259890674
100609,68.05481246386114
19189,36.84005540726382
53970,28.9460084772892
77386,43.27657978477733
31474,25.283550287416134
20342,53.90234550705446
95245,43.73552286977571
88429,60.63276221929684
91714,29.79542416594128
76718,59.85772375983405
24096,66.24644695402051
3159,65.54430823219748
14711,55.50109249628324
77212,61.77763532047441
16023,49.93138096556755
98294,68.08760097025473
29470,51.54632381551977
70693,26.762197446292717
26238,47.89105429036583
17372,59.472877315429066
17364,45.92370604956173
1250,47.17495256421901
53229,67.21492271596478
46770,22.762088358763204
75225,64.25117635371926
87426,38.91368225837822
87107,44.2109939032587
56399,48.14075145922828
43403,57.795183339124044
47359,63.60991013232332
39978,31.71812096298078
9234,65.83275418889622
58094,53.85607242587109
18024,21.265351519764398
65023,72.10970489589732
39981,36.48009158057181
23834,65.64332637249434
61901,44.70425282213166
22150,63.616678392148636
31831,67.85574872332704
26421,36.88710299907256
11074,65.52572539149962
21124,67.19336804654812
64964,62.15111965488772
52670,61.83723846841467
36566,64.19724080470533
51590,50.798176135283484
88765,65.73043264837297
68553,33.57031382965208
83716,42.098926986342455
38834,66.11358247080126
32758,68.17444957776353
15925,41.899677152478446
13866,70.64147728452504
51704,50.834082726928294
67213,68.90824469163017
10852,57.951674502115864
72139,59.4000787215239
33804,65.59072935551092
63051,69.54944004282679
25506,48.480050293073184
85212,26.10266813458202
44087,67.21974080826705
50522,73.06530067538323
764,70.82683958467835
45720,69.6531971480164
55276,47.85429735764873
93996,66.63675984799241
51806,69.78122370313
59492,49.38059448246062
67523,45.453559284345516
94896,69.1437231317138
96175,22.39246129919439
55170,54.20246921005386
10762,22.057653181850643
16948,30.167799184126398
19078,57.88065439009094
30938,29.858666153309827
2888,55.97602728341323
30630,59.53235691409126
16603,68.07504520907814
13757,63.9171321221848
88096,68.76364697076774
14620,71.08456021486731
35559,53.422033040516574
68479,32.22766502159655
8679,50.05381282136454
2839,38.70859240148495
39814,61.05396750873454
36610,55.67855240917929
10253,64.82796333736404
99283,61.929748724818765
95835,63.5322372365895
89798,34.39581398692137
61740,58.430089369355144
79987,66.65417154002411
90852,36.43416552800586
19738,40.72385654876365
23284,62.975302132177866
49692,57.14948962839293
102553,66.30916392984312
41444,53.456392291258496
49848,48.277926156184165
99724,50.42088617282235
62454,72.83897068952477
94399,53.64403747981129
62041,46.01832864922472
102669,69.82048196231781
64528,46.70551882967115
62068,49.794084381638314
58553,59.594448244478244
19643,49.08205314185007
95232,70.92732498338935
59841,35.622784404856965
25896,55.96990510897307
52202,68.21977541091472
77671,44.597761283345314
9426,33.48975735103122
96827,42.25040585108217
80647,64.50905824305916
6755,55.32161019142167
95338,48.06244277437272
13386,46.96105901964668
89553,52.63867163745042
89262,66.88485611315564
100717,53.495838156424014
92790,67.71106681474953
81338,67.53437122869158
56596,69.28470509861363
24307,61.363487467398535
63652,70.86495009683567
18730,32.24506605935478
95385,60.17134446736477
24728,39.78664206444367
10156,69.20393716263425
66703,54.567692155764554
48098,59.40981664697624
90860,60.46051180589132
79719,71.03243009112083
85600,15.627461628225708
60053,56.08594334551324
60271,47.2883158286762
58607,26.979077906476785
69936,45.51244366647915
17325,49.201368231859554
54693,45.671253444621286
84382,60.76600744521469
51243,49.49821014621638
9286,44.022789349184315
5908,70.70026781204726
6454,44.33598131995108
11797,67.5448032514587
86840,63.30941998988678
88722,55.583839983278715
18984,48.657671440197156
21680,42.74696888222834
27260,52.941748803497234
28037,64.40232600565855
5072,50.67018359615446
29807,69.33956039200665
5972,50.869449958632295
2226,69.20138548417178
53640,31.61697479061438
72278,65.15662783234464
11322,66.32853615669093
42468,63.254156175764855
69983,64.51713352650559
35836,48.394416177506315
79143,57.84745145413708
51019,37.938840583943474
64252,50.11428357092646
34591,67.32463754054669
82751,38.50598063370192
12907,64.07513532229825
57217,43.10384871019012
63755,58.862838818195776
35699,35.95366956721475
100834,19.298326247551085
48204,51.8282484789884
4373,38.47843891038775
58207,40.1322932892227
45940,46.01098618971583
86539,63.75733359003538
6645,65.25935418179472
92276,47.1725101016524
58302,81.09696428240125
57302,33.47254634363979
97815,67.71106681474953
100319,63.88632286341353
60210,64.26896357328927
13426,30.58202282210873
5240,60.63997658203984
31999,64.70776351419669
57980,50.986400189158964
61350,44.561403832760426
87509,65.02363710906721
34740,76.58767650761119
92067,52.17280273413403
37102,54.34985896607431
26438,37.10140368942749
61262,64.32535598408883
6244,27.46541606165248
54839,44.67198105588517
39390,64.34861861621366
13539,67.22887282978301
26257,58.81752351036221
28687,66.23777671061094
96762,53.62114069637583
35415,71.00042117506246
46075,64.29160937319693
63425,54.3667366836231
52706,50.91410907773613
13373,27.301638589702875
33021,38.06918801663258
92873,65.80136402084709
98474,69.14961373292728
36330,65.36842094349865
53111,45.603082105895126
54805,43.342072217776604
87003,43.56724670143042
74427,48.95494763301559
36087,61.70329920437095
59316,39.81373566253579
7800,37.284344294061235
39769,62.293669262492315
723,59.792541041279804
64728,64.38927429108352
87436,65.46799515285902
31222,43.3722913378319
81359,65.13542666965262
42656,20.565895105708705
61839,69.39202745246854
27749,53.53702403046496
44474,11.498414944727438
44916,66.77657705978157
29744,56.21768843724765
66597,58.96393500367044
60065,61.46294666994597
49340,46.08245876423604
86802,62.18824256935334
44949,40.75821949537167
4827,52.13105530153575
95400,57.256462955401005
27233,51.08085445853593
101880,14.620383544982214
56390,55.31939301290267
55313,43.58268877510639
37648,62.230727223208234
43898,50.201710260722514
70180,65.42652701618226
92115,54.91044247494237
92557,60.43354683158164
64643,67.8294029290433
41499,69.40610078881078
50838,68.60848223163389
58975,51.39993671361575
27224,57.77458287291818
34596,21.308677240541524
93230,64.04291882018634
87362,34.512035571141745
61522,34.2647210433531
12382,69.33424209360784
54994,55.65057468850429
63343,33.906029243800674
7710,53.29748344548848
83487,56.561801087294654
85118,43.67754795291879
46405,64.13760764096995
57276,63.165461943373884
58474,55.84255053703042
80475,49.564467827538344
34509,37.24803111604224
45379,53.413955572507284
28345,38.11819378757141
39003,38.359253928742525
15573,68.19230887064106
37063,57.91904984188877
99813,21.273886867701364
55484,67.11253578899458
74111,67.85937274631733
73849,32.634499306052135
1820,55.111685585734676
19079,61.42792450586112
89024,69.93044803794959
57111,69.63648267067339
77552,52.749937565650036
38508,32.29839068804625
67223,37.519541308188394
77285,59.57452459499886
73381,61.32345375875994
36210,60.394934630038804
99776,60.12497648969859
13413,37.431954084133984
5583,63.519275230621155
42540,63.84903868889999
85204,44.06648473414879
51015,68.4946680520716
85770,43.672180203853685
50455,59.46951371084376
102127,69.40532726333258
64407,68.65201946202583
56092,66.43906951631404
37848,61.82208623639934
56789,65.5632868898772
35689,33.74150419102531
74825,68.20195523462489
87074,22.300319214457158
7209,63.281834162077445
39640,61.303609238007546
2697,54.890888471644395
44912,28.56987210339785
52701,79.69335951995473
388,14.865088681663945
42462,39.4066416949521
66508,61.59485542974108
94266,69.60510778358997
47748,69.3989457104407
60095,40.823128552529994
65304,41.291692738167455
70912,65.23060837852623
16457,60.09057907345885
19736,33.74452136545445
35205,45.24455902933886
15473,74.72145703051109
33561,60.517116380869496
11946,67.15140643981495
94777,24.484134229534064
92419,44.483326497583064
14902,70.01029220480133
11903,61.53648237457869
11295,67.71106681474953
64194,21.124164817056844
3496,66.27863227337754
43302,56.27167914317883
22465,56.40133747427733
32448,68.10268656253446
85851,10.518666199579457
87123,65.22377931062525
63620,49.16455867702362
80423,56.72607682207087
93664,57.37479054282299
16362,50.983154425345056
86039,40.01524336554109
54489,56.06080112074503
66200,46.81262057895736
73040,69.26674530114427
56428,61.63655711417106
47098,31.53100395270685
86079,52.442443955985134
38863,42.658889019608026
13657,34.19616671014527
49778,41.24105017811792
53228,60.998868617902296
1476,68.66588414714576
597,61.463146764415484
38931,46.73138482921917
61260,69.14302884849
95299,37.45182050397463
54545,69.75256162094075
28312,53.833838617946164
9851,32.703319622866005
47857,28.560677640449356
14742,50.9444156892168
30762,69.38642364192782
39645,63.978526436970085
16366,33.94970189834321
58329,60.07978121783592
5362,56.23286755423364
28680,35.822445234429765
9147,54.64552075429985
58906,34.496587170005355
668,14.414793094884958
53772,66.47575167719903
6548,39.16079854453644
78306,59.589602012093465
70054,27.805815708220948
36756,35.77024719267905
90731,58.124054699330316
102152,43.12731346398621
73426,58.857430028011514
23266,64.01396532956153
33659,55.64352990973628
102556,63.66073811196141
82514,58.33336905610817
50573,52.724498913657065
14163,34.081897510130744
49598,57.37268946164951
16701,54.29487523499127
38315,62.05240179910461
33174,47.72817391458336
42779,56.77713588877068
94603,69.09071869316854
86634,28.29684638586541
43269,66.0990234192393
24813,27.506283290169737
37501,64.09673822354533
60445,22.132947030114657
7885,69.92472409776137
270,61.86626930740252
60228,68.55542267833356
56754,56.472610031260245
30616,68.85675132951245
3074,39.47061600527318
12213,70.41965291833507
25329,62.146070018218715
89932,56.186066101850344
56358,57.111188423922094
59658,60.4300133102987
72633,61.98214063424162
66610,27.343603230373496
50230,73.02408480099315
94061,95.64033620387505
37267,37.040543327101574
8378,33.964756065653795
14962,37.061680579597784
8279,63.943281131665536
6661,40.43097277073796
9493,54.63942558407061
86162,69.77730618634918
80416,29.75671702499656
101175,34.231037740555536
55374,64.06844317850195
90352,56.6469630070531
62029,69.54944004282679
90337,66.60853918363165
46303,63.29412729772
88052,66.11218280915294
6802,59.105802033654975
41708,25.672678393461855
91108,42.142580492069776
5459,74.21105137334321
29420,58.07052660246876
67025,63.44270760946367
13692,37.71417449952658
4265,55.44397161483422
90490,53.354526384902485
87241,62.77742936267655
3368,55.25785533868644
21118,69.00213916470709
16678,32.88820815640259
20707,35.38053078226475
58963,68.54032029245396
101516,69.58118976437676
4182,67.86030027463893
101222,54.64376961436638
65250,51.509510568661206
14435,36.227191449744744
42941,42.473944359507975
62107,48.16634609551203
42135,66.47814627795597
7582,45.957740263291946
41042,74.35544089526293
5984,54.27683723895256
50772,62.01434583393899
66136,62.012411710969836
14724,42.45226456341138
13176,48.42779968124692
4437,60.945225328235864
18350,23.517981491037133
19210,40.873431703142494
24163,59.58721751089111
60856,44.177385317052966
14303,69.5650036838687
100551,32.74206640369235
55603,73.54423992483613
35334,32.07591979966074
77335,56.49364911029616
69111,66.99370682651828
24068,63.55920740123468
82322,54.55819536512305
31970,29.683613953321114
67710,45.654930673741255
52814,66.71488493107849
46573,61.80567957955065
38167,61.29006005182382
94121,65.99579717366736
43541,45.31698668780873
67305,35.232353436075506
23578,46.55942817973837
45605,30.08906133252867
16138,57.31780861458183
16189,56.259975386900514
10525,67.30730322278468
101139,43.02295681452428
53862,55.68869037083585
8760,48.80598768549804
46026,73.58766890919983
28210,26.19145169879218
65805,30.949039424650124
55157,39.69054557145459
73570,60.71537458084981
58761,55.56316450585915
22713,40.142195837498086
43752,69.97480709465236
53979,50.68812685594714
32193,35.78696366936815
29824,25.42718493759815
54110,69.68098918623053
31672,53.3491005303989
95437,98.0
59373,66.94892856657717
71024,48.03871195925024
85579,65.85381784835796
7143,24.968786528144115
24979,39.41284784292118
27130,53.579296220109796
45322,32.072714163012414
4546,66.38872364344657
85647,32.199742625406685
61531,67.17539728364036
74639,50.410505541455706
12997,36.30509213820964
45375,54.63016022966895
94472,57.86653812441312
27052,65.6291629585895
74949,58.380256297114485
85810,71.98134496586141
12569,54.637680683963815
56562,55.44219702455701
87672,40.742074586580046
85775,59.3706587223214
93546,47.484559921369424
1513,31.22746838807643
91478,62.32948674127162
92996,28.76255217998494
89444,57.754279564745474
46741,63.23850721546534
41002,42.60621906608565
53674,26.537122070885598
52306,31.53491435644421
69320,44.81222239805019
89099,54.130136308181044
58508,66.47337902274319
99556,44.09394313836145
67369,29.795734300362966
81392,48.45303040002699
3220,64.65896017390305
36414,33.11885349513216
47946,47.808478799597225
27619,69.37987667830555
20010,33.07920266645449
42829,50.49519765617345
46968,62.93128960636686
41145,52.703223725028366
18722,23.871722564095613
22135,67.39419876141179
6694,11.80630624963819
9205,65.70990660408219
74164,43.076103865251135
25284,51.242550720498045
42412,69.89444883519532
13015,60.19819919335107
52840,66.89865433699218
67011,47.42330548173094
77832,72.90041310239302
65866,59.65957178871901
70024,67.42556813307112
43524,56.00951922077154
10323,57.64459890640297
99869,60.671598797739364
84874,45.30118664062423
101228,54.09074396174735
87554,51.06504601076081
34866,52.386229370859525
54851,70.61725183957286
101225,31.320965238864
67089,64.89010798791386
78192,46.256723402302995
4275,37.68600473586089
47323,69.08577068051909
29353,34.73632965555318
71349,64.82266576129847
31813,61.815360627107246
80963,42.84499363765056
50232,65.63397785437327
62408,56.6812186951205
10876,20.669624314071566
74115,37.835574482300736
6676,52.23080746983311
25303,61.27395165288255
6231,37.108784171147676
6398,48.25792344202627
10424,69.10001719523424
51715,31.201600765763015
66925,67.35116314523746
34935,31.220533040644455
29,65.29891588014199
60094,47.11581737834168
2355,46.03185150753231
8246,65.66273048896336
88243,48.847647757324985
6266,29.386596308474367
79323,63.87808324030581
26623,53.172050770116236
18407,54.119998156981175
85183,70.76129671562782
91994,40.96102753336384
80651,46.303206415297254
87751,46.09507264356774
73971,64.98452641243193
92571,52.16671506683098
44095,52.896311265286
977,22.71900249715777
15716,66.32364410215517
48088,49.30485764715584
62561,43.68349858369285
15196,69.83329883534988
15245,65.31798912677286
47802,33.38813100958343
8280,52.861625398342824
100195,45.39158359142788
26388,48.637405629332015
76281,51.72875883300202
30610,23.702792821821127
7475,42.82595944546551
6827,43.464503572451505
32291,64.1760133942311
52696,67.07572571142397
30917,56.81857338960907
59013,47.16448894414897
90346,64.26652789844644
85275,34.31591643147653
23294,49.592176125664
34300,45.09641416702403
92108,61.85069277572666
53442,57.83031894829028
68866,81.0
67054,25.10569201373561
80249,58.90443315223692
71757,56.39794294770962
99982,62.576770869067296
67395,47.5574751740809
69414,27.111957599682764
97286,44.26064870207543
60432,60.223986089894744
67162,57.52119895624548
31953,32.266160277616414
34549,65.6953077473444
74352,49.34215367748587
86537,45.7611625876528
26302,56.44163695218922
28141,48.191979781485436
73921,39.3252724934814
83459,69.10815881189181
63482,35.66105763049498
21805,27.47469310259857
54789,37.124674914539696
53613,38.4076271630863
92650,68.55301655326656
48313,69.59094448086165
1483,47.09568052793826
91744,32.977409922156326
99687,42.292276936708575
22481,57.533344848382036
41271,61.732869394853495
57685,60.2980742121948
67538,41.1094353518576
52951,52.25385160247229
11537,67.1676619521235
22317,51.577569819812076
21310,35.21812449341667
22499,33.67016702400663
4678,57.67500477282951
102496,65.03380861986369
56160,60.173615501048225
92624,56.41970328678297
57314,69.43614328803638
65293,52.392213699031046
58545,47.41343295184869
70834,31.442841715519492
44366,51.845386459643784
70164,36.329004320371524
60819,51.91242428983286
49620,61.68499201565984
92696,55.14448579132146
58343,68.95244758945192
1267,36.40886804848982
31946,68.28194134908277
13881,66.98722355720065
39914,34.41502085903319
11626,48.40742423067358
58928,60.81409128015025
10739,64.99095948295484
81053,47.671768391552725
71886,70.40473092273233
61425,52.76084682075817
85222,32.79810716489522
59703,38.00827018901856
55729,64.70588180289128
37128,55.712577661616876
42143,63.9529410542392
63166,63.27616330362291
82082,40.666350219373236
85569,62.57761342541546
11447,70.18185692588241
12158,43.620019116978575
83458,83.98333333333332
20356,38.99431640677838
48825,42.51513337476385
84300,47.358101823503475
43969,41.008033638987015
62475,49.56081391951545
31919,62.984031397570114
11569,67.37273570780378
12076,69.40610078881078
55507,63.74953807720735
38196,43.52964490212179
62575,29.690288191344177
87512,42.37728573080918
55237,64.64312630402293
46210,10.09133021247241
63194,64.12769119975735
10871,40.19392017074975
72003,63.75965740117814
51387,70.88323656762482
59188,38.38385224551835
12083,74.92045868954315
73701,52.7057572091949
45052,68.1570141108715
48729,23.248161780406868
43330,59.707657799138076
58273,42.0937634532121
86387,59.715551529536725
75576,64.09121885090512
52749,60.957565960898165
10186,100.0
25154,55.75506086042953
102166,61.79329666701313
66554,47.00075103019098
83297,51.870321149732355
10746,69.2947721457416
1748,69.1037020950933
54501,31.590286037012014
53043,56.468249194365264
43984,61.43187140776663
37534,56.52027419863658
21174,45.624603804553615
40261,59.093574202583206
80669,70.40751026201804
5538,64.8109069861158
72904,57.280130812793594
431,62.211553627606115
47689,67.63236806796147
93927,36.14353135362475
21348,61.383721384808396
78015,61.3093309745806
64520,54.884981481839034
33796,83.05354611925544
40048,59.58963970057479
24168,49.07747001270299
34728,35.1705210073404
36221,41.81948503108856
35598,35.67149550174813
45215,68.05926714148588
56322,63.138287330646584
31679,43.976152067864824
81921,82.035
913,60.08945771272838
8681,11.665891673702536
68810,63.528851821150084
77786,62.87764624372454
86002,55.20085015610457
77876,44.1580173453454
22002,40.85503903660276
59465,25.376401520520382
32618,36.86684042143784
93916,51.56277614230863
28810,68.02135080262279
51283,19.03233881178361
44153,55.31647811309735
28059,61.893283236231184
15482,28.06826730478102
70642,41.43092541201755
16793,42.469033249505046
88175,30.925221123548845
20190,58.216295214500015
15590,68.3036866767812
88786,39.85357895078285
8715,32.03120657588401
37992,69.04917133241717
11859,60.69235160093071
62245,53.387127313791325
83616,54.3227655958416
12161,59.104084346324996
63290,50.428082754202535
79827,42.31287955462808
45246,44.774929900523574
90826,66.83896518806436
3359,44.23484177760719
31402,57.573059585679474
81660,61.868404137023845
33891,69.92472409776137
66009,32.310603249507665
100521,54.424375698221205
65686,52.43436119494948
84447,47.2797296890351
61294,60.50181627472479
60173,40.56496830014239
73448,73.75666977053196
48752,52.2861815222009
31339,54.273253732221484
33618,45.974533459899455
72734,53.61462329484567
77431,34.32094371056297
48310,55.4303218443568
18731,59.83944295693455
37914,24.363331744345864
7372,69.28470509861363
46495,20.05011153869248
3053,25.755510999619343
77161,39.25781193213989
55268,53.2825706483087
68064,66.40369433090214
101649,62.95030188659693
15017,64.20514376941496
1063,56.77499260565437
66020,59.41603628016865
23818,45.750917783285715
73077,45.89826570562007
56551,35.99009143584831
97666,70.10421576413108
41492,65.17070849354069
20069,61.059078245195266
4558,54.291389916752195
65873,46.390338152915774
85324,69.67331245913425
22092,59.8004390622717
63272,44.39599421255858
18076,37.43852851036264
51366,67.05212163911851
75659,33.34169647086348
86699,37.5892118079244
84096,69.75378332066103
41374,56.43679310386695
81432,66.19959922320508
153,61.90853707627393
4618,48.280098212844166
57707,65.59032304021439
47997,25.866257708678148
564,64.61523006395566
64816,27.608578930531984
34281,27.15265723668527
5139,33.31063334069778
49262,61.007276900536034
43494,18.140407527310927
56946,69.13549822366647
45912,44.76004316034988
38462,52.28966233955073
24627,47.545633075315735
15738,48.598418561534736
37669,54.119446439712426
59616,61.37194989189435
82388,69.352722759093
4619,32.87096223702568
20477,59.35884415918264
72268,58.277565940547
31135,55.184634944137315
22263,47.62238489161629
12760,65.60176718704844
18957,41.25918084851943
49319,52.01729072473225
17250,39.64500600165295
55009,38.754497064621084
75789,56.18290424955392
28298,33.25859317145612
101399,56.787553723742434
25901,34.50344564999918
76145,52.06203709338163
38164,31.905095350155452
47685,60.98634255001211
5005,38.29197462704769
28894,69.38513298404224
37494,68.49603562163321
62537,58.153756471924446
64272,27.382222926585527
76312,27.722524063164585
63992,29.863057493068222
48213,56.522027578924195
94594,61.239282547347166
99089,68.29822089228199
13179,49.082342817170414
89943,82.06583333333336
47850,64.59671215728267
93129,68.08931504925505
84691,26.041780255129225
58400,46.76192533722834
5685,39.67635676821273
26432,31.08542643985092
37593,65.01617589937551
12345,59.12791078976408
77249,49.642406453540936
82094,57.30450807362994
44190,52.104469181930924
47084,60.302594057829744
4250,47.10883745145592
17576,67.12137744607605
18009,54.17293386513093
3870,43.36593488613886
101086,62.05546841514102
3450,60.77061484254068
95237,33.29843204569278
89646,25.847293137194757
16325,25.48260674259172
98059,42.2641627274548
31616,73.3488949512768
82565,61.290218054605106
1385,57.84266687295457
17127,58.60298870131837
45542,30.899727696396063
42481,64.916824247326
101296,60.35054056219835
26400,35.23399095851335
12317,60.10775874745404
59669,44.77567228501593
83265,58.0024940233051
67556,47.42614787601103
100292,33.80847894547806
81202,63.76845009840251
98308,49.247431730151945
9995,61.970049345100854
56452,38.73830176811184
101563,49.38293899941794
9846,22.44469179152353
67244,58.011548403373126
53873,59.662831748231326
66408,75.09094556690299
24500,62.27823533309146
30125,38.6153323289619
21312,33.89301594307343
37807,61.58334789694686
29071,62.11680914251966
23518,59.82252723178866
33336,47.574560963698715
11862,41.9123552080813
42430,69.90689596467091
54117,60.9689546604947
26517,60.97582515280274
24761,67.78251233924209
55172,44.571693761709895
81353,46.22543085144239
19789,32.361188357007826
31594,46.52623692175273
63584,49.59863276524906
27008,69.69591368332371
63554,20.817294251956138
23928,56.33071237570969
93774,41.63521463412914
88625,67.38905335454045
47715,63.48669951262677
65324,54.12015628606505
79939,53.47824259271817
69472,27.54821401016347
13072,58.288573050995495
36721,38.83830098936876
96434,65.15862313531431
99342,41.56500490496696
69367,48.56056026128905
16016,45.003039198941806
3210,71.35064260531546
91826,40.07458925229479
34716,67.35231281429994
3708,59.5543661320574
23804,68.08931504925505
24297,64.49679534518425
6700,56.50277161471137
84149,59.708736802444626
86839,33.345963122415014
7782,64.2417976888952
4465,40.14275543497963
85314,40.084644675044416
81709,56.62159927615814
23320,57.63865633827553
43212,57.57065159076679
71328,62.095398125601044
31530,67.7971871298313
57856,56.279523208255995
68424,55.9991823337252
18317,35.59704833010869
70477,72.5317890310419
49136,40.65601631438567
44797,64.3676294975201
90270,74.69555341004023
53910,44.72012193361785
38866,59.37244560409103
73355,32.87045517610777
81049,55.60288683292296
72692,49.85520703946553
11157,55.31281169655563
87731,39.549882115608504
82347,39.329144210736615
88337,66.18922782040543
65885,46.05238813488315
63146,63.713331359516985
88546,61.72090049901139
26975,41.79201412869098
97061,29.6753996661383
42673,37.5823944488718
303,68.42231212587066
33309,53.27358798869114
73324,60.585043573867694
55675,60.29380291991147
49905,59.57521025349722
37565,46.29483722624714
72443,70.15333896340992
45685,65.64062116516315
45044,62.9663933476306
49165,17.73806703933478
40556,36.6114110184607
23918,55.72209349564036
28275,50.98397570683802
53974,32.85612173208937
41265,61.469974816016546
65189,53.11983564056744
24720,59.30085476894365
6336,57.927824147380434
76886,58.36087646464368
11451,61.84143596785625
84748,36.9107338422464
6678,35.87057049296221
3440,68.65609044127638
88054,63.25372827871808
83237,51.429390968697
74891,47.61843034316632
19667,32.660281204290726
51286,68.33412317877976
38590,40.50270413362765
3558,67.75986568853914
78474,54.76518877262219
70619,37.69992654715129
96647,41.21306226866605
40409,69.79910821342925
78702,38.82545436732886
70570,16.16840443022506
82177,69.12226476411992
55439,65.24201465531404
75084,51.09841131284909
99954,70.57975206014558
93853,50.79495104323417
32142,38.73228284595151
44868,64.62313944705978
4740,66.25035144167596
1667,69.2735925005546
13371,65.76449762275575
51063,60.81409128015025
15274,68.24802885514475
39378,50.5877829817559
28241,71.99018899474652
54369,44.4931850038228
13870,63.780735673311064
34635,50.19744280487582
237,54.35379977825394
93390,31.717675049180322
9371,58.33240952749131
24683,63.37231518325538
86775,46.95338744384353
70882,69.83329883534988
17894,64.35729941685294
35787,28.287088334265782
84509,69.60738478774051
7892,29.309019041991313
46557,35.05916951087598
8066,63.6573404563331
49183,52.0484390179628
72373,27.93464297180167
2631,47.41349035147604
85596,68.41592087693809
86291,53.34060437900518
53079,55.79942480691474
16360,70.12720568912032
27953,25.297030975776348
62363,56.15008087715639
13793,72.6952168046027
45566,47.338525381314795
47805,64.4088285232349
43736,40.542035578286196
15712,24.633788811890778
12857,54.799039542867064
100712,53.12737279307293
44429,68.40156144675866
9301,57.62158271765601
86662,65.80897650956011
47004,48.39728388493704
17430,60.21187407058308
96465,51.769924026998154
97912,47.27687276102572
1661,69.23750606268524
101735,39.00233577550954
85616,59.7126359000825
56496,45.98186271959204
68826,35.3010272222439
80025,29.378020286027862
5024,55.403255713130676
34504,43.86737124543476
79678,69.90144329027888
93088,63.282167336095
6123,42.349543532338345
7118,40.39310267430007
30041,69.11329862257742
11094,68.56958664822545
23807,68.80647758637578
67144,49.68604537671841
84110,40.24126385710354
90532,33.91608832176736
59439,62.67547661388847
69571,65.85730318641288
15598,59.30519482748911
21721,48.546530641420055
64987,45.972606700914724
5629,35.403087793582856
34982,33.29530201513065
43523,71.42291862408626
22811,42.04404083304654
18283,43.8597720189438
18525,50.13093503796711
48200,64.21919938703205
33479,56.63120119037539
49594,64.11734057809684
74646,54.348573838960476
45038,65.06922782003645
96917,57.9682381526467
72799,44.03920441055805
47859,32.25030978569302
41777,63.43346333922902
25513,39.527287945645405
55456,47.70263427479604
35911,14.436585657635215
90770,67.62775556466485
5346,57.42192900562004
75603,41.58922318668363
22875,42.52866840615963
33333,58.25200259157123
68099,38.26897905228823
28268,41.425030624218486
19171,57.464576251082
96441,61.18465142883801
1246,12.916916978763195
16282,100.0
38490,48.8823341357677
6758,56.78091495826854
36792,64.97409780326568
4847,69.091943692261
50339,31.77993238953333
48678,59.09042725796628
91836,65.64520919110278
17168,61.412349169773414
70212,69.40905402219974
19758,15.408118628198242
13653,29.421209460985175
76818,69.01565717053613
44559,49.757368749505325
89012,62.20543733547909
63276,35.932245164015015
68593,62.16329527381218
526,36.023426921666065
4627,37.743019244588076
8648,81.09696428240125
2418,11.469905437806393
10652,56.666778648177534
71991,68.94195211758998
54955,29.196556346533463
99025,56.23329468505487
23957,67.22034420581743
39326,70.57975206014558
9467,52.54202805954011
35,45.09454922368644
92370,60.139694481132445
33024,67.98660399782425
17099,33.416431999833364
39146,59.7748781141417
50313,60.93809075119031
73228,38.20178753491009
91286,61.93605363594195
36444,58.46384164296693
34228,71.17985873208994
41231,60.26348403666932
43596,68.08931504925505
23176,36.18081233796095
18895,29.14556641177681
46128,49.878506152434504
102049,37.05594355707007
50582,60.609367472494206
48574,55.485572168676725
14581,58.51112230987532
12920,57.79859731590483
3981,49.6997705568086
64094,66.32269312132331
71413,43.01546801681057
10529,69.82368972985833
34144,25.256964054698333
79805,32.04682587847895
79502,100.0
35069,48.69316301667356
7228,32.3819788601162
86520,52.23051920678329
69005,35.41455040860135
9427,27.097137957547655
90438,54.928796950595626
43433,50.80234671513479
36870,39.29995191559396
77765,74.45547741514878
10011,51.74551036125077
73691,59.05044135431042
77511,46.158952946728085
48652,43.087511752596214
4743,32.171795971893246
6999,61.132390682136254
22521,39.947342049761374
23887,61.34561689513787
79313,60.865353452648186
84715,41.2627300778605
91228,54.315059731697545
11836,42.69586578040908
24703,39.20068617661095
82888,52.59001366007832
100415,51.51895531578986
97083,51.42168190711634
1324,60.185869254228884
15814,44.05619130604714
42757,69.97527464892397
62799,40.88875535721488
9573,62.67609803319563
7779,53.927209358661486
16137,39.74598859424242
22805,45.280256350051296
101840,56.79379002776696
5686,57.1767742519923
21675,55.23702419961511
35537,60.25009926796478
25073,58.10535054072606
12861,62.52713989766444
24550,22.237447092667676
99882,50.01496402693108
54470,29.408482303703845
91613,69.37718222196298
38447,66.35743615534264
71081,63.630415826037805
75102,59.6418861113307
53272,44.86987320154475
16623,42.30099874291942
71180,63.17503544865079
39550,40.23476809869199
86279,64.44395900959653
87492,48.100937125634616
27369,48.317688469743864
13914,64.60505832988757
7995,70.70178175390174
53262,46.69158974449031
17796,31.7630110413361
26662,71.17522617248305
25,67.53273663907318
3300,57.81780528577629
72915,62.04496610071364
89385,54.403152359021135
28296,34.70234784619359
72162,57.368134188043214
58523,31.76743835563041
25279,64.59746451260561
24374,49.99005996109118
1611,55.472363325750905
59840,48.040466621802096
64850,65.24725852244181
58820,76.10806614970484
24513,37.97840187902718
75442,63.52670088087628
6387,51.02027328681941
102577,47.82225822863372
57040,50.117187713690946
79506,61.279533703745635
48739,48.22636611776286
62400,38.45327465017598
22596,50.92577828693405
69422,53.15172843751623
93040,55.38362417530455
60581,70.12720568912032
13658,58.998561272201684
66677,34.06267102098021
94951,26.990777541158607
80703,38.72893040941248
7200,32.404306506574834
17858,31.00468736397805
40949,54.49176830923718
92161,23.690582074275525
51637,55.20844692137427
11927,64.99438111752755
63963,65.07851991398194
27703,66.32551930593696
22248,60.000443596520356
46721,68.79014172581867
7251,27.909162675795688
2493,73.14298396065702
51538,63.33557589643264
22020,70.5640251508858
20590,39.56367234840198
58723,60.236786857644454
42809,68.13476283146508
36504,45.02078289448618
38624,63.0319590961539
74330,50.90668205166342
76179,61.700152389176594
37764,46.68833814245473
27659,56.1309499825273
80581,28.376212530043595
77290,68.05481246386114
52666,53.347796074603096
8493,34.16912690453792
6185,49.10209018430234
74055,51.79401338013499
101937,61.52285385774592
36,59.236348656016226
70633,64.80701978732922
77071,43.565606535084704
14420,40.354880564648816
32745,29.72824628362081
65751,59.29494123899827
36245,39.72572241843921
28690,67.78251233924209
74443,55.08270362221437
26846,43.03316544719698
34518,68.19656086676106
81306,35.587252475002416
97902,69.14071891109401
14455,52.49712534097218
34832,51.723436139223566
8262,43.021594965833174
84714,70.3109891684301
22819,43.592462838663344
78802,68.15201548480049
51065,54.751466341116924
90172,61.086936337311236
97872,64.16193458980894
43438,59.56030116659428
75720,67.29933055802105
97504,35.803644593437056
25478,58.578139500352634
87772,53.49726163880736
55323,50.07959970689286
63400,44.37330338229762
69180,65.92566866314387
35790,59.107443117347636
65997,24.670397741013506
86276,29.20969064903656
99210,69.23051549968045
20538,28.234582722920514
82104,31.630978690833572
23554,68.47328440323425
46818,68.90824469163017
78759,51.18617721310718
60520,35.658320395041684
56153,31.8053532244075
10007,64.68471404313792
65958,59.42399584961365
92832,63.90570265109717
69820,64.24767838901992
90775,52.68639715500242
10087,50.669402026431065
63009,42.22257348521814
19705,40.17022413060344
100553,59.72734351309609
20539,66.6163524072021
88475,57.78625137945298
49816,64.60237368437829
76872,45.02913338082232
34139,62.404838191516944
27076,60.09047878687942
5775,35.382374907144964
20862,43.771750321524834
26129,66.41386602427062
63440,40.84387013526369
66524,21.523765756591096
37725,69.4761889183046
3130,42.909166111086705
45342,72.35200514177558
3629,40.411719985369196
1460,34.79078410872285
54537,55.6952728468672
56909,47.17306349438597
80229,67.33209114707546
42587,68.48361512027918
12833,49.720328592484805
45094,47.3187469663815
21333,33.3983316671174
61495,30.170386291638565
98218,39.97587196505628
69827,50.168752838843865
48007,68.43959099450244
27777,42.6351619038725
15593,56.75948645948341
49072,40.333889589652046
60751,64.03675842436972
73034,48.7195472575617
56023,68.38146297106555
31374,69.37715486821418
89683,40.84569295336916
79609,69.87505687681693
36963,57.85997675696159
41865,79.47016219779022
45956,63.940744945678524
3295,64.3617407280866
84667,60.96826558788643
36834,57.38344194791517
21909,59.50656676933198
54049,48.85239808721073
45144,29.94643372767467
8961,65.02298576734374
86794,40.01691920666382
42081,69.9546188497379
91236,66.47409260259187
17264,72.68635361333874
71319,64.09021536184659
66633,29.649553991535605
71213,57.56045932832297
81086,16.244050520415488
85242,64.92938311224572
10878,27.61617164812657
30067,35.93454899286183
58495,70.34555388185774
65528,63.26757516134363
68490,47.30177437920931
17711,35.305617534679406
4956,69.5774952515188
100191,59.16213295468705
81786,69.11122722280521
23728,27.464473095712968
39989,50.08156079234905
8402,70.68208767419569
47207,50.27945364258926
11484,62.28422813918149
13320,37.942630694687004
43828,35.86238141196148
81493,57.0101519870703
58063,69.54944004282679
36182,34.18500663383085
50822,51.87855094630292
61364,23.69877510537065
85271,38.01104027598456
2305,56.141246847331615
95559,36.212110539879966
4649,45.59739091169926
28363,56.080233948094985
38555,47.630571539707496
38800,43.786346528787114
34948,60.546681656214325
43748,60.71709887702401
56481,26.78846087771235
96166,69.5535779314368
87210,34.621698542584085
82961,27.541514505894543
35599,68.06426462255838
89161,23.993938109440343
98151,70.04543169246925
28663,68.81934921297834
47067,58.62838353264868
85255,45.631195120074274
77992,57.04849187975087
28083,68.66492678420936
42865,69.58118976437676
61315,41.36153847884573
66209,67.63908050305398
46060,49.69088793192995
38382,75.07081508637805
65886,49.0277056495163
84084,50.78160775777258
94645,69.80637270792886
102568,58.12237011056434
1864,65.85141472345275
89948,53.509031428998384
29802,36.69561710136729
56511,36.304962392227566
62334,65.90145542213793
89705,55.21257130558245
28431,26.658995727153993
100216,51.64343227930808
34035,59.721825494091284
34787,44.22758848497102
88268,54.53543592126808
84598,66.39625227944636
95103,67.40866080995984
71742,70.20477890786798
41504,59.094687795557256
2801,49.96355516360888
44146,30.3364805287552
16400,50.57972034618667
468,54.3061393326268
41207,51.09849570291697
100973,35.23571675308994
45428,41.16257130541243
92718,52.74216575668873
85,40.738997453111665
80504,27.506675843928143
42322,38.6456779480734
25791,33.605613854702455
74368,68.32977294420802
60364,50.07835768175274
71915,65.93046112696739
2555,55.41094955184889
36406,70.21579184529082
83445,69.28397074191744
61785,69.33424209360784
50472,55.87880800410469
64574,35.334073492935985
44941,43.521289650524956
17632,26.812995214498915
82562,48.42182782815527
100519,62.681270006479096
79439,65.5128979045936
62893,62.25781760264867
3521,53.417316961397084
39017,64.33209451223702
26002,56.828744931317075
20908,54.34068152094206
74738,58.70651425129247
23760,25.13564746653534
60317,38.9094832377439
81312,40.54192726361563
18010,57.957206748046616
71606,49.4801079307206
16270,67.97592621939164
5723,43.8871113891416
50388,38.789298023442754
91877,57.14569621423208
47012,41.903151508993034
29055,39.271728385190364
71792,46.468578829473806
91050,63.913102741562206
91520,61.83483307852949
102134,63.59343055538081
40656,34.73104158640574
36431,41.973224562716844
39155,38.25897272123123
92504,54.59179919830004
13871,68.48014556496074
39846,50.54636806275417
85651,26.578190481273417
37445,47.76209542107497
23919,61.646825892552805
88838,51.864824529674294
35739,67.4719107072472
80935,37.49307946858242
13921,69.93162575013947
93446,64.09505600948827
78000,67.67804840913577
77130,46.109826597224895
99296,47.430169764072104
7202,72.49700607070702
59106,64.22930420840615
59887,54.1296288032618
74447,60.90720435852258
53525,51.853468909162245
82281,65.0826682453731
81183,38.35071178045407
16755,44.57122163358079
12795,69.58403769465117
37574,53.24001773991788
37631,68.00488842503691
80991,65.0187617696721
2534,66.84695035877553
32490,83.60103714336194
97285,42.79401299095872
24568,64.50038501394116
37836,38.647371297446114
12627,29.491567360105662
60328,60.693810834940656
8094,56.042863616486436
13164,49.88166916647858
97425,67.57540032897111
84787,39.221971713194726
83070,63.9217758319944
83689,36.64999135600905
30753,48.226370629612475
71517,58.44891726137089
99875,38.64528793407871
35298,42.10039923115603
70911,33.34190798337103
40604,42.721871016745915
10924,56.59003443731971
102013,55.7812164479926
91540,65.52070003523765
69941,74.38054191304167
7673,68.02310913117985
45740,44.782529592527965
94191,68.54223816446437
13890,44.37778329632404
55902,61.72120501778777
94743,41.017501524575465
69262,45.30512705486242
76679,49.05835747886045
13616,66.15898334606531
51143,57.07406822370744
30913,26.46772591985525
16013,66.75337426185801
45440,58.302967556855954
35502,26.076474049116236
61329,35.91270213486748
90538,63.84048684174046
11224,65.48283831175667
2532,70.18393783890923
25634,50.029768203879556
1105,56.10257142743947
84406,43.51973221983419
96840,63.33226819086261
19550,34.194249511079974
7970,33.64896687533391
15973,58.23742689622738
15478,69.86536340710856
6847,51.0132680954644
29918,43.30898962871257
55179,55.13267682655283
95162,66.36352315682775
45688,55.245952106201486
6128,38.72411491295848
52106,58.55349100356532
74633,60.96741572694012
43355,65.02162924230133
64731,35.606198893378924
28356,46.73089330623008
46136,56.39222930869233
58231,60.93914294609973
77233,49.47622916457857
27661,63.43597511449434
51686,26.746018330159007
61759,42.31570833468767
97908,30.326305638807597
97194,51.13777997229642
55461,59.02558654516335
34384,62.68114301869864
50933,34.092388063281376
36073,38.22162974732213
46938,44.87099323669192
46976,56.33275679607231
1380,43.54106823689553
66477,52.020041256996855
45586,44.283240340564674
62653,70.53178175390174
33080,49.75788800224346
86140,68.83763895739212
78710,59.89413064253823
92132,50.166747400574586
54021,48.95836524428079
78017,65.5632868898772
29862,68.73694182759505
5838,50.40413542453065
94072,70.92016893988581
44731,55.08716230684683
14831,40.91106671340717
17072,66.95567154732572
38056,69.77730618634918
49384,39.32311820983793
48256,58.77841201448781
47361,36.09691367665768
66444,73.04441941391943
33148,56.77778762115281
2533,51.383141018069075
9304,62.90817272724581
76581,35.079429767259946
95560,31.07328299963781
93325,61.13118251248608
17510,69.82368972985833
40667,40.436164945503755
7253,51.45646222344813
80805,52.85698491781084
92949,61.94505851265581
99462,28.22325941418723
27792,59.229392763363464
95995,59.03293309573476
100823,65.63727528185173
45831,36.96481742790424
64022,59.756660648167774
44059,55.24239390652019
10428,63.73805709197129
4995,48.26054242782125
83737,72.58217766543967
82493,55.904692432039774
86886,66.1499458039059
52370,71.98376753070264
49332,98.0
70036,62.996484076055324
79921,63.22515491710732
29882,57.62811069192125
9925,48.48872227114846
99626,67.26100535017275
42406,55.42005464146957
70478,39.923908786621745
102337,61.07999615066625
92709,66.73018652652208
92607,25.467888314456214
86112,47.240359419933604
30764,35.480587448214926
14804,42.65610069659419
23802,46.70591219451831
47410,60.504880078205076
1110,41.821834690428844
25686,54.7188596009358
61136,53.05708765389929
23549,65.73462859029027
95824,69.13687858537465
95641,38.95463644789132
71128,40.69079363013896
14691,69.4761889183046
99236,66.12533865099846
88688,23.701228451217407
91799,70.08668632572281
36502,43.931425351267414
8954,40.28539012805917
9609,40.803763297331294
63908,61.60903153247345
26908,38.22831934097754
15121,33.169200821054964
47960,51.39792942591143
72654,69.17040952911067
47296,33.355834748453894
14367,35.75490297209236
52801,44.26238916424238
62254,64.24665774100411
65183,25.209378970065956
67738,42.805725136853056
24270,51.33232084989952
56211,58.86279860516054
94298,73.36989891796048
80716,39.861918959641365
50159,69.14302884849
23721,68.05481246386114
78965,74.55116666666667
84156,59.94435633235128
14462,68.81476644866096
52065,100.0
63472,66.65831999537072
99420,38.41475335812388
77921,57.957206748046616
61780,29.62209785362796
45826,65.35514970211237
16982,67.68926411198926
94697,47.16683526282084
21753,38.39062344844216
6011,64.55698704174979
82439,69.126999562046
81409,69.126999562046
47043,33.756608394170264
4861,67.80925706731767
12433,52.04950638657362
87015,58.98697015229645
5023,57.34720871122255
96851,69.2105731580449
16668,51.578823885301745
81181,65.638185802843
90640,52.70557686926461
82601,59.67696679148185
34141,56.47562712578234
11143,55.88489631763452
5302,40.52586092331677
41083,58.754084101661334
70580,44.53422101629976
28599,69.14961373292728
32098,59.12656786190973
97129,55.48256422025097
23154,56.067090400801035
76058,58.646270260593354
85884,46.31686012909515
100101,43.42816862205295
593,64.5150493944288
28640,37.666883820879555
10836,68.62216112825134
683,64.64312630402293
29241,68.26437851532877
7700,67.14920214327316
51220,63.75377833458649
88457,36.28634183977443
60257,45.16848423818501
92507,43.72698248817799
46272,59.808441490625135
84057,38.8854944592821
5250,66.18589424970457
98764,65.19006926687672
43099,30.992522679214826
72471,46.937710532015245
6098,38.62507725379331
63052,40.46436066682277
87919,48.5425046193633
86516,57.4514294622921
36358,65.45907665231879
90819,37.797394921346395
70889,69.44354035303463
77748,56.536411333152024
87570,39.24141937092194
51097,76.5242272051675
65473,40.0755220872215
8322,73.3488949512768
92468,44.28363034769415
88910,63.87338333283222
90818,66.1942117623146
65151,69.71072544497933
4031,67.07882430231649
54710,50.85420763427837
98814,50.26666236632352
92423,48.016131753005645
2072,39.29648490173581
43903,48.59661895022497
10433,46.42259498255067
60740,64.65047628071956
19366,50.88687264984273
20582,49.874101810487645
3250,66.06061132110061
82578,34.08076856829863
32399,62.144657388325015
23958,31.66305050834815
86583,34.24684694575146
91288,34.960148951332314
76784,62.01810107099399
56123,62.25017391581513
84089,36.49987730995582
85343,29.816291118993718
68659,69.72972499486245
90434,39.62192480230017
41678,74.19336463907739
59415,52.41999719999115
17020,72.99410399844562
51657,70.80833146860004
91571,38.09050523202171
98111,64.48420606453332
83550,17.079054270064542
2582,65.99331893431078
74305,32.51641081320358
48731,57.31340641349874
10111,27.818648582200705
24485,42.29064537115071
46090,72.83945831963138
63077,43.98106331430168
17962,34.59437269107256
93804,61.08991260809788
13226,45.11990874663715
89677,56.23907775141581
21730,100.0
96304,58.99048130316098
4144,54.50625413607912
69665,62.90675484643248
37866,69.35143994479432
8180,39.051415885965454
38458,52.533144928122944
11745,61.146336539718135
94415,48.59267425579707
82633,30.42654847068083
41288,32.74639037298518
4733,48.91502154529518
56441,61.84143596785625
37724,43.752807769153435
100583,47.41667587310522
41308,60.550966283617726
13858,64.87994186419061
76183,38.06600499819686
60127,68.28089885019877
20326,39.659359657021845
50664,54.92886052426196
38546,37.58253651730578
28130,98.0
41009,39.127332967731284
18493,52.50943757642773
959,45.48178326507913
72958,67.2633049597945
27198,62.6753297446921
5299,37.9256726127694
80442,44.27832450006086
21994,69.92617662870197
78932,63.74330686784894
94056,63.59343055538081
101387,42.61151334365452
6829,41.602520033774574
72345,50.23455787606073
32155,50.156288309526126
33848,47.25293587991658
55360,37.06355370210915
36348,56.12786646556596
80959,45.86957647019159
4942,35.09161409912166
26536,59.11114771984332
57346,68.6424883804225
31763,50.347248857323756
15095,29.072648292551435
49312,45.96174159756325
25247,25.275472545205098
6445,63.553391485158166
59621,64.34652214614594
97813,52.63681778425599
7003,63.85932250115855
9748,64.85286269654414
40260,32.64313020096691
79529,58.019103152028336
56902,31.338902953989574
98178,67.36501778675043
76094,60.621746807351286
92590,60.888561507230285
78685,68.05912623327026
18224,33.59897553096617
72312,67.2964188516231
37223,53.81003469695825
84785,29.205115339016498
72026,60.21402378825825
57888,38.60724658901103
78887,55.36488217291666
101397,32.45815767353361
85796,62.87334490962202
13380,41.58283559984603
24229,41.94527208226468
14882,67.32479996941896
40688,52.37192586573137
92614,37.56597761062602
98521,61.1179225504913
17077,55.012920312115384
3875,39.260063924657835
3238,49.54579193960285
18272,55.16312328173628
76438,69.77730618634918
46753,52.406427794459795
21973,73.75666977053196
96530,73.2044376992248
78390,62.8987230551166
48128,63.88468443484275
74907,46.36440593336134
74340,60.845352751246146
6238,38.481058848049116
78293,32.77246878404886
41491,46.4584937926775
60636,52.19250758083377
22630,53.18169837772889
72221,60.40076895167836
28138,53.76038997533655
19444,36.12311716167554
54776,40.57102307754549
4569,50.16203593873789
3134,67.03835171993278
25799,72.33216212997861
919,55.56888088810142
101250,68.02635187748639
63982,45.71068215786231
68634,45.39418427507736
6429,33.98830394732818
54634,85.58745581275235
77887,64.64697321417184
84859,55.397994440912164
56499,60.434685548772535
22504,63.853315050717995
80357,60.22943137255882
30505,50.26308303650766
97055,52.95956228428342
65416,52.72351301488845
102350,37.48687744130066
44729,30.17043218137517
45648,50.93910581567475
25838,70.60413443227871
10454,59.74309402581908
92683,37.69035277785332
11381,38.85312446484297
92285,61.04658724898087
25147,55.66101378628107
29380,38.27507221231395
11446,37.88247116887466
23604,68.18385343288972
61554,64.92591642946365
15214,51.54813354567556
101789,39.468257144583944
59696,69.86536340710856
63220,51.76455264969658
80196,38.824066129063965
45093,58.557062162135644
16815,51.54047611541423
18259,69.28393363028377
8143,55.89604047314503
71211,57.49930603003145
81497,44.40493425034951
49947,28.94769127715108
28736,45.34210593708386
15765,69.59094448086165
34330,41.47909250973985
41269,60.83834453351027
22230,67.456342341713
7146,38.70379875425135
26231,50.53009426290558
33805,43.43525986119341
84256,78.06783932734338
57867,60.03513504925318
57422,60.0885591973713
73846,69.58118976437676
83792,40.455660443077186
56091,33.32161776561002
89488,58.5393312567822
6567,70.1284857004217
71605,64.42137513476037
45169,39.34820191572422
84357,48.46927547612618
96574,36.89504080783848
70003,43.20619496234843
31737,54.65532367960495
96178,56.81807041821776
58679,43.87301975139609
86429,70.12720568912032
32734,39.879032617833985
88879,37.978499294283836
91327,66.77045228760059
28676,43.358486625441195
6669,42.57119008310164
51630,63.28202008462385
86925,61.83664561216321
91176,29.23233140986098
47254,43.814479912772065
31444,52.25919871071266
93065,65.53284361549083
99472,74.97094556690298
41886,62.69358600427719
92154,70.5958440658705
22569,43.5395055584392
90206,61.98802572883616
417,70.28188163152451
23282,30.627361211234135
94957,60.775554930676655
16927,41.800216788722025
43798,26.222442570559323
15994,52.390153666253106
92492,36.28928785156555
59873,41.62974221974232
9296,29.815563161898886
79696,39.62006920583948
19295,37.44017588887792
11475,54.84613740926287
1097,47.273904956169936
64010,63.4742409658583
91373,57.949658005877424
75231,66.76103022666022
63067,64.53086255408938
89059,56.12799365765004
81172,25.54603156366536
100724,60.70826609604765
31816,67.57864107384533
47965,59.02983422985798
52865,57.63345602070453
69775,38.42983053145966
85936,51.54934333405039
58310,69.04244351089348
28219,61.900804373594035
71912,50.748882056447066
39881,65.83878910911282
15796,46.95003515963133
40160,46.899649025397274
62992,26.45090320719095
97944,66.26606452993842
25939,73.09094536024482
83020,40.29594605623016
12333,49.75325347816449
68434,35.91705964704196
20346,67.5174703056801
86696,61.66045551353493
92164,36.56423309559542
84208,59.44781835846055
24998,45.17256125690851
81167,41.32647738050172
5622,61.01904576288851
58924,50.172388923076056
41008,68.97018917098441
15119,46.3420716869212
43912,69.40301275255263
48815,22.107681313794714
7101,70.27777290689822
33346,29.738905373101893
19755,58.365939240746165
54472,62.00318297714357
26051,32.06223917482173
37367,50.89864468008656
69547,37.843433450312425
44658,60.85544838188689
41924,70.09176846062479
41109,39.95546355479778
15848,40.477720119141445
63398,59.998586644692644
82672,64.06224932992926
27971,68.47328440323425
57484,63.625868582838656
97255,28.045654723865642
43023,51.75706551515714
79785,61.32091157825444
13849,60.90316398681623
57431,46.30477769556087
53242,55.86617704933231
35410,38.917031820236645
88051,58.929995021201556
13123,63.53892656296902
69661,29.725558339792652
90234,26.178004868233394
47647,44.74364606927295
62067,62.29417658446476
33747,38.88909481978587
96062,68.55027824563072
49715,68.20227431061717
25812,68.89080393425665
97177,60.132306606211785
34934,65.90187186270086
34776,61.46689981875244
16347,35.441699237467205
68962,64.78554212430642
94470,51.97878375393295
6851,66.44386602427062
88697,29.397488340516194
42253,31.31291571224314
78322,47.04207596406943
8446,51.04195961182921
82443,57.95071359099686
45203,39.40858525938825
56779,67.65934624144917
70531,53.7600204078022
24066,25.756348844607345
99637,40.95603677648728
86534,44.30461095082869
18847,23.75600256714113
19328,59.771941173838115
28555,68.29039186422119
88515,61.52686449078831
99093,90.89440766823162
1023,36.852649489331704
22942,34.17530212551062
93194,45.656323148405754
31413,22.220338746928615
87375,43.60812034200773
89220,34.310581042312116
4016,40.671408674193415
3247,36.5563745312379
10918,59.81133418340985
84980,65.79871661228559
18821,78.25845870750281
3356,70.02749292305609
76597,63.7126913173458
43677,52.978225009548744
38294,60.60159470301934
63676,69.89216959624615
89986,38.81495232927573
61113,51.852996490049065
95583,31.648309097940313
8337,37.978781224800414
76771,28.35240349003159
53743,27.224041379380683
44636,39.5181179042222
23416,59.87207588641802
21381,38.99952177476341
73980,69.57040009312185
19103,55.765498851286985
35289,43.93758333913281
48031,64.67986033889268
18968,69.0693610737709
97604,63.68698435693569
14386,59.61051796840371
64988,38.25828654481516
43795,67.39239632993515
18169,35.210500653281414
29876,30.891414573171698
41975,66.32707580634141
43992,56.96398035695994
66030,69.49405357876736
63933,40.64622096504697
64150,55.85868245368445
21277,35.237115072233166
81877,65.13394884349154
58250,65.42657973149109
93243,38.22908353665021
39716,34.40796190441424
663,67.84263762343417
85464,53.329743144851946
69762,52.49383507554558
51589,56.05710396354241
1353,39.44764877872533
57053,38.003703731854436
59699,57.941643888054216
64656,55.843347385508814
98454,39.643705993670814
53577,58.76333740095324
44934,83.24934621036171
38082,59.431030923750875
17995,54.229997978180194
65957,47.31049319903992
2502,66.4043507170112
99253,48.85187819323285
20065,69.72189150464074
91965,62.795341074877214
66169,35.249615930641994
19165,30.822319200149405
316,32.95919511059761
51181,61.77497256659215
90390,43.16772545387064
8274,60.23974160313938
32542,57.0308698840716
76489,42.31171858858109
79291,61.60134755045409
73814,45.22656196292954
93181,35.98373294255994
32633,27.02069765175817
87113,48.085249327013095
44109,30.90990165624976
33865,69.52771799136
99654,39.81685412827369
74197,57.04493510184926
37913,62.97569753024591
20791,47.68420372487253
38387,40.319443974967186
56450,19.556642113049303
101565,32.72709238419499
52188,65.43048565965425
8134,56.68523733441723
14307,21.73556864006863
44115,62.131468857124666
10496,69.95292809332643
86308,62.224918758222536
89169,48.76180123127312
66156,33.22048434699261
55977,34.96757705034566
74488,40.19764754846507
23814,55.861503449286985
78177,69.59094448086165
26357,61.3452649966729
9898,46.926912985966
2269,57.99547735811288
92077,59.886606900209806
2557,54.272177890010106
76350,55.31213208857125
46479,43.9852598612122
62527,33.31219850420009
20826,60.27457708401959
81520,58.654759008135834
79472,65.47722350483295
73940,68.80451624897073
79275,34.74474774993038
98249,42.612486365798205
91402,35.466131741558584
49574,65.73265497205327
28641,50.032166190449395
843,46.27967494198364
52120,67.42556813307112
48789,47.69153374502989
45147,46.54277980525364
77542,30.615702330475685
98190,69.60738478774051
91029,35.65903312637288
41958,41.908759531342156
40703,33.99519555426158
74695,42.17393990028957
5597,65.42513351064079
8437,64.94917951399776
43076,48.348251571038155
30007,49.62008994880931
18607,36.70341706457667
100407,55.23539752648736
17804,41.48353121863653
27704,66.47323187189355
37477,64.32230152539582
85485,69.14961373292728
39308,42.11432445762544
67261,61.0040394412889
15639,50.40620143783774
62271,70.2561313677848
56263,43.43058556216306
56049,69.32736275145487
45182,55.62746732692542
99065,37.48091436365538
42180,57.159901530765985
85024,32.051148578457116
43327,45.511646216641864
64618,56.632242818937996
78497,63.901141849858114
10297,62.38676052293158
56691,68.33610372936789
90279,44.4229675425805
38489,57.41251770236629
98908,69.01697667987906
9904,30.035568839253106
23810,68.34409856488162
83734,70.82751674970281
16147,60.31160373978937
91893,60.72653403729322
58355,68.22898536829466
26092,60.41915453396093
12807,63.2708895994895
75765,44.017707178486226
69456,54.489539074589175
82039,69.82048196231781
56574,67.06956715686806
49838,61.469974816016546
54604,61.88487642386307
24975,47.653103714252296
43075,57.59023792390934
5825,44.162971860822736
69659,56.052172092367584
101941,71.6786142664348
15281,47.545776592693386
75900,54.732347420994785
71215,47.95937552289507
23129,58.19833776993905
73782,57.99445391139014
102516,83.09427556499689
89650,62.06164059955319
101744,59.16808303989015
84358,65.0452456708677
17086,49.066982601269416
27069,73.58305352323195
33948,61.25296413489034
16184,55.23741724081412
70913,33.4597301751196
96835,43.749393505921944
2672,44.801845435468614
97389,36.51103267044018
38819,47.286469517574844
74638,54.84624995552255
55248,34.557609524330445
84722,39.6272641021564
42165,54.24959216776664
50720,49.61600292146736
49096,70.80398928022404
48040,71.42291862408626
7920,38.06484784553131
27559,91.3971698874406
85656,56.47205601474212
71519,70.61725183957286
86093,29.288660466102286
20352,64.68459612818175
39553,44.238303689549845
5382,70.33671667307162
56800,64.51362322306417
69207,48.064330618989324
5504,63.46797659790962
22965,27.787306717045475
61093,58.240078498968316
98196,45.00925733688066
91804,63.47307922721306
35844,54.65584899735892
35306,88.72642936596218
13615,69.14961373292728
98257,58.22523165692773
13250,57.42428733995672
53393,69.28470509861363
94106,62.75996758127621
4704,60.386981705456975
21699,44.61314778428765
101866,24.80410972047246
93475,63.68282193820619
2380,65.07411647673376
69437,61.92340698838114
13510,60.21827808571463
2733,69.5774952515188
49497,61.15088399958631
43547,49.15327547543543
64614,28.818182581941393
10804,54.32776460538307
84108,63.425433323886736
41052,54.56155075341158
18462,68.59238845178949
93586,44.860647184116175
61998,54.28594024088923
42972,48.02228774670548
97609,67.9256983407859
86972,53.72258019886604
35345,54.45264211479565
31414,65.34295034085817
21336,16.964786858452463
74456,27.810377799048684
101199,63.10442322818033
7489,61.31644655849085
33566,57.00531751163889
65510,47.16397743908136
85676,51.66530984905664
75316,42.07697593112909
11112,58.57604535217328
94758,42.3357888138776
64751,64.18998039018462
82918,52.214296011361576
56855,44.88323927990795
87950,67.93181973996163
72805,69.31693412214412
90135,67.62329421015123
43210,28.463709613381898
37941,48.3401062136571
76092,68.01505609712468
45135,35.100696042334334
6953,59.633889004326875
11621,52.693629758969216
60955,28.623701130430174
44389,60.37834837424939
23551,43.26303256886031
90790,70.10570420349636
45971,45.35111919893498
99254,59.67221443277815
93171,45.34465040170707
24597,57.37781693987094
56105,74.45547741514878
102288,60.973166182540254
37903,64.74161239750917
40857,63.85760076500372
32728,58.75090588572197
20186,69.41019190267687
57859,56.74255215349233
66147,59.51766089019921
16630,61.87630174111845
8300,61.8437898628933
3947,23.985504540216702
21463,45.93990605862771
99877,36.50451095434602
38231,56.94348555683567
18012,58.70617983143665
10550,48.05333553727377
25629,48.06816693866978
95014,43.033674902608006
46064,40.33535102554675
62863,59.00219059557557
50166,38.94795691944914
47755,37.569360069034445
93602,30.26118394494998
48110,60.50890752100768
23441,36.33478892549377
74955,32.911503100858624
20259,64.51996973067484
17458,35.88533179908784
45775,20.437713762174713
88251,66.93438479814688
56300,50.227862209675415
20640,37.85017375997327
46532,34.20823570590227
48801,69.74052617547801
45007,46.087933620579854
24828,59.14663895963711
45980,64.37137087227072
66423,18.731452162695827
75444,40.82128358040274
38611,45.655278302464716
7784,49.343435567634735
63823,56.1257861445925
13217,41.279409779257776
88101,65.62143931604982
72647,64.34250680451169
167,61.33979356986045
88878,69.77730618634918
47413,51.710471264838155
76617,43.187620862421944
68436,57.005059622902564
51360,70.87094722088607
95012,63.47899088003829
86147,60.59861615892483
30940,60.0944499221644
54888,51.437703208355096
84245,68.08760097025473
92574,35.21849977375373
69696,97.71285714285713
42910,68.4487159190029
39784,72.9804373187891
2012,66.79158426877174
90126,51.36190088340919
28753,31.7252654911104
5918,68.79014172581867
80350,32.72399960177186
37571,68.23331872925922
3109,72.23177680788993
52738,54.13990793603155
65404,57.421562026960565
84947,69.01551705468542
60845,46.77936443912768
20042,24.051225751261768
76379,61.926900097950956
99355,50.22238657446088
11668,57.818937006876006
25085,32.43144303202287
41059,48.854221927720026
82927,45.05160155234303
146,36.45590160646095
78432,66.0308599619861
32855,40.94418493113048
82723,55.314558206936915
24016,98.0
2593,63.56102647131651
47618,50.219919367657965
12191,59.23409265632202
23327,51.248902144892206
101308,63.003723568670836
6082,50.93803225860699
63951,56.64306849897383
10387,41.997849492580244
52751,58.1649529867156
19926,53.353538411885694
8864,32.528678920379356
93741,26.42183169794024
61470,68.5021990264335
17668,26.932359656019184
52117,81.92341034759284
87237,60.12922947872149
44174,54.446980779647305
11244,23.124628087580096
74659,31.86079461244466
6047,69.08577068051909
91493,67.31323036628254
83283,51.17753690591351
95252,53.32521425939093
31809,27.961963775946284
20094,48.344915252990766
100439,32.683318238042084
44789,65.32762991523612
73311,64.3521062402215
19466,64.01106447776172
58809,61.80558797428151
11479,61.96460272525763
81104,76.0548345821053
35922,66.43090962949174
47355,43.105725034625515
28872,67.88241666568904
52792,56.201652571212016
24861,66.76146835247498
15844,56.008671760981635
60695,43.82891929974664
18648,42.64205253034052
82542,58.487168176481916
92231,42.84436253851056
3494,51.042450039548086
974,60.45533333440196
37960,66.84031259359075
31337,100.0
77339,43.5752863198179
91741,64.90235426049863
90827,69.81708038320357
18539,49.46396645996344
72925,64.43882498545986
99777,50.80850339964357
71547,64.27420822133881
4726,61.9072199101463
81920,49.77938302098875
71310,24.03724596398571
38257,41.29731641768711
89042,42.36545590211713
6901,50.80874981356585
50536,46.31734851622955
13429,67.75107595573586
1462,68.63739650011915
101611,63.98602854081591
76363,66.06315550475446
87044,46.995401069335585
23874,64.26846484445609
8918,49.19878403432398
10024,62.131468857124666
54069,32.03340891273654
78304,63.94913935578318
68466,66.8557302808077
68628,43.45313598867835
3101,55.40380594278022
798,67.17475808684593
41228,68.68764446934196
43961,48.69285076885763
40926,68.65609044127638
27278,37.636086904616626
3993,57.982429089916025
57246,63.554931221974876
77479,66.10867444312227
28558,57.91609238811101
536,64.28561287815799
12038,36.29484092674984
40319,54.589223484480335
10872,60.96931933139238
71776,41.75879105126498
95370,35.06779909373304
95122,33.91451691797985
99520,58.90442294781103
44159,49.87066578341571
51639,63.83260562067455
33226,69.75378332066103
102467,60.09597039979301
95401,64.30020942336702
75969,65.34587272330506
62313,58.496759842618594
36165,68.10081705317086
60897,47.07127311906545
28460,37.61102113297427
55618,68.65609044127638
66751,59.47922043745387
54935,69.89222264761788
59269,50.432604435234545
81517,37.578863684953845
81883,59.228549765499146
22588,37.18277996171014
8514,59.21309907627438
96761,69.92018347826385
30312,65.37220145361826
30643,67.97951787562222
4072,70.23776676246793
60176,44.94232855773251
55762,36.67366901648949
51147,69.52901180512512
43551,58.445358873851944
3333,68.89847903158127
82843,55.69411465989297
61814,37.86486536601117
31234,52.11843596803212
40163,70.14204013642359
45968,58.90482418759542
53139,69.38758049445792
17572,31.95926830484797
28194,25.327350196223982
26929,39.56654112851854
40632,59.53906136702982
45043,40.046750172679126
47123,66.63877551420052
59700,33.515132187581735
33017,64.96650303347188
82625,61.48868883933037
22712,64.58916417693769
33303,39.13747188500939
48746,60.53053458351139
34651,57.434466762894665
3660,33.58181638180617
42584,28.648001159682057
37815,39.419824211010976
6507,59.93501326867366
20552,51.911557279724505
100357,64.90773085423861
94226,40.30129106216669
86085,63.24270219286987
8782,61.8978244136309
30173,66.36667018055574
38403,47.483959698873406
9550,69.81526019323871
95249,53.84618123764238
59972,57.63581323159718
46673,26.021437047706762
88561,61.377180117830775
69143,52.94561086297003
5351,32.358804571256044
59671,68.69499443208285
29422,39.73305232998529
37954,39.247685625941564
26441,67.0672674000101
22039,85.64745581275236
5224,59.61308838960846
40279,72.03769307693136
14614,37.423688386131396
6542,65.25699574146535
5330,63.79730146916272
65971,54.63784393339723
94975,38.66603784784048
77703,53.888217710278994
94075,39.036808977833005
63150,62.91015153400819
90069,53.0115777483372
1074,60.2061912911016
16021,62.28877347549149
16626,41.626904545931126
82399,59.91206262553331
27294,62.36249840860716
43202,68.58859497666349
19288,54.88077892800703
61952,20.238905294997707
43209,42.56237881389821
61015,67.86378539679507
24498,62.394417043925095
62330,35.6221517828585
44694,51.99662786002109
19018,53.87865569847398
65497,69.54687713646898
15962,66.710951721826
29634,53.590341695535365
62838,60.025257272847426
79528,27.990939404960756
22094,52.8358656142118
102381,45.834208238807086
48516,69.90689596467091
89193,61.963134016944885
38654,36.40137428289809
60158,32.39682073416423
56954,39.41212869178724
42417,66.22244549627943
35546,17.232972898696648
16711,49.43777731270879
62660,28.784865090458066
35457,57.25223123226045
37232,44.84446900313374
12490,68.5021990264335
43653,34.64663142043756
16320,70.00649140340603
49092,25.65432025713668
27468,62.29342932476893
43766,65.98721361015528
82814,40.9427894077874
56329,48.29335661091685
78259,82.0
17270,33.82649485817815
94628,61.98023500921705
32506,43.97838834643403
35807,65.14887627534603
64813,50.0019569198113
21123,54.3457209543046
49553,67.36061167349027
75438,59.5904844043652
45028,45.28509917878953
16207,50.531022161319434
32888,50.032327136062165
84273,56.488461102509255
56427,48.97521133646089
29489,65.34254427032953
55591,62.43303822376694
50209,57.980044525571095
24109,55.879619799093646
76393,57.99590001352641
3017,52.853550367280285
61861,34.23177780284973
61178,34.482887390817424
76716,80.9675
67998,49.5677071973585
65575,58.487684944131104
37872,74.25039154229094
48513,19.32098887460264
101135,43.88019917211939
99734,30.3476484467703
53259,25.37828518142612
101914,30.55720609377248
48032,63.192927363944335
60908,60.1899120493188
86564,63.23406309722084
52162,54.447980619541674
63180,68.59434245499138
12477,71.24983595303804
60801,68.83341444551198
37821,29.516344547400035
27697,28.686777999674288
6653,56.56830212873884
27231,67.54295347201781
6039,44.00004273237742
95989,65.37320330121841
1544,65.79334053859239
14300,34.42459407830886
92868,48.51508169993057
39628,61.257083022324196
35977,38.855767550738506
83117,55.540520819804286
63848,68.2198200519893
81451,31.410468022548503
14233,18.146749796345095
14122,47.7454882482172
5977,42.707317939631174
28265,33.8914996106005
46834,68.46017283750116
43349,38.44184403618606
14841,46.683603671019085
43763,80.94520634920636
73928,58.47186452067492
5650,53.63649362832857
63474,61.23968662266306
76696,38.91665134135031
10935,42.28805952436107
100183,68.72282144866729
35829,32.23417525295835
72630,61.35884514021845
70487,55.13461611260551
45040,67.93121092240315
95855,66.67659489757419
6938,45.40618033872011
55001,59.93582888708705
72014,41.703784410914835
30945,49.89506195323029
57140,60.73353620295645
17713,68.72112950486036
4220,59.093845238856446
193,59.0650256503327
8915,28.24786071679094
75741,28.519561210192578
68318,35.484310890739515
44616,51.47170574895133
32694,54.713764602083444
30177,64.37730427375568
97336,49.42453948904673
17550,49.00013411624073
11013,37.771205659690985
31520,63.83965909869098
23158,58.852145624389514
101576,36.41281012970396
97461,58.844649122226954
13257,65.56584425316085
32994,30.198956789197386
86400,69.59094448086165
36357,60.57751772393438
56510,67.52624663548217
47539,27.791103810191085
54522,51.840795425682785
26093,63.91796948850825
47040,57.882771147633086
80670,53.35078579061921
91036,34.590430998631255
50481,69.352722759093
30003,43.76512897055114
38822,67.55715122151287
61355,21.08274951470746
37794,58.803848368917095
25066,36.701248519038906
52712,52.16004768480125
74061,53.1872500918068
23943,65.48491018781145
60526,26.263693464476816
49182,64.71586816840232
96381,22.575717114289624
34282,54.959652523079384
11033,40.967118617979
33458,68.58370750475395
81467,38.30686933002605
13953,69.41833861588499
77045,58.69465409778582
83019,55.594425764528616
91950,60.06282904229097
24536,58.30418174430369
4722,70.59178175390174
1350,48.5898713271036
83290,56.58751947482432
49104,66.92975025120782
86989,39.64606463243541
48631,61.35181364873698
35703,35.15819855066826
30709,56.6633199153257
281,30.74427214334629
64304,58.79372249723354
63044,59.52875179439746
90476,53.37573460879164
78314,42.94823152768109
101356,44.15142309631372
45629,32.697259982355106
6006,59.27214042215685
19341,23.21496830387694
61437,40.302656684972995
39778,49.69103983882717
77638,67.06036063424158
8992,30.35292646765417
93600,62.41138737674361
36542,18.226413867238147
47810,48.07692015783358
23002,74.8802295052539
402,37.31784351119127
64951,53.64329861760155
21080,69.55598830630055
27959,45.359891654631795
98956,70.11696655037643
26724,51.83294588926182
33877,64.16382013660541
70352,27.924414986103983
13544,53.66468613571985
95501,41.51175351485927
82313,53.20867031380463
13171,69.74761376952677
45872,60.95689452120187
37673,40.24462134209418
93156,33.67949606152154
3525,62.93973309962897
16578,37.7913516417149
56071,42.71090477748322
97322,68.49603562163321
18884,44.78516502638779
81233,61.80512266944968
87339,53.27325007663373
98144,58.352143001587
39458,68.31537368273095
56063,45.5166974566039
40641,54.89257510097613
56827,67.40642777891532
95474,68.65793929867375
40092,39.618902141177756
73815,32.158219793692815
24441,41.80122257160173
79162,24.096988113132465
84573,67.37698551861587
73351,64.27774893305278
54568,47.213073938757425
12659,65.97456980112668
47461,70.34555388185774
11579,56.82286715174534
64668,34.639549114910025
6294,44.57151149001989
18511,29.745999832377905
73376,57.26645520429433
78044,41.514739958877534
24736,43.53334811983639
11501,65.22633627941583
62562,27.325260419377283
29377,25.201243668413017
57562,64.37780253731754
4682,56.296226955251015
79365,23.787017635469727
40568,22.71240922292686
101417,67.74034077145433
69621,56.72332637260531
18867,53.99237213504271
22110,69.68098918623053
67417,45.33800648605083
29575,42.475790467305124
22998,32.153422573698805
44030,69.82048196231781
49768,59.917954558117756
49112,24.586769590293958
50457,71.42291862408626
73684,47.54413540772627
27788,66.16318784470877
89145,63.786786612167596
70115,55.69908331762562
22880,56.117160966744365
20819,60.447367150394065
81755,13.179821957998291
13221,27.52591860438004
74203,65.28219788481549
102165,38.19518926759578
69942,39.769312067129725
97454,36.873412083787755
53540,56.80987670740216
80554,53.67077432225135
11531,40.83465858838412
86432,65.21938265546179
1078,42.0005766085479
89872,29.35263840736759
38451,63.950034505678474
81773,47.93088140617173
1196,68.76364697076774
66504,25.828328547990097
9343,46.65994192395641
31134,71.09005355456021
3946,35.76318684947175
40655,55.02035035160291
50084,20.93654751997199
25806,65.59680859509145
69268,28.877430677430326
6279,61.68551524356175
58179,30.249444245888444
42917,29.12995930594137
26967,61.783164243861265
40460,58.91739099376125
70415,42.32336941605717
66092,53.51500798420694
61186,50.98361902237445
97566,76.40486322114661
89233,63.327990946663895
98531,68.71149741908424
66463,65.0127169104224
97658,34.24610839504059
42498,50.31011908586087
6671,27.568130553707533
31325,32.93712249338199
100100,67.23623295801704
54944,49.414932351315144
7877,36.37716612971981
60350,46.46626583904867
4532,27.45252717307675
48569,62.29920649548941
39083,69.46127281288979
31681,70.23776676246793
46846,67.95449160777372
22935,66.24023507499014
99050,44.256004665286966
15778,67.15977534720574
102055,70.30402339158995
6480,29.0787891802761
48125,58.6014087953316
16094,45.88572754872325
32632,54.654923691328634
79912,36.89485505680145
84293,61.170466007837405
62267,52.63956366039615
36469,37.90783193368932
94500,45.11068735381551
18682,66.29671681516865
21270,57.70408836966693
11788,60.1521362293706
81045,56.01574771557209
94882,68.97639680881387
68113,40.34344866027488
35333,48.672370134897676
98173,47.872131253086785
38605,58.64514802018906
102163,52.44724979771526
23484,52.19878134616997
8921,69.21366088044795
27680,39.888725517886684
68246,59.616311037179855
7293,21.666281157733778
8693,41.771616893810524
78833,43.20539621825231
74600,45.72689043313596
79623,60.22732226171252
69981,61.76612839413448
55948,46.01247308508644
17371,54.205229857349934
94765,57.401278605976
41063,34.10350908482695
59971,40.75190050752805
24944,25.300602680857796
26786,52.7444492209416
76297,26.506810729414248
81108,57.781579432439656
52893,66.68256655484812
13138,62.56971393391163
85148,30.00800707614415
30675,36.26849323779356
45282,61.03598272805153
76422,42.689582483378466
21956,35.3217283110624
70323,63.88777968629974
40836,52.33828949541631
17179,33.59355353952191
5421,34.89140624033528
59416,68.90824469163017
5589,50.63637963202483
65461,65.55920632573736
35705,40.261625677005284
93737,64.99029652468326
27014,51.263373357176754
27946,57.1393867006385
52092,44.440463567791454
22097,43.7214040796089
50534,45.37750598618531
70668,45.95766746383656
78489,21.111043930113592
36344,61.48348890351505
5350,56.080446087274105
46439,69.96022139929403
72435,42.745749270408254
71226,32.57752408339785
16596,44.11745236061622
20813,22.6733656574685
101919,41.133905360933255
20293,57.100842391268436
45608,26.398637846743668
12262,69.09071869316854
13620,57.651097265631016
91643,58.6240977924871
48778,39.935373772307415
10857,43.61612578512561
88265,61.767352932131956
69788,46.947307226189515
99994,62.671276002412036
84767,50.570920353804986
77423,48.32776498528649
26956,59.001107425105445
43864,40.220013710258016
74950,38.848997400876726
89854,38.11221281343813
17786,55.522399398793006
37078,69.44354035303463
70388,57.190261695859355
80486,68.00626597483004
51989,78.40956949708489
28538,44.33647273157687
22570,62.558282000829706
34189,61.73101697222307
79886,54.83881346589935
91111,37.47862774151455
94917,38.55994025386265
2183,31.369757800061162
61028,45.36420514795853
71378,49.33237686596568
53505,49.93305787712857
55416,45.478941400333916
69929,68.83255621573063
52790,61.06531926057896
94245,17.23698279271457
47484,95.09333333333333
10673,56.37890895987177
10940,51.449821270515066
80281,35.34952672473735
99474,53.37971504889801
97586,64.55722450604502
86509,69.45835116566502
81495,65.86923780690289
11521,42.35056446396769
26394,64.92763272104658
91256,68.76231689127876
85145,56.45719057094609
81864,53.30057212281714
10711,68.28194134908277
59682,51.35394520852599
67032,48.08379177971606
73436,56.85279011564508
9935,24.051112110930635
46424,80.53128203447245
84262,63.39692257222041
42637,41.829239558860785
83495,58.75407888037856
88264,64.30751815684144
32449,72.11666640850169
81543,52.75772103422541
38943,35.440747597586956
9051,68.81419742460689
85078,67.06335707852082
881,31.64498412715968
47895,59.496995197501256
49219,38.96472938660943
19439,49.52517096241341
43955,35.39802612924011
8545,59.74383037790734
76912,63.125320698372306
9915,29.593888522302706
93895,67.5174703056801
17396,80.53117882117881
80119,32.44134675890971
67565,47.829400600071466
100607,53.645400260935624
17699,32.11138194932574
70782,68.33551353401398
87052,72.3578294818148
34345,50.3200435732799
54508,54.68979419582941
25056,26.360933221204274
81966,68.34749966757907
101951,47.29240792027246
10948,59.93497058662916
49517,65.67613502262479
17766,55.668636857339465
13353,56.783773516809646
23716,80.76784548784548
58010,37.54583089410204
78286,64.499442718046
21359,24.308407600960045
95068,62.30279898182574
9431,62.544675979622546
60719,72.5317890310419
20936,36.07510733108096
74237,69.80184080769291
61442,39.52794238639986
66349,69.01858473934749
42285,44.977480571724854
7505,55.71097843514375
75341,58.56068286173772
44661,37.23198747875599
5151,53.89765685498116
49710,61.50493252118918
12166,60.235337703852394
63644,70.43290927019885
35300,29.76389191533193
24046,72.48510998564728
7327,34.12142548690839
30028,58.68326192412626
69628,43.06632652248426
91505,69.19718982151086
92559,67.4437476294242
73003,33.65571405689869
36385,43.06917318694693
18841,24.774577901857377
24035,38.54807769569374
34791,68.11953964478106
84037,29.094305505201305
34368,61.15796800631661
24824,13.005122338579021
33377,58.07533335527202
32370,55.078929855273984
99113,64.30732582131955
72409,59.50097049547344
102332,68.7485257736138
14467,60.037877842584855
28769,31.012773898925953
64589,54.107395156877686
33356,29.1345873739868
81281,70.33671667307162
38842,51.69599141102419
3153,55.78431919875827
65716,46.74120180102036
92055,22.421038052157318
46693,36.630540061899545
31766,50.43641230450826
51308,47.047278750990834
8328,67.98508729432514
56813,58.94675847880796
33995,37.87969733403768
33131,69.97527464892397
84188,65.96219787128126
8476,56.400799133541014
82966,53.5772727146299
6089,64.6973628570241
61882,58.96829842911486
91740,32.039360162178205
57449,63.79616546615868
58356,52.87256641770074
21500,43.91135810427503
58758,58.2164862865035
53598,43.27876228847997
40498,53.60262546739384
15438,70.33671667307162
8485,38.73823829890696
77644,26.72888716812192
14976,70.40473092273233
99026,68.79014172581867
38162,55.67626449433594
14052,33.44546054176574
33150,63.22146666037715
83286,16.333847568500918
28643,61.38028331845368
57385,60.422113425715516
65444,35.03636214660629
35199,48.25336939882755
49851,47.20379076396598
12592,51.77809694190924
30342,59.32515391296279
14648,49.225002271827854
44959,54.804312577533345
44443,35.96759816580307
83729,38.243918831384306
35028,25.77534788647878
72135,62.45439258840129
6104,37.200848872285995
39776,48.04788014820933
43878,55.39485697533805
67862,46.87446634560205
93362,61.25296413489034
30494,61.78664002237366
51611,58.40341699265845
13809,25.72381799094317
28829,42.129739127839805
7350,74.25551185827968
10988,41.40602403661761
32008,38.32427089103728
10632,44.45570895596986
39712,53.958394831760195
58704,69.41833861588499
47393,37.15369348339075
52381,63.354804381053334
61027,66.24644695402051
6644,68.56213094729738
91140,55.38315590845292
101361,34.995718598601755
93610,53.12543539982192
30126,64.17643628931519
79970,26.61116897421976
95591,65.87127884032145
35785,40.4017988550689
34955,61.15046401889969
91940,68.87289183215869
82373,41.966391760017956
9755,40.32576926287864
36231,42.29010661127683
36962,44.945212890317826
22850,34.54015089820934
19142,70.18393783890923
67138,60.946815078049575
77702,26.685758214360803
10423,64.08484031354321
34693,57.26645520429433
72886,61.20815270464124
16389,35.83699899129539
60117,58.11201320313696
90425,63.9735740088131
100696,56.08995318584666
25807,35.59486669662079
58412,35.26349536865388
26807,44.02183546421936
101282,69.81526019323871
31653,44.824559120340375
70202,62.57311747776404
11642,67.03886781240186
89588,52.7202585257679
4850,53.71151274879198
28731,46.98267936740175
41160,48.48815218675749
53184,59.42589209117496
48410,37.5257101306708
35981,49.942819735629286
50255,26.482591072599302
96936,57.281412671593664
101634,65.80369809736756
73728,68.31202638166883
63123,67.65963717327506
17092,63.24438168505019
42888,37.18887609383069
19632,51.767730971384445
23165,59.63387361850296
17753,70.80323982453443
7940,41.80921368789313
31839,41.49783023467041
73144,57.080644679469884
25117,38.29271895860682
57284,56.78040530861076
32389,47.06116148620171
60433,56.681035816545574
81506,68.87289183215869
96259,34.68016099565787
23552,51.39178841839083
23006,45.06284640486305
58706,54.14238338192402
96456,44.96290048495325
87968,69.87505687681693
60046,48.46070251540159
34738,54.128047149118714
7163,16.361287611221574
62217,44.60274464846358
4606,66.68718145517755
33363,47.44462330627103
70416,56.827722924792404
67432,51.17753265444629
70044,68.34527139163772
28220,68.07858167609307
73736,30.195608211330423
74933,63.80712624958788
19075,41.47267656179715
98043,49.13672335362819
49084,39.0930287348829
101759,31.0837970555459
40141,61.59348947817535
93942,58.64506135418716
93826,67.42434388144108
28620,57.501500465573116
87399,68.3778150752507
50990,69.7588935594713
39256,43.62279397936135
77894,60.15234774322512
4657,62.95776138832032
64047,96.87
79879,50.818938829818805
6146,50.300950823861896
14446,69.9925344207424
41061,71.20082961625145
4524,55.96891395065431
84563,28.572539673523178
45226,49.981606087405225
89467,57.74744936264236
9922,56.833637225486875
54560,42.71867252796031
33407,59.120735125113654
66556,62.72032515542284
63083,19.317803997996922
25948,69.352722759093
64734,53.976202688967284
48084,52.53026928271417
36340,72.7697388477503
100755,63.95583771750307
2292,45.6710888619443
9386,59.60431686545755
22425,64.91481452671866
72806,58.260340526123436
92505,61.34468835708613
49052,37.44156808859698
62049,66.67932067746861
16074,61.26909558275852
22174,62.403804035586106
51492,68.14872595279697
84792,70.02581998691839
49491,68.19593550767213
93505,63.69515536973013
13053,69.4761889183046
40434,57.887749431847716
86144,30.76093599246992
59861,20.68714532638523
22324,60.33695027092463
40254,60.542790892301085
43741,38.672003515567646
15038,20.929025822083762
76741,57.79159510038621
86781,59.51256755053725
87259,44.52979481079995
56100,53.22648614636615
54679,62.125851093439685
87461,53.302175049228815
80947,33.116767775805314
73974,58.74865548555516
4498,65.83249066421871
20205,41.56717986843045
73422,50.89437994076854
6162,32.03090607682018
34513,66.5750007049399
5173,30.693863749083704
24497,68.47583489027373
5469,68.60151552677729
91755,44.404800011975425
42505,39.59837683041832
34415,39.20904735068892
52076,48.87734603442361
52494,52.865363808511646
20812,60.73579519617673
80291,52.9461989357689
58685,47.15210508184139
93083,61.33161058101241
81995,64.01106447776172
40314,30.300060808047114
53125,47.25164793587962
49618,23.399046836957655
54939,68.89464587343394
25911,25.318780076950755
78717,62.41072956387988
81182,42.21591819185268
80361,63.52994367266372
32832,24.058600567797672
16096,55.80483755986179
3989,61.64532059015867
43363,41.7816553435677
40458,29.16111726985303
48208,55.73408783554768
2176,97.0
25871,54.74213869487562
90913,23.64071002302385
87245,23.753496545528943
83604,62.6706954146985
565,64.33799084019394
33700,68.07681380496619
96962,68.90824469163017
27638,24.13925405578177
76232,22.661737540389677
44749,68.44383692068219
5124,46.09894205859521
74063,69.18713412358957
7370,64.35775563348435
96464,35.802744197443964
25645,42.03262671188087
31315,66.91719611493683
17318,52.490853786083704
55138,69.92509804082619
51373,60.034222979135954
1144,72.3655532344952
8341,52.65146672443213
102379,43.356798191296484
28158,48.86509907031408
42943,57.40340566472866
27285,66.10678673196414
62381,53.55441896264003
58634,45.95353668506327
64904,59.402153649529026
40403,69.52084260469792
18135,54.829695026259024
28738,62.945212182359946
60409,66.32353284911429
49748,40.94677467284447
88537,47.70583823025897
72803,61.44208112275329
20302,52.93237125583453
85610,69.84911503722581
13703,41.012177313283054
22109,61.3824906712864
31381,61.349919176775494
46388,66.06315550475446
95124,62.9218776251561
6570,62.78235063919961
80397,60.92997976933622
86669,68.827258943435
38794,68.01505609712468
82546,27.302216039038658
75927,67.89775942299423
55637,67.03948630372071
84032,59.64650815923408
932,69.32469276994534
101035,59.02538488738544
94485,66.50759528232216
42118,41.060800772981274
84452,29.25257392444801
51266,34.651696300067755
99921,50.30013550463003
77925,56.38654201210747
60515,73.4176519133891
53886,73.91458184251
5419,65.88487867339413
67939,51.944007303865256
85735,55.13237307525521
42861,57.5566874081279
44064,51.466083707409695
94373,58.55925506821288
40346,49.504162230785106
43786,78.8651156497558
68889,42.47497600080702
15166,57.547426174373435
66226,36.441961082546435
8771,70.12720568912032
13798,54.61047816017494
44317,58.50872707179789
42632,58.52923633266892
31029,38.86683009219614
4809,60.18019691435652
88862,47.146448401461356
95251,38.2629356082233
8047,31.717328311516276
16607,55.14243451802579
47875,69.06693911627426
39315,48.3516722291341
92409,61.474825640175304
33594,66.85200599425706
76529,69.16169886669937
85576,67.08144530725171
7386,59.558052318310835
43087,70.16567477364362
80764,63.36966333276921
41075,68.5021990264335
65515,32.816331788057006
87320,48.15983864390536
61749,68.83255621573063
38607,39.852999098138135
17305,66.95716673406378
93441,65.89644408340247
30627,66.25371413902658
27759,68.75718028802025
72196,35.04342062148371
13605,56.89707582993079
21319,24.510257805373353
13109,56.43928145696898
1412,34.42756064308949
43358,27.67033100976042
41999,69.49958935620971
60881,60.15252771298852
33496,45.58370444597949
21604,48.58804206705882
6674,54.00738145137228
50482,61.490595525879996
73583,65.40681201392458
23738,60.5984211127457
98367,40.380613138355926
74085,62.97125356441545
22427,47.941502014395155
3097,26.213996993904257
6320,53.14726077862474
31031,39.569347571497644
28117,39.98326452598948
33664,69.47821946918559
47523,36.93557516854639
18537,41.272381508701535
76888,52.84521719163571
49001,67.3284784208264
47322,61.09985692684288
38312,55.630843034920126
51470,75.21035800719767
82740,42.85626621221975
36728,33.9657920640304
32414,66.10739569546996
16709,63.950034505678474
80605,57.21892406495447
10416,42.4041235965885
34571,36.813111535220735
60838,55.52498693204708
94479,58.14228690857137
92428,67.30362197433593
59144,60.14074963849241
82146,78.8551865289777
62997,69.09071869316854
37209,48.63387007948426
15348,53.0259048692347
66046,69.7588935594713
35600,48.52079190840686
71366,65.30492595075103
45850,62.55025888139299
38290,60.58230200380182
12937,51.233244545471116
31453,33.98853423242726
35386,50.88911164778672
36562,30.995803366015835
21169,68.85616185607921
93617,65.0748237731293
72997,48.967413760596294
16328,73.40036445705374
3258,11.434159282830382
60910,51.31835980982691
42914,68.13578904148869
20628,20.280890735168388
87995,50.21158838017687
93863,21.991313130596694
36886,38.6474685092056
70856,57.814247774681775
32842,60.19367635420316
28126,42.78798085100308
29521,57.980918647814775
64853,68.48361512027918
39430,62.0234052549018
54405,40.286444683849815
78063,50.897559424160306
52884,55.08845801419173
73714,57.67589946936147
78990,51.108756661105055
63305,62.56732343540134
80331,71.6887545616837
52962,52.119502471630184
30176,44.35840241481297
100347,28.419785759612942
93759,35.556608062068456
68059,46.989469790892464
82396,18.033803244906736
4877,52.02213283526814
59941,37.30379328920452
30186,70.24803967538034
11048,60.11969187100761
40068,26.29376134632288
42840,64.38173759154823
76178,57.395210701100275
5241,52.48078006673009
33812,61.585660944570876
41294,43.18625793159901
58245,60.42369837187386
4982,58.447253926689164
29000,33.89787680835639
10478,51.16975956179891
36656,39.75532841869583
53290,42.06177902081027
38107,48.510590308696294
59470,59.065296529373406
41819,49.12555258565629
92232,36.96386240486716
94980,65.2672764610031
3932,69.87308826840767
8797,59.43377813244186
5405,62.03395916579284
15601,42.526251991586015
8277,59.992943807902996
55939,37.111274022281336
9411,66.20411717055889
7523,50.15041640777457
31467,69.39914397375877
58120,39.91239588305501
15195,49.30146697269757
14010,50.48690888629292
9514,49.5445916718318
62626,21.67426947754735
62062,55.668818644429685
89394,68.54032029245396
882,81.56761482208611
13623,28.60506869172382
66808,49.044778436565906
82331,19.024544731213823
4836,35.66465730584791
39944,50.07768651907255
46496,46.89401439381159
32042,26.002323314463307
82498,31.42985021074613
52797,71.72620379116267
25211,58.22782898072185
61789,68.79014172581867
22478,34.799471376530725
60782,60.43559656674265
21044,49.72404788368651
26277,56.13080124748512
23987,59.84606972718721
13654,49.09160040713499
71162,47.55049287031602
28574,43.91448047617862
23961,55.47902440286438
12365,48.82747410601578
98731,64.8788152531365
99966,60.65641206739075
94189,57.09218752533402
64683,69.69591368332371
636,64.73960337899689
19302,48.70395458995153
101630,19.886474009837507
68393,60.44942990832903
17889,53.93164932934065
79233,38.34274842750671
28058,64.98066273102586
31177,67.9013855134843
57708,60.976682266269975
52502,53.85046111724664
94368,45.28846690199628
57495,30.768032144962785
34234,48.17873739731569
27029,63.56543171876408
46717,71.42291862408626
42699,58.23754842801483
60578,37.254960478648485
3039,66.89901334414333
4756,54.60821900425318
31195,61.54404120485754
56671,30.56511078294177
99021,39.570121386683184
65835,69.77730618634918
7124,64.73154419648077
98112,58.30994776675226
56026,65.5396652704218
13272,57.2986072507163
40947,65.0187617696721
53354,33.95098127522775
75117,50.62857717345715
44374,60.35161781603457
20245,60.2567851312387
356,55.23680803530137
50475,61.469974816016546
4980,65.11915515349118
37867,48.04978532701248
7298,57.954631066087444
38022,50.070984324498276
45810,41.66708537878064
31317,57.831670178574534
64333,61.49310767924215
8894,44.03713270019305
80701,74.36772189209002
27960,19.748912878905937
70358,59.33683200536302
78039,52.40296997480457
79064,66.93753652705448
92490,59.899277501334524
88341,43.934586246613826
96186,70.03931725778283
49461,58.501493983879
62362,43.676495765361224
3332,69.66575856730155
64739,59.96629039490065
18818,38.48834524581564
73719,69.97527464892397
79454,61.889602725257625
30013,15.544550897216714
48908,57.386316988087586
12595,55.64915253433103
33784,33.92499678398326
43983,46.4286210497586
91938,19.14575806418354
48792,54.299703915062636
67960,69.77730618634918
2128,67.0665643831446
4024,63.53861755190209
75300,56.07355587603742
73716,66.13289594046236
71006,41.75417516589018
83301,67.40427401107024
60425,62.104244219478325
81416,46.32045010494211
84473,60.270301163532
31743,38.86297060821915
50197,63.10859358604899
42471,67.7095628889257
4767,45.509018595896706
93525,63.10875111582629
63808,66.76651641207044
78023,59.74008714762937
96152,68.87869430138274
54078,26.48628432545214
72005,62.030040285696096
37784,53.19278203681275
21089,59.80726408996943
7441,42.08176591340121
18744,51.12604549692995
97479,68.40423416789822
21633,40.680990762733316
67112,59.2358923943277
99241,62.55402075537803
89028,68.93678765298726
16910,39.33905269753443
24407,69.77730618634918
9170,37.65340373817788
85425,54.746095997140564
61712,40.65861927160115
69116,69.39446871498384
61828,53.63169506256236
61707,48.894450407200466
78689,54.01139701098174
18801,34.2842516456255
90778,48.92387122635959
82185,59.78436234862551
12449,59.88708765270898
20109,51.28151374740985
73058,69.97475839276296
22206,50.3010965605431
50890,56.677426641578286
42022,62.883693029143586
92116,39.705898641322065
34382,60.50595573650845
28386,65.94676718704844
96752,52.431440339702085
74403,64.7832159328627
60994,29.299876933849372
48677,59.45410880157091
73973,59.174709852632084
32573,63.76519763839545
18857,67.40427401107024
97583,68.14706386312434
67805,67.1581037040679
81339,35.527728627790374
80112,67.82690873875778
56482,57.3998867065047
31137,62.01044338279476
72960,70.26394445889119
39809,40.08874374511914
18963,40.10403007074123
49605,51.15169546615512
52621,70.1687120191929
13031,54.998078273562726
84662,68.61967027960752
8955,60.80241151378202
66692,42.06436942029923
61734,61.1800283532259
12535,47.9843208223449
55671,69.7673688152763
51164,51.09354147272571
44271,66.00946486839655
91400,37.91987142037761
80401,45.38718702600974
25053,57.05922440154865
68016,57.930526929738214
41687,61.686073453817635
57011,33.76223530158784
94632,50.52304227788587
86397,56.34979897594014
92032,64.39664142320109
3416,61.16068093936965
44904,61.56696197546131
62484,30.77661077154544
54677,69.14323410281811
84031,59.04571396790045
30906,41.00713135547796
14522,72.11666640850169
63867,19.729555023741373
38342,49.51530091427232
95722,47.8059125415015
65184,33.31375503956333
93317,75.38772018989863
98997,61.44202130088749
20845,38.96201043974744
27498,63.61306677349597
30608,46.021213690307306
13621,55.857324868627536
54673,49.73930705839714
71948,36.9744738158442
66011,57.56634040633366
29755,68.76364697076774
67544,54.1881315617543
95407,37.72570565878241
32786,65.77375516391551
4926,54.51120248184553
21234,61.01304510994659
71480,72.9196836927902
73784,41.29258971647655
7319,69.18307379674965
37332,37.844633090107585
64652,53.404419478947084
92854,30.8406552406042
16849,78.23714074082602
11028,47.669161294396275
72680,37.72898884326574
36074,34.596876819002745
14609,42.91760746877841
33277,37.98502645636566
1138,34.49387265418236
28348,45.27675361315477
75101,70.6171382979273
65310,26.04229085073361
98467,62.19341714978106
16242,59.1703821226474
17708,27.864540798840448
82778,52.190897258751136
15646,52.34777347802385
67806,59.105065201566006
81403,64.50430313471574
25731,46.293101988465125
74022,30.511776055946058
79918,50.22717439161091
96597,60.96277130848623
2161,68.52405333847385
38383,53.601912016248704
83570,60.042250344362195
66859,38.08163111825597
70751,42.482158584117045
11708,61.32405452673922
16155,39.26152123996862
19590,64.76734588405964
10230,32.457244357407816
70347,56.35114808868668
3992,58.66270398888069
101141,70.3233375601525
76241,57.090068427480155
46142,42.6625797838274
91364,47.10025491042066
86798,60.871384383444905
12045,66.62204521342525
80482,38.83813540777532
90785,71.96318266174862
35489,49.64140898142816
90000,24.05841487230501
30185,46.4907168580479
101575,45.02324577013088
46092,69.4666658551837
67453,39.52005121833938
22955,66.88537567350137
21020,40.086055786376726
39477,29.5507182874304
102197,50.066471786108565
14380,50.26952029593134
56524,59.93542888894539
67931,42.87202796541529
799,65.65613153840346
47023,48.02924145617187
85731,62.44516715695911
36523,33.09899179572945
11119,58.64289040842719
64253,49.921185052388765
54274,55.31806263300982
74871,52.8110593035571
8754,73.2307396864306
40099,42.88453617162084
12451,68.49058380080697
100431,57.818400732645756
96337,59.046945504838256
5953,56.64999917101538
54553,59.649825912653284
87889,67.38572036003963
64990,38.24876840182721
60502,22.273529506371393
86663,70.99557165585344
30626,35.899567012692884
8209,60.17268094652143
10944,31.663744244912227
63304,63.85375562984158
45682,43.86927434562361
47286,58.67205329881267
3640,72.49546942517054
4302,39.19348736541896
46814,58.63027336748876
72667,51.816736462358115
1802,26.703467504311142
57004,60.92612891977929
56553,30.3154948125932
71730,31.077398779823444
15621,34.633644278026416
58185,69.56497981610117
101692,57.317501042825164
75387,45.77275902470819
90313,63.06294680671073
81237,39.63773392874312
97530,51.37329994433991
33345,50.92729889367011
24101,44.95883910962318
97593,61.901841076535256
11884,61.31262572340801
46132,58.16349214299408
499,29.464569278159676
21285,48.88818953255
77482,51.84366267731944
83507,62.08588958188133
84176,48.7031784063501
9469,51.07223385490596
58164,50.85048517133899
1410,65.26510311902337
8314,68.60210006928217
20273,55.06420643804122
9111,48.115561517861394
25062,21.454987612041972
82275,49.300862420418504
53824,32.359780048798626
828,67.92173073108353
63129,40.88228712150074
49881,81.96666666666665
16655,60.13240940048379
5029,66.0548594641043
47925,38.202445438088304
11176,67.71604269220553
61703,61.630374693645706
41903,48.988492308109386
13916,32.97685948807484
15086,39.66137367950551
72267,56.11575407237186
47175,61.02222302612088
92726,35.59500167672418
91880,38.80386285262985
83102,48.64762551141129
19164,88.08361327400817
56808,69.14323410281811
29799,56.34154299077714
1172,56.56643462925377
72939,18.978331540389544
85076,37.802855787464274
29177,60.43801387633528
55551,68.76526354696414
44534,71.20682961625145
57809,50.95150093759496
31870,70.34555388185774
7903,32.534960014461824
84558,49.185668059338205
82621,51.01003891623259
66689,55.143809680394035
89387,36.27970600697432
87836,35.68915126736866
58578,67.73073249074739
40820,32.14476077138976
44701,61.9961424232529
35500,44.9259175063788
86422,68.14162997995354
87386,63.49324155683771
176,60.553188809795465
50082,29.218920276615048
58522,40.62589975290347
50032,69.30889880609449
98100,40.958439848147755
28578,71.0896000911648
1570,38.23573350476992
94693,43.387966196062116
26800,65.38712365548894
88357,64.40399158434084
41692,60.312230424612615
101804,35.82614491986631
94779,48.37262198513894
37248,44.769268800878734
15251,62.814375785094356
14515,40.91365439380657
34171,65.39368955029299
47069,29.552599181970912
51236,49.22779246062905
64925,33.89356564689017
4418,45.04101887153037
57383,60.92306832549684
80867,21.09417956752944
64667,63.14050406411293
87573,51.72347072836771
1333,39.0202364359958
97208,34.72925587750808
100331,55.9933911288349
67589,49.520435231982795
98637,38.08877631561113
66774,68.53243316090071
80412,60.06322938345286
2716,38.60786288489848
864,55.47217632937873
5398,76.63177683531023
83187,69.4761889183046
45202,62.1616282421927
88848,67.17475808684593
7234,39.808676990203615
61031,67.21703676831332
46352,70.33671667307162
80285,54.16197005614597
19683,61.11126377672109
16062,41.86900385568532
14628,48.241767862854374
12900,45.83398660647853
81208,56.84436558216781
19253,47.960214301588934
13442,59.85256832042735
95393,64.42166065232924
79285,43.92880642220024
62173,60.56883326125707
58311,60.6413072994553
57829,46.25046093344714
25257,41.2196065234589
43530,59.775786470528885
62960,47.47504824103882
102008,67.532185426832
64319,67.1731655700284
36898,60.64137466957382
73685,59.01401937260192
3794,37.707384109686956
27293,68.79783333333334
53590,66.06615969651506
12572,67.17475808684593
86426,50.2868781250133
61755,49.23535844233168
66362,64.48649261320602
45747,44.82557058526149
47893,39.01752661488276
5121,40.94276448244585
43953,38.58947941291686
96255,54.04979494593189
87491,54.64640886858829
10834,45.363627072056254
82258,47.86552460131542
27367,41.334739270006374
21296,68.59050386601915
82041,42.4513002120155
7620,43.44814796581347
100283,64.30020942336702
72755,68.2198200519893
2529,64.21334321998224
41832,44.00512938711047
97844,48.63853545637094
39942,55.367163131575815
26794,58.20950562991945
85304,60.307989461230534
20114,48.06621528612179
10586,60.57533937716439
69678,33.381529822404616
31272,55.18687592588091
52611,65.36690343924762
98679,55.191571728312
44993,51.940742519016055
73945,27.753504151778625
35610,45.56300106257287
11778,39.787717793557704
92397,71.10352704352103
39873,69.60738478774051
72844,59.384023663856986
34057,35.508146325601395
60090,55.6176557469077
66419,47.3068895207833
34339,52.77545260658289
39525,14.65339274950646
501,51.33515016001472
75156,40.802435099718465
32467,57.576345910990085
39528,67.89897865121497
94213,66.67583248564
36416,40.17783357688672
5727,59.133753445033335
38901,63.0153193320014
99344,58.212711971475855
64000,32.81274572088698
96240,51.69283399543314
74499,57.46335803728082
42101,59.10731783430728
84367,56.64752860389015
12327,59.93919300888791
23506,52.58607230162728
72084,64.68291514278066
45381,60.80045804842539
98930,39.427581605212865
99608,59.13173777214733
38236,61.23852026312739
69159,25.281854877146774
23538,37.48039253114954
11289,68.60848223163389
69605,44.45308151047483
22602,40.42128851258712
66910,35.435957353788794
95055,48.47498990482548
56269,75.89292127890039
22221,47.10805524734646
27770,53.6559151454746
75546,52.43573683112786
100782,50.145224176256804
17370,31.76455326953512
5112,36.57630909417537
60531,31.750247936297292
47771,58.874723721451595
25619,48.90671493956952
44371,55.85730503734262
34535,38.562567644382526
42103,66.98752264878195
79328,57.11737150733064
18530,63.37238003818859
56648,68.79948339466574
63757,70.47765995666066
13995,64.89959997142545
50258,57.10734573941272
48305,47.60108735690571
79333,40.7162023371965
87674,33.970384980909145
77302,26.190600362937985
54511,60.17605512514584
51402,53.3589134498695
18920,43.63531266631855
9961,58.64530901835785
69337,53.53273132260877
24957,64.65943549690604
8960,68.43030522706094
3658,45.318442405095176
35446,40.253503429773815
5420,68.22883963333393
44231,63.23549377070289
46228,33.159851943924664
54098,63.45435783987748
1498,46.8499692532138
79249,59.595344628105806
75055,59.94106432575084
5208,59.13454906445885
14604,60.70186262289817
50944,54.021054135786905
79287,57.24125336172398
98559,36.81687973348471
86579,45.35098263070894
85259,66.14004992584752
75520,32.16239248893596
43166,32.87654572472792
64130,41.2564250678978
55860,65.91444995827214
45909,44.11033027064513
71471,30.15852542370328
20400,68.99433756639634
14956,67.12137744607605
33682,46.15968074174832
67677,60.57780123421069
74103,57.4400423716075
98632,40.01936830222815
91091,42.83613672144149
48108,39.80072661100856
17120,66.83856920277046
14636,51.03246940201889
18291,42.640528989809525
96113,62.918977527277
88701,28.60343042168711
90075,48.90991031106004
41752,62.05805071895308
47438,40.76108616438597
92763,52.10168524752476
50419,58.31105287585774
69022,36.19727970302658
87712,46.75006536311168
44482,44.27022802529915
31648,66.28471109572968
8067,59.70423008208334
96258,52.25353164433238
56841,75.05435754034426
87833,60.8245879618429
52833,57.94612754511507
63387,67.71913912728581
21785,54.34405180907779
45619,60.53684968527046
83922,68.50948393729031
82492,66.18922782040543
17215,61.880048815756034
21305,58.08080260438816
22471,58.6851508990181
91536,43.634102637688095
82148,53.02131050057551
65355,48.15721707325701
32313,58.28890138433175
7748,67.12465697741827
92605,57.598588916537395
43735,56.11431692228601
5992,67.30362197433593
43015,55.11287165574901
100118,34.59287386293496
39757,59.75514355114949
20587,44.75842356399103
32100,30.320898027506377
4846,39.834771662055026
16066,58.9945650162974
92360,53.61586673522133
3265,43.603789617945
59043,64.10467570889115
52952,60.16452366987397
76994,57.95524561623143
23504,39.594512906562954
74309,62.3070401221011
52262,40.58579205326642
62936,32.21830334968672
93955,59.4338622668661
47054,84.86049482039691
1163,57.65391956264261
2815,41.28412085480619
65368,61.11126377672109
85048,55.65170672133431
61220,61.478060524783075
4723,35.11910328120056
66275,64.00663820585702
26620,61.374035816288036
83379,60.121009463069505
19677,50.32676137060782
57094,32.817194890418335
41974,43.77839908794247
81734,69.51728694608033
82066,61.81424322108965
71633,42.06700394426393
19923,64.07773129018025
93792,38.87705071958691
76053,61.96861864428687
50242,16.36867766399566
61649,33.34424738308357
74697,59.67934108174441
57628,48.46045114774087
45336,56.07260892259146
82893,81.0
9266,48.13401302414857
42391,55.53547275449284
101189,59.1814120379108
24370,45.375831750743934
1083,64.03221529054463
78373,58.63539237968745
61589,61.85630931428085
6050,40.09178660740465
33882,35.022296442631905
30058,62.29232705845032
82732,55.83919887506197
77596,54.319217304432016
82423,48.134359682563215
70674,58.933081607435476
5191,39.32973173442702
74561,63.685885314876316
84079,65.77491994222468
32922,68.59911518428959
33811,56.76387243734685
58838,29.63641160698851
28475,31.769205997827786
42281,56.42432180236716
45917,63.99936526618661
24242,59.641580739134476
92190,37.1941689567073
98420,57.3945173005838
28601,59.12322285021246
17811,67.4019952131316
43931,58.63058487338169
79685,55.71785885254237
82110,40.90254350249689
56151,46.8908579413147
46181,45.01001756193577
17130,70.22291684631128
58196,45.134700744769795
33716,55.654361713344535
10122,59.810559235312205
94813,59.51766089019921
71988,53.72248063371417
61101,47.1836175738222
101161,68.01930729470872
72705,28.572841148890717
11021,62.090477970613094
29218,60.53600077159027
17885,64.47614206552197
88677,62.341895574703074
89408,54.565756101103496
50177,63.27103832991269
48587,64.25113603708036
20989,34.58185325681445
28745,91.19270560172632
33079,60.7507278974791
3214,60.21123470133313
44638,33.722705180598616
32846,64.4932687461741
54275,49.09379703706999
43865,60.583278180582646
56276,68.41467753929332
36746,35.97658705478262
7437,29.84117649258983
12007,46.903154552301864
61013,66.35659173698504
72446,68.80478114544503
9448,76.80025308147293
35360,66.18372850822722
54176,39.871439380591546
66232,38.14680988507884
96710,55.049708657573035
41749,44.34290547404358
78978,58.74712763856922
36062,35.669561030277364
18647,62.20683587963344
44526,67.01669326936766
59717,27.651375990447185
68034,29.480428342951736
82157,57.92015314293228
42067,40.7400827298425
78574,36.242163497164654
1019,68.52411221798069
92266,51.48828198391065
32365,37.71196195523717
77872,58.725685608985785
99029,51.76461332064344
57187,46.968793229021266
93214,37.00375236073509
18849,38.02985189710619
6593,73.3488949512768
8469,67.98660399782425
97745,30.034612990059454
67975,70.17508152901581
2121,58.939472683908534
95871,50.493880442129395
32621,47.92042351216576
23183,61.041005756974236
31859,63.80712624958788
13011,34.9014168127946
728,63.22453205424617
96743,64.78437432335949
16800,64.70650594153895
96837,35.1738820893214
74980,31.006461250550473
4889,43.49648379828814
79941,65.59136245556827
36670,35.48782609513035
44649,62.888975282974116
93660,56.6461751383469
39859,68.65200367537177
93236,61.50197735582943
38724,35.518782927642754
32409,27.923144385635595
45021,68.54872214154835
78817,61.59348947817535
76071,55.97171228676897
48607,95.8168047390389
50974,45.79969971267299
90894,59.535647147887815
97712,51.5482872882953
29466,60.461409859954045
21791,61.789328630381426
19510,36.56280511630696
24942,25.14119160957961
44102,40.975365294904066
30446,39.32749362855335
45029,68.40423416789822
1177,54.31308302088071
598,55.60325819155919
42226,62.44988025946597
56355,82.28019198481725
92717,57.1057871694561
86666,68.28378194481965
49291,40.825437504296744
99526,69.56448180561505
70904,56.201662451182266
28428,73.75666977053196
9973,66.5301531806676
92946,58.61493586567367
40514,59.18563535185639
72455,50.52597047099762
73114,13.424143751677434
36939,43.04985026031839
75904,50.428128510414425
10619,34.0122994091447
77465,57.051118088023316
95837,54.960479952861654
33740,67.5174703056801
24876,44.23264700246994
37928,38.86272575365885
4133,57.18643429089511
16847,61.7029467795708
11238,55.31941849814834
23405,31.85911694408604
79906,63.05158408875987
17531,31.467031120665478
84878,69.7588935594713
34100,72.96134513992081
90647,33.70676549185584
78673,55.99390243503331
45934,44.65097658837573
26146,19.374607000804417
67958,48.214349495652456
48168,68.73348627615147
4062,37.13639403238918
20684,63.440349476379644
80946,62.81324435980276
100572,50.69511124757114
95453,37.119999881682
60647,46.02322640801105
7841,90.8262512731433
24024,40.67110959065208
100257,51.27267238210078
21960,61.48544291736829
101495,47.81456415537481
17038,50.16113601983258
102499,38.0310287333968
10284,49.01459043185593
22871,56.224617757410854
47443,54.96095242956401
29529,36.90756337131244
34137,59.61219802419251
67983,40.45073097756044
27023,61.72095575640532
5439,40.37420589568592
87782,41.728561775070105
43360,45.29637212886765
3338,66.03930858223619
40801,59.07422999942973
560,37.88782908441592
17978,58.07727018464984
32036,70.76129671562782
34511,24.143120955346493
93858,42.362057069410014
80921,63.0484395621024
15899,69.41619019425801
9996,70.76129671562782
1686,36.0457935289863
16296,54.87240389465298
79554,52.24406853869893
57215,36.36692827452668
51193,44.00344067949739
97115,65.14490569721798
51496,69.75378332066103
30757,66.70573056967407
89122,68.90479093246691
44582,52.66455214183462
85703,35.129785971742436
82738,41.11394633352155
6171,66.01196990023347
91785,51.31785196841167
101179,67.82104699862843
29997,63.67043658518521
40880,48.42726377621962
5320,66.5657573350406
51963,59.174709852632084
14280,39.487950595125675
57678,40.19158840371086
41505,66.57536807846783
25278,35.28285951717899
90665,58.9604708258963
58377,31.280302317121553
63306,67.49589493026501
36114,60.4320365717347
26958,69.18329679468748
29611,62.183186063179285
87216,26.429169342777183
65182,61.87660125658714
27297,46.46536794702254
49172,67.8129401886996
43630,68.79948339466574
3139,58.84618746039864
22565,55.99782173542715
35431,63.30727308218
46150,68.34789563633738
12630,70.82683958467835
62504,47.53500547291066
45662,46.04909822039721
59600,56.80500116413382
14950,51.7415948125167
50488,65.11807918208311
92212,70.08668632572281
76240,60.13240940048379
4878,61.03633078970791
54872,69.44627242419915
55069,41.97381244070403
38988,38.875074941434725
32775,26.42834358193758
53694,59.27061871305533
81714,44.90268633878086
39101,46.76395552201643
24048,24.847011328497988
26651,53.19170939166656
98076,48.09649585553694
101803,68.65609044127638
5764,42.486136278012246
62277,46.38850152286653
86462,53.44762388888993
29508,67.32463754054669
3402,37.29822568907141
1463,56.0076938070719
14405,61.41368378655342
92003,65.0187617696721
42627,27.736418492569907
62643,39.3973958344445
67145,57.86990634471456
170,69.97527464892397
55767,58.85877087779707
20403,36.72142646839599
41420,12.415490184342874
94759,52.15898888103389
60762,69.59094448086165
23587,55.01244231236878
93228,51.71182218458768
66086,71.27603153608105
25166,67.8538506384762
68770,57.71392189664187
33568,18.816213263032477
64072,39.97053848032161
17082,73.48288019514025
63040,47.77750059181592
22107,32.77999810444224
84556,65.98267943144208
12447,52.045759414070844
77243,62.318892608145745
40805,58.06578985113186
95868,61.32792369644284
10256,64.87994186419061
3492,46.12846750309784
60548,41.47599810875492
97969,57.64012601924036
6102,40.44015241360572
29573,64.05675814296833
22238,25.54161382385041
2332,65.37220145361826
17767,65.84117376150853
12808,31.970103166845906
66739,61.92444083186119
73348,67.49288012442878
50844,54.02113904618707
28238,38.59590290654247
74582,39.00587892399759
102057,53.31770923953485
70308,51.25930017042103
68239,29.918057493068222
72100,70.6171382979273
69701,63.71838746159022
28911,42.366918191852676
60920,38.0123746323879
42003,54.621165443734725
16229,57.098953190511665
39204,64.43038537501144
43617,64.8930399940812
53126,51.44373156831983
88600,68.65201946202583
57539,47.381701775894896
16751,59.36565468291668
13156,62.7331661958213
82552,69.81526019323871
78747,43.987276471694784
27664,38.13156220925521
59216,70.99578904214724
24840,48.13686016308611
32460,70.00649140340603
53004,60.23071598534053
41563,23.087833447803643
91518,60.25424051371438
3878,61.38373170642457
92582,36.42030417832197
26031,48.798362095504565
102162,61.88047573196212
54618,65.28439482304633
82077,80.76784548784548
76625,63.9570175095805
100327,61.47784349939467
32198,48.132031131107645
93247,37.59954554042105
50044,38.46411347769281
100337,23.895743569272348
81307,50.66194549528259
54630,30.545432197438977
90671,67.50144175004692
100120,26.05718650207107
16901,55.66817008630577
61095,20.366225738606175
69654,63.919228304321514
18162,52.048695975344465
94546,59.055889172455345
94689,65.57666155537389
4452,79.74407615534055
74860,69.79910821342925
93309,46.56206885833224
15085,62.729515045355704
25446,67.58593797798436
53148,44.873831135508354
89762,50.73375574838821
33202,65.99531376423147
101695,28.12335839553039
86407,59.00983650308018
53293,60.09876247046813
22911,54.66408461457221
90261,54.37264525883191
75270,30.4385514473484
94204,48.532556496194864
8638,46.90831419263419
41384,43.76169334713723
16500,63.524498197267434
24543,56.71430794786705
81602,51.98910905097674
91,57.33206062723703
90327,55.586298925314225
62814,40.51449216933363
48398,70.18393783890923
32332,30.787829367129262
25873,52.38952357270188
99469,57.22556854288053
86733,66.3781305165539
95988,21.28194183615098
63363,37.6670649078519
55339,53.40641137249502
83554,58.29069163846459
6744,47.07844638468403
97217,69.45978504216635
12509,48.76902419188806
40670,33.11413924609735
65317,55.16658951606051
45280,52.96341536304358
29089,65.9249735890844
3400,53.99019675800193
68545,27.335179335876852
99062,66.7917323861625
31573,69.44627242419915
22016,53.337830251250715
42743,68.62674492793678
62520,65.96032891202545
96966,55.12027623572635
26180,63.30941998988678
93763,40.58402399985762
86899,46.32353413853368
66958,26.53339373096885
24609,47.074788091268694
55035,33.72463463948874
100471,25.34386826434863
10071,50.228303186172035
80117,63.557591399397076
89197,35.36478323393972
88,63.446215575870156
50637,38.531622028318544
49102,54.43993929210248
51146,32.67487902235168
13713,70.56461183689544
97463,28.822205448103308
21144,52.31023299247984
1713,61.238095305754115
19766,65.02217441321346
40369,61.25562517870605
42578,44.61160686412749
8700,58.33667053449474
45054,60.681839130543096
45299,58.47891232454743
101513,57.38304007665228
73979,49.725733029311776
63506,47.91306907753503
90642,55.24747132333164
1126,44.279870651655656
9556,42.85877663017605
28692,67.1878751653245
77639,64.03488105418833
11937,54.402245993121234
3456,62.131468857124666
97759,47.30705106187144
38686,33.640747248918665
83149,65.18383260986923
24023,51.427619326137
67859,43.32022547584296
63741,39.51364864690803
23127,60.67121743358243
36805,64.54228111177106
73694,65.36687704899276
93906,65.56607437986308
82400,68.82683292827797
95211,51.313962349163674
55275,66.20227376460576
33422,69.74453329893015
33649,57.54548065528431
102209,64.89549271074442
57342,46.46050307193705
22545,44.29792634809899
32279,60.42193314171895
4094,58.480510829741625
84544,39.29976808985012
40841,50.594398567594595
28201,65.78108071148353
91435,68.93678765298726
33143,31.78732872571475
80631,45.96458605941865
18405,69.33684020710444
41118,56.01866730663398
96244,24.69771937649689
49391,70.39300166115417
47153,40.494498698877756
39971,30.27576382516783
27966,28.550699991088226
4397,69.2426492924342
17449,58.227235373853674
2252,67.22621000547849
59148,43.63344864703244
99038,31.707436309067926
12767,38.02124335487757
87955,41.7662197675928
2735,57.36737377599633
54718,57.84203285671778
41961,72.70513555448655
11403,62.37759429010629
95615,52.83675293029668
92255,65.85048258564706
99161,45.98559652678952
65682,36.95934848730487
50532,54.87040939960948
73210,64.17522526701734
82873,31.97379880567134
9167,50.627105489231646
97693,49.06914598741148
68772,49.36596755014362
81594,65.80080838905938
74215,26.39093071431911
33964,69.87308826840767
7027,83.09427556499689
21995,54.57710599011817
55803,53.02224844734664
96938,80.67763630507456
22824,30.66202591561533
92197,48.25116548142365
18808,33.163305306626356
102159,65.1408975511448
15411,40.16174319387656
46031,57.16718627932048
31965,38.661823172484624
80685,59.68635161830065
78796,64.36862015169395
70262,53.594217305061335
76832,37.66537427871752
4849,50.603644279308284
90831,70.79291524614052
19576,51.668494473239726
6073,60.31388991857662
28086,51.094314460924515
89495,25.56405610945624
31040,57.45683275590959
95064,74.97094556690298
85704,11.484334184519849
67079,47.94192882383773
47888,33.812339442934196
90382,68.60388030619045
46711,72.50710974359804
9113,63.77203782081773
22874,42.04474534215773
32434,55.115308578852826
92927,32.792557164570105
66361,65.1815525794518
71998,30.48893493081274
50066,55.733107698903204
34691,68.23083589146988
21596,65.74256480054815
86294,63.659268958341066
16880,33.89842193109019
27021,63.44466116691978
67486,67.06879760174552
70853,68.39939738933481
78579,33.32040255021233
35769,64.01106447776172
41730,57.62623927651146
39362,37.664711655953106
48450,42.38547362940355
59931,35.55435045470066
58516,35.4156900373559
81820,70.18393783890923
61088,24.057770253119397
99918,41.77103201125309
39767,67.71185128694104
79611,67.52556721810966
23980,46.07812441899624
70551,32.80006065396403
72083,29.070013752386785
50977,71.03243009112083
52535,54.78576829022791
39092,41.20336647036724
72465,63.12121962230302
40826,33.53181458480514
30736,56.74206625914742
44433,58.46634540632022
71872,62.173567884764786
80039,62.409733268177185
59765,70.7211450462231
76804,43.9113913726074
46459,82.99994304963056
49121,42.94174044282692
66917,61.50684560525721
22646,37.01891195793071
64170,67.28086085573214
59078,31.770206794075353
44029,64.8692401105398
34366,49.97273604408585
5954,51.25668378672795
44812,42.93870761881933
66646,49.079378733957086
44523,62.48194408955312
2650,77.22968793802704
77060,48.1983928442356
31151,71.017355722331
40797,40.53992012771257
61122,51.79896222883821
80533,56.830520067943716
10738,62.0214806294544
31208,68.14162997995354
90245,71.08255031551758
78197,36.15830211704582
78602,36.844409017630205
22566,59.46603280957026
63531,49.37066130845323
87493,36.533171108416575
70206,46.34354143293656
85361,68.79014172581867
1506,57.712262429324234
70475,61.7179400419367
49877,98.0
99180,49.909802059568236
26963,42.56624147573466
99889,54.51234072218815
102293,56.39387833050371
22642,26.327467498668863
25352,38.801787999174714
35037,64.75358343528148
59660,50.42012625522164
56248,43.97466197672571
20008,59.953692207135184
92303,38.62900368700383
5739,62.821005987454015
93884,30.92159986878963
5187,58.239771032793094
89517,33.72932535186422
79586,69.10258768398973
12121,51.2162904718969
60140,35.566236311896695
40200,32.60115961949754
89549,32.18887694732056
48906,62.593624300721984
16779,62.99624878819267
86111,37.33400073279638
47078,36.51271291891414
40111,53.02706197138322
77801,30.68548712683897
47408,50.046326848594155
17957,67.7048340312193
55870,61.59910650203895
28396,38.849451589004246
31397,53.70196395272183
57337,47.908729047408876
83464,67.63356450064734
72726,62.31939797077942
96657,59.66172343787991
76008,25.212788611281763
30140,40.188588696358416
33092,29.499227858370137
37843,61.29589479475047
66605,61.58487473276792
94895,65.00480612420361
25460,59.532433417931664
16059,82.99994304963056
6545,59.55309841886131
19114,67.56395626326021
67831,56.97184406626558
7116,37.8636001234082
32719,37.06244312632436
54314,61.63437940697093
14959,35.17923037418233
100582,69.5774952515188
66129,49.62024501001574
49736,58.1395818913003
2971,55.39764602632178
47249,26.17525762258812
99617,67.60358641402996
101060,72.5833145247614
24995,64.12024198262422
47833,50.76682338267866
37647,69.16048546728071
52980,27.57397340123969
94457,56.317187531974426
26726,65.37532917074581
52169,55.89543260580277
24178,56.003542725053485
33601,69.6150110445927
5278,35.608659959810346
10713,53.6875518521762
8211,63.048902931797286
19254,40.469999037461776
93656,60.81295148832806
1354,69.80437977014515
79963,40.89977295184211
95592,45.00988866351683
34308,63.36045619979063
16913,58.42573673523286
13342,31.33699280865649
66747,59.07551185818846
87738,53.09503683918299
75749,60.81896740221929
102036,65.92390093437432
49827,57.36843439067131
12564,65.21973547900032
26348,79.75815178731092
86302,25.234317176879866
97856,52.65754927688558
72728,41.78170531083704
3087,60.93154872887848
42873,68.19230887064106
24776,67.44033321113186
75571,65.19015911283755
41286,45.969484961906545
37369,27.36449227866212
22868,35.01761539170201
89697,63.86764923322291
34924,55.502511949623575
13984,69.37715486821418
69680,58.49031633459634
42071,61.161432239152504
5177,66.24644695402051
50669,36.77301731493322
58945,82.16126175922153
50557,34.26071540693692
68007,24.288235454568664
13258,49.20187608687245
75384,60.177506402055734
83051,79.18157718659006
62572,58.722053134631224
76335,68.34016961954637
16911,52.39660765435522
33821,66.06315550475446
50767,39.59364546861542
11963,67.38979553609737
37266,68.57482667669728
4451,26.391831178552128
47629,63.818526844784294
29538,56.0061665880828
5762,71.09042554386586
52795,62.87802388394673
39006,53.30596564018503
53432,69.31344197771234
37573,34.77858911018737
12868,67.73073249074739
31228,65.42965413259014
30039,67.79906602336585
30447,69.56497981610117
50440,53.21645193756779
54249,60.9129940678764
33190,38.41093489136347
12097,70.21425661288522
47863,43.81408413498073
6749,26.47751734533796
9852,40.34144397332907
17992,45.31976475541102
84335,69.60738478774051
64503,9.071327533443787
75790,69.43901068449787
295,33.13926677568248
8320,69.26837253068089
89605,67.41170544778049
100116,68.02310913117985
66119,49.96887211218245
33185,83.19702824656443
55946,46.32573700682824
5300,42.79079718150884
21421,40.82116338339854
7205,49.30230856910393
99309,74.19791666666667
79046,20.995008914261618
54518,27.54068188049831
12614,54.756589247063296
60122,68.99527569406828
54967,69.33191081739494
96560,66.15590040155246
49251,66.40251913362162
76923,68.26305405822349
102353,69.44354035303463
27056,36.02042194920681
8794,16.449194807184284
70985,33.382427576895374
13215,67.56842594235276
88958,37.440891297109026
61469,67.06879760174552
25341,69.33684020710444
21091,70.5741375213758
83573,100.0
58168,55.14142799153273
55865,53.45482856652945
95498,67.72350272018255
93255,41.43710139036216
45998,46.54722101521123
79031,69.8981568565322
32544,46.86945342109632
57976,39.198816727727724
40781,58.05683995541446
1202,68.08931504925505
98154,69.34133843360465
9918,27.731706437912134
45211,68.83255621573063
62287,45.998665467388875
58445,47.745395431025926
49992,67.02149850850536
25947,58.18257608385639
79787,67.23226541729866
28542,61.18381746289792
102497,33.416432897895035
6830,40.62978892061482
65807,53.32750784621113
27765,62.56268451807022
59448,62.94197400473126
8236,52.137667288035466
20649,69.69824678551322
44229,34.96207758026837
71198,37.35315194602273
13268,58.81472455436447
58178,33.81484751032112
16376,31.243348439521696
79579,35.82482002165636
82906,48.1733822987252
9833,55.325872048758846
74772,66.61069097895927
46112,60.024509265897876
21817,59.096148222296804
51762,55.34961422079178
6564,69.60738478774051
23190,64.98046945459524
32330,62.13574997507441
10660,55.82841541897522
27929,47.97450957848515
53950,67.88014556496073
53983,51.982950556475906
72353,59.99420808644776
12598,69.2688631297298
59875,31.28233951114773
25971,29.989027833929317
82195,58.0853143662983
87264,31.154131684343223
1473,36.27731164782952
24837,69.10592788542793
59842,70.03525411148087
61432,66.64692306621657
34665,66.93776693863678
50642,70.6171382979273
53279,37.438793598083386
59662,60.35694801080311
63438,57.85450127956208
97579,67.88015887127595
20664,35.684661946247786
45598,51.110472707719936
81529,44.24477848466158
23873,55.48778024300804
28721,44.53674180395553
41465,43.163774584388555
16295,46.614828972268796
38314,39.606192155893766
38612,50.96528965866869
66928,52.77238440842759
86190,41.052146642281706
78917,70.69459043156655
10670,52.07061810376721
70532,47.97914048501834
18532,34.685486629305316
82795,69.31512983313692
97082,45.923891028799055
102677,53.38580780874634
60694,64.73777467766772
60961,61.08893900560668
33515,64.87994186419061
87823,67.74699233411485
56561,68.01874310398735
89173,68.85256928941311
96359,67.9013855134843
8006,77.60790412468752
56041,52.42066707569804
65379,65.93461954755543
24574,38.92081034208429
2068,63.73733021038664
65514,24.808074225993106
53434,54.78549566460675
8849,64.15014836389975
5144,67.4728410702087
39531,37.146738278016926
27067,27.174513873595902
101325,69.31512983313692
23817,12.12728270427224
74924,49.38074019212712
15003,61.9072199101463
60181,51.32287130569509
21240,23.357379974088843
86846,24.101977213689015
34430,36.41198806298862
94627,23.330286783732607
63204,67.77544424396338
43725,63.482735533823096
63461,68.08931504925505
31117,61.18122247498841
30617,51.05038817337257
60423,58.019403417460666
35877,44.621834517356284
93350,69.74052617547801
83322,61.06700597757906
38322,66.6765668739563
32645,66.83057398376131
27175,70.90116014852846
73134,51.339686056033244
91429,69.06329663390541
4125,67.86982194751756
100716,62.62368474313156
97120,39.87429599022849
53514,80.76784548784548
20047,67.64703394723131
78874,31.967883456952855
46318,60.46113390142974
51219,37.238934019293765
61236,70.19589780636149
30232,57.51043863494653
29490,57.27335807172932
34453,68.20850606344878
29504,60.424343195623635
15990,53.45882535152649
42795,43.90316740464742
62343,65.249247768451
39547,58.42075154173975
77097,69.57040009312185
15740,61.46228858848367
30215,53.949806661577206
42294,80.92345634920635
77013,47.1541036652101
5659,29.46211321115135
84456,59.88762076501869
35366,64.47614206552197
474,55.499732178739265
777,35.10970498744972
21389,24.16994716088628
33994,43.91327119980373
43694,60.177506402055734
14044,69.59021901693956
25512,53.34244257611045
31118,62.22483092275275
25159,69.1437231317138
58692,22.1909881654437
97696,73.71983952080255
83989,46.118452473131136
34731,62.131468857124666
42066,68.83341444551198
42338,29.121669793246216
11424,59.46045289016147
91783,52.06800005831645
34190,55.74175148030345
88631,59.01198979757725
65779,69.79399514809211
48252,42.09857371124566
64971,24.989958044863883
92313,41.601515316401326
98687,66.51217649284288
78728,68.56213094729738
33014,42.17155776267923
7362,62.25605249956494
54,57.69883080894338
8324,61.611592356586236
26196,25.013449061796855
4690,60.13902514406956
47076,60.35618603757143
34263,40.95852197178331
10812,57.08728252572515
8618,80.97166666666666
28292,68.25104083191775
49895,66.54019116480106
29598,65.23834465078282
19383,82.0
101697,37.55511847757698
55311,58.72736083477019
95829,65.90327456645814
71890,61.920780603573114
30196,50.90649022998573
47339,63.61379587930111
102059,61.887372793466504
6497,62.03913344485944
44734,65.97952851721378
24746,33.88686075856542
45328,55.684686924400246
66215,69.76313407218476
92679,61.80785537426985
21764,68.36556827450045
45355,67.62517443870458
54340,62.509818886798996
40416,62.771759223704066
4132,60.071840389957444
27818,46.97617933607464
71643,37.4082965397109
45760,57.31628157782361
22644,38.426594739199885
51914,61.11147966582841
79045,61.63718985560171
77121,40.01493098208177
85374,55.4840722845036
67236,51.778766549454076
67870,41.65209402057958
47219,62.64135071363041
32898,62.36717196384871
33546,60.408334167751875
71986,33.13952185041329
101200,59.63680595714783
29793,28.085216270678206
80881,61.65745102487547
62648,41.02621351093318
75839,39.30282804283207
77967,55.68652143500675
51765,70.69459043156655
28918,56.85041258020914
56281,68.66828129283205
82736,75.63357468438925
54344,37.41087438897053
58338,66.29044791357558
8237,33.4095004006234
80540,59.00944355061333
93283,38.85878077359466
61591,49.752242668999024
78225,61.66069060264462
30725,40.82711246719537
64081,60.57759311987287
83225,96.74
30553,69.33641779027724
69555,65.55019035107654
73468,38.65639564234567
43498,65.11516875419993
40327,39.691334440815595
18643,44.89800977802324
5440,46.01616900822471
14547,58.7228816083533
8605,51.289351051059526
51310,55.24751608164952
59307,49.51012102755765
97299,64.90930098083672
93265,49.29554545325643
11844,25.239193558899967
41473,29.823670499821663
56116,45.58541568953225
467,69.01858473934749
58648,50.23515645916659
2609,51.57124567915947
68356,67.23438447906855
22315,29.79486075344379
31125,61.38127005871477
91410,58.68075231837647
57017,38.173066177981106
53511,53.62059556179479
49496,64.15798639689528
62601,41.68083311124415
56465,34.32157424911286
26295,28.970273258858228
98829,68.77611146899616
23064,32.340182585356736
1594,74.46022950525389
25306,49.93928643856978
35936,53.96105694045721
19917,59.573059920904164
54891,47.13302355705421
89602,35.47148403419293
92912,33.81304410665859
70850,54.54637559562755
64187,53.270378787490536
8808,45.75004446980299
64865,36.72987944485916
80085,62.744314135591466
58837,45.862883807756596
71026,40.437265218355954
12558,24.752299933655458
7637,39.23891192113874
9623,58.69257039579472
102430,72.34924936036403
93517,49.9709838947763
38646,55.30842816922675
64311,38.5699478860379
43767,56.39666174050977
6061,56.06970033081267
71178,64.7285931224305
22311,35.572956050172884
40428,47.9807187375337
84337,60.131489296850134
92394,34.04705009752679
92421,61.9139531994095
6142,66.07280636563593
16567,74.97094556690298
77606,74.24466447008358
74170,68.5387962913238
12165,69.42440670227995
46705,34.282391262096105
53108,53.2650630699962
102455,69.69591368332371
22401,41.87576911009598
25345,19.665496513701246
18608,64.49548716949603
25441,31.62591089515693
22000,62.11827157441254
6647,58.99436315350866
9460,63.502426721352464
29947,57.524434166148154
27982,44.575786192551625
4478,33.08692715800601
40785,60.24945594767947
24267,35.52416585092853
81934,63.25511862186285
11396,70.47369640221905
5855,67.65594182782905
33214,65.28413332093466
18093,65.49537855192202
51984,39.98887715103577
51124,38.88568622874388
38355,33.10822313900263
50480,56.171506042782305
95627,50.9182173192585
3311,44.55436448297362
48586,57.962869307285935
74079,65.7342369494462
50855,26.495490026076105
93101,62.24187069944637
12560,64.50894850714072
78301,59.718360204845084
29050,54.66987071120343
51202,62.97067622973427
49865,53.39324752056106
57295,59.88976836279964
71775,29.012473730906617
65419,66.83673911856152
7985,59.91354298004148
59395,52.49226433492846
1043,24.993183777636137
100411,64.81078795738188
80231,69.37715486821418
4821,57.83767188247612
68988,48.0174508541271
20164,47.55654825000303
93393,53.82424651306204
69889,65.2599127124625
10941,25.610717553688147
44343,64.12413241115296
61857,67.61310229485294
48079,62.7093450959189
72797,35.586089192859255
83113,69.44354035303463
23903,67.46618825479175
89816,67.9013855134843
14059,63.32405578780871
27151,44.66137956095229
74758,52.20940948297802
69411,26.211803693316533
35316,35.96139778926731
37208,35.86941734512382
68039,68.28194134908277
60832,57.57930379755236
20210,37.05345202810081
77568,60.46052036796576
96823,50.87514743804342
89061,66.92183883870408
49909,56.118312988202604
17184,70.02621816713334
28023,69.90126180442225
45426,71.81497282209126
34490,58.26822156285968
21516,36.00302437588176
77512,49.86453597671689
32428,54.95170624305364
21043,53.03986105709844
34634,69.71030611145036
41876,51.952975163023055
49929,56.99055532419512
28802,69.07496967368529
29990,50.35520793612763
19885,45.603808481265396
97221,65.29624237516488
92903,69.37715486821418
31091,40.067536952349684
49032,45.408616891893914
41745,19.32246877790111
98549,69.1437231317138
13532,52.661151791586256
60982,69.61910502560615
82424,43.01891055216693
28922,38.1015389259402
20431,70.62257854646124
89787,54.56412985607263
102503,68.4177268322988
96002,63.90007762829333
88460,31.800249571220558
11217,43.572246507884174
2824,52.98941582663881
18552,68.76364697076774
96303,37.15456707041405
76203,54.5589892842746
4572,49.917150279004524
94247,27.785644317185547
61903,60.00188205767354
76328,41.428174594868054
17669,45.058266220538684
38784,61.23485375052872
99087,60.70282755364411
86973,37.16252284388078
94141,41.31582861502937
82005,53.64599382363807
79513,53.629478090749984
50154,56.2720625361761
82367,68.23794085044311
50234,53.45873965528359
75451,60.89609157830651
39228,44.6438737677295
48459,42.46783419978982
10642,54.97255722976866
85883,32.29382313866338
78096,63.32365367749346
89438,40.01713372338538
60471,9.816530594211992
51150,65.37158303667343
88563,67.28826337441346
15396,67.97425798282563
26676,69.87308826840767
85601,64.8854540474979
89704,70.81758529075293
31270,45.97453057318378
22618,21.188297397531695
96200,30.687756759239267
91456,68.00366126746685
102539,41.52861683246045
38274,46.03261590905627
58469,69.45978504216635
87543,35.12393226396267
56487,70.09176846062479
80392,67.17563447906853
54492,58.93931597811918
41764,37.87225095352777
93904,63.4675308624174
31145,68.01686504327802
81919,66.65749256012057
52775,61.83428609364707
14588,58.27631447947114
77360,50.30405527834956
36076,48.98503198003306
40296,42.61673401418695
67735,65.49252544534318
51794,28.962965141653513
2855,57.84979443415012
76898,49.2081022383387
99815,66.94816018529431
26479,42.085732159035004
59,59.01461542709757
29045,69.15512451621936
64267,65.27096695783251
1699,38.85435411089507
10264,48.60219389231695
39856,50.76711859337053
99069,49.93605275444348
52284,50.77701491512194
97804,54.938658911820156
21725,38.24973441885396
93649,38.448556754604844
26552,26.357437790354606
28723,58.80650993018315
97571,42.025838259441706
80873,65.22073286732292
94624,42.75911422515053
17547,59.21290143023569
90684,32.59388403270635
56683,30.690006247877378
60600,60.27640792379319
34494,69.66077536091485
31181,35.59628524452276
17382,28.919323626962356
52080,64.07412798958711
57154,42.85407047933317
76135,70.5958440658705
65230,72.72540585610203
14201,51.39073978463741
82047,46.59623106789975
62043,68.4946680520716
7073,29.331009804593187
21086,68.95271589206983
95289,67.96900531094747
31774,43.77055183668117
44309,60.52465879780338
48743,61.86881412435791
47463,67.20250739006553
98303,28.38690089512786
8345,30.16656392587407
33886,34.81138305386352
63130,56.48441464652161
102592,33.70944225168615
72093,28.226290034791024
73562,43.165574947130835
9602,51.2718506058164
28788,19.7420996083707
93932,48.2337946844829
98482,69.82194372977541
97114,49.189709657244805
91660,66.09547711986349
86449,64.21878450821991
54361,54.08271670531181
44673,42.44593679445104
18296,69.01785950979615
56987,59.69802716739421
84669,22.170194221448796
71040,40.18827619320491
87381,39.112830095027135
85808,21.64032201902045
6269,36.8724533112432
58671,43.22856820824787
37436,28.176727927652877
13046,68.66600525406842
7583,69.37801636207945
49186,38.61960893116092
85010,50.35509041196156
98783,49.562772432898285
92748,57.8222253760842
6768,52.89136423928938
56146,33.020650863138165
98034,47.52928952078329
47700,62.55410829099668
10432,43.62400152529786
28047,60.19951940887311
96563,68.24424796432547
101402,69.45465858219669
55315,45.86270199940157
26249,74.4397380952381
17851,39.850328310234495
80907,29.01602609513229
41507,39.51213071949403
101960,63.81503621983669
11882,48.190919420090474
87013,34.51952357937788
23460,54.534276080279525
31071,29.43568835700583
96847,36.55767924169591
54790,48.11030273263031
73759,55.14857225067158
1589,70.12720568912032
22888,48.697417900811544
12225,38.920712162377654
78381,50.91619987754812
85788,45.47757956664765
74274,58.097501199896705
12392,59.26241667896671
39728,59.69896927507963
59090,56.4759173475623
88089,25.14194281706304
8899,40.30112386907652
25725,49.56187261103909
29216,51.85196042545209
5638,41.328762283152756
34476,74.53648366348716
87937,58.388324485286915
11450,67.1830804727878
16718,55.82602002941647
77158,66.61454963692239
49923,30.36305352406342
89299,44.7663401810627
63327,67.93753327240965
46555,48.23403051368472
24253,53.266837992381795
14032,39.45724091495594
84455,34.76042123008794
16961,63.43316435167711
37363,74.17458705804341
10224,33.9830922238248
8994,19.993543301529733
75871,26.26696892377126
1486,50.88129615854148
34986,56.17133393139534
96253,59.104445967967166
23832,61.862849792705305
70611,62.758425204198794
87292,79.69335951995473
13093,47.742775246044594
61068,48.62351978157399
83873,64.01224723037602
3762,50.87779224233976
41807,56.98574027394309
51632,56.46344763822306
61944,100.0
9257,64.00273009368392
85717,50.543360629450575
87019,58.12643185106548
85880,45.919846954666916
93415,56.89543084369842
20238,41.281763882773376
75782,55.07335328128234
5231,52.7647605932387
29108,60.12141411883529
85438,59.94569981418833
36027,46.185419794158214
44096,63.21463035149102
74183,63.630700480514015
36722,31.80305375443264
599,47.384199785176435
35538,50.68355877051263
82679,67.94593844795729
25863,50.449409232465065
38377,48.83754745605665
73699,48.212916375063266
20994,52.1044812618417
6823,57.9353491927711
9862,52.128516950970926
42099,67.00570013763249
77768,47.235429482412755
57467,36.396539056524716
21377,60.31466144131033
82706,76.13620607616377
8867,42.23702925652436
88708,57.508947934173676
3994,34.573881326225184
58880,45.90662495058842
40812,58.515063190097095
42817,33.08523669494372
87345,62.72819284971472
51587,35.10174535215306
10966,26.16496794129723
73867,68.91639687898473
46581,81.272646547032
61246,55.97649480796998
19999,44.38155478020469
26048,65.99794491429502
70726,55.42415790619612
36973,63.5749742314336
1672,56.390252710798094
83994,46.9797972401696
62174,31.2383603902464
24154,61.03729856720241
99876,45.3975897736593
92510,55.69406023399014
77261,65.57142829306058
98590,49.878409897300614
76185,61.92861185156098
90326,58.677805191428604
43255,50.7820809448126
39347,69.28393363028377
68178,49.2543998096106
91484,57.57578323908978
9018,62.69992839664717
59314,53.20488516115886
68202,66.31482392849209
70163,62.07744887375523
12631,55.83184972956925
17800,31.505375834007346
97569,35.20786717474566
2102,57.26279656820481
77818,23.475674113440785
99129,58.87431605849813
22550,62.631923453139635
97162,64.4515294046234
20609,62.78620444363878
98525,38.272918205370914
99594,69.3297935817259
53691,22.464564356568147
14556,60.26885725081127
82665,66.22614244703485
51029,47.12360246198146
22299,68.40109932973854
41751,46.071851438849755
14542,46.93371581890333
69446,64.31836353148525
4585,47.390655951365005
57665,47.533684429348085
67189,62.914038682225794
10627,61.09247254834659
11233,58.944696460445336
79650,23.517438308844383
91770,70.79324775822701
65030,60.54943022136905
83343,47.758682362084436
57560,29.09531036372453
51082,54.02610350461899
32084,36.07502008853754
78449,27.99631826851
37554,25.977839282029862
87753,48.00996017753157
96288,59.61140053199775
10730,48.68415815099285
101240,65.24515303874165
25814,68.18868190162034
29830,31.697196934178322
60264,36.24907876714757
66003,59.078781692045574
978,69.15512451621936
23126,62.110838964777976
51028,62.474771725231676
41209,78.47055106683256
29349,32.72919482426571
2058,55.31281648919716
34266,57.32437373292068
74557,51.20057193762196
75528,69.86813533414939
48763,69.28470509861363
2050,52.38882413364389
90537,62.183186063179285
52859,60.42297949213516
75983,69.126999562046
75390,49.8991102982945
86125,42.162233842171
9742,66.67404458335872
67528,44.47658917108839
37955,59.28950621959305
22587,37.90589247771935
43884,69.3613553425512
19940,45.53293775315032
91407,56.806495588664035
84478,35.764893426400604
45473,41.78540387656854
62903,51.095774575577146
59989,69.1641886352679
7135,25.475546915458132
55886,38.8549351740612
2222,67.23609612062418
3330,61.470216338516195
10898,63.95650360197016
22577,43.13594622434273
18365,47.39557632090563
75971,39.61658356762528
8879,39.13098912889475
93612,31.11724850745184
69423,66.49919385466961
42655,69.87505687681693
44333,57.902078929312346
99852,61.458480209809274
89843,73.3488949512768
28705,53.028551908970364
84184,69.08577068051909
8129,54.763985427384895
74379,59.274627233420404
62569,48.52676375139378
37193,37.524735983213525
73220,61.48981707546695
68491,69.60738478774051
42638,19.225653817831766
99795,52.285933075142815
85607,36.07316534231684
63856,60.511930028074005
16732,38.40638346491831
14324,60.25688850801949
74030,30.60057626165527
72194,39.9811799666478
69194,64.75947936176952
68573,50.08351601288037
90302,57.93501163079129
32221,59.418356164012856
12297,61.27968007383064
35720,24.090797220339287
61999,52.83331505142989
750,52.67450257686857
45978,67.52940306617461
77397,67.44742838167888
28471,22.852142010569167
64542,52.641932629835836
62487,59.99941608307768
48276,53.31403716107264
14306,31.799951212683162
76457,41.48202431677312
50997,48.02000385351786
90844,69.52739361594033
2316,52.53060340337099
3563,64.49951967806331
90877,54.515018840603524
97538,69.77730618634918
45361,59.672875431125725
15753,39.736916353745265
44331,66.36774351327342
97528,50.5326647874319
50934,70.4259951666475
78716,44.89808304399122
7677,55.5680828739273
31988,54.220141972052396
24785,67.61310229485294
63539,51.02671640053697
75089,32.937676894002244
34201,68.0326437539255
12671,62.72032515542284
20997,30.227453579799022
31787,63.82981944458773
79681,67.90919132329424
34547,65.83249066421871
70818,50.06415138656075
31571,68.92279085967472
8355,84.0
34015,65.10431871323007
16009,40.381065029747006
74779,56.939795212821075
328,28.139330902880374
62797,68.07609329569594
41838,32.84529951133536
12903,70.61725183957286
78487,63.092655725107164
25942,68.05926714148588
83168,34.61944930109998
61273,67.68953477828317
61922,67.62208733893047
29148,47.535534487834795
25732,54.96318394471719
4131,34.07885058320963
63803,63.968025409139464
39065,42.726225523773245
19724,56.977716692898476
82103,37.00352661310845
93891,79.69335951995473
97277,71.77204993460627
6536,34.61413916577843
67042,59.634268384903926
24967,32.511994279431676
50986,31.04243028121961
22616,55.28742841838009
61000,34.2846482622659
85006,72.3484342310522
34525,36.697699166664535
22340,34.395299303556534
90243,51.27890738274038
91067,65.85048258564706
15998,68.36650779711813
99216,44.80025264247686
81212,35.51397162050158
40053,61.42089320657958
10722,63.84336228109503
37745,36.41949028834834
80692,51.02311185539162
95319,62.47811669958564
29779,41.91155382034114
76108,68.83053089522564
29906,50.130751042024855
71673,55.09538128762835
56586,63.554931221974876
39802,40.16231487102209
99607,61.09624619168023
61179,33.0578980627625
90760,61.02476849623219
87208,9.710169556669939
6380,72.11666640850169
17466,57.159730914074274
86588,63.471645259085754
59408,52.73288853168819
6272,49.292402716259346
61925,56.35557537863158
73027,72.63585641158761
6427,56.228715465620354
56783,68.94177489251966
64716,43.60909090050408
63111,65.21413311155366
68074,36.97210115393096
93092,41.60093324927245
102267,66.90471732923241
14057,59.56943857367089
46795,38.73379542457681
82305,48.020100092477904
87531,51.98208222847238
58721,54.64756127172501
88262,65.4065514870942
100233,54.71098556810543
41609,69.59094448086165
44348,60.874779231812866
63838,46.27993767519335
62423,68.37797393409907
89172,47.75479592244463
41833,68.43985307649206
72981,63.78948454239919
49624,41.85634644332701
70609,67.86860915455088
100071,57.09127400544478
80446,52.982842229509686
7588,39.14637423661871
3869,67.73549019128461
21214,36.40870135456637
10325,67.05179718555424
4198,30.46906029435929
4875,63.09126176041855
50453,33.93035262695567
29099,57.16127801917116
31966,63.49544623803227
58991,22.82896271161321
70953,42.72554654441069
85664,62.231773202161094
3096,39.52851263295943
31987,29.839015257193974
74450,62.669884841319366
54920,63.1409076334169
46231,41.73050455072175
47381,46.29632265690858
102243,35.1522791759097
70836,49.451108875923616
45705,64.57309008845905
89534,31.47190655584677
16142,46.93404669579584
50277,58.25689162356369
43950,65.84300510278838
5073,47.10005858523722
66008,63.17077442304676
51733,85.20301514986267
101582,58.90903395912977
3288,52.20488430003701
5558,37.19913405886072
65167,59.92669563988216
12625,63.86216396464216
66032,40.66383727477085
11366,41.73126568153514
78154,57.71010918196429
55353,62.70997529217613
58814,56.650924402468576
91664,33.12013502065217
37410,61.92105056984354
78160,41.71977720804323
21034,51.29892774173287
87255,68.54032029245396
81613,59.43051035379042
24742,60.74448485330391
71798,54.054893074203754
35824,69.58794725371007
38125,62.320185921310376
47193,45.06364728026503
4741,66.67680208229187
6704,68.9055991476691
29751,45.06852268654279
84051,57.6331248879925
44670,69.35052691869524
82155,28.37738335077436
51843,50.814349610173394
26323,60.40106051937003
79940,47.61146165452967
90702,41.8660779334904
6591,71.03243009112083
93609,25.348870689305
21194,70.18002573538719
84041,57.692706937652446
94939,69.02399772820367
28685,32.045208996371045
10473,55.488631593498724
11400,51.38692929943497
74631,65.69681433047667
68230,37.60357854511422
7848,34.46518738528632
58632,35.56617997951775
72367,19.589511171100995
87972,58.041485816615385
57460,72.26511014122326
42028,69.28393363028377
86527,49.01534854118835
32451,29.84404055433514
13383,44.305975686101036
91747,58.78828670099253
15660,61.58978283822173
1108,57.50784199914859
38264,43.55499188235417
81118,67.25114884903884
30227,36.56924854068803
58188,62.59641882398517
25343,37.64762642587786
41338,27.18201692436965
64415,69.3168738056679
85470,44.721212179304615
75899,67.731782569056
58680,54.088195400319506
17024,36.42815189723627
18436,65.25129457695024
74606,59.093534731811296
36162,28.603414049020156
65022,54.30916492329971
71856,32.33669475131975
34056,48.207178811145575
72600,38.68859788972768
32130,51.21578469167645
19525,51.29085819389934
91173,36.15670715854396
46374,35.8545192983667
28666,37.22929953450813
100304,63.73808015514695
60446,58.00542638909805
90323,53.04103034961831
15703,44.98179967496648
12673,55.23510787004418
77298,41.038154362965216
96998,66.86699378802894
51727,61.83820507439612
21599,41.93131873536952
23071,59.48812734371314
14653,70.53867977799482
19848,53.70282925837798
3916,67.99703307826665
85556,67.0911520488574
94162,53.781272152466926
29411,49.6770863484988
13374,34.432202186416724
86651,55.31138675350193
38381,53.72996186500047
67578,50.49510211945842
55643,63.12014354505248
57021,42.03607356033357
94131,40.60192480935376
35690,29.653703723055127
98735,85.64745581275236
79534,61.15101518008917
51956,60.58480357311727
69241,52.70255179813476
47380,52.78619341227094
41963,47.98811700997135
33691,68.39083600893895
100628,55.05760952946129
53306,63.91312631701987
49174,39.83552430615153
72801,49.06692845444982
46782,62.05325522164909
35181,61.24268782263379
6635,68.6494676218215
14794,27.709507890806144
70671,65.68861553797143
26469,56.316826366429325
43754,37.71657828482278
77312,64.72645792292292
72718,69.7797262961842
49016,61.02650020845886
43659,50.92031518449413
6295,60.453798546311006
72422,56.7416454394345
92092,59.86749770734935
69903,41.913585249336414
379,63.010609398027206
57820,37.22101436571065
55418,51.14448938501866
43000,54.065724698133096
35697,69.33684020710444
40155,48.60237983605932
22774,59.174012728693334
82440,41.54392411115294
17413,68.4491150578069
21266,69.37583810480275
42755,50.719784328699376
100910,39.77547241625596
35480,53.734723473042656
61860,61.14105284111068
58308,42.87301924080039
48224,44.82049349057839
33761,54.780993882936436
4092,55.6776988227155
44419,67.08898505599575
92195,40.04449913367598
46334,29.051641077474905
79819,57.97151091550588
58129,41.371362167167746
47499,32.40140259195468
61898,46.69355732378476
20942,54.66973559358384
27647,65.65613153840346
40950,47.085763032056384
85502,54.03694567108352
62798,65.38828542090094
100797,38.74895666175565
41028,42.58274670964525
98762,40.104098013431525
42451,68.88737720309088
2258,24.89739561802269
64497,59.9677453042229
101693,63.64491997793403
71982,35.409494858281136
74373,31.903681029807966
27596,68.45633117426202
82726,45.962218387262276
18359,58.496070414606436
83210,35.119285731314925
85068,45.34448518210116
47149,84.15505530024033
72207,32.70213020446406
86146,33.97156529351521
83254,64.68477137214211
65794,70.61725183957286
792,61.59765614577476
95083,51.568751719651374
69790,64.8109069861158
32783,39.81194925092808
101786,24.178307570615683
78343,65.89830082977205
86847,60.18865272365866
21126,70.1284857004217
88655,52.40188229860848
56296,44.278961489544734
90487,32.28358219148095
5424,52.368950300220625
66154,34.1614712032537
96297,51.313554249254246
77320,38.58804487219288
64276,58.05247401151185
66589,82.28019198481725
82401,52.23539149439723
88073,55.81363093050347
85524,35.97537650291207
17207,60.47936816927069
6307,36.95789699362988
93217,52.8259718543618
37147,40.71820657754126
56550,48.57346399941584
76911,47.54768303772812
57865,59.13685461855792
85421,68.88719997802055
101449,43.77302137311978
25836,63.23406309722084
4210,35.22101655331305
17295,34.093666633624835
33187,49.66614209903446
8298,48.88012712342561
60195,39.32179983010857
27525,61.62561117922987
75,63.32003174066135
8196,47.87465719982794
79244,49.82087904434352
54186,64.01780628833365
71668,59.75675299643531
29206,55.15377726250625
95882,37.1175926302644
53187,61.5266178254081
13288,42.83427544929012
47917,23.035312367546588
36804,35.24944338584313
18715,48.004938419798535
84475,68.43985307649206
64975,73.22368139235306
68340,50.116947638347774
952,47.10311869009661
15852,23.20870472607102
57406,58.440171102584124
80901,42.04135546200008
13263,66.20823049528057
19963,54.64529298885535
7600,56.02002472237817
68590,64.94976844056458
11920,64.59078325429411
9481,57.45190444174582
94242,67.57606868659369
8587,37.567739945235324
58978,70.03917684051589
86309,64.63862289696763
41626,46.98602347832698
63089,38.753668456335305
100624,38.7199090811092
41793,54.214384705226394
32158,48.96181379202894
57845,55.59681127475012
15376,68.08931504925505
66873,62.897478120941784
30631,71.76048725139606
87724,65.39672260624755
21159,65.11918676082148
59850,64.93475574078612
68506,57.006280325453666
34907,63.338653121033694
72153,21.55782192027006
18780,47.9862998572803
2760,54.918080893118805
101272,46.64203699400211
52067,62.072904408733855
99292,36.109469226174475
41082,64.1668372978921
90262,62.80133840198381
15903,61.06655514899493
12554,70.81671679515529
66930,42.07770190346569
23856,69.41633674446707
81895,72.77935185564166
63045,27.577630793223143
6601,72.36374460277119
21235,69.3613553425512
23652,53.72246766376671
48816,57.14237281366097
10422,38.71525968611909
71814,69.04637847036378
75410,65.36231807088369
87441,59.72525360001038
19865,61.446724188151265
18273,26.508098611202872
44162,47.14807393875743
27449,29.87495425275402
37472,46.792473435749805
32246,59.86147893392161
11737,36.800504286780644
93326,64.18170370139914
73444,57.336255372464954
101059,32.255000180063234
101284,56.01207569212109
41866,41.426340589427106
36383,35.03809740678539
52244,37.09435721019342
23202,63.501294684514754
14371,46.5594520360146
44497,61.80760648298296
61094,53.962278389342
76892,42.28320023231887
22549,63.943281131665536
99349,79.69790476190477
86178,68.79626150969119
53024,65.33967742635717
99268,37.420453163232644
17113,58.101743060476025
92437,40.620226169567694
13629,61.26083871193015
15226,60.13240940048379
16898,43.65149548474737
51945,58.130782277839664
18927,50.334290594473885
52885,83.96
85399,59.958772658394636
2387,34.12836709478273
6213,35.80618815765769
2852,59.71839931526175
85203,40.03741633826983
58844,65.71822487260566
76940,62.50887204300492
47386,29.25740963864082
36240,58.29571626534286
28391,32.305780894625485
85711,52.021605197438575
34195,53.46413166797772
32904,51.686690277213195
20548,54.797251909251116
9057,45.824536325707484
62892,62.095398125601044
26598,61.83275956225606
22413,64.93108617605407
16226,54.87205485767882
27822,27.516704157503824
2236,55.0124127371594
1118,63.95627049063651
92705,57.39970462320691
64068,10.399708284721514
37886,65.44754099191795
83047,57.02712188433183
48547,54.75472578418821
30863,44.31012151658426
59982,51.274618245084255
91577,19.65497585566503
34306,32.41330392628254
54593,41.2113442147732
95997,54.50119576493511
70060,68.81731103118122
2613,80.97916666666667
102501,66.34214615275776
96595,65.12343994883427
33486,43.61060154345461
84102,61.21161501099171
88545,63.05073890962773
8191,58.004230823552106
17317,55.293147733595376
69398,24.427726920847203
92059,56.69817508355101
77188,64.9198279770955
57618,67.3637112071157
20985,72.3081873126353
7611,68.94177489251966
71493,52.41616753074587
87105,56.45676245417848
62260,64.74124329909807
10066,68.10791731553141
99377,100.0
58454,66.49109758188096
29150,35.62860959799048
94418,44.17873903997588
34168,68.25092680371056
54682,59.28070128667243
59319,54.28559356310185
65127,46.82656607990442
1632,48.2679082238005
31709,39.97289988331524
53011,66.11385415931069
9203,67.4951614405976
16408,43.979997744314666
97730,40.81206393242051
90603,47.384427617259554
79708,62.86726203078066
80797,57.85616519523101
81327,25.193459556665562
8548,65.73399857576419
81892,21.229465367965357
35894,64.92201296111233
76068,59.742289254433
96660,69.60738478774051
80254,52.97724587028924
69291,44.22500082257957
62842,34.71374666347902
84854,50.95065768901279
32462,68.50720299166635
45635,64.64312630402293
72815,27.873840945650176
43571,59.95690116311599
57344,31.00741090626562
87274,34.17861814495364
2948,44.589073520700715
26411,48.4976658949242
92610,56.52076106951433
37103,53.49266156771193
12961,54.324325326733145
6281,43.75420881675369
21783,67.859503480798
18345,69.33684020710444
19998,62.071649254524274
26799,58.48717683789563
37173,58.76711995043785
80037,28.504022858213258
46726,65.55525311242108
94593,59.15806751411505
24581,62.50000891490794
78298,68.52000997961255
43331,48.10401180090007
68359,58.41717618999234
67340,67.66720363806259
44118,51.417200564527654
3846,65.15155054017632
82328,34.923910238052606
89711,39.87097591303751
71656,26.95963873539355
56439,69.33684020710444
11380,32.62648838088807
29854,73.61640585424325
22881,60.48671235163391
91678,68.20092974543158
88267,33.4547527427598
87359,63.538637174401536
75723,54.22121972961557
16920,45.11344551015761
9753,70.5958440658705
44517,35.45773696357716
33892,46.502166559747145
13879,33.43723772930753
94999,62.57510501372788
43078,28.08874813549262
77263,66.24655578008972
72934,25.43215333225086
27800,65.92075557635668
49919,38.36615955129991
13478,52.459991216291044
84660,47.82845112446583
65325,42.51163409665275
91114,59.22736046897815
60359,56.604999168574885
83538,61.54247269556653
92017,46.64833490623421
93353,46.37970636565978
7974,61.705239737634905
44000,60.825168329805656
71655,60.319131487229626
76885,64.02324034819534
97720,64.94988002230994
43035,62.51038795423258
13178,62.7536373840659
11830,67.69590619020201
15528,67.73549019128461
56672,68.01689787813254
58579,61.6713572988956
11841,59.1804420048292
80878,68.22898536829466
33931,53.649766498300394
31307,67.89775942299423
83540,37.70965900829426
35661,64.99122888677294
46815,27.88406237805337
37649,18.008036185859446
68353,62.123510927377176
53031,57.38395871901815
102597,62.72189690430943
23939,33.05188361108593
99248,70.20647898254192
44924,35.2160159509158
75691,69.17203783789792
39567,57.30332680009148
55280,37.527272063001945
84002,52.21578619653665
37136,65.49384371605646
64371,54.63667346261672
50170,38.22644117277544
71279,52.24249372815289
60803,68.13803639237541
8003,42.98208306203661
19034,49.025043453996865
19289,49.727318652883476
73907,69.52771799136
21185,43.864923747538775
84147,70.69459043156655
74409,41.02371593259528
71201,59.89942560881528
67516,55.29907884265243
96225,42.05731913768137
54209,57.734630571426145
71767,57.99947015307802
36331,35.080966209498754
88801,41.85930322261081
28710,37.924716568927295
18903,45.44123171993023
27961,39.120704999775505
44195,43.510984455551835
16448,71.19101859391817
46641,66.32851703851703
72646,47.52431030202576
73320,45.073450248352316
63943,39.328051247250734
31811,54.11062631254069
19450,54.77079438604156
65777,44.71174603523943
77057,65.1777517174659
69292,45.91041147104926
59109,22.513919248281727
97401,64.60308447517362
25595,65.99738516511714
24870,33.310346975011115
65516,41.68970655344111
75291,36.5170902291215
42076,50.314413190040526
69545,55.0913484630865
72674,41.060800772981274
7916,65.16943754105672
54780,18.20671419471185
67146,68.86831169374254
94370,62.373519152276685
50816,69.52771799136
36366,53.256092646731275
26693,74.8766166903311
46625,58.08737450555931
24455,17.573229601455022
90335,50.8223195064585
19556,38.88536399709837
15508,60.5529083076955
31470,41.451820361550546
6719,64.06224932992926
2097,55.972038102930604
88802,20.112716095452953
26308,73.08414596257988
73748,56.56601478221318
101775,56.539424259163404
68813,55.756875404119135
81491,25.214118688054214
14494,36.86204356158483
50365,41.21223833856424
71524,69.7588935594713
77398,37.00338536659388
85359,59.805182094332906
612,37.01782438664089
34773,38.72660021064383
102668,58.983239628382464
72318,46.67767886161333
93064,61.11137526688092
12015,61.62285075394486
21372,68.5861708789927
54002,45.49250018372973
90809,70.69459043156655
81913,57.57997550673901
77055,66.89873477341546
75707,59.519247686971376
59958,30.2695004800243
88917,69.97527464892397
84913,51.24207598930821
25556,45.77886968228106
92433,66.33258118480865
39470,18.21452468263782
33153,46.006997659795935
3509,59.57060520852131
84537,83.2877133577538
32153,61.667776038465675
7004,51.267398140462966
69529,54.168482858969284
13990,61.56870191258252
100011,35.2046147660327
91470,62.46736002289871
31845,53.50582519644244
93259,21.91392824609216
65860,66.36075615194676
38587,69.9974494949495
23367,12.970738656878863
85695,52.57981466747839
93624,35.390174886103026
80367,62.69248451468437
59854,31.280134276086123
96697,85.64745581275236
1955,64.95254560986501
12999,60.147517612863304
54271,58.74502005175825
69444,56.64055500081934
83040,64.13969194812437
97694,25.486479280750522
36864,64.89810678789235
33269,34.64292241805586
89645,53.08276435756473
90161,70.10656129697688
54748,43.115553972395645
41186,62.76449382158
53595,52.68187663577066
66236,36.86900565364691
41268,60.57208978720382
60112,64.04419658455886
18753,51.288490458515746
92750,27.8181176381878
73225,28.46702935113451
9842,41.15002111369768
23950,60.825168329805656
33583,69.89001541165129
73213,59.89598095927789
81185,67.91489800811217
67398,65.95100645784284
70027,30.884620039349773
16310,72.4501171001576
99957,45.233873127995146
90195,60.268432247445475
92578,52.65128751132875
67502,68.74398673963314
55210,44.35919290618265
42070,69.50990920514045
11452,22.473692846034282
72108,68.70694256321244
41289,27.587624137737844
74421,65.55019035107654
58110,33.443994367220256
14921,50.35340855029348
80710,34.36948462770003
82168,57.30848596073844
17883,42.71007185272683
68686,69.56851305012883
16554,39.03797673835476
95826,35.899948192067676
85800,52.22761641541122
54873,36.023408425829736
54838,40.38528394624613
84352,49.47836138732269
90070,51.18103406471476
88230,65.04858218289058
50368,69.31809243179123
12259,61.82013148958498
9099,31.80402131253569
64641,66.36667018055574
17324,60.5458000010286
69731,45.73026668007783
9273,36.56624073743069
63730,63.6561705843643
10113,41.2111401930962
72372,33.5659659205164
24300,54.588303806419844
76569,53.63422923751542
28314,60.61648781815714
41971,55.40644041422746
31749,69.02505766833733
22753,48.491157313872876
19015,40.201456499124376
23011,43.50529476946178
67306,36.375645428981564
85039,58.98386783281168
80496,78.10412133403258
65715,51.58368153602477
72491,36.37506328027691
35054,22.395544766451263
48431,61.14839097644375
70259,63.641830259772675
47785,33.047191078678395
6260,31.150261713296786
101428,65.6030045693325
2726,70.26545498625163
42805,64.76682670942009
97596,44.18218740119259
17192,44.946710714276335
32998,65.89656204981331
68620,36.78416847659983
41600,47.37052448493938
34848,68.81440648634069
66468,60.537532844129885
76271,69.10592788542793
78534,62.06701977639973
54572,26.306091378949162
58382,64.37049045082613
27665,64.64661515066551
70454,50.74494802370935
57278,53.54045389608285
53960,50.51079800397264
16770,51.58989440297045
66699,60.45025957787585
78055,66.39792452938696
100421,55.94922823586344
69480,28.000379865595477
14682,49.065772717989475
73353,36.837934514922395
28502,40.14811503748377
38959,74.28022189209001
74401,68.87188594568033
48280,28.565667263770706
60051,63.95876180838256
53643,48.21090094940384
70793,69.99626142665977
36501,30.07107322975339
42194,69.17620214277802
64687,69.71072544497933
33833,48.21504640770608
2617,58.2426282893691
93787,70.00254676591793
78337,63.4296257037187
36428,66.86699378802894
13004,46.13983374259826
87022,51.61150615958588
54471,32.59354241424307
47590,58.54483929600041
30072,46.23053486603898
35860,71.43798204984898
4763,40.724805933004426
42315,64.57608972413546
30528,62.9973590932161
6372,42.47153432772844
57393,67.07668406405541
12837,59.505605426155334
41229,32.94508922093641
41247,47.93992041320922
46329,69.10001719523424
10725,63.938533113764535
22748,56.16480064344418
6952,35.23807214443535
94055,34.73398130808642
12200,67.37748175232893
48008,51.43648218971276
77147,60.371931838587344
34846,59.67782103075916
55941,64.29945112332723
10629,69.03182053209933
45625,32.421764769652334
75406,66.99319047619048
23119,28.136859880902197
55757,66.10826950094632
48491,69.71072544497933
64026,41.77603914979418
64196,65.95043511799538
81764,42.02990609092219
84887,69.12226476411992
93034,30.07258469999739
63615,56.754590236756414
94955,34.32425129563997
86784,63.80881366532642
37024,40.02461456435226
31084,63.78725238101998
62605,51.53370038562947
7757,31.8873778077769
43250,48.196210413100395
58180,68.64742704051517
52006,67.81752312246127
60388,53.279603761617345
21083,33.87964442130814
21576,37.537123646840776
10059,44.14277626094178
79788,56.47583382475571
50912,35.586334970563335
25743,66.7614503535227
29758,64.73583241864601
26114,57.58619961065303
54260,69.029746340044
76797,66.1176943331599
61598,65.02455780284764
39261,51.90694991827084
53729,58.04010015196256
15951,57.473472908637575
74126,34.574639300822895
20438,59.83703139691297
36535,63.155685922930076
61107,59.91499578382985
94984,60.51546013259602
96763,63.914934225267295
66686,61.09709472010774
29653,81.09696428240125
102227,56.2803394226831
88486,28.874132937637686
9571,69.12190794899374
92948,69.80763433502689
3073,45.348725009693574
74243,67.54963079247622
40213,58.7635446853511
70494,69.93162575013947
59639,58.961975159216436
42413,31.264655275368078
38960,23.726997755963534
33254,55.90700223532878
31500,30.214649085438367
96991,64.77731347652878
20899,58.85379506487045
69189,57.29840921266723
15463,64.08708761250755
90878,52.685207035411416
84078,64.36130095557945
86482,46.348916738959616
98601,33.092972306818645
40061,69.44645192492493
27522,52.49388365474042
75046,54.266489040855255
89652,52.24080866364498
67921,62.885345869211676
51825,70.10276676246792
54159,45.24423608275305
74180,38.90664011163063
6485,45.55253434794446
82817,31.111437996568775
86961,69.01923550990882
40247,42.93815574373944
35745,66.65473227716271
60676,68.06597121883587
9163,63.739309128961
53234,64.17118250154218
42934,38.41419613673389
91083,68.68747015190142
94372,42.7234541521247
20276,35.645209526332586
82943,61.704050861917466
58658,71.00042117506246
19179,59.326954838529744
32030,40.14022135582836
86776,33.99224192528766
76337,42.78437577447022
58106,43.96402993471906
333,48.634714929354914
80645,64.71586816840232
65193,57.64530400475958
93832,57.93356417096941
11492,67.22887282978301
10456,38.000984017983086
75660,41.74611769516578
24665,62.76351702024492
32044,40.82321883485969
66657,43.036822575817354
98710,67.88123410543389
80519,47.831116552678694
46204,32.93872308010363
84612,68.7429698075379
9262,51.35585317460318
80575,45.75178606786597
40332,26.807367207338363
19000,68.90320759558483
17349,58.37033929113168
24978,60.02393316687569
9394,68.74413163643435
17175,60.92296384006266
25097,40.160680451771725
64164,57.25694191012148
32442,68.35678235259303
13481,51.07960236451737
6597,43.078873275460374
96143,58.01725631637644
20095,53.06274067330357
1621,36.203866997397924
17517,51.829078017881145
92742,55.171174344949
89258,58.170107931402555
16989,73.40674916510358
74308,54.28128696679142
72664,64.64115919107165
89347,59.559973033908115
59386,69.24592011591439
44302,63.52975468083624
89504,60.98300927383618
102596,43.433847210399236
11353,77.28335858445693
5959,38.15585090568183
75378,68.52801117533801
45568,60.61479157985912
52087,80.82600000000001
1002,21.12844260350662
19568,53.61206976036854
101913,52.44426254122842
19499,60.988026900536035
60204,39.933165323317695
8370,56.80207572719044
63686,40.774470761795655
96922,59.434675566493276
18129,50.07890455438129
34369,63.72416312132113
14781,61.56046863221256
16993,31.94948294120202
85865,43.364043184732985
9524,50.06370511484527
89684,49.35948407508491
33957,65.41184226277964
46734,24.248182872819836
84678,65.8237407191661
93484,62.75831107849612
1574,50.970336903694694
70893,48.58174223557834
83418,60.11506915040056
31807,49.285267162632834
24976,39.18307736093195
93474,47.169056420687966
31176,39.97927302425654
70370,40.00608443954255
10503,62.9298646437465
48643,37.89904503667453
60400,61.78584958359273
11023,56.340961819655746
633,59.078064842006995
2817,68.84609150360038
77858,26.21134079374237
50379,22.295897781151368
2088,39.575792602149875
57902,44.05347071707243
44725,41.40592869436236
51856,40.60934567337623
72796,50.50405083247685
26484,41.83185723569307
98502,68.05912623327026
62388,63.261560458406585
72308,46.18198945194761
8353,58.06578985113186
75561,66.14724928649086
57057,68.20760130910072
1764,54.17963417261913
63281,62.76104190736055
41013,60.47746330345932
90397,40.66693437215381
71382,52.4183882351436
60983,29.860473231401023
24176,59.74392079262712
82037,64.26023269489119
2549,49.15685771587996
59393,94.79
49721,67.83308324369662
59917,61.93688961357192
75022,65.23142578991376
42047,67.41543428891225
68672,46.29471511730266
1968,36.91761994932519
7675,28.477404514857948
96302,28.182968535115457
1618,42.170586727000526
30990,39.202261614445234
65334,36.53455397698001
41447,42.14543591004508
83563,62.48502676227647
83228,51.978972083203516
9475,36.17579440595491
102609,45.43376216389056
96241,55.091896972349915
42547,21.695401309131295
33430,52.04744439707487
39670,68.83341444551198
74653,68.45362329840569
41429,58.316858240096195
16970,48.71303354615805
76578,50.67448899502058
86253,53.39984285900004
52257,55.652897537613505
93058,42.34951573585578
6839,69.72972499486245
10605,71.03243009112083
70151,70.62789244116378
32963,74.00333333333333
52203,70.14879623068701
27053,32.13551560923518
5004,65.81445519131348
52153,61.400429699977394
43283,59.83454512612453
12304,40.23400086520419
18662,51.306390269716985
71429,36.11496733323337
16647,70.84810865808944
4458,68.0505329359891
98584,54.96035725707211
52105,72.61190619410391
94102,55.337282161961475
39958,44.08632668111931
6550,70.24137275447646
25330,57.99950231333423
27854,55.012776325369884
82162,54.50685258435951
67045,59.95402803615274
45347,54.9370512866416
68183,64.34824809593226
78433,40.156019740949134
69217,39.551434481413004
15694,34.98209374900907
77727,48.22081212596463
86528,66.38100632284733
71791,56.02459165089518
61996,58.449974944434764
44143,69.2947721457416
33547,70.96727707962641
68579,46.30086798210187
11332,49.56135440981075
82170,54.13223647836666
69724,69.81431202628067
52655,49.69334320725309
59330,58.90421389855129
59940,43.519988065470095
29526,51.16548859259421
42719,66.0295306157735
44262,25.31955944276957
81487,59.218892409642365
34601,45.59814924799353
13867,55.86304334511508
98336,35.10240679200468
82495,48.015226027510906
24049,68.54898692224066
69008,58.594072510552195
3564,66.67404458335872
86861,24.57628979811274
7283,51.70629396052706
2763,60.87548845898413
25173,64.1771300478588
22919,38.14923729638635
79520,34.20826394807501
53985,34.107072140568405
39925,69.79910821342925
51779,70.12720568912032
41090,59.07551185818846
96878,55.51030842207465
46508,64.99095948295484
72047,30.25902187052389
4841,26.969534900534892
70663,63.91421432643217
35348,68.10537060500573
70086,61.88712912143524
35702,47.35388629227665
55796,30.892168716171962
75856,44.342235335782554
38832,62.36405099483855
21694,46.74769829151164
20315,69.58125111315508
52925,40.55731578170417
46184,69.75378332066103
101599,61.16480260925554
55415,34.442440840336566
86139,59.83703139691297
38592,50.72333686748876
58295,55.33012876880915
1239,62.52600082027533
21707,72.82585641158761
27062,68.07346173174143
57532,40.922166614356044
61114,29.30029155935802
7152,61.4218691121567
83159,61.442266385499714
81659,68.96982191258658
71505,67.23343945834883
42815,54.81815955941841
87945,60.187968287810236
13200,46.02554831222642
77917,45.869896533536405
68047,74.04900003493924
79849,31.683388834028605
55469,53.20828189655766
41881,63.236851046444514
14104,56.62056483681976
39928,46.052614925303125
28293,62.427854800351305
24065,60.36105512514584
97260,32.09260297928343
67559,67.46502205381225
91037,69.16629932430206
46903,39.45919636466505
28583,30.713773748743787
91171,66.22328467501004
75119,50.11127798451107
38608,62.633295388605895
50067,25.31333879225501
102240,58.95046345552327
42324,36.89888483725121
76227,28.14602597753469
64729,36.03409019934927
89095,59.45730440245669
78207,60.87449511800306
24657,72.11666640850169
94595,58.5801021938627
26757,60.77077649405712
82844,70.06874769982457
75115,58.901245110420405
35496,42.59745068436102
1849,70.7211450462231
58069,58.11375589895835
57522,54.66938614064478
89447,69.28226529260535
2600,47.42912430238317
95881,21.882478046374555
43612,36.51083420259082
76605,62.48800761702458
4181,50.29677622825486
14101,51.33668841856563
20591,63.8284668043054
84736,61.04635925954286
99598,33.32835714269009
46730,68.65701752836361
26590,48.27814276200444
84648,35.63997048645874
63704,31.103367049760273
101317,65.27989152846584
60649,71.42291862408626
98715,38.80190417204186
941,59.50285704797054
33635,56.10848930240993
7912,35.83389358558921
45244,29.917356562308317
33909,34.72387924123896
56417,39.220793328039456
80160,66.94816018529431
26434,75.53362112865926
84818,40.51546317939922
75108,22.988651378610225
100573,62.615105375203065
10141,59.8890573550144
70147,42.964475328453844
14731,58.15943763802098
27606,68.37437222939018
68401,48.117478802811654
41646,66.5537040335175
61235,63.542901362410376
3820,31.84106436914068
67110,43.139790075156355
1991,24.220907700643703
15126,78.25845870750281
57526,62.82201050938479
81143,65.9328090254778
87804,51.417987338565766
51196,61.21135461304598
41058,60.28171629805338
20041,29.398658294994718
100374,21.710685662036585
41101,52.434190166562864
93143,41.50648039669525
53061,55.073836426903156
5011,61.01171248439933
83354,27.116906105356183
69358,48.71176943026086
68255,48.18398764371237
98181,49.56981675143875
15219,69.68098918623053
102068,53.12189282083764
62715,42.31251696764437
41497,63.58941321033983
24304,58.92162153766556
8938,37.70109782123803
16359,25.75006501009751
32942,46.57714387054595
45679,41.17566321545577
78320,56.89653510910027
3930,43.09860296214815
31479,46.647523254561236
46481,41.716740637801514
3684,46.536928524135064
56388,67.75097081079888
72191,45.15508118041298
72202,59.678068750399724
25421,73.89073814885893
98593,62.65799451177659
62012,35.51518886559672
7874,36.18746013664795
98563,44.48099455117001
88122,15.317415560451318
9633,55.30776100830473
74165,53.80251447745225
30651,51.44823099105183
64916,48.87294492527434
94335,67.9367122143907
235,70.02667068353222
74787,60.83174011951978
27442,59.70903253629185
8560,22.770258388720244
67113,55.83343423815041
57985,70.3630268213892
95850,44.24987416347007
20986,56.242031123733895
91105,50.844747083790416
52626,41.74433512047147
43335,71.10352704352103
68549,38.10176991344749
45482,49.40894898844451
42938,50.71640592308972
62165,39.81562444662384
79124,40.21228030147429
12774,41.632185958894176
73490,61.34651157825443
61744,63.61774794547045
82372,22.223314983669425
93846,25.411807078957604
52491,38.99774724135296
102344,62.923556998889005
53068,33.52144807752896
49466,51.798502952598845
36273,59.512877211851226
27099,65.39811993847471
86629,69.33684020710444
1336,58.815669257895486
81446,36.23215656869202
80054,60.876646436002886
7028,59.153932782698384
102144,40.665525744135586
49173,41.74278873129889
15518,62.090477970613094
64842,57.659140328825785
14500,48.3170130469955
90146,30.057651704549006
96715,26.806699147907697
92906,45.26167041750488
80957,56.80715212487619
58883,49.8988641532741
81839,50.24580991730561
75286,57.363727079200125
65841,68.75718028802025
35455,62.11771271483518
13724,51.1364255665022
45199,48.1239939176666
27814,32.71109346694738
40707,57.133513317042215
20413,68.19230887064106
94972,54.12391168931432
25282,33.0278290843598
43034,41.25865864212703
55863,45.05828729391109
71273,61.98023500921705
32430,61.64258500832641
20616,65.84254413194076
25455,46.67837882813118
51157,59.36132684223662
94,69.77730618634918
86296,61.21101199346555
97636,50.05764427213424
9858,70.59300685248975
56070,39.21679979234479
62247,48.299045217721584
7148,69.31539954389602
73656,60.11031252521222
14084,61.550014566318694
71280,53.87916774181508
51444,65.72981240054473
85643,13.003288142997622
41631,32.77150527211483
62413,54.0489105899803
13733,30.32725083824256
53812,50.766770572746694
13950,69.34133843360465
70306,36.63152892956759
30767,69.76313407218476
11188,52.280099649290115
23997,68.08931504925505
